# Created by:        SpecsLab Prodigy, Version 4.79.1-r98952 
#
# XY-Serializer Export Settings:
#   Comment Prefix:           #
#   Output Meta Data:         yes
#   Energy Axis:              Binding Energy
#   Count Rate:               Counts per Second
#   Separate Scan Data:       no
#   Separate Channel Data:    no
#   External Channel Data:    yes
#   Transmission Function:    no
#   Error Bar:                no
#   Operation Results:        yes
#   Time Zone Format:         UTC
#
# Group:                        Spectrum Group
#
# Region:                       Overall
# Spectrum ID:                  1
# Acquisition Date:             08/12/26 18:51:24 UTC
# Analysis Method:              XPS
# Analyzer:                     PHOIBOS MCD5 Analyzer
# Analyzer Lens:                LargeArea:1.5kV
# Analyzer Slit:                5:7x20\B:open
# Scan Mode:                    FixedAnalyzerTransmission
# Curves/Scan:                  1
# Values/Curve:                 1002
# Dwell Time:                   0.1
# Excitation Energy:            1253.64
# Binding Energy:               1000
# Pass Energy:                  50
# Bias Voltage:                 90
# Detector Voltage:             3000
# Eff. Workfunction:            4.543
# Source:                       X-Ray Dummy
# Comment:                      
#
# Cycle: 0
# Number of Scans: 1
#
# Cycle: 0, Curve: 0
# Acquisition Date:             08/12/26 18:51:24 UTC
#
# ColumnLabels:                 energy counts/s
#
1000  27305.935
999.001  28228.434
998.002  27706.135
997.003  27745.233
996.004  27487.388
995.005  27613.525
994.00599  27226.313
993.00699  27002.093
992.00799  27400.008
991.00899  27352.447
990.00999  27070.256
989.01099  26558.892
988.01199  25678.849
987.01299  24842.865
986.01399  24147.804
985.01499  23561.947
984.01598  22540.767
983.01698  22118.899
982.01798  21928.821
981.01898  21742.998
980.01998  21241.848
979.02098  20923.723
978.02198  21248.056
977.02298  21152.759
976.02398  21210.096
975.02498  21451.105
974.02597  21892.149
973.02697  21761.705
972.02797  21096.416
971.02897  21269.476
970.02997  21083.4
969.03097  21198.425
968.03197  21399.074
967.03297  21480.489
966.03397  21464.685
965.03497  21446.63
964.03596  20932.775
963.03696  21347.399
962.03796  21530.4
961.03896  21764.793
960.03996  21687.508
959.04096  21333.986
958.04196  21964.796
957.04296  21888.473
956.04396  21513.81
955.04496  21415.43
954.04595  21004.95
953.04695  20885.184
952.04795  21264.344
951.04895  21653.486
950.04995  20936.105
949.05095  21143.312
948.05195  22143.087
947.05295  21562.559
946.05395  21071.094
945.05495  21503.118
944.05594  22268.517
943.05694  22261.632
942.05794  21907.03
941.05894  21666.079
940.05994  21692.878
939.06094  22281.947
938.06194  21968.612
937.06294  21717.426
936.06394  21590.526
935.06494  21706.377
934.06593  21311.693
933.06693  21515.521
932.06793  22208.484
931.06893  21851.464
930.06993  21873.515
929.07093  22265.65
928.07193  22610.625
927.07293  22276.514
926.07393  22344.79
925.07493  22040.162
924.07592  21726.856
923.07692  21933.006
922.07792  21675.911
921.07892  21477.253
920.07992  21541.68
919.08092  21867.474
918.08192  22353.796
917.08292  22348.872
916.08392  22021.895
915.08492  22377.085
914.08591  23069.206
913.08691  22721.901
912.08791  22102.442
911.08891  22277.117
910.08991  22272.256
909.09091  22336.418
908.09191  22719.432
907.09291  23037.48
906.09391  22764.832
905.09491  21927.744
904.0959  22169.66
903.0969  22186.151
902.0979  22375.521
901.0989  22611.032
900.0999  22690.386
899.1009  22420.734
898.1019  22429.597
897.1029  22771.688
896.1039  23013.471
895.1049  22714.177
894.10589  23173.064
893.10689  23591.578
892.10789  23433.227
891.10889  23038.045
890.10989  22838.268
889.11089  22373.704
888.11189  22404.187
887.11289  23058.086
886.11389  22957.048
885.11489  23115.765
884.11588  23552.589
883.11688  23334.85
882.11788  23168.759
881.11888  23447.129
880.11988  22983.474
879.12088  22628.266
878.12188  23053.243
877.12288  23091.195
876.12388  23302.575
875.12488  23051.252
874.12587  22646.831
873.12687  22761.048
872.12787  23466.251
871.12887  23704.586
870.12987  23517.744
869.13087  23428.431
868.13187  23660.947
867.13287  23922.518
866.13387  23308.9
865.13487  23269.884
864.13586  23264.014
863.13686  23362.699
862.13786  23267.379
861.13886  23452.774
860.13986  23257.775
859.14086  23446.627
858.14186  23733.094
857.14286  23577.585
856.14386  23846.544
855.14486  23801.533
854.14585  23442.356
853.14685  23738.904
852.14785  23700.572
851.14885  23685.526
850.14985  23229.292
849.15085  23393.445
848.15185  23623.794
847.15285  23887.384
846.15385  24193.054
845.15485  24077.684
844.15584  23610.491
843.15684  23824.679
842.15784  23976.482
841.15884  23918.253
840.15984  24162.895
839.16084  24175.801
838.16184  23683.052
837.16284  23595.485
836.16384  23927.15
835.16484  23735.409
834.16583  23883.327
833.16683  24365.455
832.16783  24317.704
831.16883  24137.698
830.16983  23440.113
829.17083  24092.964
828.17183  24747.295
827.17283  24313.232
826.17383  24489.534
825.17483  24802.294
824.17582  24496.312
823.17682  23499.518
822.17782  23567.811
821.17882  23934.393
820.17982  24348.446
819.18082  24688.775
818.18182  25161.009
817.18282  25004.913
816.18382  24716.597
815.18482  24593.343
814.18581  24278.588
813.18681  24545.361
812.18781  24660.6
811.18881  24849.782
810.18981  24671.904
809.19081  25089.707
808.19181  25172.918
807.19281  24708.748
806.19381  24781.681
805.19481  24377.953
804.1958  24233.46
803.1968  24750.669
802.1978  25022.572
801.1988  25388.07
800.1998  24723.726
799.2008  24608.915
798.2018  25294.045
797.2028  25050.106
796.2038  24792.591
795.2048  25125.903
794.20579  25176.334
793.20679  25293.666
792.20779  25989.612
791.20879  25867.563
790.20979  25921.391
789.21079  25549.454
788.21179  25088.191
787.21279  24994.245
786.21379  25429.47
785.21479  25490.832
784.21578  24758.174
783.21678  24951.349
782.21778  25287.906
781.21878  25371.251
780.21978  25427.729
779.22078  24876.407
778.22178  24818.292
777.22278  25314.687
776.22378  25374.578
775.22478  24989.748
774.22577  25021.564
773.22677  25816.848
772.22777  25899.201
771.22877  25968.928
770.22977  25922.102
769.23077  26333.894
768.23177  26787.46
767.23277  26344.616
766.23377  25842.877
765.23477  25893.703
764.23576  25451.178
763.23676  25095.87
762.23776  24992.284
761.23876  24827.452
760.23976  24427.412
759.24076  24146.825
758.24176  23935.091
757.24276  23670.039
756.24376  24036.522
755.24476  23856.52
754.24575  24038.95
753.24675  23994.929
752.24775  24086.419
751.24875  24702.499
750.24975  26352.579
749.25075  27236.429
748.25175  27777.878
747.25275  28041.31
746.25375  28130.257
745.25475  27140.454
744.25574  26047.255
743.25674  25428.654
742.25774  24956.566
741.25874  24170.892
740.25974  23227.188
739.26074  22841.027
738.26174  21637.145
737.26274  20153.362
736.26374  18989.176
735.26474  18445.162
734.26573  18382.796
733.26673  18380.12
732.26773  17769.298
731.26873  17596.572
730.26973  17710.434
729.27073  17767.22
728.27173  17903.398
727.27273  17900.718
726.27373  17898.483
725.27473  17605.238
724.27572  17263.548
723.27672  17412.899
722.27772  17907.446
721.27872  17942.379
720.27972  17286.472
719.28072  17187.881
718.28172  17114.96
717.28272  17416.708
716.28372  17420.539
715.28472  17239.013
714.28571  17002.168
713.28671  17431.513
712.28771  17503.172
711.28871  17067.031
710.28971  16761.3
709.29071  17171.913
708.29171  17385.192
707.29271  17145.005
706.29371  16931.28
705.29471  16873.459
704.2957  17103.726
703.2967  17819.709
702.2977  17134.332
701.2987  16692.775
700.2997  16954.925
699.3007  17512.705
698.3017  17796.452
697.3027  17782.554
696.3037  17730.469
695.3047  17029.573
694.30569  17181.114
693.30669  17270.5
692.30769  17322.331
691.30869  17589.605
690.30969  17492.802
689.31069  16989.848
688.31169  16983.933
687.31269  17477.885
686.31369  17564.764
685.31469  17360.835
684.31568  17697.001
683.31668  17112.911
682.31768  17088.826
681.31868  16826.464
680.31968  16849.448
679.32068  17256.818
678.32168  17257.818
677.32268  17002.267
676.32368  17048.167
675.32468  17352.398
674.32567  17008.925
673.32667  17282.904
672.32767  17686.519
671.32867  17891.669
670.32967  17349.541
669.33067  17356.052
668.33167  17778.544
667.33267  17657.306
666.33367  17028.497
665.33467  16662.994
664.33566  16946.921
663.33666  17167.858
662.33766  17336.233
661.33866  17313.615
660.33966  17490.945
659.34066  17575.983
658.34166  17349.721
657.34266  17060.36
656.34366  17242.739
655.34466  17210.592
654.34565  17139.666
653.34665  17139.931
652.34765  17278.979
651.34865  17541.283
650.34965  17087.152
649.35065  17196.532
648.35165  17167.316
647.35265  16534.988
646.35365  17395.177
645.35465  17492.751
644.35564  17250.788
643.35664  17283.085
642.35764  17008.688
641.35864  17448.77
640.35964  17410.946
639.36064  16871.564
638.36164  17011.403
637.36264  17154.4
636.36364  17220.334
635.36464  17032.75
634.36563  16908.466
633.36663  17022.349
632.36763  16984.648
631.36863  17180.875
630.36963  17200.859
629.37063  17696.91
628.37163  17270.785
627.37263  16571.78
626.37363  16706.638
625.37463  16872.599
624.37562  16914.461
623.37662  16810.403
622.37762  17108.898
621.37862  16879.752
620.37962  16687.613
619.38062  16793.755
618.38162  17005.273
617.38262  17169.318
616.38362  17138.155
615.38462  16700.412
614.38561  16176.58
613.38661  16821.332
612.38761  17805.758
611.38861  17482.25
610.38961  16955.382
609.39061  17223.531
608.39161  17270.236
607.39261  17108.057
606.39361  17003.083
605.39461  16457.018
604.3956  16475.918
603.3966  16980.041
602.3976  16920.224
601.3986  17193.73
600.3996  17016.268
599.4006  16805.306
598.4016  16943.075
597.4026  17009.338
596.4036  17062.477
595.4046  16542.062
594.40559  16374.829
593.40659  16562.473
592.40759  16615.626
591.40859  16065.783
590.40959  15945.393
589.41059  16273.851
588.41159  16689.24
587.41259  16902.885
586.41359  16935.954
585.41459  16493.984
584.41558  16096.099
583.41658  16152.64
582.41758  16134.916
581.41858  16321.512
580.41958  16260.098
579.42058  16315.398
578.42158  16150.99
577.42258  16272.888
576.42358  16921.326
575.42458  16874.089
574.42557  16290.739
573.42657  16307.441
572.42757  16363.837
571.42857  16084.302
570.42957  15929.854
569.43057  15419.424
568.43157  15810.315
567.43257  15686.801
566.43357  15633.733
565.43457  16097.225
564.43556  15860.358
563.43656  15854.669
562.43756  16119.588
561.43856  16517.538
560.43956  16762.894
559.44056  17121.719
558.44156  17497.578
557.44256  17000.345
556.44356  16593.794
555.44456  16893.862
554.44555  16399.554
553.44655  15933.695
552.44755  16325.511
551.44855  16063.729
550.44955  15349.498
549.45055  15170.861
548.45155  14918.83
547.45255  14229.776
546.45355  13366.262
545.45455  13093.625
544.45554  13214.64
543.45654  12760.19
542.45754  12410.7
541.45854  11448.529
540.45954  11423.208
539.46054  11262.283
538.46154  11842.894
537.46254  14436.578
536.46354  20437.208
535.46454  31821.519
534.46553  37710.19
533.46653  31151.346
532.46753  19634.56
531.46853  13138.709
530.46953  10873.68
529.47053  10742.853
528.47153  11112.236
527.47253  11816.219
526.47353  12767.164
525.47453  13204.171
524.47552  12763.886
523.47652  11590.496
522.47752  10760.428
521.47852  10249.245
520.47952  9876.8819
519.48052  9992.3471
518.48152  9967.0868
517.48252  9911.1747
516.48352  9704.066
515.48452  9662.487
514.48551  10023.62
513.48651  10103.678
512.48751  10093.038
511.48851  10130.629
510.48951  9876.744
509.49051  9693.7932
508.49151  9572.579
507.49251  9866.0322
506.49351  9687.8133
505.49451  9321.0699
504.4955  9311.9689
503.4965  9397.8534
502.4975  9391.8703
501.4985  9534.8951
500.4995  9352.4909
499.5005  9376.5738
498.5015  9559.2367
497.5025  9533.4696
496.5035  9568.6762
495.5045  9380.756
494.50549  9274.9756
493.50649  9817.6873
492.50749  10276.205
491.50849  9991.5204
490.50949  9631.1507
489.51049  9663.3063
488.51149  9686.2907
487.51249  9533.4409
486.51349  9284.3903
485.51449  9371.263
484.51548  9709.4112
483.51648  9263.2547
482.51748  9410.1352
481.51848  9643.6173
480.51948  9177.3872
479.52048  9456.3178
478.52148  9451.7339
477.52248  8826.1272
476.52348  9411.3329
475.52448  9360.6252
474.52547  9125.5084
473.52647  9398.9407
472.52747  9544.8179
471.52847  9645.4435
470.52947  9643.7121
469.53047  9620.2193
468.53147  9671.2776
467.53247  9471.8179
466.53347  9525.2689
465.53447  9276.3449
464.53546  9403.4577
463.53646  9597.6979
462.53746  9457.1821
461.53846  9711.7111
460.53946  9585.3402
459.54046  9568.3391
458.54146  9470.8805
457.54246  9121.6272
456.54346  9314.787
455.54446  9376.3004
454.54545  9245.0613
453.54645  9677.758
452.54745  9741.6158
451.54845  9273.0967
450.54945  9406.4334
449.55045  9436.5264
448.55145  9230.2238
447.55245  9439.0896
446.55345  9452.2147
445.55445  9459.0589
444.55544  9755.9525
443.55644  9532.2594
442.55744  9265.579
441.55844  9470.3539
440.55944  9682.343
439.56044  9713.7211
438.56144  9549.6982
437.56244  9584.4855
436.56344  9398.8954
435.56444  9052.4781
434.56543  9155.5627
433.56643  9199.7268
432.56743  8887.9778
431.56843  9462.6315
430.56943  9858.5948
429.57043  9287.4299
428.57143  9376.8819
427.57243  9318.2038
426.57343  9287.6735
425.57443  9362.6148
424.57542  9470.0266
423.57642  9099.8013
422.57742  9206.5614
421.57842  9488.482
420.57942  9319.5496
419.58042  9183.1086
418.58142  9498.1698
417.58242  9425.7173
416.58342  9390.8583
415.58442  9543.2362
414.58541  9912.7973
413.58641  9257.7079
412.58741  9010.9405
411.58841  8834.6874
410.58941  8859.5636
409.59041  9465.3379
408.59141  9613.8642
407.59241  9508.9609
406.59341  9151.1098
405.59441  9047.3819
404.5954  9197.9478
403.5964  9278.7071
402.5974  9900.8833
401.5984  10027.533
400.5994  9177.8914
399.6004  9294.9603
398.6014  9105.0208
397.6024  9089.9457
396.6034  9658.1355
395.6044  9735.3632
394.60539  9388.659
393.60639  9311.1793
392.60739  9550.9654
391.60839  9238.9507
390.60939  9069.8156
389.61039  9360.6155
388.61139  9191.6338
387.61239  9323.4645
386.61339  9425.8201
385.61439  9449.3097
384.61538  9198.6054
383.61638  8918.0006
382.61738  9005.2934
381.61838  9217.661
380.61938  9397.4599
379.62038  9609.1713
378.62138  9484.5271
377.62238  9457.5793
376.62338  9603.4252
375.62438  9604.4183
374.62537  9364.4717
373.62637  9423.059
372.62737  9871.1619
371.62837  9895.0572
370.62937  9526.8588
369.63037  9664.2446
368.63137  10080.044
367.63237  9843.7264
366.63337  9664.9116
365.63437  9680.1749
364.63536  9394.2679
363.63636  9646.9638
362.63736  9668.5512
361.63836  9642.4695
360.63936  9701.0795
359.64036  9512.2524
358.64136  9191.4497
357.64236  9672.3047
356.64336  10158.725
355.64436  9979.626
354.64535  10023.367
353.64635  9913.5367
352.64735  9860.5726
351.64835  10317.278
350.64935  10452.002
349.65035  10385.184
348.65135  9988.3061
347.65235  9853.7777
346.65335  9727.9111
345.65435  9112.3201
344.65534  9124.1842
343.65634  9455.9492
342.65734  9463.2095
341.65834  9421.122
340.65934  9517.0661
339.66034  9143.993
338.66134  9162.2349
337.66234  9275.9102
336.66334  9293.9833
335.66434  9276.9391
334.66533  9322.0857
333.66633  9259.8635
332.66733  9005.6873
331.66833  8945.1967
330.66933  9136.3428
329.67033  9320.4931
328.67133  9748.1361
327.67233  9638.0384
326.67333  9172.1662
325.67433  9167.884
324.67532  8938.4674
323.67632  8767.4107
322.67732  9163.6178
321.67832  9246.7913
320.67932  9183.2326
319.68032  9181.4237
318.68132  9330.5252
317.68232  9764.9101
316.68332  9453.9293
315.68432  9300.15
314.68531  9692.1966
313.68631  9631.808
312.68731  9512.5799
311.68831  9550.7086
310.68931  9598.1156
309.69031  10069.595
308.69131  9973.2654
307.69231  9902.1241
306.69331  10054.678
305.69431  9557.4199
304.6953  9321.4161
303.6963  9006.4821
302.6973  8564.1494
301.6983  8294.3989
300.6993  7664.4585
299.7003  6949.29
298.7013  6464.5167
297.7023  6473.2284
296.7033  5757.998
295.7043  4979.2058
294.70529  4822.4936
293.70629  4754.3716
292.70729  5645.2575
291.70829  7046.9126
290.70929  8531.9304
289.71029  13367.307
288.71129  22720.974
287.71229  31069.638
286.71329  29022.204
285.71429  17421.161
284.71528  7829.5506
283.71628  4763.3758
282.71728  4296.2754
281.71828  4392.7279
280.71928  4765.5976
279.72028  5633.6926
278.72128  6638.4213
277.72228  6473.2432
276.72328  5558.5455
275.72428  4664.9722
274.72527  3634.7321
273.72627  3127.2388
272.72727  3059.9569
271.72827  3187.2959
270.72927  3125.2796
269.73027  3201.1182
268.73127  3215.9071
267.73227  3082.0523
266.73327  3117.6188
265.73427  3030.6301
264.73526  3028.5338
263.73626  2990.4411
262.73726  2967.0772
261.73826  2793.433
260.73926  2475.6588
259.74026  2794.4591
258.74126  2798.0259
257.74226  2725.8929
256.74326  2781.5949
255.74426  2788.2465
254.74525  2756.0501
253.74625  2884.5367
252.74725  2897.3642
251.74825  2650.8971
250.74925  2394.0331
249.75025  2501.4026
248.75125  2624.5528
247.75225  2677.8872
246.75325  2770.2209
245.75425  2760.8148
244.75524  2883.2834
243.75624  2995.0548
242.75724  2540.8307
241.75824  2450.0025
240.75924  2726.8927
239.76024  2675.7785
238.76124  2620.4673
237.76224  2687.8506
236.76324  2635.8697
235.76424  2571.245
234.76523  2602.4218
233.76623  2470.1594
232.76723  2438.9893
231.76823  2485.473
230.76923  2544.2639
229.77023  2654.4227
228.77123  2378.7773
227.77223  2416.4686
226.77323  2471.1899
225.77423  2449.5878
224.77522  2569.5678
223.77622  2544.9514
222.77722  2553.552
221.77822  2479.6639
220.77922  2576.0774
219.78022  2439.4822
218.78122  2300.9449
217.78222  2459.5498
216.78322  2479.3043
215.78422  2381.9583
214.78521  2338.3311
213.78621  2390.4436
212.78721  2353.7859
211.78821  2425.0443
210.78921  2417.103
209.79021  2499.2979
208.79121  2616.3502
207.79221  2598.6118
206.79321  2535.8619
205.79421  2501.0921
204.7952  2264.4289
203.7962  2375.2268
202.7972  2372.2607
201.7982  2416.4578
200.7992  2591.8032
199.8002  2446.2037
198.8012  2478.9266
197.8022  2455.6475
196.8032  2344.0248
195.8042  2282.4179
194.80519  2329.0635
193.80619  2281.8693
192.80719  2436.2789
191.80819  2436.3223
190.80919  2259.3086
189.81019  2277.76
188.81119  2393.6899
187.81219  2343.7956
186.81319  2562.5626
185.81419  2532.8795
184.81518  2398.2083
183.81618  2508.9148
182.81718  2346.8464
181.81818  2338.9951
180.81918  2462.4931
179.82018  2400.8258
178.82118  2397.0038
177.82218  2289.9724
176.82318  2341.953
175.82418  2296.121
174.82517  2166.4541
173.82617  2177.0155
172.82717  2310.3112
171.82817  2400.0467
170.82917  2494.2762
169.83017  2488.805
168.83117  2298.5523
167.83217  2387.9542
166.83317  2363.1394
165.83417  2375.3283
164.83516  2378.6362
163.83616  2310.3114
162.83716  2258.2589
161.83816  2176.9342
160.83916  2118.7103
159.84016  2297.0352
158.84116  2352.9099
157.84216  2535.2557
156.84316  3042.3719
155.84416  3476.1024
154.84515  3430.1181
153.84615  2926.552
152.84715  2487.7035
151.84815  2320.7503
150.84915  2407.3935
149.85015  2391.9444
148.85115  2284.0417
147.85215  2255.0814
146.85315  2292.1572
145.85415  2349.0893
144.85514  2321.4859
143.85614  2351.6237
142.85714  2372.5216
141.85814  2355.6309
140.85914  2305.9049
139.86014  2287.1158
138.86114  2228.1511
137.86214  2146.2216
136.86314  2260.2796
135.86414  2295.2962
134.86513  2252.1021
133.86613  2066.7114
132.86713  1992.8889
131.86813  2149.5079
130.86913  2313.0119
129.87013  2343.1974
128.87113  2340.7522
127.87213  2411.2063
126.87313  2409.3639
125.87413  2169.8617
124.87512  2174.5231
123.87612  2269.1923
122.87712  2342.9182
121.87812  2261.1409
120.87912  2271.6827
119.88012  2125.7658
118.88112  2140.9293
117.88212  2214.2681
116.88312  2083.7502
115.88412  2084.9774
114.88511  2089.7864
113.88611  2011.8938
112.88711  2159.0452
111.88811  2205.3097
110.88911  2267.0955
109.89011  2270.8296
108.89111  2142.6623
107.89211  1981.5218
106.89311  2173.3182
105.89411  2696.2936
104.8951  3321.342
103.8961  3362.7088
102.8971  2692.0041
101.8981  2154.7251
100.8991  2026.1186
99.9001  2121.9742
98.901099  2133.5871
97.902098  2084.9133
96.903097  2403.7895
95.904096  2332.3331
94.905095  2208.0478
93.906094  2218.2747
92.907093  2145.5403
91.908092  2213.6861
90.909091  2193.991
89.91009  2259.4066
88.911089  2200.9805
87.912088  2163.7035
86.913087  2078.7974
85.914086  1957.1324
84.915085  1949.7359
83.916084  1976.4848
82.917083  2001.021
81.918082  2113.2192
80.919081  2171.9567
79.92008  2118.4685
78.921079  2012.9114
77.922078  1877.1209
76.923077  1877.0574
75.924076  1901.7001
74.925075  1845.7438
73.926074  1996.8431
72.927073  1960.4738
71.928072  1837.3721
70.929071  1875.14
69.93007  1937.6543
68.931069  2075.7815
67.932068  2121.246
66.933067  2050.6046
65.934066  1952.7508
64.935065  1871.013
63.936064  1965.147
62.937063  2020.8416
61.938062  1918.551
60.939061  1943.4983
59.94006  1981.8759
58.941059  2020.9657
57.942058  2045.7833
56.943057  2129.2305
55.944056  2104.4444
54.945055  2101.4675
53.946054  2064.0864
52.947053  2001.3496
51.948052  2007.0608
50.949051  2080.7365
49.95005  1966.6677
48.951049  1780.3687
47.952048  1987.2479
46.953047  2060.4024
45.954046  2034.8437
44.955045  1936.0985
43.956044  1898.2809
42.957043  1992.4288
41.958042  1926.7107
40.959041  1819.8756
39.96004  1802.7588
38.961039  1818.5357
37.962038  1879.76
36.963037  1789.7032
35.964036  1710.927
34.965035  1806.14
33.966034  1797.659
32.967033  1886.0417
31.968032  1883.6856
30.969031  2118.8126
29.97003  2176.6225
28.971029  2259.2624
27.972028  2521.4689
26.973027  2351.6372
25.974026  2068.9433
24.975025  1743.3502
23.976024  1647.3368
22.977023  1629.6444
21.978022  1689.032
20.979021  1867.6226
19.98002  1977.5655
18.981019  1928.639
17.982018  1922.9048
16.983017  1983.3002
15.984016  1850.1378
14.985015  1694.5588
13.986014  1756.4309
12.987013  1805.2346
11.988012  1749.3072
10.989011  1785.006
9.99001  1652.7752
8.991009  1585.5082
7.992008  1581.5299
6.993007  1545.2018
5.994006  1395.3626
4.995005  1255.0011
3.996004  1255.4393
2.997003  1127.6826
1.998002  1177.354
0.999001  1225.369
0  1127.3417

# Region:                       Si
# Spectrum ID:                  2
# Acquisition Date:             08/12/26 19:00:02 UTC
# Analysis Method:              XPS
# Analyzer:                     PHOIBOS MCD5 Analyzer
# Analyzer Lens:                LargeArea:1.5kV
# Analyzer Slit:                5:7x20\B:open
# Scan Mode:                    FixedAnalyzerTransmission
# Curves/Scan:                  1
# Values/Curve:                 1501
# Dwell Time:                   0.1
# Excitation Energy:            1253.64
# Binding Energy:               200
# Pass Energy:                  50
# Bias Voltage:                 90
# Detector Voltage:             3000
# Eff. Workfunction:            4.543
# Source:                       X-Ray Dummy
# Comment:                      
#
# Cycle: 0
# Number of Scans: 3
#
# Cycle: 0, Curve: 0
# Acquisition Date:             08/12/26 19:00:02 UTC
#
# ColumnLabels:                 energy counts/s
#
200  2361.9357
199.9  2435.0201
199.8  2411.7735
199.7  2415.9145
199.6  2405.2963
199.5  2462.4833
199.4  2344.1537
199.3  2401.9045
199.2  2382.4743
199.1  2319.9044
199  2472.8675
198.9  2294.6696
198.8  2350.9429
198.7  2551.0825
198.6  2361.445
198.5  2419.5747
198.4  2321.4192
198.3  2443.6929
198.2  2307.0536
198.1  2196.0364
198  2391.0709
197.9  2341.8168
197.8  2431.732
197.7  2317.4619
197.6  2282.5782
197.5  2332.8734
197.4  2400.0607
197.3  2493.8416
197.2  2473.2302
197.1  2335.5135
197  2439.1947
196.9  2619.2118
196.8  2363.0718
196.7  2446.4038
196.6  2362.5306
196.5  2469.9297
196.4  2416.9701
196.3  2397.3033
196.2  2398.5908
196.1  2456.772
196  2296.8665
195.9  2450.1874
195.8  2258.9175
195.7  2362.3248
195.6  2369.8967
195.5  2506.0384
195.4  2545.5481
195.3  2387.1126
195.2  2336.2259
195.1  2417.2892
195  2472.0291
194.9  2343.978
194.8  2479.2636
194.7  2497.8148
194.6  2422.5455
194.5  2436.6019
194.4  2520.3823
194.3  2433.6172
194.2  2511.1883
194.1  2385.2935
194  2310.7354
193.9  2481.7552
193.8  2316.562
193.7  2596.2336
193.6  2496.9973
193.5  2332.7891
193.4  2417.319
193.3  2288.4196
193.2  2394.3401
193.1  2439.2603
193  2415.1769
192.9  2347.4144
192.8  2424.2165
192.7  2446.5493
192.6  2360.491
192.5  2282.5484
192.4  2414.7477
192.3  2271.6439
192.2  2351.4088
192.1  2270.1918
192  2391.3351
191.9  2418.9657
191.8  2498.3139
191.7  2267.663
191.6  2393.6156
191.5  2439.8862
191.4  2316.9792
191.3  2246.1017
191.2  2273.5859
191.1  2352.4064
191  2356.999
190.9  2324.6124
190.8  2287.9739
190.7  2369.8738
190.6  2291.3426
190.5  2329.3618
190.4  2333.6222
190.3  2345.4432
190.2  2308.1865
190.1  2396.6999
190  2465.8301
189.9  2305.3812
189.8  2354.4437
189.7  2377.6192
189.6  2323.6609
189.5  2382.1462
189.4  2322.4044
189.3  2297.8846
189.2  2438.8874
189.1  2419.133
189  2447.0087
188.9  2425.2125
188.8  2422.6031
188.7  2575.9305
188.6  2478.9295
188.5  2499.1096
188.4  2380.9323
188.3  2492.1214
188.2  2439.9215
188.1  2425.3856
188  2422.3678
187.9  2331.7047
187.8  2359.4968
187.7  2327.4602
187.6  2506.9204
187.5  2380.9651
187.4  2382.0245
187.3  2446.5921
187.2  2488.6452
187.1  2407.7224
187  2430.7187
186.9  2412.261
186.8  2323.8513
186.7  2465.4603
186.6  2443.3956
186.5  2471.3881
186.4  2300.9746
186.3  2389.1385
186.2  2457.5053
186.1  2414.8436
186  2626.9786
185.9  2437.7366
185.8  2429.6282
185.7  2482.1663
185.6  2289.0692
185.5  2442.3024
185.4  2476.478
185.3  2291.1207
185.2  2337.1798
185.1  2354.8173
185  2417.2907
184.9  2430.9476
184.8  2309.0476
184.7  2481.4592
184.6  2472.3444
184.5  2271.3045
184.4  2320.6888
184.3  2270.9985
184.2  2357.5183
184.1  2417.5484
184  2387.2148
183.9  2339.8776
183.8  2208.5769
183.7  2380.4849
183.6  2318.082
183.5  2380.4757
183.4  2350.4067
183.3  2220.8001
183.2  2418.932
183.1  2332.8993
183  2407.5099
182.9  2422.2045
182.8  2313.6989
182.7  2370.0511
182.6  2332.4159
182.5  2222.149
182.4  2303.0693
182.3  2417.7872
182.2  2460.1951
182.1  2303.2512
182  2477.107
181.9  2693.9706
181.8  2356.5343
181.7  2454.7255
181.6  2444.6167
181.5  2464.9727
181.4  2562.8803
181.3  2456.4248
181.2  2431.4309
181.1  2408.7013
181  2388.2294
180.9  2375.982
180.8  2401.7413
180.7  2167.7227
180.6  2271.3834
180.5  2375.817
180.4  2398.3757
180.3  2455.3851
180.2  2508.2755
180.1  2328.8339
180  2445.4051
179.9  2373.2344
179.8  2359.582
179.7  2500.17
179.6  2378.232
179.5  2360.3282
179.4  2489.9451
179.3  2468.4735
179.2  2595.6355
179.1  2282.3074
179  2324.6131
178.9  2408.313
178.8  2376.7499
178.7  2286.736
178.6  2401.0629
178.5  2464.3018
178.4  2428.2054
178.3  2383.1245
178.2  2391.6305
178.1  2367.0892
178  2373.8172
177.9  2328.0835
177.8  2363.335
177.7  2374.2924
177.6  2405.0388
177.5  2312.0559
177.4  2363.4444
177.3  2315.5921
177.2  2475.5647
177.1  2551.4293
177  2568.9156
176.9  2489.949
176.8  2367.7336
176.7  2391.0195
176.6  2235.6165
176.5  2310.1553
176.4  2380.3558
176.3  2483.6996
176.2  2516.471
176.1  2524.6462
176  2567.9907
175.9  2374.3717
175.8  2306.0185
175.7  2437.6143
175.6  2253.695
175.5  2350.201
175.4  2293.4866
175.3  2341.1206
175.2  2353.3611
175.1  2353.0482
175  2377.2694
174.9  2350.8401
174.8  2311.3945
174.7  2362.4457
174.6  2431.6746
174.5  2250.173
174.4  2516.4693
174.3  2538.1087
174.2  2384.4188
174.1  2497.2085
174  2404.9092
173.9  2518.4384
173.8  2369.6165
173.7  2397.8668
173.6  2369.578
173.5  2367.0005
173.4  2311.1048
173.3  2473.3
173.2  2518.8414
173.1  2359.3514
173  2436.6689
172.9  2465.2238
172.8  2407.363
172.7  2394.3547
172.6  2423.4488
172.5  2361.2267
172.4  2417.0496
172.3  2368.334
172.2  2406.7572
172.1  2406.0924
172  2247.3391
171.9  2266.8229
171.8  2333.4066
171.7  2337.2154
171.6  2479.1614
171.5  2344.6598
171.4  2491.8575
171.3  2516.9813
171.2  2483.2068
171.1  2495.542
171  2384.1704
170.9  2447.0783
170.8  2369.9569
170.7  2450.4494
170.6  2478.5294
170.5  2544.7831
170.4  2384.0281
170.3  2408.881
170.2  2435.3482
170.1  2234.7876
170  2493.5538
169.9  2294.908
169.8  2479.1453
169.7  2421.4848
169.6  2621.0212
169.5  2486.7403
169.4  2273.6019
169.3  2395.6697
169.2  2419.3944
169.1  2322.2726
169  2287.0005
168.9  2397.7419
168.8  2368.8033
168.7  2529.9739
168.6  2451.8437
168.5  2408.6512
168.4  2283.1501
168.3  2410.3118
168.2  2346.972
168.1  2255.5445
168  2301.4311
167.9  2253.2005
167.8  2332.8079
167.7  2382.313
167.6  2308.972
167.5  2266.32
167.4  2279.8832
167.3  2347.1915
167.2  2339.8949
167.1  2344.4527
167  2382.2005
166.9  2326.3927
166.8  2304.0375
166.7  2472.402
166.6  2461.2837
166.5  2397.6689
166.4  2252.4207
166.3  2519.3568
166.2  2496.5448
166.1  2505.3812
166  2290.3074
165.9  2236.4853
165.8  2349.5808
165.7  2378.3893
165.6  2301.9761
165.5  2375.0985
165.4  2282.5674
165.3  2396.1548
165.2  2428.2486
165.1  2423.8364
165  2355.8065
164.9  2321.1739
164.8  2352.8005
164.7  2268.1953
164.6  2378.8423
164.5  2182.3037
164.4  2202.3377
164.3  2215.9434
164.2  2313.2534
164.1  2323.1197
164  2286.9568
163.9  2255.2662
163.8  2183.3869
163.7  2274.314
163.6  2380.5707
163.5  2252.6496
163.4  2345.6873
163.3  2322.8652
163.2  2252.3323
163.1  2163.0841
163  2358.7558
162.9  2372.6041
162.8  2397.3565
162.7  2206.2596
162.6  2346.3095
162.5  2372.8997
162.4  2290.0215
162.3  2250.4654
162.2  2335.0677
162.1  2238.7728
162  2185.4181
161.9  2219.9475
161.8  2250.6523
161.7  2333.499
161.6  2226.9464
161.5  2196.6006
161.4  2255.6527
161.3  2350.5912
161.2  2277.4752
161.1  2416.4669
161  2372.5116
160.9  2280.6995
160.8  2143.8218
160.7  2219.2023
160.6  2339.7516
160.5  2313.5362
160.4  2415.0619
160.3  2309.553
160.2  2378.9095
160.1  2269.3658
160  2362.4113
159.9  2304.9753
159.8  2234.5385
159.7  2249.3025
159.6  2387.1671
159.5  2388.35
159.4  2423.1752
159.3  2360.8745
159.2  2514.0163
159.1  2345.1868
159  2377.0357
158.9  2333.9299
158.8  2444.26
158.7  2443.8792
158.6  2376.8296
158.5  2448.8645
158.4  2378.3859
158.3  2479.0909
158.2  2464.8792
158.1  2524.5213
158  2642.8886
157.9  2655.1769
157.8  2635.303
157.7  2584.1289
157.6  2718.3375
157.5  2676.4432
157.4  2695.213
157.3  2721.229
157.2  2755.3662
157.1  2796.9463
157  2916.1464
156.9  3029.3867
156.8  3087.1909
156.7  3086.4138
156.6  3114.1793
156.5  3045.3891
156.4  3032.9904
156.3  3260.3291
156.2  3303.3595
156.1  3275.1725
156  3243.3622
155.9  3327.2219
155.8  3340.0352
155.7  3400.0663
155.6  3280.582
155.5  3264.6933
155.4  3370.5129
155.3  3396.2556
155.2  3269.1979
155.1  3321.2346
155  3146.9422
154.9  3388.0638
154.8  3341.4595
154.7  3227.976
154.6  3239.6893
154.5  3171.6206
154.4  3120.1954
154.3  3042.1629
154.2  3016.8734
154.1  2822.9622
154  2724.6312
153.9  2752.0899
153.8  2722.3738
153.7  2797.9327
153.6  2831.4375
153.5  2686.0109
153.4  2657.059
153.3  2506.9499
153.2  2523.3062
153.1  2487.8173
153  2526.2214
152.9  2606.4757
152.8  2617.8309
152.7  2480.4289
152.6  2463.2419
152.5  2497.2295
152.4  2401.9359
152.3  2403.4004
152.2  2559.4202
152.1  2261.0548
152  2348.6343
151.9  2395.1969
151.8  2498.4722
151.7  2334.2737
151.6  2373.8979
151.5  2241.4529
151.4  2266.266
151.3  2372.4936
151.2  2201.4215
151.1  2329.478
151  2434.536
150.9  2526.9791
150.8  2375.0168
150.7  2353.6132
150.6  2342.6456
150.5  2308.1288
150.4  2253.9638
150.3  2322.1152
150.2  2394.2997
150.1  2216.7221
150  2213.8179
149.9  2304.2158
149.8  2237.1768
149.7  2459.2536
149.6  2424.2086
149.5  2317.193
149.4  2135.3735
149.3  2238.8137
149.2  2388.9655
149.1  2412.6879
149  2248.417
148.9  2325.4637
148.8  2337.9118
148.7  2355.0578
148.6  2259.1794
148.5  2424.009
148.4  2338.6324
148.3  2271.9153
148.2  2414.9627
148.1  2478.521
148  2255.2464
147.9  2311.992
147.8  2236.1913
147.7  2284.8637
147.6  2427.5667
147.5  2422.5096
147.4  2219.0619
147.3  2325.8495
147.2  2327.7696
147.1  2341.4518
147  2315.7649
146.9  2351.4107
146.8  2489.345
146.7  2440.4686
146.6  2405.4849
146.5  2453.7666
146.4  2465.4075
146.3  2352.9945
146.2  2365.3204
146.1  2396.7127
146  2383.6686
145.9  2430.8588
145.8  2471.1368
145.7  2480.1041
145.6  2477.959
145.5  2404.6615
145.4  2438.6848
145.3  2409.4091
145.2  2332.7675
145.1  2452.3275
145  2516.0228
144.9  2282.2995
144.8  2291.5418
144.7  2330.6609
144.6  2331.1128
144.5  2347.4319
144.4  2418.0907
144.3  2377.5019
144.2  2325.459
144.1  2376.0377
144  2319.2126
143.9  2318.851
143.8  2330.647
143.7  2410.2894
143.6  2329.2267
143.5  2294.9616
143.4  2428.481
143.3  2309.4257
143.2  2313.5353
143.1  2275.326
143  2241.729
142.9  2315.021
142.8  2128.9328
142.7  2229.6709
142.6  2329.6913
142.5  2228.7002
142.4  2187.2915
142.3  2312.3124
142.2  2221.6334
142.1  2176.0852
142  2131.8522
141.9  2072.6175
141.8  2242.7195
141.7  2345.8641
141.6  2262.5817
141.5  2207.0031
141.4  2247.4055
141.3  2356.4623
141.2  2275.7825
141.1  2244.2281
141  2170.926
140.9  2135.5754
140.8  2272.6164
140.7  2268.4006
140.6  2316.0337
140.5  2207.1234
140.4  2347.8334
140.3  2245.6641
140.2  2248.5641
140.1  2344.0653
140  2280.4241
139.9  2285.0977
139.8  2316.1071
139.7  2246.8617
139.6  2311.915
139.5  2252.1362
139.4  2229.0058
139.3  2264.7038
139.2  2117.541
139.1  2298.9326
139  2323.8191
138.9  2220.3219
138.8  2226.338
138.7  2314.3162
138.6  2249.8965
138.5  2284.5139
138.4  2341.7516
138.3  2311.2187
138.2  2333.1556
138.1  2420.9143
138  2195.3816
137.9  2359.6039
137.8  2483.3006
137.7  2293.8668
137.6  2337.444
137.5  2222.7541
137.4  2295.0316
137.3  2235.3353
137.2  2200.1854
137.1  2238.7844
137  2173.0537
136.9  2294.0605
136.8  2387.4136
136.7  2282.84
136.6  2319.8845
136.5  2206.7903
136.4  2003.5859
136.3  2268.312
136.2  2390.1351
136.1  2326.6882
136  2199.4226
135.9  2163.5137
135.8  2308.0808
135.7  2226.0754
135.6  2203.3723
135.5  2309.9128
135.4  2282.4229
135.3  2304.8497
135.2  2450.008
135.1  2298.7556
135  2205.8616
134.9  2322.1102
134.8  2268.0613
134.7  2175.7133
134.6  2147.0839
134.5  2431.4887
134.4  2304.0567
134.3  2381.7289
134.2  2387.5754
134.1  2260.2863
134  2248.071
133.9  2244.832
133.8  2176.705
133.7  2265.0631
133.6  2201.4562
133.5  2268.473
133.4  2276.1514
133.3  2137.2223
133.2  2186.5662
133.1  2153.9197
133  2212.5918
132.9  2110.5549
132.8  2261.9122
132.7  2422.1331
132.6  2339.7367
132.5  2302.645
132.4  2319.5642
132.3  2185.101
132.2  2179.4493
132.1  2267.0032
132  2230.0448
131.9  2274.2451
131.8  2149.3364
131.7  2188.5996
131.6  2180.0846
131.5  2230.6243
131.4  2350.4781
131.3  2164.5648
131.2  2134.3779
131.1  2208.2562
131  2119.9621
130.9  2220.4867
130.8  2270.8693
130.7  2050.2214
130.6  2194.5599
130.5  2190.1625
130.4  2300.2788
130.3  2234.0169
130.2  2196.8712
130.1  2236.3328
130  2152.6155
129.9  2168.8385
129.8  2112.0751
129.7  2207.5728
129.6  2227.7941
129.5  2204.8663
129.4  2222.8446
129.3  2252.0004
129.2  2236.4444
129.1  2256.5531
129  2217.5519
128.9  2231.7923
128.8  2226.0706
128.7  2345.2888
128.6  2281.294
128.5  2273.4737
128.4  2244.3474
128.3  2402.3365
128.2  2209.7708
128.1  2218.4266
128  2199.5029
127.9  2290.5994
127.8  2296.1477
127.7  2257.393
127.6  2210.5322
127.5  2271.0757
127.4  2254.641
127.3  2230.7125
127.2  2332.3169
127.1  2228.1719
127  2256.9014
126.9  2193.751
126.8  2239.2005
126.7  2407.711
126.6  2293.3132
126.5  2335.6515
126.4  2257.5669
126.3  2227.4145
126.2  2266.8238
126.1  2244.4989
126  2229.5997
125.9  2180.7332
125.8  2197.6842
125.7  2174.0304
125.6  2231.6928
125.5  2346.2896
125.4  2376.7625
125.3  2252.7746
125.2  2155.7403
125.1  2393.0016
125  2300.9239
124.9  2315.6564
124.8  2361.2959
124.7  2318.8484
124.6  2306.5904
124.5  2276.8745
124.4  2403.8384
124.3  2366.1077
124.2  2223.6142
124.1  2269.3526
124  2272.9969
123.9  2183.5109
123.8  2418.9531
123.7  2205.3765
123.6  2028.0824
123.5  2266.881
123.4  2171.6101
123.3  2134.1076
123.2  2208.0392
123.1  2246.6238
123  2348.9896
122.9  2126.4947
122.8  2301.9922
122.7  2360.8221
122.6  2386.656
122.5  2314.0662
122.4  2270.731
122.3  2215.7149
122.2  2367.5897
122.1  2266.9947
122  2248.8025
121.9  2421.7029
121.8  2297.4301
121.7  2299.3542
121.6  2260.8193
121.5  2228.3858
121.4  2247.9981
121.3  2281.1741
121.2  2183.4978
121.1  2125.7919
121  2358.077
120.9  2242.4769
120.8  2356.1809
120.7  2310.7147
120.6  2175.9023
120.5  2261.0114
120.4  2195.617
120.3  2261.2043
120.2  2279.6449
120.1  2096.6012
120  2275.6485
119.9  2269.6775
119.8  2231.8519
119.7  2236.9646
119.6  2187.9123
119.5  2186.8322
119.4  2242.9221
119.3  2294.1326
119.2  2184.9502
119.1  2233.3648
119  2248.0098
118.9  2231.3898
118.8  2304.0141
118.7  2318.6207
118.6  2255.6013
118.5  2273.8383
118.4  2276.8259
118.3  2207.6991
118.2  2304.3208
118.1  2232.9666
118  2271.1434
117.9  2309.8181
117.8  2306.105
117.7  2227.9715
117.6  2134.5088
117.5  2097.2717
117.4  2314.8448
117.3  2222.2232
117.2  2135.1697
117.1  2194.8736
117  2132.8832
116.9  2112.3972
116.8  2126.0874
116.7  2252.9805
116.6  2147.1157
116.5  2212.7377
116.4  2149.5741
116.3  2166.53
116.2  2283.1545
116.1  2303.7198
116  2172.1772
115.9  2187.2863
115.8  2210.9588
115.7  2198.6859
115.6  2251.6015
115.5  2106.2191
115.4  2149.4982
115.3  2289.7236
115.2  2248.928
115.1  2286.2163
115  2190.6603
114.9  2268.6162
114.8  2287.0769
114.7  2271.8929
114.6  2148.6585
114.5  2098.631
114.4  2076.5426
114.3  2182.7134
114.2  2195.6291
114.1  2182.3005
114  2226.8513
113.9  2216.518
113.8  2155.8029
113.7  2146.4821
113.6  2233.2914
113.5  2097.7956
113.4  2102.8151
113.3  2084.6527
113.2  2114.5952
113.1  2108.2572
113  2185.9807
112.9  2107.4312
112.8  2163.0135
112.7  2187.1401
112.6  2198.1317
112.5  2129.5886
112.4  2241.3406
112.3  2187.8565
112.2  2179.1953
112.1  2167.5206
112  2105.1291
111.9  2119.5122
111.8  2019.2215
111.7  2146.264
111.6  2070.4928
111.5  2027.836
111.4  2198.9798
111.3  2115.2101
111.2  2091.137
111.1  2075.8335
111  2214.2885
110.9  2196.4869
110.8  2089.768
110.7  2342.4067
110.6  2284.0759
110.5  2173.2361
110.4  2253.8948
110.3  2257.253
110.2  2213.4984
110.1  2096.0118
110  2092.3987
109.9  2117.7755
109.8  2132.6535
109.7  2055.3558
109.6  2155.2635
109.5  2000.3096
109.4  2092.164
109.3  2147.8454
109.2  2316.9945
109.1  2202.3806
109  2172.3042
108.9  2179.4708
108.8  2185.2177
108.7  2127.9597
108.6  2074.7698
108.5  2096.6336
108.4  2197.6196
108.3  2191.3903
108.2  2230.5277
108.1  2124.2959
108  2136.7471
107.9  2255.1092
107.8  2131.1399
107.7  2143.9114
107.6  2146.8049
107.5  2094.6227
107.4  2217.0372
107.3  2172.3704
107.2  2342.9517
107.1  2430.491
107  2227.7807
106.9  2318.1985
106.8  2321.3824
106.7  2603.0126
106.6  2419.2154
106.5  2363.2178
106.4  2545.4125
106.3  2506.8318
106.2  2535.3125
106.1  2627.1175
106  2689.7948
105.9  2713.4462
105.8  2711.7422
105.7  2915.9489
105.6  3044.9071
105.5  3035.6022
105.4  3006.7526
105.3  2988.1309
105.2  3268.9167
105.1  3191.719
105  3365.8478
104.9  3381.5904
104.8  3421.2179
104.7  3571.2508
104.6  3705.8226
104.5  3647.7502
104.4  3690.4983
104.3  3701.6221
104.2  3458.2555
104.1  3658.2085
104  3450.4902
103.9  3445.6261
103.8  3323.4608
103.7  3347.2305
103.6  3200.4049
103.5  3050.2227
103.4  3158.3562
103.3  3020.4843
103.2  2962.6279
103.1  2852.3251
103  2700.3947
102.9  2732.9033
102.8  2626.5001
102.7  2566.4987
102.6  2495.1036
102.5  2539.7226
102.4  2512.6192
102.3  2340.2913
102.2  2300.0833
102.1  2291.471
102  2320.0552
101.9  2258.4399
101.8  2327.9998
101.7  2130.4733
101.6  2082.6362
101.5  2063.2459
101.4  2136.1297
101.3  2258.0634
101.2  2160.082
101.1  2111.6325
101  2073.3941
100.9  2123.623
100.8  2162.4148
100.7  2164.3693
100.6  2191.1975
100.5  2125.1531
100.4  2215.9967
100.3  2284.4763
100.2  2164.5164
100.1  2181.5584
100  2116.5751
99.9  2186.2656
99.8  2159.2372
99.7  2165.6545
99.6  2084.6014
99.5  2108.147
99.4  2055.0212
99.3  2178.701
99.2  2153.1951
99.1  2101.4919
99  2117.0962
98.9  2093.6193
98.8  2126.2438
98.7  2243.7651
98.6  2081.2097
98.5  2208.1509
98.4  2131.0726
98.3  2173.8944
98.2  2139.3228
98.1  2190.8411
98  2179.3648
97.9  2137.1811
97.8  2154.9325
97.7  2240.8125
97.6  2102.1139
97.5  2347.0439
97.4  2153.965
97.3  2075.3092
97.2  2191.1783
97.1  2154.1833
97  2092.7113
96.9  2218.7851
96.8  2373.1519
96.7  2352.3669
96.6  2180.3233
96.5  2225.2438
96.4  2199.3745
96.3  2260.7731
96.2  2370.0115
96.1  2351.8873
96  2237.3706
95.9  2260.0087
95.8  2271.9603
95.7  2338.1828
95.6  2247.817
95.5  2422.5653
95.4  2143.0871
95.3  2161.8707
95.2  2253.3711
95.1  2107.3839
95  2206.1476
94.9  2283.3029
94.8  2292.788
94.7  2218.7412
94.6  2125.1634
94.5  2180.2547
94.4  2282.8093
94.3  2229.8845
94.2  2227.7048
94.1  2278.0087
94  2218.3344
93.9  2276.6698
93.8  2289.4614
93.7  2310.0489
93.6  2221.2251
93.5  2194.2934
93.4  2128.5325
93.3  2217.123
93.2  2237.0723
93.1  2172.5919
93  2281.1485
92.9  2119.1159
92.8  2170.8459
92.7  2126.7306
92.6  2143.5296
92.5  2072.1262
92.4  2155.2799
92.3  2010.2752
92.2  2072.6473
92.1  2194.3002
92  2138.3253
91.9  2097.1806
91.8  2118.6039
91.7  2091.3488
91.6  2061.6207
91.5  2190.377
91.4  2178.4423
91.3  2118.5452
91.2  2008.4519
91.1  2043.9608
91  2159.0718
90.9  2086.9762
90.8  2098.0097
90.7  2030.9806
90.6  2100.7315
90.5  2123.4149
90.4  2000.5187
90.3  2083.8623
90.2  2103.5547
90.1  2073.2407
90  2088.8432
89.9  2005.9182
89.8  1958.8366
89.7  1951.824
89.6  2147.1609
89.5  2212.9972
89.4  2203.3344
89.3  2144.5311
89.2  1972.9859
89.1  2115.5728
89  2096.8266
88.9  1984.9521
88.8  2009.4856
88.7  2108.5616
88.6  2129.4047
88.5  1994.7183
88.4  2055.7767
88.3  2141.6373
88.2  2163.1642
88.1  2178.7508
88  2141.0576
87.9  2073.6026
87.8  2029.9263
87.7  2111.809
87.6  1994.2627
87.5  2078.2169
87.4  2085.7985
87.3  1999.6416
87.2  2147.2267
87.1  2117.1885
87  2165.325
86.9  2049.1335
86.8  1993.9074
86.7  2010.9642
86.6  2034.2842
86.5  2017.6175
86.4  2012.8221
86.3  2002.9392
86.2  1992.6464
86.1  2112.8163
86  2244.4193
85.9  2109.2009
85.8  2159.74
85.7  2157.6248
85.6  2147.224
85.5  2104.5636
85.4  2056.5724
85.3  2121.4664
85.2  2230.5772
85.1  2151.5559
85  2015.974
84.9  2141.2211
84.8  2043.2996
84.7  2049.0745
84.6  2153.685
84.5  1975.6237
84.4  2050.2832
84.3  2020.8294
84.2  2102.1684
84.1  2067.3382
84  2010.582
83.9  1973.0414
83.8  2184.6679
83.7  2087.6044
83.6  2143.3638
83.5  2141.7705
83.4  2139.9232
83.3  2007.2269
83.2  2083.5886
83.1  2097.3335
83  2037.7711
82.9  2069.0063
82.8  2164.8173
82.7  2087.1135
82.6  2050.6437
82.5  1951.5417
82.4  1874.6212
82.3  2051.1532
82.2  2107.7371
82.1  2070.1329
82  2077.0391
81.9  2012.6141
81.8  2177.4736
81.7  2132.394
81.6  2098.6043
81.5  2054.2618
81.4  2092.2084
81.3  2012.1085
81.2  2053.7198
81.1  1971.8206
81  1999.629
80.9  2014.1193
80.8  2070.5627
80.7  2121.5377
80.6  2045.3595
80.5  2014.6383
80.4  2125.6987
80.3  2085.6702
80.2  2072.2117
80.1  2151.6583
80  2002.2908
79.9  1959.7696
79.8  2099.8785
79.7  2084.3877
79.6  1942.3796
79.5  1931.3436
79.4  2013.0608
79.3  1983.2413
79.2  2166.1284
79.1  2153.2655
79  2118.1862
78.9  2061.7916
78.8  1919.5622
78.7  1992.2588
78.6  2075.8579
78.5  1956.7084
78.4  1996.0653
78.3  2035.8776
78.2  2037.3176
78.1  2079.3332
78  2099.5695
77.9  2074.5569
77.8  2091.5367
77.7  2147.1552
77.6  2079.7917
77.5  1971.0562
77.4  2101.8264
77.3  2119.1519
77.2  1982.7714
77.1  2003.0265
77  2084.0101
76.9  2016.9713
76.8  2139.7258
76.7  2027.8819
76.6  2069.4701
76.5  2023.4151
76.4  2036.6539
76.3  2216.7432
76.2  2100.7754
76.1  2070.4582
76  2038.4569
75.9  2075.9101
75.8  2225.3912
75.7  2027.4112
75.6  2034.3758
75.5  2110.9489
75.4  2108.9537
75.3  2120.0161
75.2  2108.7979
75.1  2086.6732
75  2083.1092
74.9  2173.8856
74.8  2203.8444
74.7  2046.7013
74.6  2011.9683
74.5  2121.993
74.4  2058.4361
74.3  2024.8949
74.2  2146.9401
74.1  1983.4065
74  1954.7667
73.9  2077.6874
73.8  1917.5129
73.7  2024.0723
73.6  2161.38
73.5  2058.9284
73.4  2108.15
73.3  1943.7111
73.2  2025.2761
73.1  2076.4764
73  2199.6224
72.9  2094.3591
72.8  2014.049
72.7  2118.8283
72.6  2054.9538
72.5  2223.8377
72.4  1945.0911
72.3  1942.8192
72.2  2044.8302
72.1  2081.6547
72  2085.8521
71.9  2004.7571
71.8  1925.1382
71.7  2011.8816
71.6  2013.5008
71.5  2002.2945
71.4  2121.232
71.3  1922.3642
71.2  2040.6468
71.1  2111.5178
71  2000.7383
70.9  1953.1384
70.8  2144.9023
70.7  2125.9931
70.6  2048.5946
70.5  2070.2382
70.4  2065.7232
70.3  2019.5067
70.2  2093.672
70.1  2267.9915
70  2115.3648
69.9  2084.4766
69.8  2098.3806
69.7  2179.3421
69.6  2050.7606
69.5  2180.3285
69.4  1935.6493
69.3  1928.7529
69.2  1995.0779
69.1  1972.6398
69  2000.7139
68.9  2142.4281
68.8  1981.7423
68.7  1990.8842
68.6  1835.8939
68.5  1962.6612
68.4  1961.614
68.3  1953.3226
68.2  1927.8483
68.1  1927.1557
68  1945.4855
67.9  2061.8754
67.8  2060.8755
67.7  2062.0225
67.6  2079.2041
67.5  2136.3404
67.4  2034.3765
67.3  2048.8654
67.2  2001.4086
67.1  1952.0184
67  2032.9045
66.9  1919.0837
66.8  1904.2498
66.7  2007.8247
66.6  2056.7606
66.5  2068.7198
66.4  2107.0446
66.3  2142.5696
66.2  2152.8648
66.1  1990.0923
66  2150.7238
65.9  2099.0045
65.8  2072.6163
65.7  2084.0755
65.6  1906.4263
65.5  1948.4498
65.4  2003.1604
65.3  2031.0468
65.2  1925.7661
65.1  2039.2254
65  2021.3432
64.9  2073.0318
64.8  1989.6357
64.7  2037.2479
64.6  2074.8999
64.5  2173.8039
64.4  2022.7062
64.3  2054.8815
64.2  1938.1043
64.1  1925.2694
64  1955.4774
63.9  1926.2876
63.8  2148.986
63.7  2033.7943
63.6  1997.439
63.5  1983.2513
63.4  1985.4032
63.3  1925.5983
63.2  2085.2501
63.1  1973.9508
63  2051.1598
62.9  2011.7929
62.8  1991.3946
62.7  2085.1041
62.6  2092.3479
62.5  1965.5031
62.4  1932.5386
62.3  1897.504
62.2  1999.3454
62.1  1993.5455
62  1960.5571
61.9  2053.4243
61.8  2029.7842
61.7  1983.7451
61.6  2005.7721
61.5  1878.9146
61.4  1997.5612
61.3  1968.1925
61.2  2046.1252
61.1  1973.4344
61  2031.8106
60.9  2029.3412
60.8  1936.7355
60.7  2025.711
60.6  1990.3472
60.5  2027.004
60.4  1941.1995
60.3  2020.8246
60.2  2127.4389
60.1  2069.0504
60  2054.2228
59.9  2036.71
59.8  1933.8381
59.7  1923.3556
59.6  1956.7298
59.5  1848.3412
59.4  2079.9405
59.3  1944.6962
59.2  2021.7226
59.1  2048.1493
59  2085.3186
58.9  2000.8359
58.8  2058.4712
58.7  2151.5425
58.6  2002.0906
58.5  2056.1177
58.4  2074.7641
58.3  1978.0481
58.2  2061.5961
58.1  1936.7396
58  2071.6379
57.9  2116.8614
57.8  2065.2431
57.7  1837.9987
57.6  2039.4522
57.5  2077.2343
57.4  1963.0769
57.3  2015.0281
57.2  2131.2097
57.1  2016.2752
57  2042.2004
56.9  1969.3395
56.8  2053.5262
56.7  2076.0806
56.6  1947.7929
56.5  1935.1045
56.4  1900.4248
56.3  2032.8558
56.2  2080.0093
56.1  2026.0349
56  2215.7885
55.9  2103.0499
55.8  2043.1869
55.7  2030.1502
55.6  2031.9764
55.5  1838.0382
55.4  2057.311
55.3  2333.1643
55.2  2071.8948
55.1  1968.3202
55  2079.1092
54.9  2136.7942
54.8  2255.0852
54.7  2135.1675
54.6  2150.4955
54.5  2163.3198
54.4  2107.3808
54.3  2191.1752
54.2  2065.1156
54.1  2197.1874
54  2061.9398
53.9  2022.1089
53.8  2108.3825
53.7  2081.0429
53.6  2041.7827
53.5  2141.6581
53.4  2071.4101
53.3  2000.0369
53.2  2033.1833
53.1  2077.9333
53  2060.8504
52.9  2091.2566
52.8  2048.2742
52.7  2051.5469
52.6  2129.5556
52.5  2084.4919
52.4  1955.9976
52.3  2013.5692
52.2  2083.7073
52.1  2004.4992
52  2000.8163
51.9  1917.8561
51.8  2030.8342
51.7  2079.9719
51.6  2071.6724
51.5  1997.8337
51.4  1923.9868
51.3  2050.9651
51.2  2056.3376
51.1  1984.1891
51  2080.7207
50.9  2031.0766
50.8  1960.5599
50.7  2027.7568
50.6  2067.5088
50.5  1997.3474
50.4  1966.0874
50.3  2014.1577
50.2  2025.2412
50.1  1982.1398
50  2079.9157

# Region:                       Ca 2p
# Spectrum ID:                  3
# Acquisition Date:             08/12/26 19:04:10 UTC
# Analysis Method:              XPS
# Analyzer:                     PHOIBOS MCD5 Analyzer
# Analyzer Lens:                LargeArea:1.5kV
# Analyzer Slit:                5:7x20\B:open
# Scan Mode:                    FixedAnalyzerTransmission
# Curves/Scan:                  1
# Values/Curve:                 371
# Dwell Time:                   0.1
# Excitation Energy:            1253.64
# Binding Energy:               366
# Pass Energy:                  50
# Bias Voltage:                 90
# Detector Voltage:             3000
# Eff. Workfunction:            4.543
# Source:                       X-Ray Dummy
# Comment:                      
#
# Cycle: 0
# Number of Scans: 5
#
# Cycle: 0, Curve: 0
# Acquisition Date:             08/12/26 19:04:10 UTC
#
# ColumnLabels:                 energy counts/s
#
366  9314.3337
365.9  9572.7385
365.8  9591.5833
365.7  9702.6551
365.6  9568.6727
365.5  9556.5739
365.4  9616.4917
365.3  9665.2852
365.2  9555.0496
365.1  9596.1867
365  9625.2751
364.9  9750.3234
364.8  9531.8084
364.7  9719.1855
364.6  9496.9533
364.5  9507.5093
364.4  9408.5365
364.3  9658.1939
364.2  9537.8131
364.1  9471.3083
364  9553.029
363.9  9337.8065
363.8  9494.4253
363.7  9700.527
363.6  9635.5677
363.5  9439.5461
363.4  9636.0513
363.3  9405.7447
363.2  9705.3685
363.1  9580.8273
363  9646.4542
362.9  9676.0194
362.8  9637.1135
362.7  9659.3087
362.6  9676.6049
362.5  9600.1071
362.4  9667.3889
362.3  9733.3174
362.2  9451.3131
362.1  9473.1955
362  9385.3676
361.9  9463.058
361.8  9442.4154
361.7  9431.5413
361.6  9688.0126
361.5  9641.3236
361.4  9700.1697
361.3  9464.5599
361.2  9339.8471
361.1  9381.2368
361  9470.9139
360.9  9662.8183
360.8  9263.0091
360.7  9519.7609
360.6  9527.7918
360.5  9660.7885
360.4  9591.1472
360.3  9640.4836
360.2  9365.9311
360.1  9693.9999
360  9558.8991
359.9  9520.8021
359.8  9579.3035
359.7  9601.4131
359.6  9469.6464
359.5  9453.6946
359.4  9568.3875
359.3  9393.5389
359.2  9483.8045
359.1  9328.0635
359  9780.4195
358.9  9610.2588
358.8  9587.5609
358.7  9725.7879
358.6  9659.8248
358.5  9573.0562
358.4  9587.0292
358.3  9652.581
358.2  9470.2389
358.1  9486.0256
358  9605.0474
357.9  9440.8603
357.8  9556.5627
357.7  9449.0743
357.6  9572.0737
357.5  9318.8245
357.4  9213.7423
357.3  9583.4735
357.2  9413.9471
357.1  9660.0072
357  9774.1772
356.9  9665.7423
356.8  9543.0108
356.7  9691.7165
356.6  9663.3445
356.5  9758.461
356.4  9776.781
356.3  9798.7486
356.2  9669.3338
356.1  9670.6948
356  9388.5939
355.9  9578.7466
355.8  9491.2931
355.7  9633.6702
355.6  9608.5717
355.5  9765.9571
355.4  9783.3759
355.3  9539.6836
355.2  9786.143
355.1  9772.6073
355  9908.5755
354.9  9799.8523
354.8  9763.3569
354.7  9767.7677
354.6  9748.5641
354.5  9639.2787
354.4  10057.015
354.3  10086.263
354.2  9843.4807
354.1  9873.9758
354  9911.6431
353.9  9898.7042
353.8  9974.1192
353.7  10002.67
353.6  10049.328
353.5  9787.0956
353.4  9941.8766
353.3  10262.243
353.2  10281.806
353.1  10063.815
353  9881.8303
352.9  10038.477
352.8  9969.8229
352.7  10148.004
352.6  9934.3119
352.5  9867.9277
352.4  9988.6614
352.3  9985.2379
352.2  10079.047
352.1  9933.0551
352  10002.824
351.9  9938.535
351.8  9891.166
351.7  10024.449
351.6  10034.626
351.5  9962.1764
351.4  10070.125
351.3  10038.156
351.2  9837.3627
351.1  10084.016
351  9988.8236
350.9  10208.145
350.8  10260.411
350.7  10112.073
350.6  10467.534
350.5  10544.486
350.4  10403.269
350.3  10333.035
350.2  10500.577
350.1  10445.927
350  10667.769
349.9  10545.655
349.8  10459.165
349.7  10415.395
349.6  10139.044
349.5  10525.782
349.4  10674.251
349.3  10551.079
349.2  10475.893
349.1  10475.087
349  10448.92
348.9  10346.467
348.8  10430.557
348.7  10479.171
348.6  10227.384
348.5  10276.704
348.4  9954.9364
348.3  9819.3904
348.2  9761.0659
348.1  9894.6474
348  9846.284
347.9  9602.3966
347.8  9846.2794
347.7  9765.9688
347.6  9619.3718
347.5  9508.9454
347.4  9404.2845
347.3  9606.6553
347.2  9802.9944
347.1  9548.5742
347  9639.1259
346.9  9495.9001
346.8  9772.8578
346.7  9625.9327
346.6  9715.7797
346.5  9620.9324
346.4  9470.5576
346.3  9799.7387
346.2  9599.9565
346.1  9249.5039
346  9539.8045
345.9  9341.0808
345.8  9609.1663
345.7  9336.4115
345.6  9685.5194
345.5  9497.5378
345.4  9568.2548
345.3  9901.6187
345.2  9665.6525
345.1  9678.6304
345  9518.6259
344.9  9760.4145
344.8  9631.3937
344.7  9656.3908
344.6  9686.1717
344.5  9641.7719
344.4  9602.2781
344.3  9529.9815
344.2  9505.6802
344.1  9324.2353
344  9536.4162
343.9  9827.5235
343.8  9424.504
343.7  9515.158
343.6  9709.7038
343.5  9656.5572
343.4  9587.3501
343.3  9483.2199
343.2  9441.5751
343.1  9561.663
343  9448.8688
342.9  9849.0677
342.8  9741.3534
342.7  9491.7871
342.6  9219.4757
342.5  9538.2093
342.4  9806.7435
342.3  9540.4458
342.2  9627.4915
342.1  9594.5904
342  9600.1764
341.9  9400.9672
341.8  9471.7751
341.7  9405.087
341.6  9619.2499
341.5  9519.0268
341.4  9406.425
341.3  9680.2783
341.2  9585.1181
341.1  9591.0277
341  9569.8981
340.9  9719.8254
340.8  9535.5637
340.7  9468.7662
340.6  9560.4153
340.5  9697.8519
340.4  9628.948
340.3  9574.9253
340.2  9697.253
340.1  9432.1347
340  9401.3107
339.9  9653.9424
339.8  9539.4028
339.7  9693.6228
339.6  9565.6885
339.5  9365.1075
339.4  9390.0217
339.3  9511.1474
339.2  9593.8595
339.1  9537.6634
339  9625.769
338.9  9431.0622
338.8  9356.6411
338.7  9426.4141
338.6  9585.2234
338.5  9563.7199
338.4  9610.5349
338.3  9688.5826
338.2  9450.7199
338.1  9701.6181
338  9591.8137
337.9  9446.3143
337.8  9609.4266
337.7  9359.6141
337.6  9496.7385
337.5  9271.0753
337.4  9562.556
337.3  9559.3373
337.2  9550.7156
337.1  9566.9364
337  9526.4819
336.9  9726.1663
336.8  9373.7096
336.7  9653.7561
336.6  9595.3873
336.5  9523.6389
336.4  9510.5946
336.3  9481.2842
336.2  9563.2657
336.1  9509.1033
336  9725.1851
335.9  9587.9178
335.8  9329.7893
335.7  9557.9728
335.6  9448.0215
335.5  9493.7323
335.4  9307.8041
335.3  9324.6833
335.2  9706.4859
335.1  9611.6211
335  9414.9924
334.9  9589.5164
334.8  9559.3126
334.7  9424.4513
334.6  9495.3481
334.5  9513.7981
334.4  9664.7371
334.3  9508.8875
334.2  9430.256
334.1  9503.037
334  9412.1513
333.9  9422.5352
333.8  9520.1189
333.7  9479.078
333.6  9474.2765
333.5  9615.6936
333.4  9622.8729
333.3  9603.7772
333.2  9564.6097
333.1  9382.6504
333  9501.162
332.9  9507.8336
332.8  9493.4655
332.7  9564.0511
332.6  9513.3952
332.5  9484.1424
332.4  9342.6412
332.3  9446.5978
332.2  9490.2013
332.1  9423.8706
332  9371.0496
331.9  9815.2219
331.8  9486.9437
331.7  9461.475
331.6  9548.354
331.5  9584.643
331.4  9518.2845
331.3  9643.9301
331.2  9578.9479
331.1  9594.2276
331  9507.6657
330.9  9402.1847
330.8  9450.4024
330.7  9560.9815
330.6  9422.2886
330.5  9360.013
330.4  9505.5554
330.3  9397.0232
330.2  9598.2741
330.1  9459.6082
330  9484.4005
329.9  9519.3516
329.8  9578.1386
329.7  9734.72
329.6  9484.4115
329.5  9411.6889
329.4  9452.5674
329.3  9427.2417
329.2  9442.0278
329.1  9563.2204
329  9347.3733

# Operation:                    Multi Peak Fit
# Parameter: "Peak Function" = Voigt
# Parameter: "Background Function" = Shirley
# Parameter: "Baseline" = Constant
# Parameter: "LM Parameters/Max Iterations" = 200
# Parameter: "LM Parameters/Tolerance" = 2.2204459999999999e-16
# Parameter: "Baseline/BL_I/Value" = nan counts
# Parameter: "Peak 1/C/Value" = nan eV
# Parameter: "Peak 1/A/Value" = nan counts eV
# Parameter: "Peak 1/FL/Value" = nan eV
# Parameter: "Peak 1/FG/Value" = nan eV
# Parameter: "Peak 1/a/Value" = 0
# Parameter: "Peak 1/a/Constraint" = Fixed: 0
# Parameter: "Peak 1/k/Value" = nan [1/eV]
# Parameter: "Peak 2/C/Value" = nan eV
# Parameter: "Peak 2/A/Value" = nan counts eV
# Parameter: "Peak 2/FL/Value" = nan eV
# Parameter: "Peak 2/FG/Value" = nan eV
# Parameter: "Peak 2/a/Value" = 0
# Parameter: "Peak 2/a/Constraint" = Fixed: 0
# Parameter: "Peak 2/k/Value" = nan [1/eV]
#
# Result:
# Number of Results:            5
# Parameter: "Baseline/BL_I/Value" = 4762.973982228089 counts +- 6.2194684713172368
# Parameter: "Peak 1/C/Value" = 904.01515741902381 eV +- 0.077656091317945139
# Parameter: "Peak 1/C/Constraint" = Restricted: 887.64 .. 924.64
# Parameter: "Peak 1/Relative Area/Value" = 58.171023618748919 %
# Parameter: "Peak 1/A/Value" = 1386.6633942359872 counts eV +- 257.22838983644726
# Parameter: "Peak 1/FL/Value" = 0.47286009775529869 eV +- 0.76863038233772496
# Parameter: "Peak 1/FG/Value" = 2.1577159201543967 eV +- 0.50438244207064398
# Parameter: "Peak 1/F/Value" = 2.421700520494622 eV
# Parameter: "Peak 1/a/Value" = 0 +- 0
# Parameter: "Peak 1/a/Constraint" = Fixed: 0
# Parameter: "Peak 1/k/Value" = 0 [1/eV] +- 0
# Parameter: "Peak 2/C/Value" = 900.51327064560053 eV +- 0.20720304178254409
# Parameter: "Peak 2/C/Constraint" = Restricted: 887.64 .. 924.64
# Parameter: "Peak 2/Relative Area/Value" = 41.828976381251081 %
# Parameter: "Peak 2/A/Value" = 997.10657915168429 counts eV +- 354.64103720052657
# Parameter: "Peak 2/FL/Value" = 1.2909606457357239 eV +- 2.2254172382453867
# Parameter: "Peak 2/FG/Value" = 2.6445890771698681 eV +- 1.6147335075112415
# Parameter: "Peak 2/F/Value" = 3.4021262330033131 eV
# Parameter: "Peak 2/a/Value" = 0 +- 0
# Parameter: "Peak 2/a/Constraint" = Fixed: 0
# Parameter: "Peak 2/k/Value" = 0.0088567151128891904 [1/eV] +- 0.013919965081410003
# Parameter: "Fit Result/ChiSquare" = 283.6953379967207
# Parameter: "Fit Result/Reduced ChiSquare" = 0.79023771029727208
# Parameter: "Fit Result/Abbe Factor" = 0.8551723036643476
# Parameter: "Fit Result/Q-Probability" = 0.99869256020129415
# Parameter: "Termination State" = ConvergedInParameter
#
# Result Name:                  Background
# Number of Curves:             1
#
# Curve:                        0
# Values/Curve:                 307
#
366  9543.1746
365.87908  9543.1719
365.75817  9543.1691
365.63725  9543.1662
365.51634  9543.1633
365.39542  9543.1603
365.27451  9543.1572
365.15359  9543.1541
365.03268  9543.151
364.91176  9543.1477
364.79085  9543.1444
364.66993  9543.141
364.54902  9543.1376
364.4281  9543.134
364.30719  9543.1304
364.18627  9543.1267
364.06536  9543.123
363.94444  9543.1191
363.82353  9543.1152
363.70261  9543.1111
363.5817  9543.107
363.46078  9543.1027
363.33987  9543.0984
363.21895  9543.0939
363.09804  9543.0893
362.97712  9543.0846
362.85621  9543.0798
362.73529  9543.0749
362.61438  9543.0698
362.49346  9543.0646
362.37255  9543.0593
362.25163  9543.0538
362.13072  9543.0481
362.0098  9543.0423
361.88889  9543.0363
361.76797  9543.0301
361.64706  9543.0238
361.52614  9543.0173
361.40523  9543.0105
361.28431  9543.0036
361.1634  9542.9964
361.04248  9542.989
360.92157  9542.9813
360.80065  9542.9734
360.67974  9542.9652
360.55882  9542.9567
360.43791  9542.9479
360.31699  9542.9388
360.19608  9542.9293
360.07516  9542.9195
359.95425  9542.9093
359.83333  9542.8987
359.71242  9542.8877
359.5915  9542.8762
359.47059  9542.8642
359.34967  9542.8517
359.22876  9542.8387
359.10784  9542.825
358.98693  9542.8107
358.86601  9542.7957
358.7451  9542.78
358.62418  9542.7634
358.50327  9542.746
358.38235  9542.7276
358.26144  9542.7082
358.14052  9542.6876
358.01961  9542.6658
357.89869  9542.6425
357.77778  9542.6178
357.65686  9542.5913
357.53595  9542.5629
357.41503  9542.5324
357.29412  9542.4995
357.1732  9542.4639
357.05229  9542.4252
356.93137  9542.3831
356.81046  9542.337
356.68954  9542.2864
356.56863  9542.2306
356.44771  9542.1691
356.3268  9542.1008
356.20588  9542.025
356.08497  9541.9406
355.96405  9541.8465
355.84314  9541.7414
355.72222  9541.6241
355.60131  9541.4931
355.48039  9541.347
355.35948  9541.1842
355.23856  9541.0033
355.11765  9540.8028
354.99673  9540.5813
354.87582  9540.3375
354.7549  9540.0703
354.63399  9539.779
354.51307  9539.463
354.39216  9539.1221
354.27124  9538.7566
354.15033  9538.367
354.02941  9537.9545
353.9085  9537.5206
353.78758  9537.0675
353.66667  9536.5975
353.54575  9536.1135
353.42484  9535.6188
353.30392  9535.1168
353.18301  9534.6112
353.06209  9534.1057
352.94118  9533.6041
352.82026  9533.1101
352.69935  9532.627
352.57843  9532.1581
352.45752  9531.7062
352.3366  9531.2738
352.21569  9530.8628
352.09477  9530.4748
351.97386  9530.111
351.85294  9529.7718
351.73203  9529.4575
351.61111  9529.1679
351.4902  9528.9024
351.36928  9528.6602
351.24837  9528.4401
351.12745  9528.241
351.00654  9528.0614
350.88562  9527.8999
350.76471  9527.7548
350.64379  9527.6248
350.52288  9527.5084
350.40196  9527.4041
350.28105  9527.3107
350.16013  9527.227
350.03922  9527.1517
349.9183  9527.0839
349.79739  9527.0228
349.67647  9526.9674
349.55556  9526.9172
349.43464  9526.8713
349.31373  9526.8294
349.19281  9526.791
349.0719  9526.7556
348.95098  9526.7228
348.83007  9526.6925
348.70915  9526.6643
348.58824  9526.6379
348.46732  9526.6133
348.34641  9526.5901
348.22549  9526.5684
348.10458  9526.5479
347.98366  9526.5285
347.86275  9526.5102
347.74183  9526.4928
347.62092  9526.4763
347.5  9526.4607
347.37908  9526.4457
347.25817  9526.4315
347.13725  9526.4178
347.01634  9526.4048
346.89542  9526.3924
346.77451  9526.3804
346.65359  9526.369
346.53268  9526.358
346.41176  9526.3474
346.29085  9526.3372
346.16993  9526.3275
346.04902  9526.318
345.9281  9526.3089
345.80719  9526.3002
345.68627  9526.2917
345.56536  9526.2835
345.44444  9526.2756
345.32353  9526.268
345.20261  9526.2606
345.0817  9526.2534
344.96078  9526.2465
344.83987  9526.2397
344.71895  9526.2332
344.59804  9526.2269
344.47712  9526.2207
344.35621  9526.2148
344.23529  9526.2089
344.11438  9526.2033
343.99346  9526.1978
343.87255  9526.1925
343.75163  9526.1873
343.63072  9526.1822
343.5098  9526.1773
343.38889  9526.1725
343.26797  9526.1678
343.14706  9526.1632
343.02614  9526.1588
342.90523  9526.1544
342.78431  9526.1502
342.6634  9526.1461
342.54248  9526.142
342.42157  9526.1381
342.30065  9526.1342
342.17974  9526.1305
342.05882  9526.1268
341.93791  9526.1232
341.81699  9526.1196
341.69608  9526.1162
341.57516  9526.1128
341.45425  9526.1095
341.33333  9526.1063
341.21242  9526.1031
341.0915  9526.1
340.97059  9526.097
340.84967  9526.094
340.72876  9526.0911
340.60784  9526.0882
340.48693  9526.0854
340.36601  9526.0827
340.2451  9526.08
340.12418  9526.0773
340.00327  9526.0747
339.88235  9526.0722
339.76144  9526.0696
339.64052  9526.0672
339.51961  9526.0648
339.39869  9526.0624
339.27778  9526.0601
339.15686  9526.0578
339.03595  9526.0555
338.91503  9526.0533
338.79412  9526.0512
338.6732  9526.049
338.55229  9526.0469
338.43137  9526.0449
338.31046  9526.0428
338.18954  9526.0408
338.06863  9526.0389
337.94771  9526.0369
337.8268  9526.035
337.70588  9526.0332
337.58497  9526.0313
337.46405  9526.0295
337.34314  9526.0277
337.22222  9526.026
337.10131  9526.0242
336.98039  9526.0225
336.85948  9526.0208
336.73856  9526.0192
336.61765  9526.0176
336.49673  9526.016
336.37582  9526.0144
336.2549  9526.0128
336.13399  9526.0113
336.01307  9526.0098
335.89216  9526.0083
335.77124  9526.0068
335.65033  9526.0053
335.52941  9526.0039
335.4085  9526.0025
335.28758  9526.0011
335.16667  9525.9997
335.04575  9525.9984
334.92484  9525.997
334.80392  9525.9957
334.68301  9525.9944
334.56209  9525.9931
334.44118  9525.9918
334.32026  9525.9906
334.19935  9525.9894
334.07843  9525.9881
333.95752  9525.9869
333.8366  9525.9857
333.71569  9525.9846
333.59477  9525.9834
333.47386  9525.9823
333.35294  9525.9811
333.23203  9525.98
333.11111  9525.9789
332.9902  9525.9778
332.86928  9525.9767
332.74837  9525.9757
332.62745  9525.9746
332.50654  9525.9736
332.38562  9525.9726
332.26471  9525.9715
332.14379  9525.9705
332.02288  9525.9695
331.90196  9525.9686
331.78105  9525.9676
331.66013  9525.9666
331.53922  9525.9657
331.4183  9525.9647
331.29739  9525.9638
331.17647  9525.9629
331.05556  9525.962
330.93464  9525.9611
330.81373  9525.9602
330.69281  9525.9593
330.5719  9525.9585
330.45098  9525.9576
330.33007  9525.9567
330.20915  9525.9559
330.08824  9525.9551
329.96732  9525.9543
329.84641  9525.9534
329.72549  9525.9526
329.60458  9525.9518
329.48366  9525.951
329.36275  9525.9503
329.24183  9525.9495
329.12092  9525.9487
329  9525.948

# Result Name:                  Combined
# Number of Curves:             1
#
# Curve:                        0
# Values/Curve:                 307
#
366  9546.4847
365.87908  9546.5429
365.75817  9546.6028
365.63725  9546.6645
365.51634  9546.728
365.39542  9546.7933
365.27451  9546.8606
365.15359  9546.93
365.03268  9547.0014
364.91176  9547.0751
364.79085  9547.1511
364.66993  9547.2295
364.54902  9547.3104
364.4281  9547.394
364.30719  9547.4802
364.18627  9547.5693
364.06536  9547.6615
363.94444  9547.7567
363.82353  9547.8552
363.70261  9547.9571
363.5817  9548.0626
363.46078  9548.1719
363.33987  9548.2851
363.21895  9548.4024
363.09804  9548.5241
362.97712  9548.6504
362.85621  9548.7814
362.73529  9548.9176
362.61438  9549.059
362.49346  9549.2061
362.37255  9549.3591
362.25163  9549.5183
362.13072  9549.6841
362.0098  9549.857
361.88889  9550.0372
361.76797  9550.2253
361.64706  9550.4217
361.52614  9550.6269
361.40523  9550.8414
361.28431  9551.066
361.1634  9551.3012
361.04248  9551.5477
360.92157  9551.8063
360.80065  9552.0778
360.67974  9552.3632
360.55882  9552.6634
360.43791  9552.9796
360.31699  9553.3129
360.19608  9553.6646
360.07516  9554.0363
359.95425  9554.4295
359.83333  9554.846
359.71242  9555.2878
359.5915  9555.7571
359.47059  9556.2564
359.34967  9556.7886
359.22876  9557.3567
359.10784  9557.9643
358.98693  9558.6155
358.86601  9559.3149
358.7451  9560.0678
358.62418  9560.8803
358.50327  9561.7594
358.38235  9562.7134
358.26144  9563.7518
358.14052  9564.8857
358.01961  9566.1282
357.89869  9567.4946
357.77778  9569.0028
357.65686  9570.6741
357.53595  9572.5333
357.41503  9574.6095
357.29412  9576.9367
357.1732  9579.5544
357.05229  9582.5083
356.93137  9585.8511
356.81046  9589.6424
356.68954  9593.9496
356.56863  9598.8478
356.44771  9604.4192
356.3268  9610.7529
356.20588  9617.9432
356.08497  9626.0878
355.96405  9635.2852
355.84314  9645.6312
355.72222  9657.2144
355.60131  9670.1114
355.48039  9684.3814
355.35948  9700.0592
355.23856  9717.1497
355.11765  9735.6211
354.99673  9755.3994
354.87582  9776.3635
354.7549  9798.342
354.63399  9821.1114
354.51307  9844.3977
354.39216  9867.8791
354.27124  9891.1929
354.15033  9913.9442
354.02941  9935.7183
353.9085  9956.0944
353.78758  9974.662
353.66667  9991.0384
353.54575  10004.886
353.42484  10015.93
353.30392  10023.976
353.18301  10028.922
353.06209  10030.773
352.94118  10029.651
352.82026  10025.797
352.69935  10019.58
352.57843  10011.492
352.45752  10002.15
352.3366  9992.2779
352.21569  9982.7058
352.09477  9974.3447
351.97386  9968.1662
351.85294  9965.1714
351.73203  9966.3521
351.61111  9972.6447
351.4902  9984.875
351.36928  10003.697
351.24837  10029.53
351.12745  10062.491
351.00654  10102.344
350.88562  10148.452
350.76471  10199.754
350.64379  10254.775
350.52288  10311.657
350.40196  10368.234
350.28105  10422.132
350.16013  10470.903
350.03922  10512.172
349.9183  10543.795
349.79739  10564.004
349.67647  10571.531
349.55556  10565.704
349.43464  10546.486
349.31373  10514.476
349.19281  10470.858
349.0719  10417.305
348.95098  10355.853
348.83007  10288.756
348.70915  10218.33
348.58824  10146.816
348.46732  10076.254
348.34641  10008.391
348.22549  9944.6195
348.10458  9885.9532
347.98366  9833.0313
347.86275  9786.149
347.74183  9745.3058
347.62092  9710.2655
347.5  9680.6186
347.37908  9655.8433
347.25817  9635.3593
347.13725  9618.5723
347.01634  9604.9081
346.89542  9593.8359
346.77451  9584.8824
346.65359  9577.6384
346.53268  9571.7589
346.41176  9566.9597
346.29085  9563.011
346.16993  9559.7302
346.04902  9556.9739
345.9281  9554.631
345.80719  9552.6159
345.68627  9550.8628
345.56536  9549.3215
345.44444  9547.9534
345.32353  9546.7287
345.20261  9545.6243
345.0817  9544.622
344.96078  9543.7074
344.83987  9542.8688
344.71895  9542.0967
344.59804  9541.3833
344.47712  9540.722
344.35621  9540.1072
344.23529  9539.5341
344.11438  9538.9987
343.99346  9538.4975
343.87255  9538.0273
343.75163  9537.5853
343.63072  9537.1692
343.5098  9536.7769
343.38889  9536.4064
343.26797  9536.0559
343.14706  9535.7241
343.02614  9535.4095
342.90523  9535.1108
342.78431  9534.8269
342.6634  9534.5569
342.54248  9534.2996
342.42157  9534.0545
342.30065  9533.8205
342.17974  9533.597
342.05882  9533.3834
341.93791  9533.1791
341.81699  9532.9835
341.69608  9532.7961
341.57516  9532.6163
341.45425  9532.4439
341.33333  9532.2783
341.21242  9532.1193
341.0915  9531.9664
340.97059  9531.8193
340.84967  9531.6777
340.72876  9531.5413
340.60784  9531.4099
340.48693  9531.2832
340.36601  9531.161
340.2451  9531.0431
340.12418  9530.9292
340.00327  9530.8192
339.88235  9530.7129
339.76144  9530.6102
339.64052  9530.5107
339.51961  9530.4145
339.39869  9530.3214
339.27778  9530.2312
339.15686  9530.1438
339.03595  9530.0591
338.91503  9529.977
338.79412  9529.8974
338.6732  9529.8201
338.55229  9529.7451
338.43137  9529.6722
338.31046  9529.6015
338.18954  9529.5328
338.06863  9529.466
337.94771  9529.4011
337.8268  9529.338
337.70588  9529.2766
337.58497  9529.2168
337.46405  9529.1587
337.34314  9529.1021
337.22222  9529.047
337.10131  9528.9933
336.98039  9528.941
336.85948  9528.89
336.73856  9528.8403
336.61765  9528.7919
336.49673  9528.7447
336.37582  9528.6986
336.2549  9528.6536
336.13399  9528.6098
336.01307  9528.567
335.89216  9528.5252
335.77124  9528.4843
335.65033  9528.4445
335.52941  9528.4055
335.4085  9528.3675
335.28758  9528.3303
335.16667  9528.2939
335.04575  9528.2584
334.92484  9528.2236
334.80392  9528.1896
334.68301  9528.1564
334.56209  9528.1239
334.44118  9528.092
334.32026  9528.0609
334.19935  9528.0304
334.07843  9528.0006
333.95752  9527.9713
333.8366  9527.9427
333.71569  9527.9147
333.59477  9527.8872
333.47386  9527.8603
333.35294  9527.8339
333.23203  9527.8081
333.11111  9527.7827
332.9902  9527.7579
332.86928  9527.7336
332.74837  9527.7097
332.62745  9527.6863
332.50654  9527.6633
332.38562  9527.6407
332.26471  9527.6186
332.14379  9527.5969
332.02288  9527.5756
331.90196  9527.5547
331.78105  9527.5342
331.66013  9527.5141
331.53922  9527.4943
331.4183  9527.4749
331.29739  9527.4558
331.17647  9527.4371
331.05556  9527.4186
330.93464  9527.4006
330.81373  9527.3828
330.69281  9527.3653
330.5719  9527.3482
330.45098  9527.3313
330.33007  9527.3147
330.20915  9527.2984
330.08824  9527.2824
329.96732  9527.2666
329.84641  9527.2511
329.72549  9527.2359
329.60458  9527.2209
329.48366  9527.2061
329.36275  9527.1916
329.24183  9527.1774
329.12092  9527.1633
329  9527.1495

# Result Name:                  Peak 1
# Number of Curves:             1
#
# Curve:                        0
# Values/Curve:                 307
#
366  9543.9602
365.87908  9543.9693
365.75817  9543.9786
365.63725  9543.9882
365.51634  9543.9979
365.39542  9544.0079
365.27451  9544.0182
365.15359  9544.0286
365.03268  9544.0394
364.91176  9544.0504
364.79085  9544.0617
364.66993  9544.0733
364.54902  9544.0852
364.4281  9544.0974
364.30719  9544.1099
364.18627  9544.1227
364.06536  9544.1359
363.94444  9544.1495
363.82353  9544.1633
363.70261  9544.1776
363.5817  9544.1923
363.46078  9544.2073
363.33987  9544.2228
363.21895  9544.2387
363.09804  9544.2551
362.97712  9544.2719
362.85621  9544.2892
362.73529  9544.307
362.61438  9544.3253
362.49346  9544.3442
362.37255  9544.3636
362.25163  9544.3836
362.13072  9544.4042
362.0098  9544.4255
361.88889  9544.4474
361.76797  9544.4699
361.64706  9544.4932
361.52614  9544.5172
361.40523  9544.542
361.28431  9544.5676
361.1634  9544.594
361.04248  9544.6212
360.92157  9544.6494
360.80065  9544.6785
360.67974  9544.7086
360.55882  9544.7398
360.43791  9544.772
360.31699  9544.8053
360.19608  9544.8398
360.07516  9544.8755
359.95425  9544.9125
359.83333  9544.9508
359.71242  9544.9905
359.5915  9545.0317
359.47059  9545.0745
359.34967  9545.1188
359.22876  9545.1648
359.10784  9545.2126
358.98693  9545.2623
358.86601  9545.3139
358.7451  9545.3675
358.62418  9545.4232
358.50327  9545.4812
358.38235  9545.5415
358.26144  9545.6042
358.14052  9545.6695
358.01961  9545.7375
357.89869  9545.8083
357.77778  9545.882
357.65686  9545.9587
357.53595  9546.0386
357.41503  9546.1217
357.29412  9546.2082
357.1732  9546.2981
357.05229  9546.3916
356.93137  9546.4887
356.81046  9546.5894
356.68954  9546.6938
356.56863  9546.802
356.44771  9546.9138
356.3268  9547.0293
356.20588  9547.1483
356.08497  9547.2708
355.96405  9547.3968
355.84314  9547.5262
355.72222  9547.659
355.60131  9547.7953
355.48039  9547.9352
355.35948  9548.0791
355.23856  9548.2278
355.11765  9548.3821
354.99673  9548.5434
354.87582  9548.7138
354.7549  9548.8959
354.63399  9549.0932
354.51307  9549.3106
354.39216  9549.5539
354.27124  9549.8309
354.15033  9550.1514
354.02941  9550.5279
353.9085  9550.976
353.78758  9551.5158
353.66667  9552.173
353.54575  9552.9802
353.42484  9553.9798
353.30392  9555.2262
353.18301  9556.7902
353.06209  9558.763
352.94118  9561.2623
352.82026  9564.4386
352.69935  9568.4823
352.57843  9573.6318
352.45752  9580.1801
352.3366  9588.4812
352.21569  9598.9526
352.09477  9612.0746
351.97386  9628.3824
351.85294  9648.4509
351.73203  9672.8695
351.61111  9702.2068
351.4902  9736.9639
351.36928  9777.5198
351.24837  9824.0697
351.12745  9876.5618
351.00654  9934.6387
350.88562  9997.5911
350.76471  10064.33
350.64379  10133.385
350.52288  10202.935
350.40196  10270.874
350.28105  10334.906
350.16013  10392.673
350.03922  10441.896
349.9183  10480.528
349.79739  10506.899
349.67647  10519.837
349.55556  10518.757
349.43464  10503.704
349.31373  10475.352
349.19281  10434.951
349.0719  10384.234
348.95098  10325.289
348.83007  10260.413
348.70915  10191.965
348.58824  10122.217
348.46732  10053.238
348.34641  9986.7987
348.22549  9924.3138
348.10458  9866.8141
347.98366  9814.954
347.86275  9769.0414
347.74183  9729.0866
347.62092  9694.8628
347.5  9665.9685
347.37908  9641.8887
347.25817  9622.0491
347.13725  9605.8607
347.01634  9592.7536
346.89542  9582.2009
346.77451  9573.733
346.65359  9566.9435
346.53268  9561.4903
346.41176  9557.0914
346.29085  9553.5193
346.16993  9550.5932
346.04902  9548.1716
345.9281  9546.1447
345.80719  9544.4284
345.68627  9542.9582
345.56536  9541.685
345.44444  9540.5712
345.32353  9539.5881
345.20261  9538.7133
345.0817  9537.9296
344.96078  9537.223
344.83987  9536.5827
344.71895  9535.9999
344.59804  9535.4671
344.47712  9534.9783
344.35621  9534.5285
344.23529  9534.1133
344.11438  9533.7291
343.99346  9533.3726
343.87255  9533.0412
343.75163  9532.7325
343.63072  9532.4442
343.5098  9532.1747
343.38889  9531.9221
343.26797  9531.6852
343.14706  9531.4625
343.02614  9531.2529
342.90523  9531.0554
342.78431  9530.869
342.6634  9530.6929
342.54248  9530.5263
342.42157  9530.3686
342.30065  9530.219
342.17974  9530.0771
342.05882  9529.9422
341.93791  9529.814
341.81699  9529.6919
341.69608  9529.5757
341.57516  9529.4648
341.45425  9529.3591
341.33333  9529.258
341.21242  9529.1615
341.0915  9529.0692
340.97059  9528.9808
340.84967  9528.8961
340.72876  9528.815
340.60784  9528.7372
340.48693  9528.6626
340.36601  9528.5909
340.2451  9528.522
340.12418  9528.4558
340.00327  9528.3921
339.88235  9528.3308
339.76144  9528.2718
339.64052  9528.2149
339.51961  9528.1601
339.39869  9528.1072
339.27778  9528.0562
339.15686  9528.007
339.03595  9527.9595
338.91503  9527.9135
338.79412  9527.8691
338.6732  9527.8262
338.55229  9527.7847
338.43137  9527.7445
338.31046  9527.7056
338.18954  9527.668
338.06863  9527.6315
337.94771  9527.5961
337.8268  9527.5618
337.70588  9527.5286
337.58497  9527.4963
337.46405  9527.465
337.34314  9527.4346
337.22222  9527.4051
337.10131  9527.3765
336.98039  9527.3486
336.85948  9527.3215
336.73856  9527.2952
336.61765  9527.2696
336.49673  9527.2447
336.37582  9527.2205
336.2549  9527.1969
336.13399  9527.1739
336.01307  9527.1516
335.89216  9527.1298
335.77124  9527.1085
335.65033  9527.0879
335.52941  9527.0677
335.4085  9527.048
335.28758  9527.0289
335.16667  9527.0102
335.04575  9526.9919
334.92484  9526.9741
334.80392  9526.9567
334.68301  9526.9398
334.56209  9526.9232
334.44118  9526.907
334.32026  9526.8912
334.19935  9526.8758
334.07843  9526.8607
333.95752  9526.8459
333.8366  9526.8315
333.71569  9526.8174
333.59477  9526.8036
333.47386  9526.7901
333.35294  9526.7769
333.23203  9526.7639
333.11111  9526.7513
332.9902  9526.7389
332.86928  9526.7268
332.74837  9526.7149
332.62745  9526.7033
332.50654  9526.6919
332.38562  9526.6807
332.26471  9526.6698
332.14379  9526.6591
332.02288  9526.6486
331.90196  9526.6383
331.78105  9526.6282
331.66013  9526.6183
331.53922  9526.6086
331.4183  9526.5991
331.29739  9526.5898
331.17647  9526.5806
331.05556  9526.5717
330.93464  9526.5628
330.81373  9526.5542
330.69281  9526.5457
330.5719  9526.5374
330.45098  9526.5292
330.33007  9526.5211
330.20915  9526.5132
330.08824  9526.5055
329.96732  9526.4979
329.84641  9526.4904
329.72549  9526.483
329.60458  9526.4758
329.48366  9526.4687
329.36275  9526.4617
329.24183  9526.4549
329.12092  9526.4481
329  9526.4415

# Result Name:                  Peak 2
# Number of Curves:             1
#
# Curve:                        0
# Values/Curve:                 307
#
366  9545.6991
365.87908  9545.7455
365.75817  9545.7933
365.63725  9545.8425
365.51634  9545.8933
365.39542  9545.9457
365.27451  9545.9997
365.15359  9546.0555
365.03268  9546.113
364.91176  9546.1724
364.79085  9546.2338
364.66993  9546.2972
364.54902  9546.3628
364.4281  9546.4306
364.30719  9546.5008
364.18627  9546.5733
364.06536  9546.6485
363.94444  9546.7263
363.82353  9546.807
363.70261  9546.8906
363.5817  9546.9773
363.46078  9547.0673
363.33987  9547.1606
363.21895  9547.2576
363.09804  9547.3584
362.97712  9547.4631
362.85621  9547.5721
362.73529  9547.6855
362.61438  9547.8035
362.49346  9547.9265
362.37255  9548.0547
362.25163  9548.1885
362.13072  9548.328
362.0098  9548.4738
361.88889  9548.6262
361.76797  9548.7855
361.64706  9548.9523
361.52614  9549.1269
361.40523  9549.31
361.28431  9549.502
361.1634  9549.7036
361.04248  9549.9154
360.92157  9550.1382
360.80065  9550.3726
360.67974  9550.6197
360.55882  9550.8803
360.43791  9551.1555
360.31699  9551.4464
360.19608  9551.7542
360.07516  9552.0803
359.95425  9552.4263
359.83333  9552.7939
359.71242  9553.1849
359.5915  9553.6016
359.47059  9554.0462
359.34967  9554.5215
359.22876  9555.0305
359.10784  9555.5767
358.98693  9556.1639
358.86601  9556.7967
358.7451  9557.4803
358.62418  9558.2205
358.50327  9559.0242
358.38235  9559.8996
358.26144  9560.8558
358.14052  9561.9038
358.01961  9563.0564
357.89869  9564.3288
357.77778  9565.7386
357.65686  9567.3068
357.53595  9569.0577
357.41503  9571.0203
357.29412  9573.228
357.1732  9575.7202
357.05229  9578.542
356.93137  9581.7455
356.81046  9585.39
356.68954  9589.5422
356.56863  9594.2764
356.44771  9599.6744
356.3268  9605.8244
356.20588  9612.8199
356.08497  9620.7575
355.96405  9629.7349
355.84314  9639.8464
355.72222  9651.1794
355.60131  9663.8093
355.48039  9677.7931
355.35948  9693.1643
355.23856  9709.9252
355.11765  9728.0418
354.99673  9747.4373
354.87582  9767.9872
354.7549  9789.5164
354.63399  9811.7972
354.51307  9834.5502
354.39216  9857.4474
354.27124  9880.1185
354.15033  9902.1598
354.02941  9923.1449
353.9085  9942.639
353.78758  9960.2136
353.66667  9975.4629
353.54575  9988.0194
353.42484  9997.5694
353.30392  10003.867
353.18301  10006.743
353.06209  10006.116
352.94118  10001.992
352.82026  9994.4681
352.69935  9983.7242
352.57843  9970.0188
352.45752  9953.6756
352.3366  9935.0705
352.21569  9914.6159
352.09477  9892.7449
351.97386  9869.8948
351.85294  9846.4922
351.73203  9822.9401
351.61111  9799.6059
351.4902  9776.8135
351.36928  9754.8376
351.24837  9733.9002
351.12745  9714.1706
351.00654  9695.767
350.88562  9678.7604
350.76471  9663.1791
350.64379  9649.0152
350.52288  9636.2306
350.40196  9624.7639
350.28105  9614.5361
350.16013  9605.4566
350.03922  9597.4282
349.9183  9590.3513
349.79739  9584.1273
349.67647  9578.6614
349.55556  9573.8643
349.43464  9569.6535
349.31373  9565.9539
349.19281  9562.6982
349.0719  9559.8269
348.95098  9557.2877
348.83007  9555.0349
348.70915  9553.0295
348.58824  9551.2374
348.46732  9549.63
348.34641  9548.1826
348.22549  9546.8741
348.10458  9545.6869
347.98366  9544.6058
347.86275  9543.6178
347.74183  9542.7121
347.62092  9541.8791
347.5  9541.1108
347.37908  9540.4003
347.25817  9539.7416
347.13725  9539.1295
347.01634  9538.5594
346.89542  9538.0273
346.77451  9537.5298
346.65359  9537.0638
346.53268  9536.6266
346.41176  9536.2157
346.29085  9535.8289
346.16993  9535.4644
346.04902  9535.1204
345.9281  9534.7953
345.80719  9534.4877
345.68627  9534.1963
345.56536  9533.92
345.44444  9533.6578
345.32353  9533.4085
345.20261  9533.1715
345.0817  9532.9459
344.96078  9532.7308
344.83987  9532.5258
344.71895  9532.3301
344.59804  9532.1431
344.47712  9531.9644
344.35621  9531.7934
344.23529  9531.6298
344.11438  9531.473
343.99346  9531.3227
343.87255  9531.1785
343.75163  9531.0401
343.63072  9530.9072
343.5098  9530.7795
343.38889  9530.6567
343.26797  9530.5386
343.14706  9530.4249
343.02614  9530.3154
342.90523  9530.2098
342.78431  9530.1081
342.6634  9530.01
342.54248  9529.9154
342.42157  9529.824
342.30065  9529.7357
342.17974  9529.6504
342.05882  9529.568
341.93791  9529.4883
341.81699  9529.4112
341.69608  9529.3366
341.57516  9529.2643
341.45425  9529.1944
341.33333  9529.1266
341.21242  9529.0609
341.0915  9528.9972
340.97059  9528.9354
340.84967  9528.8755
340.72876  9528.8174
340.60784  9528.7609
340.48693  9528.7061
340.36601  9528.6528
340.2451  9528.6011
340.12418  9528.5508
340.00327  9528.5019
339.88235  9528.4543
339.76144  9528.4081
339.64052  9528.363
339.51961  9528.3192
339.39869  9528.2766
339.27778  9528.2351
339.15686  9528.1946
339.03595  9528.1552
338.91503  9528.1168
338.79412  9528.0794
338.6732  9528.0429
338.55229  9528.0073
338.43137  9527.9726
338.31046  9527.9387
338.18954  9527.9057
338.06863  9527.8734
337.94771  9527.8419
337.8268  9527.8112
337.70588  9527.7812
337.58497  9527.7518
337.46405  9527.7232
337.34314  9527.6952
337.22222  9527.6678
337.10131  9527.6411
336.98039  9527.6149
336.85948  9527.5893
336.73856  9527.5643
336.61765  9527.5399
336.49673  9527.5159
336.37582  9527.4925
336.2549  9527.4696
336.13399  9527.4471
336.01307  9527.4252
335.89216  9527.4036
335.77124  9527.3826
335.65033  9527.3619
335.52941  9527.3417
335.4085  9527.3219
335.28758  9527.3025
335.16667  9527.2835
335.04575  9527.2648
334.92484  9527.2465
334.80392  9527.2286
334.68301  9527.211
334.56209  9527.1938
334.44118  9527.1769
334.32026  9527.1603
334.19935  9527.144
334.07843  9527.128
333.95752  9527.1124
333.8366  9527.097
333.71569  9527.0819
333.59477  9527.067
333.47386  9527.0525
333.35294  9527.0382
333.23203  9527.0242
333.11111  9527.0104
332.9902  9526.9968
332.86928  9526.9835
332.74837  9526.9704
332.62745  9526.9576
332.50654  9526.945
332.38562  9526.9326
332.26471  9526.9204
332.14379  9526.9084
332.02288  9526.8966
331.90196  9526.885
331.78105  9526.8736
331.66013  9526.8624
331.53922  9526.8513
331.4183  9526.8405
331.29739  9526.8298
331.17647  9526.8193
331.05556  9526.809
330.93464  9526.7988
330.81373  9526.7888
330.69281  9526.779
330.5719  9526.7693
330.45098  9526.7597
330.33007  9526.7503
330.20915  9526.7411
330.08824  9526.732
329.96732  9526.723
329.84641  9526.7142
329.72549  9526.7055
329.60458  9526.6969
329.48366  9526.6885
329.36275  9526.6802
329.24183  9526.672
329.12092  9526.6639
329  9526.656

# Result Name:                  Residuum
# Number of Curves:             1
#
# Curve:                        0
# Values/Curve:                 371
#
366  -232.15112
365.9  26.205544
365.8  45.001198
365.7  156.02267
365.6  21.988658
365.5  9.8369872
365.4  69.700701
365.3  118.43872
365.2  8.1462759
365.1  49.225086
365  78.253757
364.9  203.24078
364.8  -15.337148
364.7  171.97545
364.6  -50.322984
364.5  -39.834906
364.4  -138.87751
364.3  110.70823
364.2  -9.7462865
364.1  -76.326712
364  5.3162436
363.9  -209.98629
363.8  -53.449768
363.7  152.56733
363.6  87.521028
363.5  -108.59026
363.4  87.822678
363.3  -142.57892
363.2  156.94694
363.1  32.304843
363  97.827683
362.9  127.28562
362.8  88.269087
362.7  110.34999
362.6  127.52836
362.5  50.908685
362.4  118.06472
362.3  183.86315
362.2  -98.27558
362.1  -76.532317
362  -164.50411
361.9  -86.962761
361.8  -107.75973
361.7  -118.79384
361.6  137.51162
361.5  90.650619
361.4  149.31828
361.3  -86.476934
361.2  -211.38222
361.1  -170.19275
361  -80.723829
360.9  110.96391
360.8  -289.07081
360.7  -32.554132
360.6  -24.768363
360.5  107.97264
360.4  38.064366
360.3  87.12173
360.2  -187.7226
360.1  140.04086
360  4.6202002
359.9  -33.812107
359.8  24.337509
359.7  46.077499
359.6  -86.077729
359.5  -102.43847
359.4  11.823623
359.3  -163.47958
359.2  -73.694068
359.1  -229.9428
359  221.87544
358.9  51.144414
358.8  27.840686
358.7  165.42308
358.6  98.772891
358.5  11.270522
358.4  24.458505
358.3  89.16854
358.2  -94.078081
358.1  -79.265454
358  38.704613
357.9  -126.62076
357.8  -12.15351
357.7  -120.98565
357.6  0.54795146
357.5  -254.30451
357.4  -361.14479
357.3  6.6536458
357.2  -165.00289
357.1  78.704598
357  190.27092
356.9  78.949439
356.8  -46.98673
356.7  98.157213
356.6  65.824042
356.5  156.53408
356.4  169.95312
356.3  186.47335
356.2  51.010589
356.1  45.667508
356  -243.84933
355.9  -61.879094
355.8  -158.33395
355.7  -25.824537
355.6  -61.698236
355.5  83.972042
355.4  88.714743
355.3  -168.62202
355.2  63.233121
355.1  34.160608
355  153.7073
354.9  27.747735
354.8  -26.704995
354.7  -40.854754
354.6  -79.079861
354.5  -207.68248
354.4  190.62798
354.3  200.54801
354.2  -61.244818
354.1  -49.209071
354  -29.212756
353.9  -58.796755
353.8  1.2298669
353.7  15.866353
353.6  50.281347
353.5  -222.35396
353.4  -75.999022
353.3  238.01426
353.2  253.34664
353.1  33.25038
353  -148.76908
352.9  9.8054041
352.8  -55.127167
352.7  128.34426
352.6  -78.774748
352.5  -137.64349
352.4  -8.8475485
352.3  -4.1067704
352.2  97.479494
352.1  -41.646089
352  33.526087
351.9  -27.388913
351.8  -73.979079
351.7  56.937871
351.6  61.092001
351.5  -21.491238
351.4  71.84165
351.3  20.510963
351.2  -204.51861
351.1  13.048836
351  -115.87571
350.9  65.459553
350.8  76.077098
350.7  -116.78362
350.6  192.25484
350.5  222.02227
350.4  34.124563
350.3  -80.932454
350.2  45.032988
350.1  -46.584107
350  144.18368
349.9  -1.9747264
349.8  -104.53784
349.7  -155.71066
349.6  -430.37539
349.5  -32.737507
349.4  135.6665
349.3  40.993748
349.2  2.1416892
349.1  44.54743
349  67.340101
348.9  18.346888
348.8  159.08898
348.7  266.23962
348.6  73.619038
348.5  181.57577
348.4  -83.105761
348.3  -163.98054
348.2  -170.73622
348.1  10.802401
348  6.449238
347.9  -197.54975
347.8  82.066919
347.7  33.422333
347.6  -85.394676
347.5  -171.67453
347.4  -255.52196
347.3  -35.343247
347.2  176.13514
347.1  -65.482003
347  35.853359
346.9  -98.314362
346.8  186.24188
346.7  45.692011
346.6  140.89666
346.5  50.565761
346.4  -95.984665
346.3  236.45354
346.2  39.463752
346.1  -308.57667
346  -16.175838
345.9  -213.05603
345.8  56.660769
345.7  -214.6395
345.6  135.77489
345.5  -51.025389
345.4  20.766374
345.3  355.11319
345.2  120.05037
345.1  133.86207
345  -25.369767
344.9  217.13706
344.8  88.785953
344.7  114.40916
344.6  144.77676
344.5  100.92809
344.4  61.952841
344.3  -9.8547256
344.2  -33.694318
344.1  -214.70258
344  -2.107995
343.9  289.39161
343.8  -113.2553
343.7  -22.246997
343.6  172.63604
343.5  119.81074
343.4  50.910162
343.3  -52.927352
343.2  -94.292448
343.1  26.063042
343  -86.475126
342.9  313.96916
342.8  206.49018
342.7  -42.850418
342.6  -314.94503
342.5  3.9968412
342.4  272.73135
342.3  6.6263045
342.2  93.857416
342.1  61.135031
342  66.893277
341.9  -132.14991
341.8  -61.181798
341.7  -127.7153
341.6  86.596988
341.5  -13.48175
341.4  -125.944
341.3  148.04426
341.2  53.014555
341.1  59.050577
341  38.043355
340.9  188.08928
340.8  3.9424741
340.7  -62.743585
340.6  29.013551
340.5  166.555
340.4  97.752928
340.3  43.829016
340.2  166.25262
340.1  -98.7724
340  -129.50579
339.9  123.214
339.8  8.7601066
339.7  163.06342
339.6  35.210209
339.5  -165.29191
339.4  -140.30082
339.3  -19.100298
339.2  63.684674
339.1  7.5596476
339  95.734447
338.9  -98.904854
338.8  -173.26021
338.7  -103.42305
338.6  55.448912
338.5  34.00647
338.4  80.881051
338.3  158.98704
338.2  -78.818917
338.1  172.13485
338  62.384619
337.9  -83.061812
337.8  80.102311
337.7  -169.65963
337.6  -32.485736
337.5  -258.10057
337.4  33.427421
337.3  30.254964
337.2  21.678463
337.1  37.94356
337  -2.4675789
336.9  197.25922
336.8  -155.15589
336.7  124.93126
336.6  66.602322
336.5  -5.1070786
336.4  -18.113194
336.3  -47.386112
336.2  34.632058
336.1  -19.494382
336  196.62264
335.9  59.389872
335.8  -198.70469
335.7  29.512051
335.6  -80.406721
335.5  -34.663964
335.4  -220.56073
335.3  -203.65084
335.2  178.18196
335.1  83.346825
335  -113.25281
334.9  61.299808
334.8  31.123983
334.7  -103.7098
334.6  -32.785965
334.5  -14.309383
334.4  136.65569
334.3  -19.16827
334.2  -97.774567
334.1  -24.968901
334  -115.83031
333.9  -105.42251
333.8  -7.8152798
333.7  -48.833065
333.6  -53.61188
333.5  87.827535
333.4  95.028759
333.3  75.954669
333.2  36.808394
333.1  -145.13011
333  -26.59798
332.9  -19.906174
332.8  -34.254343
332.7  36.350861
332.6  -14.285836
332.5  -43.519728
332.4  -185.00224
332.3  -81.027287
332.2  -37.405703
332.1  -103.7186
332  -156.52205
331.9  287.66751
331.8  -40.593749
331.7  -66.045714
331.6  20.84979
331.5  57.155058
331.4  -9.1875062
331.3  116.47387
331.2  51.507201
331.1  66.802202
331  -19.744631
330.9  -125.21076
330.8  -76.978416
330.7  33.6151
330.6  -105.06349
330.5  -167.32507
330.4  -21.768863
330.3  -130.28747
330.2  70.976928
330.1  -67.675744
330  -42.870339
329.9  -7.9063838
329.8  50.893295
329.7  207.48734
329.6  -42.808866
329.5  -115.5192
329.4  -74.628674
329.3  -99.942541
329.2  -85.144686
329.1  36.059473
329  -179.77618

# Region:                       C 1s
# Spectrum ID:                  4
# Acquisition Date:             08/12/26 19:06:08 UTC
# Analysis Method:              XPS
# Analyzer:                     PHOIBOS MCD5 Analyzer
# Analyzer Lens:                LargeArea:1.5kV
# Analyzer Slit:                5:7x20\B:open
# Scan Mode:                    FixedAnalyzerTransmission
# Curves/Scan:                  1
# Values/Curve:                 1001
# Dwell Time:                   0.1
# Excitation Energy:            1253.64
# Binding Energy:               350
# Pass Energy:                  50
# Bias Voltage:                 90
# Detector Voltage:             3000
# Eff. Workfunction:            4.543
# Source:                       X-Ray Dummy
# Comment:                      
#
# Cycle: 0
# Number of Scans: 1
#
# Cycle: 0, Curve: 0
# Acquisition Date:             08/12/26 19:06:08 UTC
#
# ColumnLabels:                 energy counts/s
#
350  10231.068
349.9  10517.103
349.8  10474.803
349.7  10515.735
349.6  10632.545
349.5  11020.414
349.4  11117.935
349.3  10221.102
349.2  10168.04
349.1  10284.497
349  10027.552
348.9  10475.268
348.8  10233.108
348.7  10379.263
348.6  10455.415
348.5  9884.8898
348.4  10167.486
348.3  10051.824
348.2  9950.3188
348.1  10337.788
348  9802.6674
347.9  10006.746
347.8  9442.6381
347.7  9807.6578
347.6  9764.3506
347.5  9919.2022
347.4  10322.661
347.3  9450.692
347.2  9819.5476
347.1  9660.4925
347  9479.8722
346.9  9618.5675
346.8  9529.3292
346.7  9294.7705
346.6  9243.9167
346.5  9372.3436
346.4  9317.1743
346.3  9350.7935
346.2  9404.6731
346.1  9565.7275
346  9637.4158
345.9  9521.5953
345.8  9466.4095
345.7  9696.551
345.6  9130.7389
345.5  9548.7581
345.4  9458.4581
345.3  9008.7856
345.2  9523.9981
345.1  9819.2267
345  9363.3602
344.9  9370.8428
344.8  9621.6797
344.7  9471.3713
344.6  10121.209
344.5  9347.5898
344.4  9436.1275
344.3  9720.4017
344.2  9625.5766
344.1  9322.882
344  9001.062
343.9  9169.3175
343.8  9377.575
343.7  9451.3015
343.6  9327.7474
343.5  9779.9656
343.4  9397.239
343.3  9974.3129
343.2  9529.4104
343.1  9682.7076
343  9483.3162
342.9  9933.1015
342.8  9797.8323
342.7  9969.2467
342.6  9679.8835
342.5  9326.4288
342.4  9177.0411
342.3  9059.4918
342.2  9287.6202
342.1  9920.0343
342  9566.7468
341.9  9350.4424
341.8  9610.0072
341.7  10122.472
341.6  9824.8021
341.5  9589.8992
341.4  9781.6972
341.3  9127.0103
341.2  9451.7818
341.1  9991.6768
341  9651.5369
340.9  9654.3459
340.8  10006.631
340.7  9478.5018
340.6  9400.1632
340.5  9771.7127
340.4  9575.5312
340.3  9184.0336
340.2  9659.5243
340.1  9450.6947
340  9557.6606
339.9  10007.53
339.8  9802.9
339.7  9331.8259
339.6  9461.7608
339.5  9704.557
339.4  9207.5484
339.3  9292.8284
339.2  9505.5456
339.1  9910.5795
339  9726.6387
338.9  9717.8504
338.8  9681.8376
338.7  10172.095
338.6  9455.9507
338.5  9425.2884
338.4  9316.598
338.3  9322.8021
338.2  9403.83
338.1  9142.3215
338  9544.8043
337.9  9211.3219
337.8  9516.2497
337.7  9679.3956
337.6  9156.9531
337.5  9508.7376
337.4  9472.1537
337.3  9350.5719
337.2  9429.9375
337.1  9158.6001
337  9667.9692
336.9  9611.5097
336.8  10076.381
336.7  9179.8795
336.6  9360.1689
336.5  9605.9152
336.4  9464.638
336.3  9648.2723
336.2  9443.3015
336.1  9725.8233
336  9609.8905
335.9  9272.5316
335.8  9206.0494
335.7  9291.0447
335.6  9493.1859
335.5  9408.0918
335.4  9866.0236
335.3  9531.0789
335.2  9409.481
335.1  9318.1524
335  9136.4646
334.9  9505.952
334.8  9383.9058
334.7  9369.2022
334.6  9589.1435
334.5  9396.4089
334.4  9155.6474
334.3  9524.9316
334.2  9546.783
334.1  9405.8803
334  9432.8077
333.9  9072.1642
333.8  8947.9045
333.7  9391.0181
333.6  10002.922
333.5  9494.2315
333.4  9772.6784
333.3  9327.2067
333.2  9158.6795
333.1  9451.482
333  9963.9037
332.9  9475.7783
332.8  9315.6569
332.7  9370.8946
332.6  8923.9035
332.5  9219.3986
332.4  9319.3302
332.3  9504.0674
332.2  9802.5158
332.1  9507.0774
332  9749.6984
331.9  9585.0562
331.8  9501.462
331.7  9624.5818
331.6  9442.9693
331.5  9362.6863
331.4  9771.2327
331.3  9085.2064
331.2  9485.2792
331.1  9411.5979
331  9064.779
330.9  9223.2846
330.8  9288.5271
330.7  9461.6601
330.6  9497.9137
330.5  9415.7238
330.4  9235.9477
330.3  9761.5895
330.2  9848.2958
330.1  9633.4773
330  9408.8142
329.9  9325.3375
329.8  9415.1967
329.7  9647.3144
329.6  9381.9474
329.5  9097.828
329.4  9252.8218
329.3  9338.765
329.2  10070.402
329.1  9781.7342
329  9093.6404
328.9  8850.0241
328.8  9415.2562
328.7  9363.3192
328.6  9460.4051
328.5  10077.008
328.4  9433.0685
328.3  9539.3597
328.2  9048.9422
328.1  8916.0981
328  9089.6306
327.9  9072.018
327.8  9199.291
327.7  9307.8577
327.6  9208.0904
327.5  9281.5204
327.4  9409.1666
327.3  8897.1324
327.2  9354.3038
327.1  9563.9853
327  9648.7679
326.9  9500.3692
326.8  9368.3327
326.7  9383.1078
326.6  9292.5991
326.5  9065.9908
326.4  9029.3253
326.3  9076.0861
326.2  9449.7677
326.1  9462.8716
326  9424.5499
325.9  9021.3867
325.8  9564.5419
325.7  9470.4837
325.6  9049.6799
325.5  9473.968
325.4  9567.9226
325.3  9432.6627
325.2  9097.7506
325.1  9525.9419
325  9622.9664
324.9  8977.6051
324.8  9079.7373
324.7  9453.4321
324.6  9586.0839
324.5  9335.4309
324.4  9566.8414
324.3  9438.5528
324.2  9224.9982
324.1  9164.328
324  9725.3542
323.9  8849.8701
323.8  9517.0423
323.7  9536.612
323.6  9415.4422
323.5  9108.146
323.4  9194.8998
323.3  9693.6558
323.2  9576.3161
323.1  9176.5086
323  8962.4798
322.9  9036.9985
322.8  9455.6324
322.7  9277.8318
322.6  9221.3611
322.5  8809.5964
322.4  9255.1637
322.3  9346.3589
322.2  9397.3576
322.1  9297.7312
322  9261.1513
321.9  9552.1194
321.8  9232.6038
321.7  9283.4333
321.6  9591.8954
321.5  8986.7423
321.4  9282.0542
321.3  9380.3091
321.2  9396.9569
321.1  9634.9091
321  8951.6721
320.9  8754.0401
320.8  9354.8973
320.7  9300.9074
320.6  9324.9885
320.5  8908.0149
320.4  9190.9256
320.3  9701.1097
320.2  9651.1565
320.1  9146.4159
320  9152.3438
319.9  9247.0509
319.8  9502.925
319.7  9417.5349
319.6  9138.4193
319.5  9269.234
319.4  9510.5864
319.3  9421.2733
319.2  9177.1878
319.1  9325.6081
319  8873.4052
318.9  9691.5144
318.8  10112.776
318.7  9500.4877
318.6  8982.2421
318.5  9259.8702
318.4  9561.4371
318.3  9490.9371
318.2  9764.1745
318.1  9662.0932
318  9428.5622
317.9  9345.6196
317.8  9468.2707
317.7  9829.0098
317.6  9708.7773
317.5  9850.4867
317.4  9794.6106
317.3  9377.3582
317.2  9122.9332
317.1  9216.0535
317  9069.2417
316.9  9511.737
316.8  9537.5554
316.7  9633.4505
316.6  9565.4914
316.5  9516.2659
316.4  9736.2939
316.3  9780.0007
316.2  9435.3061
316.1  9658.5503
316  9893.9787
315.9  9721.2937
315.8  9560.4198
315.7  9339.895
315.6  9471.039
315.5  9803.0226
315.4  9625.5074
315.3  9523.2054
315.2  9282.5639
315.1  9448.3273
315  9686.9516
314.9  9288.5304
314.8  9799.9891
314.7  9313.9522
314.6  9189.429
314.5  10045.545
314.4  9588.0588
314.3  9233.0781
314.2  9951.0548
314.1  10126.639
314  9537.5088
313.9  9870.4727
313.8  9685.9856
313.7  9513.6535
313.6  9248.4682
313.5  9119.3934
313.4  10102.158
313.3  10001.344
313.2  9909.0825
313.1  10072.589
313  9605.0285
312.9  9585.0626
312.8  9639.4424
312.7  9688.0798
312.6  9783.5932
312.5  9501.6896
312.4  9784.3237
312.3  9532.847
312.2  9415.6782
312.1  9989.7776
312  9926.9086
311.9  10573.01
311.8  9911.6409
311.7  9951.0563
311.6  9825.949
311.5  10308.037
311.4  9723.4988
311.3  9790.9725
311.2  9946.6866
311.1  9968.5304
311  10032.58
310.9  10167.987
310.8  10441.356
310.7  10114.863
310.6  9587.763
310.5  9986.3468
310.4  10364.596
310.3  9986.726
310.2  9992.9933
310.1  9932.9865
310  10098.363
309.9  10007.917
309.8  10037.694
309.7  10502.763
309.6  10153.334
309.5  9874.1759
309.4  10229.097
309.3  10576.47
309.2  10431.192
309.1  10189.138
309  10204.312
308.9  10594.626
308.8  10454.379
308.7  10142.237
308.6  10053.092
308.5  9596.4391
308.4  9825.7839
308.3  10262.665
308.2  9882.351
308.1  10348.548
308  9973.615
307.9  9874.383
307.8  10270.757
307.7  9822.8467
307.6  9985.6023
307.5  9787.4298
307.4  10029.047
307.3  10383.684
307.2  9962.0377
307.1  9708.653
307  10052.595
306.9  9616.1578
306.8  9751.0199
306.7  10005.008
306.6  9984.6905
306.5  10041.302
306.4  9973.442
306.3  9909.0127
306.2  9301.5303
306.1  9351.1715
306  9732.4233
305.9  9582.1728
305.8  9922.7815
305.7  9718.4063
305.6  9789.7864
305.5  9289.3853
305.4  9612.8959
305.3  9640.311
305.2  9587.1082
305.1  9417.7591
305  9463.4045
304.9  9593.8877
304.8  9395.0142
304.7  9363.0742
304.6  9165.1216
304.5  9199.5163
304.4  8963.8975
304.3  8892.6738
304.2  8967.3069
304.1  8915.0882
304  9002.9393
303.9  9467.8056
303.8  9349.6295
303.7  8930.9521
303.6  9009.5843
303.5  8569.5641
303.4  9011.9394
303.3  9092.648
303.2  8803.7467
303.1  8560.1114
303  8127.626
302.9  9064.754
302.8  7874.9482
302.7  8753.9866
302.6  8410.5336
302.5  8289.3602
302.4  8362.2927
302.3  8751.4123
302.2  8325.5892
302.1  8653.1623
302  8328.6697
301.9  7802.7066
301.8  8025.3412
301.7  7677.6951
301.6  7675.1307
301.5  7401.0322
301.4  7742.8044
301.3  7718.5116
301.2  7620.8477
301.1  7635.5575
301  7250.4661
300.9  7666.7545
300.8  7430.6004
300.7  7315.3353
300.6  7105.3228
300.5  7237.7681
300.4  7898.5553
300.3  7154.1546
300.2  7177.9286
300.1  7732.0481
300  7228.9798
299.9  7625.9481
299.8  7359.5852
299.7  7155.7768
299.6  7426.8784
299.5  7210.5706
299.4  6964.561
299.3  6919.1867
299.2  6881.6265
299.1  7168.7929
299  6660.0003
298.9  6760.3411
298.8  7001.3045
298.7  6539.1697
298.6  7104.0406
298.5  6466.084
298.4  6586.485
298.3  6849.9536
298.2  6440.6386
298.1  5931.6074
298  6311.304
297.9  6361.7525
297.8  6397.5225
297.7  6060.2009
297.6  6210.0368
297.5  6004.5015
297.4  6137.3567
297.3  6149.3407
297.2  5754.7256
297.1  5558.2114
297  5682.828
296.9  5384.8689
296.8  5623.8044
296.7  5679.1544
296.6  5432.3731
296.5  5622.6536
296.4  5110.8226
296.3  5806.354
296.2  5601.1639
296.1  5344.0025
296  5529.3849
295.9  5177.6599
295.8  5346.0123
295.7  5544.6011
295.6  5083.6747
295.5  5167.8158
295.4  5403.1744
295.3  4981.0565
295.2  5005.154
295.1  4777.2393
295  4950.1106
294.9  4964.8938
294.8  4843.7942
294.7  4864.3333
294.6  5116.3677
294.5  5087.1003
294.4  4600.0444
294.3  4594.5937
294.2  4758.6488
294.1  4877.2869
294  5142.5214
293.9  4586.0649
293.8  4628.7972
293.7  4474.3214
293.6  4424.2637
293.5  4787.7608
293.4  4504.6334
293.3  4680.3833
293.2  4840.9961
293.1  5314.467
293  5026.966
292.9  5185.5486
292.8  5461.0292
292.7  5226.7973
292.6  5451.9385
292.5  5715.2325
292.4  6031.0617
292.3  6243.5184
292.2  6377.8079
292.1  6613.5913
292  6787.9241
291.9  6464.712
291.8  7236.2154
291.7  7490.4879
291.6  6982.285
291.5  7524.9639
291.4  7403.1377
291.3  7504.8305
291.2  7906.3856
291.1  7883.1459
291  8037.401
290.9  8399.0124
290.8  8373.3384
290.7  8102.0983
290.6  9107.928
290.5  8920.64
290.4  9051.0177
290.3  8911.3171
290.2  10162.841
290.1  9974.7456
290  10327.525
289.9  10402.794
289.8  11128.526
289.7  11876.576
289.6  12925.895
289.5  13650.532
289.4  15144.486
289.3  15288.64
289.2  16480.387
289.1  17021.059
289  17872.971
288.9  18635.189
288.8  20507.084
288.7  21090.919
288.6  22668.73
288.5  23935.162
288.4  25027.018
288.3  26459.531
288.2  26989.663
288.1  28510.179
288  31112.375
287.9  31919.439
287.8  32732.995
287.7  32657.808
287.6  32757.392
287.5  34038.104
287.4  34828.423
287.3  35028.123
287.2  34820.111
287.1  33525.991
287  34376.242
286.9  33645.149
286.8  33154.707
286.7  31516.422
286.6  30759.634
286.5  29719.972
286.4  28555.003
286.3  26767.805
286.2  25033.252
286.1  23766.672
286  21459.128
285.9  19902.54
285.8  18887.028
285.7  17444.683
285.6  15795.128
285.5  14706.103
285.4  13522.563
285.3  12204.183
285.2  10481.038
285.1  9897.9212
285  9157.3106
284.9  8696.7757
284.8  7625.8888
284.7  6636.2668
284.6  6709.8172
284.5  6020.1113
284.4  5949.5509
284.3  5527.788
284.2  5293.1709
284.1  5234.2964
284  4886.7421
283.9  4861.5057
283.8  4757.6627
283.7  4275.8798
283.6  4705.3965
283.5  4620.4138
283.4  4491.8072
283.3  4537.2507
283.2  4438.6968
283.1  4281.5799
283  4643.5843
282.9  4593.0475
282.8  4064.9364
282.7  4495.7437
282.6  4410.7603
282.5  4447.0701
282.4  4236.1782
282.3  4064.387
282.2  4414.6751
282.1  4475.0548
282  4604.7241
281.9  4670.1447
281.8  4401.2982
281.7  4205.9395
281.6  4307.2234
281.5  4354.1285
281.4  4705.1491
281.3  4337.301
281.2  4651.0204
281.1  4663.4391
281  4511.2854
280.9  4721.3223
280.8  4870.5862
280.7  4831.7199
280.6  5111.0108
280.5  4649.6239
280.4  4654.3835
280.3  4581.6771
280.2  4992.6494
280.1  5110.2163
280  5484.0127
279.9  5453.3699
279.8  5317.8209
279.7  5833.0046
279.6  5881.2327
279.5  5786.998
279.4  6075.7469
279.3  6300.1414
279.2  6360.0832
279.1  6294.129
279  6177.6395
278.9  6322.6875
278.8  6843.3603
278.7  6891.7656
278.6  7219.556
278.5  7147.8229
278.4  6956.0093
278.3  6692.7144
278.2  6855.1524
278.1  7208.6477
278  6792.6724
277.9  6540.8727
277.8  6221.9818
277.7  6022.6504
277.6  6256.8599
277.5  6138.8779
277.4  6074.3125
277.3  5894.1926
277.2  6251.5288
277.1  6209.8412
277  5635.271
276.9  5202.0248
276.8  5485.32
276.7  5766.8179
276.6  5351.4897
276.5  5386.4403
276.4  4684.9744
276.3  4768.0592
276.2  4791.5894
276.1  4784.7824
276  4647.8985
275.9  4455.1284
275.8  4408.7934
275.7  4414.2169
275.6  4090.6106
275.5  4035.6862
275.4  3982.0651
275.3  3863.9129
275.2  3631.6585
275.1  3759.427
275  3726.5338
274.9  3654.0265
274.8  3420.3289
274.7  3534.2267
274.6  3568.563
274.5  3423.8756
274.4  3150.6906
274.3  2976.9502
274.2  3239.0816
274.1  3246.1223
274  3136.0188
273.9  2975.7243
273.8  3087.084
273.7  3445.9536
273.6  3072.5625
273.5  3064.5026
273.4  3133.5961
273.3  3222.1374
273.2  3009.5547
273.1  3220.7238
273  3027.6959
272.9  3135.6417
272.8  3214.77
272.7  3317.883
272.6  2771.4344
272.5  2717.2927
272.4  2806.734
272.3  2814.968
272.2  3162.8191
272.1  3411.294
272  3267.4132
271.9  3295.9456
271.8  2915.5362
271.7  3184.0732
271.6  2991.3076
271.5  3165.9263
271.4  3171.3208
271.3  3172.4106
271.2  2994.2436
271.1  3168.5639
271  3413.3626
270.9  3042.6307
270.8  3350.7145
270.7  3334.8489
270.6  3287.8634
270.5  3033.0379
270.4  3155.1502
270.3  3221.2786
270.2  3150.4815
270.1  2928.5529
270  3229.2613
269.9  3201.6698
269.8  3161.4611
269.7  3423.3019
269.6  3326.7996
269.5  3234.2327
269.4  3295.8811
269.3  3437.0726
269.2  3101.004
269.1  3416.5184
269  3273.8165
268.9  3160.4282
268.8  3069.755
268.7  3265.0886
268.6  3189.7898
268.5  3180.9661
268.4  3120.3993
268.3  3087.2111
268.2  3080.3264
268.1  3303.2363
268  3007.4643
267.9  3378.7271
267.8  3378.091
267.7  3230.9279
267.6  3387.9853
267.5  3208.4622
267.4  3175.6163
267.3  3348.4255
267.2  3188.7652
267.1  2952.0059
267  2747.742
266.9  3088.0977
266.8  3130.1786
266.7  2988.6423
266.6  3033.2986
266.5  2998.1568
266.4  3265.9704
266.3  3275.0481
266.2  3481.2197
266.1  3211.2416
266  3143.5168
265.9  3054.8548
265.8  3072.7954
265.7  3276.7026
265.6  3099.8377
265.5  3042.8852
265.4  2899.5544
265.3  3153.3747
265.2  3034.9123
265.1  2919.6598
265  2996.816
264.9  2850.1356
264.8  2805.8903
264.7  2930.3074
264.6  2898.7128
264.5  3007.2028
264.4  2899.1902
264.3  2856.0432
264.2  2782.6014
264.1  2885.6099
264  3212.6446
263.9  2907.2804
263.8  2664.7611
263.7  2809.5596
263.6  2824.635
263.5  2888.7066
263.4  2808.213
263.3  3062.3782
263.2  2955.6407
263.1  2720.5535
263  2948.0787
262.9  2762.7625
262.8  3211.6261
262.7  3018.4175
262.6  2865.4228
262.5  2960.6747
262.4  3136.8162
262.3  2642.1401
262.2  2740.508
262.1  2996.0868
262  2844.4612
261.9  2580.7112
261.8  2748.5381
261.7  2605.7951
261.6  2925.4547
261.5  2796.7305
261.4  2742.114
261.3  2649.7084
261.2  2905.9655
261.1  3120.0378
261  2825.3739
260.9  2689.2446
260.8  2812.7133
260.7  2797.2361
260.6  2704.9394
260.5  2798.301
260.4  2626.8079
260.3  2728.1556
260.2  2685.646
260.1  3018.9058
260  2757.2236
259.9  2552.4249
259.8  2642.3397
259.7  2811.8492
259.6  2732.6632
259.5  2898.1098
259.4  2781.2739
259.3  2702.9588
259.2  2964.4362
259.1  2917.6024
259  2651.8488
258.9  2981.2161
258.8  2655.0413
258.7  2785.9608
258.6  2846.8038
258.5  2860.9564
258.4  2699.1363
258.3  2880.8796
258.2  2602.0464
258.1  2718.5468
258  2890.7321
257.9  2863.7767
257.8  2702.0803
257.7  2854.7304
257.6  2900.8243
257.5  2754.2736
257.4  2704.7822
257.3  2638.625
257.2  2640.6324
257.1  2470.3427
257  2603.0665
256.9  2828.3121
256.8  2553.3103
256.7  2697.6123
256.6  2889.7975
256.5  2620.7828
256.4  2609.232
256.3  2594.825
256.2  2549.4942
256.1  2687.623
256  2775.361
255.9  2791.3246
255.8  2751.5648
255.7  2831.8738
255.6  2736.0519
255.5  2715.0083
255.4  2835.386
255.3  2763.243
255.2  2608.996
255.1  2460.0802
255  2660.4452
254.9  3058.5004
254.8  2715.7851
254.7  2845.4863
254.6  2697.0793
254.5  2747.823
254.4  2796.3039
254.3  2468.4894
254.2  2483.6983
254.1  2697.6062
254  2795.2119
253.9  2761.6418
253.8  2901.5916
253.7  2677.4609
253.6  2514.058
253.5  2840.0051
253.4  2709.4764
253.3  2638.7234
253.2  2841.4772
253.1  2719.522
253  2639.5419
252.9  2642.8394
252.8  2605.2732
252.7  2590.5057
252.6  2879.604
252.5  2734.0997
252.4  2572.4066
252.3  2663.613
252.2  2440.0712
252.1  2729.3583
252  2892.0586
251.9  2763.1982
251.8  2651.7262
251.7  2813.8646
251.6  2740.4521
251.5  2743.0688
251.4  2858.7912
251.3  2841.6904
251.2  2755.5137
251.1  2687.3825
251  2591.1815
250.9  2706.8055
250.8  2610.0186
250.7  2670.4336
250.6  2545.2485
250.5  2874.1265
250.4  2756.8644
250.3  2644.9903
250.2  2509.874
250.1  2624.0542
250  2485.426

# Region:                       Overall
# Spectrum ID:                  5
# Acquisition Date:             08/12/26 19:14:44 UTC
# Analysis Method:              XPS
# Analyzer:                     PHOIBOS MCD5 Analyzer
# Analyzer Lens:                LargeArea:1.5kV
# Analyzer Slit:                5:7x20\B:open
# Scan Mode:                    FixedAnalyzerTransmission
# Curves/Scan:                  1
# Values/Curve:                 1002
# Dwell Time:                   0.5
# Excitation Energy:            1253.64
# Binding Energy:               1000
# Pass Energy:                  50
# Bias Voltage:                 90
# Detector Voltage:             3000
# Eff. Workfunction:            4.543
# Source:                       X-Ray Dummy
# Comment:                      
#
# Cycle: 0
# Number of Scans: 1
#
# Cycle: 0, Curve: 0
# Acquisition Date:             08/12/26 19:14:44 UTC
#
# ColumnLabels:                 energy counts/s
#
1000  27588.889
999.001  27651.088
998.002  27722.851
997.003  28363.09
996.004  28578.295
995.005  28412.074
994.00599  28146.105
993.00699  28224.34
992.00799  27859.831
991.00899  27541.663
990.00999  27319.359
989.01099  26553.328
988.01199  26073.974
987.01299  25550.036
986.01399  24665.458
985.01499  23914.598
984.01598  23293.869
983.01698  22779.212
982.01798  22389.263
981.01898  22047.437
980.01998  22061.09
979.02098  22141.871
978.02198  21734.15
977.02298  21672.704
976.02398  21593.308
975.02498  21715.259
974.02597  21717.096
973.02697  21716.021
972.02797  21832.735
971.02897  21895.54
970.02997  21808.269
969.03097  21525.168
968.03197  21723.319
967.03297  21858.268
966.03397  21969.811
965.03497  22168.433
964.03596  21996.98
963.03696  21934.329
962.03796  22120.616
961.03896  22345.168
960.03996  22094.748
959.04096  21852.75
958.04196  21538.861
957.04296  21627.112
956.04396  21971.903
955.04496  22030.751
954.04595  22109.986
953.04695  22033.082
952.04795  21975.621
951.04895  21807.943
950.04995  21764.139
949.05095  22112.788
948.05195  22326.845
947.05295  22072.598
946.05395  22120.216
945.05495  22130.157
944.05594  22126.429
943.05694  22118.62
942.05794  22270.205
941.05894  22602.561
940.05994  22672.318
939.06094  22393.172
938.06194  22187.282
937.06294  22190.907
936.06394  22383.982
935.06494  22409.014
934.06593  22396.873
933.06693  22383.272
932.06793  22597.96
931.06893  22387.879
930.06993  22250.387
929.07093  22247.881
928.07193  22356.251
927.07293  22576.846
926.07393  22493.003
925.07493  22720.708
924.07592  22577.867
923.07692  22458.959
922.07792  22334.142
921.07892  22566.048
920.07992  22734.739
919.08092  22696.44
918.08192  22748.761
917.08292  22750.669
916.08392  22540.801
915.08492  22618.16
914.08591  22679.188
913.08691  22741.032
912.08791  23153.28
911.08891  23311.346
910.08991  23105.684
909.09091  22950.587
908.09191  23009.76
907.09291  22941.452
906.09391  22852.784
905.09491  22976.554
904.0959  23080.62
903.0969  23038.167
902.0979  22848.116
901.0989  23059.812
900.0999  23240.1
899.1009  23120.602
898.1019  23334.536
897.1029  23215.766
896.1039  23386.337
895.1049  23534.7
894.10589  23291.415
893.10689  23300.834
892.10789  23580.479
891.10889  23485.677
890.10989  23288.718
889.11089  23471.674
888.11189  23425.006
887.11289  23282.921
886.11389  23228.567
885.11489  23347.957
884.11588  23344.183
883.11688  23562.096
882.11788  23484.542
881.11888  23539.929
880.11988  23447.022
879.12088  23596.673
878.12188  23623.967
877.12288  23599.175
876.12388  23449.188
875.12488  23181.286
874.12587  23307.182
873.12687  23526.05
872.12787  23744.551
871.12887  24044.642
870.12987  24104.512
869.13087  23773.118
868.13187  23639.928
867.13287  24015.462
866.13387  24001.975
865.13487  23742.19
864.13586  23995.71
863.13686  24087.335
862.13786  23898.023
861.13886  23978.22
860.13986  23929.478
859.14086  24067.17
858.14186  24071.104
857.14286  23831.877
856.14386  24064.275
855.14486  23994.419
854.14585  23919.385
853.14685  24081.267
852.14785  24331.8
851.14885  24442.835
850.14985  24503.978
849.15085  24109.07
848.15185  24408.934
847.15285  24630.907
846.15385  24473.777
845.15485  24364.353
844.15584  24454.324
843.15684  24319.012
842.15784  24104.252
841.15884  24257.691
840.15984  24252.956
839.16084  24561.907
838.16184  24888.685
837.16284  24719.971
836.16384  24418.967
835.16484  24915.962
834.16583  24817.673
833.16683  24631.938
832.16783  24829.14
831.16883  24627.374
830.16983  24506.737
829.17083  24549.98
828.17183  24557.782
827.17283  24561.366
826.17383  24731.603
825.17483  24920.506
824.17582  24797.943
823.17682  25036.919
822.17782  25180.733
821.17882  25155.053
820.17982  25232.677
819.18082  25262.704
818.18182  25024.838
817.18282  25113.184
816.18382  25121.152
815.18482  25062.436
814.18581  25234.343
813.18681  25363.258
812.18781  25272.432
811.18881  25409.038
810.18981  25189.123
809.19081  25148.019
808.19181  25075.69
807.19281  25110.95
806.19381  25270.965
805.19481  25221.29
804.1958  25383.736
803.1968  25619.163
802.1978  25390.969
801.1988  25443.514
800.1998  25690.031
799.2008  25593.535
798.2018  25544.802
797.2028  25514.396
796.2038  25623.986
795.2048  25701.012
794.20579  25636.466
793.20679  25697.258
792.20779  25891.486
791.20879  26237.269
790.20979  26551.541
789.21079  26331.733
788.21179  26132.394
787.21279  26259.87
786.21379  26243.96
785.21479  26184.431
784.21578  26046.189
783.21678  25861.607
782.21778  25705.605
781.21878  25913.415
780.21978  25843.808
779.22078  25503.959
778.22178  25565.857
777.22278  25614.393
776.22378  25515.854
775.22478  25717.684
774.22577  26019.993
773.22677  26462.649
772.22777  26333.83
771.22877  26479.793
770.22977  27004.751
769.23077  27320.832
768.23177  27111.484
767.23277  26923.415
766.23377  26480.904
765.23477  26305.394
764.23576  26172.725
763.23676  25688.629
762.23776  25510.308
761.23876  25274.967
760.23976  24804.823
759.24076  24459.482
758.24176  24304.82
757.24276  24376.394
756.24376  24416.374
755.24476  23915.201
754.24575  23892.999
753.24675  24184.059
752.24775  24733.974
751.24875  25662.927
750.24975  26187.457
749.25075  26919.004
748.25175  27914.629
747.25275  28391.933
746.25375  27853.488
745.25475  27078.483
744.25574  26186.848
743.25674  25549.164
742.25774  24652.531
741.25874  24380.645
740.25974  23932.088
739.26074  22919.734
738.26174  21704.644
737.26274  20681.807
736.26374  19612.04
735.26474  18601.987
734.26573  18232.874
733.26673  18268.781
732.26773  18065.827
731.26873  17743.301
730.26973  17527.62
729.27073  17473.925
728.27173  17606.985
727.27273  17825.293
726.27373  17721.045
725.27473  17715.432
724.27572  17878.518
723.27672  17871.661
722.27772  17693.093
721.27872  17573.015
720.27972  17583.536
719.28072  17451.921
718.28172  17336.698
717.28272  17369.761
716.28372  17391.859
715.28472  17182.557
714.28571  17154.835
713.28671  17358.501
712.28771  17441.472
711.28871  17687.237
710.28971  17749.413
709.29071  17567.665
708.29171  17469.186
707.29271  17469.077
706.29371  17737.625
705.29471  17716.604
704.2957  17496.456
703.2967  17540.282
702.2977  17612.78
701.2987  17580.284
700.2997  17699.288
699.3007  17582.869
698.3017  17469.804
697.3027  17364.905
696.3037  17220.687
695.3047  17089.328
694.30569  17398.994
693.30669  17321.204
692.30769  17360.394
691.30869  17362.126
690.30969  17349.202
689.31069  17603.62
688.31169  17511.848
687.31269  17415.201
686.31369  17476.896
685.31469  17499.569
684.31568  17278.596
683.31668  17353.897
682.31768  17453.408
681.31868  17335.618
680.31968  17030.624
679.32068  17295.998
678.32168  17515.874
677.32268  17580.187
676.32368  17614.2
675.32468  17415.946
674.32567  17377.551
673.32667  17685.396
672.32767  17430.537
671.32867  17621.41
670.32967  17625.689
669.33067  17740.529
668.33167  17559.146
667.33267  17342.603
666.33367  17341.332
665.33467  17418.032
664.33566  17614.387
663.33666  17510.874
662.33766  17343.714
661.33866  17288.686
660.33966  17346.394
659.34066  17389.933
658.34166  17485.308
657.34266  17517.501
656.34366  17164.925
655.34466  17169.724
654.34565  17557.676
653.34665  17693.985
652.34765  17566.431
651.34865  17536.994
650.34965  17428.013
649.35065  17460.225
648.35165  17293.363
647.35265  17250.633
646.35365  17249.167
645.35465  17209.101
644.35564  17267.37
643.35664  17232.96
642.35764  17220.602
641.35864  17224.129
640.35964  17467.218
639.36064  17219.157
638.36164  16982.864
637.36264  17314.621
636.36364  17455.056
635.36464  17237.238
634.36563  17254.965
633.36663  17368.941
632.36763  17196.39
631.36863  17184.52
630.36963  17203.866
629.37063  17220.202
628.37163  17283.723
627.37263  17154.311
626.37363  17199.492
625.37463  17267.863
624.37562  17259.46
623.37662  17334.728
622.37762  17163.137
621.37862  17072.515
620.37962  16962.064
619.38062  16891.31
618.38162  17250.583
617.38262  17376.059
616.38362  17167.078
615.38462  17121.813
614.38561  17185.026
613.38661  17014.434
612.38761  17042.98
611.38861  17254.615
610.38961  17200.979
609.39061  17084.35
608.39161  17030.26
607.39261  17131.498
606.39361  17173.518
605.39461  17196.973
604.3956  17050.375
603.3966  17058.111
602.3976  17271.752
601.3986  17291.244
600.3996  17077.043
599.4006  16931.839
598.4016  16801.037
597.4026  16699.265
596.4036  16799.254
595.4046  16874.149
594.40559  16793.885
593.40659  17053.672
592.40759  16919.084
591.40859  16739.671
590.40959  16629.995
589.41059  16797.345
588.41159  16820.789
587.41259  16797.258
586.41359  16727.213
585.41459  16631.722
584.41558  16808.505
583.41658  17105.136
582.41758  16815.231
581.41858  16464.095
580.41958  16789.709
579.42058  16805.466
578.42158  16670.841
577.42258  16669.838
576.42358  16659.116
575.42458  16723.189
574.42557  16574.72
573.42657  16449.378
572.42757  16475.628
571.42857  16352.884
570.42957  16254.539
569.43057  16229.245
568.43157  16260.542
567.43257  16134.413
566.43357  15778.191
565.43457  15927.571
564.43556  16224.444
563.43656  16410.469
562.43756  16353.23
561.43856  16563.216
560.43956  16744.725
559.44056  16710.067
558.44156  16852.595
557.44256  17009.024
556.44356  16946.437
555.44456  16900.674
554.44555  16806.003
553.44655  16622.706
552.44755  16202.065
551.44855  16011.822
550.44955  15758.96
549.45055  15488.032
548.45155  15236.021
547.45255  14634.953
546.45355  14055.643
545.45455  13643.581
544.45554  13312.949
543.45654  12823.643
542.45754  12160.825
541.45854  11788.743
540.45954  11691.3
539.46054  11641.359
538.46154  11855.178
537.46254  13792.012
536.46354  20147.674
535.46454  31174.64
534.46553  38870.11
533.46653  33116.445
532.46753  20871.151
531.46853  13584.099
530.46953  11545.258
529.47053  11197.574
528.47153  11162.086
527.47253  11777.362
526.47353  12890.366
525.47453  13352.642
524.47552  12921.312
523.47652  12088.366
522.47752  10949.03
521.47852  10369.004
520.47952  10229.351
519.48052  9983.6263
518.48152  10069.21
517.48252  10188.99
516.48352  10040.266
515.48452  9987.3636
514.48551  9932.6417
513.48651  9837.7397
512.48751  9909.8715
511.48851  9849.5061
510.48951  9844.7534
509.49051  9783.3985
508.49151  9632.2696
507.49251  9622.5795
506.49351  9577.737
505.49451  9677.9745
504.4955  9830.9607
503.4965  9678.2926
502.4975  9716.1201
501.4985  9768.1278
500.4995  9707.0859
499.5005  9546.7765
498.5015  9472.4151
497.5025  9409.5955
496.5035  9451.5909
495.5045  9437.8981
494.50549  9579.5361
493.50649  9736.2814
492.50749  9663.0789
491.50849  9473.254
490.50949  9612.9579
489.51049  9744.6587
488.51149  9605.5321
487.51249  9589.004
486.51349  9791.1049
485.51449  9667.2625
484.51548  9521.6001
483.51648  9561.1581
482.51748  9621.4221
481.51848  9600.0408
480.51948  9696.8042
479.52048  9732.5685
478.52148  9598.6089
477.52248  9672.7636
476.52348  9777.2095
475.52448  9677.9777
474.52547  9564.2564
473.52647  9564.0377
472.52747  9574.1047
471.52847  9591.2616
470.52947  9663.3007
469.53047  9539.4202
468.53147  9446.0691
467.53247  9385.3663
466.53347  9624.5355
465.53447  9834.266
464.53546  9665.9481
463.53646  9579.7472
462.53746  9546.4223
461.53846  9577.4159
460.53946  9490.0042
459.54046  9454.5684
458.54146  9542.3735
457.54246  9447.9569
456.54346  9503.0464
455.54446  9501.4328
454.54545  9519.4072
453.54645  9466.1008
452.54745  9602.0599
451.54845  9709.8673
450.54945  9669.8539
449.55045  9467.5716
448.55145  9400.6423
447.55245  9497.8517
446.55345  9458.9302
445.55445  9348.4997
444.55544  9518.4751
443.55644  9674.1383
442.55744  9519.1064
441.55844  9574.1488
440.55944  9648.289
439.56044  9686.239
438.56144  9469.74
437.56244  9485.6422
436.56344  9665.7274
435.56444  9638.2573
434.56543  9535.2442
433.56643  9366.073
432.56743  9236.1976
431.56843  9456.9793
430.56943  9587.6715
429.57043  9545.9163
428.57143  9509.5245
427.57243  9414.6878
426.57343  9423.7054
425.57443  9568.8413
424.57542  9523.7656
423.57642  9459.7013
422.57742  9361.8711
421.57842  9454.153
420.57942  9440.8718
419.58042  9250.3004
418.58142  9270.137
417.58242  9444.2923
416.58342  9419.9887
415.58442  9330.5034
414.58541  9169.4657
413.58641  9367.8609
412.58741  9653.2913
411.58841  9545.2589
410.58941  9487.2167
409.59041  9537.6903
408.59141  9398.7998
407.59241  9462.1484
406.59341  9631.8298
405.59441  9578.3233
404.5954  9558.1652
403.5964  9503.0108
402.5974  9544.3082
401.5984  9616.5525
400.5994  9584.5098
399.6004  9408.8692
398.6014  9566.0868
397.6024  9714.475
396.6034  9537.3631
395.6044  9404.728
394.60539  9527.6783
393.60639  9504.4607
392.60739  9488.3574
391.60839  9504.8257
390.60939  9472.2879
389.61039  9481.3629
388.61139  9502.3969
387.61239  9604.3723
386.61339  9614.679
385.61439  9642.5971
384.61538  9509.072
383.61638  9420.1835
382.61738  9527.5806
381.61838  9504.4398
380.61938  9370.3414
379.62038  9281.6175
378.62138  9401.2754
377.62238  9459.7367
376.62338  9627.2367
375.62438  9612.459
374.62537  9507.5774
373.62637  9566.9267
372.62737  9679.0331
371.62837  9609.77
370.62937  9536.5444
369.63037  9517.6898
368.63137  9519.0849
367.63237  9793.9047
366.63337  9671.0391
365.63437  9548.2568
364.63536  9603.9474
363.63636  9589.8709
362.63736  9668.4347
361.63836  9722.7739
360.63936  9560.2789
359.64036  9595.0144
358.64136  9801.8592
357.64236  9804.7419
356.64336  9697.6734
355.64436  9671.8114
354.64535  9783.3252
353.64635  10052.785
352.64735  10130.534
351.64835  10091.54
350.64935  10275.18
349.65035  10505.211
348.65135  10196.007
347.65235  9825.5993
346.65335  9735.4085
345.65435  9601.6075
344.65534  9430.3016
343.65634  9515.8081
342.65734  9610.1964
341.65834  9643.1988
340.65934  9755.1652
339.66034  9630.7628
338.66134  9718.8184
337.66234  9691.9332
336.66334  9457.8628
335.66434  9452.0151
334.66533  9430.5372
333.66633  9426.19
332.66733  9522.0125
331.66833  9481.2584
330.66933  9416.5905
329.67033  9514.1786
328.67133  9590.9625
327.67233  9505.9999
326.67333  9475.2372
325.67433  9348.9202
324.67532  9229.9678
323.67632  9330.9032
322.67732  9431.9131
321.67832  9651.2962
320.67932  9758.4271
319.68032  9628.2818
318.68132  9413.1655
317.68232  9500.2119
316.68332  9506.6672
315.68432  9445.485
314.68531  9544.2536
313.68631  9866.6918
312.68731  10052.15
311.68831  10060.47
310.68931  10045.034
309.69031  10018.461
308.69131  10020.824
307.69231  10226.523
306.69331  9988.2363
305.69431  9677.8743
304.6953  9363.5953
303.6963  8911.9528
302.6973  8538.9653
301.6983  8190.5642
300.6993  7792.9905
299.7003  7248.5932
298.7013  6664.2066
297.7023  6152.8331
296.7033  5836.1104
295.7043  5280.1693
294.70529  4944.0903
293.70629  4872.4754
292.70729  5421.7713
291.70829  6817.0646
290.70929  8526.5224
289.71029  12718.66
288.71129  21852.745
287.71229  31489.513
286.71329  30072.266
285.71429  18247.098
284.71528  8268.3206
283.71628  4795.4258
282.71728  4338.4718
281.71828  4421.0686
280.71928  4895.8125
279.72028  5663.8687
278.72128  6451.5262
277.72228  6383.6034
276.72328  5413.293
275.72428  4148.4216
274.72527  3367.5071
273.72627  3102.4914
272.72727  3145.1116
271.72827  3047.5516
270.72927  3132.3357
269.73027  3256.8953
268.73127  3240.2019
267.73227  3185.9042
266.73327  3083.3605
265.73427  3041.5694
264.73526  2978.3001
263.73626  2813.2265
262.73726  2845.6083
261.73826  2780.6492
260.73926  2750.0887
259.74026  2710.4451
258.74126  2685.3267
257.74226  2674.2533
256.74326  2671.265
255.74426  2709.8716
254.74525  2729.7592
253.74625  2723.562
252.74725  2791.643
251.74825  2788.7268
250.74925  2691.214
249.75025  2680.2097
248.75125  2577.6131
247.75225  2576.9641
246.75325  2661.4642
245.75425  2755.0218
244.75524  2726.6127
243.75624  2680.9136
242.75724  2754.2384
241.75824  2782.5247
240.75924  2718.142
239.76024  2749.162
238.76124  2630.7301
237.76224  2632.7788
236.76324  2695.279
235.76424  2548.9542
234.76523  2465.8183
233.76623  2461.9894
232.76723  2527.6258
231.76823  2469.0537
230.76923  2434.6305
229.77023  2444.9245
228.77123  2402.0176
227.77223  2442.0209
226.77323  2460.7348
225.77423  2415.4493
224.77522  2419.8573
223.77622  2481.7533
222.77722  2503.886
221.77822  2468.2198
220.77922  2428.2256
219.78022  2464.1322
218.78122  2449.6264
217.78222  2394.1732
216.78322  2446.318
215.78422  2509.32
214.78521  2488.4702
213.78621  2487.9369
212.78721  2420.2591
211.78821  2422.2603
210.78921  2415.0959
209.79021  2349.119
208.79121  2379.8545
207.79221  2473.3836
206.79321  2471.2717
205.79421  2437.9922
204.7952  2490.5259
203.7962  2458.8307
202.7972  2421.0876
201.7982  2398.8896
200.7992  2391.2018
199.8002  2444.7734
198.8012  2462.493
197.8022  2422.128
196.8032  2358.9332
195.8042  2406.3347
194.80519  2454.8378
193.80619  2389.356
192.80719  2378.4126
191.80819  2335.5671
190.80919  2352.1505
189.81019  2426.9682
188.81119  2431.0011
187.81219  2418.6868
186.81319  2438.228
185.81419  2459.5938
184.81518  2414.1823
183.81618  2389.7225
182.81718  2362.8122
181.81818  2347.6228
180.81918  2375.0494
179.82018  2391.9156
178.82118  2410.2657
177.82218  2394.8469
176.82318  2382.5298
175.82418  2410.3031
174.82517  2458.9305
173.82617  2407.4933
172.82717  2436.4266
171.82817  2515.78
170.82917  2401.2096
169.83017  2365.134
168.83117  2369.1826
167.83217  2406.2592
166.83317  2475.3373
165.83417  2376.3017
164.83516  2250.4609
163.83616  2328.3953
162.83716  2355.7135
161.83816  2314.3369
160.83916  2376.054
159.84016  2413.8793
158.84116  2434.2147
157.84216  2526.5808
156.84316  2963.6881
155.84416  3325.4789
154.84515  3258.4515
153.84615  2885.9639
152.84715  2537.8037
151.84815  2413.4647
150.84915  2458.7077
149.85015  2457.9435
148.85115  2398.7391
147.85215  2377.6037
146.85315  2338.4821
145.85415  2344.9496
144.85514  2262.3039
143.85614  2303.3409
142.85714  2337.4382
141.85814  2172.2056
140.85914  2248.1979
139.86014  2291.8602
138.86114  2263.1922
137.86214  2237.3365
136.86314  2214.7454
135.86414  2190.0411
134.86513  2285.2031
133.86613  2299.6424
132.86713  2201.1507
131.86813  2215.2005
130.86913  2200.9774
129.87013  2163.1153
128.87113  2248.0639
127.87213  2321.4784
126.87313  2277.0843
125.87413  2235.8757
124.87512  2267.558
123.87612  2257.4857
122.87712  2225.9972
121.87812  2162.9651
120.87912  2214.0714
119.88012  2252.0826
118.88112  2205.3935
117.88212  2267.7254
116.88312  2288.3469
115.88412  2233.3792
114.88511  2191.6172
113.88611  2196.1385
112.88711  2265.8208
111.88811  2212.5299
110.88911  2171.1796
109.89011  2101.5593
108.89111  2159.132
107.89211  2194.4953
106.89311  2249.8173
105.89411  2686.2764
104.8951  3405.2645
103.8961  3407.3488
102.8971  2746.3589
101.8981  2251.9272
100.8991  2110.996
99.9001  2133.9258
98.901099  2159.5325
97.902098  2097.328
96.903097  2152.3624
95.904096  2337.0564
94.905095  2298.3414
93.906094  2200.3156
92.907093  2142.6631
91.908092  2088.6245
90.909091  2033.5634
89.91009  1965.4025
88.911089  2017.3961
87.912088  2161.1751
86.913087  2119.266
85.914086  2083.6946
84.915085  2142.1426
83.916084  2173.9685
82.917083  2120.1578
81.918082  2033.906
80.919081  2044.6531
79.92008  1993.9659
78.921079  2010.5881
77.922078  2107.6048
76.923077  2039.0985
75.924076  2086.3932
74.925075  2191.8549
73.926074  2134.1663
72.927073  2042.2079
71.928072  2066.8562
70.929071  2027.7282
69.93007  1999.4706
68.931069  2113.7385
67.932068  2076.0157
66.933067  1930.8576
65.934066  1980.8816
64.935065  2044.6575
63.936064  2051.0578
62.937063  1988.6412
61.938062  1982.4662
60.939061  1966.7032
59.94006  1996.4604
58.941059  2044.8356
57.942058  2014.0916
56.943057  2032.5556
55.944056  2028.8007
54.945055  2019.4494
53.946054  2127.1721
52.947053  2050.6743
51.948052  1987.7691
50.949051  1972.1197
49.95005  1937.39
48.951049  1947.365
47.952048  2002.027
46.953047  2032.8209
45.954046  2023.4199
44.955045  2032.5699
43.956044  1919.1623
42.957043  1894.6257
41.958042  1922.7257
40.959041  1944.0268
39.96004  1898.2119
38.961039  1873.2473
37.962038  1882.583
36.963037  1875.9961
35.964036  1773.5506
34.965035  1800.7262
33.966034  1881.376
32.967033  1901.7835
31.968032  1942.7238
30.969031  2045.4602
29.97003  2192.3108
28.971029  2338.6135
27.972028  2424.0608
26.973027  2312.6972
25.974026  2051.1723
24.975025  1820.7758
23.976024  1770.4018
22.977023  1726.6304
21.978022  1873.8135
20.979021  1959.9653
19.98002  1912.4926
18.981019  1942.5766
17.982018  1981.7412
16.983017  1878.6311
15.984016  1839.6189
14.985015  1788.9843
13.986014  1688.8304
12.987013  1700.1155
11.988012  1670.1402
10.989011  1705.7417
9.99001  1676.8834
8.991009  1645.5325
7.992008  1639.4428
6.993007  1553.4618
5.994006  1470.4683
4.995005  1309.5216
3.996004  1263.1158
2.997003  1271.9889
1.998002  1273.2308
0.999001  1305.4917
0  1274.6432

