# Created by:        SpecsLab Prodigy, Version 4.79.1-r98952 
#
# XY-Serializer Export Settings:
#   Comment Prefix:           #
#   Output Meta Data:         yes
#   Energy Axis:              Binding Energy
#   Count Rate:               Counts per Second
#   Separate Scan Data:       no
#   Separate Channel Data:    no
#   External Channel Data:    yes
#   Transmission Function:    no
#   Error Bar:                no
#   Operation Results:        yes
#   Time Zone Format:         UTC
#
# Group:                        Spectrum Group
#
# Region:                       Overall
# Spectrum ID:                  1
# Acquisition Date:             08/12/26 19:19:30 UTC
# Analysis Method:              XPS
# Analyzer:                     PHOIBOS MCD5 Analyzer
# Analyzer Lens:                LargeArea:1.5kV
# Analyzer Slit:                5:7x20\B:open
# Scan Mode:                    FixedAnalyzerTransmission
# Curves/Scan:                  1
# Values/Curve:                 1002
# Dwell Time:                   0.1
# Excitation Energy:            1253.64
# Binding Energy:               1000
# Pass Energy:                  50
# Bias Voltage:                 90
# Detector Voltage:             3000
# Eff. Workfunction:            4.543
# Source:                       X-Ray Dummy
# Comment:                      
#
# Cycle: 0
# Number of Scans: 1
#
# Cycle: 0, Curve: 0
# Acquisition Date:             08/12/26 19:19:30 UTC
#
# ColumnLabels:                 energy counts/s
#
1000  25625.211
999.001  25707.221
998.002  26338.97
997.003  26600.581
996.004  26199.138
995.005  26763.257
994.00599  26300.248
993.00699  25811.875
992.00799  26076.272
991.00899  26484.683
990.00999  25714.715
989.01099  24530.729
988.01199  23934.514
987.01299  23387.849
986.01399  22176.564
985.01499  21503.181
984.01598  21287.147
983.01698  20683.966
982.01798  20254.607
981.01898  19530.011
980.01998  19368.096
979.02098  19922.79
978.02198  19991.32
977.02298  20046.134
976.02398  19616.16
975.02498  19546.792
974.02597  19231.508
973.02697  19033.283
972.02797  19423.579
971.02897  19401.035
970.02997  19133.014
969.03097  19427.816
968.03197  19481.389
967.03297  19545.574
966.03397  19512.394
965.03497  19438.758
964.03596  19496.02
963.03696  19598.44
962.03796  20161.567
961.03896  20319.142
960.03996  20231.911
959.04096  19497.65
958.04196  19519.592
957.04296  19710.938
956.04396  19667.031
955.04496  19669.081
954.04595  19473.962
953.04695  19202.702
952.04795  19030.561
951.04895  19536.305
950.04995  20017.793
949.05095  19265.829
948.05195  19132.075
947.05295  19241.685
946.05395  19324.872
945.05495  19617.991
944.05594  20276.608
943.05694  19748.014
942.05794  19336.332
941.05894  19696.021
940.05994  19586.9
939.06094  20051.159
938.06194  19942.334
937.06294  19935.186
936.06394  19782.245
935.06494  19991.102
934.06593  19930.261
933.06693  20134.513
932.06793  19862.786
931.06893  19550.166
930.06993  20126.421
929.07093  20072.701
928.07193  19681.825
927.07293  19768.049
926.07393  20088.428
925.07493  20129.905
924.07592  20376.063
923.07692  20536.287
922.07792  20191.746
921.07892  20197.948
920.07992  19971.391
919.08092  20382.209
918.08192  20109.84
917.08292  19413.778
916.08392  19678.357
915.08492  20416.983
914.08591  20612.926
913.08691  20508.968
912.08791  20368.661
911.08891  19971.977
910.08991  20100.968
909.09091  20035.796
908.09191  19894.372
907.09291  20192.225
906.09391  20318.583
905.09491  19884.993
904.0959  19864.453
903.0969  20345.308
902.0979  20580.074
901.0989  20362.928
900.0999  20424.293
899.1009  20423.435
898.1019  20175.869
897.1029  20522.649
896.1039  20483.417
895.1049  20212.704
894.10589  20057.2
893.10689  20746.785
892.10789  20600.022
891.10889  20098.226
890.10989  20486.52
889.11089  21271.822
888.11189  21620.034
887.11289  21294.388
886.11389  20495.097
885.11489  20031.904
884.11588  20436.678
883.11688  20181.44
882.11788  20365.025
881.11888  20575.249
880.11988  20198.389
879.12088  20723.14
878.12188  20843.988
877.12288  21515.039
876.12388  21594.685
875.12488  21181.638
874.12587  20950.784
873.12687  21168.937
872.12787  21285.785
871.12887  20598.383
870.12987  21262.076
869.13087  20807.758
868.13187  20568.995
867.13287  20546.949
866.13387  20285.806
865.13487  20534.158
864.13586  21064.82
863.13686  21176.901
862.13786  21085.633
861.13886  21098.482
860.13986  21368.441
859.14086  20759.296
858.14186  20635.252
857.14286  21319.633
856.14386  21345.9
855.14486  21049.747
854.14585  21091.604
853.14685  21128.001
852.14785  21022.149
851.14885  21123.56
850.14985  21118.863
849.15085  21534.913
848.15185  21868.663
847.15285  21444.416
846.15385  21047.686
845.15485  20542.614
844.15584  20649.629
843.15684  21736.733
842.15784  21343.922
841.15884  21086.844
840.15984  21168.687
839.16084  21366.123
838.16184  20979.175
837.16284  21028.195
836.16384  21304.608
835.16484  21227.604
834.16583  21701.714
833.16683  22151.079
832.16783  22056.285
831.16883  22044.336
830.16983  22337.52
829.17083  22324.256
828.17183  21855.997
827.17283  21746.932
826.17383  21537.45
825.17483  21973.202
824.17582  22317.417
823.17682  22158.513
822.17782  22126.923
821.17882  21066.896
820.17982  21152.341
819.18082  21972.998
818.18182  22155.96
817.18282  22115.012
816.18382  22109.481
815.18482  21966.776
814.18581  21842.769
813.18681  22213.423
812.18781  22362.634
811.18881  21773.416
810.18981  22063.047
809.19081  22702.415
808.19181  22172.4
807.19281  22018.213
806.19381  22349.064
805.19481  22090.415
804.1958  21894.128
803.1968  21632.733
802.1978  21683.006
801.1988  21869.917
800.1998  21939.639
799.2008  22270.503
798.2018  22389.674
797.2028  22615.764
796.2038  22214.273
795.2048  22165.285
794.20579  22217.553
793.20679  22186.733
792.20779  22383.762
791.20879  22511.949
790.20979  22248.815
789.21079  22827.282
788.21179  22827.207
787.21279  23012.971
786.21379  22889.231
785.21479  22124.139
784.21578  22185.899
783.21678  22451.927
782.21778  21837.535
781.21878  21180.241
780.21978  21931.441
779.22078  22081.516
778.22178  21799.456
777.22278  22343.232
776.22378  22698.058
775.22478  22412.285
774.22577  22311.997
773.22677  22410.653
772.22777  22334.222
771.22877  22834.609
770.22977  23118.372
769.23077  23037.522
768.23177  22177.78
767.23277  22024.26
766.23377  22616.267
765.23477  22369.113
764.23576  21489.979
763.23676  22082.884
762.23776  21684.612
761.23876  20967.81
760.23976  21260.054
759.24076  21246.971
758.24176  20955.867
757.24276  21074.611
756.24376  20827.14
755.24476  20496.166
754.24575  20866.716
753.24675  21048.767
752.24775  21000.153
751.24875  21383.466
750.24975  21957.606
749.25075  22841.564
748.25175  22733.731
747.25275  22889.901
746.25375  23243.394
745.25475  22458.522
744.25574  21717.989
743.25674  21226.194
742.25774  20711.412
741.25874  20593.719
740.25974  20417.295
739.26074  20039.146
738.26174  19681.524
737.26274  18509.432
736.26374  17389.693
735.26474  16943.091
734.26573  16686.781
733.26673  16740.58
732.26773  16625.155
731.26873  16626.103
730.26973  17094.197
729.27073  16499.796
728.27173  16299.437
727.27273  16535.215
726.27373  16727.605
725.27473  16851.018
724.27572  16639.546
723.27672  16423.397
722.27772  16315.123
721.27872  15718.923
720.27972  15834.202
719.28072  15971.091
718.28172  15928.775
717.28272  16109.946
716.28372  16019.673
715.28472  16316.963
714.28571  16596.114
713.28671  16803.547
712.28771  16686.034
711.28871  16679.095
710.28971  16519.077
709.29071  16757.785
708.29171  16351.894
707.29271  15653.356
706.29371  16022.923
705.29471  16347.232
704.2957  16431.52
703.2967  16310.959
702.2977  16173.069
701.2987  16316.16
700.2997  16276.424
699.3007  16550.567
698.3017  16973.445
697.3027  16778.883
696.3037  16261.215
695.3047  16766.662
694.30569  16886.855
693.30669  16595.1
692.30769  16269.889
691.30869  16421.95
690.30969  16945.422
689.31069  16946.819
688.31169  16466.379
687.31269  16017.95
686.31369  16603.652
685.31469  16609.568
684.31568  16460.591
683.31668  16036.58
682.31768  16102.283
681.31868  16252.087
680.31968  16473.412
679.32068  16601.535
678.32168  16581.016
677.32268  16839.042
676.32368  16421.072
675.32468  15993.091
674.32567  16270.081
673.32667  16733.751
672.32767  16423.706
671.32867  16001.726
670.32967  16355.287
669.33067  16246.089
668.33167  15992.86
667.33267  16062.041
666.33367  15873.523
665.33467  16147.351
664.33566  16832.138
663.33666  15976.95
662.33766  15962.386
661.33866  16588.061
660.33966  16079.616
659.34066  16081.339
658.34166  16326.299
657.34266  15935.841
656.34366  16099.217
655.34466  16105.588
654.34565  15819.269
653.34665  16178.08
652.34765  16175.041
651.34865  16216.271
650.34965  16337.909
649.35065  16217.806
648.35165  16240.627
647.35265  15976.57
646.35365  15685.103
645.35465  15621.755
644.35564  15836.549
643.35664  15815.63
642.35764  15973.162
641.35864  15771.371
640.35964  15571.106
639.36064  15768.44
638.36164  15736.883
637.36264  15800.665
636.36364  15894.906
635.36464  15722.454
634.36563  15907.977
633.36663  15679.284
632.36763  15441.255
631.36863  15745.834
630.36963  15877.526
629.37063  15964.816
628.37163  16263.661
627.37263  16147.255
626.37363  16161.224
625.37463  15770.745
624.37562  15538.197
623.37662  15757.519
622.37762  15874.463
621.37862  15737.454
620.37962  15976.85
619.38062  16050.11
618.38162  15314.965
617.38262  15453.445
616.38362  15674.144
615.38462  15730.514
614.38561  15607.945
613.38661  15512.991
612.38761  15719.199
611.38861  15560.214
610.38961  15277.328
609.39061  15060.119
608.39161  15580.491
607.39261  15829.973
606.39361  15488.461
605.39461  15464.718
604.3956  15197.269
603.3966  15500.448
602.3976  15495.234
601.3986  15548.327
600.3996  15183.855
599.4006  15029.75
598.4016  15269.13
597.4026  15107.053
596.4036  15051.193
595.4046  15387.306
594.40559  14992.048
593.40659  14715.505
592.40759  15022.533
591.40859  15074.375
590.40959  14982.709
589.41059  15357.624
588.41159  15616.863
587.41259  15226.08
586.41359  14869.755
585.41459  14804.055
584.41558  14715.02
583.41658  14941.222
582.41758  15218.149
581.41858  15428.045
580.41958  15585.316
579.42058  15080.922
578.42158  14929.426
577.42258  15147.843
576.42358  14978.191
575.42458  15480.278
574.42557  15103.383
573.42657  14593.127
572.42757  14717.197
571.42857  14939.082
570.42957  15043.773
569.43057  14543.252
568.43157  14388.408
567.43257  14362.46
566.43357  14488.873
565.43457  14921.501
564.43556  14797.453
563.43656  14679.359
562.43756  14725.475
561.43856  14907.68
560.43956  15631.175
559.44056  15373.905
558.44156  14994.648
557.44256  14814.541
556.44356  14716.142
555.44456  15246.541
554.44555  15569.871
553.44655  15016.167
552.44755  14725.28
551.44855  14451.234
550.44955  14402.057
549.45055  14227.984
548.45155  13806.207
547.45255  13770.722
546.45355  13145.809
545.45455  12793.825
544.45554  12554.87
543.45654  11915.604
542.45754  11477.772
541.45854  11148.445
540.45954  10927.188
539.46054  10953.093
538.46154  11525.32
537.46254  12277.803
536.46354  15214.437
535.46454  21317.271
534.46553  28184.385
533.46653  26873.122
532.46753  19208.814
531.46853  13723.191
530.46953  11381.248
529.47053  10896.617
528.47153  10488.188
527.47253  10639.566
526.47353  11502.869
525.47453  12038.533
524.47552  11886.82
523.47652  11201.907
522.47752  10657.27
521.47852  10100.44
520.47952  10116.064
519.48052  9916.2196
518.48152  9668.3356
517.48252  10167.544
516.48352  10076.751
515.48452  9875.5046
514.48551  10139.372
513.48651  10233.458
512.48751  9954.9873
511.48851  10053.536
510.48951  9941.5796
509.49051  9563.3021
508.49151  9787.9157
507.49251  10062.993
506.49351  9984.1509
505.49451  9958.3547
504.4955  9635.9062
503.4965  9634.9108
502.4975  9668.1091
501.4985  9686.2896
500.4995  9896.2411
499.5005  9890.6863
498.5015  9925.3129
497.5025  9572.3492
496.5035  9774.6867
495.5045  9735.8407
494.50549  9737.566
493.50649  9944.8942
492.50749  10010.599
491.50849  10219.477
490.50949  10242.868
489.51049  10139.84
488.51149  9767.1049
487.51249  9588.6137
486.51349  9802.7907
485.51449  10348.024
484.51548  10397.999
483.51648  10172.373
482.51748  10005.364
481.51848  9669.6166
480.51948  9706.726
479.52048  9957.1862
478.52148  9727.3363
477.52248  9560.1017
476.52348  9852.3882
475.52448  10007.163
474.52547  9721.4059
473.52647  9675.6558
472.52747  9517.6378
471.52847  9759.2055
470.52947  9523.837
469.53047  9583.8268
468.53147  10003.588
467.53247  9815.81
466.53347  10033.168
465.53447  9958.203
464.53546  9745.7813
463.53646  9807.5843
462.53746  9698.8323
461.53846  9831.1428
460.53946  10028.87
459.54046  10010.247
458.54146  10039.999
457.54246  10006.848
456.54346  9628.6364
455.54446  9687.4216
454.54545  9820.8863
453.54645  10073.394
452.54745  10024.594
451.54845  9881.1207
450.54945  9941.6777
449.55045  10005.627
448.55145  9912.7634
447.55245  9625.0051
446.55345  9906.359
445.55445  9899.7087
444.55544  10109.918
443.55644  10313.862
442.55744  10360.513
441.55844  10752.741
440.55944  10291.924
439.56044  9893.573
438.56144  9866.9037
437.56244  9630.1962
436.56344  9696.2272
435.56444  9621.2704
434.56543  9583.3198
433.56643  10181.743
432.56743  10373.735
431.56843  9805.9983
430.56943  9466.0764
429.57043  9727.5393
428.57143  9721.8399
427.57243  9637.4801
426.57343  9280.0479
425.57443  9485.3456
424.57542  9506.4356
423.57642  9851.1788
422.57742  9964.7182
421.57842  9918.3498
420.57942  9548.8308
419.58042  9625.9248
418.58142  9616.9195
417.58242  9605.2854
416.58342  9918.8711
415.58442  9850.8753
414.58541  9437.886
413.58641  9506.8015
412.58741  10016.739
411.58841  10150.385
410.58941  10059.447
409.59041  9611.7558
408.59141  9935.5679
407.59241  10043.628
406.59341  9969.6351
405.59441  10262.341
404.5954  10085.932
403.5964  10261.852
402.5974  9990.2787
401.5984  9597.9795
400.5994  9871.4554
399.6004  10079.441
398.6014  10096.661
397.6024  9872.681
396.6034  9656.2249
395.6044  9591.9801
394.60539  9707.5411
393.60639  9307.3181
392.60739  9680.193
391.60839  10126.413
390.60939  9723.9484
389.61039  9802.4977
388.61139  9832.9885
387.61239  9829.3221
386.61339  9915.1569
385.61439  9813.8569
384.61538  9985.1325
383.61638  10133.878
382.61738  10104.851
381.61838  10145.546
380.61938  9994.9013
379.62038  9974.641
378.62138  10134.539
377.62238  10200.526
376.62338  10112.351
375.62438  10041.288
374.62537  10080.639
373.62637  10131.14
372.62737  9993.1018
371.62837  9826.9387
370.62937  10183.426
369.63037  9977.1747
368.63137  9907.9568
367.63237  10136.998
366.63337  10413.67
365.63437  10113.735
364.63536  9986.393
363.63636  9820.4344
362.63736  10015.411
361.63836  9969.6694
360.63936  9750.5585
359.64036  9893.5945
358.64136  9654.3884
357.64236  9878.6846
356.64336  10183.906
355.64436  10105.723
354.64535  10131.194
353.64635  10575.792
352.64735  10838.52
351.64835  10944.535
350.64935  11542.299
349.65035  11952.31
348.65135  11350.887
347.65235  10464.416
346.65335  10025.685
345.65435  10117.673
344.65534  9750.6133
343.65634  9719.3304
342.65734  9592.228
341.65834  9812.2144
340.65934  10083.221
339.66034  10102.323
338.66134  9913.4783
337.66234  9880.0387
336.66334  10191.921
335.66434  10133.406
334.66533  9481.9568
333.66633  9422.1499
332.66733  9290.4703
331.66833  9475.7369
330.66933  9703.3953
329.67033  9452.5333
328.67133  9472.2551
327.67233  9645.406
326.67333  9884.4204
325.67433  9940.5111
324.67532  10163.119
323.67632  10344.121
322.67732  10228.607
321.67832  9933.6675
320.67932  9921.7258
319.68032  9972.5507
318.68132  9900.3083
317.68232  9387.7291
316.68332  9411.2572
315.68432  9725.0002
314.68531  9933.4937
313.68631  10122.26
312.68731  10102.912
311.68831  10354.198
310.68931  10081.515
309.69031  10044.277
308.69131  10275.451
307.69231  10281.901
306.69331  10133.893
305.69431  10075.63
304.6953  9746.2444
303.6963  9331.8923
302.6973  8812.309
301.6983  8498.7992
300.6993  7910.8998
299.7003  7463.272
298.7013  7254.5577
297.7023  6597.8903
296.7033  5827.6784
295.7043  5576.1616
294.70529  5222.9227
293.70629  4746.8387
292.70729  5269.3599
291.70829  6221.2807
290.70929  7528.0005
289.71029  10418.621
288.71129  18914.514
287.71229  31312.822
286.71329  34139.748
285.71429  21979.672
284.71528  9672.7647
283.71628  5178.3761
282.71728  4328.4356
281.71828  4273.3343
280.71928  4567.1596
279.72028  5168.1675
278.72128  6329.6122
277.72228  6716.9706
276.72328  5786.7647
275.72428  4625.0178
274.72527  3485.3439
273.72627  3110.0237
272.72727  3215.2642
271.72827  3155.1359
270.72927  3304.5023
269.73027  3521.3368
268.73127  3241.7232
267.73227  3221.0594
266.73327  3214.2154
265.73427  3020.2335
264.73526  3017.2135
263.73626  2982.8249
262.73726  2693.4644
261.73826  2759.6784
260.73926  2920.2533
259.74026  2829.6525
258.74126  2700.9882
257.74226  2733.7459
256.74326  2721.162
255.74426  2768.9223
254.74525  2698.221
253.74625  2731.4414
252.74725  2805.8644
251.74825  2683.388
250.74925  2524.6989
249.75025  2642.948
248.75125  2615.0704
247.75225  2518.094
246.75325  2530.1725
245.75425  2750.576
244.75524  2798.673
243.75624  2892.7251
242.75724  2859.6439
241.75824  2857.8478
240.75924  2895.4533
239.76024  2896.8115
238.76124  2716.3583
237.76224  2697.4885
236.76324  2645.1
235.76424  2574.8831
234.76523  2405.5071
233.76623  2410.0309
232.76723  2572.7164
231.76823  2500.7412
230.76923  2682.4582
229.77023  2633.6496
228.77123  2547.9384
227.77223  2498.1353
226.77323  2589.6588
225.77423  2449.3156
224.77522  2294.4607
223.77622  2421.304
222.77722  2248.1342
221.77822  2268.1547
220.77922  2453.3499
219.78022  2519.6063
218.78122  2697.4296
217.78222  2497.0023
216.78322  2372.4295
215.78422  2458.2127
214.78521  2642.7835
213.78621  2702.8752
212.78721  2577.4368
211.78821  2452.5125
210.78921  2527.0864
209.79021  2433.7121
208.79121  2495.5938
207.79221  2395.1762
206.79321  2391.5414
205.79421  2397.902
204.7952  2557.2085
203.7962  2570.3183
202.7972  2428.9383
201.7982  2464.4258
200.7992  2543.0299
199.8002  2557.4718
198.8012  2510.6408
197.8022  2425.3812
196.8032  2457.4975
195.8042  2294.3516
194.80519  2484.7631
193.80619  2570.3544
192.80719  2386.3788
191.80819  2681.2552
190.80919  2589.0998
189.81019  2682.5628
188.81119  2745.6603
187.81219  2598.4995
186.81319  2543.5215
185.81419  2491.6105
184.81518  2434.7813
183.81618  2458.1841
182.81718  2434.6959
181.81818  2668.9419
180.81918  2559.618
179.82018  2364.046
178.82118  2368.4315
177.82218  2395.3774
176.82318  2469.0975
175.82418  2644.6818
174.82517  2580.9426
173.82617  2479.4512
172.82717  2594.0572
171.82817  2534.7231
170.82917  2431.3092
169.83017  2314.1135
168.83117  2494.7089
167.83217  2371.0797
166.83317  2295.2137
165.83417  2400.9318
164.83516  2525.3792
163.83616  2379.3286
162.83716  2275.2922
161.83816  2410.6932
160.83916  2324.1502
159.84016  2315.6822
158.84116  2284.8173
157.84216  2507.1835
156.84316  2833.729
155.84416  3322.7833
154.84515  3393.1436
153.84615  2812.9867
152.84715  2458.9695
151.84815  2274.17
150.84915  2344.8138
149.85015  2414.8119
148.85115  2375.1772
147.85215  2457.739
146.85315  2454.1173
145.85415  2307.7266
144.85514  2455.8298
143.85614  2430.949
142.85714  2182.7369
141.85814  2245.0542
140.85914  2242.5482
139.86014  2115.971
138.86114  2196.0056
137.86214  2143.4382
136.86314  2104.92
135.86414  2135.1829
134.86513  2297.7243
133.86613  2237.2137
132.86713  2122.5397
131.86813  2162.2386
130.86913  2207.2966
129.87013  2262.7021
128.87113  2314.7438
127.87213  2170.4364
126.87313  2148.8517
125.87413  2222.8842
124.87512  2234.8835
123.87612  2190.483
122.87712  2159.6235
121.87812  2173.2303
120.87912  2261.6839
119.88012  2247.8742
118.88112  2282.1706
117.88212  2391.4406
116.88312  2395.2289
115.88412  2130.554
114.88511  2089.0948
113.88611  2064.9897
112.88711  2222.5555
111.88811  2174.2411
110.88911  2083.9579
109.89011  2132.0694
108.89111  2128.8553
107.89211  2154.6923
106.89311  2302.3595
105.89411  2607.5692
104.8951  3070.1691
103.8961  3054.091
102.8971  2657.8386
101.8981  2221.584
100.8991  2162.6647
99.9001  2275.0718
98.901099  2156.0391
97.902098  2144.0184
96.903097  2194.9877
95.904096  2018.4975
94.905095  2056.032
93.906094  2303.3705
92.907093  2251.2244
91.908092  2006.2065
90.909091  2059.2956
89.91009  2238.9748
88.911089  2246.5086
87.912088  2200.6688
86.913087  2022.6912
85.914086  1981.5137
84.915085  2034.3221
83.916084  1947.4402
82.917083  2037.6385
81.918082  2091.3998
80.919081  2167.0042
79.92008  1910.5419
78.921079  1823.8982
77.922078  2015.4916
76.923077  2144.6825
75.924076  2249.3561
74.925075  1877.7826
73.926074  1959.6374
72.927073  2139.035
71.928072  2177.41
70.929071  2045.9264
69.93007  2070.2183
68.931069  2085.0923
67.932068  2122.0913
66.933067  1975.7292
65.934066  1858.7713
64.935065  2117.0266
63.936064  2057.4237
62.937063  1950.0167
61.938062  1981.6594
60.939061  2030.1637
59.94006  1917.0638
58.941059  1844.6741
57.942058  1977.8666
56.943057  2023.5109
55.944056  1894.9875
54.945055  1921.3907
53.946054  2072.6809
52.947053  2153.5916
51.948052  2158.9874
50.949051  1993.7362
49.95005  2050.3007
48.951049  2083.6542
47.952048  2096.3183
46.953047  2125.4598
45.954046  2012.5084
44.955045  2103.5423
43.956044  1877.0601
42.957043  1907.0683
41.958042  1990.6671
40.959041  1882.8187
39.96004  1883.7182
38.961039  1777.1496
37.962038  1795.5236
36.963037  1972.4283
35.964036  1931.8061
34.965035  1919.5615
33.966034  2002.0066
32.967033  2025.4502
31.968032  1923.6002
30.969031  1863.2189
29.97003  2054.3087
28.971029  2225.5714
27.972028  2369.2077
26.973027  2361.9834
25.974026  2082.7826
24.975025  1800.1282
23.976024  1713.2614
22.977023  1779.0632
21.978022  1816.9663
20.979021  1885.8226
19.98002  2157.2373
18.981019  1986.7955
17.982018  1768.3591
16.983017  1738.1128
15.984016  1860.3062
14.985015  1726.5449
13.986014  1668.0101
12.987013  1763.66
11.988012  1583.0582
10.989011  1445.3998
9.99001  1453.5787
8.991009  1523.9632
7.992008  1563.1641
6.993007  1361.7408
5.994006  1268.1568
4.995005  1231.4006
3.996004  1247.1132
2.997003  1222.6717
1.998002  1044.3668
0.999001  1048.282
0  1161.4164

# Region:                       Si
# Spectrum ID:                  2
# Acquisition Date:             08/12/26 19:28:08 UTC
# Analysis Method:              XPS
# Analyzer:                     PHOIBOS MCD5 Analyzer
# Analyzer Lens:                LargeArea:1.5kV
# Analyzer Slit:                5:7x20\B:open
# Scan Mode:                    FixedAnalyzerTransmission
# Curves/Scan:                  1
# Values/Curve:                 1501
# Dwell Time:                   0.1
# Excitation Energy:            1253.64
# Binding Energy:               200
# Pass Energy:                  50
# Bias Voltage:                 90
# Detector Voltage:             3000
# Eff. Workfunction:            4.543
# Source:                       X-Ray Dummy
# Comment:                      
#
# Cycle: 0
# Number of Scans: 3
#
# Cycle: 0, Curve: 0
# Acquisition Date:             08/12/26 19:28:08 UTC
#
# ColumnLabels:                 energy counts/s
#
200  2376.6212
199.9  2496.931
199.8  2438.9906
199.7  2531.4371
199.6  2404.7192
199.5  2453.318
199.4  2545.5981
199.3  2465.3967
199.2  2581.666
199.1  2481.7104
199  2467.7295
198.9  2572.1322
198.8  2339.5367
198.7  2380.2841
198.6  2436.8422
198.5  2342.8773
198.4  2457.2891
198.3  2425.3603
198.2  2465.807
198.1  2543.4888
198  2415.8691
197.9  2498.4334
197.8  2509.8719
197.7  2529.8929
197.6  2310.4657
197.5  2362.0046
197.4  2398.0215
197.3  2544.2908
197.2  2426.7815
197.1  2373.4607
197  2270.2278
196.9  2420.1423
196.8  2395.2573
196.7  2467.0141
196.6  2448.4553
196.5  2354.6926
196.4  2306.4177
196.3  2381.2897
196.2  2406.2449
196.1  2327.9962
196  2287.7637
195.9  2426.4276
195.8  2391.9368
195.7  2413.7183
195.6  2450.3957
195.5  2357.1236
195.4  2402.2595
195.3  2451.5021
195.2  2465.2992
195.1  2457.7921
195  2381.6548
194.9  2394.8829
194.8  2313.6035
194.7  2358.6966
194.6  2439.7729
194.5  2573.6655
194.4  2454.8815
194.3  2503.2168
194.2  2527.0791
194.1  2439.5665
194  2457.9421
193.9  2479.5093
193.8  2520.8014
193.7  2415.4195
193.6  2334.6879
193.5  2425.848
193.4  2439.8557
193.3  2362.0388
193.2  2489.2075
193.1  2463.9926
193  2469.8227
192.9  2529.9374
192.8  2467.2712
192.7  2526.398
192.6  2410.429
192.5  2585.6805
192.4  2586.8299
192.3  2495.0654
192.2  2606.9181
192.1  2545.6086
192  2599.6606
191.9  2436.3588
191.8  2441.2646
191.7  2633.5918
191.6  2555.9792
191.5  2430.0862
191.4  2607.9654
191.3  2390.2522
191.2  2465.1139
191.1  2456.6586
191  2449.1374
190.9  2361.5526
190.8  2554.0595
190.7  2474.0718
190.6  2468.8338
190.5  2557.7948
190.4  2382.3067
190.3  2419.1267
190.2  2540.372
190.1  2485.0658
190  2339.2312
189.9  2307.1191
189.8  2430.9538
189.7  2506.9985
189.6  2542.2237
189.5  2514.9341
189.4  2348.0318
189.3  2431.805
189.2  2394.7807
189.1  2505.4669
189  2534.9644
188.9  2396.7872
188.8  2500.9558
188.7  2427.5385
188.6  2470.8675
188.5  2335.0063
188.4  2461.765
188.3  2540.324
188.2  2424.0859
188.1  2465.061
188  2480.4849
187.9  2465.6959
187.8  2467.1229
187.7  2411.8531
187.6  2508.9086
187.5  2373.2372
187.4  2547.7074
187.3  2465.9933
187.2  2415.1046
187.1  2531.4781
187  2574.9133
186.9  2405.2978
186.8  2492.4782
186.7  2573.8526
186.6  2383.4659
186.5  2393.8848
186.4  2437.572
186.3  2540.8803
186.2  2555.9299
186.1  2488.4925
186  2506.2654
185.9  2634.6678
185.8  2441.0352
185.7  2425.5488
185.6  2395.5233
185.5  2537.9615
185.4  2457.2134
185.3  2408.3337
185.2  2392.4567
185.1  2472.8379
185  2387.6734
184.9  2366.062
184.8  2490.1568
184.7  2494.8365
184.6  2412.4715
184.5  2481.1328
184.4  2489.293
184.3  2371.5437
184.2  2595.0504
184.1  2485.8902
184  2441.4063
183.9  2304.9268
183.8  2436.8151
183.7  2511.1074
183.6  2419.8521
183.5  2420.8902
183.4  2369.0953
183.3  2324.917
183.2  2379.1774
183.1  2433.6997
183  2512.6364
182.9  2527.5938
182.8  2407.4955
182.7  2370.5951
182.6  2491.7117
182.5  2418.0284
182.4  2360.7631
182.3  2412.9902
182.2  2535.6017
182.1  2507.3852
182  2388.5448
181.9  2408.9637
181.8  2290.8424
181.7  2504.5692
181.6  2454.6
181.5  2444.2317
181.4  2493.7413
181.3  2271.3878
181.2  2324.0256
181.1  2462.8365
181  2392.3062
180.9  2411.9413
180.8  2449.3186
180.7  2573.2523
180.6  2528.644
180.5  2605.5694
180.4  2475.2964
180.3  2375.7432
180.2  2524.033
180.1  2226.5109
180  2342.4375
179.9  2511.8085
179.8  2383.2374
179.7  2440.0534
179.6  2434.1069
179.5  2335.7496
179.4  2459.836
179.3  2462.645
179.2  2546.6525
179.1  2527.8514
179  2571.2984
178.9  2418.6909
178.8  2459.4222
178.7  2354.976
178.6  2137.6347
178.5  2315.0934
178.4  2562.9799
178.3  2538.5405
178.2  2495.1627
178.1  2492.0061
178  2539.3893
177.9  2466.6712
177.8  2407.8791
177.7  2532.382
177.6  2676.7264
177.5  2456.7486
177.4  2556.8342
177.3  2455.3545
177.2  2426.7349
177.1  2413.5433
177  2402.693
176.9  2371.223
176.8  2297.3486
176.7  2573.9887
176.6  2469.7313
176.5  2575.1956
176.4  2553.1755
176.3  2541.0017
176.2  2514.092
176.1  2426.6902
176  2436.8851
175.9  2399.2874
175.8  2419.1563
175.7  2366.5152
175.6  2522.1706
175.5  2525.7836
175.4  2450.5111
175.3  2421.5373
175.2  2330.7949
175.1  2333.521
175  2391.7422
174.9  2394.9089
174.8  2288.1495
174.7  2428.1603
174.6  2577.832
174.5  2447.9322
174.4  2292.2692
174.3  2289.3452
174.2  2605.5494
174.1  2571.4759
174  2455.0328
173.9  2536.7784
173.8  2459.9681
173.7  2458.1197
173.6  2365.9919
173.5  2501.6715
173.4  2351.7499
173.3  2355.7567
173.2  2452.4954
173.1  2548.3643
173  2401.56
172.9  2450.7376
172.8  2328.195
172.7  2358.2858
172.6  2421.1702
172.5  2588.8803
172.4  2543.9187
172.3  2405.144
172.2  2465.8588
172.1  2373.2859
172  2521.2612
171.9  2505.8612
171.8  2329.2108
171.7  2424.9069
171.6  2236.2956
171.5  2514.1995
171.4  2547.1679
171.3  2420.2084
171.2  2481.8362
171.1  2421.0541
171  2413.0746
170.9  2377.6369
170.8  2366.8473
170.7  2281.6072
170.6  2562.9005
170.5  2420.1539
170.4  2390.7609
170.3  2405.5444
170.2  2490.1286
170.1  2556.6196
170  2490.5835
169.9  2483.9993
169.8  2436.8146
169.7  2415.7423
169.6  2495.365
169.5  2442.134
169.4  2454.0734
169.3  2487.71
169.2  2461.0396
169.1  2576.8849
169  2503.2202
168.9  2475.6317
168.8  2403.9302
168.7  2322.2688
168.6  2351.0129
168.5  2404.1441
168.4  2503.1113
168.3  2541.4095
168.2  2584.8295
168.1  2426.0165
168  2376.9749
167.9  2403.6495
167.8  2366.2819
167.7  2249.4167
167.6  2374.5874
167.5  2476.7704
167.4  2553.7849
167.3  2451.4295
167.2  2378.1334
167.1  2354.2999
167  2513.4438
166.9  2272.8378
166.8  2422.7674
166.7  2605.0244
166.6  2467.1693
166.5  2384.2254
166.4  2547.2673
166.3  2453.7969
166.2  2297.6528
166.1  2442.3811
166  2438.1851
165.9  2551.1886
165.8  2456.0271
165.7  2443.8239
165.6  2387.0606
165.5  2350.5384
165.4  2477.6102
165.3  2297.3636
165.2  2340.3859
165.1  2370.6699
165  2432.478
164.9  2313.0013
164.8  2461.5788
164.7  2534.8269
164.6  2373.384
164.5  2329.4643
164.4  2388.7266
164.3  2439.9163
164.2  2341.9074
164.1  2318.7251
164  2378.7952
163.9  2309.9683
163.8  2331.4418
163.7  2542.5006
163.6  2382.3742
163.5  2328.2052
163.4  2436.9714
163.3  2489.0629
163.2  2280.265
163.1  2440.1673
163  2403.8872
162.9  2360.4464
162.8  2364.6966
162.7  2363.446
162.6  2337.9753
162.5  2415.7862
162.4  2379.9876
162.3  2358.3554
162.2  2364.7456
162.1  2406.3009
162  2370.5652
161.9  2278.3951
161.8  2375.1524
161.7  2402.5617
161.6  2245.4248
161.5  2343.0913
161.4  2399.7297
161.3  2285.7752
161.2  2393.8258
161.1  2459.3452
161  2489.0674
160.9  2253.0985
160.8  2253.8301
160.7  2456.5232
160.6  2407.053
160.5  2329.3358
160.4  2352.2111
160.3  2421.5618
160.2  2238.8564
160.1  2404.2032
160  2381.4263
159.9  2323.8101
159.8  2509.8908
159.7  2472.3417
159.6  2543.0309
159.5  2437.0736
159.4  2245.8837
159.3  2369.0954
159.2  2400.1098
159.1  2535.0653
159  2487.8981
158.9  2359.7025
158.8  2371.2857
158.7  2402.6078
158.6  2622.2105
158.5  2544.8882
158.4  2488.5703
158.3  2337.21
158.2  2563.6786
158.1  2533.9163
158  2619.2245
157.9  2621.3149
157.8  2508.0706
157.7  2574.9518
157.6  2578.6217
157.5  2652.2897
157.4  2644.3462
157.3  2818.8558
157.2  2705.6158
157.1  2889.9305
157  2742.9784
156.9  2779.9709
156.8  3010.6221
156.7  2995.196
156.6  3004.8775
156.5  2996.1118
156.4  3057.5455
156.3  3233.5805
156.2  3331.8864
156.1  3268.7489
156  3445.1366
155.9  3253.9208
155.8  3252.001
155.7  3399.5054
155.6  3234.5554
155.5  3342.5227
155.4  3448.9944
155.3  3502.9329
155.2  3402.705
155.1  3503.0428
155  3341.5834
154.9  3214.0055
154.8  3400.8234
154.7  3297.3006
154.6  3235.7306
154.5  2980.1394
154.4  2933.5289
154.3  3137.6814
154.2  2893.9613
154.1  3161.7767
154  3060.121
153.9  2824.243
153.8  2911.5681
153.7  2675.7477
153.6  2745.7573
153.5  2685.26
153.4  2797.4415
153.3  2668.7738
153.2  2786.4389
153.1  2686.5957
153  2664.3241
152.9  2562.0603
152.8  2621.9176
152.7  2649.0202
152.6  2474.182
152.5  2545.6997
152.4  2565.199
152.3  2430.5371
152.2  2302.9771
152.1  2478.8871
152  2437.2231
151.9  2345.9392
151.8  2520.4901
151.7  2307.9727
151.6  2311.7663
151.5  2400.8668
151.4  2344.6965
151.3  2421.6018
151.2  2248.725
151.1  2367.8088
151  2393.9629
150.9  2459.6846
150.8  2363.2
150.7  2307.7523
150.6  2370.6929
150.5  2367.8849
150.4  2261.5021
150.3  2321.3306
150.2  2397.0642
150.1  2347.3748
150  2344.6275
149.9  2374.8466
149.8  2424.8992
149.7  2432.711
149.6  2462.7231
149.5  2400.9852
149.4  2305.0452
149.3  2390.1834
149.2  2339.7251
149.1  2365.424
149  2497.7905
148.9  2230.1874
148.8  2318.7087
148.7  2286.9586
148.6  2305.4649
148.5  2335.4114
148.4  2327.2297
148.3  2334.9278
148.2  2421.0357
148.1  2325.1143
148  2318.252
147.9  2310.1645
147.8  2268.2856
147.7  2248.8869
147.6  2359.2232
147.5  2462.8514
147.4  2351.8387
147.3  2333.3952
147.2  2325.8559
147.1  2387.576
147  2496.9966
146.9  2332.8685
146.8  2458.9248
146.7  2445.7297
146.6  2345.2417
146.5  2219.3776
146.4  2464.6546
146.3  2576.3245
146.2  2375.9216
146.1  2361.0167
146  2311.9954
145.9  2381.2013
145.8  2492.9038
145.7  2531.5646
145.6  2367.5233
145.5  2425.7969
145.4  2418.6048
145.3  2334.4713
145.2  2489.9697
145.1  2327.6485
145  2247.111
144.9  2275.2506
144.8  2340.0446
144.7  2362.311
144.6  2386.9451
144.5  2287.6163
144.4  2398.0224
144.3  2335.7058
144.2  2394.8774
144.1  2309.414
144  2345.6908
143.9  2315.2626
143.8  2374.401
143.7  2400.8322
143.6  2325.7513
143.5  2344.3001
143.4  2364.4728
143.3  2431.8904
143.2  2453.3905
143.1  2469.9477
143  2278.9307
142.9  2478.2846
142.8  2459.0989
142.7  2397.3364
142.6  2244.9979
142.5  2371.5262
142.4  2257.2927
142.3  2363.5004
142.2  2379.0439
142.1  2294.3125
142  2396.5521
141.9  2334.7822
141.8  2204.8643
141.7  2320.6296
141.6  2380.9352
141.5  2413.7061
141.4  2338.4123
141.3  2258.1996
141.2  2238.8221
141.1  2255.2329
141  2415.5298
140.9  2368.6179
140.8  2358.6536
140.7  2382.6929
140.6  2251.6865
140.5  2053.1746
140.4  2153.891
140.3  2304.6147
140.2  2222.5664
140.1  2251.7547
140  2257.6455
139.9  2214.9298
139.8  2213.3299
139.7  2208.3239
139.6  2129.1636
139.5  2264.9729
139.4  2293.2645
139.3  2301.5762
139.2  2330.4413
139.1  2219.1666
139  2186.1721
138.9  2249.5666
138.8  2504.4442
138.7  2263.5503
138.6  2336.6652
138.5  2304.7125
138.4  2339.8499
138.3  2456.5985
138.2  2205.9602
138.1  2258.3856
138  2373.0702
137.9  2260.5694
137.8  2346.0605
137.7  2219.7776
137.6  2250.5223
137.5  2397.612
137.4  2307.4106
137.3  2233.6233
137.2  2321.3357
137.1  2322.5573
137  2307.6557
136.9  2283.7422
136.8  2247.5522
136.7  2274.0404
136.6  2361.4241
136.5  2229.4312
136.4  2258.1576
136.3  2356.3901
136.2  2257.3956
136.1  2076.7385
136  2310.6914
135.9  2365.2641
135.8  2352.8588
135.7  2325.4545
135.6  2288.6355
135.5  2357.2162
135.4  2347.4971
135.3  2314.7184
135.2  2263.1314
135.1  2276.1202
135  2247.1115
134.9  2092.7094
134.8  2104.1288
134.7  2280.2497
134.6  2228.349
134.5  2282.2018
134.4  2234.5034
134.3  2297.2962
134.2  2254.246
134.1  2196.1099
134  2251.335
133.9  2245.9089
133.8  2381.2438
133.7  2276.4367
133.6  2195.3393
133.5  2241.3803
133.4  2216.1378
133.3  2170.3641
133.2  2376.1012
133.1  2375.0839
133  2366.4056
132.9  2251.4598
132.8  2231.7499
132.7  2217.5867
132.6  2229.5715
132.5  2261.0569
132.4  2284.6506
132.3  2198.63
132.2  2394.5982
132.1  2408.1867
132  2354.8474
131.9  2166.8308
131.8  2137.1768
131.7  2164.8035
131.6  2221.7668
131.5  2353.9486
131.4  2314.3251
131.3  2266.6843
131.2  2358.4595
131.1  2295.0473
131  2309.9401
130.9  2243.0348
130.8  2172.432
130.7  2092.577
130.6  2279.8662
130.5  2412.0065
130.4  2238.5619
130.3  2233.5899
130.2  2339.4283
130.1  2251.1464
130  2345.3696
129.9  2297.2667
129.8  2400.6483
129.7  2249.7887
129.6  2076.6907
129.5  2287.8664
129.4  2244.3322
129.3  2210.0483
129.2  2205.8737
129.1  2201.4055
129  2269.7812
128.9  2131.3676
128.8  2236.7474
128.7  2269.1203
128.6  2114.8448
128.5  2375.0467
128.4  2335.2799
128.3  2313.0094
128.2  2292.5111
128.1  2294.3301
128  2215.2571
127.9  2238.4282
127.8  2292.945
127.7  2303.3154
127.6  2235.2818
127.5  2370.4573
127.4  2349.5555
127.3  2187.7098
127.2  2306.9277
127.1  2159.5547
127  2242.3582
126.9  2255.9927
126.8  2336.4719
126.7  2272.8502
126.6  2374.7573
126.5  2269.6517
126.4  2228.4871
126.3  2389.6936
126.2  2278.1123
126.1  2301.0241
126  2386.241
125.9  2310.2482
125.8  2337.1767
125.7  2187.6151
125.6  2284.311
125.5  2379.1861
125.4  2286.7565
125.3  2224.3702
125.2  2191.9962
125.1  2346.5337
125  2245.7844
124.9  2286.6505
124.8  2347.3175
124.7  2243.7157
124.6  2425.6254
124.5  2371.4433
124.4  2351.3038
124.3  2286.9481
124.2  2311.5453
124.1  2311.3401
124  2150.4202
123.9  2334.6938
123.8  2341.1506
123.7  2252.3864
123.6  2297.7881
123.5  2348.7457
123.4  2281.1805
123.3  2309.9771
123.2  2320.6054
123.1  2247.957
123  2178.5569
122.9  2340.1085
122.8  2174.3849
122.7  2172.7021
122.6  2300.061
122.5  2115.7183
122.4  2163.2284
122.3  2184.8102
122.2  2319.0781
122.1  2130.2864
122  2303.0334
121.9  2211.0418
121.8  2206.604
121.7  2302.0527
121.6  2309.571
121.5  2257.9583
121.4  2308.1036
121.3  2284.5852
121.2  2242.6111
121.1  2392.1062
121  2264.9361
120.9  2337.9954
120.8  2187.9005
120.7  2240.0525
120.6  2332.4723
120.5  2267.3132
120.4  2227.3268
120.3  2348.1765
120.2  2170.0991
120.1  2307.5202
120  2097.9092
119.9  2238.6272
119.8  2106.435
119.7  2310.3875
119.6  2298.0075
119.5  2128.3946
119.4  2295.8015
119.3  2244.0399
119.2  2323.9101
119.1  2250.7181
119  2403.8692
118.9  2201.3835
118.8  2152.4179
118.7  2227.8902
118.6  2400.7396
118.5  2228.5234
118.4  2184.2215
118.3  2105.0842
118.2  2234.2886
118.1  2285.5775
118  2315.0647
117.9  2318.3866
117.8  2422.4876
117.7  2182.6743
117.6  2268.323
117.5  2238.0127
117.4  2155.3586
117.3  2205.4023
117.2  2169.0513
117.1  2210.9227
117  2160.3345
116.9  2129.311
116.8  2075.9594
116.7  2229.5108
116.6  2121.4019
116.5  2258.1217
116.4  2198.0958
116.3  2201.9823
116.2  2146.6615
116.1  2148.8366
116  2095.5887
115.9  2187.2792
115.8  2265.2039
115.7  2177.1378
115.6  2273.0973
115.5  2193.3693
115.4  2214.8008
115.3  2180.5234
115.2  2145.0078
115.1  2184.8078
115  2193.2609
114.9  2155.4579
114.8  2247.6699
114.7  2317.6145
114.6  2123.2544
114.5  2204.1806
114.4  2148.01
114.3  2178.4165
114.2  2169.169
114.1  2240.8737
114  2264.1457
113.9  2231.6113
113.8  2228.2292
113.7  2171.7474
113.6  2112.9869
113.5  2236.3517
113.4  2104.8589
113.3  2245.9118
113.2  2141.0353
113.1  2082.0806
113  2183.3959
112.9  2188.3255
112.8  2027.9724
112.7  2128.5125
112.6  2153.868
112.5  2125.211
112.4  2065.0418
112.3  2068.4278
112.2  2021.7832
112.1  2158.3044
112  2206.6151
111.9  2312.6728
111.8  2342.4143
111.7  2223.8715
111.6  2216.5434
111.5  2096.979
111.4  2049.5764
111.3  2248.4482
111.2  2111.7205
111.1  2104.2299
111  2286.5802
110.9  2355.089
110.8  2330.0886
110.7  2185.6562
110.6  2124.2379
110.5  2143.723
110.4  2079.4861
110.3  2152.8836
110.2  2111.9144
110.1  2131.7108
110  2195.7787
109.9  2224.3645
109.8  2238.0031
109.7  2053.0439
109.6  2172.8855
109.5  2215.0951
109.4  2160.1421
109.3  2123.4712
109.2  2069.9551
109.1  2062.9379
109  2139.6233
108.9  2124.407
108.8  2155.5224
108.7  2131.5444
108.6  2203.818
108.5  2225.5942
108.4  2146.275
108.3  2169.1817
108.2  2169.5548
108.1  2240.845
108  2303.4262
107.9  2264.9795
107.8  2166.7541
107.7  2156.6153
107.6  2157.4731
107.5  2232.6645
107.4  2390.1692
107.3  2291.2431
107.2  2161.3773
107.1  2236.8348
107  2311.1424
106.9  2236.5637
106.8  2284.4741
106.7  2194.1216
106.6  2323.5023
106.5  2559.3414
106.4  2418.5827
106.3  2432.3874
106.2  2475.4593
106.1  2441.1656
106  2657.6386
105.9  2604.2188
105.8  2786.619
105.7  2848.7182
105.6  2876.0029
105.5  2794.9203
105.4  2838.2398
105.3  3039.3874
105.2  3132.4613
105.1  3213.193
105  3608.9273
104.9  3499.2579
104.8  3384.1672
104.7  3505.4928
104.6  3481.8826
104.5  3533.4882
104.4  3544.8062
104.3  3598.7152
104.2  3593.1407
104.1  3627.9707
104  3438.4616
103.9  3389.1753
103.8  3407.7308
103.7  3404.6112
103.6  3232.5263
103.5  3250.2571
103.4  3238.075
103.3  3014.4253
103.2  2896.4504
103.1  2878.8635
103  3044.1305
102.9  2745.1959
102.8  2669.9546
102.7  2617.8265
102.6  2541.4819
102.5  2390.747
102.4  2330.7904
102.3  2384.6137
102.2  2428.5886
102.1  2445.441
102  2244.9165
101.9  2186.0736
101.8  2287.7479
101.7  2146.2008
101.6  2171.2337
101.5  2249.7356
101.4  2170.4393
101.3  2107.6255
101.2  2092.2014
101.1  2178.0479
101  2108.4626
100.9  2180.344
100.8  1996.5024
100.7  2064.2411
100.6  2072.1964
100.5  1967.557
100.4  2128.3484
100.3  2026.3167
100.2  2110.3783
100.1  2079.1497
100  2132.9247
99.9  2091.7432
99.8  2097.3884
99.7  2149.1197
99.6  2105.7507
99.5  2062.9495
99.4  2187.3719
99.3  1981.8144
99.2  2126.5537
99.1  2142.8291
99  2095.5306
98.9  2178.7753
98.8  2177.854
98.7  2116.9158
98.6  2068.807
98.5  2132.6206
98.4  2109.2969
98.3  2098.6964
98.2  2228.5529
98.1  2079.0841
98  2212.5211
97.9  2179.1171
97.8  2152.3552
97.7  2148.3829
97.6  2174.1786
97.5  2159.8791
97.4  2147.9759
97.3  2132.4571
97.2  1981.4247
97.1  2116.4309
97  2166.1978
96.9  2102.8507
96.8  2084.1063
96.7  2138.8717
96.6  2131.833
96.5  2093.9348
96.4  2336.5412
96.3  2145.852
96.2  2117.5791
96.1  2225.5058
96  2179.0151
95.9  2192.0957
95.8  2169.1322
95.7  2325.6974
95.6  2335.0781
95.5  2212.5321
95.4  2135.2889
95.3  2246.0614
95.2  2111.8988
95.1  2313.1471
95  2113.3274
94.9  2238.9465
94.8  2254.6398
94.7  2275.7582
94.6  2243.1557
94.5  2294.4447
94.4  2321.1097
94.3  2195.8776
94.2  2190.4936
94.1  2207.7993
94  2212.1096
93.9  2194.4494
93.8  2022.4745
93.7  2097.6297
93.6  1966.481
93.5  2072.2165
93.4  2262.898
93.3  2217.8537
93.2  2228.3966
93.1  2111.8646
93  2122.5557
92.9  2116.8015
92.8  2091.3526
92.7  2088.9819
92.6  2101.8999
92.5  2255.8191
92.4  2241.7805
92.3  2101.8476
92.2  2154.6814
92.1  2101.1472
92  2039.1416
91.9  2113.273
91.8  2149.4582
91.7  2194.7809
91.6  2005.7984
91.5  2103.5908
91.4  2109.3547
91.3  2098.734
91.2  2149.2945
91.1  2149.3558
91  2103.4393
90.9  2069.4738
90.8  2074.3683
90.7  2051.0438
90.6  2085.6751
90.5  2092.4461
90.4  2077.9883
90.3  2008.449
90.2  2096.2532
90.1  1998.6215
90  2018.4087
89.9  1997.4677
89.8  2158.5367
89.7  2027.4488
89.6  2045.9321
89.5  2043.3186
89.4  2052.8942
89.3  2116.0947
89.2  1965.7325
89.1  1930.5582
89  2029.5624
88.9  2087.6284
88.8  2058.096
88.7  1968.8197
88.6  2004.5689
88.5  2072.4026
88.4  2031.6326
88.3  2040.1659
88.2  2170.4695
88.1  2015.6476
88  2061.7492
87.9  2148.2888
87.8  2030.2052
87.7  1967.9738
87.6  2087.7409
87.5  2218.0218
87.4  2081.278
87.3  1923.2946
87.2  2028.8165
87.1  2139.9449
87  2113.7467
86.9  2059.1935
86.8  2122.2887
86.7  2065.0858
86.6  2113.2353
86.5  2207.4369
86.4  2069.1723
86.3  2122.3409
86.2  2070.19
86.1  2103.4764
86  2197.4225
85.9  2074.8194
85.8  2072.9784
85.7  2028.0373
85.6  2008.7956
85.5  2017.2995
85.4  2169.4998
85.3  2015.908
85.2  1980.8823
85.1  1914.3516
85  2093.416
84.9  2079.2118
84.8  1970.9736
84.7  1977.4914
84.6  2080.054
84.5  2193.9911
84.4  2019.725
84.3  2153.6271
84.2  1997.6062
84.1  2014.09
84  1917.333
83.9  1961.3189
83.8  2025.8026
83.7  2061.3803
83.6  2071.0868
83.5  1983.3732
83.4  1995.6342
83.3  2047.8914
83.2  1914.6615
83.1  1998.098
83  1999.1516
82.9  1922.7713
82.8  2015.3007
82.7  2135.9167
82.6  2120.6256
82.5  2127.7226
82.4  2075.9778
82.3  2004.2874
82.2  2011.6424
82.1  2087.9249
82  2061.8092
81.9  2110.1823
81.8  1917.2769
81.7  1913.6247
81.6  2051.2426
81.5  2009.484
81.4  2066.8463
81.3  2116.4801
81.2  1975.6556
81.1  2172.083
81  2001.241
80.9  2000.5333
80.8  1980.1866
80.7  2069.0862
80.6  1998.8892
80.5  1997.0752
80.4  1944.7096
80.3  1885.0796
80.2  1976.7056
80.1  1991.9073
80  2032.1712
79.9  2097.7182
79.8  2085.4326
79.7  2121.0693
79.6  2051.0658
79.5  1998.8991
79.4  2106.5833
79.3  1944.7357
79.2  2036.4484
79.1  1943.9088
79  1924.8734
78.9  1971.224
78.8  2189.2327
78.7  2143.2709
78.6  1996.8469
78.5  1956.9167
78.4  2045.0945
78.3  2068.898
78.2  1989.6043
78.1  2012.1634
78  2047.1213
77.9  2123.6175
77.8  2031.0897
77.7  2123.6857
77.6  1987.7066
77.5  2255.1308
77.4  2121.2861
77.3  2009.1044
77.2  1930.6297
77.1  2200.5908
77  2031.7983
76.9  2013.6467
76.8  2044.0051
76.7  1968.5233
76.6  2064.5848
76.5  2110.8975
76.4  2049.6111
76.3  1948.8831
76.2  1959.9165
76.1  2031.846
76  2000.9473
75.9  2114.3534
75.8  2053.1249
75.7  2001.1255
75.6  1974.6594
75.5  2001.2915
75.4  2040.1838
75.3  2028.1331
75.2  2084.7655
75.1  2005.2244
75  2098.9014
74.9  1976.3121
74.8  2004.5209
74.7  2141.7742
74.6  2044.9736
74.5  2107.0261
74.4  2077.9246
74.3  2080.1518
74.2  1984.9225
74.1  1979.6494
74  2184.258
73.9  2062.2498
73.8  2060.5974
73.7  2063.1508
73.6  2056.6134
73.5  1969.017
73.4  2046.5553
73.3  1905.2379
73.2  1952.479
73.1  2077.3761
73  2025.4395
72.9  2066.5669
72.8  1913.1922
72.7  2028.0641
72.6  2015.8986
72.5  2089.8275
72.4  2063.7293
72.3  1887.4444
72.2  1905.588
72.1  2055.0841
72  1971.8747
71.9  1922.8174
71.8  1996.4178
71.7  2048.2185
71.6  1972.1852
71.5  2038.3529
71.4  2029.0456
71.3  1938.8601
71.2  1930.0328
71.1  2037.9594
71  2027.514
70.9  1983.0422
70.8  1942.9753
70.7  1977.8317
70.6  1996.0902
70.5  1895.8685
70.4  1887.4169
70.3  2067.0144
70.2  1941.7887
70.1  2047.3931
70  2016.4111
69.9  2209.6733
69.8  2101.4957
69.7  2043.152
69.6  1910.7623
69.5  1896.8516
69.4  1914.6426
69.3  2126.3492
69.2  1973.7546
69.1  2143.588
69  1890.5796
68.9  2020.8533
68.8  2121.2639
68.7  2042.9576
68.6  2032.0894
68.5  1961.3619
68.4  1838.5267
68.3  1783.2234
68.2  2052.9127
68.1  1936.6475
68  1983.5935
67.9  2005.6059
67.8  2002.8789
67.7  1891.9065
67.6  1957.5352
67.5  1841.107
67.4  2064.938
67.3  2018.5951
67.2  2107.1986
67.1  1977.7853
67  2108.549
66.9  1998.2505
66.8  2069.3838
66.7  1947.427
66.6  1928.9284
66.5  2057.078
66.4  1963.1958
66.3  2013.5954
66.2  1968.0303
66.1  2003.1911
66  1911.1713
65.9  2057.6845
65.8  1986.1208
65.7  1903.5328
65.6  2083.0471
65.5  2058.0007
65.4  2015.9523
65.3  1954.8437
65.2  2052.3952
65.1  1928.6949
65  2000.2772
64.9  1907.3723
64.8  1876.5814
64.7  2059.9696
64.6  2054.4661
64.5  2071.9266
64.4  1996.0247
64.3  2006.4779
64.2  2026.1246
64.1  1969.6563
64  1962.0026
63.9  2066.3642
63.8  2005.4238
63.7  2134.2745
63.6  1914.6348
63.5  1908.7129
63.4  2003.2747
63.3  2002.7664
63.2  2109.8388
63.1  1969.5178
63  1946.2929
62.9  1963.0788
62.8  1922.0527
62.7  1947.7062
62.6  2071.8427
62.5  1949.5641
62.4  2028.4164
62.3  1937.9152
62.2  1993.7078
62.1  1932.9714
62  1763.093
61.9  2003.0917
61.8  1967.3122
61.7  1790.9156
61.6  1921.6234
61.5  1980.7021
61.4  1964.017
61.3  2135.1269
61.2  1959.1444
61.1  1887.0089
61  1829.4766
60.9  1908.3998
60.8  1877.8503
60.7  1875.7674
60.6  1988.6966
60.5  1865.8882
60.4  1936.2054
60.3  2040.3633
60.2  1996.0975
60.1  2034.2056
60  2043.9917
59.9  1906.9075
59.8  1885.0361
59.7  1965.5687
59.6  1885.7872
59.5  1940.1395
59.4  1784.7132
59.3  1955.4447
59.2  2140.0828
59.1  1935.2697
59  1991.3286
58.9  1990.9947
58.8  2013.0536
58.7  1994.6268
58.6  2170.8541
58.5  1928.5225
58.4  2002.7526
58.3  2002.9376
58.2  2001.9029
58.1  1962.7806
58  1955.7117
57.9  1935.1599
57.8  1924.0776
57.7  1902.9547
57.6  1911.1861
57.5  1952.7653
57.4  2044.5575
57.3  2073.9791
57.2  2017.1814
57.1  2101.2741
57  1938.4395
56.9  1856.1347
56.8  2066.0092
56.7  2034.2408
56.6  2061.1467
56.5  1992.3009
56.4  1987.2455
56.3  2058.182
56.2  1849.3956
56.1  1968.5587
56  2068.4072
55.9  2005.2087
55.8  2028.2275
55.7  1965.7217
55.6  1902.4718
55.5  1998.4127
55.4  2006.5138
55.3  1995.5805
55.2  1990.8029
55.1  1975.4999
55  1975.2362
54.9  2093.8341
54.8  2079.8085
54.7  2292.0142
54.6  2018.2928
54.5  2019.1062
54.4  2078.2714
54.3  2033.4043
54.2  2061.3867
54.1  2018.9895
54  2112.6189
53.9  2013.5661
53.8  2087.6793
53.7  2005.5506
53.6  2082.3129
53.5  2056.2674
53.4  1911.4438
53.3  1974.0568
53.2  2026.3592
53.1  2001.78
53  1951.3844
52.9  2083.3002
52.8  2018.8019
52.7  2025.5738
52.6  2056.9775
52.5  2048.9146
52.4  2038.8008
52.3  2081.9806
52.2  2061.8905
52.1  2048.5129
52  1998.6321
51.9  1983.0787
51.8  1857.0952
51.7  1929.4616
51.6  1914.5707
51.5  2003.3905
51.4  2053.6407
51.3  1963.8811
51.2  1870.9904
51.1  2002.6171
51  1851.3976
50.9  1885.8385
50.8  2017.7988
50.7  2055.5857
50.6  1896.8182
50.5  1926.0369
50.4  1872.2875
50.3  1806.8966
50.2  1910.0163
50.1  1885.9304
50  1961.731

# Region:                       Ca 2p
# Spectrum ID:                  3
# Acquisition Date:             08/12/26 19:32:15 UTC
# Analysis Method:              XPS
# Analyzer:                     PHOIBOS MCD5 Analyzer
# Analyzer Lens:                LargeArea:1.5kV
# Analyzer Slit:                5:7x20\B:open
# Scan Mode:                    FixedAnalyzerTransmission
# Curves/Scan:                  1
# Values/Curve:                 371
# Dwell Time:                   0.1
# Excitation Energy:            1253.64
# Binding Energy:               366
# Pass Energy:                  50
# Bias Voltage:                 90
# Detector Voltage:             3000
# Eff. Workfunction:            4.543
# Source:                       X-Ray Dummy
# Comment:                      
#
# Cycle: 0
# Number of Scans: 5
#
# Cycle: 0, Curve: 0
# Acquisition Date:             08/12/26 19:32:15 UTC
#
# ColumnLabels:                 energy counts/s
#
366  9950.6005
365.9  10047.805
365.8  10021.331
365.7  10011.179
365.6  10197.496
365.5  10146.771
365.4  10121.145
365.3  10219.344
365.2  10067.674
365.1  10187.206
365  10112.059
364.9  10047.532
364.8  9894.8834
364.7  10024.17
364.6  10097.809
364.5  10141.937
364.4  10093.31
364.3  10213.809
364.2  10162.113
364.1  10129.555
364  10246.075
363.9  10133.435
363.8  10152.719
363.7  9986.6032
363.6  10097.615
363.5  10143.463
363.4  10038.963
363.3  10038.281
363.2  9963.105
363.1  9891.3404
363  10050.912
362.9  9968.3467
362.8  10331.355
362.7  10210.418
362.6  10359.941
362.5  10255.555
362.4  10318.262
362.3  10312.229
362.2  10166.9
362.1  10057.778
362  10203.112
361.9  10122.106
361.8  10188.445
361.7  10166.706
361.6  9995.3688
361.5  10167.659
361.4  9871.6892
361.3  10119.19
361.2  9943.0954
361.1  10247.556
361  9985.288
360.9  10176.888
360.8  10144.394
360.7  10122.045
360.6  10021.665
360.5  10091.784
360.4  10320.546
360.3  10054.882
360.2  10136.415
360.1  10060.807
360  10310.619
359.9  9986.6002
359.8  10160.24
359.7  10056.215
359.6  10259.001
359.5  10202.657
359.4  10217.461
359.3  10347.46
359.2  9990.0573
359.1  10267.731
359  10311.073
358.9  9951.6998
358.8  9948.4699
358.7  9923.5039
358.6  9945.8846
358.5  10030.95
358.4  9976.3779
358.3  10094.471
358.2  10122.827
358.1  10011.988
358  9924.9024
357.9  10012.831
357.8  10235.531
357.7  10261.856
357.6  10109.202
357.5  10082.926
357.4  10184.52
357.3  10233.526
357.2  10313.355
357.1  10119.061
357  10305.858
356.9  10413.629
356.8  10078.731
356.7  10004.294
356.6  10206.07
356.5  10273.696
356.4  10273.931
356.3  10141.898
356.2  10144.006
356.1  10079.657
356  10252.983
355.9  10205.682
355.8  10232.571
355.7  10200.297
355.6  10375.826
355.5  10237.516
355.4  10150.219
355.3  10380.409
355.2  10313.121
355.1  10229.482
355  10467.514
354.9  10184.592
354.8  10380.712
354.7  10453.394
354.6  10542.354
354.5  10364.546
354.4  10570.979
354.3  10523.796
354.2  10573.516
354.1  10577.987
354  11060.19
353.9  10899.137
353.8  10663.277
353.7  10836.015
353.6  10955.395
353.5  10760.084
353.4  10959.54
353.3  10902.56
353.2  11001.549
353.1  11029.262
353  11062.36
352.9  11101.783
352.8  10945.65
352.7  11254.957
352.6  11195.696
352.5  10777.335
352.4  10912.472
352.3  11087.786
352.2  10985.677
352.1  10864.107
352  10796.196
351.9  10815.553
351.8  10812.246
351.7  10983.777
351.6  10893.81
351.5  10770.509
351.4  10893.692
351.3  10878.14
351.2  10706.588
351.1  11007.077
351  11004.892
350.9  11114.353
350.8  11108.94
350.7  11066.696
350.6  11270.677
350.5  11373.218
350.4  11379.446
350.3  11496.501
350.2  11484.269
350.1  12024.736
350  11770.168
349.9  12018.525
349.8  11904.601
349.7  11953.522
349.6  12180.5
349.5  11873.862
349.4  12061.051
349.3  11988.711
349.2  12194.586
349.1  11823.542
349  11875.037
348.9  11597.005
348.8  11735.964
348.7  11897.364
348.6  11521.909
348.5  11399.939
348.4  11346.435
348.3  11256.471
348.2  11166.769
348.1  11030.643
348  11060.34
347.9  10753.58
347.8  10679.279
347.7  10527.083
347.6  10499.27
347.5  10422.633
347.4  10345.138
347.3  10162.062
347.2  10202.86
347.1  10373.934
347  10168.429
346.9  10175.908
346.8  10100.155
346.7  10241.216
346.6  10009.443
346.5  9866.5316
346.4  10333.311
346.3  10082.314
346.2  10125.658
346.1  10049.234
346  10047.506
345.9  9923.7183
345.8  9865.0746
345.7  9934.0424
345.6  10003.466
345.5  10169.7
345.4  10048.525
345.3  10093.782
345.2  9953.1856
345.1  9738.0885
345  9840.2949
344.9  9925.6235
344.8  10167.896
344.7  10070.219
344.6  10144.44
344.5  10169.39
344.4  10170.762
344.3  10069.96
344.2  9723.6108
344.1  10160.248
344  9858.7484
343.9  10036.697
343.8  9874.7378
343.7  9923.7298
343.6  10073.032
343.5  10120.759
343.4  9919.7205
343.3  10052.94
343.2  10146.993
343.1  10163.54
343  9932.9614
342.9  10200.5
342.8  10014.004
342.7  10032.686
342.6  10014.31
342.5  10210.089
342.4  10040.138
342.3  9904.2593
342.2  10082.458
342.1  10058.747
342  10003.664
341.9  10157.949
341.8  10012.244
341.7  10130.642
341.6  10212.024
341.5  10063.567
341.4  10086.301
341.3  10020.069
341.2  10049.281
341.1  10090.108
341  9805.309
340.9  10253.817
340.8  10069.56
340.7  10137.689
340.6  10327.498
340.5  10112.411
340.4  10102.29
340.3  9999.6957
340.2  9858.3479
340.1  10206.761
340  10017.136
339.9  10163.18
339.8  9876.0353
339.7  10135.761
339.6  9981.6797
339.5  10197.962
339.4  9716.9775
339.3  9835.8
339.2  10023.711
339.1  9975.7256
339  9899.4058
338.9  10005.014
338.8  9963.3832
338.7  9896.7486
338.6  9884.8388
338.5  9781.7156
338.4  10065.164
338.3  10231.512
338.2  9974.3217
338.1  9864.1704
338  10128.814
337.9  10029.282
337.8  9982.8347
337.7  9924.0283
337.6  9944.4874
337.5  9845.4108
337.4  9963.6194
337.3  9931.5312
337.2  9982.9136
337.1  9778.0834
337  9675.7955
336.9  10008.787
336.8  9877.7956
336.7  9791.6799
336.6  9934.3206
336.5  9911.9819
336.4  9721.5739
336.3  9998.1693
336.2  9910.8654
336.1  9849.0083
336  10007.22
335.9  9736.8167
335.8  10013.905
335.7  10049.658
335.6  9649.9689
335.5  9798.3906
335.4  9881.5232
335.3  9900.0838
335.2  9971.4868
335.1  9795.4881
335  9974.9928
334.9  9865.8282
334.8  9678.4773
334.7  9724.7896
334.6  9727.6606
334.5  9697.0736
334.4  9951.2374
334.3  10060.414
334.2  9750.828
334.1  10138.75
334  9975.8631
333.9  9883.0438
333.8  10190.521
333.7  9752.2966
333.6  9872.3345
333.5  9683.9773
333.4  9981.2413
333.3  10039.85
333.2  9692.6166
333.1  10041.952
333  9963.9055
332.9  10004.487
332.8  9925.6936
332.7  9810.8706
332.6  9851.0003
332.5  9875.9838
332.4  9791.9222
332.3  9997.2367
332.2  9983.9797
332.1  10040.857
332  9902.0491
331.9  9778.5673
331.8  10012.53
331.7  9833.143
331.6  10015.434
331.5  9807.8521
331.4  9960.3205
331.3  9806.8586
331.2  9887.8641
331.1  9805.4937
331  9789.2751
330.9  9919.7179
330.8  9931.1476
330.7  10018.418
330.6  9802.1928
330.5  9715.089
330.4  9741.5984
330.3  9962.8997
330.2  9887.8458
330.1  9946.5733
330  9872.6521
329.9  9878.7215
329.8  10033.039
329.7  10002.18
329.6  9932.2604
329.5  10073.117
329.4  10052.034
329.3  9989.3047
329.2  10044.605
329.1  9741.6666
329  10052.183

# Operation:                    Multi Peak Fit
# Parameter: "Peak Function" = Voigt
# Parameter: "Background Function" = Shirley
# Parameter: "Baseline" = Constant
# Parameter: "LM Parameters/Max Iterations" = 200
# Parameter: "LM Parameters/Tolerance" = 2.2204459999999999e-16
# Parameter: "Baseline/BL_I/Value" = nan counts
# Parameter: "Peak 1/C/Value" = nan eV
# Parameter: "Peak 1/A/Value" = nan counts eV
# Parameter: "Peak 1/FL/Value" = nan eV
# Parameter: "Peak 1/FG/Value" = nan eV
# Parameter: "Peak 1/a/Value" = 0
# Parameter: "Peak 1/a/Constraint" = Fixed: 0
# Parameter: "Peak 1/k/Value" = nan [1/eV]
# Parameter: "Peak 2/C/Value" = nan eV
# Parameter: "Peak 2/A/Value" = nan counts eV
# Parameter: "Peak 2/FL/Value" = nan eV
# Parameter: "Peak 2/FG/Value" = nan eV
# Parameter: "Peak 2/a/Value" = 0
# Parameter: "Peak 2/a/Constraint" = Fixed: 0
# Parameter: "Peak 2/k/Value" = nan [1/eV]
#
# Result:
# Number of Results:            5
# Parameter: "Baseline/BL_I/Value" = 4968.4314739947158 counts +- 6.5220644718774743
# Parameter: "Peak 1/C/Value" = 904.24654208522054 eV +- 0.03638869645775096
# Parameter: "Peak 1/C/Constraint" = Restricted: 887.64 .. 924.64
# Parameter: "Peak 1/Relative Area/Value" = 61.666992380515673 %
# Parameter: "Peak 1/A/Value" = 3058.6942248098835 counts eV +- 272.4547165838585
# Parameter: "Peak 1/FL/Value" = 0.72368197219012542 eV +- 0.38612317785483352
# Parameter: "Peak 1/FG/Value" = 2.1272548398500009 eV +- 0.26367530530682992
# Parameter: "Peak 1/F/Value" = 2.5406326063964517 eV
# Parameter: "Peak 1/a/Value" = 0 +- 0
# Parameter: "Peak 1/a/Constraint" = Fixed: 0
# Parameter: "Peak 1/k/Value" = 0 [1/eV] +- 0
# Parameter: "Peak 2/C/Value" = 900.76564703633323 eV +- 0.082932408272151092
# Parameter: "Peak 2/C/Constraint" = Restricted: 887.64 .. 924.64
# Parameter: "Peak 2/Relative Area/Value" = 38.333007619484327 %
# Parameter: "Peak 2/A/Value" = 1901.3242660161909 counts eV +- 338.86935510425326
# Parameter: "Peak 2/FL/Value" = 1.8974988281830969 eV +- 0.93125729276053482
# Parameter: "Peak 2/FG/Value" = 1.5818987503436428 eV +- 0.86259448452268306
# Parameter: "Peak 2/F/Value" = 2.826104655188626 eV
# Parameter: "Peak 2/a/Value" = 0 +- 0
# Parameter: "Peak 2/a/Constraint" = Fixed: 0
# Parameter: "Peak 2/k/Value" = 0.04169747886014584 [1/eV] +- 0.011369830890983352
# Parameter: "Fit Result/ChiSquare" = 286.70454400203562
# Parameter: "Fit Result/Reduced ChiSquare" = 0.79861989972711867
# Parameter: "Fit Result/Abbe Factor" = 0.88277697436044522
# Parameter: "Fit Result/Q-Probability" = 0.99800291775245575
# Parameter: "Termination State" = ConvergedInParameter
#
# Result Name:                  Background
# Number of Curves:             1
#
# Curve:                        0
# Values/Curve:                 293
#
366  10089.754
365.87329  10089.718
365.74658  10089.681
365.61986  10089.644
365.49315  10089.605
365.36644  10089.566
365.23973  10089.527
365.11301  10089.486
364.9863  10089.444
364.85959  10089.402
364.73288  10089.359
364.60616  10089.315
364.47945  10089.269
364.35274  10089.223
364.22603  10089.176
364.09932  10089.128
363.9726  10089.078
363.84589  10089.028
363.71918  10088.976
363.59247  10088.923
363.46575  10088.868
363.33904  10088.813
363.21233  10088.756
363.08562  10088.697
362.9589  10088.637
362.83219  10088.576
362.70548  10088.513
362.57877  10088.448
362.45205  10088.382
362.32534  10088.313
362.19863  10088.243
362.07192  10088.171
361.94521  10088.097
361.81849  10088.021
361.69178  10087.942
361.56507  10087.861
361.43836  10087.778
361.31164  10087.692
361.18493  10087.604
361.05822  10087.513
360.93151  10087.419
360.80479  10087.321
360.67808  10087.221
360.55137  10087.117
360.42466  10087.01
360.29795  10086.899
360.17123  10086.784
360.04452  10086.665
359.91781  10086.542
359.7911  10086.414
359.66438  10086.281
359.53767  10086.143
359.41096  10085.999
359.28425  10085.85
359.15753  10085.695
359.03082  10085.533
358.90411  10085.364
358.7774  10085.187
358.65068  10085.003
358.52397  10084.81
358.39726  10084.608
358.27055  10084.397
358.14384  10084.175
358.01712  10083.942
357.89041  10083.696
357.7637  10083.438
357.63699  10083.165
357.51027  10082.877
357.38356  10082.572
357.25685  10082.249
357.13014  10081.906
357.00342  10081.541
356.87671  10081.153
356.75  10080.737
356.62329  10080.293
356.49658  10079.816
356.36986  10079.302
356.24315  10078.749
356.11644  10078.15
355.98973  10077.501
355.86301  10076.794
355.7363  10076.022
355.60959  10075.176
355.48288  10074.245
355.35616  10073.219
355.22945  10072.083
355.10274  10070.821
354.97603  10069.417
354.84932  10067.85
354.7226  10066.1
354.59589  10064.144
354.46918  10061.958
354.34247  10059.521
354.21575  10056.811
354.08904  10053.811
353.96233  10050.509
353.83562  10046.898
353.7089  10042.983
353.58219  10038.776
353.45548  10034.302
353.32877  10029.595
353.20205  10024.702
353.07534  10019.678
352.94863  10014.583
352.82192  10009.482
352.69521  10004.441
352.56849  9999.5214
352.44178  9994.7793
352.31507  9990.262
352.18836  9986.0069
352.06164  9982.0401
351.93493  9978.3766
351.80822  9975.0212
351.68151  9971.9699
351.55479  9969.2112
351.42808  9966.7284
351.30137  9964.5011
351.17466  9962.5068
351.04795  9960.7226
350.92123  9959.1257
350.79452  9957.6948
350.66781  9956.4101
350.5411  9955.2535
350.41438  9954.2093
350.28767  9953.2635
350.16096  9952.4037
350.03425  9951.6195
349.90753  9950.9019
349.78082  9950.2429
349.65411  9949.6358
349.5274  9949.0749
349.40068  9948.5551
349.27397  9948.0721
349.14726  9947.6221
349.02055  9947.202
348.89384  9946.8087
348.76712  9946.4399
348.64041  9946.0933
348.5137  9945.7669
348.38699  9945.4591
348.26027  9945.1683
348.13356  9944.893
348.00685  9944.6322
347.88014  9944.3846
347.75342  9944.1493
347.62671  9943.9255
347.5  9943.7122
347.37329  9943.5087
347.24658  9943.3145
347.11986  9943.1288
346.99315  9942.9511
346.86644  9942.7809
346.73973  9942.6178
346.61301  9942.4612
346.4863  9942.3109
346.35959  9942.1665
346.23288  9942.0275
346.10616  9941.8938
345.97945  9941.7649
345.85274  9941.6407
345.72603  9941.5209
345.59932  9941.4053
345.4726  9941.2937
345.34589  9941.1858
345.21918  9941.0814
345.09247  9940.9805
344.96575  9940.8828
344.83904  9940.7882
344.71233  9940.6965
344.58562  9940.6076
344.4589  9940.5213
344.33219  9940.4377
344.20548  9940.3565
344.07877  9940.2776
343.95205  9940.2009
343.82534  9940.1264
343.69863  9940.054
343.57192  9939.9835
343.44521  9939.9149
343.31849  9939.8481
343.19178  9939.7831
343.06507  9939.7197
342.93836  9939.658
342.81164  9939.5978
342.68493  9939.5391
342.55822  9939.4818
342.43151  9939.426
342.30479  9939.3714
342.17808  9939.3182
342.05137  9939.2662
341.92466  9939.2154
341.79795  9939.1658
341.67123  9939.1172
341.54452  9939.0698
341.41781  9939.0234
341.2911  9938.978
341.16438  9938.9337
341.03767  9938.8902
340.91096  9938.8477
340.78425  9938.806
340.65753  9938.7653
340.53082  9938.7253
340.40411  9938.6862
340.2774  9938.6478
340.15068  9938.6103
340.02397  9938.5734
339.89726  9938.5373
339.77055  9938.5019
339.64384  9938.4671
339.51712  9938.433
339.39041  9938.3996
339.2637  9938.3667
339.13699  9938.3345
339.01027  9938.3028
338.88356  9938.2718
338.75685  9938.2413
338.63014  9938.2113
338.50342  9938.1819
338.37671  9938.1529
338.25  9938.1245
338.12329  9938.0965
337.99658  9938.0691
337.86986  9938.0421
337.74315  9938.0155
337.61644  9937.9894
337.48973  9937.9637
337.36301  9937.9385
337.2363  9937.9136
337.10959  9937.8891
336.98288  9937.8651
336.85616  9937.8414
336.72945  9937.8181
336.60274  9937.7951
336.47603  9937.7725
336.34932  9937.7502
336.2226  9937.7283
336.09589  9937.7067
335.96918  9937.6855
335.84247  9937.6645
335.71575  9937.6439
335.58904  9937.6235
335.46233  9937.6035
335.33562  9937.5838
335.2089  9937.5643
335.08219  9937.5451
334.95548  9937.5262
334.82877  9937.5075
334.70205  9937.4891
334.57534  9937.471
334.44863  9937.4531
334.32192  9937.4354
334.19521  9937.418
334.06849  9937.4008
333.94178  9937.3839
333.81507  9937.3671
333.68836  9937.3506
333.56164  9937.3344
333.43493  9937.3183
333.30822  9937.3024
333.18151  9937.2867
333.05479  9937.2713
332.92808  9937.256
332.80137  9937.2409
332.67466  9937.2261
332.54795  9937.2114
332.42123  9937.1968
332.29452  9937.1825
332.16781  9937.1683
332.0411  9937.1543
331.91438  9937.1405
331.78767  9937.1268
331.66096  9937.1133
331.53425  9937.1
331.40753  9937.0868
331.28082  9937.0738
331.15411  9937.0609
331.0274  9937.0482
330.90068  9937.0356
330.77397  9937.0232
330.64726  9937.0109
330.52055  9936.9987
330.39384  9936.9867
330.26712  9936.9748
330.14041  9936.9631
330.0137  9936.9515
329.88699  9936.94
329.76027  9936.9286
329.63356  9936.9174
329.50685  9936.9063
329.38014  9936.8953
329.25342  9936.8844
329.12671  9936.8736
329  9936.8629

# Result Name:                  Combined
# Number of Curves:             1
#
# Curve:                        0
# Values/Curve:                 293
#
366  10099.014
365.87329  10099.149
365.74658  10099.289
365.61986  10099.432
365.49315  10099.581
365.36644  10099.734
365.23973  10099.892
365.11301  10100.055
364.9863  10100.223
364.85959  10100.396
364.73288  10100.576
364.60616  10100.761
364.47945  10100.953
364.35274  10101.151
364.22603  10101.356
364.09932  10101.568
363.9726  10101.788
363.84589  10102.015
363.71918  10102.25
363.59247  10102.494
363.46575  10102.747
363.33904  10103.01
363.21233  10103.282
363.08562  10103.564
362.9589  10103.858
362.83219  10104.163
362.70548  10104.479
362.57877  10104.809
362.45205  10105.151
362.32534  10105.508
362.19863  10105.88
362.07192  10106.267
361.94521  10106.67
361.81849  10107.091
361.69178  10107.53
361.56507  10107.989
361.43836  10108.469
361.31164  10108.97
361.18493  10109.494
361.05822  10110.043
360.93151  10110.619
360.80479  10111.222
360.67808  10111.855
360.55137  10112.519
360.42466  10113.218
360.29795  10113.952
360.17123  10114.725
360.04452  10115.54
359.91781  10116.398
359.7911  10117.305
359.66438  10118.263
359.53767  10119.276
359.41096  10120.348
359.28425  10121.485
359.15753  10122.691
359.03082  10123.972
358.90411  10125.335
358.7774  10126.787
358.65068  10128.335
358.52397  10129.989
358.39726  10131.758
358.27055  10133.653
358.14384  10135.687
358.01712  10137.873
357.89041  10140.228
357.7637  10142.769
357.63699  10145.516
357.51027  10148.492
357.38356  10151.724
357.25685  10155.243
357.13014  10159.082
357.00342  10163.283
356.87671  10167.892
356.75  10172.965
356.62329  10178.563
356.49658  10184.764
356.36986  10191.654
356.24315  10199.336
356.11644  10207.934
355.98973  10217.591
355.86301  10228.476
355.7363  10240.787
355.60959  10254.753
355.48288  10270.638
355.35616  10288.74
355.22945  10309.39
355.10274  10332.941
354.97603  10359.757
354.84932  10390.194
354.7226  10424.563
354.59589  10463.095
354.46918  10505.889
354.34247  10552.858
354.21575  10603.673
354.08904  10657.711
353.96233  10714.025
353.83562  10771.331
353.7089  10828.035
353.58219  10882.297
353.45548  10932.135
353.32877  10975.567
353.20205  11010.772
353.07534  11036.261
352.94863  11051.036
352.82192  11054.711
352.69521  11047.587
352.56849  11030.672
352.44178  11005.633
352.31507  10974.703
352.18836  10940.544
352.06164  10906.092
351.93493  10874.394
351.80822  10848.455
351.68151  10831.106
351.55479  10824.884
351.42808  10831.936
351.30137  10853.933
351.17466  10891.988
351.04795  10946.575
350.92123  11017.448
350.79452  11103.579
350.66781  11203.099
350.5411  11313.288
350.41438  11430.603
350.28767  11550.778
350.16096  11668.984
350.03425  11780.06
349.90753  11878.805
349.78082  11960.297
349.65411  12020.228
349.5274  12055.205
349.40068  12063.007
349.27397  12042.737
349.14726  11994.893
349.02055  11921.303
348.89384  11824.978
348.76712  11709.856
348.64041  11580.504
348.5137  11441.778
348.38699  11298.496
348.26027  11155.151
348.13356  11015.674
348.00685  10883.275
347.88014  10760.368
347.75342  10648.556
347.62671  10548.69
347.5  10460.96
347.37329  10385.03
347.24658  10320.163
347.11986  10265.364
346.99315  10219.493
346.86644  10181.365
346.73973  10149.821
346.61301  10123.788
346.4863  10102.301
346.35959  10084.525
346.23288  10069.752
346.10616  10057.396
345.97945  10046.978
345.85274  10038.117
345.72603  10030.508
345.59932  10023.912
345.4726  10018.14
345.34589  10013.045
345.21918  10008.513
345.09247  10004.451
344.96575  10000.787
344.83904  9997.4636
344.71233  9994.4336
344.58562  9991.6588
344.4589  9989.1076
344.33219  9986.7536
344.20548  9984.5746
344.07877  9982.5517
343.95205  9980.6688
343.82534  9978.912
343.69863  9977.2692
343.57192  9975.7298
343.44521  9974.2845
343.31849  9972.9251
343.19178  9971.6444
343.06507  9970.4359
342.93836  9969.2939
342.81164  9968.2132
342.68493  9967.1891
342.55822  9966.2175
342.43151  9965.2946
342.30479  9964.4169
342.17808  9963.5813
342.05137  9962.7851
341.92466  9962.0255
341.79795  9961.3003
341.67123  9960.6073
341.54452  9959.9444
341.41781  9959.3098
341.2911  9958.7018
341.16438  9958.119
341.03767  9957.5598
340.91096  9957.0228
340.78425  9956.5069
340.65753  9956.011
340.53082  9955.5338
340.40411  9955.0745
340.2774  9954.6321
340.15068  9954.2058
340.02397  9953.7947
339.89726  9953.398
339.77055  9953.0152
339.64384  9952.6454
339.51712  9952.2881
339.39041  9951.9427
339.2637  9951.6087
339.13699  9951.2855
339.01027  9950.9727
338.88356  9950.6697
338.75685  9950.3762
338.63014  9950.0917
338.50342  9949.8159
338.37671  9949.5483
338.25  9949.2887
338.12329  9949.0368
337.99658  9948.7921
337.86986  9948.5545
337.74315  9948.3236
337.61644  9948.0992
337.48973  9947.881
337.36301  9947.6687
337.2363  9947.4623
337.10959  9947.2614
336.98288  9947.0658
336.85616  9946.8753
336.72945  9946.6898
336.60274  9946.5091
336.47603  9946.333
336.34932  9946.1613
336.2226  9945.9939
336.09589  9945.8306
335.96918  9945.6714
335.84247  9945.516
335.71575  9945.3643
335.58904  9945.2162
335.46233  9945.0717
335.33562  9944.9305
335.2089  9944.7926
335.08219  9944.6578
334.95548  9944.5261
334.82877  9944.3974
334.70205  9944.2715
334.57534  9944.1484
334.44863  9944.0281
334.32192  9943.9103
334.19521  9943.7951
334.06849  9943.6823
333.94178  9943.572
333.81507  9943.4639
333.68836  9943.3581
333.56164  9943.2545
333.43493  9943.153
333.30822  9943.0536
333.18151  9942.9562
333.05479  9942.8608
332.92808  9942.7672
332.80137  9942.6755
332.67466  9942.5856
332.54795  9942.4974
332.42123  9942.4109
332.29452  9942.3261
332.16781  9942.2429
332.0411  9942.1612
331.91438  9942.0811
331.78767  9942.0025
331.66096  9941.9253
331.53425  9941.8495
331.40753  9941.7752
331.28082  9941.7021
331.15411  9941.6304
331.0274  9941.5599
330.90068  9941.4907
330.77397  9941.4227
330.64726  9941.3558
330.52055  9941.2902
330.39384  9941.2256
330.26712  9941.1622
330.14041  9941.0998
330.0137  9941.0385
329.88699  9940.9782
329.76027  9940.9189
329.63356  9940.8606
329.50685  9940.8033
329.38014  9940.7469
329.25342  9940.6913
329.12671  9940.6367
329  9940.583

# Result Name:                  Peak 1
# Number of Curves:             1
#
# Curve:                        0
# Values/Curve:                 293
#
366  10092.33
365.87329  10092.335
365.74658  10092.339
365.61986  10092.344
365.49315  10092.348
365.36644  10092.353
365.23973  10092.359
365.11301  10092.365
364.9863  10092.37
364.85959  10092.377
364.73288  10092.383
364.60616  10092.39
364.47945  10092.397
364.35274  10092.405
364.22603  10092.413
364.09932  10092.421
363.9726  10092.43
363.84589  10092.439
363.71918  10092.449
363.59247  10092.458
363.46575  10092.469
363.33904  10092.48
363.21233  10092.491
363.08562  10092.503
362.9589  10092.516
362.83219  10092.528
362.70548  10092.542
362.57877  10092.556
362.45205  10092.571
362.32534  10092.586
362.19863  10092.602
362.07192  10092.619
361.94521  10092.637
361.81849  10092.655
361.69178  10092.674
361.56507  10092.694
361.43836  10092.714
361.31164  10092.736
361.18493  10092.758
361.05822  10092.782
360.93151  10092.806
360.80479  10092.832
360.67808  10092.858
360.55137  10092.886
360.42466  10092.914
360.29795  10092.944
360.17123  10092.975
360.04452  10093.007
359.91781  10093.041
359.7911  10093.076
359.66438  10093.112
359.53767  10093.15
359.41096  10093.189
359.28425  10093.23
359.15753  10093.272
359.03082  10093.316
358.90411  10093.362
358.7774  10093.409
358.65068  10093.458
358.52397  10093.509
358.39726  10093.561
358.27055  10093.615
358.14384  10093.671
358.01712  10093.728
357.89041  10093.787
357.7637  10093.847
357.63699  10093.909
357.51027  10093.972
357.38356  10094.036
357.25685  10094.101
357.13014  10094.166
357.00342  10094.231
356.87671  10094.295
356.75  10094.358
356.62329  10094.419
356.49658  10094.477
356.36986  10094.53
356.24315  10094.577
356.11644  10094.616
355.98973  10094.644
355.86301  10094.659
355.7363  10094.656
355.60959  10094.631
355.48288  10094.58
355.35616  10094.495
355.22945  10094.369
355.10274  10094.195
354.97603  10093.962
354.84932  10093.66
354.7226  10093.28
354.59589  10092.811
354.46918  10092.245
354.34247  10091.576
354.21575  10090.805
354.08904  10089.937
353.96233  10088.99
353.83562  10087.993
353.7089  10086.995
353.58219  10086.061
353.45548  10085.286
353.32877  10084.791
353.20205  10084.73
353.07534  10085.3
352.94863  10086.74
352.82192  10089.346
352.69521  10093.474
352.56849  10099.556
352.44178  10108.109
352.31507  10119.748
352.18836  10135.199
352.06164  10155.303
351.93493  10181.017
351.80822  10213.403
351.68151  10253.597
351.55479  10302.765
351.42808  10362.03
351.30137  10432.377
351.17466  10514.542
351.04795  10608.877
350.92123  10715.219
350.79452  10832.758
350.66781  10959.938
350.5411  11094.399
350.41438  11232.971
350.28767  11371.755
350.16096  11506.263
350.03425  11631.645
349.90753  11742.974
349.78082  11835.57
349.65411  11905.33
349.5274  11949.04
349.40068  11964.627
349.27397  11951.324
349.14726  11909.735
349.02055  11841.782
348.89384  11750.552
348.76712  11640.051
348.64041  11514.902
348.5137  11380.009
348.38699  11240.234
348.26027  11100.104
348.13356  10963.582
348.00685  10833.906
347.88014  10713.513
347.75342  10604.028
347.62671  10506.318
347.5  10420.592
347.37329  10346.525
347.24658  10283.395
347.11986  10230.219
346.99315  10185.865
346.86644  10149.156
346.73973  10118.945
346.61301  10094.162
346.4863  10073.851
346.35959  10057.182
346.23288  10043.453
346.10616  10032.081
345.97945  10022.594
345.85274  10014.613
345.72603  10007.837
345.59932  10002.03
345.4726  9997.0067
345.34589  9992.6231
345.21918  9988.766
345.09247  9985.3465
344.96575  9982.2943
344.83904  9979.5534
344.71233  9977.0789
344.58562  9974.8341
344.4589  9972.7888
344.33219  9970.9183
344.20548  9969.2016
344.07877  9967.621
343.95205  9966.1615
343.82534  9964.8104
343.69863  9963.5564
343.57192  9962.3899
343.44521  9961.3025
343.31849  9960.2868
343.19178  9959.3363
343.06507  9958.4452
342.93836  9957.6084
342.81164  9956.8214
342.68493  9956.0801
342.55822  9955.3809
342.43151  9954.7204
342.30479  9954.0958
342.17808  9953.5043
342.05137  9952.9435
341.92466  9952.4112
341.79795  9951.9055
341.67123  9951.4245
341.54452  9950.9666
341.41781  9950.5302
341.2911  9950.1139
341.16438  9949.7165
341.03767  9949.3368
340.91096  9948.9737
340.78425  9948.6262
340.65753  9948.2933
340.53082  9947.9743
340.40411  9947.6682
340.2774  9947.3745
340.15068  9947.0924
340.02397  9946.8213
339.89726  9946.5605
339.77055  9946.3096
339.64384  9946.068
339.51712  9945.8352
339.39041  9945.6108
339.2637  9945.3944
339.13699  9945.1856
339.01027  9944.984
338.88356  9944.7893
338.75685  9944.6011
338.63014  9944.4191
338.50342  9944.2431
338.37671  9944.0728
338.25  9943.9079
338.12329  9943.7481
337.99658  9943.5934
337.86986  9943.4434
337.74315  9943.2979
337.61644  9943.1567
337.48973  9943.0198
337.36301  9942.8868
337.2363  9942.7576
337.10959  9942.6322
336.98288  9942.5102
336.85616  9942.3917
336.72945  9942.2764
336.60274  9942.1643
336.47603  9942.0552
336.34932  9941.9489
336.2226  9941.8455
336.09589  9941.7448
335.96918  9941.6466
335.84247  9941.551
335.71575  9941.4578
335.58904  9941.3669
335.46233  9941.2782
335.33562  9941.1917
335.2089  9941.1073
335.08219  9941.0249
334.95548  9940.9445
334.82877  9940.8659
334.70205  9940.7892
334.57534  9940.7143
334.44863  9940.641
334.32192  9940.5694
334.19521  9940.4995
334.06849  9940.431
333.94178  9940.3641
333.81507  9940.2986
333.68836  9940.2345
333.56164  9940.1718
333.43493  9940.1105
333.30822  9940.0504
333.18151  9939.9915
333.05479  9939.9339
332.92808  9939.8775
332.80137  9939.8222
332.67466  9939.768
332.54795  9939.7148
332.42123  9939.6628
332.29452  9939.6117
332.16781  9939.5617
332.0411  9939.5126
331.91438  9939.4644
331.78767  9939.4172
331.66096  9939.3708
331.53425  9939.3253
331.40753  9939.2807
331.28082  9939.2368
331.15411  9939.1938
331.0274  9939.1515
330.90068  9939.11
330.77397  9939.0693
330.64726  9939.0292
330.52055  9938.9899
330.39384  9938.9512
330.26712  9938.9132
330.14041  9938.8759
330.0137  9938.8392
329.88699  9938.8031
329.76027  9938.7676
329.63356  9938.7327
329.50685  9938.6984
329.38014  9938.6647
329.25342  9938.6314
329.12671  9938.5988
329  9938.5666

# Result Name:                  Peak 2
# Number of Curves:             1
#
# Curve:                        0
# Values/Curve:                 293
#
366  10096.437
365.87329  10096.532
365.74658  10096.631
365.61986  10096.733
365.49315  10096.838
365.36644  10096.947
365.23973  10097.059
365.11301  10097.176
364.9863  10097.297
364.85959  10097.422
364.73288  10097.551
364.60616  10097.686
364.47945  10097.825
364.35274  10097.969
364.22603  10098.119
364.09932  10098.274
363.9726  10098.436
363.84589  10098.603
363.71918  10098.778
363.59247  10098.959
363.46575  10099.147
363.33904  10099.343
363.21233  10099.546
363.08562  10099.759
362.9589  10099.98
362.83219  10100.21
362.70548  10100.45
362.57877  10100.701
362.45205  10100.962
362.32534  10101.235
362.19863  10101.52
362.07192  10101.819
361.94521  10102.13
361.81849  10102.457
361.69178  10102.799
361.56507  10103.157
361.43836  10103.532
361.31164  10103.926
361.18493  10104.34
361.05822  10104.774
360.93151  10105.231
360.80479  10105.712
360.67808  10106.218
360.55137  10106.751
360.42466  10107.314
360.29795  10107.907
360.17123  10108.534
360.04452  10109.197
359.91781  10109.899
359.7911  10110.643
359.66438  10111.431
359.53767  10112.268
359.41096  10113.158
359.28425  10114.104
359.15753  10115.113
359.03082  10116.188
358.90411  10117.337
358.7774  10118.565
358.65068  10119.88
358.52397  10121.29
358.39726  10122.805
358.27055  10124.435
358.14384  10126.191
358.01712  10128.087
357.89041  10130.137
357.7637  10132.359
357.63699  10134.772
357.51027  10137.397
357.38356  10140.261
357.25685  10143.392
357.13014  10146.823
357.00342  10150.594
356.87671  10154.75
356.75  10159.343
356.62329  10164.437
356.49658  10170.102
356.36986  10176.426
356.24315  10183.508
356.11644  10191.469
355.98973  10200.448
355.86301  10210.611
355.7363  10222.152
355.60959  10235.297
355.48288  10250.303
355.35616  10267.464
355.22945  10287.103
355.10274  10309.567
354.97603  10335.213
354.84932  10364.384
354.7226  10397.383
354.59589  10434.428
354.46918  10475.602
354.34247  10520.803
354.21575  10569.679
354.08904  10621.585
353.96233  10675.544
353.83562  10730.236
353.7089  10784.023
353.58219  10835.011
353.45548  10881.15
353.32877  10920.372
353.20205  10950.744
353.07534  10970.639
352.94863  10978.879
352.82192  10974.847
352.69521  10958.554
352.56849  10930.638
352.44178  10892.304
352.31507  10845.218
352.18836  10791.353
352.06164  10732.83
351.93493  10671.754
351.80822  10610.074
351.68151  10549.479
351.55479  10491.33
351.42808  10436.634
351.30137  10386.058
351.17466  10339.954
351.04795  10298.42
350.92123  10261.355
350.79452  10228.516
350.66781  10199.571
350.5411  10174.143
350.41438  10151.841
350.28767  10132.287
350.16096  10115.125
350.03425  10100.035
349.90753  10086.733
349.78082  10074.97
349.65411  10064.533
349.5274  10055.24
349.40068  10046.934
349.27397  10039.485
349.14726  10032.78
349.02055  10026.723
348.89384  10021.235
348.76712  10016.245
348.64041  10011.696
348.5137  10007.536
348.38699  10003.722
348.26027  10000.216
348.13356  9996.985
348.00685  9994.0013
347.88014  9991.2395
347.75342  9988.678
347.62671  9986.2975
347.5  9984.081
347.37329  9982.0136
347.24658  9980.082
347.11986  9978.2743
346.99315  9976.58
346.86644  9974.9895
346.73973  9973.4945
346.61301  9972.0873
346.4863  9970.761
346.35959  9969.5093
346.23288  9968.3268
346.10616  9967.2083
345.97945  9966.1491
345.85274  9965.145
345.72603  9964.1922
345.59932  9963.2873
345.4726  9962.4268
345.34589  9961.6081
345.21918  9960.8282
345.09247  9960.0848
344.96575  9959.3755
344.83904  9958.6983
344.71233  9958.0511
344.58562  9957.4323
344.4589  9956.8401
344.33219  9956.2729
344.20548  9955.7295
344.07877  9955.2083
343.95205  9954.7082
343.82534  9954.2281
343.69863  9953.7668
343.57192  9953.3234
343.44521  9952.8969
343.31849  9952.4864
343.19178  9952.0912
343.06507  9951.7104
342.93836  9951.3435
342.81164  9950.9895
342.68493  9950.6481
342.55822  9950.3184
342.43151  9950.0001
342.30479  9949.6926
342.17808  9949.3953
342.05137  9949.1078
341.92466  9948.8297
341.79795  9948.5605
341.67123  9948.3
341.54452  9948.0476
341.41781  9947.803
341.2911  9947.566
341.16438  9947.3361
341.03767  9947.1131
340.91096  9946.8968
340.78425  9946.6868
340.65753  9946.4829
340.53082  9946.2849
340.40411  9946.0925
340.2774  9945.9054
340.15068  9945.7236
340.02397  9945.5468
339.89726  9945.3748
339.77055  9945.2074
339.64384  9945.0445
339.51712  9944.8859
339.39041  9944.7314
339.2637  9944.581
339.13699  9944.4344
339.01027  9944.2915
338.88356  9944.1522
338.75685  9944.0163
338.63014  9943.8838
338.50342  9943.7546
338.37671  9943.6285
338.25  9943.5054
338.12329  9943.3852
337.99658  9943.2678
337.86986  9943.1532
337.74315  9943.0412
337.61644  9942.9318
337.48973  9942.8249
337.36301  9942.7204
337.2363  9942.6182
337.10959  9942.5183
336.98288  9942.4206
336.85616  9942.325
336.72945  9942.2314
336.60274  9942.1399
336.47603  9942.0503
336.34932  9941.9626
336.2226  9941.8767
336.09589  9941.7926
335.96918  9941.7102
335.84247  9941.6295
335.71575  9941.5504
335.58904  9941.4729
335.46233  9941.397
335.33562  9941.3225
335.2089  9941.2495
335.08219  9941.178
334.95548  9941.1078
334.82877  9941.0389
334.70205  9940.9714
334.57534  9940.9051
334.44863  9940.8401
334.32192  9940.7763
334.19521  9940.7136
334.06849  9940.6521
333.94178  9940.5917
333.81507  9940.5325
333.68836  9940.4742
333.56164  9940.417
333.43493  9940.3609
333.30822  9940.3057
333.18151  9940.2514
333.05479  9940.1981
332.92808  9940.1458
332.80137  9940.0943
332.67466  9940.0437
332.54795  9939.9939
332.42123  9939.945
332.29452  9939.8969
332.16781  9939.8495
332.0411  9939.803
331.91438  9939.7572
331.78767  9939.7122
331.66096  9939.6678
331.53425  9939.6242
331.40753  9939.5813
331.28082  9939.5391
331.15411  9939.4975
331.0274  9939.4565
330.90068  9939.4162
330.77397  9939.3766
330.64726  9939.3375
330.52055  9939.299
330.39384  9939.2611
330.26712  9939.2238
330.14041  9939.187
330.0137  9939.1508
329.88699  9939.1151
329.76027  9939.0799
329.63356  9939.0453
329.50685  9939.0111
329.38014  9938.9775
329.25342  9938.9443
329.12671  9938.9116
329  9938.8793

# Result Name:                  Residuum
# Number of Curves:             1
#
# Curve:                        0
# Values/Curve:                 371
#
366  -148.41586
365.9  -51.31776
365.8  -77.901372
365.7  -88.164445
365.6  98.037338
365.5  47.195511
365.4  21.449073
365.3  119.52458
365.2  -32.270943
365.1  87.131269
365  11.851543
364.9  -52.811632
364.8  -205.60006
364.7  -76.456613
364.6  -2.965253
364.5  41.01213
364.4  -7.7699605
364.3  112.56985
364.2  60.709968
364.1  27.983825
364  144.33169
363.9  31.513998
363.8  50.615719
363.7  -115.68795
363.6  -4.8689998
363.5  40.779975
363.4  -63.924012
363.3  -64.816554
363.2  -140.20885
363.1  -212.19638
363  -52.854243
362.9  -135.65658
362.8  227.10788
362.7  105.91938
362.6  255.18258
362.5  150.52914
362.4  212.96026
362.3  206.64115
362.2  61.018111
362.1  -48.408132
362  96.612185
361.9  15.281171
361.8  81.284413
361.7  59.19777
361.6  -112.49923
361.5  59.418757
361.4  -236.93651
361.3  10.16453
361.2  -166.34344
361.1  137.68816
361  -125.02507
360.9  66.113122
360.8  33.139459
360.7  10.292701
360.6  -90.605596
360.5  -21.023946
360.4  207.1783
360.3  -59.06857
360.2  21.857698
360.1  -54.382505
360  194.77078
359.9  -129.9347
359.8  42.987771
359.7  -61.785622
359.6  140.21748
359.5  83.054823
359.4  97.003653
359.3  226.10588
359.2  -132.2362
359.1  144.45213
359  186.76065
358.9  -173.69761
358.8  -178.06832
358.7  -204.23457
358.6  -183.11741
358.5  -99.383375
358.4  -155.3605
358.3  -38.750225
358.2  -11.962627
358.1  -124.46038
358  -213.30268
357.9  -127.23757
357.8  93.484396
357.7  117.7063
357.6  -37.185904
357.5  -65.84813
357.4  33.199353
357.3  79.482834
357.2  156.39718
357.1  -41.022185
357  142.41737
356.9  246.5767
356.8  -92.215519
356.7  -170.85729
356.6  26.366949
356.5  89.058279
356.4  83.930909
356.3  -53.942631
356.2  -58.209225
356.1  -129.5316
356  36.148891
355.9  -19.552544
355.8  -1.9142006
355.7  -44.395023
355.6  119.85099
355.5  -30.95136
355.4  -132.09431
355.3  82.73512
355.2  -1.595923
355.1  -104.13875
355  112.94866
354.9  -193.13385
354.8  -22.552668
354.7  22.074269
354.6  80.36405
354.5  -130.77282
354.4  39.698946
354.3  -45.961937
354.2  -37.013149
354.1  -75.266508
354  362.72852
353.9  156.5831
353.8  -124.52643
353.7  3.6418827
353.6  80.056684
353.5  -155.63913
353.4  6.9976867
353.3  -82.287689
353.2  -10.236964
353.1  -3.3859285
353  15.446536
352.9  47.487854
352.8  -109.11585
352.7  206.38574
352.6  159.46689
352.5  -241.1837
352.4  -83.975375
352.3  116.56678
352.2  41.494437
352.1  -52.680422
352  -94.334874
351.9  -51.357405
351.8  -35.134957
351.7  150.4605
351.6  67.835952
351.5  -55.953391
351.4  57.972481
351.3  23.656922
351.2  -176.67913
351.1  84.739801
351  33.205027
350.9  83.337212
350.8  9.2339882
350.7  -110.11955
350.6  9.609485
350.5  22.356666
350.4  -64.845755
350.3  -42.687139
350.2  -148.90094
350.1  301.01854
350  -38.086679
349.9  134.27311
349.8  -44.718049
349.7  -47.791531
349.6  142.06513
349.5  -185.44006
349.4  -1.9743068
349.3  -60.526286
349.2  176.47126
349.1  -146.82049
349  -32.137736
348.9  -233.1677
348.8  -5.3586108
348.7  254.52686
348.6  -15.171466
348.5  -26.517263
348.4  33.117228
348.3  56.5936
348.2  78.632693
348.1  50.812838
348  183.94275
347.9  -25.377537
347.8  -9.0409384
347.7  -77.909343
347.6  -29.9416
347.5  -38.348984
347.4  -54.969463
347.3  -184.17995
347.2  -96.067432
347.1  116.30255
347  -53.353218
346.9  -14.885355
346.8  -63.935738
346.7  100.08619
346.6  -111.95883
346.5  -237.9144
346.4  243.46034
346.3  5.0583078
346.2  59.309638
346.1  -7.6262127
346  -1.0597571
345.9  -117.55469
345.8  -169.75016
345.7  -95.0463
345.6  -20.489608
345.5  150.36304
345.4  33.368271
345.3  82.42777
345.2  -54.693848
345.1  -266.60145
345  -161.4557
344.9  -73.408562
344.8  171.38707
344.7  76.057291
344.6  152.46976
344.5  179.4696
344.4  182.76439
344.3  83.768698
344.2  -260.8805
344.1  177.36043
344  -122.62433
343.9  56.757561
343.8  -103.84353
343.7  -53.563025
343.6  96.963203
343.5  145.85429
343.4  -54.075506
343.3  80.200233
343.2  175.26183
343.1  192.77203
343  -36.885487
342.9  231.53436
342.8  45.882162
342.7  65.373004
342.6  47.773126
342.5  244.29621
342.4  75.060809
342.3  -60.129775
342.2  118.7304
342.1  95.656856
342  41.187329
341.9  196.06331
341.8  50.928591
341.7  169.87572
341.6  251.78906
341.5  103.84507
341.4  127.07488
341.3  61.32163
341.2  90.997332
341.1  132.27282
341  -152.0923
340.9  296.83666
340.8  112.98725
340.7  181.51093
340.6  371.70322
340.5  156.98774
340.4  147.22673
340.3  44.982917
340.2  -96.024773
340.1  252.71912
340  63.414277
339.9  209.7705
339.8  -77.07025
339.7  182.95031
339.6  29.156818
339.5  245.71882
339.4  -234.99332
339.3  -115.90559
339.2  72.263648
339.1  24.5302
339  -51.544107
338.9  54.303313
338.8  12.906071
338.7  -53.500848
338.6  -65.18853
338.5  -168.09492
338.4  115.56553
338.3  282.11943
338.2  25.131455
338.1  -84.822735
338  180.0137
337.9  80.670372
337.8  34.406681
337.7  -24.219825
337.6  -3.584769
337.5  -102.48926
337.4  15.887763
337.3  -16.035651
337.2  35.507987
337.1  -169.16444
337  -271.29781
336.9  61.845216
336.8  -68.998274
336.7  -154.96882
336.6  -12.185912
336.5  -34.385281
336.4  -224.65678
336.3  52.072443
336.2  -35.100253
336.1  -96.828721
336  61.509488
335.9  -208.77045
335.8  68.439094
335.7  104.31175
335.6  -295.26104
335.5  -146.72469
335.4  -63.4796
335.3  -44.808527
335.2  26.702849
335.1  -149.18935
335  30.419915
334.9  -78.641989
334.8  -265.89206
334.7  -219.48075
334.6  -216.51232
334.5  -247.00369
334.4  7.2541378
334.3  116.52313
334.2  -192.97208
334.1  195.03965
334  32.24003
333.9  -60.492927
333.8  247.06892
333.7  -191.07178
333.6  -70.951724
333.5  -259.22814
333.4  38.115313
333.3  96.802073
333.2  -250.35429
333.1  99.056946
333  21.084964
332.9  61.739984
332.8  -16.981337
332.7  -131.73326
332.6  -91.533539
332.5  -66.481112
332.4  -150.47476
332.3  54.906602
332.2  41.715453
332.1  98.65759
332  -40.086356
331.9  -163.50514
331.8  70.520053
331.7  -108.80624
331.6  73.544562
331.5  -133.97749
331.4  18.549506
331.3  -134.85471
331.2  -53.792309
331.1  -136.1066
331  -152.2699
330.9  -21.772598
330.8  -10.289109
330.7  77.034057
330.6  -139.1386
330.5  -226.1908
330.4  -199.63044
330.3  21.721008
330.2  -53.283327
330.1  5.4930671
330  -68.379978
329.9  -62.262971
329.8  92.101051
329.7  61.289199
329.6  -8.5850361
329.5  132.31725
329.4  111.27828
329.3  48.592979
329.2  103.93654
329.1  -198.95878
329  111.60045

# Region:                       C 1s
# Spectrum ID:                  4
# Acquisition Date:             08/12/26 19:34:13 UTC
# Analysis Method:              XPS
# Analyzer:                     PHOIBOS MCD5 Analyzer
# Analyzer Lens:                LargeArea:1.5kV
# Analyzer Slit:                5:7x20\B:open
# Scan Mode:                    FixedAnalyzerTransmission
# Curves/Scan:                  1
# Values/Curve:                 1001
# Dwell Time:                   0.1
# Excitation Energy:            1253.64
# Binding Energy:               350
# Pass Energy:                  50
# Bias Voltage:                 90
# Detector Voltage:             3000
# Eff. Workfunction:            4.543
# Source:                       X-Ray Dummy
# Comment:                      
#
# Cycle: 0
# Number of Scans: 1
#
# Cycle: 0, Curve: 0
# Acquisition Date:             08/12/26 19:34:13 UTC
#
# ColumnLabels:                 energy counts/s
#
350  12289.418
349.9  12231.984
349.8  12555.297
349.7  12234.192
349.6  12522.848
349.5  12785.772
349.4  12056.48
349.3  12288.206
349.2  12295.905
349.1  11515.874
349  11919.638
348.9  11794.953
348.8  11684.94
348.7  12108.521
348.6  12029.076
348.5  12163.655
348.4  12059.68
348.3  11759.585
348.2  11016.123
348.1  10730.108
348  10853.867
347.9  11233.64
347.8  10730.795
347.7  10304.141
347.6  10457.414
347.5  10482.25
347.4  10217.457
347.3  10448.733
347.2  10637.231
347.1  10191
347  10110.322
346.9  9843.5822
346.8  10368.227
346.7  9951.9375
346.6  9903.2892
346.5  10425.368
346.4  10375.204
346.3  10011.191
346.2  10328.824
346.1  9599.2493
346  9719.5419
345.9  9744.978
345.8  9606.5621
345.7  9991.348
345.6  10303.715
345.5  9903.4305
345.4  9851.4454
345.3  9833.2574
345.2  9796.9271
345.1  10159.318
345  10123.779
344.9  9794.0217
344.8  9928.0467
344.7  10113.24
344.6  10141.597
344.5  9793.4576
344.4  9883.41
344.3  10000.949
344.2  10476.922
344.1  10363.325
344  9898.4879
343.9  10041.045
343.8  10463.652
343.7  10231.05
343.6  10383.149
343.5  10128.755
343.4  10018.408
343.3  9920.5018
343.2  9787.9969
343.1  9829.2775
343  9647.2357
342.9  10114.219
342.8  9831.3066
342.7  10194.141
342.6  10209.551
342.5  9869.4064
342.4  9676.6971
342.3  9915.6903
342.2  9965.531
342.1  9895.5138
342  10082.605
341.9  9556.3884
341.8  10306.19
341.7  10231.738
341.6  10057.447
341.5  10198.583
341.4  9962.2504
341.3  10319.776
341.2  10518.109
341.1  10036.478
341  9652.1035
340.9  9482.8561
340.8  10150.574
340.7  9929.6299
340.6  10587.439
340.5  10278.564
340.4  10313.414
340.3  10250.034
340.2  10437.155
340.1  10623.752
340  9631.1046
339.9  10180.938
339.8  10103.412
339.7  9917.6018
339.6  9492.3174
339.5  10629.075
339.4  10261.757
339.3  10398.365
339.2  9957.5124
339.1  9957.574
339  9860.1638
338.9  9926.1048
338.8  9968.6042
338.7  9928.8992
338.6  9847.2054
338.5  9662.4489
338.4  9965.6467
338.3  9756.155
338.2  9729.6074
338.1  10190.731
338  10093.409
337.9  9659.6382
337.8  9678.8892
337.7  9568.4624
337.6  9959.0905
337.5  9573.0096
337.4  9823.7072
337.3  10346.306
337.2  10016.12
337.1  9795.2314
337  9532.6557
336.9  9214.8826
336.8  9742.8614
336.7  10018.195
336.6  10274.624
336.5  9720.8864
336.4  9740.4849
336.3  10226.022
336.2  9790.6932
336.1  9993.5018
336  9894.9273
335.9  10139.296
335.8  10399.688
335.7  9952.1513
335.6  9656.5373
335.5  10056.1
335.4  10063.055
335.3  9806.0006
335.2  9807.9322
335.1  10116.788
335  9603.9336
334.9  9937.3752
334.8  10233.613
334.7  9747.4068
334.6  9939.5262
334.5  9864.0309
334.4  10111.274
334.3  10026.57
334.2  9789.4913
334.1  9699.3794
334  9373.9344
333.9  9596.1363
333.8  10102.258
333.7  10002.263
333.6  9466.6712
333.5  10043.878
333.4  9835.0424
333.3  9409.8884
333.2  9971.3087
333.1  9832.6863
333  9924.5881
332.9  10075.488
332.8  10051.77
332.7  9632.1832
332.6  9920.9012
332.5  9502.2733
332.4  10133.475
332.3  10371.332
332.2  9682.7857
332.1  9684.4882
332  9920.3046
331.9  9836.1282
331.8  9880.4687
331.7  10122.326
331.6  10184.131
331.5  9672.6482
331.4  9939.4115
331.3  9685.6041
331.2  9426.9006
331.1  9732.1105
331  9933.629
330.9  10325.2
330.8  9690.696
330.7  10275.791
330.6  9929.1283
330.5  9950.1587
330.4  9429.5757
330.3  9711.6124
330.2  9564.1698
330.1  9670.1333
330  9382.337
329.9  9980.7439
329.8  10062.089
329.7  9996.54
329.6  10076.795
329.5  9900.0334
329.4  9883.6585
329.3  9677.1379
329.2  9789.0792
329.1  10162.845
329  9875.4443
328.9  9303.3452
328.8  9839.9407
328.7  9933.4786
328.6  9580.0685
328.5  10066.19
328.4  9876.5067
328.3  10166.923
328.2  9730.8048
328.1  9819.8585
328  9825.873
327.9  9690.9397
327.8  9576.8173
327.7  9671.2887
327.6  9693.3688
327.5  9573.1942
327.4  9638.3446
327.3  9833.0857
327.2  9919.637
327.1  9752.4813
327  10387.473
326.9  9587.503
326.8  9151.7233
326.7  9533.4805
326.6  10342.305
326.5  10020.834
326.4  9194.8172
326.3  9534.45
326.2  9730.8365
326.1  9852.2891
326  10149.992
325.9  9777.6735
325.8  9743.2638
325.7  9715.3488
325.6  9754.7526
325.5  10027.114
325.4  10042.896
325.3  10654.737
325.2  9921.5292
325.1  10242.573
325  9541.1561
324.9  9805.816
324.8  9738.119
324.7  9880.9107
324.6  9069.2551
324.5  9863.7742
324.4  9684.1665
324.3  10001.853
324.2  9836.1667
324.1  9570.5043
324  9876.4472
323.9  9460.0317
323.8  10189.223
323.7  9951.9085
323.6  9745.0815
323.5  9237.5452
323.4  9681.2051
323.3  9694.739
323.2  10222.062
323.1  10090.494
323  9975.2702
322.9  9836.7487
322.8  9713.1166
322.7  9299.5206
322.6  9555.6211
322.5  10143.527
322.4  9381.6846
322.3  9587.2602
322.2  9802.1983
322.1  9240.6634
322  9587.4497
321.9  9587.6181
321.8  9807.7662
321.7  9588.4861
321.6  9638.5522
321.5  9962.2828
321.4  9987.6456
321.3  9913.4028
321.2  9786.8134
321.1  9901.9253
321  9992.1044
320.9  10107.901
320.8  9375.6814
320.7  10056.563
320.6  9651.1823
320.5  9459.0971
320.4  9709.8248
320.3  9997.3321
320.2  9821.1278
320.1  9489.42
320  9773.0251
319.9  9462.8676
319.8  9414.6729
319.7  9982.9738
319.6  9701.2263
319.5  9960.658
319.4  9729.0478
319.3  10452.828
319.2  9554.1262
319.1  9776.5483
319  9598.36
318.9  9721.0147
318.8  10139.593
318.7  10462.929
318.6  9949.8143
318.5  9555.7444
318.4  9594.4186
318.3  9766.1595
318.2  9786.7991
318.1  9499.0273
318  9878.0594
317.9  9673.7476
317.8  10003.767
317.7  10032.774
317.6  10032.387
317.5  9529.9484
317.4  9497.9228
317.3  10031.954
317.2  9823.5828
317.1  10319.765
317  10155.858
316.9  9742.4264
316.8  9648.1867
316.7  9742.7336
316.6  9771.1475
316.5  9866.837
316.4  9997.6634
316.3  9832.4646
316.2  9682.802
316.1  9892.996
316  9985.2286
315.9  10611.817
315.8  9951.8934
315.7  9993.3407
315.6  9602.3768
315.5  9691.258
315.4  9706.8469
315.3  9873.1214
315.2  10329.161
315.1  10230.946
315  9781.7115
314.9  10019.438
314.8  10000.16
314.7  9715.1441
314.6  10680.946
314.5  9791.078
314.4  10399.37
314.3  10169.94
314.2  9474.8186
314.1  9026.1154
314  10387.841
313.9  10495.322
313.8  9662.4164
313.7  10175.59
313.6  10084.582
313.5  9953.8828
313.4  10457.231
313.3  9949.4935
313.2  10251.251
313.1  10316.979
313  10159.728
312.9  10513.038
312.8  10208.415
312.7  10264.961
312.6  10021.209
312.5  10158.096
312.4  9975.924
312.3  10238.116
312.2  10926.381
312.1  10378.859
312  9858.3411
311.9  10273.814
311.8  10188.787
311.7  10284.362
311.6  10459.103
311.5  10265.294
311.4  9674.3013
311.3  10113.068
311.2  10470.035
311.1  10466.058
311  10372.798
310.9  10489.67
310.8  10372.368
310.7  10191.268
310.6  9909.789
310.5  10253.67
310.4  10383.085
310.3  10809.349
310.2  10211.277
310.1  10022.384
310  9863.9816
309.9  10180.836
309.8  10534.986
309.7  10227.815
309.6  10150.597
309.5  10396.381
309.4  10105.105
309.3  9974.7308
309.2  10962.977
309.1  10841.293
309  10232.665
308.9  10329.699
308.8  10114.127
308.7  10184.073
308.6  10523.626
308.5  10759.514
308.4  10630.719
308.3  10446.038
308.2  10808.231
308.1  10233.154
308  10559.914
307.9  10433.223
307.8  10578.705
307.7  10385.439
307.6  10738.596
307.5  10462.236
307.4  10023.627
307.3  10553.865
307.2  10856.312
307.1  10972.107
307  10803.293
306.9  10247.057
306.8  10344.595
306.7  10680.327
306.6  10629.577
306.5  10673.846
306.4  10499.021
306.3  10518.309
306.2  11109.759
306.1  10553.614
306  10622.531
305.9  10089.151
305.8  10177.859
305.7  10575.056
305.6  10545.521
305.5  10015.533
305.4  10185.898
305.3  10184.099
305.2  10334.287
305.1  10236.006
305  10444.659
304.9  10397.274
304.8  10231.82
304.7  9660.2868
304.6  9805.9154
304.5  10268.026
304.4  10368.559
304.3  10165.11
304.2  9922.795
304.1  9474.0705
304  9527.117
303.9  9896.016
303.8  10143.409
303.7  9947.0878
303.6  9908.3453
303.5  9098.2333
303.4  9128.1913
303.3  9079.4662
303.2  9319.7171
303.1  9670.718
303  9097.0838
302.9  8778.6472
302.8  8997.8954
302.7  8814.9117
302.6  8586.6213
302.5  9271.1397
302.4  8841.4731
302.3  8433.6166
302.2  8630.118
302.1  9010.0226
302  8853.3309
301.9  9008.4531
301.8  8872.909
301.7  8898.648
301.6  8263.5487
301.5  8642.6451
301.4  8578.8682
301.3  8191.3271
301.2  8411.6358
301.1  8518.7243
301  8952.5109
300.9  8514.0993
300.8  8535.937
300.7  7988.948
300.6  7891.6191
300.5  8245.6672
300.4  7690.0664
300.3  7723.9007
300.2  7855.2395
300.1  7896.3163
300  7798.5764
299.9  7862.0961
299.8  7526.5584
299.7  7851.8769
299.6  7753.9121
299.5  7859.3165
299.4  7339.5578
299.3  7277.6315
299.2  7467.7378
299.1  7462.4118
299  6897.8586
298.9  6669.3088
298.8  7002.0255
298.7  7206.4744
298.6  7267.1548
298.5  7109.3943
298.4  6843.2364
298.3  7113.8071
298.2  6724.9714
298.1  6727.8236
298  6978.4602
297.9  6832.7181
297.8  6430.5964
297.7  6509.1503
297.6  6395.4777
297.5  6648.0764
297.4  6243.0726
297.3  6291.4847
297.2  6596.7377
297.1  6612.1833
297  6432.3813
296.9  6276.0647
296.8  5760.2989
296.7  6286.0323
296.6  6286.7227
296.5  6205.2244
296.4  5807.4301
296.3  5653.8102
296.2  5771.4933
296.1  5450.878
296  5313.9228
295.9  5778.3152
295.8  5966.4419
295.7  5517.3042
295.6  5397.698
295.5  5370.4312
295.4  5485.9261
295.3  5228.8511
295.2  5407.4831
295.1  5232.5859
295  5219.0297
294.9  5602.0843
294.8  5303.3115
294.7  5055.2518
294.6  5142.5439
294.5  5176.5197
294.4  4851.5988
294.3  5026.4837
294.2  4705.2251
294.1  4779.9284
294  5037.3409
293.9  4762.2195
293.8  4763.1347
293.7  4630.8654
293.6  4757.0107
293.5  4973.5299
293.4  4884.4351
293.3  4474.4153
293.2  4781.6775
293.1  4944.8772
293  5273.8676
292.9  5355.2746
292.8  4977.6275
292.7  5485.4637
292.6  5080.0774
292.5  5398.4329
292.4  5482.0774
292.3  5792.0902
292.2  5780.3697
292.1  5755.6493
292  5909.8371
291.9  6088.1125
291.8  6455.5874
291.7  6256.4656
291.6  6582.9582
291.5  6676.6156
291.4  6841.916
291.3  6873.8109
291.2  6978.5678
291.1  7094.9793
291  7208.9654
290.9  7321.3941
290.8  7693.2045
290.7  7555.1951
290.6  7474.2741
290.5  8003.7902
290.4  7881.2477
290.3  8050.5358
290.2  8221.4601
290.1  8719.8263
290  8820.7701
289.9  9037.2013
289.8  9121.5078
289.7  9677.1444
289.6  9987.757
289.5  10439.517
289.4  11401.196
289.3  11826.156
289.2  12050.767
289.1  13327.648
289  14296.096
288.9  15372.388
288.8  15483
288.7  17559.106
288.6  18604.284
288.5  19583.848
288.4  21462.577
288.3  22967.225
288.2  24118.902
288.1  25883.562
288  28256.274
287.9  29495.553
287.8  31565.572
287.7  33135.848
287.6  34570.355
287.5  34937.603
287.4  36233.968
287.3  37620.717
287.2  39133.549
287.1  39795.516
287  40009.006
286.9  39677.067
286.8  39813.41
286.7  39175.757
286.6  36605.635
286.5  36791.529
286.4  35992.043
286.3  34152.346
286.2  31831.344
286.1  30775.571
286  28201.186
285.9  26378.521
285.8  24767.6
285.7  21709.655
285.6  21002.046
285.5  19505.588
285.4  17613.277
285.3  15588.492
285.2  14540.844
285.1  12877.783
285  11520.809
284.9  10758.348
284.8  9608.0837
284.7  8772.0398
284.6  7889.981
284.5  7458.0164
284.4  6598.8019
284.3  6568.9236
284.2  6088.4856
284.1  5338.2653
284  5562.1446
283.9  5214.3347
283.8  5124.6772
283.7  5086.1504
283.6  4999.0306
283.5  4941.2817
283.4  4413.2951
283.3  4539.196
283.2  4163.8437
283.1  4323.9172
283  4995.5084
282.9  4376.1792
282.8  4337.9907
282.7  4910.298
282.6  4509.9326
282.5  4851.2262
282.4  4559.4238
282.3  4523.8355
282.2  4694.7437
282.1  4711.2669
282  4306.5073
281.9  4367.0165
281.8  4305.2452
281.7  4414.8601
281.6  4486.6082
281.5  4515.7727
281.4  4215.4913
281.3  4671.8162
281.2  4662.051
281.1  4679.7599
281  4520.8208
280.9  4502.0444
280.8  4643.6115
280.7  4369.1519
280.6  4587.4684
280.5  4593.3396
280.4  4377.2354
280.3  4910.3628
280.2  4872.7525
280.1  5241.1061
280  5015.6402
279.9  5332.1782
279.8  5327.9066
279.7  5402.5646
279.6  5584.194
279.5  6139.3315
279.4  6369.3718
279.3  6147.9988
279.2  6082.6856
279.1  6376.1321
279  6454.7803
278.9  6373.7225
278.8  7037.0304
278.7  6760.6749
278.6  7076.0638
278.5  6924.2675
278.4  7279.1963
278.3  7142.8111
278.2  7385.1857
278.1  7084.2048
278  7255.9725
277.9  7034.8057
277.8  7467.4621
277.7  6973.3882
277.6  6971.5027
277.5  6869.9424
277.4  6969.1422
277.3  6783.8575
277.2  6375.4439
277.1  6743.6372
277  6755.7985
276.9  6472.66
276.8  6107.7241
276.7  6454.8883
276.6  6121.0058
276.5  5843.2667
276.4  5669.1077
276.3  5172.9435
276.2  5312.2718
276.1  5232.5337
276  5066.2957
275.9  4730.7982
275.8  4569.6576
275.7  4594.0071
275.6  4494.2833
275.5  4757.2099
275.4  4406.7373
275.3  4406.9808
275.2  4064.8306
275.1  4064.1856
275  3895.5281
274.9  3341.1796
274.8  3591.8537
274.7  3671.1612
274.6  3317.8578
274.5  3531.1247
274.4  3430.4525
274.3  3459.3351
274.2  3478.5155
274.1  3058.2748
274  3133.6399
273.9  3017.386
273.8  3116.7941
273.7  2999.5428
273.6  3368.2355
273.5  2992.9041
273.4  3032.3843
273.3  3236.6543
273.2  3059.0168
273.1  2972.773
273  2952.6302
272.9  3367.8212
272.8  3390.2055
272.7  3025.4868
272.6  2990.2574
272.5  3070.6317
272.4  3149
272.3  3240.1941
272.2  3092.8907
272.1  3012.138
272  2833.8805
271.9  3320.4086
271.8  2957.1457
271.7  2985.9396
271.6  3057.6939
271.5  3201.3424
271.4  3386.2306
271.3  3350.4495
271.2  3250.3194
271.1  3274.9703
271  3257.3065
270.9  3186.1956
270.8  3186.7462
270.7  3210.474
270.6  3404.5355
270.5  3349.5542
270.4  3154.695
270.3  3289.2656
270.2  2957.8281
270.1  3232.6894
270  3323.8658
269.9  3057.7243
269.8  3176.4008
269.7  3447.4194
269.6  3032.2868
269.5  3153.2547
269.4  3435.1441
269.3  3540.1232
269.2  3408.274
269.1  3563.3804
269  3281.6125
268.9  3124.8296
268.8  3442.8657
268.7  3299.466
268.6  3451.4573
268.5  3093.2665
268.4  3294.913
268.3  3037.1875
268.2  3073.4423
268.1  3204.0093
268  3452.2162
267.9  3541.9522
267.8  3055.5804
267.7  3240.2676
267.6  3195.6468
267.5  3034.8202
267.4  3062.486
267.3  3443.4471
267.2  3298.5079
267.1  3292.933
267  3013.0681
266.9  3018.2436
266.8  3346.6432
266.7  3292.7883
266.6  3421.3446
266.5  3277.8268
266.4  3234.3823
266.3  3475.5451
266.2  3276.4669
266.1  3165.5009
266  3062.2088
265.9  3227.31
265.8  3059.4342
265.7  3397.9571
265.6  3293.6912
265.5  3128.7135
265.4  3175.4025
265.3  3093.0306
265.2  3026.4887
265.1  2937.5022
265  3141.697
264.9  2961.1425
264.8  3129.1466
264.7  3008.337
264.6  2807.6193
264.5  2751.4938
264.4  2685.0442
264.3  2864.518
264.2  3072.1829
264.1  3295.6225
264  2807.3828
263.9  3016.2542
263.8  2723.0011
263.7  3004.923
263.6  3237.6963
263.5  2929.2891
263.4  2891.1235
263.3  2750.0467
263.2  2825.9673
263.1  2853.7693
263  2888.9742
262.9  2654.7016
262.8  2841.5575
262.7  2681.0197
262.6  2968.0976
262.5  2802.8511
262.4  2912.7012
262.3  2781.4891
262.2  2809.7442
262.1  2992.3431
262  2991.2539
261.9  3007.4459
261.8  2878.0889
261.7  2698.1177
261.6  2840.048
261.5  3045.4127
261.4  2788.6572
261.3  2828.7785
261.2  2771.4765
261.1  2765.9511
261  2749.6501
260.9  2603.9467
260.8  2883.3516
260.7  2687.4784
260.6  2927.1984
260.5  3113.4417
260.4  2906.4543
260.3  2836.8339
260.2  2888.5456
260.1  2808.465
260  2942.0159
259.9  2822.8883
259.8  2852.6852
259.7  2722.2442
259.6  2629.3319
259.5  2795.7696
259.4  2834.2188
259.3  2607.9635
259.2  3115.4662
259.1  3128.582
259  2901.6141
258.9  2694.7941
258.8  2724.6747
258.7  2936.0321
258.6  2658.5854
258.5  2615.1276
258.4  2943.2912
258.3  3033.7018
258.2  2998.3048
258.1  2662.0722
258  2842.0255
257.9  2768.949
257.8  2900.2638
257.7  2722.1799
257.6  2519.221
257.5  2785.2844
257.4  2972.1069
257.3  2961.8215
257.2  2916.9359
257.1  2665.6261
257  2560.8224
256.9  2808.1232
256.8  2656.1039
256.7  2523.1291
256.6  2831.6353
256.5  2731.6953
256.4  2644.3722
256.3  2923.1526
256.2  2583.074
256.1  2619.4231
256  2911.3323
255.9  3226.6346
255.8  2720.1863
255.7  2810.9902
255.6  2954.5827
255.5  2610.5345
255.4  2621.4136
255.3  2954.8403
255.2  2639.5818
255.1  2750.5129
255  2794.1708
254.9  2529.8558
254.8  2798.0357
254.7  2807.8837
254.6  2455.032
254.5  2918.1264
254.4  2838.684
254.3  2794.6279
254.2  2680.1201
254.1  2702.3258
254  2846.1941
253.9  2997.9654
253.8  2808.6828
253.7  2929.3782
253.6  3159.4096
253.5  2631.9974
253.4  2502.6393
253.3  2605.4237
253.2  2506.4548
253.1  2829.7144
253  2555.355
252.9  2730.5286
252.8  2607.7158
252.7  2735.4379
252.6  2751.5603
252.5  2847.7948
252.4  2700.0061
252.3  2540.2259
252.2  2762.8342
252.1  2787.8357
252  2463.1198
251.9  2737.122
251.8  2957.2442
251.7  2834.4476
251.6  2721.6584
251.5  2503.1947
251.4  2636.7928
251.3  2746.4871
251.2  2555.896
251.1  2732.188
251  2962.8556
250.9  2695.9368
250.8  2386.6026
250.7  2871.3545
250.6  2869.0478
250.5  2663.6983
250.4  2667.8779
250.3  2685.8074
250.2  2673.2772
250.1  2891.6126
250  2879.4024

# Region:                       Overall
# Spectrum ID:                  5
# Acquisition Date:             08/12/26 19:42:49 UTC
# Analysis Method:              XPS
# Analyzer:                     PHOIBOS MCD5 Analyzer
# Analyzer Lens:                LargeArea:1.5kV
# Analyzer Slit:                5:7x20\B:open
# Scan Mode:                    FixedAnalyzerTransmission
# Curves/Scan:                  1
# Values/Curve:                 1002
# Dwell Time:                   0.5
# Excitation Energy:            1253.64
# Binding Energy:               1000
# Pass Energy:                  50
# Bias Voltage:                 90
# Detector Voltage:             3000
# Eff. Workfunction:            4.543
# Source:                       X-Ray Dummy
# Comment:                      
#
# Cycle: 0
# Number of Scans: 1
#
# Cycle: 0, Curve: 0
# Acquisition Date:             08/12/26 19:42:49 UTC
#
# ColumnLabels:                 energy counts/s
#
1000  25662.11
999.001  26100.763
998.002  26549.878
997.003  26596.456
996.004  26807.549
995.005  26441.461
994.00599  26450.593
993.00699  26336.976
992.00799  26457.837
991.00899  26151.718
990.00999  25817.982
989.01099  25067.795
988.01199  24209.517
987.01299  23623.351
986.01399  22994.584
985.01499  22255.623
984.01598  21675.285
983.01698  21038.995
982.01798  20387.585
981.01898  20131.488
980.01998  20175.92
979.02098  20141.878
978.02198  19746.145
977.02298  19525.837
976.02398  19718.186
975.02498  19772.757
974.02597  19836.105
973.02697  20042.683
972.02797  19733.126
971.02897  19660.639
970.02997  19861.842
969.03097  19741.966
968.03197  19628.272
967.03297  19736.235
966.03397  20195.817
965.03497  20231.469
964.03596  20175.747
963.03696  20185.848
962.03796  20083.267
961.03896  20138.754
960.03996  19877.735
959.04096  19714.908
958.04196  19676.637
957.04296  19653.417
956.04396  19652.919
955.04496  19476.223
954.04595  19600.396
953.04695  19866.274
952.04795  19806.292
951.04895  19726.439
950.04995  19680.694
949.05095  19597.467
948.05195  19795.882
947.05295  19802.542
946.05395  19691.017
945.05495  19757.791
944.05594  19921.082
943.05694  20089.975
942.05794  20084.272
941.05894  19993.868
940.05994  19813.228
939.06094  20010.402
938.06194  20163.203
937.06294  20118.711
936.06394  20274.613
935.06494  20026.871
934.06593  20083.243
933.06693  20198.812
932.06793  20027.235
931.06893  19966.336
930.06993  20232.966
929.07093  20302.261
928.07193  20214.149
927.07293  20251.814
926.07393  20456.289
925.07493  20515.013
924.07592  20424.317
923.07692  20268.766
922.07792  20328.532
921.07892  20477.922
920.07992  20287.584
919.08092  20174.666
918.08192  20386.179
917.08292  20254.28
916.08392  20346.106
915.08492  20468.584
914.08591  20408.941
913.08691  20401.548
912.08791  20469.255
911.08891  20507.092
910.08991  20447.655
909.09091  20381.75
908.09191  20599.757
907.09291  20608.961
906.09391  20659.424
905.09491  20872.878
904.0959  21001.393
903.0969  21040.898
902.0979  20891.849
901.0989  20683.15
900.0999  20627.853
899.1009  20662.957
898.1019  20716.224
897.1029  21009.803
896.1039  21099.525
895.1049  20996.979
894.10589  20892.518
893.10689  20894.579
892.10789  21069.04
891.10889  21077.075
890.10989  21029.288
889.11089  20965.645
888.11189  21079.723
887.11289  21346.935
886.11389  21126.271
885.11489  20787.63
884.11588  20922.505
883.11688  21140.405
882.11788  21040.203
881.11888  21189.675
880.11988  21070.575
879.12088  21078.976
878.12188  21069.394
877.12288  21271.557
876.12388  21439.675
875.12488  21085.408
874.12587  21197.422
873.12687  21332.522
872.12787  21239.823
871.12887  21277.076
870.12987  21327.852
869.13087  21451.517
868.13187  21546.599
867.13287  21694.411
866.13387  21565.404
865.13487  21408.763
864.13586  21486.518
863.13686  21560.921
862.13786  21603.558
861.13886  21603.571
860.13986  21503.119
859.14086  21320.027
858.14186  21323.66
857.14286  21726.9
856.14386  21738.735
855.14486  21591.163
854.14585  21605.015
853.14685  21703.32
852.14785  21653.7
851.14885  21766.924
850.14985  21918.342
849.15085  21839.473
848.15185  21752.902
847.15285  21764.698
846.15385  21808.952
845.15485  21787.486
844.15584  21748.333
843.15684  21829.433
842.15784  21933.955
841.15884  21707.4
840.15984  21726.179
839.16084  21862.024
838.16184  21831.63
837.16284  21844.95
836.16384  21981.125
835.16484  22042.471
834.16583  22085.799
833.16683  22158.616
832.16783  21731.423
831.16883  21854.691
830.16983  22071.881
829.17083  22027.163
828.17183  21998.99
827.17283  21999.684
826.17383  22078.478
825.17483  22190.198
824.17582  22406.237
823.17682  22247.761
822.17782  22123.175
821.17882  22216.412
820.17982  22290.53
819.18082  22393.147
818.18182  22333.42
817.18282  22226.623
816.18382  22135.677
815.18482  22199.078
814.18581  22147.534
813.18681  22178.758
812.18781  22247.908
811.18881  22411.095
810.18981  22381.782
809.19081  22214.428
808.19181  22124.26
807.19281  22449.521
806.19381  22408.166
805.19481  22487.907
804.1958  22433.901
803.1968  22429.504
802.1978  22427.574
801.1988  22442.521
800.1998  22355.542
799.2008  22367.017
798.2018  22519.111
797.2028  22310.971
796.2038  22631.438
795.2048  22862.163
794.20579  22459.27
793.20679  22291.748
792.20779  22395.525
791.20879  22769.356
790.20979  23059.836
789.21079  23140.423
788.21179  22639.743
787.21279  22209.947
786.21379  22365.011
785.21479  22495.211
784.21578  22241.914
783.21678  22508.515
782.21778  22546.34
781.21878  22403.096
780.21978  22295.468
779.22078  22206.815
778.22178  22379.932
777.22278  22321.918
776.22378  22222.596
775.22478  22407.501
774.22577  22667.922
773.22677  22566.792
772.22777  22929.716
771.22877  23113.687
770.22977  23386.88
769.23077  23228.349
768.23177  23259.993
767.23277  23197.673
766.23377  22746.199
765.23477  22488.498
764.23576  22314.435
763.23676  22338.811
762.23776  22341.846
761.23876  21796.006
760.23976  21370.064
759.24076  21307.842
758.24176  21208.639
757.24276  20995.652
756.24376  20921.82
755.24476  20572.184
754.24575  20775.802
753.24675  20781.993
752.24775  20987.445
751.24875  21726.729
750.24975  22201.681
749.25075  22760.431
748.25175  23572.033
747.25275  23952.959
746.25375  23846.722
745.25475  23116.929
744.25574  22416.546
743.25674  21903.466
742.25774  21260.182
741.25874  20813.165
740.25974  20642.584
739.26074  20150.415
738.26174  19372.479
737.26274  18552.032
736.26374  17709.215
735.26474  17086.91
734.26573  17043.854
733.26673  16835.57
732.26773  16874.269
731.26873  16778.384
730.26973  16615.256
729.27073  16527.79
728.27173  16678.354
727.27273  16849.603
726.27373  16608.331
725.27473  16578.846
724.27572  16597.696
723.27672  16710.45
722.27772  16685.514
721.27872  16607.041
720.27972  16640.279
719.28072  16443.729
718.28172  16592.83
717.28272  16675.308
716.28372  16562.293
715.28472  16734.936
714.28571  16798.255
713.28671  16719.166
712.28771  16642.98
711.28871  16639.717
710.28971  16540.228
709.29071  16515.827
708.29171  16556.45
707.29271  16762.251
706.29371  16628.959
705.29471  16680.334
704.2957  16513.809
703.2967  16501.532
702.2977  16489.699
701.2987  16596.013
700.2997  16697.318
699.3007  16540.56
698.3017  16506.449
697.3027  16655.43
696.3037  16622.995
695.3047  16597.738
694.30569  16335.065
693.30669  16413.085
692.30769  16694.962
691.30869  16706.797
690.30969  16638.777
689.31069  16665.681
688.31169  16400.728
687.31269  16465.266
686.31369  16527.665
685.31469  16471.534
684.31568  16524.093
683.31668  16695.742
682.31768  16562.452
681.31868  16439.493
680.31968  16654.191
679.32068  16536.572
678.32168  16285
677.32268  16475.626
676.32368  16668.236
675.32468  16572.973
674.32567  16439.372
673.32667  16438.091
672.32767  16450.493
671.32867  16441.09
670.32967  16470.628
669.33067  16608.199
668.33167  16354.671
667.33267  16322.398
666.33367  16249.979
665.33467  16314.781
664.33566  16430.295
663.33666  16386.109
662.33766  16288.159
661.33866  16175.859
660.33966  16225.117
659.34066  16236.221
658.34166  16242.804
657.34266  16195.429
656.34366  16366.14
655.34466  16417.897
654.34565  16227.025
653.34665  16123.196
652.34765  16260.431
651.34865  16367.106
650.34965  16352.999
649.35065  16247.119
648.35165  16250.92
647.35265  16057.28
646.35365  16297.519
645.35465  16266.202
644.35564  16147.375
643.35664  16105.426
642.35764  16127.273
641.35864  16194.725
640.35964  16102.409
639.36064  16100.544
638.36164  16281.353
637.36264  16103.769
636.36364  15998.137
635.36464  16168.507
634.36563  16185.51
633.36663  16068.688
632.36763  16072.853
631.36863  16054.819
630.36963  15879.961
629.37063  16069.548
628.37163  16371.958
627.37263  16167.648
626.37363  16018.172
625.37463  16153.376
624.37562  16197.765
623.37662  15922.606
622.37762  15957.047
621.37862  16026.774
620.37962  16038.171
619.38062  16021.329
618.38162  16001.743
617.38262  16150.559
616.38362  16080.376
615.38462  15813.297
614.38561  15857.821
613.38661  15979.272
612.38761  15930.354
611.38861  15831.76
610.38961  15873.853
609.39061  15878.178
608.39161  15790.738
607.39261  15796.229
606.39361  15895.519
605.39461  15892.098
604.3956  15743.018
603.3966  15951.584
602.3976  16056.706
601.3986  15872.812
600.3996  15886.601
599.4006  15809.474
598.4016  15955.094
597.4026  15894.771
596.4036  15744.941
595.4046  15793.145
594.40559  15526.132
593.40659  15739.542
592.40759  15611.764
591.40859  15517.364
590.40959  15616.426
589.41059  15404.248
588.41159  15529.521
587.41259  15605.624
586.41359  15430.819
585.41459  15401.057
584.41558  15432.442
583.41658  15396.807
582.41758  15329.123
581.41858  15282.225
580.41958  15322.88
579.42058  15269.495
578.42158  15271.804
577.42258  15325.606
576.42358  15328.864
575.42458  15311.243
574.42557  15230.036
573.42657  15302.749
572.42757  15234.239
571.42857  15132.797
570.42957  15024.012
569.43057  15063.444
568.43157  14801.825
567.43257  14569.776
566.43357  14614.761
565.43457  14604.204
564.43556  14637.659
563.43656  14701.091
562.43756  14869.666
561.43856  15095.037
560.43956  15160.283
559.44056  15158.787
558.44156  15318.526
557.44256  15540.769
556.44356  15482.684
555.44456  15387.551
554.44555  15197.301
553.44655  15014.103
552.44755  14989.677
551.44855  14752.239
550.44955  14467.582
549.45055  14230.949
548.45155  13990.79
547.45255  13689.796
546.45355  13222.455
545.45455  12846.988
544.45554  12585.03
543.45654  12415.735
542.45754  12187.992
541.45854  11580.009
540.45954  11284.136
539.46054  11368.184
538.46154  11369.044
537.46254  12251.004
536.46354  15316.223
535.46454  21490.481
534.46553  28090.304
533.46653  27190.213
532.46753  19830.582
531.46853  13736.356
530.46953  11413.52
529.47053  10915.125
528.47153  11001.841
527.47253  11232.53
526.47353  11722.463
525.47453  12391.27
524.47552  12126.628
523.47652  11543.613
522.47752  10858.515
521.47852  10289.34
520.47952  10304.795
519.48052  10374.113
518.48152  10195.95
517.48252  10299.557
516.48352  10454.933
515.48452  10386.061
514.48551  10223.84
513.48651  10115.533
512.48751  10154.906
511.48851  9924.5455
510.48951  9787.8663
509.49051  9907.6332
508.49151  9856.1045
507.49251  9866.7818
506.49351  9895.1668
505.49451  9847.6862
504.4955  9692.1798
503.4965  9896.673
502.4975  10002.419
501.4985  10028.062
500.4995  10005.674
499.5005  9860.8073
498.5015  9759.6013
497.5025  9899.2511
496.5035  10030.963
495.5045  9953.5689
494.50549  10024.839
493.50649  10026.121
492.50749  10080.048
491.50849  10014.532
490.50949  9814.4537
489.51049  9908.514
488.51149  10097.546
487.51249  10098.276
486.51349  10108.613
485.51449  10128.612
484.51548  10220.732
483.51648  10158.648
482.51748  9784.5981
481.51848  9770.9558
480.51948  9867.288
479.52048  9930.1883
478.52148  9770.6539
477.52248  9731.8867
476.52348  9931.5274
475.52448  10004.702
474.52547  9892.8527
473.52647  9740.7964
472.52747  9799.6594
471.52847  9919.7239
470.52947  9820.9752
469.53047  9798.8505
468.53147  9920.2571
467.53247  10022.686
466.53347  10098.883
465.53447  10059.625
464.53546  10019.917
463.53646  9911.8052
462.53746  10055.637
461.53846  10032.999
460.53946  9862.6333
459.54046  9923.475
458.54146  9852.6969
457.54246  9885.0981
456.54346  9864.4285
455.54446  9796.4989
454.54545  9920.424
453.54645  9991.4251
452.54745  9797.208
451.54845  9776.0572
450.54945  10055.985
449.55045  10075.09
448.55145  9889.5242
447.55245  9909.6114
446.55345  9892.21
445.55445  9880.7305
444.55544  10056.961
443.55644  10137.208
442.55744  10326.884
441.55844  10418.232
440.55944  10327.052
439.56044  10190.125
438.56144  10068.289
437.56244  10155.178
436.56344  9915.0741
435.56444  9693.8545
434.56543  9887.1195
433.56643  9807.5466
432.56743  9791.5236
431.56843  9884.782
430.56943  9756.9351
429.57043  9704.0886
428.57143  9815.5691
427.57243  9856.9918
426.57343  9668.9495
425.57443  9691.5975
424.57542  9924.185
423.57642  9862.6354
422.57742  9769.6363
421.57842  9687.3145
420.57942  9799.8715
419.58042  10028.312
418.58142  10028.01
417.58242  9970.2763
416.58342  9949.3237
415.58442  9898.2419
414.58541  9795.9348
413.58641  9781.9662
412.58741  9717.2658
411.58841  9818.2323
410.58941  9955.4715
409.59041  10132.657
408.59141  10019.668
407.59241  9858.1641
406.59341  9817.2077
405.59441  9838.2693
404.5954  9954.9026
403.5964  10020.591
402.5974  10073.333
401.5984  10095.401
400.5994  9976.5534
399.6004  9962.4087
398.6014  10010.381
397.6024  9939.3935
396.6034  10039.675
395.6044  9969.8448
394.60539  10062.93
393.60639  10058.69
392.60739  10021.217
391.60839  9999.3066
390.60939  9884.8613
389.61039  10012.043
388.61139  9958.3977
387.61239  9988.4037
386.61339  9959.7872
385.61439  9919.1193
384.61538  10084.775
383.61638  9950.1767
382.61738  9850.0843
381.61838  9999.7679
380.61938  9983.1668
379.62038  9922.1851
378.62138  9961.0504
377.62238  10095.056
376.62338  10137.763
375.62438  10122.541
374.62537  10182.459
373.62637  10245.656
372.62737  10305.493
371.62837  10226.389
370.62937  10115.011
369.63037  10020.65
368.63137  10023.819
367.63237  10014.213
366.63337  9899.2976
365.63437  9902.5715
364.63536  9988.8258
363.63636  9992.8468
362.63736  10110.274
361.63836  10195.973
360.63936  10198.583
359.64036  10104.67
358.64136  9917.4263
357.64236  9803.7441
356.64336  9956.6303
355.64436  10184.8
354.64535  10418
353.64635  10884.624
352.64735  11061.578
351.64835  10960.149
350.64935  11314.276
349.65035  11816.128
348.65135  11533.476
347.65235  10734.953
346.65335  10195.929
345.65435  9836.2172
344.65534  9799.3399
343.65634  9967.8765
342.65734  9998.5167
341.65834  10040.663
340.65934  9984.5639
339.66034  9901.516
338.66134  9926.901
337.66234  9917.6709
336.66334  9943.2425
335.66434  9973.2252
334.66533  9932.9941
333.66633  9853.4335
332.66733  9914.5251
331.66833  9860.9931
330.66933  9765.2843
329.67033  9904.2761
328.67133  9789.6276
327.67233  9843.5251
326.67333  9899.678
325.67433  9794.2194
324.67532  9755.9663
323.67632  9748.8385
322.67732  9843.0108
321.67832  9917.1629
320.67932  9739.999
319.68032  9695.5017
318.68132  9741.7369
317.68232  9721.8218
316.68332  9822.6427
315.68432  9929.0752
314.68531  9875.5644
313.68631  9919.3028
312.68731  10070.269
311.68831  10051.565
310.68931  10394.944
309.69031  10394.834
308.69131  10342.084
307.69231  10408.352
306.69331  10512.452
305.69431  10298.901
304.6953  9986.9552
303.6963  9536.8296
302.6973  9132.1146
301.6983  8583.1006
300.6993  8054.2536
299.7003  7556.2344
298.7013  6977.7088
297.7023  6463.6336
296.7033  5978.2473
295.7043  5573.4309
294.70529  5199.7901
293.70629  5072.409
292.70729  5445.5416
291.70829  6365.376
290.70929  7612.0002
289.71029  10325.949
288.71129  18286.745
287.71229  31295.258
286.71329  35502.243
285.71429  23185.03
284.71528  9943.5054
283.71628  5081.5478
282.71728  4465.769
281.71828  4504.7604
280.71928  4628.9431
279.72028  5392.9557
278.72128  6405.1193
277.72228  6834.9409
276.72328  6049.1162
275.72428  4789.8546
274.72527  3757.3401
273.72627  3109.9121
272.72727  3138.0475
271.72827  3194.5697
270.72927  3217.4034
269.73027  3270.3628
268.73127  3298.8388
267.73227  3257.7442
266.73327  3287.6078
265.73427  3155.6589
264.73526  2956.5001
263.73626  2929.9741
262.73726  2865.1645
261.73826  2738.8908
260.73926  2695.3595
259.74026  2818.9466
258.74126  2832.1099
257.74226  2810.3372
256.74326  2827.6397
255.74426  2720.9353
254.74525  2638.9021
253.74625  2695.4277
252.74725  2757.1391
251.74825  2709.3733
250.74925  2762.799
249.75025  2798.9918
248.75125  2658.1936
247.75225  2588.114
246.75325  2644.8412
245.75425  2719.8517
244.75524  2787.625
243.75624  2775.0224
242.75724  2780.043
241.75824  2798.0448
240.75924  2765.042
239.76024  2774.0189
238.76124  2733.1133
237.76224  2728.5959
236.76324  2609.335
235.76424  2527.4727
234.76523  2588.1736
233.76623  2611.3157
232.76723  2633.6968
231.76823  2636.5889
230.76923  2644.9374
229.77023  2611.6172
228.77123  2556.5061
227.77223  2568.6694
226.77323  2486.2595
225.77423  2495.7052
224.77522  2606.8635
223.77622  2581.9189
222.77722  2514.1439
221.77822  2488.0555
220.77922  2476.338
219.78022  2546.8592
218.78122  2610.6418
217.78222  2588.543
216.78322  2535.2795
215.78422  2509.9981
214.78521  2521.1892
213.78621  2497.7635
212.78721  2495.5361
211.78821  2498.5698
210.78921  2454.2015
209.79021  2481.4158
208.79121  2473.2703
207.79221  2456.0026
206.79321  2456.3976
205.79421  2448.1865
204.7952  2409.0577
203.7962  2409.6461
202.7972  2433.9709
201.7982  2522.4722
200.7992  2460.9104
199.8002  2433.9556
198.8012  2413.1364
197.8022  2348.5738
196.8032  2418.2936
195.8042  2402.9286
194.80519  2398.8405
193.80619  2493.3257
192.80719  2495.4185
191.80819  2504.3162
190.80919  2489.632
189.81019  2478.9603
188.81119  2425.6479
187.81219  2456.8937
186.81319  2466.9164
185.81419  2468.8707
184.81518  2435.9222
183.81618  2458.9555
182.81718  2414.1145
181.81818  2336.972
180.81918  2402.777
179.82018  2404.0742
178.82118  2448.0435
177.82218  2405.67
176.82318  2418.4256
175.82418  2412.4483
174.82517  2388.5322
173.82617  2418.7136
172.82717  2517.0905
171.82817  2473.875
170.82917  2454.7684
169.83017  2464.5818
168.83117  2411.5891
167.83217  2377.3482
166.83317  2340.8771
165.83417  2261.9495
164.83516  2303.0043
163.83616  2332.9919
162.83716  2340.8506
161.83816  2399.6082
160.83916  2371.5118
159.84016  2366.8364
158.84116  2435.9765
157.84216  2631.2035
156.84316  2843.4162
155.84416  3209.9764
154.84515  3279.0122
153.84615  2940.2907
152.84715  2562.1986
151.84815  2418.1346
150.84915  2435.3395
149.85015  2353.63
148.85115  2268.0415
147.85215  2338.8884
146.85315  2423.3635
145.85415  2404.4633
144.85514  2391.8037
143.85614  2284.6197
142.85714  2271.0752
141.85814  2338.0873
140.85914  2338.7894
139.86014  2301.4891
138.86114  2197.6791
137.86214  2262.1256
136.86314  2266.1559
135.86414  2227.6722
134.86513  2273.6486
133.86613  2298.5928
132.86713  2234.0579
131.86813  2248.7897
130.86913  2205.951
129.87013  2283.2025
128.87113  2363.1659
127.87213  2296.7222
126.87313  2233.3414
125.87413  2243.3455
124.87512  2260.3172
123.87612  2283.2463
122.87712  2354.2972
121.87812  2322.3333
120.87912  2283.1976
119.88012  2263.1186
118.88112  2196.8138
117.88212  2192.4699
116.88312  2279.8029
115.88412  2277.5749
114.88511  2146.7829
113.88611  2165.7362
112.88711  2275.9397
111.88811  2187.1343
110.88911  2058.1907
109.89011  2144.0489
108.89111  2222.1406
107.89211  2207.5127
106.89311  2336.3302
105.89411  2698.5935
104.8951  3315.9665
103.8961  3271.7589
102.8971  2819.9054
101.8981  2399.7675
100.8991  2189.3674
99.9001  2132.3254
98.901099  2075.8412
97.902098  2055.0857
96.903097  2178.6954
95.904096  2228.8195
94.905095  2168.1524
93.906094  2162.2972
92.907093  2088.7818
91.908092  2049.0148
90.909091  2069.1922
89.91009  2096.7323
88.911089  2088.3888
87.912088  2134.8783
86.913087  2157.7831
85.914086  2052.3359
84.915085  2011.7238
83.916084  2087.3221
82.917083  2075.5674
81.918082  2030.3412
80.919081  2066.6084
79.92008  2103.1682
78.921079  2125.5596
77.922078  2060.4641
76.923077  2099.5249
75.924076  2097.724
74.925075  2038.0178
73.926074  2007.7847
72.927073  1960.4033
71.928072  1924.4533
70.929071  1924.1417
69.93007  1939.3378
68.931069  1962.3465
67.932068  1928.8352
66.933067  1990.4532
65.934066  2046.1389
64.935065  2030.5473
63.936064  2046.3192
62.937063  2010.0756
61.938062  1968.7045
60.939061  1954.4899
59.94006  1955.39
58.941059  1950.2602
57.942058  2032.0857
56.943057  2079.4338
55.944056  2042.2505
54.945055  2080.1711
53.946054  2140.499
52.947053  2141.0097
51.948052  2041.9038
50.949051  1957.9286
49.95005  1922.6032
48.951049  1923.3785
47.952048  1992.456
46.953047  2096.4217
45.954046  2120.424
44.955045  2008.7704
43.956044  1957.8893
42.957043  1954.3086
41.958042  1837.8705
40.959041  1801.573
39.96004  1871.8855
38.961039  1881.0998
37.962038  1869.5972
36.963037  1833.0981
35.964036  1801.842
34.965035  1803.4217
33.966034  1756.2519
32.967033  1760.2109
31.968032  1788.6312
30.969031  1865.2494
29.97003  2085.0053
28.971029  2226.226
27.972028  2314.5304
26.973027  2183.1841
25.974026  1957.8314
24.975025  1806.2974
23.976024  1786.9151
22.977023  1727.8999
21.978022  1796.8857
20.979021  1916.4817
19.98002  1961.4025
18.981019  1900.8821
17.982018  1904.5366
16.983017  1856.9758
15.984016  1821.138
14.985015  1757.0257
13.986014  1679.0888
12.987013  1615.0311
11.988012  1634.2097
10.989011  1644.8758
9.99001  1561.1694
8.991009  1616.2623
7.992008  1619.1257
6.993007  1534.7451
5.994006  1398.7909
4.995005  1358.3333
3.996004  1348.6038
2.997003  1243.2733
1.998002  1257.0282
0.999001  1225.9118
0  1194.3576

