# Created by:        SpecsLab Prodigy, Version 4.79.1-r98952 
#
# XY-Serializer Export Settings:
#   Comment Prefix:           #
#   Output Meta Data:         yes
#   Energy Axis:              Binding Energy
#   Count Rate:               Counts per Second
#   Separate Scan Data:       no
#   Separate Channel Data:    no
#   External Channel Data:    yes
#   Transmission Function:    no
#   Error Bar:                no
#   Operation Results:        yes
#   Time Zone Format:         UTC
#
# Group:                        Spectrum Group
#
# Region:                       Overall
# Spectrum ID:                  1
# Acquisition Date:             08/07/26 14:05:51 UTC
# Analysis Method:              XPS
# Analyzer:                     PHOIBOS MCD5 Analyzer
# Analyzer Lens:                LargeArea:1.5kV
# Analyzer Slit:                5:7x20\B:open
# Scan Mode:                    FixedAnalyzerTransmission
# Curves/Scan:                  1
# Values/Curve:                 1002
# Dwell Time:                   0.1
# Excitation Energy:            1253.64
# Binding Energy:               1000
# Pass Energy:                  50
# Bias Voltage:                 90
# Detector Voltage:             3000
# Eff. Workfunction:            4.543
# Source:                       X-Ray Dummy
# Comment:                      
#
# Cycle: 0
# Number of Scans: 1
#
# Cycle: 0, Curve: 0
# Acquisition Date:             08/07/26 14:05:51 UTC
#
# ColumnLabels:                 energy counts/s
#
1000  25950.392
999.001  25640.736
998.002  26317.834
997.003  26830.614
996.004  26672.522
995.005  27290.336
994.00599  26900.133
993.00699  26635.672
992.00799  27005.167
991.00899  27007.347
990.00999  25806.685
989.01099  25210.633
988.01199  25243.284
987.01299  24012.782
986.01399  23650.103
985.01499  22401.954
984.01598  21582.882
983.01698  21300.437
982.01798  20415.641
981.01898  20695.106
980.01998  21158.823
979.02098  20245.959
978.02198  19783.859
977.02298  19818.611
976.02398  20117.173
975.02498  20541.032
974.02597  20721.174
973.02697  19942.608
972.02797  19330.704
971.02897  19726.015
970.02997  20569.568
969.03097  20411.815
968.03197  20422.734
967.03297  20312.152
966.03397  21023.475
965.03497  20876.606
964.03596  20540.91
963.03696  20902.159
962.03796  20335.716
961.03896  20264.127
960.03996  20751.921
959.04096  20592.837
958.04196  19917.375
957.04296  19809.592
956.04396  19944.52
955.04496  20098.015
954.04595  20258.177
953.04695  20213.034
952.04795  19987.671
951.04895  20181.78
950.04995  20524.848
949.05095  20305.752
948.05195  20658.542
947.05295  20208.002
946.05395  20918
945.05495  21114.388
944.05594  20466.484
943.05694  20504.52
942.05794  20346.242
941.05894  20410.537
940.05994  20845.484
939.06094  20451.703
938.06194  20242.054
937.06294  20576.802
936.06394  20497.566
935.06494  20414.921
934.06593  20589.076
933.06693  20192.259
932.06793  20489.035
931.06893  20868.958
930.06993  20930.256
929.07093  20581.886
928.07193  19759.817
927.07293  19497.357
926.07393  20471.383
925.07493  21138.745
924.07592  21104.757
923.07692  21437.108
922.07792  20871.465
921.07892  20773.664
920.07992  21058.76
919.08092  20947.452
918.08192  20846.095
917.08292  21099.749
916.08392  21444.113
915.08492  21369.089
914.08591  21104.2
913.08691  21302.222
912.08791  20878.937
911.08891  21024.696
910.08991  21079.558
909.09091  21415.874
908.09191  21149.817
907.09291  21123.75
906.09391  21188.684
905.09491  21183.294
904.0959  21017.276
903.0969  21448.876
902.0979  21220.996
901.0989  20762.354
900.0999  20843.962
899.1009  21433.474
898.1019  20941.959
897.1029  20567.697
896.1039  21289.161
895.1049  21601.355
894.10589  21442.875
893.10689  21410.805
892.10789  21133.867
891.10889  21461.098
890.10989  21965.887
889.11089  21641.196
888.11189  21364.624
887.11289  21963.697
886.11389  22195.204
885.11489  22207.361
884.11588  21869.774
883.11688  21981.416
882.11788  22137.06
881.11888  22099.053
880.11988  22309.315
879.12088  22185.193
878.12188  21930.63
877.12288  21592.985
876.12388  21933.833
875.12488  21904.258
874.12587  22226.668
873.12687  22807.777
872.12787  22353.661
871.12887  22563.408
870.12987  22304.854
869.13087  22375.722
868.13187  21986.885
867.13287  21722.823
866.13387  22238.728
865.13487  22844.58
864.13586  22277.119
863.13686  22241.795
862.13786  22176.649
861.13886  22565.631
860.13986  22337.378
859.14086  21976.429
858.14186  22037.891
857.14286  22048.432
856.14386  22448.252
855.14486  22577.877
854.14585  22725.603
853.14685  22763.826
852.14785  22045.157
851.14885  22051.464
850.14985  22247.727
849.15085  22704.349
848.15185  23000.603
847.15285  22585.02
846.15385  22587.909
845.15485  22623.465
844.15584  22302.483
843.15684  22499.627
842.15784  22807.209
841.15884  22971.491
840.15984  22992.924
839.16084  22804.409
838.16184  22777.343
837.16284  22772.7
836.16384  23186.372
835.16484  23006.241
834.16583  23268.498
833.16683  23568.959
832.16783  23370.235
831.16883  22300.622
830.16983  22142.351
829.17083  22246.576
828.17183  23115.512
827.17283  23703.279
826.17383  22818.356
825.17483  22877.955
824.17582  22813.586
823.17682  22688.059
822.17782  23003.738
821.17882  23036.181
820.17982  23429.835
819.18082  23286.816
818.18182  23139.301
817.18282  23356.126
816.18382  23283.809
815.18482  23351.12
814.18581  23312.462
813.18681  23557.472
812.18781  23794.536
811.18881  23631.378
810.18981  23414.975
809.19081  23603.971
808.19181  23426.683
807.19281  23467.423
806.19381  24042.083
805.19481  23494.469
804.1958  23835.19
803.1968  23897.755
802.1978  23540.781
801.1988  23724.16
800.1998  24476.026
799.2008  23716.383
798.2018  23580.926
797.2028  24154.43
796.2038  23544.952
795.2048  23222.299
794.20579  23340.348
793.20679  23957.786
792.20779  24045.075
791.20879  24434.966
790.20979  24144.235
789.21079  23845.107
788.21179  24626.035
787.21279  24724.928
786.21379  23943.506
785.21479  23816.616
784.21578  24179.039
783.21678  23739.267
782.21778  23835.609
781.21878  24170.078
780.21978  23902.453
779.22078  23894.788
778.22178  23521.24
777.22278  23072.432
776.22378  23832.417
775.22478  24509.304
774.22577  24659.136
773.22677  24357.921
772.22777  24379.303
771.22877  24329.718
770.22977  25331.652
769.23077  24823.043
768.23177  24172.196
767.23277  25137.699
766.23377  24580.462
765.23477  24768.189
764.23576  23963.426
763.23676  23825.791
762.23776  23679.438
761.23876  23102.37
760.23976  22750.732
759.24076  22798.348
758.24176  22522.945
757.24276  22588.19
756.24376  22896.461
755.24476  21836.268
754.24575  21460.104
753.24675  22555.718
752.24775  23515.076
751.24875  23332.06
750.24975  24230.727
749.25075  25119.033
748.25175  25727.629
747.25275  26354.496
746.25375  25821.381
745.25475  25585.838
744.25574  24846.478
743.25674  23792.531
742.25774  23124.513
741.25874  23433.2
740.25974  22557.125
739.26074  21555.215
738.26174  20630.433
737.26274  19753.641
736.26374  19266.328
735.26474  17933.674
734.26573  17313.871
733.26673  16861.857
732.26773  16959.11
731.26873  16860.583
730.26973  16712.259
729.27073  16850.343
728.27173  17133.229
727.27273  17170.488
726.27373  16720.173
725.27473  16628.602
724.27572  16760.83
723.27672  17058.383
722.27772  16792.898
721.27872  16699.798
720.27972  16919.733
719.28072  16995.246
718.28172  16946.698
717.28272  16991.067
716.28372  16463.269
715.28472  16500.235
714.28571  16802.038
713.28671  16704.203
712.28771  16577.076
711.28871  16483.63
710.28971  16618.024
709.29071  16521.827
708.29171  16210.022
707.29271  16560.78
706.29371  16634.389
705.29471  16028.718
704.2957  16241.354
703.2967  16362.038
702.2977  16396.039
701.2987  16459.315
700.2997  16721.263
699.3007  16717.734
698.3017  16480.855
697.3027  16099.694
696.3037  16515.784
695.3047  16711.565
694.30569  17058.711
693.30669  16689.553
692.30769  16537.439
691.30869  17050.795
690.30969  16710.556
689.31069  16776.355
688.31169  16648.26
687.31269  16580.065
686.31369  16864.342
685.31469  16570.096
684.31568  16366.471
683.31668  16236.999
682.31768  16353.333
681.31868  16286.457
680.31968  16201.649
679.32068  16828.876
678.32168  16804.101
677.32268  16731.242
676.32368  16326.963
675.32468  15959.992
674.32567  16317.151
673.32667  16408.095
672.32767  16720.308
671.32867  17324.913
670.32967  17262.103
669.33067  17018.665
668.33167  16577.772
667.33267  16216.8
666.33367  16698.867
665.33467  16454.996
664.33566  16313.106
663.33666  16641.086
662.33766  16592.809
661.33866  15958.173
660.33966  16006.166
659.34066  16447.436
658.34166  16750.373
657.34266  16433.562
656.34366  16713.578
655.34466  16855.279
654.34565  16559.015
653.34665  16803.02
652.34765  16685.414
651.34865  16323.829
650.34965  16279.146
649.35065  16611.434
648.35165  16756.447
647.35265  16519.298
646.35365  16685.248
645.35465  16138.945
644.35564  16045.187
643.35664  16374.099
642.35764  16074.759
641.35864  16409.311
640.35964  16727.372
639.36064  16430.826
638.36164  16557.94
637.36264  16254.549
636.36364  15987.004
635.36464  15977.569
634.36563  16049.666
633.36663  16108.97
632.36763  15937.585
631.36863  16321.288
630.36963  16378.258
629.37063  16377.908
628.37163  16051.865
627.37263  15839.847
626.37363  15804.814
625.37463  15672.225
624.37562  16002.096
623.37662  15851.285
622.37762  16119.995
621.37862  16468.435
620.37962  15814.31
619.38062  15576.977
618.38162  15449.489
617.38262  15442.338
616.38362  15666.734
615.38462  15796.859
614.38561  15921.821
613.38661  15390.831
612.38761  15498.79
611.38861  15809.053
610.38961  16529.937
609.39061  15943.174
608.39161  15726.266
607.39261  16164.359
606.39361  16628.932
605.39461  16632.269
604.3956  16043.758
603.3966  16190.475
602.3976  16131.625
601.3986  16136.41
600.3996  16124.726
599.4006  16237.427
598.4016  16348.234
597.4026  15721.763
596.4036  15471.294
595.4046  15872.481
594.40559  15631.754
593.40659  15687.601
592.40759  16101.153
591.40859  15707.672
590.40959  16170.638
589.41059  16221.776
588.41159  16108.344
587.41259  16142.64
586.41359  15847.528
585.41459  15785.484
584.41558  15711.036
583.41658  15742.171
582.41758  15743.544
581.41858  15580.652
580.41958  15297.04
579.42058  15290.914
578.42158  15030.463
577.42258  15289.643
576.42358  15626.279
575.42458  15604.548
574.42557  15343.77
573.42657  15018.624
572.42757  14976.283
571.42857  15253.731
570.42957  14832.585
569.43057  14775.317
568.43157  14959.153
567.43257  14878.888
566.43357  15101.258
565.43457  15163.692
564.43556  14974.135
563.43656  15052.375
562.43756  15214.818
561.43856  15356.228
560.43956  15723.285
559.44056  16050.771
558.44156  16029.713
557.44256  16384.792
556.44356  15943.406
555.44456  15797.696
554.44555  15318.895
553.44655  15297.81
552.44755  14793.758
551.44855  14417.562
550.44955  14815.291
549.45055  14254.458
548.45155  13910.925
547.45255  13671.203
546.45355  13236.58
545.45455  12953.599
544.45554  12404.359
543.45654  12087.97
542.45754  11751.515
541.45854  11101.149
540.45954  11063.069
539.46054  10965.793
538.46154  11634.496
537.46254  13888.005
536.46354  20115.659
535.46454  29320.296
534.46553  33801.071
533.46653  28112.129
532.46753  18067.572
531.46853  12009.685
530.46953  10583.93
529.47053  10214.867
528.47153  10356.6
527.47253  11332.7
526.47353  12753.24
525.47453  12971.402
524.47552  11832.417
523.47652  10851.427
522.47752  9761.9346
521.47852  9531.297
520.47952  9276.2148
519.48052  9461.5956
518.48152  9490.5798
517.48252  9256.6394
516.48352  9456.8482
515.48452  9484.3532
514.48551  9425.2237
513.48651  9087.373
512.48751  9198.2134
511.48851  9378.5812
510.48951  9394.807
509.49051  9597.4506
508.49151  9298.0981
507.49251  9072.6446
506.49351  9531.3286
505.49451  9452.6382
504.4955  9286.4639
503.4965  8962.0655
502.4975  9192.9769
501.4985  9308.8276
500.4995  9132.6621
499.5005  9211.2165
498.5015  8669.729
497.5025  9059.497
496.5035  9313.9202
495.5045  9202.1026
494.50549  9165.552
493.50649  8902.2264
492.50749  8901.2153
491.50849  9172.367
490.50949  9270.2293
489.51049  9280.252
488.51149  8971.8048
487.51249  9154.7491
486.51349  9738.4077
485.51449  9827.5139
484.51548  9470.3896
483.51648  9203.8574
482.51748  9273.0593
481.51848  9218.6582
480.51948  9210.3586
479.52048  9324.5936
478.52148  9190.7817
477.52248  9145.9258
476.52348  9242.9616
475.52448  9259.6948
474.52547  9237.6023
473.52647  9116.8263
472.52747  9265.8393
471.52847  9084.9741
470.52947  8791.7239
469.53047  9106.9225
468.53147  9198.2301
467.53247  9140.2918
466.53347  9375.0488
465.53447  9451.1322
464.53546  9200.6009
463.53646  9143.7732
462.53746  8888.3065
461.53846  8872.8119
460.53946  9139.8465
459.54046  9114.6463
458.54146  9203.1401
457.54246  9207.2494
456.54346  9239.6194
455.54446  9079.5553
454.54545  9198.6806
453.54645  9203.1919
452.54745  8907.6258
451.54845  8996.0621
450.54945  9288.8665
449.55045  9305.7462
448.55145  9066.2568
447.55245  9476.6296
446.55345  9476.6025
445.55445  9013.0899
444.55544  9137.5765
443.55644  9363.6765
442.55744  9412.7119
441.55844  9508.7137
440.55944  9345.5297
439.56044  9082.1304
438.56144  9069.9418
437.56244  9122.9816
436.56344  9175.258
435.56444  9251.7517
434.56543  9267.3014
433.56643  9116.6412
432.56743  9290.0701
431.56843  9271.7868
430.56943  9243.3267
429.57043  9395.9314
428.57143  9222.959
427.57243  9403.0166
426.57343  9328.8048
425.57443  8908.3151
424.57542  9165.7451
423.57642  9068.0616
422.57742  9147.4824
421.57842  9235.2089
420.57942  9086.2972
419.58042  9086.8541
418.58142  8741.2842
417.58242  8696.0678
416.58342  8933.6268
415.58442  9135.1887
414.58541  9392.8421
413.58641  9225.7332
412.58741  8796.4092
411.58841  8969.1006
410.58941  9321.3457
409.59041  9188.74
408.59141  8847.7531
407.59241  8861.686
406.59341  9114.6266
405.59441  9138.8604
404.5954  9069.6934
403.5964  9109.3895
402.5974  9386.4787
401.5984  9138.7941
400.5994  9035.9267
399.6004  9597.4559
398.6014  9418.8361
397.6024  9064.6155
396.6034  9042.7502
395.6044  9111.8724
394.60539  9149.43
393.60639  9278.5923
392.60739  9098.3132
391.60839  9282.8408
390.60939  9589.8935
389.61039  9692.8354
388.61139  9372.525
387.61239  9171.8423
386.61339  8940.7517
385.61439  8967.2391
384.61538  9324.7635
383.61638  9574.3234
382.61738  9561.9019
381.61838  9210.047
380.61938  9275.729
379.62038  9172.495
378.62138  8982.2971
377.62238  9151.3711
376.62338  9414.6432
375.62438  9495.03
374.62537  9646.2672
373.62637  9474.6267
372.62737  9387.6288
371.62837  9205.7008
370.62937  9401.2296
369.63037  9756.141
368.63137  9319.7108
367.63237  9319.264
366.63337  9426.1499
365.63437  9230.1017
364.63536  9281.7721
363.63636  9140.4533
362.63736  9416.0232
361.63836  9698.0351
360.63936  9484.1422
359.64036  9745.239
358.64136  9504.7133
357.64236  9215.4798
356.64336  9557.4329
355.64436  9403.074
354.64535  9642.6195
353.64635  9771.6805
352.64735  9628.3103
351.64835  9872.6541
350.64935  10341.197
349.65035  10372.584
348.65135  10305.228
347.65235  9894.7071
346.65335  9302.8753
345.65435  9571.3716
344.65534  9541.0065
343.65634  9247.1334
342.65734  9292.8831
341.65834  9147.3297
340.65934  9350.057
339.66034  9045.6765
338.66134  9091.7753
337.66234  9413.4137
336.66334  9569.5011
335.66434  9403.5493
334.66533  9342.271
333.66633  9305.5756
332.66733  9314.3178
331.66833  9029.4505
330.66933  9047.0834
329.67033  9131.872
328.67133  9009.5161
327.67233  9047.3494
326.67333  9195.9116
325.67433  9237.1628
324.67532  9123.5339
323.67632  9044.8756
322.67732  8869.0639
321.67832  8923.8173
320.67932  9357.6549
319.68032  9244.0429
318.68132  9070.8386
317.68232  9290.6479
316.68332  9292.9506
315.68432  9618.8091
314.68531  9588.0333
313.68631  9825.9482
312.68731  9767.4496
311.68831  9792.465
310.68931  9509.4442
309.69031  9748.4163
308.69131  10252.951
307.69231  9904.0982
306.69331  9539.7189
305.69431  9063.2234
304.6953  8871.6133
303.6963  8882.1728
302.6973  8343.7274
301.6983  7614.8696
300.6993  7272.2876
299.7003  7008.5626
298.7013  6529.0461
297.7023  6054.9327
296.7033  5614.027
295.7043  4872.9761
294.70529  4603.9158
293.70629  4783.8777
292.70729  5585.5445
291.70829  7172.9087
290.70929  8494.6676
289.71029  12456.564
288.71129  22342.993
287.71229  32095.289
286.71329  28903.827
285.71429  15936.743
284.71528  7104.9456
283.71628  4555.7896
282.71728  4301.4024
281.71828  4412.5264
280.71928  4758.8704
279.72028  5746.1583
278.72128  6484.6936
277.72228  6093.2774
276.72328  5095.2224
275.72428  4025.0646
274.72527  3163.5875
273.72627  2968.6332
272.72727  2949.2996
271.72827  3039.8126
270.72927  2978.0085
269.73027  2970.6969
268.73127  3183.4878
267.73227  3247.7966
266.73327  3102.0886
265.73427  2969.5726
264.73526  2881.3172
263.73626  2757.9556
262.73726  2524.5258
261.73826  2490.0927
260.73926  2533.7989
259.74026  2544.0271
258.74126  2582.5278
257.74226  2567.0598
256.74326  2450.0593
255.74426  2497.3939
254.74525  2573.4265
253.74625  2556.8666
252.74725  2668.5749
251.74825  2748.2072
250.74925  2632.4379
249.75025  2620.8111
248.75125  2620.9791
247.75225  2496.8807
246.75325  2516.4038
245.75425  2539.2146
244.75524  2695.9941
243.75624  2785.0613
242.75724  2670.0096
241.75824  2746.7348
240.75924  2839.8403
239.76024  2640.8345
238.76124  2571.8136
237.76224  2395.9177
236.76324  2259.3763
235.76424  2630.1865
234.76523  2681.8484
233.76623  2438.7523
232.76723  2232.3388
231.76823  2347.2047
230.76923  2495.3901
229.77023  2464.232
228.77123  2455.43
227.77223  2421.9611
226.77323  2293.0745
225.77423  2378.8263
224.77522  2568.1499
223.77622  2435.4318
222.77722  2206.9866
221.77822  2176.611
220.77922  2295.4152
219.78022  2495.0997
218.78122  2284.162
217.78222  2279.3464
216.78322  2460.0885
215.78422  2521.2315
214.78521  2454.952
213.78621  2408.9734
212.78721  2375.0636
211.78821  2327.1924
210.78921  2375.6324
209.79021  2397.3034
208.79121  2526.4846
207.79221  2347.4333
206.79321  2239.3348
205.79421  2243.5428
204.7952  2249.0962
203.7962  2537.1961
202.7972  2542.103
201.7982  2314.8592
200.7992  2278.3038
199.8002  2350.8582
198.8012  2278.3158
197.8022  2435.5427
196.8032  2334.0939
195.8042  2511.3837
194.80519  2499.5364
193.80619  2196.4247
192.80719  2235.0396
191.80819  2289.6521
190.80919  2319.9436
189.81019  2316.7428
188.81119  2233.537
187.81219  2221.0496
186.81319  2358.8243
185.81419  2375.4151
184.81518  2400.2962
183.81618  2177.3511
182.81718  2246.7755
181.81818  2377.4866
180.81918  2266.8671
179.82018  2121.034
178.82118  2035.8324
177.82218  1966.3063
176.82318  2200.22
175.82418  2273.1939
174.82517  2132.5366
173.82617  2179.7266
172.82717  2163.8592
171.82817  2228.9221
170.82917  2381.5925
169.83017  2226.6214
168.83117  2240.1758
167.83217  2141.6852
166.83317  2113.4572
165.83417  2219.8414
164.83516  2211.5446
163.83616  2038.1672
162.83716  2130.6449
161.83816  2395.3901
160.83916  2277.8026
159.84016  2220.8064
158.84116  2373.1041
157.84216  2411.9045
156.84316  2482.7214
155.84416  2581.1981
154.84515  2541.7684
153.84615  2517.3944
152.84715  2525.2102
151.84815  2225.3551
150.84915  2181.1802
149.85015  2045.959
148.85115  2169.8037
147.85215  2483.3453
146.85315  2347.1236
145.85415  2248.58
144.85514  2154.024
143.85614  2202.8487
142.85714  2178.3075
141.85814  2128.0796
140.85914  2106.4921
139.86014  1978.5593
138.86114  1911.9505
137.86214  2272.7907
136.86314  2349.5712
135.86414  2223.8841
134.86513  2134.2521
133.86613  2061.1659
132.86713  2058.7921
131.86813  2257.2182
130.86913  2298.2262
129.87013  2182.8928
128.87113  2138.0123
127.87213  2199.0852
126.87313  2104.8174
125.87413  2223.196
124.87512  2262.7474
123.87612  2159.0282
122.87712  2125.9201
121.87812  2132.1106
120.87912  2140.9224
119.88012  2273.1094
118.88112  2132.2953
117.88212  1980.8228
116.88312  2129.4649
115.88412  2118.9953
114.88511  2019.7764
113.88611  1957.6665
112.88711  2079.9364
111.88811  1955.6641
110.88911  1964.5309
109.89011  2159.6776
108.89111  2296.6056
107.89211  2330.9402
106.89311  2260.1191
105.89411  2409.3262
104.8951  2633.9685
103.8961  2458.3664
102.8971  2147.8072
101.8981  2001.2029
100.8991  1955.7037
99.9001  2097.3532
98.901099  2233.1666
97.902098  2132.0627
96.903097  2072.4921
95.904096  2238.2168
94.905095  2163.5975
93.906094  2045.3743
92.907093  2052.4768
91.908092  1958.1557
90.909091  2006.6235
89.91009  2117.8295
88.911089  1927.9647
87.912088  1997.8403
86.913087  2079.1684
85.914086  2085.6008
84.915085  2038.5315
83.916084  2056.495
82.917083  2115.762
81.918082  2201.8149
80.919081  2247.1586
79.92008  1990.5218
78.921079  1868.2468
77.922078  1967.8476
76.923077  2005.5744
75.924076  2122.3327
74.925075  2174.7086
73.926074  2072.8827
72.927073  1991.2678
71.928072  2136.7293
70.929071  2028.7373
69.93007  1983.1054
68.931069  1983.0566
67.932068  1939.1834
66.933067  1818.4112
65.934066  1810.1979
64.935065  1752.6005
63.936064  1949.3907
62.937063  2052.9158
61.938062  2036.9361
60.939061  2086.4852
59.94006  2114.8516
58.941059  1964.4986
57.942058  1820.4959
56.943057  1955.9843
55.944056  1989.0304
54.945055  2107.4881
53.946054  2062.6623
52.947053  1875.1756
51.948052  1881.028
50.949051  1810.3683
49.95005  1826.6774
48.951049  1992.2183
47.952048  1950.8095
46.953047  1810.1849
45.954046  1881.7692
44.955045  2138.8835
43.956044  2030.5113
42.957043  1900.8922
41.958042  1953.6587
40.959041  1780.0054
39.96004  1808.4286
38.961039  1792.3692
37.962038  1704.5268
36.963037  1866.7266
35.964036  1783.6476
34.965035  1791.9494
33.966034  1913.6669
32.967033  1979.7825
31.968032  1776.5575
30.969031  1935.2121
29.97003  2161.0621
28.971029  2365.3836
27.972028  2331.0108
26.973027  2321.6356
25.974026  2039.9284
24.975025  1846.5829
23.976024  1768.2835
22.977023  1777.835
21.978022  1848.1603
20.979021  1831.4228
19.98002  1848.8687
18.981019  1934.8034
17.982018  1970.1483
16.983017  2055.5635
15.984016  1802.0033
14.985015  1590.3021
13.986014  1816.0378
12.987013  1732.05
11.988012  1619.4399
10.989011  1724.106
9.99001  1626.4514
8.991009  1481.4459
7.992008  1515.4699
6.993007  1460.331
5.994006  1299.9364
4.995005  1254.8546
3.996004  1287.782
2.997003  1316.7154
1.998002  1351.7147
0.999001  1279.5611
0  1263.106

# Region:                       Si
# Spectrum ID:                  2
# Acquisition Date:             08/07/26 14:15:07 UTC
# Analysis Method:              XPS
# Analyzer:                     PHOIBOS MCD5 Analyzer
# Analyzer Lens:                LargeArea:1.5kV
# Analyzer Slit:                5:7x20\B:open
# Scan Mode:                    FixedAnalyzerTransmission
# Curves/Scan:                  1
# Values/Curve:                 1501
# Dwell Time:                   0.1
# Excitation Energy:            1253.64
# Binding Energy:               200
# Pass Energy:                  50
# Bias Voltage:                 90
# Detector Voltage:             3000
# Eff. Workfunction:            4.543
# Source:                       X-Ray Dummy
# Comment:                      
#
# Cycle: 0
# Number of Scans: 3
#
# Cycle: 0, Curve: 0
# Acquisition Date:             08/07/26 14:15:07 UTC
#
# ColumnLabels:                 energy counts/s
#
200  2419.9556
199.9  2316.6983
199.8  2212.9441
199.7  2212.2292
199.6  2277.2035
199.5  2344.5911
199.4  2307.1972
199.3  2266.193
199.2  2313.708
199.1  2210.7665
199  2305.522
198.9  2202.3879
198.8  2390.7603
198.7  2368.8146
198.6  2292.6006
198.5  2295.5379
198.4  2325.6488
198.3  2336.66
198.2  2278.6387
198.1  2327.9924
198  2412.4941
197.9  2214.5452
197.8  2231.3409
197.7  2305.0118
197.6  2295.0687
197.5  2273.8524
197.4  2435.7554
197.3  2487.6212
197.2  2351.5072
197.1  2288.1522
197  2298.8443
196.9  2488.2596
196.8  2171.8449
196.7  2315.428
196.6  2356.1765
196.5  2372.9511
196.4  2329.192
196.3  2406.9794
196.2  2459.79
196.1  2425.7222
196  2240.6862
195.9  2155.4419
195.8  2188.2442
195.7  2291.9176
195.6  2354.2632
195.5  2179.923
195.4  2272.9956
195.3  2397.7723
195.2  2275.3751
195.1  2384.6487
195  2288.1983
194.9  2361.8381
194.8  2307.5922
194.7  2194.1946
194.6  2292.3805
194.5  2177.4887
194.4  2333.0132
194.3  2482.2684
194.2  2413.0156
194.1  2253.7399
194  2340.3211
193.9  2284.4896
193.8  2281.7675
193.7  2283.5118
193.6  2261.104
193.5  2267.182
193.4  2238.0861
193.3  2205.2377
193.2  2320.8619
193.1  2270.481
193  2191.6276
192.9  2291.8363
192.8  2244.3596
192.7  2416.696
192.6  2295.3998
192.5  2392.344
192.4  2291.2906
192.3  2312.2269
192.2  2485.5452
192.1  2267.5519
192  2275.3436
191.9  2316.7351
191.8  2292.2907
191.7  2268.1521
191.6  2331.8377
191.5  2341.9223
191.4  2247.7054
191.3  2216.3298
191.2  2273.1924
191.1  2346.8191
191  2249.2089
190.9  2308.612
190.8  2215.8913
190.7  2256.5971
190.6  2213.7708
190.5  2258.3525
190.4  2442.5279
190.3  2320.0787
190.2  2260.4852
190.1  2278.0706
190  2174.4917
189.9  2159.4183
189.8  2160.6998
189.7  2169.4431
189.6  2299.0238
189.5  2264.8432
189.4  2269.1875
189.3  2374.1209
189.2  2342.616
189.1  2302.0986
189  2259.7575
188.9  2249.4689
188.8  2326.8241
188.7  2306.0636
188.6  2128.4093
188.5  2317.6804
188.4  2338.143
188.3  2298.4646
188.2  2275.1441
188.1  2338.5028
188  2226.8459
187.9  2252.3002
187.8  2212.2369
187.7  2402.3831
187.6  2220.0821
187.5  2255.9905
187.4  2273.3868
187.3  2309.6309
187.2  2410.3222
187.1  2371.1225
187  2273.7357
186.9  2315.432
186.8  2341.5316
186.7  2113.4491
186.6  2297.0961
186.5  2320.8761
186.4  2161.3647
186.3  2265.3368
186.2  2370.55
186.1  2349.5519
186  2321.8433
185.9  2337.1782
185.8  2282.1307
185.7  2258.1155
185.6  2307.9574
185.5  2260.5259
185.4  2293.8929
185.3  2226.6298
185.2  2280.0585
185.1  2225.7931
185  2298.5679
184.9  2386.8696
184.8  2371.9231
184.7  2246.0328
184.6  2191.4715
184.5  2387.5349
184.4  2161.8443
184.3  2222.5711
184.2  2315.8941
184.1  2266.3852
184  2410.9543
183.9  2370.6338
183.8  2274.7285
183.7  2394.5907
183.6  2241.6647
183.5  2380.1723
183.4  2286.492
183.3  2297.6314
183.2  2252.3716
183.1  2303.4598
183  2138.1399
182.9  2182.9889
182.8  2375.9827
182.7  2282.1483
182.6  2274.9438
182.5  2245.9082
182.4  2228.3064
182.3  2251.6661
182.2  2240.0988
182.1  2157.9191
182  2302.6621
181.9  2321.8909
181.8  2321.4483
181.7  2231.2373
181.6  2275.7501
181.5  2348.3806
181.4  2199.891
181.3  2360.7868
181.2  2332.9468
181.1  2167.5945
181  2231.7756
180.9  2200.5652
180.8  2292.7939
180.7  2193.3961
180.6  2266.9282
180.5  2204.8938
180.4  2226.5462
180.3  2268.7698
180.2  2152.8206
180.1  2409.4516
180  2266.0286
179.9  2234.6819
179.8  2274.5013
179.7  2288.5437
179.6  2248.3754
179.5  2314.7268
179.4  2238.7294
179.3  2226.7935
179.2  2279.4689
179.1  2243.0775
179  2302.4411
178.9  2381.8259
178.8  2288.2828
178.7  2271.2711
178.6  2281.7522
178.5  2263.8564
178.4  2412.1427
178.3  2330.3043
178.2  2217.0447
178.1  2082.6704
178  2255.2072
177.9  2284.37
177.8  2394.2164
177.7  2225.5141
177.6  2090.1161
177.5  2378.0311
177.4  2118.1662
177.3  2351.1622
177.2  2434.5127
177.1  2262.0091
177  2210.7918
176.9  2299.8389
176.8  2304.5634
176.7  2374.9383
176.6  2206.5814
176.5  2328.4866
176.4  2238.7651
176.3  2392.8869
176.2  2341.3715
176.1  2211.5116
176  2282.4477
175.9  2290.2037
175.8  2215.0375
175.7  2192.9659
175.6  2317.8924
175.5  2329.9517
175.4  2342.3709
175.3  2356.3765
175.2  2209.5959
175.1  2341.6478
175  2261.6691
174.9  2176.6049
174.8  2339.6055
174.7  2170.212
174.6  2248.7655
174.5  2160.3587
174.4  2286.074
174.3  2225.67
174.2  2225.3714
174.1  2233.5394
174  2182.9161
173.9  2198.2222
173.8  2261.2056
173.7  2364.4937
173.6  2235.2325
173.5  2342.6258
173.4  2286.1034
173.3  2414.8625
173.2  2228.574
173.1  2134.923
173  2176.9361
172.9  2238.3016
172.8  2220.0981
172.7  2437.7014
172.6  2397.6321
172.5  2163.4627
172.4  2260.9885
172.3  2329.9956
172.2  2362.5444
172.1  2259.8252
172  2219.2177
171.9  2318.3692
171.8  2237.9722
171.7  2318.8075
171.6  2338.6787
171.5  2345.9827
171.4  2356.6672
171.3  2219.3216
171.2  2188.8682
171.1  2199.4345
171  2309.021
170.9  2369.2806
170.8  2320.3418
170.7  2391.0598
170.6  2443.9353
170.5  2436.7369
170.4  2250.0762
170.3  2295.6404
170.2  2341.3984
170.1  2413.7414
170  2420.8157
169.9  2346.6132
169.8  2309.3029
169.7  2376.1093
169.6  2288.915
169.5  2223.1296
169.4  2121.6449
169.3  2300.1267
169.2  2232.4313
169.1  2281.5051
169  2362.6569
168.9  2166.3729
168.8  2209.9029
168.7  2223.9331
168.6  2361.887
168.5  2252.2938
168.4  2320.9164
168.3  2331.977
168.2  2267.6406
168.1  2282.6523
168  2303.7813
167.9  2297.9371
167.8  2161.7907
167.7  2154.2571
167.6  2246.8812
167.5  2146.4623
167.4  2165.7675
167.3  2283.8869
167.2  2253.5025
167.1  2223.5148
167  2192.3881
166.9  2297.7092
166.8  2354.7556
166.7  2246.8158
166.6  2267.2581
166.5  2246.4198
166.4  2172.1378
166.3  2068.7336
166.2  2278.1967
166.1  2267.6857
166  2142.2409
165.9  2256.8144
165.8  2270.9614
165.7  2344.4267
165.6  2281.0711
165.5  2327.6949
165.4  2294.2204
165.3  2217.5584
165.2  2276.071
165.1  2188.4188
165  2184.7693
164.9  2144.696
164.8  2187.4017
164.7  2333.2706
164.6  2269.7674
164.5  2134.4526
164.4  2042.7948
164.3  2188.3082
164.2  2101.8928
164.1  2130.6597
164  2075.4535
163.9  2115.9629
163.8  2235.6835
163.7  2133.3006
163.6  2188.7089
163.5  2369.7372
163.4  2210.5251
163.3  2031.5813
163.2  2254.9752
163.1  2234.0812
163  2170.3574
162.9  2195.3655
162.8  2341.6153
162.7  2278.2254
162.6  2214.1458
162.5  2157.846
162.4  2224.0036
162.3  2157.408
162.2  2248.9599
162.1  2156.6209
162  2142.1483
161.9  2277.5209
161.8  2126.4137
161.7  2188.1251
161.6  2188.8537
161.5  2180.8737
161.4  2203.7222
161.3  2427.782
161.2  2175.4315
161.1  2215.2107
161  2194.423
160.9  2244.3519
160.8  2163.481
160.7  2107.2919
160.6  2230.8798
160.5  2312.5426
160.4  2276.7214
160.3  2266.2421
160.2  2209.6475
160.1  2170.4913
160  2372.3549
159.9  2310.5665
159.8  2249.0156
159.7  2217.0584
159.6  2255.009
159.5  2269.122
159.4  2293.2417
159.3  2268.2465
159.2  2306.4377
159.1  2222.3831
159  2218.7295
158.9  2237.6055
158.8  2179.5317
158.7  2172.344
158.6  2149.8009
158.5  2295.7629
158.4  2299.112
158.3  2252.2806
158.2  2310.928
158.1  2467.865
158  2177.5792
157.9  2260.8023
157.8  2375.8933
157.7  2327.5648
157.6  2358.9872
157.5  2394.4363
157.4  2473.5609
157.3  2517.3972
157.2  2417.5604
157.1  2404.0185
157  2597.159
156.9  2522.0933
156.8  2604.9549
156.7  2654.9123
156.6  2594.766
156.5  2707.8149
156.4  2693.322
156.3  2552.7606
156.2  2529.1256
156.1  2542.7569
156  2700.5939
155.9  2743.8487
155.8  2770.4301
155.7  2675.9478
155.6  2760.4035
155.5  2540.6341
155.4  2712.4202
155.3  2582.609
155.2  2628.41
155.1  2670.4684
155  2606.9316
154.9  2666.0669
154.8  2732.4491
154.7  2710.5186
154.6  2476.703
154.5  2532.5158
154.4  2566.6045
154.3  2551.2476
154.2  2361.6161
154.1  2449.6647
154  2426.6803
153.9  2397.6236
153.8  2331.0373
153.7  2179.3622
153.6  2326.3745
153.5  2452.3786
153.4  2226.0433
153.3  2319.321
153.2  2369.7552
153.1  2257.4236
153  2213.5588
152.9  2281.3018
152.8  2294.0837
152.7  2322.8446
152.6  2315.3494
152.5  2273.9262
152.4  2197.1127
152.3  2252.5832
152.2  2172.4013
152.1  2119.1266
152  2077.9393
151.9  2219.69
151.8  2298.045
151.7  2191.6481
151.6  2097.4755
151.5  2219.9704
151.4  2274.6286
151.3  2254.9743
151.2  2145.9599
151.1  2315.0439
151  2267.0848
150.9  2209.4393
150.8  2121.1883
150.7  2196.8144
150.6  2214.4251
150.5  2259.1838
150.4  2333.3546
150.3  2166.8925
150.2  2212.5155
150.1  2233.8663
150  2202.0513
149.9  2344.7586
149.8  2071.4205
149.7  2208.5608
149.6  2239.3126
149.5  2181.8989
149.4  2301.9653
149.3  2328.3693
149.2  2238.8644
149.1  2242.4362
149  2298.6103
148.9  2228.3584
148.8  2131.5355
148.7  2250.5939
148.6  2243.6783
148.5  2255.6505
148.4  2202.2592
148.3  2362.4218
148.2  2330.3308
148.1  2301.0807
148  2370.173
147.9  2271.8604
147.8  2164.1419
147.7  2250.2155
147.6  2184.9112
147.5  2365.137
147.4  2416.8913
147.3  2162.5573
147.2  2153.8979
147.1  2344.89
147  2303.4881
146.9  2240.8417
146.8  2285.195
146.7  2175.4373
146.6  2126.0561
146.5  2284.3128
146.4  2316.7169
146.3  2167.1599
146.2  2276.195
146.1  2327.9004
146  2162.2518
145.9  2159.9719
145.8  2162.2856
145.7  2106.9996
145.6  2251.707
145.5  2283.1736
145.4  2330.6726
145.3  2211.5906
145.2  2302.1195
145.1  2224.835
145  2226.0711
144.9  2122.41
144.8  2345.2608
144.7  2220.1243
144.6  2183.4723
144.5  2344.6696
144.4  2196.1727
144.3  2159.3803
144.2  2209.4469
144.1  2131.1815
144  2277.3244
143.9  2249.268
143.8  2216.9736
143.7  2217.2639
143.6  2231.8131
143.5  2242.644
143.4  2185.2554
143.3  2137.585
143.2  2152.2408
143.1  2093.9972
143  2270.4576
142.9  2239.2342
142.8  2131.5546
142.7  2238.8361
142.6  2194.4073
142.5  2155.3613
142.4  2109.4274
142.3  2173.694
142.2  2177.8986
142.1  2096.5878
142  2191.9569
141.9  2116.2618
141.8  2046.4017
141.7  2148.6095
141.6  2242.5696
141.5  2119.6137
141.4  2223.4122
141.3  2254.4788
141.2  2124.3671
141.1  2066.0941
141  2154.2996
140.9  2106.1963
140.8  2249.9603
140.7  2144.4728
140.6  2123.6261
140.5  2261.4287
140.4  2072.1981
140.3  2082.3856
140.2  2103.8024
140.1  2064.1511
140  2005.9981
139.9  2143.0748
139.8  2112.5795
139.7  2160.3571
139.6  2276.6498
139.5  2119.4623
139.4  2137.7428
139.3  2200.8645
139.2  2115.8035
139.1  2184.5748
139  2263.6549
138.9  2104.5785
138.8  2194.6037
138.7  2122.3726
138.6  2047.1156
138.5  2275.4846
138.4  2288.7776
138.3  2210.2965
138.2  2247.5418
138.1  2164.2947
138  2084.1395
137.9  2080.1485
137.8  2057.6375
137.7  2246.2354
137.6  2166.2561
137.5  2173.4037
137.4  2135.973
137.3  2124.6039
137.2  2183.553
137.1  2080.3443
137  2221.0679
136.9  2130.5885
136.8  2161.5881
136.7  2097.3255
136.6  2144.6604
136.5  2149.2631
136.4  2102.3896
136.3  2120.7883
136.2  2236.0391
136.1  2247.9985
136  2171.1255
135.9  2079.4372
135.8  2130.6137
135.7  2179.0042
135.6  2099.7999
135.5  2188.3411
135.4  2161.1281
135.3  2042.2431
135.2  2154.6246
135.1  2121.775
135  2084.2633
134.9  2233.2154
134.8  2313.8619
134.7  2093.0862
134.6  1925.049
134.5  2038.0503
134.4  2127.3601
134.3  2095.5976
134.2  2041.1668
134.1  2172.3316
134  2001.789
133.9  2028.8942
133.8  2156.5864
133.7  2200.7233
133.6  1990.7368
133.5  2236.9839
133.4  2232.3632
133.3  2228.9403
133.2  2220.3295
133.1  2148.542
133  2220.8372
132.9  2010.995
132.8  2008.9298
132.7  2093.4888
132.6  2164.6557
132.5  2053.3962
132.4  2125.3424
132.3  2051.7281
132.2  1978.9191
132.1  1994.4731
132  2171.8961
131.9  2129.2451
131.8  2024.8365
131.7  2213.1909
131.6  2203.7041
131.5  2154.5896
131.4  2177.3698
131.3  2235.4682
131.2  2229.7597
131.1  2128.7502
131  2209.6828
130.9  2076.6666
130.8  2252.0171
130.7  2044.967
130.6  2037.6481
130.5  2202.2268
130.4  2154.6937
130.3  2077.3974
130.2  2076.5275
130.1  2123.3202
130  2092.3282
129.9  2184.8182
129.8  2162.7337
129.7  2044.9124
129.6  2168.8474
129.5  2253.7496
129.4  2220.6466
129.3  2168.0655
129.2  2066.9302
129.1  2086.3065
129  2108.7802
128.9  1996.588
128.8  2164.6738
128.7  2192.6727
128.6  2149.5318
128.5  2215.9186
128.4  2029.9639
128.3  2034.6154
128.2  1966.009
128.1  2121.4601
128  2154.8385
127.9  2185.9051
127.8  2116.8434
127.7  2190.6959
127.6  2193.7275
127.5  2157.0573
127.4  2214.9166
127.3  2250.6035
127.2  2111.0936
127.1  2177.5604
127  2233.1717
126.9  2080.8116
126.8  2117.0563
126.7  2190.4778
126.6  2138.8691
126.5  2115.1609
126.4  2235.2856
126.3  2206.9264
126.2  2103.0455
126.1  2116.3275
126  2078.4761
125.9  2188.4395
125.8  2123.8139
125.7  2037.0717
125.6  2193.9587
125.5  2115.7326
125.4  2170.0991
125.3  2305.3088
125.2  2208.7873
125.1  2144.2892
125  2217.314
124.9  2192.6255
124.8  2087.9837
124.7  2103.3288
124.6  2140.8689
124.5  2166.4014
124.4  2061.3744
124.3  2159.9944
124.2  2122.2071
124.1  2061.0458
124  2122.7116
123.9  2199.0001
123.8  2151.852
123.7  2167.992
123.6  2206.8957
123.5  2113.5769
123.4  2097.8388
123.3  2129.7513
123.2  2189.3017
123.1  2060.2781
123  2123.5763
122.9  2178.5346
122.8  2138.6416
122.7  2175.3948
122.6  2103.2477
122.5  2187.6329
122.4  2057.7125
122.3  2149.9599
122.2  2126.7719
122.1  2002.8622
122  2043.7957
121.9  1916.5665
121.8  2137.4943
121.7  2198.5989
121.6  2167.7039
121.5  2143.5063
121.4  2144.2769
121.3  2057.0315
121.2  2010.9807
121.1  2087.8466
121  2100.9313
120.9  2165.1777
120.8  2197.2084
120.7  1957.7354
120.6  2042.3728
120.5  2238.9737
120.4  2136.5956
120.3  2214.6566
120.2  2253.0833
120.1  2097.8493
120  2224.2784
119.9  2163.0383
119.8  2150.271
119.7  2051.0131
119.6  2194.4939
119.5  2189.1702
119.4  2105.9084
119.3  1961.6729
119.2  2101.1222
119.1  2230.1583
119  2056.2126
118.9  2101.1129
118.8  2113.284
118.7  2109.2035
118.6  2093.1804
118.5  2089.7425
118.4  2144.7448
118.3  2059.326
118.2  2118.2511
118.1  2145.5495
118  2167.3529
117.9  2054.3474
117.8  2074.6365
117.7  2083.5278
117.6  1977.223
117.5  2036.9782
117.4  2041.4942
117.3  2384.5372
117.2  2083.8392
117.1  2061.6754
117  2194.3576
116.9  2218.8972
116.8  2224.2777
116.7  2026.9019
116.6  2049.3017
116.5  2143.4717
116.4  2099.7708
116.3  2120.7855
116.2  2155.2398
116.1  2012.0037
116  2058.3872
115.9  2056.2977
115.8  1987.5868
115.7  2177.1766
115.6  2292.1249
115.5  2202.3284
115.4  1934.3475
115.3  2134.329
115.2  2150.9524
115.1  2059.5133
115  2075.7631
114.9  2130.5607
114.8  2199.7007
114.7  2276.4837
114.6  2208.5155
114.5  2009.8378
114.4  2175.8182
114.3  2189.6489
114.2  2108.5456
114.1  2180.1724
114  2165.9717
113.9  2212.565
113.8  2107.7699
113.7  2065.3468
113.6  2094.5294
113.5  2107.1218
113.4  2182.3894
113.3  2001.1587
113.2  2138.5459
113.1  2055.4031
113  2046.6182
112.9  1951.591
112.8  2068.4568
112.7  2176.9864
112.6  2030.789
112.5  2074.0956
112.4  2071.8869
112.3  2130.2182
112.2  2057.4977
112.1  2082.8123
112  2048.788
111.9  2108.5761
111.8  1958.334
111.7  2088.6887
111.6  2050.7509
111.5  2161.5316
111.4  1985.7718
111.3  2197.4387
111.2  2171.2932
111.1  2001.2747
111  2080.1203
110.9  2124.973
110.8  2170.5178
110.7  2039.8843
110.6  1958.4557
110.5  2041.3029
110.4  1977.5461
110.3  2092.3544
110.2  1996.8257
110.1  1888.7
110  2050.9214
109.9  2130.7011
109.8  2155.1225
109.7  2094.7851
109.6  2142.8018
109.5  2023.552
109.4  2122.5265
109.3  2137.625
109.2  1966.8054
109.1  2000.9783
109  1895.5742
108.9  2041.5139
108.8  2031.3121
108.7  2081.4182
108.6  1961.3907
108.5  2146.3701
108.4  2083.7923
108.3  2143.1368
108.2  2066.6029
108.1  2052.9164
108  2101.7133
107.9  1972.3185
107.8  2052.2536
107.7  2140.8615
107.6  2180.2556
107.5  2110.8468
107.4  2104.6106
107.3  2033.3839
107.2  2184.394
107.1  2042.789
107  2185.3088
106.9  2106.4142
106.8  2137.6168
106.7  2398.532
106.6  2280.5331
106.5  2447.0113
106.4  2311.7685
106.3  2359.5452
106.2  2260.6646
106.1  2337.4709
106  2248.636
105.9  2336.5678
105.8  2522.4802
105.7  2426.3093
105.6  2399.6509
105.5  2689.994
105.4  2509.7972
105.3  2580.2598
105.2  2689.2433
105.1  2515.3887
105  2495.2062
104.9  2646.8488
104.8  2811.1903
104.7  2668.5494
104.6  2781.1873
104.5  2746.6254
104.4  2704.9509
104.3  2813.5292
104.2  2729.6679
104.1  2656.6677
104  2690.441
103.9  2598.5881
103.8  2582.0302
103.7  2393.5436
103.6  2503.2539
103.5  2494.7225
103.4  2522.4169
103.3  2523.1563
103.2  2328.1767
103.1  2283.376
103  2308.5696
102.9  2247.83
102.8  2220.9387
102.7  2101.4813
102.6  2155.4589
102.5  2280.7096
102.4  2262.4518
102.3  2257.249
102.2  2151.3469
102.1  2165.9059
102  2118.2575
101.9  1964.8751
101.8  2103.2106
101.7  2202.8877
101.6  2122.4463
101.5  1965.5804
101.4  1956.4595
101.3  2207.2445
101.2  1926.8037
101.1  1945.5952
101  2050.0251
100.9  1966.2236
100.8  2095.0268
100.7  2071.5839
100.6  2153.3695
100.5  2050.8817
100.4  2144.005
100.3  2053.6439
100.2  2065.645
100.1  2145.5078
100  2127.2503
99.9  1976.8732
99.8  1921.5383
99.7  2042.5178
99.6  2153.1921
99.5  2067.6159
99.4  2043.3117
99.3  2084.5309
99.2  2044.1118
99.1  2077.1188
99  2213.4638
98.9  2107.1651
98.8  2128.0227
98.7  1970.924
98.6  1894.6493
98.5  2055.4761
98.4  2094.2618
98.3  2030.1558
98.2  1970.6555
98.1  1982.5696
98  2047.7018
97.9  2116.5491
97.8  2111.15
97.7  2035.9715
97.6  2158.1462
97.5  2078.4653
97.4  2050.0976
97.3  2152.1448
97.2  2173.7218
97.1  2109.6897
97  1957.1482
96.9  2018.815
96.8  2160.5386
96.7  2079.0875
96.6  2124.2052
96.5  2144.0938
96.4  2080.1413
96.3  1981.3211
96.2  2099.9724
96.1  2127.0776
96  2220.1487
95.9  2153.2406
95.8  2181.9982
95.7  2089.6614
95.6  1997.6672
95.5  1937.9645
95.4  2131.3688
95.3  2171.9338
95.2  2211.9741
95.1  2078.8938
95  2078.6361
94.9  1976.7006
94.8  2004.659
94.7  2088.1852
94.6  2027.1436
94.5  2050.2488
94.4  1967.087
94.3  2147.3393
94.2  2126.2877
94.1  2107.1853
94  2052.4139
93.9  2084.0998
93.8  2267.2909
93.7  2172.2659
93.6  2007.6601
93.5  1994.754
93.4  2142.8046
93.3  1981.8039
93.2  2025.7177
93.1  1983.8783
93  2032.3698
92.9  2279.1541
92.8  1993.0795
92.7  1985.9643
92.6  2037.3265
92.5  2033.4682
92.4  1959.7939
92.3  1966.6255
92.2  2103.6051
92.1  2013.9731
92  2025.2933
91.9  2127.9215
91.8  1985.8518
91.7  1984.0865
91.6  1955.3091
91.5  2125.2701
91.4  1997.4702
91.3  2094.6624
91.2  2025.9274
91.1  2081.4698
91  1958.4687
90.9  2047.1064
90.8  1979.62
90.7  2014.3268
90.6  1983.7804
90.5  2089.4764
90.4  2113.2232
90.3  2080.9215
90.2  2067.8214
90.1  2027.0946
90  2028.0002
89.9  2051.818
89.8  2137.35
89.7  2142.0959
89.6  1928.6824
89.5  2004.0448
89.4  2074.799
89.3  1978.3399
89.2  1992.9398
89.1  1969.9473
89  1875.5396
88.9  1934.9387
88.8  1995.1969
88.7  2022.9227
88.6  2028.8042
88.5  2061.2056
88.4  2023.6333
88.3  1971.3375
88.2  2107.3652
88.1  2091.0903
88  2061.9596
87.9  2035.2774
87.8  2077.8004
87.7  2047.1142
87.6  2056.7942
87.5  2008.8112
87.4  1957.6067
87.3  2123.064
87.2  2129.5059
87.1  1891.3251
87  2005.4516
86.9  1963.8756
86.8  1941.7899
86.7  1956.6124
86.6  2111.8416
86.5  2119.1549
86.4  2002.3041
86.3  1971.2531
86.2  2073.7848
86.1  2029.4559
86  2009.857
85.9  1998.7286
85.8  1919.8718
85.7  2154.4002
85.6  2017.1424
85.5  1977.784
85.4  1938.28
85.3  1994.2826
85.2  1943.8232
85.1  1986.5327
85  1975.2448
84.9  2051.0234
84.8  2124.4702
84.7  2029.2782
84.6  1981.0024
84.5  2172.6491
84.4  2067.64
84.3  2043.5509
84.2  1958.7939
84.1  1864.7951
84  1974.4582
83.9  1997.2992
83.8  1938.5534
83.7  2063.2644
83.6  2009.1076
83.5  2114.6978
83.4  2083.2606
83.3  2081.9862
83.2  2004.0627
83.1  2056.5386
83  2009.0675
82.9  1984.3888
82.8  1895.0128
82.7  1961.9057
82.6  1994.8913
82.5  1952.1644
82.4  1940.1679
82.3  2025.8024
82.2  1936.498
82.1  2032.8067
82  2039.5487
81.9  1984.8165
81.8  2039.7421
81.7  1951.1278
81.6  1985.7724
81.5  1888.7354
81.4  1931.8371
81.3  2027.7109
81.2  1886.0623
81.1  1783.3516
81  2095.2189
80.9  2119.0273
80.8  2063.4999
80.7  1958.6469
80.6  1969.7586
80.5  2209.1077
80.4  1909.8735
80.3  1970.4955
80.2  1936.5006
80.1  2047.1523
80  2055.3632
79.9  2108.477
79.8  2009.2154
79.7  1987.7777
79.6  2069.9168
79.5  2066.1703
79.4  1986.2839
79.3  1863.9533
79.2  1926.3844
79.1  2073.5212
79  1978.1587
78.9  2024.2001
78.8  2045.0299
78.7  1967.098
78.6  2063.4939
78.5  1933.9464
78.4  1872.3149
78.3  1913.2785
78.2  1938.6659
78.1  2066.0799
78  1994.4953
77.9  1951.5641
77.8  2065.1813
77.7  2069.1383
77.6  1823.6066
77.5  2006.6518
77.4  2061.7995
77.3  2066.1465
77.2  2024.8279
77.1  2127.413
77  1999.0796
76.9  2120.0348
76.8  1985.9449
76.7  2057.9167
76.6  1995.3549
76.5  2055.9678
76.4  2102.8528
76.3  1912.3213
76.2  1971.6023
76.1  1951.5586
76  1949.018
75.9  1976.302
75.8  1994.2531
75.7  2012.6145
75.6  1927.7393
75.5  2034.2725
75.4  1826.9624
75.3  2033.9786
75.2  2094.9032
75.1  1865.2424
75  1970.2521
74.9  1959.6006
74.8  1917.8479
74.7  2028.0577
74.6  2018.8005
74.5  2021.9073
74.4  1941.1656
74.3  1976.1569
74.2  1906.2743
74.1  1929.7527
74  2032.8112
73.9  2010.6668
73.8  2027.4898
73.7  1944.3188
73.6  2103.6012
73.5  1908.9981
73.4  2019.1306
73.3  1971.5153
73.2  1962.3334
73.1  1930.9741
73  2041.7109
72.9  1980.9356
72.8  1992.6399
72.7  2096.8925
72.6  2008.4646
72.5  1976.9982
72.4  1915.439
72.3  1945.5582
72.2  1970.9747
72.1  2079.4689
72  1994.9054
71.9  1950.7835
71.8  2030.5598
71.7  1964.0663
71.6  1877.0045
71.5  2034.7309
71.4  1905.516
71.3  1929.416
71.2  1967.6763
71.1  1963.5856
71  1991.8757
70.9  1843.8041
70.8  2003.709
70.7  1987.5541
70.6  2009.0758
70.5  2044.4641
70.4  2000.5157
70.3  1952.1931
70.2  2062.6151
70.1  1998.3568
70  2064.1101
69.9  1955.6988
69.8  1936.4513
69.7  2018.9009
69.6  2015.6137
69.5  2007.7306
69.4  2116.7074
69.3  2040.5222
69.2  1980.8809
69.1  1991.0332
69  2109.5681
68.9  1875.8104
68.8  2089.9463
68.7  2057.0132
68.6  1967.7862
68.5  2073.7256
68.4  2030.5933
68.3  1974.2406
68.2  1838.2328
68.1  1979.991
68  1848.756
67.9  1935.8297
67.8  2030.7433
67.7  2009.4853
67.6  1934.3569
67.5  1957.7667
67.4  1847.4862
67.3  1988.0957
67.2  2083.5136
67.1  1988.8238
67  1971.2182
66.9  1972.3875
66.8  1935.7665
66.7  1996.6812
66.6  1958.7346
66.5  1863.5223
66.4  1838.2882
66.3  2022.053
66.2  2072.4227
66.1  2039.7029
66  1897.2895
65.9  1757.7304
65.8  1925.52
65.7  1996.4787
65.6  1920.604
65.5  1896.2399
65.4  1999.8463
65.3  2017.146
65.2  2019.2972
65.1  1983.2736
65  1844.9532
64.9  2037.5478
64.8  1964.0713
64.7  2027.4063
64.6  1902.5213
64.5  2001.9731
64.4  1938.5066
64.3  1939.357
64.2  1962.3446
64.1  2041.7222
64  1931.4728
63.9  1958.4769
63.8  1954.6718
63.7  1915.8643
63.6  1925.3861
63.5  1788.0258
63.4  1870.2159
63.3  1965.939
63.2  1898.3595
63.1  1918.1763
63  1930.2925
62.9  1963.6824
62.8  1885.7493
62.7  1915.1326
62.6  1972.3126
62.5  1847.9196
62.4  1879.8011
62.3  1937.8695
62.2  2031.0455
62.1  2004.2959
62  1897.3716
61.9  1985.7004
61.8  2013.0841
61.7  1942.9852
61.6  1979.2584
61.5  1897.964
61.4  1997.7049
61.3  1879.2976
61.2  2000.3589
61.1  2114.0425
61  2025.3172
60.9  1843.3453
60.8  1922.4514
60.7  1927.963
60.6  1834.3991
60.5  1866.2354
60.4  2054.371
60.3  1885.1971
60.2  1833.273
60.1  1996.4559
60  1968.6782
59.9  1932.9922
59.8  2013.5015
59.7  2010.9025
59.6  1840.5022
59.5  2041.194
59.4  1996.1223
59.3  1965.3738
59.2  1974.0558
59.1  1889.2683
59  1926.8719
58.9  2018.1303
58.8  2047.241
58.7  1939.9986
58.6  2021.3225
58.5  1999.3577
58.4  1983.1799
58.3  1825.2189
58.2  1822.2612
58.1  1864.0013
58  2004.4171
57.9  1976.865
57.8  1896.2922
57.7  1875.1929
57.6  2086.0363
57.5  1871.1633
57.4  2018.6612
57.3  2025.5973
57.2  1844.1625
57.1  1968.7348
57  1880.2697
56.9  2098.1047
56.8  1943.3934
56.7  1957.668
56.6  1854.2621
56.5  1988.528
56.4  1853.6456
56.3  2031.7069
56.2  2003.6915
56.1  1984.8522
56  1933.8638
55.9  2035.2478
55.8  2037.1987
55.7  2056.0516
55.6  1949.2136
55.5  1888.7806
55.4  2002.2704
55.3  2060.8397
55.2  2014.922
55.1  2079.0881
55  2046.6693
54.9  1964.7676
54.8  2036.5178
54.7  2182.8371
54.6  2143.575
54.5  2060.154
54.4  2098.6147
54.3  2020.3705
54.2  2081.2581
54.1  2102.1655
54  2105.9607
53.9  2083.2217
53.8  2115.3878
53.7  2014.1825
53.6  2019.394
53.5  2037.1095
53.4  1971.8412
53.3  2015.9253
53.2  2148.8086
53.1  2075.716
53  1890.6373
52.9  2045.3863
52.8  2074.0196
52.7  1961.2297
52.6  1919.6416
52.5  1946.7444
52.4  1951.9346
52.3  2133.2739
52.2  1950.4797
52.1  1884.6898
52  1955.2773
51.9  2075.603
51.8  1932.1305
51.7  1964.9655
51.6  1939.8617
51.5  1863.8432
51.4  1984.5636
51.3  1878.6633
51.2  1822.7375
51.1  1941.6755
51  1914.4381
50.9  1922.9589
50.8  1968.9451
50.7  2013.5744
50.6  1967.9503
50.5  1807.3778
50.4  1975.9418
50.3  1937.453
50.2  1746.1668
50.1  1957.25
50  1972.51

# Region:                       Ca 2p
# Spectrum ID:                  3
# Acquisition Date:             08/07/26 14:19:15 UTC
# Analysis Method:              XPS
# Analyzer:                     PHOIBOS MCD5 Analyzer
# Analyzer Lens:                LargeArea:1.5kV
# Analyzer Slit:                5:7x20\B:open
# Scan Mode:                    FixedAnalyzerTransmission
# Curves/Scan:                  1
# Values/Curve:                 371
# Dwell Time:                   0.1
# Excitation Energy:            1253.64
# Binding Energy:               366
# Pass Energy:                  50
# Bias Voltage:                 90
# Detector Voltage:             3000
# Eff. Workfunction:            4.543
# Source:                       X-Ray Dummy
# Comment:                      
#
# Cycle: 0
# Number of Scans: 5
#
# Cycle: 0, Curve: 0
# Acquisition Date:             08/07/26 14:19:15 UTC
#
# ColumnLabels:                 energy counts/s
#
366  9290.7235
365.9  9505.2695
365.8  9475.7544
365.7  9536.4051
365.6  9447.8797
365.5  9378.2972
365.4  9468.5539
365.3  9729.3156
365.2  9447.6289
365.1  9384.2716
365  9407.2079
364.9  9337.9598
364.8  9381.0958
364.7  9429.0394
364.6  9464.6417
364.5  9593.8351
364.4  9460.6428
364.3  9363.1951
364.2  9476.4452
364.1  9540.7232
364  9512.8974
363.9  9469.8261
363.8  9418.3214
363.7  9642.7716
363.6  9384.4437
363.5  9453.1124
363.4  9491.6649
363.3  9429.4104
363.2  9581.1588
363.1  9437.823
363  9428.0872
362.9  9428.5241
362.8  9290.7636
362.7  9488.6002
362.6  9168.282
362.5  9576.8682
362.4  9461.4351
362.3  9518.2076
362.2  9315.4521
362.1  9387.5656
362  9457.4664
361.9  9307.7426
361.8  9463.7382
361.7  9297.5927
361.6  9480.1862
361.5  9375.4159
361.4  9471.1161
361.3  9535.0029
361.2  9607.8226
361.1  9470.7183
361  9181.2873
360.9  9463.2274
360.8  9541.4774
360.7  9312.2345
360.6  9345.7863
360.5  9255.969
360.4  9273.9116
360.3  9304.9132
360.2  9568.4522
360.1  9453.6016
360  9370.8057
359.9  9555.0701
359.8  9166.3611
359.7  9264.8084
359.6  9410.7443
359.5  9461.118
359.4  9389.8483
359.3  9491.6763
359.2  9614.9159
359.1  9511.101
359  9220.5392
358.9  9381.9018
358.8  9551.5667
358.7  9574.7354
358.6  9377.3559
358.5  9432.7947
358.4  9524.6565
358.3  9400.3386
358.2  9420.3762
358.1  9370.1298
358  9342.3266
357.9  9483.2958
357.8  9509.1582
357.7  9423.601
357.6  9256.7121
357.5  9612.7542
357.4  9318.307
357.3  9477.9935
357.2  9592.9268
357.1  9592.1574
357  9203.8215
356.9  9654.385
356.8  9590.8695
356.7  9610.2423
356.6  9257.1566
356.5  9553.2995
356.4  9532.2624
356.3  9676.7948
356.2  9489.4453
356.1  9389.0664
356  9468.3637
355.9  9554.3144
355.8  9556.4583
355.7  9565.7951
355.6  9556.0207
355.5  9613.2639
355.4  9667.8555
355.3  9607
355.2  9515.3642
355.1  9582.1377
355  9737.1267
354.9  9578.8953
354.8  9864.9151
354.7  9603.504
354.6  9777.1126
354.5  9842.5121
354.4  9629.9665
354.3  10042.374
354.2  10190.665
354.1  10078.8
354  9909.0122
353.9  10033.86
353.8  10221.715
353.7  10253.29
353.6  10044.431
353.5  10065.78
353.4  10172.305
353.3  10222.931
353.2  10216.543
353.1  10301.674
353  10252.816
352.9  10358.418
352.8  10433.462
352.7  10003.259
352.6  10034.103
352.5  10008.522
352.4  10077.433
352.3  10019.213
352.2  10006.588
352.1  10247.184
352  10176.753
351.9  10067.772
351.8  9966.5994
351.7  9945.7477
351.6  10164.274
351.5  10071.617
351.4  10055.724
351.3  10126.012
351.2  10232.787
351.1  10327.288
351  10354.361
350.9  10637.389
350.8  10477.255
350.7  10691.502
350.6  10638.611
350.5  10708.797
350.4  10695.687
350.3  10571.222
350.2  10885.128
350.1  10730.866
350  10716.511
349.9  10912.833
349.8  11096.308
349.7  11021.786
349.6  10767.25
349.5  11018.817
349.4  10968.273
349.3  10886.291
349.2  10726.032
349.1  10758.185
349  10445.086
348.9  10497.623
348.8  10527.868
348.7  10300.656
348.6  9991.4141
348.5  10343.963
348.4  10291.065
348.3  10040.894
348.2  9898.6596
348.1  9815.6196
348  9866.004
347.9  9679.0461
347.8  9594.134
347.7  9700.2496
347.6  9543.6887
347.5  9625.3142
347.4  9651.5519
347.3  9536.7385
347.2  9436.2876
347.1  9434.9936
347  9561.9294
346.9  9302.8423
346.8  9422.6577
346.7  9335.5195
346.6  9359.8119
346.5  9453.9391
346.4  9366.8501
346.3  9321.3989
346.2  9502.4534
346.1  9280.5145
346  9288.8773
345.9  9426.2221
345.8  9267.3809
345.7  9269.9436
345.6  9338.811
345.5  9441.8938
345.4  9520.0653
345.3  9587.054
345.2  9562.9204
345.1  9700.6643
345  9325.242
344.9  9294.9222
344.8  9371.9665
344.7  9304.8807
344.6  9155.6661
344.5  9361.5492
344.4  9462.9898
344.3  9364.1896
344.2  9240.7362
344.1  9206.9093
344  9608.2117
343.9  9540.9854
343.8  9661.3988
343.7  9595.6824
343.6  9415.9576
343.5  9379.4463
343.4  9403.1363
343.3  9544.9631
343.2  9602.312
343.1  9445.4427
343  9544.1433
342.9  9405.1278
342.8  9674.6128
342.7  9442.9469
342.6  9320.3517
342.5  9360.5826
342.4  9348.7388
342.3  9204.9626
342.2  9221.1866
342.1  9333.6731
342  9615.8464
341.9  9422.9713
341.8  9297.2478
341.7  9271.3853
341.6  9500.8706
341.5  9526.1356
341.4  9331.9316
341.3  9441.9395
341.2  9494.7433
341.1  9484.5155
341  9540.596
340.9  9468.5134
340.8  9434.4044
340.7  9488.6022
340.6  9276.2807
340.5  9345.8526
340.4  9503.5568
340.3  9762.125
340.2  9518.0564
340.1  9457.8408
340  9485.029
339.9  9593.4693
339.8  9370.6977
339.7  9234.376
339.6  9468.1084
339.5  9453.3629
339.4  9266.4741
339.3  9631.4892
339.2  9468.6236
339.1  9477.7587
339  9514.8914
338.9  9372.8339
338.8  9404.1564
338.7  9465.9298
338.6  9541.2537
338.5  9432.3749
338.4  9532.5103
338.3  9467.1031
338.2  9295.0034
338.1  9246.1167
338  9333.8805
337.9  9150.9933
337.8  9445.6608
337.7  9264.7154
337.6  9323.3458
337.5  9255.8328
337.4  9278.8335
337.3  9310.6734
337.2  9471.5169
337.1  9248.3889
337  9252.7714
336.9  9154.9385
336.8  9389.4173
336.7  9287.1987
336.6  9316.8162
336.5  9414.8398
336.4  9244.7371
336.3  9309.817
336.2  9472.9701
336.1  9366.8958
336  9199.0454
335.9  9325.1256
335.8  9419.7091
335.7  9298.6046
335.6  9323.9037
335.5  9390.838
335.4  9443.4795
335.3  9456.8299
335.2  9170.5629
335.1  9229.3514
335  9517.9227
334.9  9209.5407
334.8  8982.8464
334.7  9263.1178
334.6  9357.0674
334.5  9410.9573
334.4  9432.892
334.3  9374.8619
334.2  9231.4064
334.1  9228.4876
334  9338.9803
333.9  9203.0944
333.8  9411.0757
333.7  9429.6482
333.6  9448.7842
333.5  9373.2569
333.4  9303.6573
333.3  9435.0995
333.2  9232.5841
333.1  9151.8625
333  9347.9038
332.9  9566.6593
332.8  9345.9402
332.7  9247.0243
332.6  9332.1061
332.5  9344.6371
332.4  9064.3528
332.3  9265.6351
332.2  9287.746
332.1  9166.3764
332  9550.1841
331.9  9504.6457
331.8  9205.5451
331.7  9482.1723
331.6  9309.7702
331.5  9145.9367
331.4  9310.4422
331.3  9301.0661
331.2  9038.2733
331.1  9270.4266
331  9188.2409
330.9  9420.7544
330.8  9329.2017
330.7  9195.5526
330.6  9274.8168
330.5  9264.1318
330.4  9422
330.3  9207.8863
330.2  9117.5503
330.1  9470.0774
330  9462.6532
329.9  9337.0582
329.8  9532.9128
329.7  9505.1378
329.6  9347.5064
329.5  9109.415
329.4  9191.6328
329.3  9099.8289
329.2  9206.8555
329.1  9355.5001
329  9428.6864

# Operation:                    Multi Peak Fit
# Parameter: "Peak Function" = Voigt
# Parameter: "Background Function" = Shirley
# Parameter: "Baseline" = Constant
# Parameter: "LM Parameters/Max Iterations" = 200
# Parameter: "LM Parameters/Tolerance" = 2.2204459999999999e-16
# Parameter: "Baseline/BL_I/Value" = nan counts
# Parameter: "Peak 1/C/Value" = nan eV
# Parameter: "Peak 1/A/Value" = nan counts eV
# Parameter: "Peak 1/FL/Value" = nan eV
# Parameter: "Peak 1/FG/Value" = nan eV
# Parameter: "Peak 1/a/Value" = 0
# Parameter: "Peak 1/a/Constraint" = Fixed: 0
# Parameter: "Peak 1/k/Value" = nan [1/eV]
# Parameter: "Peak 2/C/Value" = nan eV
# Parameter: "Peak 2/A/Value" = nan counts eV
# Parameter: "Peak 2/FL/Value" = nan eV
# Parameter: "Peak 2/FG/Value" = nan eV
# Parameter: "Peak 2/a/Value" = 0
# Parameter: "Peak 2/a/Constraint" = Fixed: 0
# Parameter: "Peak 2/k/Value" = nan [1/eV]
#
# Result:
# Number of Results:            5
# Parameter: "Baseline/BL_I/Value" = 4677.0600515228043 counts +- 6.165392814693532
# Parameter: "Peak 1/C/Value" = 903.87403142976586 eV +- 0.046339224919232015
# Parameter: "Peak 1/C/Constraint" = Restricted: 887.64 .. 924.64
# Parameter: "Peak 1/Relative Area/Value" = 59.749634045675151 %
# Parameter: "Peak 1/A/Value" = 2200.8511355764103 counts eV +- 241.05796117147159
# Parameter: "Peak 1/FL/Value" = 0.34042127805389583 eV +- 0.50778761468827704
# Parameter: "Peak 1/FG/Value" = 2.4081316560304469 eV +- 0.32254176630271536
# Parameter: "Peak 1/F/Value" = 2.5953269103707912 eV
# Parameter: "Peak 1/a/Value" = 0 +- 0
# Parameter: "Peak 1/a/Constraint" = Fixed: 0
# Parameter: "Peak 1/k/Value" = 0 [1/eV] +- 0
# Parameter: "Peak 2/C/Value" = 900.45179280238995 eV +- 0.091906171872516679
# Parameter: "Peak 2/C/Constraint" = Restricted: 887.64 .. 924.64
# Parameter: "Peak 2/Relative Area/Value" = 40.250365954324856 %
# Parameter: "Peak 2/A/Value" = 1482.6042875881678 counts eV +- 289.55855038482053
# Parameter: "Peak 2/FL/Value" = 1.7334252428391395 eV +- 0.95534737342541431
# Parameter: "Peak 2/FG/Value" = 1.4831131956252579 eV +- 0.89588835032045855
# Parameter: "Peak 2/F/Value" = 2.6150163900173617 eV
# Parameter: "Peak 2/a/Value" = 0 +- 0
# Parameter: "Peak 2/a/Constraint" = Fixed: 0
# Parameter: "Peak 2/k/Value" = 0.02190122714534181 [1/eV] +- 0.010259401750468466
# Parameter: "Fit Result/ChiSquare" = 296.62922891950973
# Parameter: "Fit Result/Reduced ChiSquare" = 0.82626526161423319
# Parameter: "Fit Result/Abbe Factor" = 0.79596280367765937
# Parameter: "Fit Result/Q-Probability" = 0.99291165872437781
# Parameter: "Termination State" = ConvergedInParameter
#
# Result Name:                  Background
# Number of Curves:             1
#
# Curve:                        0
# Values/Curve:                 287
#
366  9416.9161
365.87063  9416.9017
365.74126  9416.8869
365.61189  9416.8719
365.48252  9416.8565
365.35315  9416.8408
365.22378  9416.8247
365.09441  9416.8083
364.96503  9416.7916
364.83566  9416.7744
364.70629  9416.7569
364.57692  9416.739
364.44755  9416.7206
364.31818  9416.7018
364.18881  9416.6826
364.05944  9416.6629
363.93007  9416.6428
363.8007  9416.6221
363.67133  9416.6009
363.54196  9416.5792
363.41259  9416.557
363.28322  9416.5341
363.15385  9416.5107
363.02448  9416.4866
362.8951  9416.4619
362.76573  9416.4365
362.63636  9416.4104
362.50699  9416.3836
362.37762  9416.356
362.24825  9416.3276
362.11888  9416.2984
361.98951  9416.2683
361.86014  9416.2373
361.73077  9416.2053
361.6014  9416.1724
361.47203  9416.1384
361.34266  9416.1033
361.21329  9416.0671
361.08392  9416.0296
360.95455  9415.9909
360.82517  9415.9509
360.6958  9415.9094
360.56643  9415.8665
360.43706  9415.8221
360.30769  9415.7759
360.17832  9415.7281
360.04895  9415.6784
359.91958  9415.6267
359.79021  9415.573
359.66084  9415.5171
359.53147  9415.4589
359.4021  9415.3982
359.27273  9415.3348
359.14336  9415.2687
359.01399  9415.1995
358.88462  9415.1271
358.75524  9415.0513
358.62587  9414.9717
358.4965  9414.8882
358.36713  9414.8004
358.23776  9414.7079
358.10839  9414.6105
357.97902  9414.5076
357.84965  9414.3988
357.72028  9414.2836
357.59091  9414.1613
357.46154  9414.0314
357.33217  9413.8931
357.2028  9413.7455
357.07343  9413.5876
356.94406  9413.4184
356.81469  9413.2365
356.68531  9413.0405
356.55594  9412.8287
356.42657  9412.5991
356.2972  9412.3493
356.16783  9412.0767
356.03846  9411.778
355.90909  9411.4494
355.77972  9411.0865
355.65035  9410.6839
355.52098  9410.2354
355.39161  9409.7337
355.26224  9409.1703
355.13287  9408.5357
355.0035  9407.8189
354.87413  9407.0081
354.74476  9406.0907
354.61538  9405.0542
354.48601  9403.8863
354.35664  9402.5764
354.22727  9401.1165
354.0979  9399.5027
353.96853  9397.7359
353.83916  9395.8232
353.70979  9393.7782
353.58042  9391.6213
353.45105  9389.3791
353.32168  9387.0829
353.19231  9384.7677
353.06294  9382.4693
352.93357  9380.2227
352.8042  9378.0596
352.67483  9376.0068
352.54545  9374.0852
352.41608  9372.3089
352.28671  9370.6853
352.15734  9369.2158
352.02797  9367.8965
351.8986  9366.7199
351.76923  9365.6754
351.63986  9364.7509
351.51049  9363.9337
351.38112  9363.2113
351.25175  9362.5718
351.12238  9362.0042
350.99301  9361.4988
350.86364  9361.0472
350.73427  9360.6419
350.6049  9360.2766
350.47552  9359.946
350.34615  9359.6455
350.21678  9359.3713
350.08741  9359.1202
349.95804  9358.8894
349.82867  9358.6765
349.6993  9358.4796
349.56993  9358.2969
349.44056  9358.1269
349.31119  9357.9683
349.18182  9357.8201
349.05245  9357.6812
348.92308  9357.5507
348.79371  9357.428
348.66434  9357.3124
348.53497  9357.2032
348.40559  9357.1
348.27622  9357.0022
348.14685  9356.9094
348.01748  9356.8213
347.88811  9356.7375
347.75874  9356.6578
347.62937  9356.5817
347.5  9356.5091
347.37063  9356.4397
347.24126  9356.3734
347.11189  9356.3099
346.98252  9356.249
346.85315  9356.1906
346.72378  9356.1346
346.59441  9356.0807
346.46503  9356.0289
346.33566  9355.9791
346.20629  9355.9311
346.07692  9355.8849
345.94755  9355.8403
345.81818  9355.7973
345.68881  9355.7558
345.55944  9355.7157
345.43007  9355.6769
345.3007  9355.6393
345.17133  9355.603
345.04196  9355.5679
344.91259  9355.5338
344.78322  9355.5008
344.65385  9355.4688
344.52448  9355.4377
344.3951  9355.4076
344.26573  9355.3783
344.13636  9355.3499
344.00699  9355.3222
343.87762  9355.2954
343.74825  9355.2692
343.61888  9355.2438
343.48951  9355.219
343.36014  9355.1949
343.23077  9355.1714
343.1014  9355.1486
342.97203  9355.1263
342.84266  9355.1045
342.71329  9355.0833
342.58392  9355.0626
342.45455  9355.0424
342.32517  9355.0227
342.1958  9355.0035
342.06643  9354.9847
341.93706  9354.9663
341.80769  9354.9483
341.67832  9354.9308
341.54895  9354.9136
341.41958  9354.8968
341.29021  9354.8804
341.16084  9354.8643
341.03147  9354.8486
340.9021  9354.8332
340.77273  9354.8181
340.64336  9354.8033
340.51399  9354.7889
340.38462  9354.7747
340.25524  9354.7608
340.12587  9354.7472
339.9965  9354.7338
339.86713  9354.7207
339.73776  9354.7079
339.60839  9354.6953
339.47902  9354.6829
339.34965  9354.6708
339.22028  9354.6589
339.09091  9354.6472
338.96154  9354.6357
338.83217  9354.6245
338.7028  9354.6134
338.57343  9354.6025
338.44406  9354.5918
338.31469  9354.5813
338.18531  9354.571
338.05594  9354.5609
337.92657  9354.5509
337.7972  9354.5411
337.66783  9354.5315
337.53846  9354.522
337.40909  9354.5127
337.27972  9354.5035
337.15035  9354.4945
337.02098  9354.4856
336.89161  9354.4768
336.76224  9354.4682
336.63287  9354.4598
336.5035  9354.4514
336.37413  9354.4432
336.24476  9354.4351
336.11538  9354.4272
335.98601  9354.4193
335.85664  9354.4116
335.72727  9354.404
335.5979  9354.3965
335.46853  9354.3891
335.33916  9354.3818
335.20979  9354.3746
335.08042  9354.3675
334.95105  9354.3606
334.82168  9354.3537
334.69231  9354.3469
334.56294  9354.3402
334.43357  9354.3336
334.3042  9354.3271
334.17483  9354.3207
334.04545  9354.3143
333.91608  9354.3081
333.78671  9354.3019
333.65734  9354.2958
333.52797  9354.2898
333.3986  9354.2839
333.26923  9354.2781
333.13986  9354.2723
333.01049  9354.2666
332.88112  9354.261
332.75175  9354.2554
332.62238  9354.2499
332.49301  9354.2445
332.36364  9354.2392
332.23427  9354.2339
332.1049  9354.2287
331.97552  9354.2235
331.84615  9354.2184
331.71678  9354.2134
331.58741  9354.2084
331.45804  9354.2035
331.32867  9354.1986
331.1993  9354.1938
331.06993  9354.1891
330.94056  9354.1844
330.81119  9354.1798
330.68182  9354.1752
330.55245  9354.1707
330.42308  9354.1662
330.29371  9354.1618
330.16434  9354.1574
330.03497  9354.1531
329.90559  9354.1488
329.77622  9354.1445
329.64685  9354.1404
329.51748  9354.1362
329.38811  9354.1321
329.25874  9354.1281
329.12937  9354.1241
329  9354.1201

# Result Name:                  Combined
# Number of Curves:             1
#
# Curve:                        0
# Values/Curve:                 287
#
366  9422.829
365.87063  9422.9323
365.74126  9423.0388
365.61189  9423.1488
365.48252  9423.2623
365.35315  9423.3795
365.22378  9423.5005
365.09441  9423.6257
364.96503  9423.755
364.83566  9423.8888
364.70629  9424.0271
364.57692  9424.1703
364.44755  9424.3186
364.31818  9424.4721
364.18881  9424.6311
364.05944  9424.796
363.93007  9424.9669
363.8007  9425.1442
363.67133  9425.3282
363.54196  9425.5193
363.41259  9425.7177
363.28322  9425.9239
363.15385  9426.1384
363.02448  9426.3614
362.8951  9426.5935
362.76573  9426.8352
362.63636  9427.087
362.50699  9427.3495
362.37762  9427.6233
362.24825  9427.909
362.11888  9428.2073
361.98951  9428.5191
361.86014  9428.845
361.73077  9429.186
361.6014  9429.543
361.47203  9429.917
361.34266  9430.3091
361.21329  9430.7206
361.08392  9431.1525
360.95455  9431.6065
360.82517  9432.0839
360.6958  9432.5864
360.56643  9433.1159
360.43706  9433.6741
360.30769  9434.2634
360.17832  9434.8859
360.04895  9435.5444
359.91958  9436.2415
359.79021  9436.9803
359.66084  9437.7643
359.53147  9438.5972
359.4021  9439.4832
359.27273  9440.4269
359.14336  9441.4334
359.01399  9442.5084
358.88462  9443.6583
358.75524  9444.8903
358.62587  9446.2123
358.4965  9447.6334
358.36713  9449.1637
358.23776  9450.8149
358.10839  9452.5999
357.97902  9454.5339
357.84965  9456.6338
357.72028  9458.9192
357.59091  9461.4129
357.46154  9464.141
357.33217  9467.134
357.2028  9470.4273
357.07343  9474.0626
356.94406  9478.089
356.81469  9482.5645
356.68531  9487.558
356.55594  9493.1518
356.42657  9499.4442
356.2972  9506.5532
356.16783  9514.6207
356.03846  9523.8167
355.90909  9534.3445
355.77972  9546.4456
355.65035  9560.4037
355.52098  9576.5463
355.39161  9595.2434
355.26224  9616.8988
355.13287  9641.933
355.0035  9670.7547
354.87413  9703.7179
354.74476  9741.0645
354.61538  9782.8544
354.48601  9828.8886
354.35664  9878.6343
354.22727  9931.1672
354.0979  9985.1441
353.96853  10038.824
353.83916  10090.143
353.70979  10136.858
353.58042  10176.733
353.45105  10207.764
353.32168  10228.41
353.19231  10237.794
353.06294  10235.841
352.93357  10223.339
352.8042  10201.9
352.67483  10173.845
352.54545  10142.012
352.41608  10109.53
352.28671  10079.59
352.15734  10055.228
352.02797  10039.145
351.8986  10033.582
351.76923  10040.222
351.63986  10060.144
351.51049  10093.785
351.38112  10140.934
351.25175  10200.727
351.12238  10271.657
350.99301  10351.605
350.86364  10437.884
350.73427  10527.326
350.6049  10616.395
350.47552  10701.34
350.34615  10778.381
350.21678  10843.91
350.08741  10894.702
349.95804  10928.117
349.82867  10942.262
349.6993  10936.116
349.56993  10909.592
349.44056  10863.529
349.31119  10799.626
349.18182  10720.308
349.05245  10628.55
348.92308  10527.675
348.79371  10421.132
348.66434  10312.298
348.53497  10204.286
348.40559  10099.812
348.27622  10001.09
348.14685  9909.7853
348.01748  9827.0068
347.88811  9753.342
347.75874  9688.9185
347.62937  9633.4844
347.5  9586.4988
347.37063  9547.2216
347.24126  9514.7962
347.11189  9488.32
346.98252  9466.9016
346.85315  9449.7011
346.72378  9435.958
346.59441  9425.0052
346.46503  9416.2741
346.33566  9409.2915
346.20629  9403.6725
346.07692  9399.1096
345.94755  9395.3616
345.81818  9392.2418
345.68881  9389.6075
345.55944  9387.3508
345.43007  9385.3903
345.3007  9383.6651
345.17133  9382.1292
345.04196  9380.7483
344.91259  9379.496
344.78322  9378.3524
344.65385  9377.3016
344.52448  9376.3313
344.3951  9375.4316
344.26573  9374.5943
344.13636  9373.8127
344.00699  9373.081
343.87762  9372.3944
343.74825  9371.7487
343.61888  9371.1403
343.48951  9370.5661
343.36014  9370.0232
343.23077  9369.5091
343.1014  9369.0216
342.97203  9368.5587
342.84266  9368.1186
342.71329  9367.6997
342.58392  9367.3005
342.45455  9366.9198
342.32517  9366.5563
342.1958  9366.2088
342.06643  9365.8765
341.93706  9365.5583
341.80769  9365.2534
341.67832  9364.961
341.54895  9364.6804
341.41958  9364.4109
341.29021  9364.1519
341.16084  9363.9029
341.03147  9363.6633
340.9021  9363.4325
340.77273  9363.2102
340.64336  9362.996
340.51399  9362.7893
340.38462  9362.5898
340.25524  9362.3972
340.12587  9362.2112
339.9965  9362.0314
339.86713  9361.8576
339.73776  9361.6894
339.60839  9361.5267
339.47902  9361.3691
339.34965  9361.2165
339.22028  9361.0686
339.09091  9360.9252
338.96154  9360.7862
338.83217  9360.6513
338.7028  9360.5204
338.57343  9360.3934
338.44406  9360.27
338.31469  9360.1501
338.18531  9360.0336
338.05594  9359.9204
337.92657  9359.8103
337.7972  9359.7032
337.66783  9359.599
337.53846  9359.4976
337.40909  9359.3988
337.27972  9359.3027
337.15035  9359.209
337.02098  9359.1178
336.89161  9359.0289
336.76224  9358.9422
336.63287  9358.8576
336.5035  9358.7752
336.37413  9358.6948
336.24476  9358.6163
336.11538  9358.5397
335.98601  9358.4649
335.85664  9358.3919
335.72727  9358.3206
335.5979  9358.251
335.46853  9358.1829
335.33916  9358.1164
335.20979  9358.0514
335.08042  9357.9879
334.95105  9357.9257
334.82168  9357.865
334.69231  9357.8055
334.56294  9357.7474
334.43357  9357.6904
334.3042  9357.6347
334.17483  9357.5802
334.04545  9357.5268
333.91608  9357.4745
333.78671  9357.4233
333.65734  9357.3732
333.52797  9357.324
333.3986  9357.2759
333.26923  9357.2287
333.13986  9357.1824
333.01049  9357.1371
332.88112  9357.0926
332.75175  9357.049
332.62238  9357.0062
332.49301  9356.9643
332.36364  9356.9232
332.23427  9356.8828
332.1049  9356.8432
331.97552  9356.8043
331.84615  9356.7661
331.71678  9356.7286
331.58741  9356.6919
331.45804  9356.6557
331.32867  9356.6203
331.1993  9356.5854
331.06993  9356.5512
330.94056  9356.5176
330.81119  9356.4845
330.68182  9356.4521
330.55245  9356.4201
330.42308  9356.3888
330.29371  9356.358
330.16434  9356.3276
330.03497  9356.2978
329.90559  9356.2685
329.77622  9356.2397
329.64685  9356.2114
329.51748  9356.1835
329.38811  9356.1561
329.25874  9356.1291
329.12937  9356.1026
329  9356.0764

# Result Name:                  Peak 1
# Number of Curves:             1
#
# Curve:                        0
# Values/Curve:                 287
#
366  9417.8319
365.87063  9417.8324
365.74126  9417.833
365.61189  9417.8337
365.48252  9417.8344
365.35315  9417.8352
365.22378  9417.8361
365.09441  9417.837
364.96503  9417.8381
364.83566  9417.8393
364.70629  9417.8405
364.57692  9417.8419
364.44755  9417.8434
364.31818  9417.8449
364.18881  9417.8466
364.05944  9417.8485
363.93007  9417.8504
363.8007  9417.8525
363.67133  9417.8547
363.54196  9417.857
363.41259  9417.8595
363.28322  9417.8622
363.15385  9417.865
363.02448  9417.868
362.8951  9417.8711
362.76573  9417.8745
362.63636  9417.878
362.50699  9417.8817
362.37762  9417.8857
362.24825  9417.8898
362.11888  9417.8942
361.98951  9417.8988
361.86014  9417.9037
361.73077  9417.9088
361.6014  9417.9142
361.47203  9417.9198
361.34266  9417.9257
361.21329  9417.932
361.08392  9417.9385
360.95455  9417.9454
360.82517  9417.9526
360.6958  9417.9601
360.56643  9417.968
360.43706  9417.9763
360.30769  9417.985
360.17832  9417.9941
360.04895  9418.0035
359.91958  9418.0135
359.79021  9418.0238
359.66084  9418.0346
359.53147  9418.0459
359.4021  9418.0577
359.27273  9418.07
359.14336  9418.0827
359.01399  9418.096
358.88462  9418.1098
358.75524  9418.1241
358.62587  9418.1389
358.4965  9418.1542
358.36713  9418.17
358.23776  9418.1863
358.10839  9418.203
357.97902  9418.2201
357.84965  9418.2375
357.72028  9418.2552
357.59091  9418.2731
357.46154  9418.2909
357.33217  9418.3087
357.2028  9418.3262
357.07343  9418.3431
356.94406  9418.359
356.81469  9418.3738
356.68531  9418.3867
356.55594  9418.3972
356.42657  9418.4046
356.2972  9418.4079
356.16783  9418.4059
356.03846  9418.3971
355.90909  9418.3797
355.77972  9418.3515
355.65035  9418.3099
355.52098  9418.2515
355.39161  9418.1726
355.26224  9418.0688
355.13287  9417.9356
355.0035  9417.7679
354.87413  9417.5613
354.74476  9417.3121
354.61538  9417.0193
354.48601  9416.6852
354.35664  9416.3183
354.22727  9415.9358
354.0979  9415.567
353.96853  9415.2575
353.83916  9415.0741
353.70979  9415.1108
353.58042  9415.4948
353.45105  9416.3943
353.32168  9418.0266
353.19231  9420.6668
353.06294  9424.6577
352.93357  9430.4184
352.8042  9438.4531
352.67483  9449.3565
352.54545  9463.815
352.41608  9482.6014
352.28671  9506.5594
352.15734  9536.5771
352.02797  9573.546
351.8986  9618.3053
351.76923  9671.5714
351.63986  9733.8562
351.51049  9805.3779
351.38112  9885.9715
351.25175  9975.0091
351.12238  10071.338
350.99301  10173.248
350.86364  10278.48
350.73427  10384.274
350.6049  10487.472
350.47552  10584.656
350.34615  10672.335
350.21678  10747.147
350.08741  10806.076
349.95804  10846.653
349.82867  10867.131
349.6993  10866.61
349.56993  10845.101
349.44056  10803.531
349.31119  10743.665
349.18182  10667.988
349.05245  10579.527
348.92308  10481.644
348.79371  10377.828
348.66434  10271.483
348.53497  10165.752
348.40559  10063.372
348.27622  9966.5765
348.14685  9877.0488
348.01748  9795.9131
347.88811  9723.7702
347.75874  9660.759
347.62937  9606.638
347.5  9560.8755
347.37063  9522.7395
347.24126  9491.3803
347.11189  9465.902
346.98252  9445.4187
346.85315  9429.096
346.72378  9416.1777
346.59441  9406.0011
346.46503  9398.0012
346.33566  9391.7083
346.20629  9386.7405
346.07692  9382.7933
345.94755  9379.6278
345.81818  9377.0599
345.68881  9374.949
345.55944  9373.1889
345.43007  9371.7001
345.3007  9370.4233
345.17133  9369.3143
345.04196  9368.3397
344.91259  9367.4749
344.78322  9366.7007
344.65385  9366.0026
344.52448  9365.3692
344.3951  9364.7915
344.26573  9364.2621
344.13636  9363.7753
344.00699  9363.3259
343.87762  9362.9098
343.74825  9362.5236
343.61888  9362.1642
343.48951  9361.8289
343.36014  9361.5155
343.23077  9361.222
343.1014  9360.9466
342.97203  9360.6878
342.84266  9360.4441
342.71329  9360.2144
342.58392  9359.9975
342.45455  9359.7924
342.32517  9359.5982
342.1958  9359.4142
342.06643  9359.2395
341.93706  9359.0736
341.80769  9358.9158
341.67832  9358.7655
341.54895  9358.6223
341.41958  9358.4857
341.29021  9358.3553
341.16084  9358.2307
341.03147  9358.1115
340.9021  9357.9974
340.77273  9357.8881
340.64336  9357.7833
340.51399  9357.6828
340.38462  9357.5863
340.25524  9357.4936
340.12587  9357.4044
339.9965  9357.3187
339.86713  9357.2362
339.73776  9357.1567
339.60839  9357.0801
339.47902  9357.0063
339.34965  9356.935
339.22028  9356.8662
339.09091  9356.7998
338.96154  9356.7356
338.83217  9356.6736
338.7028  9356.6136
338.57343  9356.5555
338.44406  9356.4993
338.31469  9356.4449
338.18531  9356.3922
338.05594  9356.341
337.92657  9356.2915
337.7972  9356.2434
337.66783  9356.1967
337.53846  9356.1514
337.40909  9356.1074
337.27972  9356.0647
337.15035  9356.0232
337.02098  9355.9828
336.89161  9355.9435
336.76224  9355.9053
336.63287  9355.8681
336.5035  9355.832
336.37413  9355.7967
336.24476  9355.7624
336.11538  9355.729
335.98601  9355.6964
335.85664  9355.6646
335.72727  9355.6336
335.5979  9355.6034
335.46853  9355.5739
335.33916  9355.5452
335.20979  9355.5171
335.08042  9355.4897
334.95105  9355.4629
334.82168  9355.4367
334.69231  9355.4112
334.56294  9355.3862
334.43357  9355.3618
334.3042  9355.3379
334.17483  9355.3146
334.04545  9355.2917
333.91608  9355.2694
333.78671  9355.2475
333.65734  9355.2261
333.52797  9355.2052
333.3986  9355.1847
333.26923  9355.1646
333.13986  9355.1449
333.01049  9355.1256
332.88112  9355.1068
332.75175  9355.0882
332.62238  9355.0701
332.49301  9355.0523
332.36364  9355.0349
332.23427  9355.0178
332.1049  9355.001
331.97552  9354.9845
331.84615  9354.9684
331.71678  9354.9525
331.58741  9354.937
331.45804  9354.9217
331.32867  9354.9067
331.1993  9354.892
331.06993  9354.8775
330.94056  9354.8633
330.81119  9354.8494
330.68182  9354.8357
330.55245  9354.8222
330.42308  9354.809
330.29371  9354.796
330.16434  9354.7832
330.03497  9354.7706
329.90559  9354.7582
329.77622  9354.7461
329.64685  9354.7341
329.51748  9354.7224
329.38811  9354.7108
329.25874  9354.6994
329.12937  9354.6882
329  9354.6772

# Result Name:                  Peak 2
# Number of Curves:             1
#
# Curve:                        0
# Values/Curve:                 287
#
366  9421.9132
365.87063  9422.0015
365.74126  9422.0927
365.61189  9422.187
365.48252  9422.2844
365.35315  9422.3851
365.22378  9422.4892
365.09441  9422.5969
364.96503  9422.7085
364.83566  9422.8239
364.70629  9422.9435
364.57692  9423.0674
364.44755  9423.1958
364.31818  9423.329
364.18881  9423.4671
364.05944  9423.6105
363.93007  9423.7593
363.8007  9423.9139
363.67133  9424.0745
363.54196  9424.2415
363.41259  9424.4152
363.28322  9424.5959
363.15385  9424.784
363.02448  9424.98
362.8951  9425.1843
362.76573  9425.3972
362.63636  9425.6194
362.50699  9425.8513
362.37762  9426.0936
362.24825  9426.3467
362.11888  9426.6115
361.98951  9426.8885
361.86014  9427.1786
361.73077  9427.4825
361.6014  9427.8012
361.47203  9428.1356
361.34266  9428.4867
361.21329  9428.8557
361.08392  9429.2437
360.95455  9429.652
360.82517  9430.0822
360.6958  9430.5358
360.56643  9431.0144
360.43706  9431.5199
360.30769  9432.0543
360.17832  9432.62
360.04895  9433.2192
359.91958  9433.8547
359.79021  9434.5295
359.66084  9435.2468
359.53147  9436.0102
359.4021  9436.8237
359.27273  9437.6918
359.14336  9438.6194
359.01399  9439.6119
358.88462  9440.6757
358.75524  9441.8175
358.62587  9443.0451
358.4965  9444.3674
358.36713  9445.7941
358.23776  9447.3365
358.10839  9449.0074
357.97902  9450.8214
357.84965  9452.795
357.72028  9454.9476
357.59091  9457.3012
357.46154  9459.8815
357.33217  9462.7184
357.2028  9465.8466
357.07343  9469.3072
356.94406  9473.1483
356.81469  9477.4272
356.68531  9482.2118
356.55594  9487.5832
356.42657  9493.6386
356.2972  9500.4947
356.16783  9508.2916
356.03846  9517.1976
355.90909  9527.4142
355.77972  9539.1806
355.65035  9552.7777
355.52098  9568.5303
355.39161  9586.8046
355.26224  9608.0003
355.13287  9632.533
355.0035  9660.8056
354.87413  9693.1647
354.74476  9729.8431
354.61538  9770.8893
354.48601  9816.0896
354.35664  9864.8923
354.22727  9916.3479
354.0979  9969.0798
353.96853  10021.302
353.83916  10070.892
353.70979  10115.526
353.58042  10152.859
353.45105  10180.748
353.32168  10197.466
353.19231  10201.895
353.06294  10193.653
352.93357  10173.143
352.8042  10141.507
352.67483  10100.495
352.54545  10052.282
352.41608  9999.2376
352.28671  9943.7163
352.15734  9887.8665
352.02797  9833.4959
351.8986  9781.9966
351.76923  9734.3265
351.63986  9691.0383
351.51049  9652.3405
351.38112  9618.1734
351.25175  9588.2892
351.12238  9562.3239
350.99301  9539.8561
350.86364  9520.4517
350.73427  9503.6936
350.6049  9489.1993
350.47552  9476.6298
350.34615  9465.6914
350.21678  9456.134
350.08741  9447.7468
349.95804  9440.3537
349.82867  9433.8075
349.6993  9427.986
349.56993  9422.7871
349.44056  9418.1256
349.31119  9413.9299
349.18182  9410.1399
349.05245  9406.7048
348.92308  9403.5812
348.79371  9400.7325
348.66434  9398.127
348.53497  9395.7375
348.40559  9393.5407
348.27622  9391.5161
348.14685  9389.646
348.01748  9387.915
347.88811  9386.3094
347.75874  9384.8172
347.62937  9383.428
347.5  9382.1323
347.37063  9380.9219
347.24126  9379.7893
347.11189  9378.7279
346.98252  9377.7318
346.85315  9376.7957
346.72378  9375.9148
346.59441  9375.0849
346.46503  9374.3019
346.33566  9373.5623
346.20629  9372.8631
346.07692  9372.2012
345.94755  9371.574
345.81818  9370.9792
345.68881  9370.4144
345.55944  9369.8776
345.43007  9369.3671
345.3007  9368.8811
345.17133  9368.418
345.04196  9367.9764
344.91259  9367.555
344.78322  9367.1525
344.65385  9366.7678
344.52448  9366.3999
344.3951  9366.0478
344.26573  9365.7105
344.13636  9365.3873
344.00699  9365.0773
343.87762  9364.7799
343.74825  9364.4943
343.61888  9364.2199
343.48951  9363.9562
343.36014  9363.7026
343.23077  9363.4585
343.1014  9363.2235
342.97203  9362.9971
342.84266  9362.779
342.71329  9362.5686
342.58392  9362.3657
342.45455  9362.1699
342.32517  9361.9808
342.1958  9361.7981
342.06643  9361.6216
341.93706  9361.451
341.80769  9361.2859
341.67832  9361.1262
341.54895  9360.9717
341.41958  9360.822
341.29021  9360.677
341.16084  9360.5365
341.03147  9360.4004
340.9021  9360.2683
340.77273  9360.1403
340.64336  9360.016
340.51399  9359.8954
340.38462  9359.7782
340.25524  9359.6645
340.12587  9359.554
339.9965  9359.4465
339.86713  9359.3421
339.73776  9359.2406
339.60839  9359.1419
339.47902  9359.0458
339.34965  9358.9523
339.22028  9358.8612
339.09091  9358.7726
338.96154  9358.6863
338.83217  9358.6022
338.7028  9358.5202
338.57343  9358.4404
338.44406  9358.3625
338.31469  9358.2865
338.18531  9358.2125
338.05594  9358.1402
337.92657  9358.0697
337.7972  9358.0009
337.66783  9357.9337
337.53846  9357.8681
337.40909  9357.804
337.27972  9357.7415
337.15035  9357.6803
337.02098  9357.6206
336.89161  9357.5622
336.76224  9357.5051
336.63287  9357.4493
336.5035  9357.3947
336.37413  9357.3413
336.24476  9357.289
336.11538  9357.2379
335.98601  9357.1879
335.85664  9357.1389
335.72727  9357.091
335.5979  9357.044
335.46853  9356.9981
335.33916  9356.9531
335.20979  9356.909
335.08042  9356.8657
334.95105  9356.8234
334.82168  9356.7819
334.69231  9356.7412
334.56294  9356.7013
334.43357  9356.6622
334.3042  9356.6239
334.17483  9356.5863
334.04545  9356.5494
333.91608  9356.5132
333.78671  9356.4777
333.65734  9356.4429
333.52797  9356.4087
333.3986  9356.3751
333.26923  9356.3421
333.13986  9356.3098
333.01049  9356.278
332.88112  9356.2468
332.75175  9356.2162
332.62238  9356.1861
332.49301  9356.1565
332.36364  9356.1274
332.23427  9356.0989
332.1049  9356.0708
331.97552  9356.0433
331.84615  9356.0161
331.71678  9355.9895
331.58741  9355.9633
331.45804  9355.9375
331.32867  9355.9122
331.1993  9355.8873
331.06993  9355.8628
330.94056  9355.8386
330.81119  9355.8149
330.68182  9355.7916
330.55245  9355.7686
330.42308  9355.746
330.29371  9355.7238
330.16434  9355.7019
330.03497  9355.6803
329.90559  9355.6591
329.77622  9355.6382
329.64685  9355.6176
329.51748  9355.5974
329.38811  9355.5774
329.25874  9355.5578
329.12937  9355.5384
329  9355.5194

# Result Name:                  Residuum
# Number of Curves:             1
#
# Curve:                        0
# Values/Curve:                 371
#
366  -132.10669
365.9  82.359762
365.8  52.763139
365.7  113.33033
365.6  24.719421
365.5  -44.950796
365.4  45.215971
365.3  305.88555
365.2  24.104284
365.1  -39.350008
365  -16.513137
364.9  -85.863401
364.8  -42.8322
364.7  5.0038406
364.6  40.495734
364.5  169.57565
364.4  36.266728
364.3  -61.3007
364.2  51.826324
364.1  115.9778
364  88.021837
363.9  44.816673
363.8  -6.8257173
363.7  217.48282
363.6  -40.991015
363.5  27.527549
363.4  65.925321
363.3  3.5114514
363.2  155.09566
363.1  11.590605
363  1.6803118
362.9  1.9371348
362.8  -136.00909
362.7  61.635886
362.6  -258.8802
362.5  149.50159
362.4  33.857299
362.3  90.411628
362.2  -112.56945
362.1  -40.689302
362  28.970112
361.9  -121.0035
361.8  34.733415
361.7  -131.67994
361.6  50.635938
361.5  -54.422206
361.4  40.979513
361.3  104.55667
361.2  177.05494
361.1  39.616797
361  -250.16102
360.9  31.418562
360.8  109.29355
360.7  -120.3395
360.6  -87.193908
360.5  -177.43437
360.4  -159.93279
360.3  -129.39109
360.2  133.66797
360.1  18.316353
360  -65.00307
359.9  118.71407
359.8  -270.56745
359.7  -172.71953
359.6  -27.411503
359.5  22.303994
359.4  -49.656326
359.3  51.446581
359.2  173.92421
359.1  69.308002
359  -222.09732
358.9  -61.623475
358.8  107.10427
358.7  129.28364
358.6  -69.141137
358.5  -14.807999
358.4  75.883044
358.3  -49.676051
358.2  -30.955586
358.1  -82.601699
358  -111.8942
357.9  27.488397
357.8  51.658001
357.7  -35.707709
357.6  -204.53191
357.5  149.43614
357.4  -147.23769
357.3  10.054441
357.2  122.40801
357.1  118.85405
357  -272.49344
356.9  174.80592
356.8  107.74484
356.7  123.25755
356.6  -234.04061
356.5  57.493835
356.4  31.402144
356.3  170.37632
356.2  -23.101793
356.1  -130.25608
356  -58.469016
355.9  19.135809
355.8  11.983271
355.7  10.942987
355.6  -10.435083
355.5  33.816339
355.4  73.852148
355.3  -3.3108294
355.2  -113.20002
355.1  -66.819755
355  65.452888
354.9  -117.97743
354.8  140.24186
354.7  -151.63088
354.6  -11.124082
354.5  18.656746
354.4  -231.77888
354.3  140.85212
354.2  248.01202
354.1  94.345996
354  -117.08944
353.9  -32.797139
353.8  116.61467
353.7  112.9113
353.6  -127.03533
353.5  -131.64677
353.4  -45.170076
353.3  -8.1113895
353.2  -21.276045
353.1  63.884238
353  21.564423
352.9  139.61603
352.8  232.14051
352.7  -176.66695
352.6  -121.81369
352.5  -122.19388
352.4  -28.365904
352.3  -63.425229
352.2  -56.049216
352.1  200.09723
352  139.62825
351.9  34.063968
351.8  -70.987151
351.7  -103.547
351.6  95.133894
351.5  -25.582978
351.4  -77.592599
351.3  -51.089533
351.2  4.8532117
351.1  42.318417
351  7.2105601
350.9  224.1697
350.8  -4.4890197
350.7  140.35395
350.6  18.863449
350.5  22.998276
350.4  -51.860575
350.3  -232.06672
350.2  33.705264
350.1  -159.64827
350  -202.83151
349.9  -24.119529
349.8  153.61778
349.7  85.559814
349.6  -150.31568
349.5  131.76797
349.4  122.9412
349.3  92.937739
349.2  -6.2639839
349.1  94.651241
349  -143.48822
348.9  -11.376238
348.8  101.45949
348.7  -41.700899
348.6  -266.89889
348.5  168.35241
348.4  195.64341
348.3  22.163831
348.2  -47.663926
348.1  -63.169917
348  49.482415
347.9  -80.687445
347.8  -114.34403
347.7  37.580331
347.6  -78.419301
347.5  38.807768
347.4  96.039009
347.3  8.0041892
347.2  -69.468811
347.1  -51.167062
347  92.391352
346.9  -152.65704
346.8  -21.025321
346.7  -98.240219
346.6  -65.622837
346.5  35.490353
346.4  -45.726612
346.3  -86.226955
346.2  99.020203
346.1  -119.34791
346  -107.92323
345.9  32.067401
345.8  -124.46854
345.7  -119.87978
345.6  -49.216181
345.5  55.472482
345.4  135.09122
345.3  203.39396
345.2  180.46163
345.1  319.31028
345  -55.090584
344.9  -84.461384
344.8  -6.5319276
344.7  -72.789146
344.6  -221.22555
344.5  -14.609825
344.4  87.522357
344.3  -10.623669
344.2  -133.45713
344.1  -166.6956
344  235.16632
343.9  168.47271
343.8  289.39397
343.7  224.16231
343.6  44.900679
343.5  8.8325045
343.4  32.946777
343.3  175.18014
343.2  232.919
343.1  76.424091
343  175.48448
342.9  36.814817
342.8  306.63258
342.7  75.287189
342.6  -46.999345
342.5  -6.470851
342.4  -18.027539
342.3  -161.52657
342.2  -145.03503
342.1  -32.289836
342  250.13341
341.9  57.500141
341.8  -67.989356
341.7  -93.625335
341.6  136.07934
341.5  161.557
341.4  -32.440917
341.3  77.7669
341.2  130.76469
341.1  120.72507
341  176.98837
340.9  105.08327
340.8  71.146725
340.7  125.51217
340.6  -86.646337
340.5  -16.915999
340.4  140.94246
340.3  399.66079
340.2  155.73832
340.1  95.664907
340  122.99176
339.9  231.56708
339.8  8.927017
339.7  -127.2664
339.6  106.59115
339.5  91.967664
339.4  -94.802165
339.3  270.32913
339.2  107.57688
339.1  116.82269
339  154.06347
338.9  12.11151
338.8  43.537135
338.7  105.41138
338.6  180.83377
338.5  72.051206
338.4  172.28082
338.3  106.96562
338.2  -65.043967
338.1  -113.84259
338  -25.992555
337.9  -208.79545
337.8  85.954686
337.7  -94.909886
337.6  -36.20032
337.5  -103.63573
337.4  -80.55906
337.3  -48.644775
337.2  112.27167
337.1  -110.78491
337  -106.3324
336.9  -204.09656
336.8  30.44948
336.7  -71.703022
336.6  -42.020764
336.5  56.066337
336.4  -113.9741
336.3  -48.8331
336.2  114.38007
336.1  8.3646136
336  -159.42796
335.9  -33.291062
335.8  61.348207
335.7  -59.701609
335.6  -34.348785
335.5  32.638253
335.4  85.33155
335.3  98.732906
335.2  -187.48401
335.1  -128.64641
335  159.97328
334.9  -148.36125
334.8  -375.00882
334.7  -94.691533
334.6  -0.69680584
334.5  53.23747
334.4  75.215841
334.3  17.228695
334.2  -126.18464
334.1  -129.06184
334  -18.528241
333.9  -154.37396
333.8  53.646907
333.7  72.258419
333.6  91.432737
333.5  15.943134
333.4  -53.619335
333.3  77.85948
333.2  -124.61994
333.1  -205.30601
333  -9.2298123
332.9  209.56008
332.8  -11.125159
332.7  -110.00767
332.6  -24.893032
332.5  -12.329602
332.4  -292.58203
332.3  -91.26828
332.2  -69.12635
332.1  -190.46541
332  193.37242
331.9  147.86367
331.8  -151.20766
331.7  125.44834
331.6  -46.925328
331.5  -210.73075
331.4  -46.197679
331.3  -55.546468
331.2  -318.31239
331.1  -86.132534
331  -168.29214
330.9  64.247234
330.8  -27.280012
330.7  -160.90402
330.6  -81.615093
330.5  -92.275635
330.4  65.616709
330.3  -148.47323
330.2  -238.78568
330.1  113.76454
330  106.36328
329.9  -19.209155
329.8  176.66774
329.7  148.91476
329.6  -8.6948619
329.5  -246.7648
329.4  -164.52578
329.3  -256.30876
329.2  -149.26156
329.1  -0.59647419
329  72.609995

# Region:                       C 1s
# Spectrum ID:                  4
# Acquisition Date:             08/07/26 14:21:13 UTC
# Analysis Method:              XPS
# Analyzer:                     PHOIBOS MCD5 Analyzer
# Analyzer Lens:                LargeArea:1.5kV
# Analyzer Slit:                5:7x20\B:open
# Scan Mode:                    FixedAnalyzerTransmission
# Curves/Scan:                  1
# Values/Curve:                 1001
# Dwell Time:                   0.1
# Excitation Energy:            1253.64
# Binding Energy:               350
# Pass Energy:                  50
# Bias Voltage:                 90
# Detector Voltage:             3000
# Eff. Workfunction:            4.543
# Source:                       X-Ray Dummy
# Comment:                      
#
# Cycle: 0
# Number of Scans: 1
#
# Cycle: 0, Curve: 0
# Acquisition Date:             08/07/26 14:21:13 UTC
#
# ColumnLabels:                 energy counts/s
#
350  10722.696
349.9  11035.8
349.8  10703.245
349.7  11337.668
349.6  11374.677
349.5  11200.889
349.4  10661.131
349.3  10564.942
349.2  10498.91
349.1  10627.389
349  11185.999
348.9  10597.569
348.8  10365.653
348.7  10427.226
348.6  10051.58
348.5  9978.6229
348.4  10738.909
348.3  9959.823
348.2  10098.75
348.1  10121.687
348  9458.049
347.9  9560.701
347.8  9376.7724
347.7  9685.9704
347.6  9759.0435
347.5  9739.6098
347.4  9315.9407
347.3  9211.4676
347.2  9564.2072
347.1  9546.2575
347  9668.2406
346.9  9488.3279
346.8  8940.8586
346.7  9017.4176
346.6  8941.4269
346.5  8969.0269
346.4  9482.8427
346.3  9216.5785
346.2  9275.8422
346.1  9182.4588
346  9075.3401
345.9  9471.395
345.8  9273.2959
345.7  9060.7967
345.6  9380.2101
345.5  9295.3471
345.4  9120.6494
345.3  9178.4843
345.2  9768.5291
345.1  9752.8822
345  9588.3701
344.9  9115.3999
344.8  9648.6746
344.7  9348.2463
344.6  9241.1407
344.5  9525.9473
344.4  9375.738
344.3  9349.2205
344.2  9732.8476
344.1  9166.1956
344  9057.8031
343.9  9859.0803
343.8  9155.3584
343.7  9278.0566
343.6  9369.0898
343.5  9841.9713
343.4  9437.1273
343.3  9061.0562
343.2  9217.8654
343.1  9327.6404
343  9579.937
342.9  10081.543
342.8  9558.0853
342.7  9451.7784
342.6  9601.535
342.5  9173.8873
342.4  9076.0334
342.3  9270.0242
342.2  9968.371
342.1  9376.4655
342  9170.8135
341.9  9602.9246
341.8  9567.5263
341.7  9483.6301
341.6  9547.693
341.5  9389.3542
341.4  9453.2316
341.3  9715.5158
341.2  9399.2087
341.1  9081.4848
341  9404.2427
340.9  9319.1159
340.8  9122.1985
340.7  9551.4978
340.6  9496.7082
340.5  9490.836
340.4  9503.4871
340.3  9503.4923
340.2  9366.7056
340.1  8972.8282
340  9458.9316
339.9  9736.4427
339.8  9684.7889
339.7  9307.5595
339.6  9441.9435
339.5  9587.6946
339.4  9329.4948
339.3  9515.8864
339.2  9462.288
339.1  9374.4351
339  9203.9881
338.9  9670.2009
338.8  9550.5621
338.7  9494.5246
338.6  8816.1648
338.5  9201.1583
338.4  8840.3365
338.3  9056.2759
338.2  9539.1514
338.1  8981.9797
338  9083.7447
337.9  9649.8297
337.8  9519.9512
337.7  9249.2124
337.6  9518.3281
337.5  9374.7479
337.4  9193.8988
337.3  9158.1645
337.2  9162.6245
337.1  8884.0907
337  9549.6436
336.9  9367.8657
336.8  8983.7012
336.7  9549.9215
336.6  9678.7508
336.5  9866.1786
336.4  8995.1853
336.3  9325.2837
336.2  9159.5972
336.1  9260.6879
336  8820.303
335.9  9309.0163
335.8  9216.0721
335.7  9661.7565
335.6  9697.263
335.5  9082.0421
335.4  9289.6207
335.3  9255.6526
335.2  9312.3007
335.1  9047.8424
335  9561.8252
334.9  9765.9026
334.8  9096.5733
334.7  9446.5448
334.6  9247.2958
334.5  9292.507
334.4  9592.3614
334.3  9228.0943
334.2  9156.4102
334.1  9478.4341
334  9402.1251
333.9  9217.3251
333.8  9205.149
333.7  9195.018
333.6  9759.9273
333.5  9423.5325
333.4  9067.525
333.3  9364.8033
333.2  8970.5531
333.1  9468.3586
333  9175.1335
332.9  9444.5954
332.8  9537.429
332.7  9261.976
332.6  8771.4986
332.5  9284.0123
332.4  9612.6873
332.3  9461.134
332.2  9547.267
332.1  9136.0949
332  9650.3205
331.9  9537.8231
331.8  9488.4304
331.7  9290.7473
331.6  9506.761
331.5  9779.5764
331.4  9432.011
331.3  9445.9348
331.2  9572.9189
331.1  8943.7597
331  9361.029
330.9  9614.9272
330.8  9327.6116
330.7  9566.4708
330.6  9861.6742
330.5  9540.6084
330.4  9160.9773
330.3  9344.3446
330.2  9499.7895
330.1  9213.2877
330  9359.3782
329.9  9327.0925
329.8  9499.3602
329.7  9373.5999
329.6  9453.2904
329.5  9505.6622
329.4  9316.5157
329.3  9116.0978
329.2  9380.7355
329.1  9267.6224
329  9280.9468
328.9  9008.4496
328.8  9644.861
328.7  9426.7674
328.6  9716.0775
328.5  9388.1957
328.4  9274.8312
328.3  9466.6601
328.2  9046.5784
328.1  9136.9345
328  8974.4691
327.9  8763.0847
327.8  8670.1077
327.7  8885.2672
327.6  8941.4924
327.5  8893.8315
327.4  8789.9102
327.3  8874.8034
327.2  9103.0821
327.1  9031.1646
327  9288.2356
326.9  9155.9735
326.8  9046.7632
326.7  9251.3939
326.6  9444.1254
326.5  9679.7527
326.4  9497.4549
326.3  9641.9053
326.2  9060.9199
326.1  8999.1075
326  9130.4643
325.9  9566.0888
325.8  9391.1969
325.7  9330.6251
325.6  8778.2194
325.5  9493.6126
325.4  9293.9937
325.3  9112.7502
325.2  9344.3574
325.1  9360.4292
325  8934.2775
324.9  9290.9611
324.8  9288.1623
324.7  9198.7386
324.6  9597.6002
324.5  9117.8121
324.4  8999.4765
324.3  9344.6391
324.2  9269.5648
324.1  8647.9937
324  9156.6792
323.9  9142.0394
323.8  9253.6436
323.7  8888.2762
323.6  9597.4479
323.5  9250.485
323.4  9069.3347
323.3  9016.7845
323.2  9665.0581
323.1  9409.6303
323  9170.5136
322.9  9195.5376
322.8  9382.6092
322.7  9460.359
322.6  9331.6864
322.5  8868.7841
322.4  9077.0639
322.3  9325.4902
322.2  9038.0882
322.1  9609.5349
322  9254.5243
321.9  9125.0707
321.8  9461.3323
321.7  9432.5241
321.6  9177.5282
321.5  9577.5589
321.4  9335.5941
321.3  9403.9156
321.2  9563.9755
321.1  9479.5236
321  8959.0319
320.9  8927.4922
320.8  9135.2392
320.7  8780.1998
320.6  9418.4505
320.5  8953.9764
320.4  9559.3317
320.3  9028.9124
320.2  8721.3904
320.1  8955.2514
320  9134.9277
319.9  9119.5441
319.8  9548.0515
319.7  9302.5198
319.6  9156.0189
319.5  9329.7034
319.4  9309.1027
319.3  9304.7011
319.2  9327.4522
319.1  9519.0761
319  8945.6906
318.9  9286.1091
318.8  9292.3553
318.7  9410.6099
318.6  9113.4196
318.5  8731.039
318.4  9739.6537
318.3  9188.2172
318.2  9111.1718
318.1  9587.9023
318  9266.301
317.9  9400.4656
317.8  9355.2906
317.7  9364.986
317.6  9207.2968
317.5  9640.2165
317.4  9437.6699
317.3  9165.5365
317.2  9497.1755
317.1  8862.2422
317  9822.202
316.9  9495.1772
316.8  9313.5782
316.7  9413.8453
316.6  9408.7744
316.5  9233.2973
316.4  9691.8982
316.3  9838.965
316.2  9674.9116
316.1  9582.0349
316  9622.7445
315.9  9192.9939
315.8  9277.5744
315.7  8819.9803
315.6  9296.0807
315.5  9797.681
315.4  9191.1615
315.3  9313.0139
315.2  9925.5545
315.1  9547.1621
315  9848.991
314.9  9719.5128
314.8  9351.2673
314.7  9075.2253
314.6  9341.1425
314.5  9390.5312
314.4  9240.4598
314.3  9064.5803
314.2  8961.8319
314.1  9478.4909
314  9506.0571
313.9  9546.6203
313.8  9425.1733
313.7  8650.4819
313.6  9271.1796
313.5  9628.0333
313.4  9357.0257
313.3  9526.4515
313.2  9679.5435
313.1  9995.2137
313  10049.402
312.9  9645.7985
312.8  9418.3248
312.7  9951.8565
312.6  10010.444
312.5  10182.788
312.4  9335.3348
312.3  9749.0577
312.2  9271.6999
312.1  9556.8764
312  9506.7382
311.9  9874.6815
311.8  9981.3167
311.7  9836.4166
311.6  10042.902
311.5  9878.0983
311.4  9587.0687
311.3  9799.2097
311.2  9629.2858
311.1  9919.5207
311  9472.9994
310.9  9620.2027
310.8  9704.9202
310.7  10130.817
310.6  10187.577
310.5  9874.2609
310.4  9885.7458
310.3  10166.462
310.2  9570.1236
310.1  9508.7713
310  9941.4753
309.9  10047.023
309.8  9536.0926
309.7  10032.272
309.6  9863.419
309.5  9346.6639
309.4  9660.428
309.3  9328.5375
309.2  9571.8724
309.1  9810.8109
309  9817.5096
308.9  9702.0817
308.8  9897.2023
308.7  9855.4029
308.6  9385.3621
308.5  9871.6843
308.4  9757.9291
308.3  9710.2885
308.2  9978.4128
308.1  9759.3948
308  9394.8396
307.9  9903.5341
307.8  10039.196
307.7  10113.583
307.6  9966.756
307.5  9517.4588
307.4  9498.2758
307.3  9475.7081
307.2  9590.6913
307.1  9563.0161
307  9393.0264
306.9  9808.3339
306.8  10056.53
306.7  9976.7694
306.6  9687.1617
306.5  9797.5993
306.4  9570.3846
306.3  9643.7009
306.2  9106.9221
306.1  9274.9705
306  9332.1635
305.9  9177.2781
305.8  9674.451
305.7  9463.4987
305.6  9369.5907
305.5  9631.6207
305.4  9555.333
305.3  9060.1624
305.2  8967.9495
305.1  9388.7508
305  8821.4099
304.9  9227.1086
304.8  9009.3553
304.7  9036.4112
304.6  9359.2627
304.5  9081.966
304.4  8661.012
304.3  9304.0956
304.2  9330.2431
304.1  8834.2157
304  8957.3855
303.9  8959.6236
303.8  8443.9368
303.7  8896.887
303.6  8663.7479
303.5  9031.7386
303.4  8351.7289
303.3  8056.7665
303.2  8407.0114
303.1  8168.4765
303  8247.5575
302.9  8228.726
302.8  8072.7287
302.7  8343.0622
302.6  7785.1005
302.5  8123.3805
302.4  7923.5017
302.3  7964.4667
302.2  7543.8889
302.1  8009.4602
302  8805.3018
301.9  8237.0473
301.8  8470.4852
301.7  7745.0964
301.6  7755.0457
301.5  7538.5431
301.4  7703.6368
301.3  7683.0511
301.2  7461.3501
301.1  7585.447
301  7454.9101
300.9  8171.5691
300.8  7780.2793
300.7  7412.6188
300.6  7582.8077
300.5  7564.7237
300.4  7240.4855
300.3  6925.1146
300.2  7053.0934
300.1  7212.8299
300  7414.0307
299.9  6997.9395
299.8  6670.7516
299.7  6704.2329
299.6  6790.1196
299.5  6298.7609
299.4  6714.3903
299.3  6730.9496
299.2  6759.7892
299.1  6512.8264
299  6451.773
298.9  6310.5169
298.8  6581.6827
298.7  6190.9216
298.6  6263.5502
298.5  6459.1319
298.4  5925.1928
298.3  5842.5662
298.2  5911.8557
298.1  5915.1904
298  5888.5684
297.9  6379.4407
297.8  6058.5729
297.7  6019.0654
297.6  6206.2497
297.5  6139.9777
297.4  6024.2043
297.3  5552.6476
297.2  5737.848
297.1  5663.1
297  5635.5459
296.9  5840.1389
296.8  5630.1355
296.7  5410.057
296.6  5210.0384
296.5  5577.3462
296.4  5250.7381
296.3  5359.1513
296.2  5012.847
296.1  5739.1991
296  5463.1796
295.9  5018.2874
295.8  5260.9272
295.7  5099.9663
295.6  4705.7555
295.5  4947.7811
295.4  4710.5596
295.3  4709.2776
295.2  4783.8033
295.1  4401.9727
295  4919.4904
294.9  4419.3767
294.8  4848.9029
294.7  4755.3989
294.6  4594.5504
294.5  4697.6601
294.4  4622.6395
294.3  4729.2219
294.2  4928.4083
294.1  4515.9377
294  4645.1995
293.9  4704.7698
293.8  4694.5832
293.7  4759.8404
293.6  4352.4272
293.5  4532.3802
293.4  4701.4952
293.3  4639.3928
293.2  4992.9622
293.1  5151.0772
293  5270.1937
292.9  5147.7605
292.8  5428.4945
292.7  5576.3045
292.6  5545.2751
292.5  5207.1196
292.4  6181.7973
292.3  6051.7149
292.2  6635.7305
292.1  6625.9763
292  6574.4809
291.9  6919.0138
291.8  6949.0707
291.7  7229.3418
291.6  7492.0086
291.5  6838.7573
291.4  7988.4372
291.3  8106.5286
291.2  8001.1095
291.1  8720.1054
291  7918.5862
290.9  8137.4964
290.8  7760.8736
290.7  8545.6362
290.6  9409.3091
290.5  9385.3356
290.4  8712.2879
290.3  9283.4631
290.2  10339.307
290.1  9897.6188
290  10895.291
289.9  11265.039
289.8  11451.901
289.7  12264.814
289.6  12921.664
289.5  13993.755
289.4  14524.659
289.3  15210.075
289.2  16116.886
289.1  17446.816
289  19300.387
288.9  19259.078
288.8  21408.438
288.7  22082.5
288.6  23111.213
288.5  25747.823
288.4  26709.411
288.3  28386.44
288.2  29441.796
288.1  31247.453
288  31886.199
287.9  32226.113
287.8  34394.266
287.7  34652.593
287.6  35687.407
287.5  35487.981
287.4  35523.311
287.3  34315.837
287.2  34679.565
287.1  34571.265
287  34176.066
286.9  33163.881
286.8  32060.16
286.7  30250.033
286.6  29552.294
286.5  28178.6
286.4  25686.748
286.3  24183.473
286.2  23315.639
286.1  21539.089
286  19801.579
285.9  17683.906
285.8  16996.227
285.7  15442.02
285.6  13937.14
285.5  13099.249
285.4  12087.539
285.3  10370.621
285.2  9859.3628
285.1  8540.3828
285  8130.7479
284.9  7552.7924
284.8  6930.9337
284.7  6279.515
284.6  5671.1861
284.5  5198.4456
284.4  5183.6273
284.3  5103.0786
284.2  5027.6781
284.1  4803.8983
284  4914.511
283.9  4855.0696
283.8  4734.0721
283.7  4439.7913
283.6  4419.3851
283.5  4363.4586
283.4  4420.4066
283.3  4238.8137
283.2  4153.161
283.1  4585.6603
283  4330.1048
282.9  4535.0563
282.8  4300.66
282.7  4401.541
282.6  4189.3435
282.5  4168.186
282.4  4536.1492
282.3  4012.9212
282.2  4152.3234
282.1  4237.7221
282  4220.6893
281.9  4699.8262
281.8  4567.3718
281.7  4549.9173
281.6  4725.985
281.5  4612.6432
281.4  4233.8228
281.3  4347.85
281.2  4613.1095
281.1  4354.477
281  4503.8751
280.9  4626.7871
280.8  4700.3528
280.7  4743.4908
280.6  4664.4867
280.5  4925.4287
280.4  5047.7418
280.3  5423.0894
280.2  5128.6546
280.1  5106.4777
280  5572.2915
279.9  5424.458
279.8  5782.4834
279.7  6202.339
279.6  5999.7073
279.5  6005.1185
279.4  6468.016
279.3  6041.7814
279.2  6418.4316
279.1  6319.0758
279  6826.1304
278.9  6310.5781
278.8  6385.9627
278.7  6609.5689
278.6  6975.469
278.5  6589.039
278.4  6584.8207
278.3  6313.5752
278.2  6166.7722
278.1  6498.6767
278  6786.9425
277.9  6359.8155
277.8  6399.0323
277.7  6215.4765
277.6  6235.489
277.5  5824.6061
277.4  6249.6698
277.3  6488.0925
277.2  6573.7209
277.1  5887.343
277  5578.3064
276.9  5319.1707
276.8  5539.2556
276.7  5218.4931
276.6  4853.8076
276.5  4914.6232
276.4  4729.4089
276.3  4557.907
276.2  4396.6124
276.1  4427.9788
276  4533.7718
275.9  4311.8649
275.8  4390.0665
275.7  4391.9836
275.6  3984.7499
275.5  3936.4602
275.4  4151.3911
275.3  3575.5621
275.2  3400.9102
275.1  3396.2357
275  3302.6771
274.9  3391.8171
274.8  3249.4188
274.7  3385.0616
274.6  3266.6222
274.5  3229.9106
274.4  2852.2402
274.3  2804.9296
274.2  3357.785
274.1  3017.6158
274  3050.7583
273.9  2808.0946
273.8  2943.5758
273.7  2950.9111
273.6  3253.9625
273.5  2952.6201
273.4  3286.7794
273.3  2965.4293
273.2  2886.9148
273.1  3153.5909
273  2973.6541
272.9  2822.3252
272.8  2983.424
272.7  2945.1468
272.6  2673.5214
272.5  2898.6854
272.4  2945.7572
272.3  3121.4193
272.2  2956.0352
272.1  2769.2845
272  2924.5544
271.9  2978.4375
271.8  3087.2064
271.7  2695.5936
271.6  3091.0345
271.5  2806.682
271.4  3175.3357
271.3  3235.1687
271.2  3077.966
271.1  3028.0395
271  3122.6994
270.9  3185.7294
270.8  3097.557
270.7  3078.0282
270.6  2955.6561
270.5  3027.083
270.4  3040.1818
270.3  3215.7675
270.2  3501.8995
270.1  3009.7217
270  2875.0695
269.9  3099.4201
269.8  3149.7457
269.7  3138.5439
269.6  3227.0638
269.5  2964.8956
269.4  2989.3361
269.3  3070.6706
269.2  3242.1473
269.1  3078.159
269  3127.1606
268.9  2852.7071
268.8  3116.4848
268.7  3085.3866
268.6  2993.2716
268.5  3215.5104
268.4  3182.9427
268.3  2920.1529
268.2  2912.3557
268.1  3145.3414
268  3262.7856
267.9  3072.6312
267.8  3071.7098
267.7  3035.8562
267.6  3046.9226
267.5  3116.4244
267.4  3067.6095
267.3  3055.1683
267.2  3160.9411
267.1  3222.4605
267  2732.77
266.9  3274.7762
266.8  2824.8485
266.7  3095.1385
266.6  3212.9413
266.5  3255.4528
266.4  2923.5456
266.3  2934.5599
266.2  3003.586
266.1  2965.4583
266  2817.1863
265.9  2730.6705
265.8  3098.2182
265.7  2919.5277
265.6  2928.2716
265.5  2631.5439
265.4  2683.2795
265.3  3111.176
265.2  2865.4442
265.1  3056.8836
265  2752.8157
264.9  2730.0571
264.8  2843.7508
264.7  3053.0752
264.6  2811.3543
264.5  2846.7357
264.4  2810.7419
264.3  2633.3023
264.2  2917.9213
264.1  2926.0175
264  2656.3292
263.9  2840.3646
263.8  2523.9192
263.7  2487.5094
263.6  2551.2804
263.5  2696.4872
263.4  2641.8106
263.3  2639.8536
263.2  2891.2714
263.1  2734.6969
263  2636.7988
262.9  2377.2752
262.8  2802.5725
262.7  2562.703
262.6  2781.0668
262.5  2708.1412
262.4  2587.998
262.3  2633.1622
262.2  2641.6916
262.1  2798.5442
262  3082.1022
261.9  2835.9978
261.8  2812.1818
261.7  3107.4749
261.6  2884.1017
261.5  2624.9398
261.4  2975.7749
261.3  2883.1463
261.2  2685.4383
261.1  2471.0526
261  2388.384
260.9  2546.1428
260.8  2726.3008
260.7  2869.2992
260.6  2803.1202
260.5  2600.0862
260.4  2858.3731
260.3  2484.999
260.2  2421.6025
260.1  2592.6204
260  2481.9593
259.9  2537.0934
259.8  2805.7472
259.7  2778.3344
259.6  2716.5779
259.5  2789.0349
259.4  2806.3346
259.3  2671.6448
259.2  2586.6821
259.1  2514.7959
259  3025.5092
258.9  2736.804
258.8  2759.5771
258.7  2428.7649
258.6  2832.7244
258.5  2876.7242
258.4  2974.5088
258.3  2731.1388
258.2  2426.5786
258.1  2757.9096
258  2695.8236
257.9  2514.58
257.8  2817.7192
257.7  2945.0416
257.6  2400.3624
257.5  2291.3421
257.4  2542.1315
257.3  2291.5145
257.2  2684.3728
257.1  2416.5009
257  2621.8673
256.9  2556.0871
256.8  2589.0657
256.7  2712.8418
256.6  2564.1434
256.5  2422.5944
256.4  2754.7891
256.3  2540.9717
256.2  2476.6326
256.1  2561.425
256  2797.819
255.9  2670.2069
255.8  2550.7099
255.7  2470.5737
255.6  2497.4613
255.5  2606.3405
255.4  2700.1944
255.3  2355.6051
255.2  2494.3922
255.1  2721.5149
255  2651.8554
254.9  2637.766
254.8  2629.6072
254.7  2447.7062
254.6  2456.3541
254.5  2641.7579
254.4  2697.0802
254.3  2450.0686
254.2  2679.5696
254.1  2709.8995
254  2455.1353
253.9  2733.5087
253.8  2627.9655
253.7  2603.9739
253.6  2569.0076
253.5  2685.7574
253.4  2617.4749
253.3  2672.0822
253.2  2602.6525
253.1  2665.4764
253  2358.4593
252.9  2331.5904
252.8  2483.6601
252.7  2611.0374
252.6  2499.2302
252.5  2555.8988
252.4  2512.0661
252.3  2381.3604
252.2  2697.8766
252.1  2560.9991
252  2846.0666
251.9  2403.6481
251.8  2539.4025
251.7  2458.3602
251.6  2419.7948
251.5  2563.397
251.4  2660.5003
251.3  2574.5276
251.2  2822.6853
251.1  2657.9731
251  2557.0777
250.9  2647.5176
250.8  2737.3473
250.7  2629.1325
250.6  2922.0351
250.5  2684.7631
250.4  2720.1082
250.3  2580.3874
250.2  2500.7285
250.1  2432.925
250  2498.8146

# Region:                       Overall
# Spectrum ID:                  5
# Acquisition Date:             08/07/26 14:29:49 UTC
# Analysis Method:              XPS
# Analyzer:                     PHOIBOS MCD5 Analyzer
# Analyzer Lens:                LargeArea:1.5kV
# Analyzer Slit:                5:7x20\B:open
# Scan Mode:                    FixedAnalyzerTransmission
# Curves/Scan:                  1
# Values/Curve:                 1002
# Dwell Time:                   0.5
# Excitation Energy:            1253.64
# Binding Energy:               1000
# Pass Energy:                  50
# Bias Voltage:                 90
# Detector Voltage:             3000
# Eff. Workfunction:            4.543
# Source:                       X-Ray Dummy
# Comment:                      
#
# Cycle: 0
# Number of Scans: 1
#
# Cycle: 0, Curve: 0
# Acquisition Date:             08/07/26 14:29:49 UTC
#
# ColumnLabels:                 energy counts/s
#
1000  26514.822
999.001  26860.923
998.002  27294.948
997.003  27056.371
996.004  27061.061
995.005  27125.274
994.00599  27034.797
993.00699  26810.769
992.00799  26905.862
991.00899  26624.363
990.00999  26207.827
989.01099  25647.658
988.01199  25055.672
987.01299  24361.249
986.01399  23575.997
985.01499  22863.621
984.01598  21947.475
983.01698  21475.511
982.01798  21319.472
981.01898  21158.769
980.01998  20938.703
979.02098  20900.238
978.02198  20621.754
977.02298  20528.641
976.02398  20406.448
975.02498  20372.829
974.02597  20401.802
973.02697  20254.783
972.02797  20347.991
971.02897  20467.798
970.02997  20282.012
969.03097  20301.356
968.03197  20597.257
967.03297  20728.669
966.03397  20536.498
965.03497  20788.796
964.03596  20952.676
963.03696  20679.982
962.03796  20459.19
961.03896  20613.346
960.03996  20729.228
959.04096  20613.61
958.04196  20507.957
957.04296  20536.236
956.04396  20556.486
955.04496  20472.181
954.04595  20456.923
953.04695  20551.345
952.04795  20602.13
951.04895  20617.73
950.04995  20389.826
949.05095  20482.579
948.05195  20582.486
947.05295  20569.675
946.05395  20519.439
945.05495  20602.448
944.05594  20661.949
943.05694  20858.173
942.05794  20793.998
941.05894  20682.978
940.05994  20641.064
939.06094  20704.882
938.06194  20632.185
937.06294  20512.58
936.06394  20952.131
935.06494  21060.095
934.06593  20736.456
933.06693  20718.216
932.06793  20889.845
931.06893  20976.105
930.06993  21103.656
929.07093  21132.57
928.07193  21189.115
927.07293  21012.608
926.07393  20995.121
925.07493  21292.973
924.07592  21234.753
923.07692  21229.75
922.07792  21247.676
921.07892  21113.125
920.07992  21217.415
919.08092  21327.005
918.08192  21389.425
917.08292  21255.432
916.08392  21302.657
915.08492  21208.375
914.08591  21258.675
913.08691  21591.572
912.08791  21406.372
911.08891  21399.584
910.08991  21510.546
909.09091  21736.613
908.09191  21362.456
907.09291  21474.387
906.09391  21732.11
905.09491  21675.743
904.0959  21721.093
903.0969  21695.911
902.0979  21913.753
901.0989  21817.717
900.0999  21949.499
899.1009  21980.921
898.1019  21862.724
897.1029  21911.462
896.1039  21734.857
895.1049  21892.742
894.10589  22046.339
893.10689  21556.26
892.10789  21646.622
891.10889  21750.769
890.10989  21941.915
889.11089  21999.245
888.11189  21815.469
887.11289  22029.205
886.11389  22015.469
885.11489  22052.329
884.11588  22005.143
883.11688  22261.45
882.11788  22401.826
881.11888  22311.906
880.11988  22367.945
879.12088  22491.473
878.12188  22547.025
877.12288  22359.433
876.12388  22357.291
875.12488  22287.902
874.12587  22304.325
873.12687  22316.039
872.12787  22442.474
871.12887  22346
870.12987  22316.691
869.13087  22169.52
868.13187  22203.544
867.13287  22402.304
866.13387  22654.651
865.13487  22579.47
864.13586  22388.966
863.13686  22706.656
862.13786  22675.591
861.13886  22744.531
860.13986  22675.621
859.14086  22620.618
858.14186  22769.604
857.14286  22783.79
856.14386  23006.408
855.14486  23173.128
854.14585  23036.305
853.14685  23143.463
852.14785  23130.085
851.14885  22920.165
850.14985  22668.824
849.15085  23056.823
848.15185  23322.333
847.15285  23172.798
846.15385  23247.268
845.15485  23297.336
844.15584  23114.987
843.15684  23052.45
842.15784  23020.773
841.15884  23010.86
840.15984  23426.748
839.16084  23508.187
838.16184  23410.366
837.16284  23266.956
836.16384  23407.304
835.16484  23361.733
834.16583  23478.901
833.16683  23511.976
832.16783  23435.47
831.16883  23286.738
830.16983  23299.521
829.17083  23474.557
828.17183  23463.217
827.17283  23639.892
826.17383  23675.459
825.17483  23646.811
824.17582  23580.253
823.17682  23715.169
822.17782  23733.577
821.17882  23622.066
820.17982  23854.119
819.18082  23537.154
818.18182  23558.615
817.18282  23810.301
816.18382  23660.061
815.18482  23917.096
814.18581  24072.504
813.18681  23890.593
812.18781  23939.943
811.18881  24097.847
810.18981  24061.99
809.19081  23951.981
808.19181  23700.756
807.19281  23792.232
806.19381  23966.007
805.19481  24134.183
804.1958  24159.459
803.1968  24234.596
802.1978  24159.279
801.1988  23896.294
800.1998  23845.485
799.2008  23889.489
798.2018  23949.359
797.2028  23896.32
796.2038  24124.542
795.2048  24082.256
794.20579  24337.407
793.20679  24571.763
792.20779  24437.267
791.20879  24921.468
790.20979  24981.453
789.21079  24601.7
788.21179  24797.899
787.21279  24852.052
786.21379  24864.391
785.21479  24724.008
784.21578  24414.04
783.21678  24240.579
782.21778  24384.363
781.21878  24374.569
780.21978  24254.221
779.22078  24145.316
778.22178  24012.386
777.22278  24204.281
776.22378  24400.357
775.22478  24262.857
774.22577  24304.192
773.22677  24799.44
772.22777  25279.489
771.22877  25320.606
770.22977  25507.339
769.23077  25894.743
768.23177  25747.625
767.23277  25369.208
766.23377  25177.319
765.23477  24912.612
764.23576  24706.358
763.23676  24815.483
762.23776  24346.313
761.23876  23713.212
760.23976  23540.551
759.24076  23362.007
758.24176  22878.387
757.24276  22742.638
756.24376  22791.037
755.24476  22663.9
754.24575  22659.539
753.24675  22586.824
752.24775  22914.57
751.24875  23601.277
750.24975  24247.249
749.25075  25097.775
748.25175  25753.674
747.25275  26066.554
746.25375  26215.448
745.25475  25964.714
744.25574  25416.64
743.25674  24703.985
742.25774  24059.469
741.25874  23494.652
740.25974  22870.872
739.26074  21744.101
738.26174  20682.647
737.26274  19747.479
736.26374  18741.139
735.26474  17831.637
734.26573  17488.919
733.26673  17370.791
732.26773  17267.305
731.26873  17152.819
730.26973  17054.792
729.27073  17148.796
728.27173  17130.825
727.27273  16986.088
726.27373  17045.769
725.27473  17048.925
724.27572  16933.902
723.27672  17061.194
722.27772  17206.11
721.27872  16952.206
720.27972  16999.663
719.28072  16989.829
718.28172  16881.892
717.28272  17064.392
716.28372  16960.133
715.28472  16775.78
714.28571  16812.043
713.28671  16855.791
712.28771  16941.457
711.28871  17109.797
710.28971  17136.898
709.29071  17135.075
708.29171  16891.308
707.29271  16997.692
706.29371  17059.042
705.29471  17030.845
704.2957  17022.883
703.2967  16717.215
702.2977  16598.892
701.2987  16715.689
700.2997  16779.983
699.3007  16741.679
698.3017  16712.739
697.3027  16724.138
696.3037  16679.069
695.3047  16752.065
694.30569  16928.626
693.30669  16864.166
692.30769  17104.407
691.30869  17031.473
690.30969  17065.698
689.31069  16944.001
688.31169  16705.129
687.31269  17219.205
686.31369  17146.349
685.31469  16911.072
684.31568  16935.274
683.31668  16998.596
682.31768  16987.651
681.31868  16996.143
680.31968  16838.058
679.32068  16900.439
678.32168  16864.271
677.32268  16784.433
676.32368  16794.305
675.32468  16784.39
674.32567  16780.317
673.32667  16606.421
672.32767  16674.77
671.32867  16716.176
670.32967  16980.333
669.33067  16609.288
668.33167  16661.453
667.33267  16687.604
666.33367  16830.322
665.33467  17000.937
664.33566  16867.669
663.33666  16503.845
662.33766  16703.926
661.33866  16736.9
660.33966  16684.837
659.34066  16700.07
658.34166  16763.831
657.34266  16874.437
656.34366  16824.531
655.34466  16823.968
654.34565  16946.479
653.34665  16866.245
652.34765  16887.982
651.34865  16764.916
650.34965  16834.56
649.35065  16761.215
648.35165  16696.297
647.35265  16777.042
646.35365  16826.816
645.35465  16726.387
644.35564  16523.985
643.35664  16442.098
642.35764  16503.784
641.35864  16470.354
640.35964  16553.925
639.36064  16676.133
638.36164  16577.352
637.36264  16561.546
636.36364  16532.184
635.36464  16532.206
634.36563  16688.186
633.36663  16735.308
632.36763  16723.381
631.36863  16577.36
630.36963  16479.498
629.37063  16301.938
628.37163  16362.742
627.37263  16738.251
626.37363  16632.817
625.37463  16629.424
624.37562  16621.852
623.37662  16548.656
622.37762  16531.836
621.37862  16545.104
620.37962  16666.831
619.38062  16559.267
618.38162  16504.942
617.38262  16531.097
616.38362  16574.075
615.38462  16579.099
614.38561  16533.813
613.38661  16366.458
612.38761  16369.378
611.38861  16492.617
610.38961  16617.22
609.39061  16399.849
608.39161  16123.658
607.39261  16142.449
606.39361  16314.062
605.39461  16477.703
604.3956  16469.789
603.3966  16507.38
602.3976  16513.156
601.3986  16434.957
600.3996  16415.922
599.4006  16428.505
598.4016  16300.215
597.4026  16026.405
596.4036  16149.369
595.4046  16154.791
594.40559  16194.215
593.40659  16324.392
592.40759  16309.98
591.40859  16183.821
590.40959  16114.967
589.41059  16021.057
588.41159  16096.688
587.41259  16060.489
586.41359  16180.658
585.41459  16215.146
584.41558  16090.876
583.41658  16034.461
582.41758  16140.53
581.41858  16292.004
580.41958  16189.35
579.42058  16116.756
578.42158  15687.41
577.42258  15659.904
576.42358  15778.65
575.42458  15855.354
574.42557  15782.218
573.42657  15559.546
572.42757  15506.473
571.42857  15646.512
570.42957  15626.917
569.43057  15730.715
568.43157  15498.799
567.43257  15387.812
566.43357  15329.105
565.43457  15225.901
564.43556  15507.576
563.43656  15665.051
562.43756  15642.072
561.43856  15721.377
560.43956  16022.169
559.44056  16142.047
558.44156  16206.599
557.44256  16256.735
556.44356  16264.907
555.44456  16080.014
554.44555  15983.739
553.44655  15883.84
552.44755  15481.944
551.44855  15182.256
550.44955  14775.502
549.45055  14538.318
548.45155  14461.929
547.45255  14020.839
546.45355  13190.811
545.45455  12660.645
544.45554  12491.589
543.45654  12298.877
542.45754  11835.203
541.45854  11306.519
540.45954  11177.01
539.46054  11414.967
538.46154  11889.079
537.46254  13967.035
536.46354  19528.699
535.46454  29114.461
534.46553  34963.16
533.46653  28982.059
532.46753  18715.352
531.46853  12914.463
530.46953  11118.343
529.47053  10690.016
528.47153  10947.384
527.47253  11504.013
526.47353  12163.664
525.47453  12598.149
524.47552  12280.82
523.47652  11538.737
522.47752  10573.726
521.47852  9945.5957
520.47952  9765.544
519.48052  9657.0766
518.48152  9549.972
517.48252  9744.8931
516.48352  9770.6807
515.48452  9606.8979
514.48551  9667.1243
513.48651  9773.0674
512.48751  9695.9714
511.48851  9627.5323
510.48951  9620.4794
509.49051  9598.5708
508.49151  9509.0418
507.49251  9446.5539
506.49351  9515.9501
505.49451  9431.9611
504.4955  9404.3344
503.4965  9442.5283
502.4975  9418.35
501.4985  9394.0887
500.4995  9275.581
499.5005  9227.5874
498.5015  9363.4602
497.5025  9448.1152
496.5035  9456.5174
495.5045  9507.9846
494.50549  9594.2953
493.50649  9429.536
492.50749  9504.3455
491.50849  9705.9739
490.50949  9537.5159
489.51049  9263.5775
488.51149  9452.9938
487.51249  9501.5359
486.51349  9466.0889
485.51449  9348.1449
484.51548  9297.2405
483.51648  9305.1439
482.51748  9340.1767
481.51848  9282.9273
480.51948  9481.8952
479.52048  9524.5697
478.52148  9482.0377
477.52248  9491.5631
476.52348  9280.3188
475.52448  9231.6144
474.52547  9255.5992
473.52647  9407.7348
472.52747  9307.6296
471.52847  9138.3669
470.52947  9277.449
469.53047  9289.5767
468.53147  9468.8824
467.53247  9390.0242
466.53347  9364.5708
465.53447  9420.6807
464.53546  9455.5288
463.53646  9414.1864
462.53746  9357.8802
461.53846  9469.5302
460.53946  9488.0461
459.54046  9408.1123
458.54146  9370.4955
457.54246  9401.0945
456.54346  9400.8429
455.54446  9430.501
454.54545  9349.4364
453.54645  9292.105
452.54745  9300.9279
451.54845  9198.3391
450.54945  9387.0197
449.55045  9473.2396
448.55145  9439.8844
447.55245  9336.7456
446.55345  9219.6025
445.55445  9206.6226
444.55544  9378.8569
443.55644  9491.4278
442.55744  9720.181
441.55844  9749.0484
440.55944  9692.4533
439.56044  9537.9491
438.56144  9449.6446
437.56244  9383.0932
436.56344  9349.8996
435.56444  9402.6819
434.56543  9384.5319
433.56643  9266.9019
432.56743  9378.0903
431.56843  9294.6245
430.56943  9314.4414
429.57043  9273.4099
428.57143  9446.318
427.57243  9334.0066
426.57343  9105.7213
425.57443  9161.2572
424.57542  9231.0229
423.57642  9340.5635
422.57742  9439.0378
421.57842  9314.1967
420.57942  9202.5322
419.58042  9099.5197
418.58142  8988.4158
417.58242  9129.3029
416.58342  9434.0585
415.58442  9393.3141
414.58541  9163.5957
413.58641  9152.6155
412.58741  9197.6186
411.58841  9391.956
410.58941  9417.8184
409.59041  9265.9614
408.59141  9389.9028
407.59241  9372.9516
406.59341  9353.3602
405.59441  9486.7838
404.5954  9450.9969
403.5964  9439.7579
402.5974  9384.7291
401.5984  9261.8019
400.5994  9156.3861
399.6004  9202.4408
398.6014  9216.3958
397.6024  9290.292
396.6034  9273.3918
395.6044  9286.6348
394.60539  9322.5956
393.60639  9252.9596
392.60739  9380.7754
391.60839  9553.6655
390.60939  9511.013
389.61039  9455.2333
388.61139  9421.0224
387.61239  9287.6472
386.61339  9245.3067
385.61439  9310.5559
384.61538  9440.7964
383.61638  9543.0054
382.61738  9390.8006
381.61838  9234.5163
380.61938  9334.777
379.62038  9430.8679
378.62138  9477.8854
377.62238  9485.9554
376.62338  9423.3735
375.62438  9450.9781
374.62537  9462.9161
373.62637  9499.5335
372.62737  9372.8484
371.62837  9342.0074
370.62937  9465.2819
369.63037  9479.3627
368.63137  9666.7388
367.63237  9562.3547
366.63337  9422.1464
365.63437  9463.986
364.63536  9582.2339
363.63636  9583.1591
362.63736  9489.1355
361.63836  9478.9024
360.63936  9599.0423
359.64036  9692.7828
358.64136  9643.6437
357.64236  9477.9282
356.64336  9394.8736
355.64436  9584.7188
354.64535  9839.7953
353.64635  10206.415
352.64735  10057.414
351.64835  10153.529
350.64935  10677.237
349.65035  10903.123
348.65135  10383.444
347.65235  9693.3383
346.65335  9495.0996
345.65435  9336.6335
344.65534  9429.5872
343.65634  9596.7512
342.65734  9415.5385
341.65834  9335.095
340.65934  9530.9505
339.66034  9533.836
338.66134  9551.7043
337.66234  9621.3419
336.66334  9355.1691
335.66434  9200.3891
334.66533  9315.324
333.66633  9356.5141
332.66733  9367.4031
331.66833  9518.9803
330.66933  9508.3633
329.67033  9374.7239
328.67133  9269.4372
327.67233  9349.898
326.67333  9177.0995
325.67433  9104.539
324.67532  9417.411
323.67632  9337.8471
322.67732  9369.4288
321.67832  9339.6728
320.67932  9163.482
319.68032  9270.0382
318.68132  9371.056
317.68232  9347.79
316.68332  9361.2523
315.68432  9511.4116
314.68531  9658.866
313.68631  9639.4668
312.68731  9699.2395
311.68831  9723.67
310.68931  9677.5672
309.69031  9772.0472
308.69131  9905.9186
307.69231  9808.3809
306.69331  9761.9388
305.69431  9498.8981
304.6953  9088.7357
303.6963  8706.0258
302.6973  8187.0545
301.6983  7870.9
300.6993  7496.2903
299.7003  6845.7115
298.7013  6432.0227
297.7023  6021.2257
296.7033  5525.9864
295.7043  5197.1668
294.70529  4776.0554
293.70629  4799.8171
292.70729  5755.8104
291.70829  7082.9062
290.70929  8748.9837
289.71029  12963.74
288.71129  22954.08
287.71229  32761.771
286.71329  29462.355
285.71429  16530.162
284.71528  7359.3198
283.71628  4546.7262
282.71728  4197.4853
281.71828  4331.9683
280.71928  4819.9297
279.72028  5732.4488
278.72128  6541.7098
277.72228  6350.9344
276.72328  5362.0425
275.72428  4153.7592
274.72527  3276.5981
273.72627  2927.8352
272.72727  2948.3386
271.72827  2957.0651
270.72927  3001.2416
269.73027  3067.6294
268.73127  3082.668
267.73227  3093.4269
266.73327  3004.02
265.73427  2922.9301
264.73526  2807.4842
263.73626  2689.9771
262.73726  2682.4418
261.73826  2748.4609
260.73926  2652.0976
259.74026  2668.1709
258.74126  2648.9289
257.74226  2717.87
256.74326  2723.8489
255.74426  2637.2137
254.74525  2638.7101
253.74625  2521.4531
252.74725  2502.0851
251.74825  2562.0903
250.74925  2633.2887
249.75025  2563.3077
248.75125  2536.1148
247.75225  2617.5045
246.75325  2587.7544
245.75425  2549.6776
244.75524  2600.9855
243.75624  2725.1826
242.75724  2811.793
241.75824  2733.204
240.75924  2673.3154
239.76024  2633.5732
238.76124  2586.3117
237.76224  2537.4934
236.76324  2530.5487
235.76424  2514.2094
234.76523  2410.617
233.76623  2408.0468
232.76723  2396.0846
231.76823  2466.0721
230.76923  2372.2745
229.77023  2375.6666
228.77123  2398.1185
227.77223  2387.211
226.77323  2438.3547
225.77423  2436.017
224.77522  2408.2428
223.77622  2342.8961
222.77722  2331.0975
221.77822  2378.6342
220.77922  2406.2867
219.78022  2416.2418
218.78122  2366.8662
217.78222  2387.6077
216.78322  2381.1133
215.78422  2336.4766
214.78521  2282.4599
213.78621  2287.4322
212.78721  2379.222
211.78821  2370.1074
210.78921  2411.199
209.79021  2441.0929
208.79121  2388.6737
207.79221  2323.8594
206.79321  2269.7641
205.79421  2295.7425
204.7952  2342.6201
203.7962  2348.1503
202.7972  2316.0145
201.7982  2321.8727
200.7992  2263.9643
199.8002  2307.8673
198.8012  2315.0671
197.8022  2280.4528
196.8032  2321.6138
195.8042  2362.1933
194.80519  2368.2861
193.80619  2316.0908
192.80719  2239.1291
191.80819  2203.2907
190.80919  2274.3303
189.81019  2283.9819
188.81119  2246.8652
187.81219  2311.7369
186.81319  2293.8588
185.81419  2236.7414
184.81518  2246.467
183.81618  2246.3632
182.81718  2265.8327
181.81818  2316.6212
180.81918  2265.6371
179.82018  2228.3113
178.82118  2274.1336
177.82218  2283.5219
176.82318  2239.1619
175.82418  2319.7528
174.82517  2308.9154
173.82617  2253.5904
172.82717  2310.761
171.82817  2332.9383
170.82917  2272.0392
169.83017  2180.0925
168.83117  2182.3169
167.83217  2296.7709
166.83317  2262.1263
165.83417  2168.8589
164.83516  2128.425
163.83616  2138.2871
162.83716  2185.92
161.83816  2199.8553
160.83916  2162.6455
159.84016  2195.7576
158.84116  2247.0096
157.84216  2280.625
156.84316  2487.0255
155.84416  2657.3371
154.84515  2592.7489
153.84615  2462.8392
152.84715  2326.7557
151.84815  2204.6052
150.84915  2244.2173
149.85015  2232.6182
148.85115  2178.9129
147.85215  2215.8689
146.85315  2263.9528
145.85415  2229.8116
144.85514  2254.1242
143.85614  2266.7347
142.85714  2269.0111
141.85814  2261.8226
140.85914  2165.9646
139.86014  2164.3751
138.86114  2191.7147
137.86214  2159.8147
136.86314  2205.8964
135.86414  2221.4511
134.86513  2143.6233
133.86613  2070.6027
132.86713  2059.1755
131.86813  2090.9115
130.86913  2120.8304
129.87013  2173.4408
128.87113  2222.8006
127.87213  2177.0537
126.87313  2180.9366
125.87413  2157.7344
124.87512  2099.9081
123.87612  2087.9597
122.87712  2046.8987
121.87812  2086.9537
120.87912  2134.2635
119.88012  2115.9768
118.88112  2094.4082
117.88212  2154.8302
116.88312  2102.2193
115.88412  2092.5494
114.88511  2089.9946
113.88611  2074.7021
112.88711  2083.6256
111.88811  2100.2392
110.88911  2092.9474
109.89011  2071.0475
108.89111  2171.2038
107.89211  2135.9954
106.89311  2140.5701
105.89411  2363.0817
104.8951  2672.3854
103.8961  2559.6287
102.8971  2265.3268
101.8981  2142.1298
100.8991  2092.2473
99.9001  2095.5916
98.901099  2044.6389
97.902098  2028.0031
96.903097  2031.9555
95.904096  2159.8586
94.905095  2141.9119
93.906094  2094.3919
92.907093  2128.6847
91.908092  2064.4442
90.909091  2015.4837
89.91009  2034.7778
88.911089  1992.8861
87.912088  2032.3659
86.913087  2059.9001
85.914086  2035.5591
84.915085  2013.6152
83.916084  2090.8848
82.917083  2039.0637
81.918082  2009.6655
80.919081  2042.7256
79.92008  2031.2074
78.921079  1977.8022
77.922078  1961.1924
76.923077  2029.7283
75.924076  2038.782
74.925075  2052.5035
73.926074  2038.6479
72.927073  1895.1945
71.928072  1843.3994
70.929071  1884.6463
69.93007  1936.4912
68.931069  1898.3381
67.932068  1872.6384
66.933067  1921.656
65.934066  1925.6908
64.935065  1965.4036
63.936064  2001.6022
62.937063  1905.6743
61.938062  1875.1182
60.939061  1924.7679
59.94006  1969.9756
58.941059  2001.9934
57.942058  1980.8206
56.943057  2017.6798
55.944056  1992.2474
54.945055  1974.1549
53.946054  2092.0683
52.947053  2069.3849
51.948052  2060.9038
50.949051  2063.4856
49.95005  2010.239
48.951049  2031.1428
47.952048  2034.0724
46.953047  1915.158
45.954046  1908.7572
44.955045  1914.1691
43.956044  1891.2806
42.957043  1866.863
41.958042  1824.8008
40.959041  1820.4518
39.96004  1825.1171
38.961039  1862.3637
37.962038  1879.0246
36.963037  1798.7059
35.964036  1722.524
34.965035  1773.1758
33.966034  1838.4129
32.967033  1825.9025
31.968032  1912.4157
30.969031  2015.4132
29.97003  2101.8267
28.971029  2263.0101
27.972028  2332.1321
26.973027  2136.7161
25.974026  1887.6977
24.975025  1782.622
23.976024  1698.6427
22.977023  1743.7829
21.978022  1841.2603
20.979021  1886.3894
19.98002  1883.4852
18.981019  1882.9976
17.982018  1876.7361
16.983017  1822.2961
15.984016  1780.8255
14.985015  1739.4924
13.986014  1661.0301
12.987013  1650.956
11.988012  1649.4477
10.989011  1683.1388
9.99001  1671.4816
8.991009  1621.8136
7.992008  1545.0358
6.993007  1519.8804
5.994006  1371.0572
4.995005  1298.1404
3.996004  1279.6841
2.997003  1233.9594
1.998002  1286.8771
0.999001  1277.9026
0  1301.0604

