# Created by:        SpecsLab Prodigy, Version 4.79.1-r98952 
#
# XY-Serializer Export Settings:
#   Comment Prefix:           #
#   Output Meta Data:         yes
#   Energy Axis:              Binding Energy
#   Count Rate:               Counts per Second
#   Separate Scan Data:       no
#   Separate Channel Data:    no
#   External Channel Data:    yes
#   Transmission Function:    no
#   Error Bar:                no
#   Operation Results:        yes
#   Time Zone Format:         UTC
#
# Group:                        Spectrum Group
#
# Region:                       Overall
# Spectrum ID:                  1
# Acquisition Date:             08/07/26 13:28:10 UTC
# Analysis Method:              XPS
# Analyzer:                     PHOIBOS MCD5 Analyzer
# Analyzer Lens:                LargeArea:1.5kV
# Analyzer Slit:                5:7x20\B:open
# Scan Mode:                    FixedAnalyzerTransmission
# Curves/Scan:                  1
# Values/Curve:                 1002
# Dwell Time:                   0.1
# Excitation Energy:            1253.64
# Binding Energy:               1000
# Pass Energy:                  50
# Bias Voltage:                 90
# Detector Voltage:             3000
# Eff. Workfunction:            4.543
# Source:                       X-Ray Dummy
# Comment:                      
#
# Cycle: 0
# Number of Scans: 1
#
# Cycle: 0, Curve: 0
# Acquisition Date:             08/07/26 13:28:10 UTC
#
# ColumnLabels:                 energy counts/s
#
1000  21609.82
999.001  21983.492
998.002  22179.35
997.003  22485.663
996.004  22395.844
995.005  22212.266
994.00599  22170.176
993.00699  22516.802
992.00799  22056.865
991.00899  21831.6
990.00999  21567.089
989.01099  20868.978
988.01199  20469.76
987.01299  19948.893
986.01399  19276.779
985.01499  18641.608
984.01598  18073.356
983.01698  17723.114
982.01798  17407.746
981.01898  17495.786
980.01998  17239.322
979.02098  17199.738
978.02198  17304.016
977.02298  17105.91
976.02398  17455.347
975.02498  17314.758
974.02597  16954.465
973.02697  16542.925
972.02797  16949.356
971.02897  17206.867
970.02997  16317.783
969.03097  16287.592
968.03197  16738.322
967.03297  16904.45
966.03397  16984.063
965.03497  17345.237
964.03596  17464.149
963.03696  17955.393
962.03796  17769.917
961.03896  17651.633
960.03996  17122.102
959.04096  17389.127
958.04196  17172.672
957.04296  16920.402
956.04396  17210.555
955.04496  17349.685
954.04595  17430.665
953.04695  17731.22
952.04795  17899.806
951.04895  17669.373
950.04995  17854.361
949.05095  18210.593
948.05195  17816.625
947.05295  17293.794
946.05395  16973.703
945.05495  17406.778
944.05594  17404.905
943.05694  17387.999
942.05794  17287.842
941.05894  17114.131
940.05994  17382.766
939.06094  17719.682
938.06194  18017.579
937.06294  17967.06
936.06394  17781.293
935.06494  17407.349
934.06593  17789.962
933.06693  18327.146
932.06793  17535.78
931.06893  17359.189
930.06993  17570.981
929.07093  17442.009
928.07193  17628.371
927.07293  17778.612
926.07393  17875.433
925.07493  18020.666
924.07592  17775.599
923.07692  17638.158
922.07792  17688.836
921.07892  18114.409
920.07992  17940.649
919.08092  17467.02
918.08192  18079.902
917.08292  18816.439
916.08392  18499.028
915.08492  17750.355
914.08591  17987.145
913.08691  18158.645
912.08791  17743.088
911.08891  17774.33
910.08991  18096.863
909.09091  17973.14
908.09191  18093.218
907.09291  18435.393
906.09391  18353.42
905.09491  18670.055
904.0959  18832.303
903.0969  19009.418
902.0979  18501.929
901.0989  18344.945
900.0999  18196.342
899.1009  18045.393
898.1019  18236.166
897.1029  18544.22
896.1039  18161.914
895.1049  18123.983
894.10589  17819.55
893.10689  17537.111
892.10789  17866.261
891.10889  18191.417
890.10989  18641.267
889.11089  18734.596
888.11189  18848.754
887.11289  18865.741
886.11389  18393.411
885.11489  18070.139
884.11588  18197.093
883.11688  19035.34
882.11788  19236.913
881.11888  19013.677
880.11988  19171.247
879.12088  19442.31
878.12188  19230.42
877.12288  18720.35
876.12388  18674.482
875.12488  18479.375
874.12587  18307.741
873.12687  18533.948
872.12787  19067.066
871.12887  18655.592
870.12987  19162.269
869.13087  19580.309
868.13187  19092.576
867.13287  18991.615
866.13387  19263.873
865.13487  19406.665
864.13586  19729.556
863.13686  19282.151
862.13786  18960.573
861.13886  19291.19
860.13986  19442.163
859.14086  18749.813
858.14186  18808.695
857.14286  19270.938
856.14386  19830.659
855.14486  19843.67
854.14585  19831.515
853.14685  19532.512
852.14785  19383.936
851.14885  19433.949
850.14985  19684.313
849.15085  19301.111
848.15185  19020.715
847.15285  19192.631
846.15385  19898.127
845.15485  19845.543
844.15584  19644.828
843.15684  20034.747
842.15784  19934.932
841.15884  19814.712
840.15984  19842.832
839.16084  19761.967
838.16184  19430.574
837.16284  19415.816
836.16384  20058.342
835.16484  19930.67
834.16583  19938.655
833.16683  19566.597
832.16783  19638.372
831.16883  19634.051
830.16983  20137.91
829.17083  19883.273
828.17183  19045.798
827.17283  19680.284
826.17383  19793.909
825.17483  19655.709
824.17582  19394.82
823.17682  19600.637
822.17782  19818.208
821.17882  20166.243
820.17982  20497.093
819.18082  20127.208
818.18182  19938.038
817.18282  20002.09
816.18382  20126.418
815.18482  20578.346
814.18581  20597.795
813.18681  20460.256
812.18781  20724.867
811.18881  20526.931
810.18981  20074.882
809.19081  20510.235
808.19181  20449.627
807.19281  20200.062
806.19381  20213.067
805.19481  20337.186
804.1958  20306.135
803.1968  20391.941
802.1978  20458.943
801.1988  20775.383
800.1998  20747.469
799.2008  20613.404
798.2018  20609.836
797.2028  19987.428
796.2038  20094.02
795.2048  20470.4
794.20579  20720.314
793.20679  21006.339
792.20779  21225.379
791.20879  21133.537
790.20979  21259.629
789.21079  21285.41
788.21179  21070.3
787.21279  20342.935
786.21379  21038.516
785.21479  21078.809
784.21578  21234.521
783.21678  21005.093
782.21778  19930.41
781.21878  20419.653
780.21978  20465.491
779.22078  20570.078
778.22178  20515.985
777.22278  20387.278
776.22378  20938.782
775.22478  21410.246
774.22577  21328.486
773.22677  21161.861
772.22777  21746.596
771.22877  22591.862
770.22977  22187.048
769.23077  22069.284
768.23177  21925.602
767.23277  21771.6
766.23377  21339.025
765.23477  21506.55
764.23576  21527.858
763.23676  20815.976
762.23776  20684.267
761.23876  20652.896
760.23976  20192.283
759.24076  19710.474
758.24176  19735.946
757.24276  19834.567
756.24376  18871.098
755.24476  19190.892
754.24575  19420.838
753.24675  18965.805
752.24775  19916.769
751.24875  20731.395
750.24975  21396.919
749.25075  22147.221
748.25175  22647.323
747.25275  22830.02
746.25375  23099.101
745.25475  23048.285
744.25574  22400.545
743.25674  22255.197
742.25774  20927.801
741.25874  19797.467
740.25974  19455.329
739.26074  18861.595
738.26174  17737.167
737.26274  16991.542
736.26374  15802.594
735.26474  14747.997
734.26573  14476.417
733.26673  14168.224
732.26773  14525.096
731.26873  14188
730.26973  14189.171
729.27073  14489.388
728.27173  14265.755
727.27273  14413.271
726.27373  14238.142
725.27473  13770.994
724.27572  13985.208
723.27672  14170.198
722.27772  13806.435
721.27872  14038.603
720.27972  14231.639
719.28072  13702.053
718.28172  13577.719
717.28272  13997.753
716.28372  14102.762
715.28472  14053.156
714.28571  14247.534
713.28671  13881.586
712.28771  13804.302
711.28871  14315.978
710.28971  13979.089
709.29071  13642.655
708.29171  13956.307
707.29271  14107.506
706.29371  14325.132
705.29471  14142.74
704.2957  14184.495
703.2967  14271.726
702.2977  13957.033
701.2987  14498.217
700.2997  13949.746
699.3007  13678.35
698.3017  14011.43
697.3027  13924.594
696.3037  14127.226
695.3047  13697.64
694.30569  13899.792
693.30669  14429.493
692.30769  14250.507
691.30869  13795.626
690.30969  13669.228
689.31069  13496.178
688.31169  13920.093
687.31269  13735.908
686.31369  13587.761
685.31469  13571.785
684.31568  13660.724
683.31668  13938.185
682.31768  13868.102
681.31868  13599.625
680.31968  13564.68
679.32068  13478.311
678.32168  13437.866
677.32268  14000.724
676.32368  14033.973
675.32468  13852.889
674.32567  13978.877
673.32667  14036.963
672.32767  14382.421
671.32867  13996.117
670.32967  13608.468
669.33067  13892.844
668.33167  14125.766
667.33267  14174.476
666.33367  13851.123
665.33467  13827.031
664.33566  13991.431
663.33666  14152.181
662.33766  14392.057
661.33866  14242.21
660.33966  13764.839
659.34066  13883.725
658.34166  14037.049
657.34266  13786.236
656.34366  13186.279
655.34466  13591.122
654.34565  14047.699
653.34665  13888.753
652.34765  13838.434
651.34865  13736.397
650.34965  13918.8
649.35065  13877.306
648.35165  14018.704
647.35265  13799.199
646.35365  13149.794
645.35465  13431.999
644.35564  13811.093
643.35664  13755.14
642.35764  13700.323
641.35864  14070.782
640.35964  14102.41
639.36064  14046.437
638.36164  13717.637
637.36264  13879.117
636.36364  13833.501
635.36464  13531.592
634.36563  13782.131
633.36663  13461.413
632.36763  12951.098
631.36863  13448.329
630.36963  13822.832
629.37063  13505.237
628.37163  13755.6
627.37263  13943.091
626.37363  13663.689
625.37463  13552.782
624.37562  13708.989
623.37662  14064.054
622.37762  14332.14
621.37862  13988.858
620.37962  13730.115
619.38062  13820.541
618.38162  13991.093
617.38262  13679.823
616.38362  13368.154
615.38462  13511.682
614.38561  13384.656
613.38661  13285.801
612.38761  12961.902
611.38861  13131.512
610.38961  13274.701
609.39061  13333.393
608.39161  13167.78
607.39261  13405.228
606.39361  13738.549
605.39461  13700.179
604.3956  13797.704
603.3966  13599.117
602.3976  13697.396
601.3986  13298.273
600.3996  13191.993
599.4006  13432.386
598.4016  12932.269
597.4026  13354.679
596.4036  13507.058
595.4046  13618.605
594.40559  13292.563
593.40659  12833.169
592.40759  13189.284
591.40859  13323.779
590.40959  13104.722
589.41059  13036.263
588.41159  13438.707
587.41259  13835.467
586.41359  13877.862
585.41459  13474.598
584.41558  13074.168
583.41658  13148.41
582.41758  13053.951
581.41858  13595.532
580.41958  13470.818
579.42058  12952.03
578.42158  12889.607
577.42258  12840.127
576.42358  12971.207
575.42458  12846.533
574.42557  13083.274
573.42657  13245.615
572.42757  12671.097
571.42857  12295.027
570.42957  11928.935
569.43057  12868.022
568.43157  13096.021
567.43257  12827.09
566.43357  12862.551
565.43457  12549.835
564.43556  12622.308
563.43656  13143.263
562.43756  13284.853
561.43856  13264.185
560.43956  12996.805
559.44056  12980.061
558.44156  13629.751
557.44256  13741.725
556.44356  13843.281
555.44456  13740.046
554.44555  13081.6
553.44655  12852.942
552.44755  12691.022
551.44855  12557.309
550.44955  12293.769
549.45055  12130.657
548.45155  11564.091
547.45255  11370.845
546.45355  11085.883
545.45455  10448.67
544.45554  10237.984
543.45654  10197.715
542.45754  9420.3411
541.45854  8640.6691
540.45954  8867.9991
539.46054  9622.2682
538.46154  10194.016
537.46254  11521.572
536.46354  16879.463
535.46454  25481.74
534.46553  28855.152
533.46653  23246.881
532.46753  14725.852
531.46853  9889.1423
530.46953  8982.5733
529.47053  8603.158
528.47153  8608.7317
527.47253  9293.5739
526.47353  10223.223
525.47453  10473.879
524.47552  10161.474
523.47652  9323.087
522.47752  8453.9733
521.47852  8048.7629
520.47952  8104.2712
519.48052  8042.1643
518.48152  8147.909
517.48252  8099.6587
516.48352  8102.6142
515.48452  8275.2
514.48551  7884.9364
513.48651  8027.671
512.48751  8152.9558
511.48851  8009.83
510.48951  8190.0625
509.49051  8152.1724
508.49151  7971.3391
507.49251  7972.3572
506.49351  7783.4578
505.49451  7715.1386
504.4955  7785.9512
503.4965  8004.3331
502.4975  7516.5148
501.4985  7511.1168
500.4995  7892.4593
499.5005  7519.172
498.5015  7118.7681
497.5025  7447.6729
496.5035  7569.4518
495.5045  7843.7696
494.50549  7675.2371
493.50649  7434.2202
492.50749  7276.5043
491.50849  7454.4853
490.50949  7827.4892
489.51049  7815.252
488.51149  7846.0112
487.51249  7809.4498
486.51349  8027.098
485.51449  8039.4999
484.51548  7883.4821
483.51648  7468.3229
482.51748  7573.9364
481.51848  7888.8028
480.51948  7777.6937
479.52048  7635.4052
478.52148  7407.3663
477.52248  7730.2531
476.52348  7905.1619
475.52448  7514.6114
474.52547  7525.8282
473.52647  7579.0513
472.52747  7852.5069
471.52847  7816.8801
470.52947  7492.7484
469.53047  7633.0439
468.53147  7536.8776
467.53247  7295.3783
466.53347  7355.7969
465.53447  7691.8252
464.53546  7577.2388
463.53646  7454.9239
462.53746  7621.9344
461.53846  7571.6726
460.53946  7566.9935
459.54046  7866.6726
458.54146  7684.501
457.54246  7646.7508
456.54346  7348.4064
455.54446  7403.0944
454.54545  7651.0942
453.54645  7701.9214
452.54745  7404.1196
451.54845  7381.7405
450.54945  7433.0111
449.55045  7594.0639
448.55145  7691.6396
447.55245  7462.6133
446.55345  7588.4339
445.55445  7679.6554
444.55544  7672.1289
443.55644  7658.08
442.55744  7554.9001
441.55844  7370.471
440.55944  7549.6265
439.56044  7508.5625
438.56144  7497.9292
437.56244  7254.6482
436.56344  7276.264
435.56444  7587.5031
434.56543  7661.1721
433.56643  7781.639
432.56743  7632.3627
431.56843  7718.4833
430.56943  7716.779
429.57043  7608.5311
428.57143  7749.0122
427.57243  7658.638
426.57343  7681.2698
425.57443  7732.0488
424.57542  7513.8242
423.57642  7366.5291
422.57742  7358.587
421.57842  7460.6486
420.57942  7405.7233
419.58042  7493.9207
418.58142  7604.8466
417.58242  7557.1955
416.58342  7616.3753
415.58442  7371.2097
414.58541  7153.0344
413.58641  7529.5707
412.58741  7339.1224
411.58841  7088.8311
410.58941  7319.6488
409.59041  7564.419
408.59141  7330.9757
407.59241  7332.6296
406.59341  7373.2307
405.59441  7551.158
404.5954  7268.9866
403.5964  7603.5045
402.5974  7653.6053
401.5984  7577.3893
400.5994  7400.8398
399.6004  7221.3021
398.6014  7267.5851
397.6024  7453.7974
396.6034  7389.0203
395.6044  7275.1826
394.60539  7386.8568
393.60639  7549.6449
392.60739  7485.2225
391.60839  7535.8612
390.60939  7538.4029
389.61039  7311.2678
388.61139  7197.5554
387.61239  7532.5412
386.61339  7723.1175
385.61439  7247.5109
384.61538  7063.5755
383.61638  7281.0474
382.61738  7381.4994
381.61838  7377.0602
380.61938  7088.3349
379.62038  7218.5042
378.62138  7278.9764
377.62238  7132.0292
376.62338  7321.6914
375.62438  7289.3669
374.62537  7116.556
373.62637  6998.247
372.62737  7197.8674
371.62837  7144.7778
370.62937  7077.5362
369.63037  7451.8574
368.63137  7521.2253
367.63237  7289.9073
366.63337  7301.3438
365.63437  7421.4858
364.63536  7506.3706
363.63636  7288.0311
362.63736  7448.8655
361.63836  7633.389
360.63936  7331.8803
359.64036  7123.7051
358.64136  7038.8516
357.64236  7113.6419
356.64336  7550.398
355.64436  7187.1972
354.64535  7190.0782
353.64635  7517.1318
352.64735  7556.4723
351.64835  7645.4752
350.64935  7978.0293
349.65035  8192.6764
348.65135  7866.8452
347.65235  7567.6981
346.65335  7335.0767
345.65435  7339.5582
344.65534  7180.7825
343.65634  7777.4169
342.65734  7656.1125
341.65834  7054.3757
340.65934  7103.0687
339.66034  6959.2291
338.66134  7258.2617
337.66234  7163.921
336.66334  7148.286
335.66434  7263.4947
334.66533  7056.6141
333.66633  7151.097
332.66733  7642.3457
331.66833  7554.9522
330.66933  7094.632
329.67033  6984.4709
328.67133  7163.4733
327.67233  7428.1778
326.67333  7149.378
325.67433  7001.487
324.67532  7337.8209
323.67632  7679.771
322.67732  7099.5214
321.67832  7000.7404
320.67932  7229.5473
319.68032  7249.1491
318.68132  7282.2828
317.68232  7119.5414
316.68332  7102.7159
315.68432  6963.0386
314.68531  7146.4775
313.68631  7334.7315
312.68731  7364.5238
311.68831  7548.9569
310.68931  7746.7425
309.69031  7382.1947
308.69131  7575.7046
307.69231  7526.9878
306.69331  7361.4493
305.69431  7033.9565
304.6953  7066.9747
303.6963  6862.8819
302.6973  6324.1401
301.6983  6198.7851
300.6993  5707.4453
299.7003  5357.887
298.7013  5119.4876
297.7023  4466.5905
296.7033  4278.7166
295.7043  3959.7014
294.70529  3734.4173
293.70629  3935.5306
292.70729  4649.5472
291.70829  5891.1187
290.70929  7206.2721
289.71029  11320.357
288.71129  18370.28
287.71229  23745.423
286.71329  20796.899
285.71429  11285.957
284.71528  5265.2951
283.71628  3599.7282
282.71728  3349.1541
281.71828  3558.8774
280.71928  4159.675
279.72028  4725.4693
278.72128  5112.0709
277.72228  4680.6573
276.72328  3743.2655
275.72428  3126.3241
274.72527  2553.6378
273.72627  2407.298
272.72727  2542.6286
271.72827  2468.4414
270.72927  2629.3617
269.73027  2765.2253
268.73127  2613.2106
267.73227  2562.0274
266.73327  2483.2428
265.73427  2393.4501
264.73526  2298.4824
263.73626  2267.8256
262.73726  2418.6763
261.73826  2351.1995
260.73926  2322.4538
259.74026  2509.8168
258.74126  2442.2106
257.74226  2238.27
256.74326  2220.2152
255.74426  2313.1121
254.74525  2278.5361
253.74625  2101.8042
252.74725  2308.1204
251.74825  2455.8475
250.74925  2236.7741
249.75025  2221.6534
248.75125  2235.1143
247.75225  2165.7866
246.75325  2258.3428
245.75425  2348.021
244.75524  2256.5982
243.75624  2341.4618
242.75724  2261.1659
241.75824  2193.1867
240.75924  2291.4318
239.76024  2286.1715
238.76124  2269.7386
237.76224  2145.7132
236.76324  2104.102
235.76424  2143.7542
234.76523  2037.7884
233.76623  2209.9436
232.76723  2252.4536
231.76823  1878.9465
230.76923  2005.5619
229.77023  2248.3274
228.77123  2128.7843
227.77223  2024.5161
226.77323  1961.4173
225.77423  1878.2201
224.77522  2017.1855
223.77622  2168.3636
222.77722  2115.6963
221.77822  2096.0289
220.77922  2076.3489
219.78022  1968.9838
218.78122  1941.5664
217.78222  1993.0659
216.78322  2068.3324
215.78422  1947.7427
214.78521  1942.4786
213.78621  2044.0022
212.78721  2206.7467
211.78821  2097.7023
210.78921  2154.3312
209.79021  2192.2366
208.79121  2240.0029
207.79221  2011.9605
206.79321  1941.9781
205.79421  2117.978
204.7952  1861.5604
203.7962  1918.5524
202.7972  1998.2278
201.7982  1876.8979
200.7992  1818.4145
199.8002  2061.9641
198.8012  1995.2169
197.8022  2074.5283
196.8032  2118.1844
195.8042  2007.7593
194.80519  2022.232
193.80619  2160.4165
192.80719  2032.3547
191.80819  1807.0839
190.80919  1837.7834
189.81019  1892.9585
188.81119  2022.2626
187.81219  2056.5455
186.81319  2031.8617
185.81419  1899.5971
184.81518  1957.0891
183.81618  2036.0742
182.81718  1982.3119
181.81818  1932.1737
180.81918  1983.6745
179.82018  1992.8466
178.82118  2140.9663
177.82218  1991.7065
176.82318  2002.2685
175.82418  2031.8247
174.82517  1947.3224
173.82617  1909.0009
172.82717  1872.0634
171.82817  1936.8626
170.82917  1858.5563
169.83017  1934.6981
168.83117  1946.2428
167.83217  2171.7675
166.83317  2090.2062
165.83417  1812.3339
164.83516  1826.8552
163.83616  1824.6255
162.83716  1753.6316
161.83816  1848.604
160.83916  1934.4579
159.84016  1950.69
158.84116  1857.993
157.84216  1971.5452
156.84316  2196.8641
155.84416  2280.4276
154.84515  2129.7626
153.84615  2108.4066
152.84715  2103.6401
151.84815  1887.8944
150.84915  1778.7545
149.85015  1914.0799
148.85115  1865.0703
147.85215  1807.8291
146.85315  1774.9293
145.85415  1881.3368
144.85514  2010.9318
143.85614  1997.075
142.85714  1941.4464
141.85814  1878.6202
140.85914  1926.4831
139.86014  1905.7066
138.86114  1853.5014
137.86214  1889.153
136.86314  1901.5859
135.86414  1881.2787
134.86513  1797.2367
133.86613  1731.3791
132.86713  1902.0002
131.86813  1978.1878
130.86913  1957.7194
129.87013  1874.6109
128.87113  1848.7014
127.87213  1853.1699
126.87313  1991.6902
125.87413  1949.2479
124.87512  1791.7269
123.87612  1717.0588
122.87712  1786.4998
121.87812  1855.6812
120.87912  1940.4359
119.88012  2017.5989
118.88112  1948.8383
117.88212  1882.173
116.88312  1977.3964
115.88412  1912.0618
114.88511  1769.2238
113.88611  1596.7822
112.88711  1594.4362
111.88811  1707.7513
110.88911  1839.1433
109.89011  1860.805
108.89111  1890.7955
107.89211  1835.0816
106.89311  1951.3273
105.89411  2183.7131
104.8951  2107.2384
103.8961  2120.9883
102.8971  1910.2242
101.8981  1772.8321
100.8991  1836.2931
99.9001  1852.1003
98.901099  1890.2334
97.902098  1882.1568
96.903097  1679.1733
95.904096  1614.1753
94.905095  1589.9318
93.906094  1604.7264
92.907093  1676.5276
91.908092  1724.2908
90.909091  1765.7183
89.91009  1891.537
88.911089  1875.7427
87.912088  1747.792
86.913087  1591.6937
85.914086  1692.9808
84.915085  1753.2308
83.916084  1728.9252
82.917083  1772.5347
81.918082  1741.8356
80.919081  1600.3835
79.92008  1607.6883
78.921079  1776.4055
77.922078  1922.3545
76.923077  1962.9689
75.924076  1812.3895
74.925075  1725.5243
73.926074  1968.7083
72.927073  1730.2204
71.928072  1464.1809
70.929071  1387.8703
69.93007  1507.2996
68.931069  1573.8273
67.932068  1566.2828
66.933067  1595.5243
65.934066  1622.083
64.935065  1577.6101
63.936064  1556.5532
62.937063  1724.1807
61.938062  1715.5061
60.939061  1474.1435
59.94006  1496.5151
58.941059  1734.0927
57.942058  1616.6962
56.943057  1493.2677
55.944056  1582.2918
54.945055  1721.8174
53.946054  1567.1319
52.947053  1525.5278
51.948052  1508.4838
50.949051  1511.565
49.95005  1572.2196
48.951049  1605.9022
47.952048  1586.7026
46.953047  1620.3912
45.954046  1674.1387
44.955045  1737.2959
43.956044  1642.4244
42.957043  1557.4299
41.958042  1475.4082
40.959041  1664.8382
39.96004  1782.3709
38.961039  1654.329
37.962038  1550.5125
36.963037  1770.5921
35.964036  1593.2368
34.965035  1414.979
33.966034  1488.8416
32.967033  1485.0791
31.968032  1556.3997
30.969031  1780.3171
29.97003  1918.1194
28.971029  2099.9971
27.972028  2105.9909
26.973027  1773.7226
25.974026  1549.2707
24.975025  1477.6718
23.976024  1415.7439
22.977023  1488.6553
21.978022  1494.4587
20.979021  1590.0189
19.98002  1537.1177
18.981019  1435.6834
17.982018  1473.9133
16.983017  1586.402
15.984016  1612.1204
14.985015  1425.0308
13.986014  1332.6211
12.987013  1432.3219
11.988012  1515.398
10.989011  1553.4198
9.99001  1575.4407
8.991009  1528.255
7.992008  1309.434
6.993007  1188.395
5.994006  1193.9333
4.995005  1189.1161
3.996004  1116.2297
2.997003  970.35962
1.998002  1062.2844
0.999001  1126.3475
0  1109.0049

# Region:                       Overall
# Spectrum ID:                  2
# Acquisition Date:             08/07/26 13:33:27 UTC
# Analysis Method:              XPS
# Analyzer:                     PHOIBOS MCD5 Analyzer
# Analyzer Lens:                LargeArea:1.5kV
# Analyzer Slit:                5:7x20\B:open
# Scan Mode:                    FixedAnalyzerTransmission
# Curves/Scan:                  1
# Values/Curve:                 1002
# Dwell Time:                   0.1
# Excitation Energy:            1253.64
# Binding Energy:               1000
# Pass Energy:                  50
# Bias Voltage:                 90
# Detector Voltage:             3000
# Eff. Workfunction:            4.543
# Source:                       X-Ray Dummy
# Comment:                      
#
# Cycle: 0
# Number of Scans: 1
#
# Cycle: 0, Curve: 0
# Acquisition Date:             08/07/26 13:33:27 UTC
#
# ColumnLabels:                 energy counts/s
#
1000  24958.448
999.001  25294.809
998.002  26363.604
997.003  26439.074
996.004  25935.646
995.005  25487.838
994.00599  24484.473
993.00699  24880.562
992.00799  25123.385
991.00899  24767
990.00999  25174.071
989.01099  24183.655
988.01199  23564.609
987.01299  22526.917
986.01399  21325.418
985.01499  21092.526
984.01598  21198.478
983.01698  21430.442
982.01798  20786.463
981.01898  19898.585
980.01998  19403.544
979.02098  19415.011
978.02198  19531.036
977.02298  18858.894
976.02398  19410.282
975.02498  19839.446
974.02597  19505.927
973.02697  19373.434
972.02797  19320.552
971.02897  19205.173
970.02997  19194.463
969.03097  18634.779
968.03197  18980.243
967.03297  19620.872
966.03397  20151.537
965.03497  20010.564
964.03596  19632.666
963.03696  19255.786
962.03796  19760.875
961.03896  19842.627
960.03996  19545.118
959.04096  18799.755
958.04196  19243.385
957.04296  19833.72
956.04396  19760.699
955.04496  19655.088
954.04595  19449.803
953.04695  19520.69
952.04795  19955.029
951.04895  19835.327
950.04995  19119.331
949.05095  19273.349
948.05195  20206.202
947.05295  20200.774
946.05395  19936.343
945.05495  20135.058
944.05594  20002.663
943.05694  19756.151
942.05794  19764.05
941.05894  19933.07
940.05994  20057.343
939.06094  19791.215
938.06194  20192.993
937.06294  20148.076
936.06394  19548.999
935.06494  20199.251
934.06593  20107.72
933.06693  19796.365
932.06793  20235.839
931.06893  20504.151
930.06993  19817.505
929.07093  20171.65
928.07193  20879.859
927.07293  19956.457
926.07393  20027.001
925.07493  19829.451
924.07592  20018.053
923.07692  20981.594
922.07792  20713.758
921.07892  20821.051
920.07992  20642.352
919.08092  20452.642
918.08192  20414.167
917.08292  20462.793
916.08392  20572.286
915.08492  20498.569
914.08591  19997.823
913.08691  19706.425
912.08791  20087.539
911.08891  20824.587
910.08991  21073.084
909.09091  20935.246
908.09191  20542.938
907.09291  21126.255
906.09391  21145.387
905.09491  21171.567
904.0959  20596.536
903.0969  20231.103
902.0979  20759.341
901.0989  21156.21
900.0999  20631.228
899.1009  20526.886
898.1019  21094.045
897.1029  20417.222
896.1039  20680.061
895.1049  21238.141
894.10589  21018.342
893.10689  20561.485
892.10789  21114.155
891.10889  21425.795
890.10989  21041.479
889.11089  21252.532
888.11189  21156.98
887.11289  21148.878
886.11389  20984.088
885.11489  21241.343
884.11588  20985.252
883.11688  20928.619
882.11788  20775.879
881.11888  21141.219
880.11988  21006.123
879.12088  21271.709
878.12188  21388.484
877.12288  21249.081
876.12388  21486.646
875.12488  21751.332
874.12587  21810.49
873.12687  21425.366
872.12787  21491.928
871.12887  21437.973
870.12987  21809.207
869.13087  22122.125
868.13187  21991.978
867.13287  21576.088
866.13387  21110.419
865.13487  21506.842
864.13586  21837.822
863.13686  22138.833
862.13786  21928.4
861.13886  22106.568
860.13986  22553.286
859.14086  22369.24
858.14186  22183.396
857.14286  22190.956
856.14386  22273.961
855.14486  21961.789
854.14585  22096.911
853.14685  22414.891
852.14785  22493.629
851.14885  21885.477
850.14985  21742.749
849.15085  22413.125
848.15185  22566.925
847.15285  22078.869
846.15385  22117.329
845.15485  22309.302
844.15584  22323.889
843.15684  22552.423
842.15784  22651.54
841.15884  22317.828
840.15984  21999.233
839.16084  22585.326
838.16184  22954.578
837.16284  23246.44
836.16384  22387.79
835.16484  21825.425
834.16583  22478.953
833.16683  22437.513
832.16783  22392.047
831.16883  22484.749
830.16983  22826.644
829.17083  22959.219
828.17183  23106.298
827.17283  22344.128
826.17383  22631.108
825.17483  23022.954
824.17582  22836.377
823.17682  22856.495
822.17782  22977.005
821.17882  23180.644
820.17982  22649.814
819.18082  22372.48
818.18182  22693.598
817.18282  22460.742
816.18382  23009.947
815.18482  23231.388
814.18581  23425.699
813.18681  22683.187
812.18781  23097.317
811.18881  23262.325
810.18981  22768.872
809.19081  22937.997
808.19181  23005.951
807.19281  23026.058
806.19381  22804.861
805.19481  23139.762
804.1958  23151.658
803.1968  22980.654
802.1978  22994.92
801.1988  23346.193
800.1998  23208.738
799.2008  23091.359
798.2018  23212.93
797.2028  23262.359
796.2038  23611.125
795.2048  23993.481
794.20579  23839.929
793.20679  24112.73
792.20779  24577.551
791.20879  24421.96
790.20979  24739.321
789.21079  24112.409
788.21179  23968.972
787.21279  24393.007
786.21379  24044.696
785.21479  23369.332
784.21578  23555.995
783.21678  23734.05
782.21778  23479.583
781.21878  23776.196
780.21978  23795.302
779.22078  23620.1
778.22178  22674.672
777.22278  22974.657
776.22378  23486.648
775.22478  23003.194
774.22577  23769.803
773.22677  24573.672
772.22777  24375.573
771.22877  24480.237
770.22977  24378.767
769.23077  24520.011
768.23177  25375.929
767.23277  24946.015
766.23377  24582.402
765.23477  24788.107
764.23576  24595.144
763.23676  24283.021
762.23776  23219.228
761.23876  23347.596
760.23976  22744.025
759.24076  22663.976
758.24176  22688.168
757.24276  22631.59
756.24376  22365.843
755.24476  21959.329
754.24575  21728.665
753.24675  22211.916
752.24775  22702.611
751.24875  23478.813
750.24975  24709.251
749.25075  25748.315
748.25175  25795.514
747.25275  25875.88
746.25375  25952.241
745.25475  25590.771
744.25574  25039.071
743.25674  24321.788
742.25774  23630.669
741.25874  22888.801
740.25974  22555.285
739.26074  22289.7
738.26174  20731.285
737.26274  19566.578
736.26374  17957.596
735.26474  17026.585
734.26573  17083.724
733.26673  16867.273
732.26773  16593.67
731.26873  16965.764
730.26973  16884.232
729.27073  16772.341
728.27173  16497.048
727.27273  16711.842
726.27373  16922.296
725.27473  16884.611
724.27572  16143.589
723.27672  15669.128
722.27772  15665.374
721.27872  15869.589
720.27972  16371.546
719.28072  16699.203
718.28172  16525.851
717.28272  16690.885
716.28372  16529.008
715.28472  16284.927
714.28571  16236.566
713.28671  16302.033
712.28771  16460.116
711.28871  16698.674
710.28971  16438.999
709.29071  15989.959
708.29171  16374.578
707.29271  16834.635
706.29371  16853.806
705.29471  16410.522
704.2957  16047.829
703.2967  15920.986
702.2977  15892.083
701.2987  16603.771
700.2997  16585.805
699.3007  16408.798
698.3017  15979.508
697.3027  15906.155
696.3037  15742.476
695.3047  15465.754
694.30569  15651.552
693.30669  16170.1
692.30769  16250.171
691.30869  16382.866
690.30969  16135.36
689.31069  15824.807
688.31169  15617.258
687.31269  16182.467
686.31369  16403.27
685.31469  16110.868
684.31568  16397.804
683.31668  16562.275
682.31768  16212.902
681.31868  15985.274
680.31968  16227.885
679.32068  16168.924
678.32168  16195.076
677.32268  16329.652
676.32368  16114.512
675.32468  16229.122
674.32567  16631.066
673.32667  16661.699
672.32767  16604.462
671.32867  15901.158
670.32967  15910.309
669.33067  16293.377
668.33167  16619.436
667.33267  16757.338
666.33367  16045.63
665.33467  16136.161
664.33566  15774.616
663.33666  16087.606
662.33766  16478.388
661.33866  16499.495
660.33966  16172.971
659.34066  16475.172
658.34166  16362.077
657.34266  16173.376
656.34366  16279.586
655.34466  16439.906
654.34565  16207.905
653.34665  15664.977
652.34765  15645.951
651.34865  15956.566
650.34965  16326.109
649.35065  16351.478
648.35165  16243.392
647.35265  16183.769
646.35365  16260.883
645.35465  16296.954
644.35564  16477.941
643.35664  16619.521
642.35764  16404.567
641.35864  16174.291
640.35964  15920.861
639.36064  16155.382
638.36164  16222.845
637.36264  16163.502
636.36364  15746.514
635.36464  15988.698
634.36563  16481.649
633.36663  16179.261
632.36763  15886.131
631.36863  16372.828
630.36963  16723.543
629.37063  16355.419
628.37163  16505.725
627.37263  16739.042
626.37363  16362.887
625.37463  16216.82
624.37562  16618.048
623.37662  16047.999
622.37762  16219.037
621.37862  16441.871
620.37962  15865.536
619.38062  16192.664
618.38162  16067.662
617.38262  16020.273
616.38362  16073.854
615.38462  16177.43
614.38561  16271.96
613.38661  16180.278
612.38761  16313.862
611.38861  16380.254
610.38961  16374.159
609.39061  16255.601
608.39161  16260.124
607.39261  16921.174
606.39361  16586.862
605.39461  15580.772
604.3956  15602.554
603.3966  16042.932
602.3976  16268.072
601.3986  15999.356
600.3996  15299.66
599.4006  15662.128
598.4016  16284.061
597.4026  16219.226
596.4036  15622.373
595.4046  15727.507
594.40559  15667.368
593.40659  15653.728
592.40759  15868.788
591.40859  15690.186
590.40959  16095.052
589.41059  16518.341
588.41159  16260.779
587.41259  16245.681
586.41359  15880.06
585.41459  15785.973
584.41558  16067.452
583.41658  16147.128
582.41758  16066.939
581.41858  16017.138
580.41958  15628.804
579.42058  15684.361
578.42158  15692.958
577.42258  15590.862
576.42358  15872.857
575.42458  16080.081
574.42557  16154.251
573.42657  15419.45
572.42757  15253.982
571.42857  15608.55
570.42957  16027.492
569.43057  15836.345
568.43157  15490.897
567.43257  15396.735
566.43357  15908.611
565.43457  15880.284
564.43556  15781.63
563.43656  15613.342
562.43756  15454.758
561.43856  15657.012
560.43956  16040.604
559.44056  16222.197
558.44156  16759.596
557.44256  16548.126
556.44356  16318.362
555.44456  15691.836
554.44555  15365.471
553.44655  15490.847
552.44755  15415.792
551.44855  15183.727
550.44955  14844.962
549.45055  14086.615
548.45155  14210.377
547.45255  13786.005
546.45355  12866.447
545.45455  12907.189
544.45554  12699.554
543.45654  11888.899
542.45754  11328.055
541.45854  11397.287
540.45954  10822.655
539.46054  10431.381
538.46154  11504.046
537.46254  13692.731
536.46354  19468.849
535.46454  30172.312
534.46553  37853.058
533.46653  32454.258
532.46753  19965.259
531.46853  12833.139
530.46953  10915.324
529.47053  10171.319
528.47153  10186.155
527.47253  10792.566
526.47353  12365.899
525.47453  13337.826
524.47552  12354.723
523.47652  11060.872
522.47752  10209.852
521.47852  9793.2856
520.47952  9414.9557
519.48052  8984.5723
518.48152  8987.4915
517.48252  9167.0821
516.48352  9537.1236
515.48452  9752.5362
514.48551  9578.7461
513.48651  9432.9729
512.48751  9445.698
511.48851  9260.573
510.48951  9186.6196
509.49051  9381.6229
508.49151  9298.1283
507.49251  9419.5345
506.49351  8948.287
505.49451  9018.8513
504.4955  9176.4581
503.4965  8835.1076
502.4975  8614.6652
501.4985  8933.6626
500.4995  8994.6581
499.5005  8910.2311
498.5015  8984.5
497.5025  9110.2376
496.5035  8886.3358
495.5045  8890.5633
494.50549  9312.9627
493.50649  9472.2096
492.50749  9405.8916
491.50849  9245.9653
490.50949  9066.9286
489.51049  9250.9638
488.51149  8987.7714
487.51249  9066.7091
486.51349  9168.5295
485.51449  8968.5465
484.51548  9115.3715
483.51648  9672.351
482.51748  9603.3489
481.51848  9268.7907
480.51948  8863.2115
479.52048  8996.9618
478.52148  9001.4752
477.52248  9264.265
476.52348  9304.843
475.52448  9212.6224
474.52547  9503.69
473.52647  9571.3541
472.52747  9251.0725
471.52847  9101.5029
470.52947  9252.2381
469.53047  9169.8511
468.53147  9103.4387
467.53247  8900.5198
466.53347  8836.1444
465.53447  8840.2236
464.53546  9172.078
463.53646  9270.6816
462.53746  9001.4474
461.53846  9006.1294
460.53946  9026.6414
459.54046  9097.5056
458.54146  9541.2008
457.54246  9457.8346
456.54346  9467.2994
455.54446  9501.61
454.54545  8943.1083
453.54645  8655.9057
452.54745  9024.0115
451.54845  8991.6087
450.54945  9114.6152
449.55045  9078.1198
448.55145  9315.6492
447.55245  9317.5456
446.55345  9041.135
445.55445  9048.2727
444.55544  8874.2238
443.55644  8982.1506
442.55744  9547.076
441.55844  9662.4937
440.55944  9436.2828
439.56044  9206.7607
438.56144  9388.7176
437.56244  9230.065
436.56344  8700.8381
435.56444  8699.4711
434.56543  9033.6993
433.56643  9020.5889
432.56743  9114.183
431.56843  9137.7762
430.56943  9173.5405
429.57043  9481.5236
428.57143  8688.7974
427.57243  8603.1644
426.57343  8997.5422
425.57443  8803.1342
424.57542  8737.0969
423.57642  8907.713
422.57742  8788.6667
421.57842  8673.2395
420.57942  8760.7591
419.58042  8826.3906
418.58142  9214.2916
417.58242  9062.3004
416.58342  8801.7576
415.58442  8855.5883
414.58541  8884.213
413.58641  8882.9366
412.58741  8750.9549
411.58841  8368.6163
410.58941  8729.3588
409.59041  9300.0796
408.59141  9175.1378
407.59241  8843.311
406.59341  8836.1877
405.59441  9149.2805
404.5954  9216.3904
403.5964  9001.6977
402.5974  8846.196
401.5984  9008.0632
400.5994  9154.3862
399.6004  9202.7951
398.6014  9199.8445
397.6024  8849.1007
396.6034  8951.903
395.6044  9135.6695
394.60539  8918.934
393.60639  8738.1775
392.60739  8862.4567
391.60839  8484.8616
390.60939  8818.5589
389.61039  9425.4629
388.61139  9195.9344
387.61239  8969.4299
386.61339  9153.6138
385.61439  8997.5386
384.61538  9431.2515
383.61638  9195.4817
382.61738  9001.4299
381.61838  9004.8426
380.61938  8932.7212
379.62038  9434.3892
378.62138  9144.698
377.62238  8946.734
376.62338  8997.1682
375.62438  9060.9009
374.62537  8953.1883
373.62637  9061.3434
372.62737  9087.9538
371.62837  8860.2152
370.62937  8981.1322
369.63037  9344.4567
368.63137  9517.9315
367.63237  8891.7682
366.63337  8965.1044
365.63437  9189.1284
364.63536  9190.9783
363.63636  9358.8301
362.63736  9421.5799
361.63836  9349.2443
360.63936  9255.1718
359.64036  8862.2858
358.64136  8908.8953
357.64236  9418.2486
356.64336  9435.4651
355.64436  9521.4497
354.64535  9490.9448
353.64635  9081.3339
352.64735  9676.7971
351.64835  9872.145
350.64935  9686.8261
349.65035  9753.8032
348.65135  9522.6787
347.65235  9042.575
346.65335  9110.7047
345.65435  9115.8106
344.65534  9192.6711
343.65634  8943.2521
342.65734  8844.4558
341.65834  8925.7689
340.65934  9022.9872
339.66034  8901.2187
338.66134  9027.0686
337.66234  9195.8075
336.66334  9026.9298
335.66434  8877.9861
334.66533  8928.908
333.66633  9067.1415
332.66733  9388.816
331.66833  9256.0682
330.66933  9346.0835
329.67033  9073.3024
328.67133  8957.2527
327.67233  8879.9239
326.67333  8429.2374
325.67433  8529.3108
324.67532  9003.1674
323.67632  9286.3821
322.67732  8921.2432
321.67832  9040.8921
320.67932  9166.711
319.68032  9016.2842
318.68132  8819.529
317.68232  9012.4057
316.68332  9306.261
315.68432  9500.4668
314.68531  9209.7632
313.68631  9004.0194
312.68731  9254.6394
311.68831  9363.1933
310.68931  9308.4223
309.69031  9576.7832
308.69131  9468.8582
307.69231  9553.3464
306.69331  9075.0806
305.69431  8659.5096
304.6953  8656.3051
303.6963  8678.8695
302.6973  8275.0576
301.6983  7964.1267
300.6993  7238.5607
299.7003  6839.9356
298.7013  6434.3705
297.7023  6045.8386
296.7033  5600.851
295.7043  5030.3271
294.70529  4617.6134
293.70629  4576.6057
292.70729  5520.1082
291.70829  6938.2283
290.70929  8685.1769
289.71029  12558.854
288.71129  22201.123
287.71229  30477.216
286.71329  27839.33
285.71429  16581.422
284.71528  7961.1578
283.71628  4932.0698
282.71728  4348.1517
281.71828  4369.026
280.71928  4698.682
279.72028  5672.7081
278.72128  6357.1061
277.72228  5855.216
276.72328  4956.0432
275.72428  4143.3555
274.72527  3471.6301
273.72627  3093.1072
272.72727  2991.8183
271.72827  3111.0681
270.72927  3221.7258
269.73027  3425.236
268.73127  3355.8398
267.73227  3343.0011
266.73327  3309.3722
265.73427  3196.6827
264.73526  3079.5503
263.73626  2898.4326
262.73726  2889.3508
261.73826  2987.0889
260.73926  2773.0327
259.74026  2709.0059
258.74126  2759.3995
257.74226  2764.1372
256.74326  2799.2868
255.74426  2637.2973
254.74525  2477.8659
253.74625  2518.3503
252.74725  2755.155
251.74825  2734.7604
250.74925  2566.2575
249.75025  2658.9449
248.75125  2718.976
247.75225  2857.4065
246.75325  2668.1981
245.75425  2476.7568
244.75524  2565.4803
243.75624  2898.088
242.75724  2875.8694
241.75824  2788.5721
240.75924  2622.5191
239.76024  2601.0711
238.76124  2753.7714
237.76224  2658.1487
236.76324  2479.1145
235.76424  2492.7444
234.76523  2518.417
233.76623  2471.8242
232.76723  2445.5387
231.76823  2554.2095
230.76923  2517.5426
229.77023  2481.5253
228.77123  2458.5324
227.77223  2397.2207
226.77323  2471.4855
225.77423  2452.7353
224.77522  2574.7987
223.77622  2500.2039
222.77722  2426.4929
221.77822  2694.7571
220.77922  2567.6632
219.78022  2271.1813
218.78122  2306.1312
217.78222  2337.7637
216.78322  2438.259
215.78422  2470.0729
214.78521  2348.1762
213.78621  2396.2318
212.78721  2473.187
211.78821  2473.0093
210.78921  2346.9614
209.79021  2439.5366
208.79121  2332.6687
207.79221  2241.0751
206.79321  2385.7605
205.79421  2461.9527
204.7952  2227.9088
203.7962  2267.9247
202.7972  2461.5591
201.7982  2301.7516
200.7992  2371.1938
199.8002  2451.2401
198.8012  2449.8243
197.8022  2359.8394
196.8032  2396.5378
195.8042  2339.7355
194.80519  2140.5778
193.80619  2273.6999
192.80719  2491.0568
191.80819  2391.5024
190.80919  2330.8062
189.81019  2335.2138
188.81119  2357.892
187.81219  2355.7399
186.81319  2352.0923
185.81419  2459.7874
184.81518  2379.2909
183.81618  2275.211
182.81718  2358.2217
181.81818  2475.5947
180.81918  2276.5638
179.82018  2250.523
178.82118  2231.4343
177.82218  2007.5704
176.82318  2105.8297
175.82418  2265.9823
174.82517  2368.1641
173.82617  2338.5998
172.82717  2392.2027
171.82817  2392.0082
170.82917  2241.6749
169.83017  2291.2808
168.83117  2188.523
167.83217  2221.7064
166.83317  2291.2696
165.83417  2245.2087
164.83516  2230.5995
163.83616  2230.4094
162.83716  2375.0318
161.83816  2259.1346
160.83916  2210.669
159.84016  2305.8522
158.84116  2242.8289
157.84216  2231.1237
156.84316  2331.4289
155.84416  2685.7242
154.84515  2845.2579
153.84615  2711.5715
152.84715  2401.9843
151.84815  2293.8389
150.84915  2290.0877
149.85015  2253.4086
148.85115  2276.8658
147.85215  2297.6644
146.85315  2143.7743
145.85415  2266.2785
144.85514  2229.7722
143.85614  2222.1148
142.85714  2350.5347
141.85814  2161.9993
140.85914  2050.7251
139.86014  2040.3151
138.86114  2157.4731
137.86214  2256.8926
136.86314  2137.8081
135.86414  2129.2578
134.86513  2127.6751
133.86613  2120.4451
132.86713  2131.5219
131.86813  2178.4129
130.86913  2293.5129
129.87013  2104.7216
128.87113  2139.7711
127.87213  2139.4527
126.87313  2185.3486
125.87413  2037.15
124.87512  2033.2541
123.87612  2263.5242
122.87712  2024.3606
121.87812  2034.2279
120.87912  2232.497
119.88012  2381.6874
118.88112  2246.8558
117.88212  1998.3647
116.88312  2065.3687
115.88412  2271.8799
114.88511  2397.2434
113.88611  2395.2364
112.88711  2283.2257
111.88811  2406.1888
110.88911  2229.361
109.89011  2006.9691
108.89111  2201.2602
107.89211  2187.4381
106.89311  2050.188
105.89411  2456.1538
104.8951  2726.0746
103.8961  2677.1537
102.8971  2490.0489
101.8981  2251.0726
100.8991  2087.4424
99.9001  2061.39
98.901099  2143.1019
97.902098  2231.1349
96.903097  2153.207
95.904096  2278.8651
94.905095  2319.2093
93.906094  2076.5378
92.907093  2090.9422
91.908092  2109.3924
90.909091  2086.5004
89.91009  2137.3967
88.911089  2149.0506
87.912088  2035.3438
86.913087  1916.5351
85.914086  2052.3532
84.915085  1918.0103
83.916084  2132.2269
82.917083  2171.8725
81.918082  2017.9379
80.919081  2054.7378
79.92008  2086.2079
78.921079  1972.015
77.922078  1936.8459
76.923077  2020.4317
75.924076  2087.8483
74.925075  2182.4373
73.926074  2245.7157
72.927073  2049.2912
71.928072  2038.1388
70.929071  2002.2352
69.93007  1858.3723
68.931069  1943.4816
67.932068  2147.5296
66.933067  2107.8799
65.934066  1952.4012
64.935065  1894.4954
63.936064  1849.6897
62.937063  2002.5607
61.938062  1952.4052
60.939061  2069.2731
59.94006  2136.5691
58.941059  2050.5152
57.942058  2128.8048
56.943057  2113.7074
55.944056  2001.9694
54.945055  2061.0731
53.946054  2076.7167
52.947053  1922.4278
51.948052  1950.6212
50.949051  2162.1849
49.95005  2138.2289
48.951049  2036.6821
47.952048  2097.9867
46.953047  2116.0989
45.954046  2027.3915
44.955045  1921.1143
43.956044  1846.7973
42.957043  1838.762
41.958042  1872.1325
40.959041  2003.9422
39.96004  1937.7214
38.961039  1884.5996
37.962038  1891.4519
36.963037  1976.3832
35.964036  1906.8151
34.965035  1821.5912
33.966034  1798.5584
32.967033  1736.0125
31.968032  1902.4942
30.969031  2010.6195
29.97003  2038.0419
28.971029  2329.6451
27.972028  2478.7897
26.973027  2190.6207
25.974026  1904.0381
24.975025  1822.8505
23.976024  1863.2803
22.977023  1851.0916
21.978022  1901.3681
20.979021  2044.8761
19.98002  2137.4849
18.981019  1996.0983
17.982018  1835.5372
16.983017  1956.9339
15.984016  2002.4228
14.985015  1765.9822
13.986014  1745.2719
12.987013  1781.1705
11.988012  1804.0274
10.989011  1752.9212
9.99001  1743.7107
8.991009  1667.5762
7.992008  1587.7789
6.993007  1551.848
5.994006  1457.2748
4.995005  1398.5589
3.996004  1372.988
2.997003  1370.4052
1.998002  1381.3832
0.999001  1344.4308
0  1177.6237

# Region:                       Ca 2p
# Spectrum ID:                  4
# Acquisition Date:             08/07/26 13:37:39 UTC
# Analysis Method:              XPS
# Analyzer:                     PHOIBOS MCD5 Analyzer
# Analyzer Lens:                LargeArea:1.5kV
# Analyzer Slit:                5:7x20\B:open
# Scan Mode:                    FixedAnalyzerTransmission
# Curves/Scan:                  1
# Values/Curve:                 1661
# Dwell Time:                   0.1
# Excitation Energy:            1253.64
# Binding Energy:               481
# Pass Energy:                  50
# Bias Voltage:                 90
# Detector Voltage:             3000
# Eff. Workfunction:            4.543
# Source:                       X-Ray Dummy
# Comment:                      
#
# Cycle: 0
# Number of Scans: 1
#
# Cycle: 0, Curve: 0
# Acquisition Date:             08/07/26 13:37:39 UTC
#
# ColumnLabels:                 energy counts/s
#
481  9212.8477
480.9  9057.6008
480.8  9517.1718
480.7  9028.9037
480.6  9183.8164
480.5  9229.7819
480.4  9146.4342
480.3  9323.7312
480.2  9130.7587
480.1  9380.5357
480  9029.1837
479.9  8705.6987
479.8  8760.7857
479.7  8953.9663
479.6  8695.0197
479.5  9012.2811
479.4  9244.4325
479.3  9647.8039
479.2  9374.8978
479.1  9401.851
479  9361.1433
478.9  9364.1236
478.8  9006.4142
478.7  9295.0998
478.6  9018.3308
478.5  9077.7012
478.4  8723.254
478.3  9100.1263
478.2  8762.1582
478.1  8952.3103
478  8827.9297
477.9  9562.7875
477.8  9332.1781
477.7  8559.3211
477.6  9114.0929
477.5  9502.148
477.4  9006.8256
477.3  9163.282
477.2  9198.5128
477.1  9001.5929
477  9007.0188
476.9  9043.0406
476.8  8662.5751
476.7  9219.774
476.6  9574.6033
476.5  9085.5287
476.4  9251.8807
476.3  8976.7261
476.2  8894.7972
476.1  9165.4901
476  9027.323
475.9  9213.2381
475.8  9161.5159
475.7  9291.7365
475.6  8816.6943
475.5  9505.7813
475.4  8665.7911
475.3  9258.1118
475.2  9320.3247
475.1  9231.4376
475  9399.0803
474.9  9154.807
474.8  9373.8134
474.7  9221.4902
474.6  9140.4373
474.5  8948.6823
474.4  8620.0748
474.3  9262.7729
474.2  9667.3432
474.1  9219.6565
474  9241.7409
473.9  9341.3353
473.8  8688.973
473.7  8813.7913
473.6  8752.0996
473.5  9218.5125
473.4  8956.4637
473.3  9202.0555
473.2  8943.912
473.1  8723.0549
473  8625.7493
472.9  8974.3649
472.8  9226.3971
472.7  9336.4861
472.6  8799.3167
472.5  8924.2739
472.4  8644.1883
472.3  8560.2656
472.2  9329.1183
472.1  9061.7032
472  8988.0285
471.9  8870.8024
471.8  8630.9909
471.7  9139.4005
471.6  9105.4974
471.5  8699.0768
471.4  9030.7261
471.3  8936.3158
471.2  9806.0995
471.1  8985.6496
471  8639.3645
470.9  9267.6782
470.8  8591.4754
470.7  8601.9527
470.6  8803.8865
470.5  9211.6641
470.4  8924.1152
470.3  9307.0033
470.2  9212.2384
470.1  9203.2762
470  9107.4915
469.9  9114.2976
469.8  8983.8654
469.7  8768.8172
469.6  8874.566
469.5  8575.8286
469.4  9473.6696
469.3  9506.5054
469.2  9172.9685
469.1  8689.8382
469  9035.92
468.9  8950.0143
468.8  8737.5345
468.7  9017.1199
468.6  9022.6482
468.5  8698.3644
468.4  8904.8694
468.3  8974.2386
468.2  9474.7489
468.1  9391.3798
468  9338.7893
467.9  9395.3289
467.8  9307.1083
467.7  8969.6544
467.6  9155.8707
467.5  9191.2249
467.4  8702.2762
467.3  8706.1301
467.2  9154.7498
467.1  9016.0326
467  9331.0447
466.9  9176.5478
466.8  9154.2084
466.7  8987.299
466.6  8747.6336
466.5  9286.9221
466.4  9241.6546
466.3  8615.0555
466.2  8967.3603
466.1  9050.6068
466  9027.4672
465.9  8748.9906
465.8  9180.8588
465.7  8913.1711
465.6  8962.6054
465.5  9012.8376
465.4  9078.7675
465.3  9294.6153
465.2  9315.3428
465.1  9056.8357
465  9415.9094
464.9  9124.6642
464.8  9504.111
464.7  9104.2791
464.6  9103.5442
464.5  9233.0071
464.4  8767.2681
464.3  9372.064
464.2  9055.4469
464.1  8606.8206
464  9262.6535
463.9  9073.4422
463.8  8914.9716
463.7  9087.5886
463.6  9040.8388
463.5  9207.1754
463.4  9083.5359
463.3  8970.5344
463.2  9186.2543
463.1  9585.3143
463  9131.7706
462.9  8724.3679
462.8  9420.0985
462.7  9554.9854
462.6  9189.8359
462.5  9318.1743
462.4  9093.533
462.3  9156.1908
462.2  8859.28
462.1  8814.136
462  8896.236
461.9  9206.013
461.8  9146.2253
461.7  9248.7132
461.6  9122.5226
461.5  9071.7443
461.4  9320.6155
461.3  9567.6754
461.2  9169.6832
461.1  8383.0185
461  9223.4746
460.9  8774.3805
460.8  9771.4697
460.7  8786.7011
460.6  8946.1188
460.5  9291.9947
460.4  9082.1844
460.3  8884.5295
460.2  8987.4995
460.1  9107.7636
460  9403.6125
459.9  9097.8598
459.8  8883.5681
459.7  8712.3228
459.6  9234.3458
459.5  9193.4779
459.4  9192.2809
459.3  8898.2134
459.2  9436.1742
459.1  9134.0186
459  8825.4052
458.9  9175.9938
458.8  9342.4522
458.7  9098.1082
458.6  9021.412
458.5  9320.8898
458.4  8895.9389
458.3  8958.3754
458.2  8717.2454
458.1  8930.9017
458  9271.0686
457.9  9243.8625
457.8  9305.9634
457.7  9354.8754
457.6  8882.0949
457.5  9502.3844
457.4  9143.9073
457.3  8748.7961
457.2  9530.551
457.1  9218.24
457  9125.8867
456.9  8861.5614
456.8  9210.2454
456.7  9034.4008
456.6  8993.7847
456.5  9696.9561
456.4  9049.7359
456.3  8673.8306
456.2  8897.4721
456.1  9079.0197
456  9381.6796
455.9  9204.9735
455.8  9378.2459
455.7  8974.8605
455.6  8682.7686
455.5  8938.8601
455.4  8896.1917
455.3  9082.5593
455.2  8706.7538
455.1  8705.4788
455  8579.4005
454.9  8788.2665
454.8  8541.6173
454.7  8988.6395
454.6  9195.3301
454.5  9270.3572
454.4  9327.4263
454.3  8913.8102
454.2  8824.3738
454.1  8863.1958
454  8877.402
453.9  9356.5783
453.8  8811.0699
453.7  9285.1054
453.6  8967.067
453.5  8821.6382
453.4  8973.7405
453.3  9360.1594
453.2  8820.9598
453.1  9035.9998
453  9129.6702
452.9  9418.6355
452.8  9270.1128
452.7  9608.1525
452.6  9318.6303
452.5  8871.3423
452.4  8596.9029
452.3  8979.6502
452.2  8810.6839
452.1  8771.5638
452  9125.5649
451.9  9213.5272
451.8  9312.9864
451.7  9666.6372
451.6  9222.4931
451.5  8971.5634
451.4  8729.0571
451.3  9270.5482
451.2  8933.1055
451.1  8865.008
451  8700.2146
450.9  9416.1349
450.8  9492.3929
450.7  8605.6327
450.6  9334.6006
450.5  8701.8731
450.4  8961.0214
450.3  9000.9616
450.2  9126.9093
450.1  9260.57
450  9439.967
449.9  8907.5341
449.8  8884.7052
449.7  8964.0842
449.6  9138.5438
449.5  9451.6825
449.4  9635.5322
449.3  9239.5193
449.2  9079.6281
449.1  9034.609
449  9040.0167
448.9  8773.8245
448.8  8985.6873
448.7  8956.0182
448.6  9096.1712
448.5  9161.4969
448.4  9080.249
448.3  8944.6252
448.2  8718.5689
448.1  9321.2274
448  8992.3725
447.9  8924.4932
447.8  9026.3819
447.7  9001.6406
447.6  9356.1805
447.5  9080.6888
447.4  9446.1627
447.3  9212.5122
447.2  9219.8948
447.1  8900.1199
447  8944.4061
446.9  8984.9467
446.8  9203.7142
446.7  9497.824
446.6  9232.9337
446.5  9227.4328
446.4  8813.2853
446.3  9617.9253
446.2  8940.3282
446.1  8807.894
446  8995.5664
445.9  9235.4923
445.8  9291.1898
445.7  9139.3425
445.6  8665.13
445.5  9558.1057
445.4  9615.3763
445.3  9415.8051
445.2  9385.1507
445.1  9356.4805
445  9293.0091
444.9  9090.0649
444.8  9138.2761
444.7  8702.0981
444.6  9232.6526
444.5  9444.2133
444.4  9013.9148
444.3  9092.8837
444.2  9214.4829
444.1  8976.3309
444  8913.4695
443.9  9153.0619
443.8  9481.0993
443.7  9070.3116
443.6  9222.9302
443.5  9384.4943
443.4  8988.7321
443.3  9103.9818
443.2  8889.3757
443.1  9638.3352
443  9308.5568
442.9  9632.2074
442.8  9085.3144
442.7  9495.2286
442.6  8986.0407
442.5  9092.4032
442.4  9508.7909
442.3  9888.6933
442.2  9497.5647
442.1  9243.3829
442  9167.4226
441.9  9610.5193
441.8  9546.8634
441.7  9186.9506
441.6  9410.7972
441.5  9501.2109
441.4  9446.2995
441.3  9647.8026
441.2  9282.1171
441.1  9236.634
441  9198.1059
440.9  9013.0283
440.8  9219.8211
440.7  8995.0394
440.6  9368.9139
440.5  9590.6725
440.4  9200.1243
440.3  9594.4003
440.2  9230.6252
440.1  9714.3974
440  9537.56
439.9  8870.2541
439.8  8998.6315
439.7  9287.5655
439.6  9766.9053
439.5  9217.7856
439.4  9023.3628
439.3  9146.6089
439.2  9327.1448
439.1  9151.8436
439  9251.0322
438.9  9565.9882
438.8  9162.0688
438.7  8746.2504
438.6  8691.9402
438.5  9101.3487
438.4  8953.2602
438.3  8723.3792
438.2  8946.4939
438.1  9019.702
438  9385.3711
437.9  8546.168
437.8  8894.5724
437.7  9169.2094
437.6  9096.2123
437.5  9102.908
437.4  8686.301
437.3  9123.8124
437.2  9131.8772
437.1  8945.1722
437  8919.5121
436.9  9328.2306
436.8  9398.7392
436.7  9068.388
436.6  9377.9091
436.5  8894.8321
436.4  9200.3652
436.3  8937.7841
436.2  9378.5978
436.1  9306.2654
436  9097.7754
435.9  9360.1541
435.8  8697.2287
435.7  8939.7296
435.6  8818.2816
435.5  9348.4006
435.4  9160.4053
435.3  9140.1228
435.2  9126.9205
435.1  8863.5626
435  9427.6469
434.9  8949.2204
434.8  9474.9562
434.7  9017.6692
434.6  8762.8861
434.5  9008.5761
434.4  9518.9344
434.3  9206.497
434.2  9245.4771
434.1  8942.8579
434  9321.9847
433.9  9260.7792
433.8  9310.3959
433.7  9147.7605
433.6  9403.4339
433.5  9243.8373
433.4  9020.4371
433.3  9256.2115
433.2  9479.4241
433.1  9779.4732
433  9191.4197
432.9  8835.29
432.8  9034.7402
432.7  9359.8925
432.6  8969.8015
432.5  9388.617
432.4  9455.3032
432.3  9388.6842
432.2  9546.7129
432.1  8987.6895
432  9053.2609
431.9  9163.5635
431.8  9109.8244
431.7  9202.9582
431.6  9636.5767
431.5  8995.0229
431.4  9168.6204
431.3  8728.2372
431.2  8742.0349
431.1  8851.9213
431  9093.2501
430.9  9380.0036
430.8  9198.2266
430.7  9558.4877
430.6  8975.0762
430.5  8957.4085
430.4  8709.0952
430.3  9511.1226
430.2  9246.3834
430.1  9194.5854
430  9125.0461
429.9  8777.2085
429.8  9376.218
429.7  9181.9206
429.6  8790.5352
429.5  9133.1891
429.4  9036.4849
429.3  8439.0087
429.2  8899.6062
429.1  9004.211
429  9030.7353
428.9  9314.803
428.8  9110.2163
428.7  9216.0026
428.6  8935.5544
428.5  8973.7368
428.4  8979.4138
428.3  8866.7805
428.2  8678.4721
428.1  8959.6962
428  8806.2055
427.9  8971.0779
427.8  9681.1336
427.7  9468.4748
427.6  8709.5243
427.5  8877.2176
427.4  9173.7041
427.3  8847.5268
427.2  9166.2835
427.1  9149.2409
427  8794.1112
426.9  9329.5636
426.8  8918.873
426.7  9199.2764
426.6  8703.3158
426.5  9027.152
426.4  8979.2318
426.3  9192.6301
426.2  9333.279
426.1  9252.7352
426  9206.3925
425.9  9167.217
425.8  9344.8016
425.7  9494.9428
425.6  8559.4199
425.5  9015.3365
425.4  8793.3948
425.3  8970.0867
425.2  8643.0539
425.1  8698.2993
425  8705.609
424.9  9215.6886
424.8  8802.1211
424.7  9373.5026
424.6  9515.1416
424.5  8937.4209
424.4  8915.8363
424.3  8908.6246
424.2  9389.0446
424.1  8993.1312
424  9045.62
423.9  8837.4473
423.8  8756.8443
423.7  9291.3122
423.6  9216.1322
423.5  9332.0972
423.4  8716.942
423.3  8972.6408
423.2  9119.4542
423.1  8715.4838
423  9240.1551
422.9  8872.8165
422.8  9454.3373
422.7  9381.6709
422.6  9172.3872
422.5  8981.4145
422.4  8790.3461
422.3  9165.4555
422.2  8717.7128
422.1  9219.8805
422  9313.8464
421.9  9029.3025
421.8  8771.6361
421.7  9302.2224
421.6  9188.9438
421.5  9372.1125
421.4  9089.8111
421.3  8833.247
421.2  9081.5218
421.1  8626.5265
421  9286.8406
420.9  9127.0828
420.8  8407.6232
420.7  8864.1374
420.6  8978.0347
420.5  8911.7152
420.4  8664.455
420.3  8904.1563
420.2  9236.3873
420.1  8664.2434
420  8488.7244
419.9  9131.2577
419.8  9127.0073
419.7  9192.7003
419.6  8949.918
419.5  9125.7767
419.4  9406.0473
419.3  9149.6496
419.2  8827.1607
419.1  8762.2482
419  8977.3552
418.9  9070.8797
418.8  8579.7516
418.7  8622.6845
418.6  8461.6304
418.5  8939.0938
418.4  8949.9863
418.3  9187.4839
418.2  9071.8652
418.1  9296.4112
418  9082.603
417.9  8503.6105
417.8  8907.7496
417.7  8812.0255
417.6  9466.8114
417.5  9132.6785
417.4  9111.6674
417.3  9073.8264
417.2  9198.3362
417.1  9233.3138
417  8953.7917
416.9  9298.4774
416.8  9147.2308
416.7  8926.3862
416.6  9341.3557
416.5  9019.1715
416.4  8865.6814
416.3  9114.4658
416.2  9024.7001
416.1  9010.786
416  8653.8531
415.9  9243.4157
415.8  8806.6865
415.7  8979.5259
415.6  9023.8105
415.5  8889.4171
415.4  9082.1848
415.3  9474.9894
415.2  8801.879
415.1  8344.3154
415  9055.4061
414.9  9026.1842
414.8  9476.5696
414.7  8909.5916
414.6  8663.4859
414.5  9383.8463
414.4  9080.2691
414.3  8816.692
414.2  9006.169
414.1  9129.4928
414  9409.9042
413.9  8936.9383
413.8  9052.8716
413.7  9118.8122
413.6  8914.1478
413.5  8892.1321
413.4  9151.5898
413.3  9335.5103
413.2  8699.8195
413.1  9089.6948
413  9016.8748
412.9  9337.6781
412.8  8870.7985
412.7  8703.4219
412.6  8497.8576
412.5  9219.3542
412.4  9401.3017
412.3  8993.1576
412.2  9144.1916
412.1  9251.0954
412  9193.3038
411.9  9215.9724
411.8  8376.8626
411.7  8421.6986
411.6  8893.0701
411.5  9277.5094
411.4  8816.1261
411.3  8889.2797
411.2  8718.8789
411.1  8811.6425
411  8897.4449
410.9  8862.1459
410.8  9172.9508
410.7  9161.4865
410.6  8805.1445
410.5  9179.4594
410.4  9475.3004
410.3  9041.866
410.2  8852.5279
410.1  8926.3557
410  9362.8938
409.9  9067.0849
409.8  9236.6539
409.7  8738.3396
409.6  8931.2245
409.5  8835.372
409.4  9100.1004
409.3  8986.5036
409.2  8819.8176
409.1  8933.6838
409  9195.7956
408.9  8839.308
408.8  8996.726
408.7  9008.3279
408.6  9137.1401
408.5  9025.0131
408.4  9138.6473
408.3  8691.8245
408.2  9102.3438
408.1  9137.9779
408  8867.0057
407.9  9005.8594
407.8  9530.4874
407.7  8867.7967
407.6  8763.86
407.5  8244.5395
407.4  8710.3934
407.3  8821.3216
407.2  9252.2793
407.1  9180.2417
407  9413.8504
406.9  8960.3655
406.8  9267.172
406.7  9571.7747
406.6  9149.0596
406.5  9271.288
406.4  9121.8114
406.3  9030.4855
406.2  8734.4956
406.1  8913.4128
406  8963.7045
405.9  9237.1054
405.8  8975.3881
405.7  8943.8099
405.6  9203.3663
405.5  8847.6209
405.4  9264.804
405.3  8840.1855
405.2  8542.8931
405.1  9229.6474
405  8842.3539
404.9  9107.4272
404.8  9412.6306
404.7  9365.0309
404.6  8853.2789
404.5  9403.7637
404.4  8984.5976
404.3  9437.1981
404.2  9465.0245
404.1  9355.9473
404  9206.1783
403.9  9183.3125
403.8  9606.2331
403.7  9109.1436
403.6  9326.3606
403.5  9420.6209
403.4  9438.0722
403.3  8710.6459
403.2  9181.9981
403.1  8625.5579
403  8552.6202
402.9  9192.8529
402.8  9090.1941
402.7  9473.0648
402.6  8871.2624
402.5  9024.8334
402.4  8846.0447
402.3  9288.8352
402.2  9494.5094
402.1  8648.8048
402  9555.9685
401.9  8981.374
401.8  9085.9612
401.7  9602.0224
401.6  8911.974
401.5  9051.3576
401.4  8929.6739
401.3  8473.0947
401.2  8720.7295
401.1  9063.7951
401  8738.9667
400.9  9390.7998
400.8  9396.1377
400.7  8912.064
400.6  9033.5351
400.5  9176.6427
400.4  9473.7149
400.3  9016.0043
400.2  8797.7677
400.1  8970.0135
400  9134.4062
399.9  9112.0696
399.8  8984.4169
399.7  9218.1981
399.6  9550.1419
399.5  8648.1794
399.4  9107.1561
399.3  9295.0501
399.2  9545.8679
399.1  9201.4415
399  8720.3743
398.9  8614.4838
398.8  9315.4057
398.7  9760.235
398.6  8960.3981
398.5  8583.65
398.4  8869.8807
398.3  8796.0426
398.2  8940.4543
398.1  9030.6524
398  8995.7447
397.9  8989.003
397.8  9191.0622
397.7  8793.9673
397.6  8902.3979
397.5  9240.7394
397.4  9241.1842
397.3  9014.1483
397.2  8694.7639
397.1  8787.5672
397  8821.0972
396.9  8930.2315
396.8  8853.3931
396.7  9176.9002
396.6  9310.3392
396.5  8706.4
396.4  8712.6726
396.3  9210.0934
396.2  9188.8616
396.1  9173.2585
396  9024.6896
395.9  9213.6392
395.8  9008.2958
395.7  9148.9964
395.6  8945.2191
395.5  9182.7198
395.4  8786.7611
395.3  8764.0742
395.2  8701.2396
395.1  8669.0202
395  8866.6049
394.9  8802.6342
394.8  9107.5278
394.7  8941.0523
394.6  9139.235
394.5  9163.8395
394.4  9538.0684
394.3  9161.6081
394.2  9294.9868
394.1  8981.2213
394  8894.0118
393.9  9216.1344
393.8  8524.4225
393.7  9254.9157
393.6  9065.4995
393.5  9082.64
393.4  9186.6731
393.3  9390.573
393.2  8734.469
393.1  9416.9448
393  9638.8125
392.9  9226.141
392.8  8935.8777
392.7  9111.857
392.6  9133.2221
392.5  9124.9219
392.4  8632.4023
392.3  9232.7777
392.2  8852.2991
392.1  8925.5454
392  9007.8199
391.9  9264.1387
391.8  8819.1607
391.7  8998.9133
391.6  9203.3897
391.5  9477.6886
391.4  9020.7087
391.3  9139.5386
391.2  8947.0841
391.1  9495.2569
391  8865.4137
390.9  9074.0787
390.8  9340.6343
390.7  9421.381
390.6  9107.8236
390.5  8906.0278
390.4  9007.0322
390.3  8599.9179
390.2  8532.9729
390.1  9484.0045
390  9543.187
389.9  9228.9583
389.8  9221.3897
389.7  8893.6304
389.6  8968.5404
389.5  9071.759
389.4  9129.9204
389.3  9180.5943
389.2  9536.6109
389.1  8858.8924
389  8885.7529
388.9  9377.484
388.8  9959.4558
388.7  9513.7727
388.6  9095.2743
388.5  8817.9085
388.4  9593.2235
388.3  9226.6461
388.2  8446.2791
388.1  8805.9142
388  9092.6733
387.9  8846.8643
387.8  9098.1024
387.7  8746.2033
387.6  9428.2444
387.5  9401.7566
387.4  9124.996
387.3  8950.2324
387.2  9130.1216
387.1  9217.4483
387  8988.4346
386.9  8865.4602
386.8  9255.7884
386.7  9183.6452
386.6  8856.5998
386.5  9532.8892
386.4  9126.0779
386.3  9468.2325
386.2  9477.1836
386.1  9367.5796
386  9212.0858
385.9  8958.3109
385.8  8955.9463
385.7  8537.3449
385.6  8487.9902
385.5  9154.127
385.4  9148.077
385.3  9373.9088
385.2  8719.3746
385.1  9331.7966
385  9218.1926
384.9  9208.2431
384.8  9311.7442
384.7  9157.9747
384.6  8700.7601
384.5  8573.9497
384.4  8681.8901
384.3  9320.5237
384.2  8727.062
384.1  9106.2118
384  9038.1008
383.9  8928.968
383.8  10038.874
383.7  9416.1559
383.6  9150.6481
383.5  8872.4714
383.4  9004.4831
383.3  9175.7412
383.2  9349.7281
383.1  8803.0907
383  9156.7568
382.9  9027.6213
382.8  8563.6927
382.7  9262.5913
382.6  9033.0795
382.5  8748.3056
382.4  8599.1477
382.3  9169.5141
382.2  9357.0996
382.1  9481.8723
382  8971.7122
381.9  9697.7881
381.8  9021.9285
381.7  9198.8255
381.6  8959.5934
381.5  8917.9668
381.4  8782.8281
381.3  9531.607
381.2  9429.6101
381.1  8963.8812
381  9361.7588
380.9  8300.8429
380.8  9108.3015
380.7  8894.0328
380.6  9179.0857
380.5  9293.8595
380.4  9098.4834
380.3  8859.798
380.2  8972.0573
380.1  9318.1074
380  9357.0538
379.9  9252.9071
379.8  8741.7695
379.7  9217.0264
379.6  8870.4248
379.5  8933.7902
379.4  8701.8437
379.3  8630.0634
379.2  8975.1314
379.1  9384.8601
379  9371.2976
378.9  8928.2951
378.8  9243.6789
378.7  9103.7766
378.6  9316.6418
378.5  9639.0713
378.4  9064.3062
378.3  9197.3143
378.2  9092.0954
378.1  8931.4118
378  9180.1234
377.9  9121.3802
377.8  9416.4009
377.7  9368.5325
377.6  9318.7623
377.5  9273.6348
377.4  9181.1732
377.3  9240.2604
377.2  9511.8622
377.1  9120.7756
377  9281.7053
376.9  9225.3297
376.8  9108.8232
376.7  8430.8431
376.6  8768.2032
376.5  9296.2983
376.4  9002.9244
376.3  8645.1594
376.2  9153.8692
376.1  9522.6156
376  9068.7525
375.9  9145.2911
375.8  9309.0636
375.7  8594.6087
375.6  9219.4432
375.5  9533.7834
375.4  9260.3425
375.3  8692.1515
375.2  9755.043
375.1  9180.1205
375  9409.4193
374.9  8723.3292
374.8  8663.722
374.7  8988.2837
374.6  9316.9946
374.5  9594.4348
374.4  9362.386
374.3  9181.354
374.2  8813.3436
374.1  9152.4811
374  8950.3971
373.9  9530.3455
373.8  9456.896
373.7  9567.4851
373.6  9365.318
373.5  8783.1353
373.4  9267.0289
373.3  9433.191
373.2  9003.0332
373.1  9147.2704
373  9228.2134
372.9  9709.2346
372.8  9270.9909
372.7  8931.1128
372.6  9048.0277
372.5  9316.5429
372.4  9682.0987
372.3  9048.8162
372.2  9256.2601
372.1  8720.7537
372  9400.0318
371.9  9572.8353
371.8  9533.285
371.7  9585.8994
371.6  9341.0027
371.5  9491.262
371.4  8917.3054
371.3  9229.8924
371.2  9559.8717
371.1  10062.678
371  9564.5804
370.9  9845.6414
370.8  9287.098
370.7  9641.8418
370.6  9351.6607
370.5  9384.7855
370.4  9505.4696
370.3  8905.3462
370.2  9215.4341
370.1  9288.0021
370  9755.0183
369.9  9532.2749
369.8  8950.0522
369.7  9304.5309
369.6  9199.4295
369.5  8953.465
369.4  8871.5321
369.3  8883.6636
369.2  9112.8459
369.1  8999.4604
369  9323.4591
368.9  9283.261
368.8  9307.6632
368.7  9441.3734
368.6  9327.2419
368.5  9508.9082
368.4  9000.8231
368.3  9180.3513
368.2  9257.2745
368.1  8968.9423
368  9042.983
367.9  9348.592
367.8  9141.8228
367.7  9212.8291
367.6  9414.6759
367.5  8881.7089
367.4  9105.6613
367.3  9021.2737
367.2  9059.8964
367.1  9493.8628
367  9463.0528
366.9  9015.4454
366.8  9243.5273
366.7  9318.9026
366.6  9623.9932
366.5  9373.6421
366.4  8969.0909
366.3  9082.4818
366.2  9128.7562
366.1  9136.5945
366  9114.6502
365.9  8772.0177
365.8  8975.821
365.7  8998.0817
365.6  8821.7904
365.5  8600.1267
365.4  9334.5872
365.3  9728.341
365.2  9863.1965
365.1  9215.3633
365  8983.6315
364.9  9315.672
364.8  8774.9149
364.7  9391.5479
364.6  9591.8677
364.5  9024.3012
364.4  8999.7633
364.3  9280.4232
364.2  9023.1934
364.1  8920.5105
364  9208.8424
363.9  9100.048
363.8  8820.1615
363.7  9339.4639
363.6  9021.2135
363.5  9178.1081
363.4  9613.4028
363.3  9088.4008
363.2  9281.585
363.1  9031.6947
363  9085.933
362.9  9384.7622
362.8  9025.0281
362.7  9049.6963
362.6  9053.8193
362.5  9330.6667
362.4  9532.7129
362.3  9087.6566
362.2  9333.3096
362.1  9081.5814
362  9166.3468
361.9  9433.8386
361.8  9477.4516
361.7  9331.1698
361.6  9057.6199
361.5  8966.2029
361.4  8820.9468
361.3  9259.0093
361.2  9001.9764
361.1  9294.6718
361  9055.7869
360.9  9308.1957
360.8  9397.3783
360.7  9352.2996
360.6  9090.1343
360.5  9210.4721
360.4  9540.7409
360.3  9620.0626
360.2  9387.6912
360.1  9383.8622
360  9054.7658
359.9  9002.587
359.8  9537.3867
359.7  9747.5367
359.6  9053.2071
359.5  9022.8764
359.4  9177.9279
359.3  9506.5215
359.2  9579.954
359.1  9012.6132
359  9323.5396
358.9  9112.599
358.8  9238.632
358.7  8660.1286
358.6  9295.8602
358.5  9712.219
358.4  8608.5091
358.3  9239.2966
358.2  8812.5858
358.1  8902.8767
358  9595.9404
357.9  9849.8199
357.8  9326.2761
357.7  9244.5669
357.6  8975.7061
357.5  9483.3838
357.4  9355.3654
357.3  9204.3171
357.2  9536.8747
357.1  9282.7017
357  9627.6152
356.9  9349.0556
356.8  9232.042
356.7  9527.8883
356.6  9060.4201
356.5  9245.2263
356.4  9147.8364
356.3  8735.0629
356.2  8875.7679
356.1  9225.6495
356  9400.2513
355.9  9072.468
355.8  9070.9959
355.7  9527.5772
355.6  9463.3768
355.5  9586.7137
355.4  9415.4509
355.3  9313.3861
355.2  9304.9716
355.1  9153.9339
355  9066.2361
354.9  9878.2778
354.8  9798.6058
354.7  9184.8274
354.6  9734.1257
354.5  8812.6642
354.4  9007.5588
354.3  9817.899
354.2  9759.7261
354.1  9720.6436
354  9546.0189
353.9  9625.2057
353.8  9736.7347
353.7  9978.8571
353.6  9900.6053
353.5  9181.0797
353.4  9834.8392
353.3  9768.2465
353.2  10253.692
353.1  10300.595
353  9713.3849
352.9  9829.9452
352.8  9948.5317
352.7  9363.1846
352.6  9577.2128
352.5  9281.1506
352.4  9474.1344
352.3  9924.4548
352.2  9921.7451
352.1  10255.29
352  9225.3792
351.9  9583.0713
351.8  9887.45
351.7  10074.961
351.6  9493.3934
351.5  9134.256
351.4  9767.7176
351.3  9241.3403
351.2  9898.9676
351.1  9834.1285
351  9797.0733
350.9  9816.6012
350.8  9831.855
350.7  9519.1728
350.6  10203.289
350.5  10192.706
350.4  9962.8675
350.3  10530.481
350.2  10238.001
350.1  10199.091
350  10242.435
349.9  10394.546
349.8  10359.814
349.7  10013.216
349.6  10121.776
349.5  10033.442
349.4  10048.773
349.3  10214.818
349.2  10416.738
349.1  10251.246
349  10226.501
348.9  10010.387
348.8  9896.4
348.7  9719.4649
348.6  9655.424
348.5  9636.8794
348.4  9545.9092
348.3  10183.132
348.2  9649.3885
348.1  9663.9861
348  9401.3635
347.9  9615.2903
347.8  9183.2851
347.7  9117.5214
347.6  9297.5834
347.5  8911.621
347.4  8987.4244
347.3  8935.8217
347.2  8653.7222
347.1  9064.3835
347  9493.4061
346.9  9430.7805
346.8  9319.6184
346.7  8646.0328
346.6  9069.7897
346.5  9373.3081
346.4  9475.268
346.3  9214.4112
346.2  8819.9423
346.1  9085.6818
346  9079.7997
345.9  9644.5727
345.8  9279.0197
345.7  9151.4224
345.6  9163.6312
345.5  9657.7664
345.4  8958.0725
345.3  9171.259
345.2  9169.3302
345.1  8763.7463
345  9449.217
344.9  9036.453
344.8  8952.0201
344.7  9257.4588
344.6  9337.8485
344.5  9324.0127
344.4  9374.445
344.3  9232.2937
344.2  9195.9577
344.1  9099.3188
344  9148.7478
343.9  9150.9774
343.8  9657.072
343.7  9222.8421
343.6  9349.5883
343.5  8936.5549
343.4  9366.922
343.3  9461.1469
343.2  8842.62
343.1  8805.878
343  9035.911
342.9  9035.3562
342.8  8974.1095
342.7  9336.6101
342.6  9398.9269
342.5  9729.0209
342.4  8996.3293
342.3  9349.3618
342.2  9158.6895
342.1  9284.6819
342  8898.3537
341.9  9172.633
341.8  9494.7834
341.7  9355.0013
341.6  9224.3495
341.5  8952.1091
341.4  9002.8359
341.3  8939.5962
341.2  9136.3976
341.1  9087.3746
341  9424.2691
340.9  9625.9655
340.8  9403.8322
340.7  8842.4337
340.6  9068.8037
340.5  8632.5163
340.4  9363.044
340.3  8914.8506
340.2  9150.87
340.1  9325.2318
340  8957.7635
339.9  9395.875
339.8  9436.3386
339.7  9414.0666
339.6  9233.8046
339.5  9119.0814
339.4  8786.6153
339.3  9479.4689
339.2  8900.5166
339.1  9253.1391
339  8806.4561
338.9  9019.158
338.8  9535.4535
338.7  9593.6357
338.6  9630.7678
338.5  9320.4857
338.4  9369.0619
338.3  9238.9611
338.2  8701.1514
338.1  8626.3399
338  8906.3553
337.9  9327.9822
337.8  9747.3077
337.7  8860.9359
337.6  8978.973
337.5  9498.988
337.4  9384.7284
337.3  9305.6991
337.2  9213.3359
337.1  9247.8047
337  9330.2638
336.9  8775.1214
336.8  8846.5816
336.7  9178.7257
336.6  9141.2853
336.5  9186.6903
336.4  9386.7614
336.3  8970.98
336.2  9044.0092
336.1  9452.4358
336  8971.727
335.9  9143.9488
335.8  9153.7541
335.7  8783.2645
335.6  8995.0939
335.5  8818.1343
335.4  9297.383
335.3  9321.3368
335.2  9420.0065
335.1  9119.4306
335  8702.77
334.9  9190.3817
334.8  9309.7129
334.7  9254.3043
334.6  9317.1319
334.5  9200.2233
334.4  8870.2414
334.3  9523.2777
334.2  8963.4481
334.1  9041.8491
334  8946.075
333.9  9069.9695
333.8  9396.5234
333.7  9564.3326
333.6  8970.4594
333.5  8985.0382
333.4  8524.7086
333.3  9108.0984
333.2  9114.0525
333.1  9306.6873
333  9576.5796
332.9  9069.5338
332.8  8973.0144
332.7  9588.1323
332.6  8949.7268
332.5  9328.0146
332.4  9104.3524
332.3  9297.0687
332.2  8938.9073
332.1  9229.2886
332  9217.1033
331.9  9040.3165
331.8  9081.8001
331.7  9155.4417
331.6  8731.5476
331.5  8627.9051
331.4  9154.5785
331.3  8912.4517
331.2  9310.9676
331.1  8806.8074
331  8904.7788
330.9  9418.8954
330.8  9145.8718
330.7  9011.0396
330.6  9222.7595
330.5  9124.4965
330.4  9080.8602
330.3  8290.8169
330.2  8683.9903
330.1  9211.1419
330  9437.1224
329.9  9104.7602
329.8  8952.9503
329.7  9269.7556
329.6  9394.3659
329.5  8990.5081
329.4  8959.705
329.3  8995.4732
329.2  9028.6136
329.1  8839.5262
329  8891.5799
328.9  8982.2144
328.8  8626.5844
328.7  8935.0726
328.6  9415.2396
328.5  9297.6348
328.4  9139.0851
328.3  9103.6185
328.2  8999.7931
328.1  9191.0714
328  8959.3962
327.9  9041.1022
327.8  9329.5776
327.7  9178.0299
327.6  9154.0551
327.5  8889.4727
327.4  9407.7074
327.3  9047.0811
327.2  8940.4851
327.1  8931.694
327  9017.2107
326.9  8992.6397
326.8  9116.96
326.7  8738.6982
326.6  9327.2132
326.5  9049.9961
326.4  9215.1477
326.3  8210.8388
326.2  8829.3196
326.1  9012.9456
326  9073.7852
325.9  9066.7042
325.8  9378.7448
325.7  9043.434
325.6  9104.9093
325.5  8734.0978
325.4  9201.6205
325.3  9226.3151
325.2  9066.9484
325.1  9463.0725
325  9240.112
324.9  9503.8438
324.8  9392.462
324.7  9357.353
324.6  8650.2805
324.5  8902.588
324.4  8876.1443
324.3  9014.7097
324.2  9195.3996
324.1  8985.8991
324  9023.1162
323.9  8921.9423
323.8  8914.3254
323.7  9234.6497
323.6  9126.0434
323.5  8707.0189
323.4  9210.2427
323.3  8763.0487
323.2  8500.7969
323.1  9087.1208
323  8933.3767
322.9  9042.9296
322.8  8794.0247
322.7  9125.5154
322.6  9067.7737
322.5  9052.2713
322.4  8598.1379
322.3  8967.9897
322.2  9405.4911
322.1  9347.9765
322  9063.3962
321.9  9018.5819
321.8  9171.583
321.7  8683.5891
321.6  9010.6819
321.5  8805.4886
321.4  8734.2684
321.3  8797.2392
321.2  8965.9518
321.1  9173.6748
321  9473.3229
320.9  9224.02
320.8  8607.4028
320.7  8752.915
320.6  9401.6366
320.5  9274.4024
320.4  9138.9936
320.3  9045.0448
320.2  9004.6056
320.1  9284.0816
320  8860.895
319.9  8982.1448
319.8  9066.0774
319.7  8735.7515
319.6  9164.3794
319.5  8805.521
319.4  8784.7747
319.3  9714.1281
319.2  9021.7194
319.1  9111.5851
319  8814.286
318.9  8712.8381
318.8  9199.1793
318.7  9410.8562
318.6  9064.295
318.5  8777.9086
318.4  9305.0827
318.3  9038.7432
318.2  9317.9545
318.1  9230.3375
318  9520.7102
317.9  8917.8213
317.8  8824.6221
317.7  9349.4472
317.6  9677.3801
317.5  9191.3648
317.4  9372.5883
317.3  9479.0207
317.2  8996.1816
317.1  9448.6337
317  9297.5233
316.9  9396.1799
316.8  9377.5064
316.7  9473.4493
316.6  9141.1904
316.5  8989.28
316.4  9244.1324
316.3  9691.0661
316.2  9435.9137
316.1  9335.0052
316  9440.7069
315.9  9673.5201
315.8  9163.8407
315.7  9479.1537
315.6  9839.2333
315.5  9622.8225
315.4  9240.2269
315.3  9382.7417
315.2  9397.6311
315.1  9064.6494
315  9487.5907

# Region:                       Ca 2p
# Spectrum ID:                  5
# Acquisition Date:             08/07/26 13:41:47 UTC
# Analysis Method:              XPS
# Analyzer:                     PHOIBOS MCD5 Analyzer
# Analyzer Lens:                LargeArea:1.5kV
# Analyzer Slit:                5:7x20\B:open
# Scan Mode:                    FixedAnalyzerTransmission
# Curves/Scan:                  1
# Values/Curve:                 371
# Dwell Time:                   0.1
# Excitation Energy:            1253.64
# Binding Energy:               366
# Pass Energy:                  50
# Bias Voltage:                 90
# Detector Voltage:             3000
# Eff. Workfunction:            4.543
# Source:                       X-Ray Dummy
# Comment:                      
#
# Cycle: 0
# Number of Scans: 5
#
# Cycle: 0, Curve: 0
# Acquisition Date:             08/07/26 13:41:47 UTC
#
# ColumnLabels:                 energy counts/s
#
366  9477.491
365.9  9351.5233
365.8  9265.7794
365.7  9282.304
365.6  9128.8391
365.5  9194.3687
365.4  9065.8725
365.3  9090.3669
365.2  9021.1003
365.1  9146.0861
365  9217.0868
364.9  9165.0152
364.8  9203.2389
364.7  9259.4837
364.6  9165.0051
364.5  9005.4276
364.4  9262.3814
364.3  9347.9572
364.2  9361.1159
364.1  9362.5417
364  9123.2104
363.9  9352.7799
363.8  9264.1776
363.7  9171.3485
363.6  9342.2755
363.5  8971.2035
363.4  9253.1952
363.3  9249.6973
363.2  9061.6746
363.1  9198.2196
363  9220.254
362.9  9416.2565
362.8  9409.0237
362.7  9019.4233
362.6  9113.2607
362.5  9313.1908
362.4  9165.1221
362.3  9289.0817
362.2  9277.588
362.1  9237.0238
362  9265.613
361.9  9255.0567
361.8  9252.3076
361.7  9242.3066
361.6  9164.5714
361.5  9329.7415
361.4  9418.5354
361.3  9093.0985
361.2  9300.7049
361.1  9441.7141
361  9321.5271
360.9  9272.9183
360.8  9225.8929
360.7  9124.9767
360.6  9228.2296
360.5  9392.8109
360.4  9237.2441
360.3  9109.8117
360.2  9435.0917
360.1  9327.4171
360  9126.9022
359.9  9170.0432
359.8  9124.3783
359.7  9061.0716
359.6  9282.2827
359.5  9201.9628
359.4  9375.4345
359.3  9003.5224
359.2  9271.8997
359.1  9308.8157
359  9025.9938
358.9  9133.1506
358.8  9076.9813
358.7  9249.0004
358.6  9123.9579
358.5  9195.0706
358.4  9121.1762
358.3  9191.66
358.2  9255.9052
358.1  9196.8456
358  9259.8358
357.9  9438.0199
357.8  9419.956
357.7  9083.1405
357.6  9057.7157
357.5  9043.4927
357.4  9196.3994
357.3  9219.3083
357.2  9364.1893
357.1  9226.1851
357  9299.2794
356.9  9408.1713
356.8  9433.3704
356.7  9123.3861
356.6  9366.8632
356.5  9174.0142
356.4  9252.9467
356.3  9095.062
356.2  9423.6454
356.1  9220.3163
356  9291.8978
355.9  9301.9173
355.8  9227.465
355.7  8981.5102
355.6  9293.3039
355.5  9162.7189
355.4  9293.4037
355.3  9427.0074
355.2  9285.569
355.1  9439.5574
355  9454.1241
354.9  9391.8894
354.8  9507.6788
354.7  9506.9471
354.6  9475.9381
354.5  9389.2514
354.4  9549.0684
354.3  9667.404
354.2  9371.4307
354.1  9420.9953
354  9557.9018
353.9  9635.7415
353.8  9635.528
353.7  9719.9853
353.6  9768.3162
353.5  9851.5708
353.4  9893.2616
353.3  9828.207
353.2  9820.4346
353.1  9754.4754
353  9938.3114
352.9  9747.1347
352.8  9758.4993
352.7  9553.8514
352.6  9727.704
352.5  9661.3401
352.4  9516.112
352.3  9613.1654
352.2  9712.2131
352.1  9525.4835
352  9671.7014
351.9  9558.1467
351.8  9575.8614
351.7  9547.7458
351.6  9595.0268
351.5  9577.6939
351.4  9504.421
351.3  9708.3914
351.2  9954.8778
351.1  9986.1973
351  10158.432
350.9  9982.1915
350.8  9944.2679
350.7  9975.3386
350.6  10125.174
350.5  10060.847
350.4  9935.4592
350.3  10003.249
350.2  10408.239
350.1  10162.679
350  10215.372
349.9  10243.443
349.8  10336.257
349.7  10323.587
349.6  10219.991
349.5  10336.349
349.4  10109.733
349.3  10132.098
349.2  10176.964
349.1  10056.674
349  10013.802
348.9  9855.9687
348.8  9900.4702
348.7  9736.366
348.6  9781.576
348.5  9826.8904
348.4  9724.2468
348.3  9564.7046
348.2  9772.4813
348.1  9535.4215
348  9194.9337
347.9  9314.561
347.8  9214.9475
347.7  9276.5644
347.6  9468.4525
347.5  9587.7021
347.4  9231.8718
347.3  9194.3111
347.2  9323.8924
347.1  9185.9509
347  9321.3504
346.9  9350.7251
346.8  9065.1694
346.7  9336.0361
346.6  9076.7334
346.5  9100.6776
346.4  9095.4431
346.3  9271.3093
346.2  9289.5832
346.1  8960.7209
346  8914.133
345.9  9215.0431
345.8  9101.3497
345.7  8944.2253
345.6  9311.8401
345.5  9345.0112
345.4  9205.791
345.3  9239.9728
345.2  9351.1926
345.1  9188.5814
345  9253.0559
344.9  9084.5525
344.8  9396.6595
344.7  9392.0076
344.6  9189.0111
344.5  9204.328
344.4  9029.8962
344.3  9294.4271
344.2  9232.2246
344.1  9288.0971
344  9179.9589
343.9  9183.0409
343.8  9199.8911
343.7  9352.4228
343.6  9316.0609
343.5  9128.4002
343.4  9076.4204
343.3  9287.6118
343.2  9204.1807
343.1  9124.0926
343  9260.8812
342.9  9199.4925
342.8  9290.543
342.7  9239.5035
342.6  9291.7203
342.5  9236.359
342.4  9237.8623
342.3  9328.4991
342.2  9201.6816
342.1  9268.986
342  9207.1578
341.9  9157.8588
341.8  9303.2653
341.7  9145.5148
341.6  9209.566
341.5  9273.6005
341.4  9308.4088
341.3  9175.1653
341.2  9200.5668
341.1  9324.7883
341  9411.1788
340.9  9264.7182
340.8  9146.4817
340.7  9472.6321
340.6  9170.3995
340.5  9278.0205
340.4  9354.2593
340.3  9237.0614
340.2  9120.2393
340.1  9365.2453
340  9335.6441
339.9  9294.6461
339.8  9292.7771
339.7  9047.4973
339.6  9123.6417
339.5  9164.6928
339.4  9105.3191
339.3  9134.0571
339.2  9160.0398
339.1  9479.1695
339  9260.2826
338.9  9193.3848
338.8  9261.5453
338.7  9123.0188
338.6  9282.0359
338.5  9148.4251
338.4  9059.5589
338.3  9216.0212
338.2  9260.245
338.1  9110.4814
338  9197.8586
337.9  9270.2443
337.8  9142.8446
337.7  9145.5265
337.6  9357.2782
337.5  9100.9327
337.4  9185.9107
337.3  9248.5703
337.2  9348.0439
337.1  9414.2363
337  9143.5541
336.9  9246.1808
336.8  9375.8849
336.7  9199.9683
336.6  9307.5818
336.5  9131.6698
336.4  9245.1458
336.3  9187.7847
336.2  9236.6896
336.1  9286.3405
336  9184.0159
335.9  9236.6156
335.8  9184.4448
335.7  9226.0497
335.6  9299.3567
335.5  9005.4973
335.4  9270.0629
335.3  9230.6105
335.2  9137.9754
335.1  9127.4017
335  9031.5061
334.9  9174.9253
334.8  9298.4169
334.7  9119.5242
334.6  9161.6451
334.5  9220.888
334.4  9261.9911
334.3  9098.7067
334.2  9242.1427
334.1  9149.7245
334  9299.1862
333.9  9296.5191
333.8  9037.3634
333.7  9130.6978
333.6  9209.872
333.5  9191.9931
333.4  9067.8946
333.3  8971.7803
333.2  9213.5726
333.1  9127.1777
333  9174.3469
332.9  9304.4675
332.8  9006.779
332.7  9341.4176
332.6  9181.1165
332.5  9156.2268
332.4  9076.4011
332.3  9069.9088
332.2  9065.9904
332.1  9198.9602
332  9265.3944
331.9  9151.7505
331.8  9138.0456
331.7  9456.8313
331.6  9286.0647
331.5  9302.8709
331.4  9179.6864
331.3  9274.1349
331.2  9150.2525
331.1  9234.8294
331  9251.8525
330.9  9264.5476
330.8  9324.4416
330.7  9271.7735
330.6  9114.8066
330.5  9121.1299
330.4  9128.24
330.3  9188.0453
330.2  9241.6714
330.1  9217.6907
330  9119.1156
329.9  9181.1724
329.8  9182.9017
329.7  9242.9438
329.6  9064.0547
329.5  9057.7719
329.4  9343.5175
329.3  9207.7447
329.2  9217.5356
329.1  9204.4926
329  8961.969

# Operation:                    Multi Peak Fit
# Parameter: "Peak Function" = Voigt
# Parameter: "Background Function" = Shirley
# Parameter: "Baseline" = Constant
# Parameter: "LM Parameters/Max Iterations" = 200
# Parameter: "LM Parameters/Tolerance" = 2.2204459999999999e-16
# Parameter: "Baseline/BL_I/Value" = nan counts
# Parameter: "Peak 1/C/Value" = nan eV
# Parameter: "Peak 1/A/Value" = nan counts eV
# Parameter: "Peak 1/FL/Value" = nan eV
# Parameter: "Peak 1/FG/Value" = nan eV
# Parameter: "Peak 1/a/Value" = 0
# Parameter: "Peak 1/a/Constraint" = Fixed: 0
# Parameter: "Peak 1/k/Value" = nan [1/eV]
# Parameter: "Peak 2/C/Value" = nan eV
# Parameter: "Peak 2/A/Value" = nan counts eV
# Parameter: "Peak 2/FL/Value" = nan eV
# Parameter: "Peak 2/FG/Value" = nan eV
# Parameter: "Peak 2/a/Value" = 0
# Parameter: "Peak 2/a/Constraint" = Fixed: 0
# Parameter: "Peak 2/k/Value" = nan [1/eV]
#
# Result:
# Number of Results:            5
# Parameter: "Baseline/BL_I/Value" = 4601.2118299813865 counts +- 5.0470407555424037
# Parameter: "Peak 1/C/Value" = 903.80376273280956 eV +- 0.053994971340891235
# Parameter: "Peak 1/C/Constraint" = Restricted: 887.64 .. 924.64
# Parameter: "Peak 1/Relative Area/Value" = 60.382058781930368 %
# Parameter: "Peak 1/A/Value" = 1388.7345782103077 counts eV +- 69.926872664660266
# Parameter: "Peak 1/FL/Value" = 0 eV +- 0
# Parameter: "Peak 1/FG/Value" = 2.5564224272842697 eV +- 0.13617817417321534
# Parameter: "Peak 1/F/Value" = 2.5564224272842697 eV
# Parameter: "Peak 1/a/Value" = 0 +- 0
# Parameter: "Peak 1/a/Constraint" = Fixed: 0
# Parameter: "Peak 1/k/Value" = 0.0036127675104892809 [1/eV] +- 0.0063365119931615751
# Parameter: "Peak 2/C/Value" = 900.37522772421983 eV +- 0.087052673831023525
# Parameter: "Peak 2/C/Constraint" = Restricted: 887.64 .. 924.64
# Parameter: "Peak 2/Relative Area/Value" = 39.617941218069632 %
# Parameter: "Peak 2/A/Value" = 911.17802203030135 counts eV +- 119.72098292682551
# Parameter: "Peak 2/FL/Value" = 1.856772455189093 eV +- 0.28924946267030399
# Parameter: "Peak 2/FG/Value" = 1.1753822118882103e-11 eV +- 9.5406219695576917e-06
# Parameter: "Peak 2/F/Value" = 1.8567731334254347 eV
# Parameter: "Peak 2/a/Value" = 0 +- 0
# Parameter: "Peak 2/a/Constraint" = Fixed: 0
# Parameter: "Peak 2/k/Value" = 0 [1/eV] +- 0
# Parameter: "Fit Result/ChiSquare" = 236.15593117910947
# Parameter: "Fit Result/Reduced ChiSquare" = 0.65781596428721301
# Parameter: "Fit Result/Abbe Factor" = 0.88505639441636363
# Parameter: "Fit Result/Q-Probability" = 0.9999999104808811
# Parameter: "Termination State" = ConvergedInParameter
#
# Result Name:                  Background
# Number of Curves:             1
#
# Curve:                        0
# Values/Curve:                 400
#
366  9212.458
365.90727  9212.458
365.81454  9212.458
365.7218  9212.458
365.62907  9212.458
365.53634  9212.458
365.44361  9212.458
365.35088  9212.458
365.25815  9212.458
365.16541  9212.458
365.07268  9212.458
364.97995  9212.458
364.88722  9212.458
364.79449  9212.458
364.70175  9212.458
364.60902  9212.458
364.51629  9212.458
364.42356  9212.458
364.33083  9212.458
364.2381  9212.458
364.14536  9212.458
364.05263  9212.458
363.9599  9212.458
363.86717  9212.458
363.77444  9212.458
363.6817  9212.458
363.58897  9212.458
363.49624  9212.458
363.40351  9212.458
363.31078  9212.458
363.21805  9212.458
363.12531  9212.458
363.03258  9212.458
362.93985  9212.458
362.84712  9212.458
362.75439  9212.458
362.66165  9212.458
362.56892  9212.458
362.47619  9212.458
362.38346  9212.458
362.29073  9212.458
362.19799  9212.458
362.10526  9212.458
362.01253  9212.458
361.9198  9212.458
361.82707  9212.458
361.73434  9212.458
361.6416  9212.458
361.54887  9212.458
361.45614  9212.458
361.36341  9212.458
361.27068  9212.458
361.17794  9212.458
361.08521  9212.458
360.99248  9212.458
360.89975  9212.458
360.80702  9212.458
360.71429  9212.458
360.62155  9212.458
360.52882  9212.458
360.43609  9212.458
360.34336  9212.458
360.25063  9212.458
360.15789  9212.458
360.06516  9212.458
359.97243  9212.458
359.8797  9212.458
359.78697  9212.458
359.69424  9212.458
359.6015  9212.458
359.50877  9212.458
359.41604  9212.458
359.32331  9212.458
359.23058  9212.458
359.13784  9212.458
359.04511  9212.458
358.95238  9212.458
358.85965  9212.458
358.76692  9212.458
358.67419  9212.458
358.58145  9212.458
358.48872  9212.458
358.39599  9212.458
358.30326  9212.458
358.21053  9212.458
358.11779  9212.458
358.02506  9212.458
357.93233  9212.458
357.8396  9212.458
357.74687  9212.458
357.65414  9212.458
357.5614  9212.458
357.46867  9212.458
357.37594  9212.458
357.28321  9212.458
357.19048  9212.458
357.09774  9212.458
357.00501  9212.458
356.91228  9212.458
356.81955  9212.458
356.72682  9212.458
356.63409  9212.458
356.54135  9212.458
356.44862  9212.458
356.35589  9212.458
356.26316  9212.458
356.17043  9212.458
356.07769  9212.458
355.98496  9212.458
355.89223  9212.458
355.7995  9212.458
355.70677  9212.458
355.61404  9212.458
355.5213  9212.458
355.42857  9212.458
355.33584  9212.458
355.24311  9212.458
355.15038  9212.458
355.05764  9212.458
354.96491  9212.458
354.87218  9212.458
354.77945  9212.458
354.68672  9212.458
354.59398  9212.4579
354.50125  9212.4579
354.40852  9212.4579
354.31579  9212.4578
354.22306  9212.4577
354.13033  9212.4576
354.03759  9212.4574
353.94486  9212.4571
353.85213  9212.4567
353.7594  9212.4562
353.66667  9212.4556
353.57393  9212.4546
353.4812  9212.4534
353.38847  9212.4518
353.29574  9212.4497
353.20301  9212.4469
353.11028  9212.4433
353.01754  9212.4386
352.92481  9212.4326
352.83208  9212.425
352.73935  9212.4155
352.64662  9212.4035
352.55388  9212.3886
352.46115  9212.3702
352.36842  9212.3477
352.27569  9212.3203
352.18296  9212.2872
352.09023  9212.2476
351.99749  9212.2005
351.90476  9212.1448
351.81203  9212.0795
351.7193  9212.0036
351.62657  9211.9158
351.53383  9211.8151
351.4411  9211.7004
351.34837  9211.5708
351.25564  9211.4254
351.16291  9211.2633
351.07018  9211.0841
350.97744  9210.8873
350.88471  9210.6728
350.79198  9210.4407
350.69925  9210.1914
350.60652  9209.9256
350.51378  9209.6441
350.42105  9209.3484
350.32832  9209.0398
350.23559  9208.7202
350.14286  9208.3917
350.05013  9208.0563
349.95739  9207.7165
349.86466  9207.3747
349.77193  9207.0333
349.6792  9206.6949
349.58647  9206.3619
349.49373  9206.0366
349.401  9205.721
349.30827  9205.4172
349.21554  9205.1269
349.12281  9204.8513
349.03008  9204.5918
348.93734  9204.3491
348.84461  9204.1238
348.75188  9203.9161
348.65915  9203.7262
348.56642  9203.5536
348.47368  9203.3981
348.38095  9203.2588
348.28822  9203.1351
348.19549  9203.026
348.10276  9202.9304
348.01003  9202.8474
347.91729  9202.7757
347.82456  9202.7142
347.73183  9202.662
347.6391  9202.6179
347.54637  9202.5809
347.45363  9202.5502
347.3609  9202.5248
347.26817  9202.5039
347.17544  9202.487
347.08271  9202.4732
346.98997  9202.4622
346.89724  9202.4535
346.80451  9202.4466
346.71178  9202.4411
346.61905  9202.4369
346.52632  9202.4336
346.43358  9202.4311
346.34085  9202.4292
346.24812  9202.4277
346.15539  9202.4266
346.06266  9202.4258
345.96992  9202.4252
345.87719  9202.4248
345.78446  9202.4245
345.69173  9202.4242
345.599  9202.4241
345.50627  9202.4239
345.41353  9202.4239
345.3208  9202.4238
345.22807  9202.4238
345.13534  9202.4237
345.04261  9202.4237
344.94987  9202.4237
344.85714  9202.4237
344.76441  9202.4237
344.67168  9202.4237
344.57895  9202.4237
344.48622  9202.4237
344.39348  9202.4237
344.30075  9202.4237
344.20802  9202.4237
344.11529  9202.4237
344.02256  9202.4237
343.92982  9202.4237
343.83709  9202.4237
343.74436  9202.4237
343.65163  9202.4237
343.5589  9202.4237
343.46617  9202.4237
343.37343  9202.4237
343.2807  9202.4237
343.18797  9202.4237
343.09524  9202.4237
343.00251  9202.4237
342.90977  9202.4237
342.81704  9202.4237
342.72431  9202.4237
342.63158  9202.4237
342.53885  9202.4237
342.44612  9202.4237
342.35338  9202.4237
342.26065  9202.4237
342.16792  9202.4237
342.07519  9202.4237
341.98246  9202.4237
341.88972  9202.4237
341.79699  9202.4237
341.70426  9202.4237
341.61153  9202.4237
341.5188  9202.4237
341.42607  9202.4237
341.33333  9202.4237
341.2406  9202.4237
341.14787  9202.4237
341.05514  9202.4237
340.96241  9202.4237
340.86967  9202.4237
340.77694  9202.4237
340.68421  9202.4237
340.59148  9202.4237
340.49875  9202.4237
340.40602  9202.4237
340.31328  9202.4237
340.22055  9202.4237
340.12782  9202.4237
340.03509  9202.4237
339.94236  9202.4237
339.84962  9202.4237
339.75689  9202.4237
339.66416  9202.4237
339.57143  9202.4237
339.4787  9202.4237
339.38596  9202.4237
339.29323  9202.4237
339.2005  9202.4237
339.10777  9202.4237
339.01504  9202.4237
338.92231  9202.4237
338.82957  9202.4237
338.73684  9202.4237
338.64411  9202.4237
338.55138  9202.4237
338.45865  9202.4237
338.36591  9202.4237
338.27318  9202.4237
338.18045  9202.4237
338.08772  9202.4237
337.99499  9202.4237
337.90226  9202.4237
337.80952  9202.4237
337.71679  9202.4237
337.62406  9202.4237
337.53133  9202.4237
337.4386  9202.4237
337.34586  9202.4237
337.25313  9202.4237
337.1604  9202.4237
337.06767  9202.4237
336.97494  9202.4237
336.88221  9202.4237
336.78947  9202.4237
336.69674  9202.4237
336.60401  9202.4237
336.51128  9202.4237
336.41855  9202.4237
336.32581  9202.4237
336.23308  9202.4237
336.14035  9202.4237
336.04762  9202.4237
335.95489  9202.4237
335.86216  9202.4237
335.76942  9202.4237
335.67669  9202.4237
335.58396  9202.4237
335.49123  9202.4237
335.3985  9202.4237
335.30576  9202.4237
335.21303  9202.4237
335.1203  9202.4237
335.02757  9202.4237
334.93484  9202.4237
334.84211  9202.4237
334.74937  9202.4237
334.65664  9202.4237
334.56391  9202.4237
334.47118  9202.4237
334.37845  9202.4237
334.28571  9202.4237
334.19298  9202.4237
334.10025  9202.4237
334.00752  9202.4237
333.91479  9202.4237
333.82206  9202.4237
333.72932  9202.4237
333.63659  9202.4237
333.54386  9202.4237
333.45113  9202.4237
333.3584  9202.4237
333.26566  9202.4237
333.17293  9202.4237
333.0802  9202.4237
332.98747  9202.4237
332.89474  9202.4237
332.80201  9202.4237
332.70927  9202.4237
332.61654  9202.4237
332.52381  9202.4237
332.43108  9202.4237
332.33835  9202.4237
332.24561  9202.4237
332.15288  9202.4237
332.06015  9202.4237
331.96742  9202.4237
331.87469  9202.4237
331.78195  9202.4237
331.68922  9202.4237
331.59649  9202.4237
331.50376  9202.4237
331.41103  9202.4237
331.3183  9202.4237
331.22556  9202.4237
331.13283  9202.4237
331.0401  9202.4237
330.94737  9202.4237
330.85464  9202.4237
330.7619  9202.4237
330.66917  9202.4237
330.57644  9202.4237
330.48371  9202.4237
330.39098  9202.4237
330.29825  9202.4237
330.20551  9202.4237
330.11278  9202.4237
330.02005  9202.4237
329.92732  9202.4237
329.83459  9202.4237
329.74185  9202.4237
329.64912  9202.4237
329.55639  9202.4237
329.46366  9202.4237
329.37093  9202.4237
329.2782  9202.4237
329.18546  9202.4237
329.09273  9202.4237
329  9202.4237

# Result Name:                  Combined
# Number of Curves:             1
#
# Curve:                        0
# Values/Curve:                 400
#
366  9215.7609
365.90727  9215.8093
365.81454  9215.8587
365.7218  9215.9093
365.62907  9215.9609
365.53634  9216.0138
365.44361  9216.0678
365.35088  9216.1231
365.25815  9216.1797
365.16541  9216.2375
365.07268  9216.2968
364.97995  9216.3574
364.88722  9216.4195
364.79449  9216.483
364.70175  9216.5481
364.60902  9216.6148
364.51629  9216.6832
364.42356  9216.7532
364.33083  9216.825
364.2381  9216.8986
364.14536  9216.974
364.05263  9217.0514
363.9599  9217.1308
363.86717  9217.2123
363.77444  9217.2959
363.6817  9217.3818
363.58897  9217.4699
363.49624  9217.5604
363.40351  9217.6534
363.31078  9217.7489
363.21805  9217.8471
363.12531  9217.9481
363.03258  9218.0519
362.93985  9218.1586
362.84712  9218.2685
362.75439  9218.3815
362.66165  9218.4979
362.56892  9218.6177
362.47619  9218.741
362.38346  9218.8682
362.29073  9218.9992
362.19799  9219.1342
362.10526  9219.2735
362.01253  9219.4171
361.9198  9219.5653
361.82707  9219.7183
361.73434  9219.8763
361.6416  9220.0394
361.54887  9220.208
361.45614  9220.3822
361.36341  9220.5624
361.27068  9220.7487
361.17794  9220.9415
361.08521  9221.1411
360.99248  9221.3477
360.89975  9221.5618
360.80702  9221.7837
360.71429  9222.0137
360.62155  9222.2523
360.52882  9222.5
360.43609  9222.757
360.34336  9223.024
360.25063  9223.3015
360.15789  9223.59
360.06516  9223.8901
359.97243  9224.2024
359.8797  9224.5275
359.78697  9224.8663
359.69424  9225.2195
359.6015  9225.5878
359.50877  9225.9722
359.41604  9226.3736
359.32331  9226.793
359.23058  9227.2315
359.13784  9227.6902
359.04511  9228.1705
358.95238  9228.6736
358.85965  9229.2011
358.76692  9229.7544
358.67419  9230.3354
358.58145  9230.9459
358.48872  9231.5878
358.39599  9232.2633
358.30326  9232.9749
358.21053  9233.7251
358.11779  9234.5166
358.02506  9235.3526
357.93233  9236.2364
357.8396  9237.1716
357.74687  9238.1623
357.65414  9239.2129
357.5614  9240.3281
357.46867  9241.5134
357.37594  9242.7747
357.28321  9244.1183
357.19048  9245.5515
357.09774  9247.0824
357.00501  9248.7197
356.91228  9250.4733
356.81955  9252.3542
356.72682  9254.3748
356.63409  9256.5488
356.54135  9258.8917
356.44862  9261.4209
356.35589  9264.156
356.26316  9267.1191
356.17043  9270.3354
356.07769  9273.8333
355.98496  9277.6452
355.89223  9281.8081
355.7995  9286.3641
355.70677  9291.3616
355.61404  9296.8558
355.5213  9302.9106
355.42857  9309.599
355.33584  9317.0054
355.24311  9325.2271
355.15038  9334.376
355.05764  9344.5811
354.96491  9355.9903
354.87218  9368.7726
354.77945  9383.12
354.68672  9399.2475
354.59398  9417.3928
354.50125  9437.8111
354.40852  9460.766
354.31579  9486.5108
354.22306  9515.2586
354.13033  9547.1336
354.03759  9582.1001
353.94486  9619.8656
353.85213  9659.7618
353.7594  9700.6204
353.66667  9740.6853
353.57393  9777.623
353.4812  9808.7051
353.38847  9831.2027
353.29574  9842.9394
353.20301  9842.8385
353.11028  9831.2365
353.01754  9809.8197
352.92481  9781.2112
352.83208  9748.4007
352.73935  9714.2323
352.64662  9681.0818
352.55388  9650.7382
352.46115  9624.4325
352.36842  9602.9421
352.27569  9586.7113
352.18296  9575.9593
352.09023  9570.7612
351.99749  9571.1025
351.90476  9576.9116
351.81203  9588.0745
351.7193  9604.4392
351.62657  9625.8114
351.53383  9651.9471
351.4411  9682.543
351.34837  9717.2273
351.25564  9755.5516
351.16291  9796.9863
351.07018  9840.9182
350.97744  9886.6531
350.88471  9933.4223
350.79198  9980.3931
350.69925  10026.684
350.60652  10071.383
350.51378  10113.571
350.42105  10152.344
350.32832  10186.84
350.23559  10216.264
350.14286  10239.916
350.05013  10257.206
349.95739  10267.684
349.86466  10271.044
349.77193  10267.141
349.6792  10255.996
349.58647  10237.789
349.49373  10212.857
349.401  10181.677
349.30827  10144.853
349.21554  10103.093
349.12281  10057.182
349.03008  10007.96
348.93734  9956.2932
348.84461  9903.0481
348.75188  9849.067
348.65915  9795.146
348.56642  9742.0164
348.47368  9690.3298
348.38095  9640.6469
348.28822  9593.4312
348.19549  9549.0465
348.10276  9507.7574
348.01003  9469.7339
347.91729  9435.0589
347.82456  9403.7364
347.73183  9375.7029
347.6391  9350.8382
347.54637  9328.9773
347.45363  9309.9216
347.3609  9293.4496
347.26817  9279.3266
347.17544  9267.3133
347.08271  9257.1724
346.98997  9248.6751
346.89724  9241.605
346.80451  9235.7613
346.71178  9230.9611
346.61905  9227.04
346.52632  9223.8527
346.43358  9221.2722
346.34085  9219.1892
346.24812  9217.5106
346.15539  9216.158
346.06266  9215.0661
345.96992  9214.1814
345.87719  9213.4601
345.78446  9212.8669
345.69173  9212.3736
345.599  9211.9581
345.50627  9211.6027
345.41353  9211.2939
345.3208  9211.0212
345.22807  9210.7767
345.13534  9210.5541
345.04261  9210.349
344.94987  9210.1578
344.85714  9209.9779
344.76441  9209.8075
344.67168  9209.6451
344.57895  9209.4895
344.48622  9209.34
344.39348  9209.196
344.30075  9209.0569
344.20802  9208.9224
344.11529  9208.7921
344.02256  9208.6659
343.92982  9208.5435
343.83709  9208.4247
343.74436  9208.3094
343.65163  9208.1974
343.5589  9208.0886
343.46617  9207.9828
343.37343  9207.8799
343.2807  9207.7799
343.18797  9207.6826
343.09524  9207.5879
343.00251  9207.4957
342.90977  9207.406
342.81704  9207.3187
342.72431  9207.2336
342.63158  9207.1507
342.53885  9207.0699
342.44612  9206.9912
342.35338  9206.9144
342.26065  9206.8396
342.16792  9206.7666
342.07519  9206.6954
341.98246  9206.6259
341.88972  9206.5582
341.79699  9206.492
341.70426  9206.4274
341.61153  9206.3643
341.5188  9206.3027
341.42607  9206.2426
341.33333  9206.1838
341.2406  9206.1264
341.14787  9206.0702
341.05514  9206.0154
340.96241  9205.9617
340.86967  9205.9093
340.77694  9205.858
340.68421  9205.8078
340.59148  9205.7588
340.49875  9205.7107
340.40602  9205.6637
340.31328  9205.6177
340.22055  9205.5727
340.12782  9205.5286
340.03509  9205.4855
339.94236  9205.4432
339.84962  9205.4018
339.75689  9205.3612
339.66416  9205.3215
339.57143  9205.2826
339.4787  9205.2444
339.38596  9205.207
339.29323  9205.1704
339.2005  9205.1344
339.10777  9205.0992
339.01504  9205.0646
338.92231  9205.0307
338.82957  9204.9975
338.73684  9204.9648
338.64411  9204.9328
338.55138  9204.9014
338.45865  9204.8706
338.36591  9204.8404
338.27318  9204.8107
338.18045  9204.7815
338.08772  9204.7529
337.99499  9204.7248
337.90226  9204.6972
337.80952  9204.6701
337.71679  9204.6435
337.62406  9204.6173
337.53133  9204.5916
337.4386  9204.5664
337.34586  9204.5416
337.25313  9204.5172
337.1604  9204.4932
337.06767  9204.4697
336.97494  9204.4465
336.88221  9204.4238
336.78947  9204.4014
336.69674  9204.3794
336.60401  9204.3577
336.51128  9204.3365
336.41855  9204.3155
336.32581  9204.2949
336.23308  9204.2747
336.14035  9204.2547
336.04762  9204.2351
335.95489  9204.2158
335.86216  9204.1968
335.76942  9204.1781
335.67669  9204.1597
335.58396  9204.1416
335.49123  9204.1238
335.3985  9204.1062
335.30576  9204.0889
335.21303  9204.0719
335.1203  9204.0552
335.02757  9204.0387
334.93484  9204.0224
334.84211  9204.0064
334.74937  9203.9906
334.65664  9203.9751
334.56391  9203.9598
334.47118  9203.9447
334.37845  9203.9298
334.28571  9203.9152
334.19298  9203.9007
334.10025  9203.8865
334.00752  9203.8725
333.91479  9203.8587
333.82206  9203.845
333.72932  9203.8316
333.63659  9203.8184
333.54386  9203.8053
333.45113  9203.7924
333.3584  9203.7797
333.26566  9203.7672
333.17293  9203.7549
333.0802  9203.7427
332.98747  9203.7307
332.89474  9203.7188
332.80201  9203.7071
332.70927  9203.6956
332.61654  9203.6842
332.52381  9203.673
332.43108  9203.6619
332.33835  9203.651
332.24561  9203.6402
332.15288  9203.6296
332.06015  9203.6191
331.96742  9203.6087
331.87469  9203.5985
331.78195  9203.5884
331.68922  9203.5784
331.59649  9203.5686
331.50376  9203.5588
331.41103  9203.5492
331.3183  9203.5398
331.22556  9203.5304
331.13283  9203.5212
331.0401  9203.512
330.94737  9203.503
330.85464  9203.4941
330.7619  9203.4854
330.66917  9203.4767
330.57644  9203.4681
330.48371  9203.4596
330.39098  9203.4513
330.29825  9203.443
330.20551  9203.4348
330.11278  9203.4267
330.02005  9203.4188
329.92732  9203.4109
329.83459  9203.4031
329.74185  9203.3954
329.64912  9203.3878
329.55639  9203.3803
329.46366  9203.3729
329.37093  9203.3655
329.2782  9203.3583
329.18546  9203.3511
329.09273  9203.344
329  9203.337

# Result Name:                  Peak 1
# Number of Curves:             1
#
# Curve:                        0
# Values/Curve:                 400
#
366  9212.458
365.90727  9212.458
365.81454  9212.458
365.7218  9212.458
365.62907  9212.458
365.53634  9212.458
365.44361  9212.458
365.35088  9212.458
365.25815  9212.458
365.16541  9212.458
365.07268  9212.458
364.97995  9212.458
364.88722  9212.458
364.79449  9212.458
364.70175  9212.458
364.60902  9212.458
364.51629  9212.458
364.42356  9212.458
364.33083  9212.458
364.2381  9212.458
364.14536  9212.458
364.05263  9212.458
363.9599  9212.458
363.86717  9212.458
363.77444  9212.458
363.6817  9212.458
363.58897  9212.458
363.49624  9212.458
363.40351  9212.458
363.31078  9212.458
363.21805  9212.458
363.12531  9212.458
363.03258  9212.458
362.93985  9212.458
362.84712  9212.458
362.75439  9212.458
362.66165  9212.458
362.56892  9212.458
362.47619  9212.458
362.38346  9212.458
362.29073  9212.458
362.19799  9212.458
362.10526  9212.458
362.01253  9212.458
361.9198  9212.458
361.82707  9212.458
361.73434  9212.458
361.6416  9212.458
361.54887  9212.458
361.45614  9212.458
361.36341  9212.458
361.27068  9212.458
361.17794  9212.458
361.08521  9212.458
360.99248  9212.458
360.89975  9212.458
360.80702  9212.458
360.71429  9212.458
360.62155  9212.458
360.52882  9212.458
360.43609  9212.458
360.34336  9212.458
360.25063  9212.458
360.15789  9212.458
360.06516  9212.458
359.97243  9212.458
359.8797  9212.458
359.78697  9212.458
359.69424  9212.458
359.6015  9212.458
359.50877  9212.458
359.41604  9212.458
359.32331  9212.458
359.23058  9212.458
359.13784  9212.458
359.04511  9212.458
358.95238  9212.458
358.85965  9212.458
358.76692  9212.458
358.67419  9212.458
358.58145  9212.458
358.48872  9212.458
358.39599  9212.458
358.30326  9212.458
358.21053  9212.458
358.11779  9212.458
358.02506  9212.458
357.93233  9212.458
357.8396  9212.458
357.74687  9212.458
357.65414  9212.458
357.5614  9212.458
357.46867  9212.458
357.37594  9212.458
357.28321  9212.458
357.19048  9212.458
357.09774  9212.458
357.00501  9212.458
356.91228  9212.458
356.81955  9212.458
356.72682  9212.458
356.63409  9212.458
356.54135  9212.458
356.44862  9212.458
356.35589  9212.458
356.26316  9212.458
356.17043  9212.4581
356.07769  9212.4581
355.98496  9212.4581
355.89223  9212.4582
355.7995  9212.4583
355.70677  9212.4585
355.61404  9212.4587
355.5213  9212.4591
355.42857  9212.4598
355.33584  9212.4607
355.24311  9212.4622
355.15038  9212.4644
355.05764  9212.4677
354.96491  9212.4725
354.87218  9212.4797
354.77945  9212.4901
354.68672  9212.5052
354.59398  9212.5268
354.50125  9212.5577
354.40852  9212.6014
354.31579  9212.6628
354.22306  9212.7482
354.13033  9212.8663
354.03759  9213.0284
353.94486  9213.2489
353.85213  9213.5467
353.7594  9213.9459
353.66667  9214.4765
353.57393  9215.1765
353.4812  9216.0926
353.38847  9217.282
353.29574  9218.8142
353.20301  9220.7722
353.11028  9223.2542
353.01754  9226.3752
352.92481  9230.268
352.83208  9235.0839
352.73935  9240.9931
352.64662  9248.1839
352.55388  9256.8615
352.46115  9267.2455
352.36842  9279.5663
352.27569  9294.0601
352.18296  9310.9627
352.09023  9330.5015
351.99749  9352.8872
351.90476  9378.3031
351.81203  9406.8944
351.7193  9438.7567
351.62657  9473.9246
351.53383  9512.3602
351.4411  9553.9435
351.34837  9598.4638
351.25564  9645.6137
351.16291  9694.9864
351.07018  9746.0753
350.97744  9798.2789
350.88471  9850.9087
350.79198  9903.2018
350.69925  9954.3375
350.60652  10003.457
350.51378  10049.687
350.42105  10092.163
350.32832  10130.06
350.23559  10162.614
350.14286  10189.15
350.05013  10209.105
349.95739  10222.048
349.86466  10227.693
349.77193  10225.912
349.6792  10216.74
349.58647  10200.37
349.49373  10177.151
349.401  10147.572
349.30827  10112.246
349.21554  10071.888
349.12281  10027.293
349.03008  9979.3062
348.93734  9928.801
348.84461  9876.6491
348.75188  9823.6981
348.65915  9770.749
348.56642  9718.5371
348.47368  9667.7179
348.38095  9618.8559
348.28822  9572.4178
348.19549  9528.7701
348.10276  9488.1803
348.01003  9450.821
347.91729  9416.7771
347.82456  9386.0551
347.73183  9358.5932
347.6391  9334.2731
347.54637  9312.9314
347.45363  9294.3711
347.3609  9278.3721
347.26817  9264.701
347.17544  9253.1197
347.08271  9243.3921
346.98997  9235.2904
346.89724  9228.5993
346.80451  9223.1188
346.71178  9218.6669
346.61905  9215.08
346.52632  9212.2135
346.43358  9209.9412
346.34085  9208.1543
346.24812  9206.7604
346.15539  9205.6817
346.06266  9204.8535
345.96992  9204.2227
345.87719  9203.746
345.78446  9203.3885
345.69173  9203.1225
345.599  9202.9262
345.50627  9202.7824
345.41353  9202.6779
345.3208  9202.6025
345.22807  9202.5486
345.13534  9202.5103
345.04261  9202.4833
344.94987  9202.4644
344.85714  9202.4513
344.76441  9202.4423
344.67168  9202.4361
344.57895  9202.4319
344.48622  9202.4291
344.39348  9202.4272
344.30075  9202.426
344.20802  9202.4251
344.11529  9202.4246
344.02256  9202.4243
343.92982  9202.424
343.83709  9202.4239
343.74436  9202.4238
343.65163  9202.4238
343.5589  9202.4237
343.46617  9202.4237
343.37343  9202.4237
343.2807  9202.4237
343.18797  9202.4237
343.09524  9202.4237
343.00251  9202.4237
342.90977  9202.4237
342.81704  9202.4237
342.72431  9202.4237
342.63158  9202.4237
342.53885  9202.4237
342.44612  9202.4237
342.35338  9202.4237
342.26065  9202.4237
342.16792  9202.4237
342.07519  9202.4237
341.98246  9202.4237
341.88972  9202.4237
341.79699  9202.4237
341.70426  9202.4237
341.61153  9202.4237
341.5188  9202.4237
341.42607  9202.4237
341.33333  9202.4237
341.2406  9202.4237
341.14787  9202.4237
341.05514  9202.4237
340.96241  9202.4237
340.86967  9202.4237
340.77694  9202.4237
340.68421  9202.4237
340.59148  9202.4237
340.49875  9202.4237
340.40602  9202.4237
340.31328  9202.4237
340.22055  9202.4237
340.12782  9202.4237
340.03509  9202.4237
339.94236  9202.4237
339.84962  9202.4237
339.75689  9202.4237
339.66416  9202.4237
339.57143  9202.4237
339.4787  9202.4237
339.38596  9202.4237
339.29323  9202.4237
339.2005  9202.4237
339.10777  9202.4237
339.01504  9202.4237
338.92231  9202.4237
338.82957  9202.4237
338.73684  9202.4237
338.64411  9202.4237
338.55138  9202.4237
338.45865  9202.4237
338.36591  9202.4237
338.27318  9202.4237
338.18045  9202.4237
338.08772  9202.4237
337.99499  9202.4237
337.90226  9202.4237
337.80952  9202.4237
337.71679  9202.4237
337.62406  9202.4237
337.53133  9202.4237
337.4386  9202.4237
337.34586  9202.4237
337.25313  9202.4237
337.1604  9202.4237
337.06767  9202.4237
336.97494  9202.4237
336.88221  9202.4237
336.78947  9202.4237
336.69674  9202.4237
336.60401  9202.4237
336.51128  9202.4237
336.41855  9202.4237
336.32581  9202.4237
336.23308  9202.4237
336.14035  9202.4237
336.04762  9202.4237
335.95489  9202.4237
335.86216  9202.4237
335.76942  9202.4237
335.67669  9202.4237
335.58396  9202.4237
335.49123  9202.4237
335.3985  9202.4237
335.30576  9202.4237
335.21303  9202.4237
335.1203  9202.4237
335.02757  9202.4237
334.93484  9202.4237
334.84211  9202.4237
334.74937  9202.4237
334.65664  9202.4237
334.56391  9202.4237
334.47118  9202.4237
334.37845  9202.4237
334.28571  9202.4237
334.19298  9202.4237
334.10025  9202.4237
334.00752  9202.4237
333.91479  9202.4237
333.82206  9202.4237
333.72932  9202.4237
333.63659  9202.4237
333.54386  9202.4237
333.45113  9202.4237
333.3584  9202.4237
333.26566  9202.4237
333.17293  9202.4237
333.0802  9202.4237
332.98747  9202.4237
332.89474  9202.4237
332.80201  9202.4237
332.70927  9202.4237
332.61654  9202.4237
332.52381  9202.4237
332.43108  9202.4237
332.33835  9202.4237
332.24561  9202.4237
332.15288  9202.4237
332.06015  9202.4237
331.96742  9202.4237
331.87469  9202.4237
331.78195  9202.4237
331.68922  9202.4237
331.59649  9202.4237
331.50376  9202.4237
331.41103  9202.4237
331.3183  9202.4237
331.22556  9202.4237
331.13283  9202.4237
331.0401  9202.4237
330.94737  9202.4237
330.85464  9202.4237
330.7619  9202.4237
330.66917  9202.4237
330.57644  9202.4237
330.48371  9202.4237
330.39098  9202.4237
330.29825  9202.4237
330.20551  9202.4237
330.11278  9202.4237
330.02005  9202.4237
329.92732  9202.4237
329.83459  9202.4237
329.74185  9202.4237
329.64912  9202.4237
329.55639  9202.4237
329.46366  9202.4237
329.37093  9202.4237
329.2782  9202.4237
329.18546  9202.4237
329.09273  9202.4237
329  9202.4237

# Result Name:                  Peak 2
# Number of Curves:             1
#
# Curve:                        0
# Values/Curve:                 400
#
366  9215.7609
365.90727  9215.8093
365.81454  9215.8587
365.7218  9215.9093
365.62907  9215.9609
365.53634  9216.0138
365.44361  9216.0678
365.35088  9216.1231
365.25815  9216.1797
365.16541  9216.2375
365.07268  9216.2968
364.97995  9216.3574
364.88722  9216.4195
364.79449  9216.483
364.70175  9216.5481
364.60902  9216.6148
364.51629  9216.6832
364.42356  9216.7532
364.33083  9216.825
364.2381  9216.8986
364.14536  9216.974
364.05263  9217.0514
363.9599  9217.1308
363.86717  9217.2123
363.77444  9217.2959
363.6817  9217.3818
363.58897  9217.4699
363.49624  9217.5604
363.40351  9217.6534
363.31078  9217.7489
363.21805  9217.8471
363.12531  9217.9481
363.03258  9218.0519
362.93985  9218.1586
362.84712  9218.2685
362.75439  9218.3815
362.66165  9218.4979
362.56892  9218.6177
362.47619  9218.741
362.38346  9218.8682
362.29073  9218.9992
362.19799  9219.1342
362.10526  9219.2735
362.01253  9219.4171
361.9198  9219.5653
361.82707  9219.7183
361.73434  9219.8763
361.6416  9220.0394
361.54887  9220.208
361.45614  9220.3822
361.36341  9220.5624
361.27068  9220.7487
361.17794  9220.9415
361.08521  9221.1411
360.99248  9221.3477
360.89975  9221.5618
360.80702  9221.7837
360.71429  9222.0137
360.62155  9222.2523
360.52882  9222.5
360.43609  9222.757
360.34336  9223.024
360.25063  9223.3015
360.15789  9223.59
360.06516  9223.8901
359.97243  9224.2024
359.8797  9224.5275
359.78697  9224.8663
359.69424  9225.2195
359.6015  9225.5878
359.50877  9225.9722
359.41604  9226.3736
359.32331  9226.793
359.23058  9227.2315
359.13784  9227.6902
359.04511  9228.1705
358.95238  9228.6736
358.85965  9229.2011
358.76692  9229.7544
358.67419  9230.3354
358.58145  9230.9459
358.48872  9231.5878
358.39599  9232.2633
358.30326  9232.9749
358.21053  9233.7251
358.11779  9234.5166
358.02506  9235.3526
357.93233  9236.2364
357.8396  9237.1716
357.74687  9238.1623
357.65414  9239.2129
357.5614  9240.3281
357.46867  9241.5134
357.37594  9242.7747
357.28321  9244.1183
357.19048  9245.5515
357.09774  9247.0824
357.00501  9248.7197
356.91228  9250.4733
356.81955  9252.3542
356.72682  9254.3748
356.63409  9256.5488
356.54135  9258.8917
356.44862  9261.4209
356.35589  9264.1559
356.26316  9267.1191
356.17043  9270.3353
356.07769  9273.8332
355.98496  9277.6451
355.89223  9281.8079
355.7995  9286.3639
355.70677  9291.3611
355.61404  9296.8551
355.5213  9302.9094
355.42857  9309.5972
355.33584  9317.0027
355.24311  9325.2229
355.15038  9334.3696
355.05764  9344.5714
354.96491  9355.9757
354.87218  9368.7509
354.77945  9383.0878
354.68672  9399.2003
354.59398  9417.3239
354.50125  9437.7113
354.40852  9460.6224
354.31579  9486.3059
354.22306  9514.9681
354.13033  9546.7248
354.03759  9581.5291
353.94486  9619.0738
353.85213  9658.6718
353.7594  9699.1308
353.66667  9738.6644
353.57393  9774.9011
353.4812  9805.066
353.38847  9826.3724
353.29574  9836.5749
353.20301  9834.5132
353.11028  9820.4256
353.01754  9795.8831
352.92481  9763.3759
352.83208  9725.7418
352.73935  9685.6547
352.64662  9645.3014
352.55388  9606.2652
352.46115  9569.5572
352.36842  9535.7234
352.27569  9504.9714
352.18296  9477.2839
352.09023  9452.5073
351.99749  9430.4158
351.90476  9410.7533
351.81203  9393.2596
351.7193  9377.686
351.62657  9363.8026
351.53383  9351.402
351.4411  9340.3
351.34837  9330.3344
351.25564  9321.3633
351.16291  9313.2632
351.07018  9305.927
350.97744  9299.2615
350.88471  9293.1865
350.79198  9287.632
350.69925  9282.5377
350.60652  9277.8516
350.51378  9273.5283
350.42105  9269.5288
350.32832  9265.8192
350.23559  9262.3704
350.14286  9259.1571
350.05013  9256.1574
349.95739  9253.3523
349.86466  9250.7255
349.77193  9248.2628
349.6792  9245.9516
349.58647  9243.7812
349.49373  9241.7421
349.401  9239.8256
349.30827  9238.0243
349.21554  9236.3313
349.12281  9234.7403
349.03008  9233.2454
348.93734  9231.8413
348.84461  9230.5228
348.75188  9229.285
348.65915  9228.1232
348.56642  9227.033
348.47368  9226.0099
348.38095  9225.0498
348.28822  9224.1486
348.19549  9223.3024
348.10276  9222.5075
348.01003  9221.7603
347.91729  9221.0574
347.82456  9220.3955
347.73183  9219.7717
347.6391  9219.183
347.54637  9218.6268
347.45363  9218.1007
347.3609  9217.6023
347.26817  9217.1296
347.17544  9216.6806
347.08271  9216.2536
346.98997  9215.8469
346.89724  9215.4592
346.80451  9215.0891
346.71178  9214.7354
346.61905  9214.397
346.52632  9214.0729
346.43358  9213.7622
346.34085  9213.4641
346.24812  9213.1779
346.15539  9212.9029
346.06266  9212.6384
345.96992  9212.3839
345.87719  9212.1389
345.78446  9211.9028
345.69173  9211.6753
345.599  9211.4559
345.50627  9211.2442
345.41353  9211.0398
345.3208  9210.8425
345.22807  9210.6518
345.13534  9210.4676
345.04261  9210.2894
344.94987  9210.1171
344.85714  9209.9503
344.76441  9209.7889
344.67168  9209.6326
344.57895  9209.4813
344.48622  9209.3346
344.39348  9209.1924
344.30075  9209.0546
344.20802  9208.9209
344.11529  9208.7912
344.02256  9208.6653
343.92982  9208.5431
343.83709  9208.4245
343.74436  9208.3093
343.65163  9208.1973
343.5589  9208.0885
343.46617  9207.9827
343.37343  9207.8799
343.2807  9207.7799
343.18797  9207.6826
343.09524  9207.5879
343.00251  9207.4957
342.90977  9207.406
342.81704  9207.3187
342.72431  9207.2336
342.63158  9207.1507
342.53885  9207.0699
342.44612  9206.9912
342.35338  9206.9144
342.26065  9206.8396
342.16792  9206.7666
342.07519  9206.6954
341.98246  9206.6259
341.88972  9206.5582
341.79699  9206.492
341.70426  9206.4274
341.61153  9206.3643
341.5188  9206.3027
341.42607  9206.2426
341.33333  9206.1838
341.2406  9206.1264
341.14787  9206.0702
341.05514  9206.0154
340.96241  9205.9617
340.86967  9205.9093
340.77694  9205.858
340.68421  9205.8078
340.59148  9205.7588
340.49875  9205.7107
340.40602  9205.6637
340.31328  9205.6177
340.22055  9205.5727
340.12782  9205.5286
340.03509  9205.4855
339.94236  9205.4432
339.84962  9205.4018
339.75689  9205.3612
339.66416  9205.3215
339.57143  9205.2826
339.4787  9205.2444
339.38596  9205.207
339.29323  9205.1704
339.2005  9205.1344
339.10777  9205.0992
339.01504  9205.0646
338.92231  9205.0307
338.82957  9204.9975
338.73684  9204.9648
338.64411  9204.9328
338.55138  9204.9014
338.45865  9204.8706
338.36591  9204.8404
338.27318  9204.8107
338.18045  9204.7815
338.08772  9204.7529
337.99499  9204.7248
337.90226  9204.6972
337.80952  9204.6701
337.71679  9204.6435
337.62406  9204.6173
337.53133  9204.5916
337.4386  9204.5664
337.34586  9204.5416
337.25313  9204.5172
337.1604  9204.4932
337.06767  9204.4697
336.97494  9204.4465
336.88221  9204.4238
336.78947  9204.4014
336.69674  9204.3794
336.60401  9204.3577
336.51128  9204.3365
336.41855  9204.3155
336.32581  9204.2949
336.23308  9204.2747
336.14035  9204.2547
336.04762  9204.2351
335.95489  9204.2158
335.86216  9204.1968
335.76942  9204.1781
335.67669  9204.1597
335.58396  9204.1416
335.49123  9204.1238
335.3985  9204.1062
335.30576  9204.0889
335.21303  9204.0719
335.1203  9204.0552
335.02757  9204.0387
334.93484  9204.0224
334.84211  9204.0064
334.74937  9203.9906
334.65664  9203.9751
334.56391  9203.9598
334.47118  9203.9447
334.37845  9203.9298
334.28571  9203.9152
334.19298  9203.9007
334.10025  9203.8865
334.00752  9203.8725
333.91479  9203.8587
333.82206  9203.845
333.72932  9203.8316
333.63659  9203.8184
333.54386  9203.8053
333.45113  9203.7924
333.3584  9203.7797
333.26566  9203.7672
333.17293  9203.7549
333.0802  9203.7427
332.98747  9203.7307
332.89474  9203.7188
332.80201  9203.7071
332.70927  9203.6956
332.61654  9203.6842
332.52381  9203.673
332.43108  9203.6619
332.33835  9203.651
332.24561  9203.6402
332.15288  9203.6296
332.06015  9203.6191
331.96742  9203.6087
331.87469  9203.5985
331.78195  9203.5884
331.68922  9203.5784
331.59649  9203.5686
331.50376  9203.5588
331.41103  9203.5492
331.3183  9203.5398
331.22556  9203.5304
331.13283  9203.5212
331.0401  9203.512
330.94737  9203.503
330.85464  9203.4941
330.7619  9203.4854
330.66917  9203.4767
330.57644  9203.4681
330.48371  9203.4596
330.39098  9203.4513
330.29825  9203.443
330.20551  9203.4348
330.11278  9203.4267
330.02005  9203.4188
329.92732  9203.4109
329.83459  9203.4031
329.74185  9203.3954
329.64912  9203.3878
329.55639  9203.3803
329.46366  9203.3729
329.37093  9203.3655
329.2782  9203.3583
329.18546  9203.3511
329.09273  9203.344
329  9203.337

# Result Name:                  Residuum
# Number of Curves:             1
#
# Curve:                        0
# Values/Curve:                 371
#
366  261.73009
365.9  135.71021
365.8  49.912872
365.7  66.382676
365.6  -87.138307
365.5  -21.66606
365.4  -150.22119
365.3  -125.78709
365.2  -195.11551
365.1  -70.193086
365  0.74268098
364.9  -51.395581
364.8  -13.24034
364.7  42.934275
364.6  -51.616269
364.5  -211.26772
364.4  45.610082
364.3  131.10798
364.2  144.18658
364.1  145.53003
364  -93.885894
363.9  135.59663
363.8  46.90495
363.7  -46.016191
363.6  124.81615
363.5  -246.35316
363.4  35.538222
363.3  31.937126
363.2  -156.192
363.1  -19.756555
363  2.1649263
362.9  198.05109
362.8  190.6982
362.7  -199.02605
362.6  -105.31637
362.5  94.481772
362.4  -53.723076
362.3  70.095813
362.2  58.456709
362.1  17.742243
362  46.176074
361.9  35.459078
361.8  32.543689
361.7  22.370554
361.6  -55.542923
361.5  109.44235
361.4  198.04485
361.3  -127.59055
361.2  79.809912
361.1  220.60534
361  100.19638
360.9  51.357109
360.8  4.0921151
360.7  -97.073182
360.6  5.9205567
360.5  170.2321
360.4  14.38432
360.3  -113.34076
360.2  211.6341
360.1  103.64117
360  -97.206018
359.9  -54.412003
359.8  -100.43958
359.7  -164.12552
359.6  56.688759
359.5  -24.046623
359.4  148.98966
359.3  -223.37896
359.2  44.51928
359.1  80.932113
359  -202.41852
358.9  -95.817867
358.8  -152.57262
358.7  18.829608
358.6  -106.86343
358.5  -36.437317
358.4  -111.05723
358.3  -41.340622
358.2  22.092406
358.1  -37.827877
358  24.249208
357.9  201.46349
357.8  182.36837
357.7  -155.54501
357.6  -182.14007
357.5  -197.61214
357.4  -46.040361
357.3  -24.560226
357.2  118.78935
357.1  -20.858832
357  50.468041
356.9  157.45645
356.8  180.60225
356.7  -131.60098
356.6  109.4737
356.5  -85.981301
356.4  -9.8812272
356.3  -170.851
356.2  154.36485
356.1  -52.648242
356  14.893481
355.9  20.472391
355.8  -58.873389
355.7  -310.23484
355.6  -4.4306543
355.5  -141.66921
355.4  -18.396506
355.3  106.92692
355.2  -43.78832
355.1  99.777537
355  102.60273
354.9  27.106659
354.8  127.88412
354.7  110.12774
354.6  59.788363
354.5  -48.852474
354.4  86.056732
354.3  176.21525
354.2  -151.45953
354.1  -137.24112
354  -39.199205
353.9  -3.2182909
353.8  -47.182933
353.7  -6.5253358
353.6  0.60604807
353.5  48.556689
353.4  64.306129
353.3  -14.449369
353.2  -22.202129
353.1  -74.829547
353  133.44203
352.9  -25.585101
352.8  21.898162
352.7  -146.07228
352.6  62.316573
352.5  26.438576
352.4  -93.573674
352.3  22.724135
352.2  134.69486
352.1  -45.561959
352  100.68243
351.9  -19.206454
351.8  -14.043392
351.7  -60.732534
351.6  -37.793555
351.5  -84.913485
351.4  -193.01096
351.3  -28.398469
351.2  174.80759
351.1  159.64726
351  283.0372
350.9  56.525125
350.8  -32.067574
350.7  -50.965108
350.6  50.744671
350.5  -58.713652
350.4  -225.10922
350.3  -193.13748
350.2  182.19276
350.1  -86.036447
350  -48.353338
349.9  -27.159376
349.8  67.179769
349.7  64.480554
349.6  -20.871444
349.5  121.61777
349.4  -71.562694
349.3  -9.2082236
349.2  81.308071
349.1  11.334986
349  22.383265
348.9  -79.015266
348.8  23.358101
348.7  -82.470922
348.6  20.459189
348.5  122.0799
348.4  73.58782
348.3  -34.569272
348.2  221.34947
348.1  28.845827
348  -270.88638
347.9  -114.40078
347.8  -181.04541
347.7  -90.252359
347.6  127.18827
347.5  268.59115
347.4  -68.221599
347.3  -89.612454
347.2  53.589819
347.1  -72.980753
347  71.829619
346.9  108.92887
346.8  -170.33541
346.7  105.61881
346.6  -149.59634
346.5  -122.38615
346.4  -125.02246
346.3  52.904465
346.2  72.810875
346.1  -254.75715
346  -300.31543
345.9  1.418739
345.8  -111.6089
345.7  -268.18885
345.6  99.87787
345.5  133.43068
345.4  -5.4610936
345.3  29.00862
345.2  140.48536
345.1  -21.892704
345  42.796327
344.9  -125.5073
344.8  186.7876
344.7  182.31372
344.6  -20.513143
344.5  -5.0338558
344.4  -179.30974
344.3  85.371375
344.2  23.313643
344.1  79.326048
344  -28.67694
343.9  -25.463991
343.8  -8.4871013
343.7  144.16744
343.6  107.92451
343.5  -79.620786
343.4  -131.48864
343.3  79.811317
343.2  -3.5143213
343.1  -83.500113
343  53.387959
342.9  -7.9042527
342.8  83.240119
342.7  32.291885
342.6  84.597362
342.5  29.322373
342.4  30.909517
342.3  121.62801
342.2  -5.1100872
342.1  62.271713
342  0.518871
341.9  -48.706773
341.8  96.771138
341.7  -60.909631
341.6  3.2093911
341.5  67.310025
341.4  102.18286
341.3  -30.997711
341.2  -5.5348234
341.1  118.74652
341  205.19542
340.9  58.791827
340.8  -59.388906
340.7  266.81577
340.6  -35.363714
340.5  72.309091
340.4  148.59856
340.3  31.450131
340.2  -85.323554
340.1  159.72968
340  130.17476
339.9  89.221908
339.8  87.397121
339.7  -157.83943
339.6  -81.652828
339.5  -40.560275
339.4  -99.893519
339.3  -71.115934
339.2  -45.094367
339.1  274.07326
339  55.223579
338.9  -11.637818
338.8  56.558286
338.7  -81.933258
338.6  77.11808
338.5  -56.459232
338.4  -145.29256
338.3  11.201979
338.2  55.457377
338.1  -94.275225
338  -6.8676799
337.9  65.547727
337.8  -61.822739
337.7  -59.112183
337.6  152.66759
337.5  -103.65041
337.4  -18.645316
337.3  44.040784
337.2  143.54051
337.1  209.75842
337  -60.89861
336.9  41.752704
336.8  171.48095
336.7  -4.4119064
336.6  103.22499
336.5  -72.664086
336.4  40.834463
336.3  -16.504515
336.2  32.422042
336.1  82.094381
336  -20.209309
335.9  32.411042
335.8  -19.73949
335.7  21.885384
335.6  95.211982
335.5  -198.62817
335.4  65.956429
335.3  26.522652
335.2  -66.094143
335.1  -76.649828
335  -172.52771
334.9  -29.091005
334.8  94.417747
334.7  -84.458098
334.6  -42.320562
334.5  16.938699
334.4  58.057832
334.3  -105.21073
334.2  38.240864
334.1  -54.161916
334  95.314796
333.9  92.662605
333.8  -166.47844
333.7  -73.129577
333.6  6.058862
333.5  -11.806114
333.4  -135.89083
333.3  -231.9915
333.2  9.8141243
333.1  -76.567578
333  -29.385363
332.9  100.74795
332.8  -196.92787
332.7  137.72311
332.6  -22.565753
332.5  -47.443385
332.4  -127.25716
332.3  -133.73769
332.2  -137.64458
332.1  -4.6633937
332  61.782084
331.9  -51.850786
331.8  -65.544709
331.7  253.25175
331.6  82.495782
331.5  99.312423
331.4  -23.861659
331.3  70.596948
331.2  -53.275363
331.1  31.311451
331  48.344331
330.9  61.049151
330.8  120.95268
330.7  68.293968
330.6  -88.663701
330.5  -82.331242
330.4  -75.212022
330.3  -15.39786
330.2  38.237077
330.1  14.26508
330  -84.301458
329.9  -22.236166
329.8  -20.498552
329.7  39.551835
329.6  -139.32908
329.5  -145.60388
329.4  140.14974
329.3  4.3846919
329.2  14.183346
329.1  1.1480736
329  -241.36794

# Region:                       Si
# Spectrum ID:                  6
# Acquisition Date:             08/07/26 13:50:25 UTC
# Analysis Method:              XPS
# Analyzer:                     PHOIBOS MCD5 Analyzer
# Analyzer Lens:                LargeArea:1.5kV
# Analyzer Slit:                5:7x20\B:open
# Scan Mode:                    FixedAnalyzerTransmission
# Curves/Scan:                  1
# Values/Curve:                 1501
# Dwell Time:                   0.1
# Excitation Energy:            1253.64
# Binding Energy:               200
# Pass Energy:                  50
# Bias Voltage:                 90
# Detector Voltage:             3000
# Eff. Workfunction:            4.543
# Source:                       X-Ray Dummy
# Comment:                      
#
# Cycle: 0
# Number of Scans: 3
#
# Cycle: 0, Curve: 0
# Acquisition Date:             08/07/26 13:50:25 UTC
#
# ColumnLabels:                 energy counts/s
#
200  2349.1869
199.9  2385.9808
199.8  2357.4389
199.7  2369.9444
199.6  2382.4327
199.5  2412.5462
199.4  2518.1904
199.3  2560.4691
199.2  2433.9973
199.1  2414.329
199  2407.5348
198.9  2329.9955
198.8  2384.5642
198.7  2451.749
198.6  2383.1748
198.5  2231.5141
198.4  2393.1397
198.3  2329.7073
198.2  2335.0205
198.1  2379.5812
198  2384.1551
197.9  2341.641
197.8  2385.1454
197.7  2348.2793
197.6  2267.9039
197.5  2379.8983
197.4  2453.0948
197.3  2310.5467
197.2  2328.6543
197.1  2313.264
197  2339.0493
196.9  2219.1196
196.8  2208.6766
196.7  2207.3162
196.6  2212.5454
196.5  2376.3365
196.4  2505.3828
196.3  2274.8835
196.2  2354.8429
196.1  2486.7047
196  2328.4235
195.9  2372.1522
195.8  2390.2733
195.7  2305.9808
195.6  2452.5756
195.5  2460.6612
195.4  2407.2947
195.3  2412.3506
195.2  2377.8921
195.1  2356.7317
195  2392.6165
194.9  2326.6565
194.8  2324.6207
194.7  2256.4344
194.6  2351.447
194.5  2385.6904
194.4  2278.3896
194.3  2234.3298
194.2  2341.1978
194.1  2303.5967
194  2366.3562
193.9  2358.2211
193.8  2459.5468
193.7  2419.8465
193.6  2420.673
193.5  2420.2564
193.4  2249.3834
193.3  2375.7574
193.2  2393.5126
193.1  2371.8061
193  2374.5839
192.9  2352.1018
192.8  2428.3241
192.7  2420.3737
192.6  2345.6446
192.5  2256.1354
192.4  2398.3679
192.3  2388.8417
192.2  2307.1576
192.1  2264.7892
192  2303.3482
191.9  2262.3867
191.8  2378.7014
191.7  2352.3482
191.6  2220.9027
191.5  2248.9503
191.4  2174.3869
191.3  2441.5724
191.2  2363.2164
191.1  2375.6301
191  2327.5412
190.9  2299.2107
190.8  2324.1387
190.7  2443.9066
190.6  2426.8285
190.5  2312.2929
190.4  2283.462
190.3  2267.1158
190.2  2257.4199
190.1  2389.9944
190  2352.2241
189.9  2436.641
189.8  2370.5304
189.7  2355.3854
189.6  2436.5564
189.5  2417.0903
189.4  2288.9091
189.3  2408.3677
189.2  2252.6834
189.1  2383.2093
189  2244.2993
188.9  2369.7515
188.8  2329.9
188.7  2296.3204
188.6  2313.3791
188.5  2396.505
188.4  2458.8792
188.3  2368.175
188.2  2281.3897
188.1  2284.9361
188  2488.6156
187.9  2394.754
187.8  2396.3319
187.7  2396.2584
187.6  2422.9791
187.5  2460.2296
187.4  2376.1088
187.3  2408.2243
187.2  2291.2049
187.1  2431.9813
187  2380.2186
186.9  2338.4401
186.8  2350.3368
186.7  2355.2064
186.6  2370.1375
186.5  2385.5552
186.4  2362.5731
186.3  2255.0398
186.2  2404.008
186.1  2367.14
186  2248.3856
185.9  2290.0102
185.8  2433.5871
185.7  2451.5433
185.6  2320.7002
185.5  2426.6244
185.4  2385.8792
185.3  2406.2989
185.2  2337.4409
185.1  2452.9563
185  2500.0728
184.9  2309.535
184.8  2414.2765
184.7  2360.0458
184.6  2308.3291
184.5  2252.7456
184.4  2419.7746
184.3  2393.4032
184.2  2266.9736
184.1  2229.5368
184  2294.2338
183.9  2374.5594
183.8  2251.452
183.7  2447.1437
183.6  2413.4214
183.5  2358.5431
183.4  2375.571
183.3  2299.5082
183.2  2364.9665
183.1  2386.6577
183  2308.4132
182.9  2336.3202
182.8  2186.5055
182.7  2372.8165
182.6  2380.5328
182.5  2252.8517
182.4  2297.9334
182.3  2355.7232
182.2  2308.6071
182.1  2255.4625
182  2319.6447
181.9  2354.9906
181.8  2357.3905
181.7  2422.253
181.6  2380.8029
181.5  2434.9297
181.4  2396.707
181.3  2390.8483
181.2  2293.6847
181.1  2375.2188
181  2439.8848
180.9  2445.5425
180.8  2355.7669
180.7  2418.543
180.6  2339.4846
180.5  2272.7758
180.4  2404.3966
180.3  2367.6543
180.2  2175.5032
180.1  2239.9125
180  2385.8322
179.9  2472.6114
179.8  2320.3089
179.7  2324.4833
179.6  2265.4829
179.5  2205.5869
179.4  2297.5059
179.3  2317.0383
179.2  2315.7098
179.1  2297.8138
179  2310.4792
178.9  2416.4101
178.8  2537.2586
178.7  2416.1812
178.6  2309.5216
178.5  2310.3175
178.4  2274.4306
178.3  2351.0091
178.2  2278.6519
178.1  2314.8259
178  2241.7251
177.9  2371.1546
177.8  2351.2039
177.7  2257.0863
177.6  2293.1015
177.5  2268.5301
177.4  2325.2683
177.3  2409.8152
177.2  2286.0417
177.1  2443.6011
177  2399.9992
176.9  2283.1342
176.8  2247.4427
176.7  2314.8444
176.6  2285.293
176.5  2360.1833
176.4  2307.1292
176.3  2297.9169
176.2  2326.579
176.1  2270.0885
176  2387.5537
175.9  2364.6332
175.8  2309.0309
175.7  2245.0673
175.6  2292.4464
175.5  2382.1858
175.4  2321.3397
175.3  2367.4042
175.2  2422.3807
175.1  2375.3841
175  2300.143
174.9  2113.3683
174.8  2207.0598
174.7  2311.4529
174.6  2211.4357
174.5  2482.3052
174.4  2422.8256
174.3  2404.6428
174.2  2254.4787
174.1  2370.6495
174  2330.089
173.9  2293.1477
173.8  2350.7228
173.7  2311.9987
173.6  2366.7087
173.5  2380.1507
173.4  2292.3502
173.3  2254.8632
173.2  2329.7148
173.1  2227.2921
173  2331.9274
172.9  2425.6675
172.8  2397.2682
172.7  2523.6521
172.6  2347.4754
172.5  2344.2869
172.4  2194.629
172.3  2401.1991
172.2  2427.5298
172.1  2351.3279
172  2246.3508
171.9  2366.4788
171.8  2325.1482
171.7  2288.6134
171.6  2437.9643
171.5  2422.2577
171.4  2386.5314
171.3  2455.5294
171.2  2343.8768
171.1  2249.3938
171  2298.9247
170.9  2205.1512
170.8  2487.5676
170.7  2418.9457
170.6  2347.4329
170.5  2333.7431
170.4  2403.6041
170.3  2378.8148
170.2  2487.277
170.1  2469.5831
170  2457.5273
169.9  2350.8507
169.8  2316.9623
169.7  2373.4885
169.6  2311.7002
169.5  2205.7139
169.4  2313.2973
169.3  2318.6158
169.2  2265.3165
169.1  2253.7674
169  2338.1057
168.9  2202.071
168.8  2291.6663
168.7  2438.9116
168.6  2229.2763
168.5  2343.8039
168.4  2360.9058
168.3  2211.3959
168.2  2290.4029
168.1  2505.024
168  2404.2509
167.9  2297.8665
167.8  2347.1784
167.7  2388.1634
167.6  2321.6371
167.5  2199.5516
167.4  2381.2996
167.3  2446.2045
167.2  2302.9263
167.1  2186.2369
167  2173.5501
166.9  2339.7334
166.8  2393.9713
166.7  2362.4289
166.6  2287.4734
166.5  2505.1481
166.4  2396.5838
166.3  2231.0743
166.2  2264.8697
166.1  2415.6276
166  2376.3974
165.9  2376.2249
165.8  2371.7336
165.7  2357.4768
165.6  2353.3426
165.5  2381.8362
165.4  2416.9798
165.3  2416.541
165.2  2372.7272
165.1  2326.1036
165  2275.4046
164.9  2188.2462
164.8  2302.6638
164.7  2319.7899
164.6  2254.2507
164.5  2205.2
164.4  2318.4344
164.3  2169.9754
164.2  2155.0507
164.1  2214.7051
164  2171.0781
163.9  2215.3214
163.8  2210.5059
163.7  2184.8927
163.6  2161.3224
163.5  2230.137
163.4  2292.1131
163.3  2263.4197
163.2  2219.8582
163.1  2185.3098
163  2276.1916
162.9  2363.3679
162.8  2224.804
162.7  2307.0109
162.6  2214.6823
162.5  2278.9174
162.4  2311.2503
162.3  2223.6323
162.2  2346.9661
162.1  2224.9753
162  2230.0912
161.9  2256.3365
161.8  2366.9153
161.7  2276.4539
161.6  2206.3189
161.5  2334.3058
161.4  2396.5127
161.3  2291.5697
161.2  2212.4988
161.1  2283.0946
161  2246.7045
160.9  2254.5881
160.8  2471.3298
160.7  2396.0252
160.6  2190.98
160.5  2328.2315
160.4  2304.0059
160.3  2194.0598
160.2  2167.7816
160.1  2359.0384
160  2408.1881
159.9  2391.7825
159.8  2311.1215
159.7  2288.7958
159.6  2284.0315
159.5  2207.6415
159.4  2266.7718
159.3  2302.2005
159.2  2401.9645
159.1  2301.3429
159  2367.1795
158.9  2169.8316
158.8  2341.3043
158.7  2231.9981
158.6  2249.6257
158.5  2295.1484
158.4  2336.8115
158.3  2358.246
158.2  2392.729
158.1  2330.3572
158  2379.6591
157.9  2293.5245
157.8  2376.1833
157.7  2290.824
157.6  2338.6834
157.5  2386.0828
157.4  2345.2619
157.3  2572.9657
157.2  2592.6105
157.1  2496.0373
157  2543.443
156.9  2513.6067
156.8  2603.2639
156.7  2514.2527
156.6  2704.4347
156.5  2712.2163
156.4  2664.6489
156.3  2572.7815
156.2  2602.6402
156.1  2734.2317
156  2781.9662
155.9  2788.3391
155.8  2738.3065
155.7  2810.8605
155.6  2882.0031
155.5  2760.3761
155.4  2982.3007
155.3  2752.6998
155.2  2854.0119
155.1  2612.2177
155  2501.3631
154.9  2694.4611
154.8  2826.0937
154.7  2687.6012
154.6  2597.9404
154.5  2754.0484
154.4  2515.7571
154.3  2663.6215
154.2  2526.4203
154.1  2549.0908
154  2558.3612
153.9  2649.295
153.8  2481.7596
153.7  2598.1813
153.6  2459.3272
153.5  2443.346
153.4  2455.7438
153.3  2334.2873
153.2  2413.6417
153.1  2256.1842
153  2197.9984
152.9  2404.7093
152.8  2428.795
152.7  2197.16
152.6  2222.2986
152.5  2326.0117
152.4  2219.4396
152.3  2323.7973
152.2  2391.7297
152.1  2263.0077
152  2223.6344
151.9  2473.0755
151.8  2338.9206
151.7  2213.3554
151.6  2156.4666
151.5  2305.7823
151.4  2227.4044
151.3  2196.5134
151.2  2370.0651
151.1  2179.3309
151  2357.1208
150.9  2243.5227
150.8  2319.4746
150.7  2312.8845
150.6  2343.7028
150.5  2321.0063
150.4  2322.609
150.3  2247.688
150.2  2315.5538
150.1  2135.6621
150  2134.7615
149.9  2225.708
149.8  2236.074
149.7  2260.9817
149.6  2129.1223
149.5  2212.9314
149.4  2152.3474
149.3  2244.6249
149.2  2257.496
149.1  2164.0464
149  2260.9709
148.9  2322.4324
148.8  2251.784
148.7  2232.7707
148.6  2432.476
148.5  2310.0639
148.4  2300.0782
148.3  2250.1177
148.2  2292.4894
148.1  2238.6398
148  2398.8052
147.9  2252.0987
147.8  2366.5858
147.7  2326.2104
147.6  2291.3726
147.5  2240.2813
147.4  2242.3907
147.3  2304.5258
147.2  2244.936
147.1  2292.4848
147  2308.3181
146.9  2248.1275
146.8  2298.8755
146.7  2414.2416
146.6  2280.1276
146.5  2328.603
146.4  2399.0005
146.3  2400.5181
146.2  2255.2845
146.1  2358.1002
146  2301.4935
145.9  2316.0648
145.8  2201.2777
145.7  2352.1125
145.6  2217.1205
145.5  2326.3914
145.4  2197.5504
145.3  2249.1067
145.2  2280.5075
145.1  2140.8043
145  2182.0443
144.9  2289.083
144.8  2242.2009
144.7  2177.3238
144.6  2208.0413
144.5  2161.7419
144.4  2333.7277
144.3  2309.9658
144.2  2155.254
144.1  2245.693
144  2174.0464
143.9  2146.5478
143.8  2040.5668
143.7  2256.6673
143.6  2268.3459
143.5  2349.8011
143.4  2413.9524
143.3  2402.5826
143.2  2322.1141
143.1  2326.7085
143  2072.2353
142.9  2185.1017
142.8  2243.4185
142.7  2307.0508
142.6  2312.0379
142.5  2190.6298
142.4  2342.013
142.3  2265.4688
142.2  2317.5732
142.1  2182.4336
142  2292.8458
141.9  2203.3211
141.8  2238.4595
141.7  2303.5284
141.6  2152.8648
141.5  2261.5813
141.4  2257.0983
141.3  2266.4169
141.2  2343.7087
141.1  2355.032
141  2110.9284
140.9  2130.382
140.8  2207.3906
140.7  2238.6926
140.6  2202.8407
140.5  2344.6003
140.4  2250.0301
140.3  2131.1519
140.2  2258.6252
140.1  2225.6966
140  2178.3088
139.9  2251.5206
139.8  2282.0983
139.7  2269.5406
139.6  2283.6081
139.5  2205.0103
139.4  2338.0757
139.3  2344.2926
139.2  2260.5682
139.1  2164.6247
139  2019.5535
138.9  2227.0635
138.8  2280.9878
138.7  2300.1039
138.6  2127.084
138.5  2331.4693
138.4  2277.8973
138.3  2250.2825
138.2  2168.5302
138.1  2265.8996
138  2270.371
137.9  2176.7543
137.8  2214.2253
137.7  2210.9796
137.6  2250.9766
137.5  2268.5081
137.4  2179.9288
137.3  2154.1469
137.2  2344.2163
137.1  2254.5882
137  2273.3522
136.9  2155.6847
136.8  2175.5561
136.7  2055.6267
136.6  2210.2747
136.5  2205.9552
136.4  2368.639
136.3  2197.9261
136.2  2093.1257
136.1  2416.4937
136  2310.0185
135.9  2209.7662
135.8  2204.8219
135.7  2250.0761
135.6  2299.5628
135.5  2312.6453
135.4  2265.3398
135.3  2176.2446
135.2  2295.6662
135.1  2274.5242
135  2143.7141
134.9  2234.7322
134.8  2245.5086
134.7  2375.8337
134.6  2236.0008
134.5  2105.8062
134.4  2206.3637
134.3  2306.8389
134.2  2179.7226
134.1  2166.6051
134  2152.1399
133.9  2105.8632
133.8  2171.8253
133.7  2044.9733
133.6  2153.3665
133.5  2080.4052
133.4  2258.5741
133.3  2316.3767
133.2  2231.669
133.1  2159.8283
133  2090.3428
132.9  2164.3485
132.8  2191.9785
132.7  2187.4208
132.6  2249.7038
132.5  2183.8002
132.4  2123.6545
132.3  2161.4441
132.2  2220.2733
132.1  2263.4764
132  2202.9844
131.9  2268.8609
131.8  2113.779
131.7  2085.765
131.6  2184.7573
131.5  2021.8043
131.4  2167.4007
131.3  2192.65
131.2  2114.6452
131.1  2221.7256
131  2128.6989
130.9  2104.5973
130.8  2077.2566
130.7  2149.3176
130.6  2139.8987
130.5  2162.7171
130.4  2156.9613
130.3  2176.6644
130.2  2076.4697
130.1  2191.6607
130  2142.5214
129.9  2198.6686
129.8  2204.7814
129.7  2030.9152
129.6  2170.4098
129.5  2110.4913
129.4  2219.9255
129.3  2217.7412
129.2  2219.7335
129.1  2201.2404
129  2175.8901
128.9  2157.1055
128.8  2054.5483
128.7  2197.7426
128.6  2117.176
128.5  2196.368
128.4  2046.1586
128.3  2102.3943
128.2  2155.6038
128.1  2228.333
128  2289.5542
127.9  2265.1171
127.8  2212.5293
127.7  2213.8276
127.6  2190.3285
127.5  2299.0429
127.4  2267.6878
127.3  2013.4224
127.2  2162.3206
127.1  2169.2816
127  2008.8228
126.9  2037.7899
126.8  2161.1165
126.7  2117.9627
126.6  2181.4534
126.5  2137.3998
126.4  2137.1967
126.3  2130.8077
126.2  2285.3089
126.1  2181.0403
126  2249.6869
125.9  2081.3641
125.8  2231.6011
125.7  2385.0324
125.6  2201.0728
125.5  2210.9428
125.4  2190.9162
125.3  2119.835
125.2  2074.298
125.1  2215.7158
125  2283.9257
124.9  2384.0958
124.8  2193.6403
124.7  2189.2428
124.6  2222.511
124.5  2179.7916
124.4  2168.9505
124.3  2294.4517
124.2  2128.3533
124.1  2239.554
124  2232.0592
123.9  2181.541
123.8  2229.9038
123.7  2228.1399
123.6  2259.5416
123.5  2147.5837
123.4  2310.13
123.3  2227.0078
123.2  2164.9281
123.1  2149.0388
123  2126.3869
122.9  2164.7838
122.8  2137.5277
122.7  2184.0004
122.6  2239.394
122.5  2162.2814
122.4  2175.0587
122.3  2225.3027
122.2  2127.0041
122.1  2338.572
122  2232.2746
121.9  2349.147
121.8  2303.6153
121.7  2026.4042
121.6  2087.4041
121.5  2224.8647
121.4  2187.8782
121.3  2106.6348
121.2  2179.1138
121.1  2125.6281
121  2236.9746
120.9  2230.6559
120.8  2188.6283
120.7  2114.2807
120.6  2217.9637
120.5  2247.3187
120.4  2209.1168
120.3  2249.935
120.2  2179.2281
120.1  1994.5434
120  2313.5805
119.9  2332.719
119.8  2104.2467
119.7  2237.7791
119.6  2176.1535
119.5  2092.9762
119.4  2165.6123
119.3  2115.3546
119.2  2176.4887
119.1  2126.0594
119  2151.5001
118.9  2098.5774
118.8  2245.2159
118.7  2151.5683
118.6  2231.685
118.5  2239.2631
118.4  2317.5202
118.3  2267.7065
118.2  2279.3048
118.1  2124.7867
118  2065.5307
117.9  2090.1741
117.8  2103.7241
117.7  2269.9652
117.6  2004.4241
117.5  1985.6759
117.4  2218.3572
117.3  2277.0442
117.2  2136.6877
117.1  2044.1107
117  2201.4014
116.9  2256.4123
116.8  2044.7577
116.7  2089.2383
116.6  2099.3899
116.5  2175.2083
116.4  2138.5522
116.3  2221.2579
116.2  2238.2975
116.1  2065.2191
116  2140.805
115.9  2125.7996
115.8  2119.6936
115.7  2160.8988
115.6  2138.5049
115.5  2048.5104
115.4  2161.5857
115.3  2139.9031
115.2  2114.9727
115.1  2200.6238
115  2181.755
114.9  2188.707
114.8  2207.9302
114.7  2264.3963
114.6  2204.1559
114.5  2270.0108
114.4  2160.386
114.3  2085.5903
114.2  2228.3252
114.1  2144.4172
114  2092.8596
113.9  2192.5422
113.8  2074.7931
113.7  2104.3021
113.6  2179.9414
113.5  2217.941
113.4  2085.0205
113.3  2114.9028
113.2  2070.2945
113.1  2195.341
113  2088.9092
112.9  2015.3531
112.8  2095.3677
112.7  2056.52
112.6  2210.3973
112.5  2146.9203
112.4  2069.1881
112.3  2129.4845
112.2  2177.0064
112.1  2155.5381
112  2203.3737
111.9  2151.2289
111.8  2237.3053
111.7  2068.3878
111.6  2059.191
111.5  2088.7756
111.4  2248.3297
111.3  2178.134
111.2  2293.2465
111.1  2259.4807
111  2345.0606
110.9  2216.2681
110.8  2125.6458
110.7  2263.7729
110.6  2095.5235
110.5  2112.349
110.4  2142.4339
110.3  2108.5407
110.2  2051.3138
110.1  2197.0203
110  2194.994
109.9  2232.2535
109.8  2080.5811
109.7  2151.3542
109.6  2147.9384
109.5  2267.5203
109.4  2175.4856
109.3  2350.6581
109.2  2288.8747
109.1  2193.7233
109  2048.7846
108.9  2078.7719
108.8  2183.4092
108.7  2224.12
108.6  2159.029
108.5  2305.9928
108.4  2126.7698
108.3  2024.471
108.2  2100.8791
108.1  2057.4601
108  2212.1023
107.9  2131.719
107.8  2070.9469
107.7  2049.4609
107.6  2182.8489
107.5  2284.4868
107.4  2140.6765
107.3  2226.8895
107.2  2288.1557
107.1  2270.1463
107  2235.2496
106.9  2348.6771
106.8  2284.7357
106.7  2264.8559
106.6  2291.6148
106.5  2255.4136
106.4  2321.7373
106.3  2264.2915
106.2  2229.1979
106.1  2336.1012
106  2403.9642
105.9  2359.1957
105.8  2380.0474
105.7  2464.3261
105.6  2517.9123
105.5  2500.9782
105.4  2619.6299
105.3  2660.5684
105.2  2640.8405
105.1  2667.5916
105  2923.2431
104.9  2759.9669
104.8  2730.1866
104.7  2909.3707
104.6  2778.1869
104.5  2979.557
104.4  2872.5294
104.3  2881.5941
104.2  3010.3026
104.1  2906.1921
104  2896.0784
103.9  2882.5674
103.8  2737.0466
103.7  2696.4715
103.6  2586.1967
103.5  2644.8242
103.4  2629.8747
103.3  2722.6431
103.2  2515.7587
103.1  2423.6394
103  2479.283
102.9  2361.6808
102.8  2642.6558
102.7  2457.3612
102.6  2202.9521
102.5  2264.2929
102.4  2294.7702
102.3  2181.6029
102.2  2267.2023
102.1  2246.1857
102  2303.6425
101.9  2211.6523
101.8  2169.3508
101.7  2092.391
101.6  2183.3572
101.5  2255.3152
101.4  2197.2919
101.3  2072.3035
101.2  1951.8859
101.1  2040.0812
101  2181.0531
100.9  2223.4234
100.8  2070.8988
100.7  2173.2316
100.6  2073.3943
100.5  2123.2136
100.4  2077.8202
100.3  2187.0276
100.2  2134.8312
100.1  1953.9565
100  2206.1265
99.9  2168.3902
99.8  2222.1606
99.7  2177.8477
99.6  2092.5103
99.5  2230.6155
99.4  2105.113
99.3  2131.567
99.2  2124.6156
99.1  2089.2591
99  2073.9628
98.9  2022.256
98.8  2146.8207
98.7  2123.9439
98.6  2021.8118
98.5  2136.4149
98.4  2112.7344
98.3  2127.4927
98.2  2183.4813
98.1  2162.4847
98  2040.7911
97.9  2186.8104
97.8  2050.6834
97.7  2121.3136
97.6  2204.7556
97.5  2029.8038
97.4  2024.0077
97.3  2188.0011
97.2  2148.3564
97.1  2085.5464
97  2028.1136
96.9  2084.5368
96.8  1965.9185
96.7  2125.1345
96.6  2323.8014
96.5  2144.2922
96.4  2257.9537
96.3  2199.6053
96.2  2111.8283
96.1  2216.6323
96  2120.6051
95.9  2235.7285
95.8  2264.2645
95.7  2219.8307
95.6  2191.4432
95.5  2224.3073
95.4  2207.5078
95.3  2305.8764
95.2  2132.623
95.1  2155.0825
95  2211.9724
94.9  2091.3376
94.8  2212.0182
94.7  2102.1738
94.6  2212.1938
94.5  2146.5888
94.4  2122.5655
94.3  2256.6816
94.2  2346.2988
94.1  2073.2511
94  2153.8542
93.9  2204.912
93.8  2215.6004
93.7  2142.0162
93.6  2237.117
93.5  2328.0311
93.4  2106.6314
93.3  2099.4788
93.2  2152.1967
93.1  2140.6032
93  2138.4573
92.9  2177.6194
92.8  2066.9588
92.7  2202.488
92.6  2156.0091
92.5  2116.1565
92.4  2149.6623
92.3  2165.3482
92.2  2182.4993
92.1  2334.7525
92  2106.3626
91.9  1973.1797
91.8  2060.476
91.7  2252.156
91.6  2182.7562
91.5  2109.6659
91.4  2006.3006
91.3  2065.0808
91.2  2174.5983
91.1  2119.7287
91  2032.6339
90.9  2046.8465
90.8  2011.544
90.7  2053.6849
90.6  2077.5611
90.5  2045.935
90.4  2072.4727
90.3  2189.8132
90.2  2119.9103
90.1  2043.4299
90  2035.0876
89.9  2027.2165
89.8  2072.413
89.7  2092.4169
89.6  2059.0769
89.5  2100.663
89.4  2151.7649
89.3  2077.6486
89.2  2121.2408
89.1  2085.9681
89  2087.44
88.9  2107.075
88.8  2024.1021
88.7  2113.6154
88.6  2084.8381
88.5  2081.4315
88.4  2092.8545
88.3  2037.5074
88.2  2013.7882
88.1  1974.7796
88  2106.4247
87.9  2158.0995
87.8  2034.4664
87.7  2132.1994
87.6  1994.9545
87.5  2078.9332
87.4  2027.5692
87.3  2124.4599
87.2  1992.0942
87.1  2060.2516
87  2063.0401
86.9  2012.349
86.8  2102.1987
86.7  2135.5592
86.6  2058.5302
86.5  2051.9621
86.4  2039.015
86.3  2018.2732
86.2  2080.9544
86.1  2044.1619
86  2095.2144
85.9  2222.9999
85.8  2086.3227
85.7  2231.2269
85.6  2114.83
85.5  2127.2021
85.4  2047.8844
85.3  1992.3331
85.2  2091.2529
85.1  2110.9361
85  1991.0493
84.9  2114.0026
84.8  2091.3063
84.7  2104.2284
84.6  2150.8591
84.5  2058.4583
84.4  2083.1628
84.3  2026.0128
84.2  2052.9775
84.1  2058.2851
84  2103.0113
83.9  2159.1597
83.8  2059.3024
83.7  2100.6077
83.6  2201.9148
83.5  2150.7119
83.4  2092.3261
83.3  2240.8822
83.2  2151.3979
83.1  2176.5565
83  2122.2063
82.9  2154.0947
82.8  2081.7101
82.7  2102.5349
82.6  2110.3558
82.5  2076.5326
82.4  1997.5544
82.3  2066.9343
82.2  2123.8218
82.1  2117.1533
82  1948.7739
81.9  1977.7643
81.8  2048.7124
81.7  2066.3311
81.6  2069.4982
81.5  2088.2655
81.4  2071.8936
81.3  2026.4154
81.2  2083.1329
81.1  2207.887
81  2099.4726
80.9  2077.4591
80.8  2046.1547
80.7  2038.5513
80.6  2066.6969
80.5  2084.0307
80.4  2157.6943
80.3  2154.8386
80.2  2074.518
80.1  2025.0149
80  2034.0689
79.9  2051.4217
79.8  2243.7871
79.7  2092.8654
79.6  2003.8452
79.5  2180.2235
79.4  2077.8034
79.3  2076.9551
79.2  2086.0374
79.1  2013.6156
79  2008.8879
78.9  1998.8424
78.8  2064.1145
78.7  2162.0207
78.6  2094.2143
78.5  2078.7183
78.4  2099.9576
78.3  2097.6335
78.2  2058.0949
78.1  2038.4976
78  2048.0991
77.9  2018.5961
77.8  2130.9776
77.7  2169.8884
77.6  2062.5716
77.5  2066.7615
77.4  2080.1804
77.3  2154.8178
77.2  2032.7393
77.1  2102.8325
77  2122.2432
76.9  2095.9625
76.8  2104.8071
76.7  2107.975
76.6  2116.1961
76.5  2107.9039
76.4  2085.1474
76.3  2011.6413
76.2  2063.8596
76.1  2188.7546
76  2042.4252
75.9  2097.0048
75.8  2008.9991
75.7  2067.3712
75.6  2082.6273
75.5  2069.6951
75.4  2166.5874
75.3  2010.0588
75.2  1941.2185
75.1  2048.3494
75  1838.2858
74.9  2064.322
74.8  2001.1929
74.7  2013.9021
74.6  2073.8568
74.5  1966.0049
74.4  2166.0974
74.3  2134.6903
74.2  2246.3893
74.1  2115.6422
74  1985.1889
73.9  2099.1924
73.8  2082.752
73.7  2026.1238
73.6  2015.1648
73.5  2048.2773
73.4  2000.4991
73.3  2009.0909
73.2  2051.1508
73.1  2060.0324
73  2150.4413
72.9  2130.4418
72.8  1940.8273
72.7  2019.7463
72.6  2080.2378
72.5  2028.1418
72.4  1997.774
72.3  2066.9772
72.2  2039.0588
72.1  2001.5962
72  2097.3515
71.9  2127.4613
71.8  1962.946
71.7  1953.7656
71.6  2066.2571
71.5  2048.747
71.4  2048.2863
71.3  2001.6632
71.2  1952.245
71.1  2060.8655
71  1888.2163
70.9  2043.1352
70.8  1978.3171
70.7  2012.0969
70.6  2102.8324
70.5  2072.1028
70.4  2156.7429
70.3  1967.5448
70.2  2017.1122
70.1  1940.2004
70  2090.6393
69.9  2003.5584
69.8  2015.043
69.7  2068.3374
69.6  1984.9561
69.5  2051.8275
69.4  2166.7575
69.3  2115.1477
69.2  2171.3411
69.1  1930.7257
69  2113.0468
68.9  2032.6105
68.8  2081.4925
68.7  1920.8302
68.6  1928.0435
68.5  2010.5021
68.4  1958.0419
68.3  1950.8503
68.2  2046.2175
68.1  1995.71
68  2118.605
67.9  2062.8983
67.8  2071.445
67.7  2013.6941
67.6  1958.1147
67.5  1967.2
67.4  1960.0389
67.3  2031.0214
67.2  1959.8869
67.1  2068.8446
67  2077.8978
66.9  2018.3394
66.8  2054.9339
66.7  1932.2673
66.6  1890.3344
66.5  1976.0735
66.4  2104.7736
66.3  1981.6206
66.2  2154.235
66.1  1907.657
66  2010.2856
65.9  1983.4899
65.8  1896.0788
65.7  2063.643
65.6  2083.2516
65.5  1909.2663
65.4  1815.0105
65.3  1955.2371
65.2  2006.9685
65.1  2053.481
65  2000.1492
64.9  1962.6091
64.8  1983.8705
64.7  1933.5385
64.6  1996.8882
64.5  1947.0479
64.4  2058.7808
64.3  2107.8378
64.2  2057.233
64.1  1993.339
64  2089.2649
63.9  1958.7172
63.8  1916.6296
63.7  2082.208
63.6  2130.9451
63.5  1990.6571
63.4  2067.7707
63.3  2044.0307
63.2  2027.382
63.1  2121.0858
63  2064.5968
62.9  2023.797
62.8  2102.9087
62.7  2043.4439
62.6  2044.9434
62.5  2031.394
62.4  2048.2589
62.3  1920.9629
62.2  1934.6786
62.1  1964.2865
62  1888.0958
61.9  1987.3372
61.8  2021.6455
61.7  1978.8307
61.6  2005.2019
61.5  2018.527
61.4  2071.1788
61.3  1968.4836
61.2  1959.1309
61.1  2014.3413
61  2078.7217
60.9  2022.5569
60.8  1940.864
60.7  1997.821
60.6  2052.4129
60.5  1984.4773
60.4  2089.4327
60.3  2110.3577
60.2  2012.4499
60.1  1995.0387
60  2011.5251
59.9  1973.4329
59.8  1962.2611
59.7  2105.8407
59.6  1970.0342
59.5  1971.2188
59.4  2056.7475
59.3  2099.8473
59.2  1987.1148
59.1  2035.4551
59  1971.3714
58.9  1964.2957
58.8  2053.6749
58.7  1998.1809
58.6  2062.309
58.5  2115.0244
58.4  2094.6057
58.3  2006.0985
58.2  2037.4731
58.1  1956.7387
58  2172.1711
57.9  2002.6472
57.8  2023.9872
57.7  2047.2993
57.6  1855.7302
57.5  1951.575
57.4  1979.4053
57.3  2149.6206
57.2  2039.5325
57.1  2012.5535
57  2102.6607
56.9  2031.6249
56.8  2024.9736
56.7  1996.9694
56.6  2026.8009
56.5  2068.7488
56.4  2125.2026
56.3  2209.5567
56.2  2126.2642
56.1  1993.653
56  1969.5108
55.9  2047.9916
55.8  1999.1032
55.7  2087.8181
55.6  2091.933
55.5  2114.4719
55.4  2088.3431
55.3  1962.8903
55.2  2016.3537
55.1  2172.1476
55  2064.2286
54.9  2100.3889
54.8  2099.6303
54.7  2156.2374
54.6  2192.1527
54.5  2133.2729
54.4  2055.4262
54.3  1938.7965
54.2  2099.4842
54.1  2088.8699
54  2088.2117
53.9  2083.9255
53.8  2053.067
53.7  2135.2472
53.6  2162.1703
53.5  1982.4477
53.4  2000.2078
53.3  2133.078
53.2  2072.9793
53.1  2086.1409
53  2090.3144
52.9  2079.7547
52.8  1973.3817
52.7  2046.0292
52.6  2133.0053
52.5  2040.5038
52.4  2030.0014
52.3  2025.7312
52.2  1994.3153
52.1  2074.9408
52  2052.6517
51.9  1973.1824
51.8  2122.2631
51.7  2065.0598
51.6  2145.8877
51.5  2040.6808
51.4  2090.1466
51.3  2046.3173
51.2  2122.0087
51.1  1985.1813
51  2087.5772
50.9  2147.4109
50.8  2114.6393
50.7  1882.844
50.6  2008.1443
50.5  1953.4177
50.4  1958.2627
50.3  2126.3612
50.2  2048.6997
50.1  2069.414
50  2157.4643

# Operation:                    Peak Area
# Range Start:                  130.066
# Range End:                    89.7703
# Parameter: "Transition" = 
# Parameter: "Label" = 
# Parameter: "Background Method" = Tougaard
# Parameter: "Left background points" = 1
# Parameter: "Right background points" = 1
# Parameter: "Annotation Text" = <Label>\n<Transition>\nArea = <Area:@>
#
# Result:
# Number of Results:            1
# Parameter: "Transition" = 
# Parameter: "Label" = 
# Parameter: "Area" = 4483.3817438874794 cps eV +- 155.82393724227956
# Parameter: "Center" = 104.34543269009555 eV +- 0.053084778367222703
#
# Result Name:                  Background
# Number of Curves:             1
#
# Curve:                        0
# Values/Curve:                 403
#
130  2142.5214
129.9  2142.3988
129.8  2142.2755
129.7  2142.1517
129.6  2142.0263
129.5  2141.8999
129.4  2141.7719
129.3  2141.6435
129.2  2141.5146
129.1  2141.3853
129  2141.2554
128.9  2141.1245
128.8  2140.9925
128.7  2140.8587
128.6  2140.7241
128.5  2140.5879
128.4  2140.451
128.3  2140.3123
128.2  2140.1719
128.1  2140.0302
128  2139.8882
127.9  2139.7465
127.8  2139.6047
127.7  2139.4625
127.6  2139.3196
127.5  2139.1759
127.4  2139.0326
127.3  2138.8894
127.2  2138.7446
127.1  2138.5987
127  2138.4517
126.9  2138.3033
126.8  2138.1531
126.7  2138.0017
126.6  2137.8486
126.5  2137.6946
126.4  2137.5391
126.3  2137.3822
126.2  2137.2237
126.1  2137.0654
126  2136.9062
125.9  2136.7467
125.8  2136.585
125.7  2136.423
125.6  2136.2622
125.5  2136.1007
125.4  2135.9384
125.3  2135.7753
125.2  2135.6104
125.1  2135.4434
125  2135.2757
124.9  2135.1082
124.8  2134.9418
124.7  2134.7746
124.6  2134.6064
124.5  2134.4377
124.4  2134.2678
124.3  2134.0969
124.2  2133.9261
124.1  2133.7536
124  2133.5808
123.9  2133.4075
123.8  2133.2331
123.7  2133.0582
123.6  2132.8827
123.5  2132.7071
123.4  2132.53
123.3  2132.3532
123.2  2132.1759
123.1  2131.9973
123  2131.8173
122.9  2131.6355
122.8  2131.4525
122.7  2131.2679
122.6  2131.0823
122.5  2130.8962
122.4  2130.7088
122.3  2130.5202
122.2  2130.331
122.1  2130.1401
122  2129.9498
121.9  2129.759
121.8  2129.5689
121.7  2129.379
121.6  2129.1873
121.5  2128.9935
121.4  2128.799
121.3  2128.6035
121.2  2128.406
121.1  2128.2074
121  2128.007
120.9  2127.8061
120.8  2127.6046
120.7  2127.4021
120.6  2127.1977
120.5  2126.9926
120.4  2126.787
120.3  2126.5806
120.2  2126.3739
120.1  2126.1659
120  2125.9565
119.9  2125.7474
119.8  2125.5389
119.7  2125.3283
119.6  2125.1173
119.5  2124.905
119.4  2124.6906
119.3  2124.4749
119.2  2124.2573
119.1  2124.0385
119  2123.818
118.9  2123.596
118.8  2123.3719
118.7  2123.1474
118.6  2122.9214
118.5  2122.6949
118.4  2122.4678
118.3  2122.2412
118.2  2122.0143
118.1  2121.7874
118  2121.5588
117.9  2121.3279
117.8  2121.0948
117.7  2120.8598
117.6  2120.6246
117.5  2120.3878
117.4  2120.1497
117.3  2119.9109
117.2  2119.672
117.1  2119.4316
117  2119.1891
116.9  2118.9457
116.8  2118.7021
116.7  2118.4565
116.6  2118.2088
116.5  2117.959
116.4  2117.7082
116.3  2117.4557
116.2  2117.2027
116.1  2116.9492
116  2116.6935
115.9  2116.4363
115.8  2116.1774
115.7  2115.9168
115.6  2115.655
115.5  2115.3916
115.4  2115.1262
115.3  2114.8596
115.2  2114.5916
115.1  2114.3218
115  2114.0512
114.9  2113.7796
114.8  2113.5071
114.7  2113.2339
114.6  2112.9606
114.5  2112.6867
114.4  2112.4127
114.3  2112.1376
114.2  2111.8605
114.1  2111.583
114  2111.3041
113.9  2111.0233
113.8  2110.7418
113.7  2110.4581
113.6  2110.1728
113.5  2109.8865
113.4  2109.5998
113.3  2109.3111
113.2  2109.0209
113.1  2108.7286
113  2108.4357
112.9  2108.1409
112.8  2107.8448
112.7  2107.5469
112.6  2107.2471
112.5  2106.947
112.4  2106.6457
112.3  2106.3425
112.2  2106.0379
112.1  2105.7326
112  2105.4263
111.9  2105.1196
111.8  2104.8118
111.7  2104.504
111.6  2104.1944
111.5  2103.883
111.4  2103.5701
111.3  2103.2572
111.2  2102.9437
111.1  2102.6309
111  2102.3183
110.9  2102.007
110.8  2101.6956
110.7  2101.383
110.6  2101.0708
110.5  2100.7572
110.4  2100.4423
110.3  2100.1265
110.2  2099.8095
110.1  2099.4911
110  2099.1724
109.9  2098.8534
109.8  2098.5347
109.7  2098.2144
109.6  2097.8935
109.5  2097.5719
109.4  2097.2509
109.3  2096.9295
109.2  2096.6097
109.1  2096.2909
109  2095.9719
108.9  2095.6518
108.8  2095.3303
108.7  2095.0086
108.6  2094.6872
108.5  2094.3654
108.4  2094.0449
108.3  2093.7236
108.2  2093.4015
108.1  2093.0785
108  2092.7543
107.9  2092.4304
107.8  2092.106
107.7  2091.7803
107.6  2091.4537
107.5  2091.1271
107.4  2090.8018
107.3  2090.476
107.2  2090.1508
107.1  2089.8269
107  2089.5041
106.9  2089.182
106.8  2088.862
106.7  2088.5432
106.6  2088.2256
106.5  2087.9094
106.4  2087.5943
106.3  2087.281
106.2  2086.9689
106.1  2086.6576
106  2086.3484
105.9  2086.0419
105.8  2085.7377
105.7  2085.4362
105.6  2085.1381
105.5  2084.8442
105.4  2084.5542
105.3  2084.2696
105.2  2083.9907
105.1  2083.7174
105  2083.4499
104.9  2083.1912
104.8  2082.9394
104.7  2082.6943
104.6  2082.4577
104.5  2082.2284
104.4  2082.0084
104.3  2081.7968
104.2  2081.5934
104.1  2081.3999
104  2081.2151
103.9  2081.0388
103.8  2080.871
103.7  2080.71
103.6  2080.5553
103.5  2080.4058
103.4  2080.2622
103.3  2080.1242
103.2  2079.993
103.1  2079.8662
103  2079.7427
102.9  2079.6234
102.8  2079.5067
102.7  2079.3959
102.6  2079.289
102.5  2079.183
102.4  2079.0787
102.3  2078.9765
102.2  2078.875
102.1  2078.7753
102  2078.6771
101.9  2078.581
101.8  2078.4861
101.7  2078.3918
101.6  2078.2974
101.5  2078.2038
101.4  2078.1119
101.3  2078.021
101.2  2077.9297
101.1  2077.8394
101  2077.749
100.9  2077.6596
100.8  2077.5714
100.7  2077.4829
100.6  2077.3952
100.5  2077.3072
100.4  2077.2194
100.3  2077.1313
100.2  2077.0442
100.1  2076.9575
100  2076.8718
99.9  2076.7872
99.8  2076.7035
99.7  2076.6211
99.6  2076.5395
99.5  2076.4579
99.4  2076.3778
99.3  2076.2978
99.2  2076.2182
99.1  2076.1389
99  2076.0595
98.9  2075.9799
98.8  2075.9006
98.7  2075.8219
98.6  2075.7435
98.5  2075.6654
98.4  2075.5878
98.3  2075.5105
98.2  2075.4335
98.1  2075.3576
98  2075.2825
97.9  2075.2075
97.8  2075.1336
97.7  2075.0597
97.6  2074.9862
97.5  2074.914
97.4  2074.842
97.3  2074.7705
97.2  2074.7
97.1  2074.6303
97  2074.5605
96.9  2074.491
96.8  2074.4216
96.7  2074.3532
96.6  2074.2852
96.5  2074.2199
96.4  2074.1552
96.3  2074.0925
96.2  2074.0311
96.1  2073.97
96  2073.9103
95.9  2073.8511
95.8  2073.7936
95.7  2073.7382
95.6  2073.6843
95.5  2073.6316
95.4  2073.5804
95.3  2073.5307
95.2  2073.4836
95.1  2073.437
95  2073.3912
94.9  2073.3469
94.8  2073.3028
94.7  2073.2601
94.6  2073.2177
94.5  2073.1768
94.4  2073.1367
94.3  2073.0971
94.2  2073.0594
94.1  2073.0248
94  2072.9901
93.9  2072.9562
93.8  2072.9238
93.7  2072.893
93.6  2072.8629
93.5  2072.8345
93.4  2072.809
93.3  2072.7838
93.2  2072.7589
93.1  2072.7349
93  2072.7115
92.9  2072.6889
92.8  2072.6675
92.7  2072.6461
92.6  2072.6261
92.5  2072.607
92.4  2072.5884
92.3  2072.5706
92.2  2072.5538
92.1  2072.5383
92  2072.5256
91.9  2072.5133
91.8  2072.5021
91.7  2072.4911
91.6  2072.482
91.5  2072.4741
91.4  2072.4667
91.3  2072.4599
91.2  2072.4533
91.1  2072.4477
91  2072.4427
90.9  2072.4382
90.8  2072.4339
90.7  2072.4303
90.6  2072.4269
90.5  2072.4235
90.4  2072.4205
90.3  2072.4174
90.2  2072.4156
90.1  2072.4144
90  2072.4135
89.9  2072.413
89.8  2072.413

# Region:                       C 1s
# Spectrum ID:                  7
# Acquisition Date:             08/07/26 13:52:23 UTC
# Analysis Method:              XPS
# Analyzer:                     PHOIBOS MCD5 Analyzer
# Analyzer Lens:                LargeArea:1.5kV
# Analyzer Slit:                5:7x20\B:open
# Scan Mode:                    FixedAnalyzerTransmission
# Curves/Scan:                  1
# Values/Curve:                 1001
# Dwell Time:                   0.1
# Excitation Energy:            1253.64
# Binding Energy:               350
# Pass Energy:                  50
# Bias Voltage:                 90
# Detector Voltage:             3000
# Eff. Workfunction:            4.543
# Source:                       X-Ray Dummy
# Comment:                      
#
# Cycle: 0
# Number of Scans: 1
#
# Cycle: 0, Curve: 0
# Acquisition Date:             08/07/26 13:52:23 UTC
#
# ColumnLabels:                 energy counts/s
#
350  10017.385
349.9  10347.737
349.8  10018.476
349.7  10082.711
349.6  10064.133
349.5  10034.497
349.4  10220.301
349.3  10400.952
349.2  10061.014
349.1  10139.736
349  10031.829
348.9  9840.7198
348.8  10513.378
348.7  10028.515
348.6  9738.7799
348.5  9817.6417
348.4  9938.171
348.3  9949.2869
348.2  9795.6981
348.1  9486.1593
348  9495.771
347.9  9355.3333
347.8  9514.8672
347.7  9077.4857
347.6  9614.987
347.5  9476.1272
347.4  9231.0752
347.3  9435.1907
347.2  9385.1505
347.1  8979.1993
347  9643.2905
346.9  9972.5899
346.8  9477.6165
346.7  8868.5845
346.6  9206.7937
346.5  9546.3807
346.4  9903.1769
346.3  9401.4903
346.2  9264.3678
346.1  9413.1679
346  9580.4812
345.9  9794.1721
345.8  9072.4623
345.7  9373.1495
345.6  9636.2004
345.5  8833.0617
345.4  9203.9027
345.3  9433.0112
345.2  9500.2494
345.1  9070.8782
345  9412.371
344.9  9268.001
344.8  9546.9318
344.7  9209.497
344.6  9696.2566
344.5  9421.3871
344.4  9145.0685
344.3  9357.6978
344.2  9597.1788
344.1  9503.262
344  9703.8443
343.9  9828.645
343.8  9175.7953
343.7  9638.8567
343.6  9781.4443
343.5  9212.2863
343.4  9397.2992
343.3  9059.3162
343.2  9225.9844
343.1  9444.254
343  8982.165
342.9  9192.8974
342.8  9267.7892
342.7  9860.1828
342.6  9604.1116
342.5  9668.6243
342.4  9597.1465
342.3  8966.9904
342.2  9215.1063
342.1  9479.194
342  9295.05
341.9  9472.4742
341.8  9701.381
341.7  9097.4053
341.6  9532.0759
341.5  9609.214
341.4  9678.4137
341.3  9165.492
341.2  9486.0594
341.1  9482.6333
341  9918.7322
340.9  9850.4549
340.8  9406.6086
340.7  9458.0315
340.6  9240.4672
340.5  9403.8978
340.4  9650.6208
340.3  9094.3682
340.2  9272.0142
340.1  9607.125
340  9649.8459
339.9  9108.5073
339.8  9283.6096
339.7  9213.6795
339.6  9633.2358
339.5  9460.5053
339.4  10015.948
339.3  9387.082
339.2  9126.6401
339.1  9699.7489
339  9133.2784
338.9  9443.4804
338.8  9385.5626
338.7  9372.7799
338.6  9202.2688
338.5  9196.5506
338.4  9365.9437
338.3  9030.9686
338.2  8898.4618
338.1  9073.2205
338  9272.1587
337.9  9429.6286
337.8  9389.1342
337.7  9074.3387
337.6  9381.762
337.5  9287.2073
337.4  9387.2885
337.3  9361.5868
337.2  9177.7174
337.1  9314.3628
337  9909.4191
336.9  9657.7623
336.8  9348.495
336.7  9388.4976
336.6  9176.2134
336.5  9352.877
336.4  9043.3698
336.3  9265.3484
336.2  9053.8596
336.1  9739.9808
336  9559.9026
335.9  9312.2146
335.8  9635.7578
335.7  9689.1005
335.6  9278.786
335.5  8915.6635
335.4  9371.521
335.3  9332.5813
335.2  9551.4631
335.1  8780.0409
335  9147.5064
334.9  9276.8217
334.8  9425.3563
334.7  9440.0069
334.6  9349.156
334.5  9252.1789
334.4  9606.3463
334.3  9520.3603
334.2  9727.2453
334.1  9799.3692
334  9462.4766
333.9  9503.7283
333.8  9523.658
333.7  9200.2047
333.6  9304.3849
333.5  9783.2235
333.4  9591.2705
333.3  9911.2398
333.2  9720.6834
333.1  9310.9602
333  8891.1806
332.9  9582.6139
332.8  9183.0384
332.7  8859.4815
332.6  9565.1002
332.5  9404.8479
332.4  9369.8096
332.3  8966.0418
332.2  9255.4479
332.1  9353.5141
332  9438.1722
331.9  9721.5884
331.8  9212.2417
331.7  9976.1893
331.6  9635.6699
331.5  9597.6872
331.4  9759.6356
331.3  9303.5195
331.2  9512.7172
331.1  9476.0125
331  9311.7966
330.9  9317.6856
330.8  9201.7733
330.7  9306.2719
330.6  9147.1091
330.5  8799.2531
330.4  8955.8052
330.3  9522.6009
330.2  9597.5442
330.1  9878.9609
330  9460.7152
329.9  8616.0887
329.8  8686.934
329.7  8793.8904
329.6  9420.1973
329.5  9360.9243
329.4  9284.8336
329.3  8909.0422
329.2  9293.9679
329.1  9195.8975
329  8841.6377
328.9  9337.3358
328.8  9015.3455
328.7  9104.06
328.6  9071.5329
328.5  8831.2109
328.4  9104.3781
328.3  9527.6665
328.2  9741.5097
328.1  9367.817
328  8954.2878
327.9  9492.6206
327.8  9217.6314
327.7  9252.2259
327.6  9160.6774
327.5  8990.63
327.4  9324.5559
327.3  9424.3398
327.2  9373.8873
327.1  9474.7686
327  9306.9463
326.9  9083.7488
326.8  8981.6552
326.7  9270.4069
326.6  9368.8774
326.5  9399.0782
326.4  9444.7578
326.3  8815.6508
326.2  9170.4821
326.1  9441.1406
326  9255.6172
325.9  8666.9035
325.8  9109.1735
325.7  8904.7018
325.6  9214.7486
325.5  9703.8924
325.4  9600.1106
325.3  9110.9509
325.2  9458.235
325.1  9503.1445
325  9990.5582
324.9  9342.6525
324.8  9428.9366
324.7  9293.5043
324.6  9470.4379
324.5  9135.7862
324.4  9642.3473
324.3  9348.0163
324.2  9672.0919
324.1  9540.0695
324  9207.0579
323.9  9213.0878
323.8  9266.5726
323.7  9480.2527
323.6  9134.597
323.5  9198.8544
323.4  9031.3012
323.3  9141.3091
323.2  8987.9425
323.1  8851.8556
323  9273.4092
322.9  8866.1755
322.8  9203.3539
322.7  8959.5672
322.6  9383.6798
322.5  8830.097
322.4  9097.5738
322.3  9155.0737
322.2  9150.8125
322.1  9279.4468
322  9718.8546
321.9  9315.6766
321.8  9415.9073
321.7  9146.6396
321.6  9456.1257
321.5  9348.5382
321.4  9202.5714
321.3  9465.2113
321.2  9073.5443
321.1  9066.8422
321  9254.9873
320.9  8631.1226
320.8  8930.649
320.7  9676.0177
320.6  9593.8777
320.5  9202.1264
320.4  9133.9315
320.3  9553.6077
320.2  9477.2987
320.1  9245.8163
320  9306.2059
319.9  9376.7267
319.8  8960.7699
319.7  9453.6943
319.6  9349.6547
319.5  9415.0164
319.4  9298.5502
319.3  9706.1077
319.2  9364.9959
319.1  8373.5821
319  9264.8861
318.9  9011.7106
318.8  9210.6337
318.7  9154.6614
318.6  9766.8398
318.5  9561.7836
318.4  9205.0391
318.3  9668.2444
318.2  9568.6183
318.1  9157.4893
318  9468.2012
317.9  9411.0729
317.8  9832.4019
317.7  9680.0765
317.6  9480.3305
317.5  9320.0425
317.4  9452.7001
317.3  9152.2683
317.2  9321.5706
317.1  9323.888
317  9847.7695
316.9  9622.2265
316.8  9503.0989
316.7  9307.0244
316.6  9653.1062
316.5  9280.9575
316.4  9334.3511
316.3  9674.5622
316.2  9015.3132
316.1  9695.271
316  9548.5498
315.9  9184.9599
315.8  9738.1317
315.7  9936.1232
315.6  9405.4614
315.5  9410.6113
315.4  9355.6785
315.3  9806.3244
315.2  9611.7532
315.1  9256.4993
315  9073.1009
314.9  9603.1495
314.8  9718.1969
314.7  9424.0762
314.6  10006.956
314.5  10389.149
314.4  10059.413
314.3  9422.4001
314.2  9593.9825
314.1  9420.8813
314  9599.3063
313.9  9368.5967
313.8  9650.5537
313.7  9424.8565
313.6  9723.5253
313.5  9420.0476
313.4  10072.162
313.3  9716.3251
313.2  9143.7087
313.1  9416.568
313  8925.0361
312.9  9414.0595
312.8  9181.7192
312.7  9378.8187
312.6  9621.9731
312.5  9418.1207
312.4  9945.8122
312.3  9467.6346
312.2  9567.2167
312.1  9818.7644
312  9765.1367
311.9  9640.1428
311.8  9071.2405
311.7  9559.2453
311.6  10316.277
311.5  9852.911
311.4  9952.2021
311.3  9676.8341
311.2  9457.3596
311.1  9587.6433
311  9825.6519
310.9  9643.9824
310.8  10113.334
310.7  9796.4168
310.6  9514.7704
310.5  9849.0351
310.4  9667.9051
310.3  9451.0346
310.2  9996.0822
310.1  9600.0842
310  9548.0974
309.9  9698.9279
309.8  10173.798
309.7  10138.319
309.6  10166.148
309.5  9636.3003
309.4  9590.5647
309.3  9670.4864
309.2  9833.561
309.1  9662.3509
309  9535.1561
308.9  9929.6247
308.8  9960.5141
308.7  9665.5931
308.6  9507.0424
308.5  10102.363
308.4  9807.1085
308.3  9867.2368
308.2  9614.3494
308.1  10054.301
308  10061.579
307.9  9511.8169
307.8  9808.6676
307.7  9807.044
307.6  9627.9133
307.5  9925.5968
307.4  9817.0863
307.3  9874.1169
307.2  9668.6395
307.1  9971.6861
307  10582.51
306.9  9716.6293
306.8  9695.7243
306.7  9720.3305
306.6  9436.3317
306.5  9564.9088
306.4  9466.068
306.3  9585.1047
306.2  9135.7424
306.1  9735.3513
306  9564.3634
305.9  9601.3708
305.8  9495.2638
305.7  8957.0368
305.6  9490.2627
305.5  9531.4342
305.4  9180.4422
305.3  9065.5916
305.2  9146.8264
305.1  9368.0839
305  9624.2574
304.9  9054.0629
304.8  9369.7447
304.7  8900.6829
304.6  9085.92
304.5  9321.6721
304.4  8856.8918
304.3  8913.4531
304.2  9166.7148
304.1  9107.1235
304  8714.1197
303.9  8429.0936
303.8  9330.005
303.7  9451.7334
303.6  8723.0241
303.5  8586.7248
303.4  8088.088
303.3  8700.7803
303.2  8357.8996
303.1  8737.0853
303  8286.3338
302.9  8612.5753
302.8  8541.6328
302.7  8193.7403
302.6  7705.6435
302.5  7853.911
302.4  8004.583
302.3  8660.6743
302.2  8528.7936
302.1  8133.2162
302  7882.9878
301.9  8269.1018
301.8  8306.4797
301.7  7606.2212
301.6  8232.8205
301.5  8139.7632
301.4  7670.083
301.3  7688.0365
301.2  7762.6696
301.1  7578.8924
301  7618.0923
300.9  7550.4103
300.8  7688.6835
300.7  7262.3424
300.6  7874.4504
300.5  7233.9336
300.4  7055.7665
300.3  7524.4695
300.2  7333.9699
300.1  6932.247
300  7056.2131
299.9  7070.4243
299.8  7059.8394
299.7  7128.9133
299.6  6860.5873
299.5  7005.3537
299.4  7110.5351
299.3  6740.2124
299.2  6898.977
299.1  6683.4761
299  6734.958
298.9  6522.3659
298.8  6286.4832
298.7  6192.5685
298.6  6664.8632
298.5  6834.7585
298.4  6363.4084
298.3  6035.2129
298.2  6547.4759
298.1  6138.2445
298  6301.1163
297.9  6340.5532
297.8  6432.2632
297.7  6101.81
297.6  6157.633
297.5  6131.1733
297.4  5825.4227
297.3  6186.0867
297.2  5954.2134
297.1  5938.1242
297  5838.3956
296.9  5898.3005
296.8  5964.7533
296.7  5734.5276
296.6  5142.2414
296.5  5468.5334
296.4  5569.2481
296.3  5394.4854
296.2  5378.1619
296.1  5375.244
296  5288.2805
295.9  5362.8947
295.8  5292.3231
295.7  5138.2077
295.6  5369.366
295.5  5140.7515
295.4  4963.9517
295.3  5236.1309
295.2  4968.3769
295.1  4951.8087
295  4922.74
294.9  4437.4036
294.8  4695.8064
294.7  4782.4115
294.6  4995.8966
294.5  4690.5642
294.4  4652.8222
294.3  4897.4583
294.2  5032.093
294.1  4711.523
294  4698.1452
293.9  4392.8958
293.8  4733.6798
293.7  4731.5037
293.6  4613.537
293.5  4807.1574
293.4  4804.3585
293.3  5048.0275
293.2  4792.8783
293.1  4991.7015
293  5280.8623
292.9  5057.1449
292.8  5299.9106
292.7  5345.8978
292.6  5340.0312
292.5  5657.2496
292.4  5958.772
292.3  6225.0946
292.2  6237.5495
292.1  6838.1361
292  6643.5463
291.9  7268.153
291.8  7492.6663
291.7  7543.5851
291.6  7292.8001
291.5  7321.6055
291.4  7386.945
291.3  7701.9193
291.2  7909.1607
291.1  7901.1401
291  8019.9656
290.9  8013.6658
290.8  8548.6391
290.7  8847.4885
290.6  8980.0653
290.5  8766.5751
290.4  9577.6917
290.3  9498.3976
290.2  10010.411
290.1  9980.0881
290  10784.313
289.9  11196.826
289.8  11695.945
289.7  12639.851
289.6  12672.479
289.5  14361.362
289.4  15032.116
289.3  15959.647
289.2  16503.296
289.1  18289.859
289  19089.951
288.9  20761.832
288.8  21531.522
288.7  23169.206
288.6  24082.259
288.5  24928.082
288.4  27336.228
288.3  28370.869
288.2  29461.994
288.1  29528.666
288  30887.033
287.9  31623.724
287.8  32844.913
287.7  34165.253
287.6  33778.217
287.5  33953.485
287.4  34799.245
287.3  35007.377
287.2  34239.919
287.1  34277.574
287  33917.259
286.9  32223.082
286.8  31145.309
286.7  31035.953
286.6  29386.866
286.5  28207.803
286.4  25862.112
286.3  25522.411
286.2  23827.378
286.1  22483.54
286  20704.063
285.9  19115.07
285.8  18164.14
285.7  16139.235
285.6  15432.994
285.5  13930.281
285.4  12637.898
285.3  11737.852
285.2  10970.172
285.1  9695.3633
285  8559.3784
284.9  8073.6372
284.8  7252.0822
284.7  6984.9358
284.6  6845.3918
284.5  6130.8491
284.4  5884.1912
284.3  5277.5975
284.2  5256.3712
284.1  5274.948
284  4780.6788
283.9  4978.4125
283.8  4421.5796
283.7  4509.6067
283.6  4590.5021
283.5  4785.8091
283.4  4231.7074
283.3  4195.0896
283.2  4235.4918
283.1  4684.3091
283  4391.4155
282.9  4163.0581
282.8  4309.2187
282.7  4393.2164
282.6  4384.718
282.5  4206.5653
282.4  4395.0248
282.3  4058.2056
282.2  4049.6246
282.1  4186.8085
282  4188.775
281.9  4652.9367
281.8  4322.2505
281.7  4152.126
281.6  4299.3721
281.5  4493.6675
281.4  4415.7676
281.3  4677.2836
281.2  4508.2071
281.1  4516.7854
281  4490.4181
280.9  4654.5035
280.8  4952.6857
280.7  5023.9021
280.6  4762.9594
280.5  4836.085
280.4  4668.9448
280.3  5343.686
280.2  5275.7079
280.1  5265.1759
280  5292.0975
279.9  5399.7372
279.8  5626.7854
279.7  5985.3714
279.6  5871.4331
279.5  6246.7017
279.4  6184.2664
279.3  6276.618
279.2  6436.0653
279.1  6149.8397
279  6398.157
278.9  6073.6868
278.8  6348.8179
278.7  6749.3515
278.6  6714.6849
278.5  6604.3875
278.4  6375.7874
278.3  6458.4577
278.2  6829.2201
278.1  6573.5582
278  6568.069
277.9  6624.0211
277.8  6199.6717
277.7  6489.6821
277.6  6156.6104
277.5  6347.685
277.4  6311.8414
277.3  6488.3543
277.2  6306.4731
277.1  5962.1465
277  5767.7032
276.9  5390.6804
276.8  5801.3966
276.7  5642.3559
276.6  5257.5757
276.5  4960.7315
276.4  4665.5928
276.3  4929.3293
276.2  4662.1648
276.1  4659.2265
276  4412.4302
275.9  4524.4063
275.8  3929.9062
275.7  3889.373
275.6  3606.4653
275.5  3941.2698
275.4  3947.5648
275.3  3930.808
275.2  3787.7173
275.1  3673.9666
275  3518.8884
274.9  3371.2862
274.8  3281.3391
274.7  3514.0249
274.6  3156.9702
274.5  3052.0356
274.4  3151.4286
274.3  3458.9199
274.2  3316.2603
274.1  3371.5478
274  3404.8523
273.9  3137.0794
273.8  2865.2398
273.7  2967.1541
273.6  3003.1587
273.5  3156.2262
273.4  3129.1693
273.3  3092.9565
273.2  2894.1096
273.1  3237.9941
273  2894.3904
272.9  3046.1693
272.8  3064.8372
272.7  2804.9837
272.6  2878.6032
272.5  3003.1601
272.4  3219.4398
272.3  3014.7236
272.2  3081.5154
272.1  3097.5284
272  2822.5158
271.9  3194.1228
271.8  3205.2766
271.7  3356.5777
271.6  3013.8048
271.5  3316.6298
271.4  3073.9149
271.3  3153.5608
271.2  3085.8858
271.1  3246.712
271  3033.5873
270.9  3080.8033
270.8  3175.0899
270.7  3033.5254
270.6  3174.4617
270.5  3266.885
270.4  3100.0181
270.3  3137.4329
270.2  2993.3241
270.1  3189.4537
270  2803.3158
269.9  2896.0603
269.8  3424.0675
269.7  3374.2077
269.6  3236.3138
269.5  3304.7597
269.4  3148.8785
269.3  3265.5714
269.2  3178.6178
269.1  3349.8259
269  3180.0927
268.9  2968.5704
268.8  2949.7912
268.7  3401.4733
268.6  3078.267
268.5  3095.0126
268.4  3211.8008
268.3  3508.1456
268.2  3303.7023
268.1  3206.3393
268  3214.0083
267.9  3030.8617
267.8  3020.2489
267.7  3038.7559
267.6  3118.4069
267.5  3082.5046
267.4  3038.2466
267.3  3268.0876
267.2  3318.1884
267.1  3072.1509
267  3015.8904
266.9  3107.8652
266.8  3402.5219
266.7  3009.9438
266.6  3079.1935
266.5  3173.6255
266.4  3222.1931
266.3  3260.3897
266.2  3100.0556
266.1  3235.6686
266  2954.438
265.9  3038.2024
265.8  2971.4911
265.7  3234.3373
265.6  3166.3108
265.5  2883.2242
265.4  3117.9184
265.3  2656.9055
265.2  2717.1494
265.1  2722.6464
265  2933.8623
264.9  2846.8638
264.8  2799.8867
264.7  2761.6229
264.6  2657.4581
264.5  2955.4382
264.4  2883.7387
264.3  3001.9386
264.2  2753.1797
264.1  2823.37
264  3051.6498
263.9  2881.8847
263.8  2644.5784
263.7  2881.3279
263.6  2718.6525
263.5  2780.1894
263.4  2942.8907
263.3  3047.6071
263.2  2821.6546
263.1  2896.4242
263  2929.0927
262.9  2878.5057
262.8  3016.2768
262.7  2914.5534
262.6  2787.4826
262.5  2960.4439
262.4  2783.7832
262.3  2688.7221
262.2  2670.2175
262.1  2556.8116
262  2772.0992
261.9  2770.875
261.8  2921.9592
261.7  2616.8781
261.6  2629.8404
261.5  2877.0628
261.4  2774.1746
261.3  2725.0398
261.2  2765.083
261.1  2879.4103
261  2546.5631
260.9  2801.183
260.8  2722.0751
260.7  2848.5127
260.6  2920.9413
260.5  3126.5892
260.4  2692.0254
260.3  2582.3408
260.2  2484.234
260.1  2720.7815
260  2771.8224
259.9  2807.2068
259.8  2972.5732
259.7  2651.327
259.6  2492.5766
259.5  2671.5068
259.4  2771.716
259.3  2870.9217
259.2  2665.5353
259.1  2850.9772
259  2598.7767
258.9  2867.4367
258.8  2961.6653
258.7  2678.3748
258.6  2657.5908
258.5  2872.9364
258.4  2749.3229
258.3  2485.1017
258.2  2674.2927
258.1  2623.3398
258  2845.0858
257.9  2647.9222
257.8  2660.1703
257.7  2638.8766
257.6  2653.0317
257.5  2807.7018
257.4  2658.3597
257.3  2837.6515
257.2  2568.9071
257.1  2408.5513
257  2768.7577
256.9  2519.3892
256.8  2568.5516
256.7  2684.0035
256.6  2483.2408
256.5  2585.9909
256.4  2572.9203
256.3  2536.2073
256.2  2571.4436
256.1  2523.3574
256  2727.8329
255.9  2665.6095
255.8  2581.2845
255.7  2695.6859
255.6  2766.4718
255.5  2446.6419
255.4  2529.865
255.3  2938.3357
255.2  2748.9393
255.1  2658.7312
255  2760.3689
254.9  2703.955
254.8  2642.3534
254.7  2967.505
254.6  2621.0012
254.5  2805.3652
254.4  2671.4243
254.3  2839.7624
254.2  2430.2002
254.1  2431.2567
254  2742.0228
253.9  2626.1632
253.8  2660.4369
253.7  2672.5777
253.6  2802.6467
253.5  2686.1753
253.4  2685.884
253.3  2763.8515
253.2  2758.3383
253.1  2783.3524
253  2561.4254
252.9  2746.1105
252.8  2932.0153
252.7  2666.7742
252.6  2976.6606
252.5  2555.6716
252.4  2727.2043
252.3  2724.12
252.2  2810.4111
252.1  2565.0557
252  2606.9831
251.9  2411.0865
251.8  2521.1121
251.7  2473.2971
251.6  2394.2447
251.5  2371.4669
251.4  2443.2529
251.3  2659.3025
251.2  2430.2824
251.1  2604.6329
251  2628.7667
250.9  2828.0549
250.8  2611.6125
250.7  2617.2465
250.6  2695.2822
250.5  2576.553
250.4  2519.818
250.3  2764.5383
250.2  2705.6977
250.1  2655.6049
250  2836.6881

# Region:                       Overall
# Spectrum ID:                  8
# Acquisition Date:             08/07/26 14:00:59 UTC
# Analysis Method:              XPS
# Analyzer:                     PHOIBOS MCD5 Analyzer
# Analyzer Lens:                LargeArea:1.5kV
# Analyzer Slit:                5:7x20\B:open
# Scan Mode:                    FixedAnalyzerTransmission
# Curves/Scan:                  1
# Values/Curve:                 1002
# Dwell Time:                   0.5
# Excitation Energy:            1253.64
# Binding Energy:               1000
# Pass Energy:                  50
# Bias Voltage:                 90
# Detector Voltage:             3000
# Eff. Workfunction:            4.543
# Source:                       X-Ray Dummy
# Comment:                      
#
# Cycle: 0
# Number of Scans: 1
#
# Cycle: 0, Curve: 0
# Acquisition Date:             08/07/26 14:00:59 UTC
#
# ColumnLabels:                 energy counts/s
#
1000  25661.648
999.001  26180.859
998.002  26679.115
997.003  26579.81
996.004  26606.467
995.005  26689.894
994.00599  26405.381
993.00699  26395.785
992.00799  26325.124
991.00899  26285.65
990.00999  25868.387
989.01099  25208.8
988.01199  24707.128
987.01299  23927.053
986.01399  23355.149
985.01499  22543.198
984.01598  21847.919
983.01698  21438.261
982.01798  21345.641
981.01898  21123.543
980.01998  20584.327
979.02098  20372.422
978.02198  20549.577
977.02298  20675.751
976.02398  20332.503
975.02498  20165.139
974.02597  20264.511
973.02697  20249.124
972.02797  20212.903
971.02897  20060.869
970.02997  20168.248
969.03097  20500.569
968.03197  20428.754
967.03297  20347.136
966.03397  20587.861
965.03497  20514.068
964.03596  20572.741
963.03696  20696.102
962.03796  20564.111
961.03896  20450.001
960.03996  20386.889
959.04096  20352.471
958.04196  20240.819
957.04296  20249.818
956.04396  20131.924
955.04496  20061.566
954.04595  20264.198
953.04695  20568.147
952.04795  20611.022
951.04895  20508.821
950.04995  20498.755
949.05095  20545.172
948.05195  20473.842
947.05295  20533.337
946.05395  20414.988
945.05495  20461.835
944.05594  20290.487
943.05694  20458.835
942.05794  20853.682
941.05894  20631.764
940.05994  20657.014
939.06094  20726.229
938.06194  20864.182
937.06294  21070.786
936.06394  20895.838
935.06494  20887.606
934.06593  20945.764
933.06693  21188.262
932.06793  21103.721
931.06893  21054.784
930.06993  21251.872
929.07093  20936.194
928.07193  20736.409
927.07293  21027.377
926.07393  21181.443
925.07493  20949.26
924.07592  21079.394
923.07692  21097.576
922.07792  21272.929
921.07892  21296.764
920.07992  21331.723
919.08092  21353.716
918.08192  21097.397
917.08292  21089.388
916.08392  21401.226
915.08492  21439.342
914.08591  21444.598
913.08691  21602.822
912.08791  21527.431
911.08891  21122.271
910.08991  21020.312
909.09091  21580.506
908.09191  21700.602
907.09291  21770.74
906.09391  21594.632
905.09491  21292.815
904.0959  21710.84
903.0969  21781.967
902.0979  21655.192
901.0989  21822.252
900.0999  22088.07
899.1009  22068.123
898.1019  21729.488
897.1029  21909.898
896.1039  22107.484
895.1049  21766.165
894.10589  21715.366
893.10689  21915.417
892.10789  22100.443
891.10889  22256.054
890.10989  22072.389
889.11089  21963.589
888.11189  22031.802
887.11289  22576.408
886.11389  22592.524
885.11489  22414.83
884.11588  22135.707
883.11688  22325.948
882.11788  22346.204
881.11888  22324.379
880.11988  22312.915
879.12088  22337.257
878.12188  22540.174
877.12288  22487.4
876.12388  22419.913
875.12488  22393.675
874.12587  22506.126
873.12687  22663.085
872.12787  22441.402
871.12887  22357.382
870.12987  22525.273
869.13087  22673.58
868.13187  22580.056
867.13287  22825.503
866.13387  22819.976
865.13487  22562.884
864.13586  22649.961
863.13686  22901.264
862.13786  23003.88
861.13886  22854.838
860.13986  22841.929
859.14086  22870.853
858.14186  23093.299
857.14286  23024.271
856.14386  22843.746
855.14486  22818.016
854.14585  22949.791
853.14685  22975.025
852.14785  23244.924
851.14885  23230.422
850.14985  22952.505
849.15085  23013.625
848.15185  23083.813
847.15285  22961.028
846.15385  23164.949
845.15485  23286.303
844.15584  23462.943
843.15684  23400.196
842.15784  23162.9
841.15884  23605.779
840.15984  23557.511
839.16084  23325.296
838.16184  23326.45
837.16284  23533.274
836.16384  23467.464
835.16484  23289.733
834.16583  23354.496
833.16683  23652.544
832.16783  23423.657
831.16883  23434.911
830.16983  23795.816
829.17083  23782.529
828.17183  23916.081
827.17283  23873.554
826.17383  23756.102
825.17483  23756.41
824.17582  23797.588
823.17682  23882.693
822.17782  23925.545
821.17882  23962.346
820.17982  24027.608
819.18082  24118.905
818.18182  24002.505
817.18282  23842.057
816.18382  23917.321
815.18482  24046.736
814.18581  24280.103
813.18681  24463.519
812.18781  24457.782
811.18881  23957.731
810.18981  23945.656
809.19081  24206.351
808.19181  24126.317
807.19281  24406.123
806.19381  24273.234
805.19481  24027.208
804.1958  24382.532
803.1968  24295.561
802.1978  24154.231
801.1988  24310.779
800.1998  24486.752
799.2008  24269.597
798.2018  24102.812
797.2028  24215.05
796.2038  24283.096
795.2048  24424.289
794.20579  24542.7
793.20679  24786.09
792.20779  24917.499
791.20879  25119.755
790.20979  25247.657
789.21079  25262.079
788.21179  25143.337
787.21279  25443.488
786.21379  25280.578
785.21479  25076.691
784.21578  25012.18
783.21678  24995.277
782.21778  24989.436
781.21878  24726.95
780.21978  24330.602
779.22078  24447.882
778.22178  24716.83
777.22278  24959.622
776.22378  24930.106
775.22478  24905.754
774.22577  25102.66
773.22677  25318.277
772.22777  25623.16
771.22877  25656.932
770.22977  26084.261
769.23077  26398.067
768.23177  26312.688
767.23277  26142.838
766.23377  25781.458
765.23477  25474.505
764.23576  25207.474
763.23676  25027.026
762.23776  24629.789
761.23876  24331.88
760.23976  24113.293
759.24076  23657.101
758.24176  23404.084
757.24276  23251.478
756.24376  22990.022
755.24476  22613.754
754.24575  22914.353
753.24675  23312.682
752.24775  23771.019
751.24875  24693.033
750.24975  25239.532
749.25075  25807.699
748.25175  26785.733
747.25275  27471.48
746.25375  27614.674
745.25475  27076.771
744.25574  26082.16
743.25674  25483.492
742.25774  24954.121
741.25874  24413.896
740.25974  23617.528
739.26074  22635.044
738.26174  21604.272
737.26274  20217.414
736.26374  19056.961
735.26474  18118.015
734.26573  17653.249
733.26673  17469.174
732.26773  17359.648
731.26873  17379.784
730.26973  17362.072
729.27073  17468.188
728.27173  17265.932
727.27273  17240.039
726.27373  17428.642
725.27473  17303.474
724.27572  17038.305
723.27672  16942.946
722.27772  16859.949
721.27872  16921.685
720.27972  16925.591
719.28072  16907.214
718.28172  16872.68
717.28272  16912.046
716.28372  17181.793
715.28472  17171.661
714.28571  16953.904
713.28671  16918.862
712.28771  16923.53
711.28871  17198.549
710.28971  17239.783
709.29071  17142.871
708.29171  17152.15
707.29271  17138.249
706.29371  16972.556
705.29471  17103.932
704.2957  16824.423
703.2967  16744.168
702.2977  16844.443
701.2987  16931.397
700.2997  17107.855
699.3007  17039.961
698.3017  16887.931
697.3027  16815.798
696.3037  16888.835
695.3047  17011.644
694.30569  16921.396
693.30669  16979.397
692.30769  16966.638
691.30869  16866.19
690.30969  16863.683
689.31069  16811.083
688.31169  16854.799
687.31269  16818.779
686.31369  17016.679
685.31469  16921.143
684.31568  16834.045
683.31668  17067.597
682.31768  17122.89
681.31868  16878.434
680.31968  17001.716
679.32068  16898.08
678.32168  16799.059
677.32268  16965.114
676.32368  17090.687
675.32468  17090.257
674.32567  17192.245
673.32667  17246.027
672.32767  17080.642
671.32867  16947.54
670.32967  16987.606
669.33067  16978.401
668.33167  16917.902
667.33267  16877.611
666.33367  17066.518
665.33467  16995.33
664.33566  16958.432
663.33666  17111.804
662.33766  16927.682
661.33866  16900.938
660.33966  17099.452
659.34066  17086.42
658.34166  17028.96
657.34266  16871.871
656.34366  16959.118
655.34466  17178.353
654.34565  17214.867
653.34665  17060.012
652.34765  16995.349
651.34865  16948.13
650.34965  16807.868
649.35065  16862.859
648.35165  16806.408
647.35265  16742.303
646.35365  16822.523
645.35465  16939.867
644.35564  16726.493
643.35664  16673.919
642.35764  16690.851
641.35864  16777.3
640.35964  16802.042
639.36064  16794.024
638.36164  16885.939
637.36264  16928.818
636.36364  16897.948
635.36464  17079.04
634.36563  16962.765
633.36663  16817.169
632.36763  16926.476
631.36863  17043.947
630.36963  16839.642
629.37063  16835.472
628.37163  16718.022
627.37263  16678.264
626.37363  16815.614
625.37463  16896.67
624.37562  16784.618
623.37662  16822.877
622.37762  16945.074
621.37862  17010.474
620.37962  17128.606
619.38062  16888.905
618.38162  16887.164
617.38262  16795.711
616.38362  16509.966
615.38462  16660.529
614.38561  16790.672
613.38661  16884.012
612.38761  16962.834
611.38861  16855.459
610.38961  16780.99
609.39061  16716.015
608.39161  16692.318
607.39261  16746.344
606.39361  16709.108
605.39461  16792.769
604.3956  16751.574
603.3966  16621.587
602.3976  16670.093
601.3986  16818.778
600.3996  16739.004
599.4006  16757.997
598.4016  16900.425
597.4026  16638.972
596.4036  16430.543
595.4046  16450.922
594.40559  16449.582
593.40659  16649.573
592.40759  16794.204
591.40859  16709.246
590.40959  16703.747
589.41059  16623.798
588.41159  16721.063
587.41259  16773.867
586.41359  16730.267
585.41459  16453.1
584.41558  16456.858
583.41658  16725.353
582.41758  16706.186
581.41858  16276.056
580.41958  16308.746
579.42058  16588.35
578.42158  16656.721
577.42258  16615.203
576.42358  16358.31
575.42458  16191.42
574.42557  16210.899
573.42657  16303.929
572.42757  16292.572
571.42857  16186.274
570.42957  15775.365
569.43057  15612.053
568.43157  15796.443
567.43257  15709.389
566.43357  15673.312
565.43457  16086.8
564.43556  16050.493
563.43656  15920.765
562.43756  16153.846
561.43856  16186.244
560.43956  16491.108
559.44056  16643.049
558.44156  16604.32
557.44256  16767.503
556.44356  16991.74
555.44456  16914.598
554.44555  16538.826
553.44655  16399.987
552.44755  16105.909
551.44855  15720.082
550.44955  15385.981
549.45055  15306.987
548.45155  14995.781
547.45255  14433.961
546.45355  13774.917
545.45455  13264.955
544.45554  12874.052
543.45654  12500.808
542.45754  12010.828
541.45854  11566.369
540.45954  11314.687
539.46054  11599.899
538.46154  11947.072
537.46254  13822.728
536.46354  20460.935
535.46454  32004.999
534.46553  39340.029
533.46653  33114.372
532.46753  20783.398
531.46853  13476.958
530.46953  11173.662
529.47053  10784.169
528.47153  10971.124
527.47253  11762.754
526.47353  12724.658
525.47453  13095.018
524.47552  12899.683
523.47652  11921.683
522.47752  10753.558
521.47852  9811.512
520.47952  9827.317
519.48052  9797.5252
518.48152  9687.7777
517.48252  9638.8053
516.48352  9713.7574
515.48452  9894.3098
514.48551  9908.6802
513.48651  9874.0658
512.48751  9864.1772
511.48851  9596.6952
510.48951  9496.2268
509.49051  9623.2459
508.49151  9519.8066
507.49251  9544.896
506.49351  9575.3063
505.49451  9513.9935
504.4955  9628.4722
503.4965  9573.3309
502.4975  9354.3332
501.4985  9342.8684
500.4995  9440.1091
499.5005  9491.4041
498.5015  9504.0413
497.5025  9479.9017
496.5035  9644.7572
495.5045  9545.1592
494.50549  9510.5215
493.50649  9445.5198
492.50749  9404.5869
491.50849  9529.7016
490.50949  9544.3115
489.51049  9571.3797
488.51149  9592.4202
487.51249  9564.9745
486.51349  9638.0927
485.51449  9657.2616
484.51548  9608.7432
483.51648  9528.446
482.51748  9392.8691
481.51848  9324.0772
480.51948  9346.1182
479.52048  9403.3792
478.52148  9395.9329
477.52248  9384.9218
476.52348  9346.5189
475.52448  9414.6128
474.52547  9519.9094
473.52647  9440.6715
472.52747  9293.8425
471.52847  9374.9336
470.52947  9335.1963
469.53047  9342.3561
468.53147  9465.5744
467.53247  9396.5044
466.53347  9328.1576
465.53447  9361.6803
464.53546  9526.2349
463.53646  9435.0366
462.53746  9328.1514
461.53846  9369.7093
460.53946  9205.6328
459.54046  9250.2612
458.54146  9302.4804
457.54246  9416.4396
456.54346  9310.097
455.54446  9226.4466
454.54545  9319.2192
453.54645  9335.1845
452.54745  9470.4179
451.54845  9490.9709
450.54945  9421.8541
449.55045  9502.1801
448.55145  9422.6346
447.55245  9328.0739
446.55345  9272.05
445.55445  9318.6848
444.55544  9408.7785
443.55644  9610.486
442.55744  9546.6811
441.55844  9534.7368
440.55944  9458.2187
439.56044  9393.8628
438.56144  9314.6417
437.56244  9361.1982
436.56344  9391.677
435.56444  9341.7661
434.56543  9385.4839
433.56643  9394.104
432.56743  9479.0772
431.56843  9364.8768
430.56943  9308.8784
429.57043  9312.5617
428.57143  9220.5693
427.57243  9240.8043
426.57343  9317.1587
425.57443  9229.5993
424.57542  9118.0152
423.57642  9113.4899
422.57742  9371.9112
421.57842  9472.58
420.57942  9381.5274
419.58042  9297.9379
418.58142  9185.0113
417.58242  9241.377
416.58342  9238.5763
415.58442  9172.1446
414.58541  9290.3533
413.58641  9331.6914
412.58741  9305.0201
411.58841  9266.1659
410.58941  9333.3868
409.59041  9306.5991
408.59141  9270.8281
407.59241  9202.2988
406.59341  9295.0163
405.59441  9218.7549
404.5954  9117.0909
403.5964  9238.8695
402.5974  9343.2108
401.5984  9384.1396
400.5994  9486.9527
399.6004  9379.8677
398.6014  9141.2143
397.6024  9314.8081
396.6034  9406.9444
395.6044  9440.9381
394.60539  9366.969
393.60639  9303.442
392.60739  9327.9079
391.60839  9374.8027
390.60939  9317.6135
389.61039  9312.3249
388.61139  9393.3376
387.61239  9583.6084
386.61339  9458.6739
385.61439  9445.087
384.61538  9274.7432
383.61638  9246.55
382.61738  9303.5173
381.61838  9321.804
380.61938  9529.1119
379.62038  9434.1424
378.62138  9387.0359
377.62238  9262.4449
376.62338  9420.1826
375.62438  9588.1704
374.62537  9367.9919
373.62637  9355.7475
372.62737  9435.2453
371.62837  9534.8728
370.62937  9580.6452
369.63037  9486.1318
368.63137  9420.2556
367.63237  9313.7368
366.63337  9296.8413
365.63437  9348.91
364.63536  9357.537
363.63636  9436.6896
362.63736  9247.6093
361.63836  9268.3924
360.63936  9578.0388
359.64036  9603.9645
358.64136  9489.49
357.64236  9414.967
356.64336  9416.9385
355.64436  9497.7907
354.64535  9505.0718
353.64635  9718.8551
352.64735  9766.0697
351.64835  9845.0877
350.64935  10332.779
349.65035  10611.174
348.65135  10268.368
347.65235  9698.8625
346.65335  9488.1563
345.65435  9354.7038
344.65534  9253.9082
343.65634  9532.1254
342.65734  9631.6959
341.65834  9673.256
340.65934  9583.2487
339.66034  9425.7272
338.66134  9320.8003
337.66234  9297.9987
336.66334  9408.8146
335.66434  9335.9563
334.66533  9321.9207
333.66633  9401.6179
332.66733  9388.5525
331.66833  9207.4707
330.66933  9307.5888
329.67033  9535.7241
328.67133  9433.5095
327.67233  9337.3796
326.67333  9380.6813
325.67433  9416.1769
324.67532  9346.62
323.67632  9397.9507
322.67732  9433.0968
321.67832  9274.7634
320.67932  9270.1376
319.68032  9430.4585
318.68132  9482.2568
317.68232  9527.7859
316.68332  9560.2913
315.68432  9573.667
314.68531  9675.4477
313.68631  9787.6765
312.68731  9690.1405
311.68831  9591.9135
310.68931  9829.8786
309.69031  9940.7627
308.69131  9899.9619
307.69231  9822.1725
306.69331  9696.4511
305.69431  9544.2403
304.6953  9287.3112
303.6963  8861.4265
302.6973  8398.3193
301.6983  7948.9785
300.6993  7553.1048
299.7003  7068.9033
298.7013  6475.5472
297.7023  5918.9273
296.7033  5532.3253
295.7043  5184.5829
294.70529  4791.5703
293.70629  4822.8867
292.70729  5541.8091
291.70829  7044.8965
290.70929  8859.6821
289.71029  13116.364
288.71129  23050.07
287.71229  32135.56
286.71329  29191.919
285.71429  17168.971
284.71528  7963.9763
283.71628  4878.5592
282.71728  4441.8298
281.71828  4570.2351
280.71928  4854.9588
279.72028  5604.4236
278.72128  6384.8029
277.72228  6412.8987
276.72328  5476.0579
275.72428  4189.6804
274.72527  3370.4184
273.72627  3093.5881
272.72727  3099.8282
271.72827  3158.9981
270.72927  3144.276
269.73027  3115.0017
268.73127  3195.585
267.73227  3184.3375
266.73327  3124.1962
265.73427  2977.8159
264.73526  2834.3449
263.73626  2812.4458
262.73726  2791.4195
261.73826  2746.0715
260.73926  2728.195
259.74026  2678.0787
258.74126  2740.0563
257.74226  2848.083
256.74326  2819.2583
255.74426  2689.5394
254.74525  2750.5299
253.74625  2724.9541
252.74725  2683.3233
251.74825  2741.2694
250.74925  2644.6393
249.75025  2560.3999
248.75125  2574.5553
247.75225  2552.7235
246.75325  2705.3817
245.75425  2807.5519
244.75524  2773.8191
243.75624  2770.6709
242.75724  2718.9405
241.75824  2827.3997
240.75924  2928.3507
239.76024  2887.6316
238.76124  2707.0004
237.76224  2599.6894
236.76324  2650.69
235.76424  2561.8343
234.76523  2547.1865
233.76623  2532.7702
232.76723  2487.6987
231.76823  2495.5346
230.76923  2542.5936
229.77023  2483.9185
228.77123  2482.5542
227.77223  2451.3433
226.77323  2373.871
225.77423  2406.6228
224.77522  2433.7004
223.77622  2447.0296
222.77722  2480.7965
221.77822  2479.1942
220.77922  2425.3692
219.78022  2372.1588
218.78122  2364.2826
217.78222  2379.6943
216.78322  2418.6556
215.78422  2457.0483
214.78521  2405.6898
213.78621  2402.2337
212.78721  2460.036
211.78821  2383.6445
210.78921  2354.8536
209.79021  2401.6093
208.79121  2305.0612
207.79221  2316.8882
206.79321  2433.4023
205.79421  2445.2658
204.7952  2402.9059
203.7962  2417.1577
202.7972  2337.1559
201.7982  2274.3058
200.7992  2368.9241
199.8002  2394.9695
198.8012  2299.4696
197.8022  2301.2666
196.8032  2365.0838
195.8042  2417.5062
194.80519  2410.6441
193.80619  2410.1886
192.80719  2362.742
191.80819  2415.7888
190.80919  2387.7446
189.81019  2391.7326
188.81119  2376.0792
187.81219  2365.4307
186.81319  2332.8466
185.81419  2287.6371
184.81518  2369.9315
183.81618  2338.6861
182.81718  2310.8852
181.81818  2335.4987
180.81918  2268.054
179.82018  2329.3485
178.82118  2331.9426
177.82218  2268.9367
176.82318  2389.1588
175.82418  2405.1503
174.82517  2378.2484
173.82617  2362.0665
172.82717  2362.5341
171.82817  2412.7049
170.82917  2384.6897
169.83017  2348.053
168.83117  2309.8228
167.83217  2242.8262
166.83317  2311.8715
165.83417  2341.0188
164.83516  2292.5248
163.83616  2310.2004
162.83716  2286.4936
161.83816  2330.0168
160.83916  2360.1747
159.84016  2296.6769
158.84116  2433.038
157.84216  2517.4271
156.84316  2548.8454
155.84416  2711.162
154.84515  2716.6425
153.84615  2486.4108
152.84715  2385.2886
151.84815  2344.6622
150.84915  2256.2428
149.85015  2225.0828
148.85115  2234.4089
147.85215  2289.5444
146.85315  2303.7015
145.85415  2303.915
144.85514  2413.0526
143.85614  2300.4447
142.85714  2235.2487
141.85814  2227.4947
140.85914  2196.0163
139.86014  2208.4997
138.86114  2270.191
137.86214  2253.405
136.86314  2198.9765
135.86414  2237.1849
134.86513  2219.7408
133.86613  2238.3634
132.86713  2199.2
131.86813  2178.9283
130.86913  2144.0977
129.87013  2210.7033
128.87113  2200.6458
127.87213  2187.4082
126.87313  2263.3212
125.87413  2256.8206
124.87512  2210.0771
123.87612  2217.8903
122.87712  2164.8665
121.87812  2259.7158
120.87912  2280.4754
119.88012  2213.1776
118.88112  2131.6898
117.88212  2076.9657
116.88312  2094.6998
115.88412  2093.9681
114.88511  2089.4055
113.88611  2067.9251
112.88711  2101.4803
111.88811  2146.1382
110.88911  2144.2166
109.89011  2194.0787
108.89111  2226.9063
107.89211  2196.9806
106.89311  2260.6939
105.89411  2493.9427
104.8951  2722.688
103.8961  2749.8204
102.8971  2461.2138
101.8981  2181.5246
100.8991  2189.9904
99.9001  2212.0785
98.901099  2170.1924
97.902098  2154.8441
96.903097  2167.2284
95.904096  2185.0933
94.905095  2183.2969
93.906094  2127.3701
92.907093  2128.0791
91.908092  2115.5388
90.909091  2109.5829
89.91009  2168.0636
88.911089  2104.1309
87.912088  2082.986
86.913087  2164.6014
85.914086  2083.9331
84.915085  2038.4045
83.916084  2119.3605
82.917083  2081.7311
81.918082  2025.1082
80.919081  2013.9306
79.92008  1999.6599
78.921079  1990.7826
77.922078  2055.4057
76.923077  2101.8992
75.924076  2061.1625
74.925075  2029.8408
73.926074  2073.2769
72.927073  2083.4301
71.928072  2096.4917
70.929071  2147.561
69.93007  2105.5913
68.931069  2028.3788
67.932068  2048.8743
66.933067  2090.3626
65.934066  2083.4762
64.935065  2006.6391
63.936064  1941.9131
62.937063  1955.8507
61.938062  2007.7133
60.939061  2034.759
59.94006  1995.491
58.941059  2009.5725
57.942058  2017.9426
56.943057  2052.6528
55.944056  2086.1962
54.945055  2049.4396
53.946054  2083.3292
52.947053  2051.1465
51.948052  2013.5389
50.949051  1984.9198
49.95005  1988.9976
48.951049  1977.34
47.952048  1995.5548
46.953047  2073.8827
45.954046  2082.7315
44.955045  1956.7871
43.956044  1912.9809
42.957043  1907.8605
41.958042  1907.9686
40.959041  1932.0838
39.96004  1938.8661
38.961039  1935.8354
37.962038  1865.6482
36.963037  1804.9775
35.964036  1779.2277
34.965035  1854.7548
33.966034  1898.4656
32.967033  1911.0712
31.968032  2005.0568
30.969031  2098.1266
29.97003  2130.3044
28.971029  2355.9491
27.972028  2530.8055
26.973027  2412.904
25.974026  2073.8342
24.975025  1823.3535
23.976024  1711.5499
22.977023  1834.6632
21.978022  1896.728
20.979021  1956.9341
19.98002  2072.0238
18.981019  1934.9201
17.982018  1834.2677
16.983017  1827.4053
15.984016  1825.2846
14.985015  1780.7187
13.986014  1742.7566
12.987013  1749.8839
11.988012  1731.4624
10.989011  1666.454
9.99001  1634.7829
8.991009  1670.4249
7.992008  1648.2845
6.993007  1633.6033
5.994006  1512.633
4.995005  1302.3364
3.996004  1250.6038
2.997003  1340.6548
1.998002  1325.3387
0.999001  1308.9984
0  1313.9491

