# Created by:        SpecsLab Prodigy, Version 4.79.1-r98952 
#
# XY-Serializer Export Settings:
#   Comment Prefix:           #
#   Output Meta Data:         yes
#   Energy Axis:              Binding Energy
#   Count Rate:               Counts per Second
#   Separate Scan Data:       no
#   Separate Channel Data:    no
#   External Channel Data:    yes
#   Transmission Function:    no
#   Error Bar:                no
#   Operation Results:        yes
#   Time Zone Format:         UTC
#
# Group:                        Spectrum Group
#
# Region:                       Overall
# Spectrum ID:                  1
# Acquisition Date:             08/12/26 18:23:28 UTC
# Analysis Method:              XPS
# Analyzer:                     PHOIBOS MCD5 Analyzer
# Analyzer Lens:                LargeArea:1.5kV
# Analyzer Slit:                5:7x20\B:open
# Scan Mode:                    FixedAnalyzerTransmission
# Curves/Scan:                  1
# Values/Curve:                 1002
# Dwell Time:                   0.1
# Excitation Energy:            1253.64
# Binding Energy:               1000
# Pass Energy:                  50
# Bias Voltage:                 90
# Detector Voltage:             3000
# Eff. Workfunction:            4.543
# Source:                       X-Ray Dummy
# Comment:                      
#
# Cycle: 0
# Number of Scans: 1
#
# Cycle: 0, Curve: 0
# Acquisition Date:             08/12/26 18:23:28 UTC
#
# ColumnLabels:                 energy counts/s
#
1000  24182.23
999.001  25280.695
998.002  25255.444
997.003  25328.942
996.004  25112.318
995.005  24702.625
994.00599  24668.54
993.00699  25019.05
992.00799  24985.128
991.00899  24822.301
990.00999  24188.06
989.01099  23543.784
988.01199  23141.463
987.01299  22278.314
986.01399  21345.59
985.01499  20827.408
984.01598  20475.229
983.01698  19801.142
982.01798  19415.445
981.01898  19195.468
980.01998  19266.362
979.02098  18859.01
978.02198  18755.835
977.02298  18768.365
976.02398  18697.193
975.02498  18859.125
974.02597  18210.168
973.02697  18097.36
972.02797  18483.281
971.02897  18550.896
970.02997  18421.545
969.03097  19146.559
968.03197  19545.66
967.03297  19492.237
966.03397  19042.258
965.03497  18789.653
964.03596  19073.686
963.03696  18504.618
962.03796  18893.165
961.03896  19088.077
960.03996  18314.788
959.04096  18364.159
958.04196  18663.723
957.04296  18383.88
956.04396  18672.503
955.04496  18909.819
954.04595  18210.945
953.04695  18793.291
952.04795  19179.064
951.04895  18645.891
950.04995  18870.901
949.05095  19266.575
948.05195  18956.714
947.05295  18881.968
946.05395  19438.862
945.05495  19359.798
944.05594  19582.239
943.05694  19371.267
942.05794  19244.998
941.05894  19041.461
940.05994  18868.596
939.06094  18671.977
938.06194  19022.245
937.06294  19172.688
936.06394  19235.61
935.06494  19909.033
934.06593  20214.062
933.06693  19507.064
932.06793  19540.725
931.06893  19179.582
930.06993  19061.009
929.07093  19517.717
928.07193  19233.398
927.07293  19247.738
926.07393  19017.521
925.07493  19796.734
924.07592  20180.991
923.07692  19745.194
922.07792  19531.299
921.07892  19585.436
920.07992  19491.223
919.08092  19268.902
918.08192  18997.342
917.08292  19291.093
916.08392  19451.245
915.08492  19501.378
914.08591  19951.644
913.08691  19810.356
912.08791  19810.832
911.08891  19810.74
910.08991  19439.199
909.09091  19334.221
908.09191  19605.978
907.09291  19797.854
906.09391  19846.116
905.09491  20076.746
904.0959  19521.365
903.0969  18877.019
902.0979  19275.727
901.0989  19947.937
900.0999  20259.316
899.1009  20234.337
898.1019  20405.941
897.1029  20468.246
896.1039  20146.725
895.1049  20015.341
894.10589  20102.581
893.10689  20491.721
892.10789  19970.653
891.10889  19796.457
890.10989  20300.827
889.11089  20465.938
888.11189  20356.695
887.11289  20376.715
886.11389  20163.002
885.11489  20231.262
884.11588  20551.902
883.11688  20773.887
882.11788  20290.946
881.11888  19741.194
880.11988  19305.752
879.12088  20388.142
878.12188  20744.205
877.12288  20054.556
876.12388  20278.533
875.12488  20720.316
874.12587  20409.811
873.12687  20436.029
872.12787  20865.239
871.12887  20663.898
870.12987  20740.06
869.13087  20725.7
868.13187  20677.091
867.13287  19768.393
866.13387  20107.475
865.13487  20454.137
864.13586  20563.27
863.13686  20556.833
862.13786  20891.903
861.13886  21219.014
860.13986  21010.266
859.14086  20449.926
858.14186  20504.957
857.14286  20962.167
856.14386  21175.622
855.14486  21185.273
854.14585  21329.399
853.14685  20950.593
852.14785  20932.676
851.14885  20778.705
850.14985  20289.826
849.15085  20072.219
848.15185  21031.606
847.15285  21184.426
846.15385  20949.771
845.15485  20994.842
844.15584  20536.022
843.15684  20291.41
842.15784  20437.365
841.15884  20926.804
840.15984  21684.042
839.16084  21315.613
838.16184  21052.054
837.16284  21170.951
836.16384  20707.674
835.16484  20548.207
834.16583  20922.265
833.16683  21360.638
832.16783  20961.57
831.16883  20902.329
830.16983  21337.932
829.17083  21763.109
828.17183  21512.482
827.17283  21402.901
826.17383  21556.186
825.17483  21045.199
824.17582  21283.676
823.17682  21416.52
822.17782  21092.028
821.17882  21059.571
820.17982  21467.179
819.18082  21702.206
818.18182  21584.495
817.18282  21074.174
816.18382  21038.909
815.18482  21960.844
814.18581  22164.024
813.18681  21642.178
812.18781  21842.404
811.18881  22199.452
810.18981  21465.16
809.19081  21468.931
808.19181  21449.86
807.19281  21366.744
806.19381  21369.684
805.19481  21596.451
804.1958  22112.942
803.1968  21683.609
802.1978  21525.866
801.1988  21964.367
800.1998  21867.906
799.2008  21505.956
798.2018  21487.018
797.2028  21817.379
796.2038  21683.909
795.2048  21640.058
794.20579  22492.587
793.20679  22209.898
792.20779  21942.434
791.20879  22766.711
790.20979  23139.907
789.21079  22428.443
788.21179  22304.869
787.21279  22482.802
786.21379  21906.634
785.21479  22210.935
784.21578  22584.336
783.21678  22202.729
782.21778  22494.629
781.21878  22099.612
780.21978  21912.415
779.22078  22139.046
778.22178  21002.176
777.22278  21345.291
776.22378  21862.849
775.22478  22089.141
774.22577  22300.792
773.22677  22598.8
772.22777  22654.078
771.22877  22463.356
770.22977  22450.354
769.23077  22843.12
768.23177  22924.899
767.23277  22765.602
766.23377  22667.335
765.23477  22530.033
764.23576  21903.088
763.23676  22356.504
762.23776  21925.886
761.23876  21533.987
760.23976  21582.121
759.24076  21299.619
758.24176  21332.928
757.24276  21081.658
756.24376  20211.243
755.24476  19715.473
754.24575  20408.787
753.24675  20817.102
752.24775  21237.508
751.24875  21575.408
750.24975  22378.91
749.25075  23229.132
748.25175  23329.802
747.25275  24198.947
746.25375  24001.603
745.25475  23078.541
744.25574  22731.996
743.25674  22062.476
742.25774  21587.573
741.25874  21847.708
740.25974  21432.115
739.26074  19940.857
738.26174  18826.816
737.26274  18032.186
736.26374  17361.042
735.26474  16776.174
734.26573  16216.798
733.26673  15731.472
732.26773  15805.232
731.26873  16194.481
730.26973  16003.303
729.27073  15795.266
728.27173  15577.68
727.27273  15855.028
726.27373  16405.634
725.27473  16006.283
724.27572  15332.379
723.27672  15566.24
722.27772  16049.756
721.27872  15850.186
720.27972  15749.585
719.28072  15500.52
718.28172  15867.82
717.28272  15800.902
716.28372  15426.474
715.28472  15904.111
714.28571  15925.333
713.28671  15622.847
712.28771  15923.569
711.28871  16493.773
710.28971  16078.188
709.29071  15711.997
708.29171  15520.494
707.29271  15658.517
706.29371  15628.407
705.29471  15546.427
704.2957  15913.177
703.2967  15618.637
702.2977  15763.615
701.2987  15771.441
700.2997  16113.6
699.3007  16190.459
698.3017  16126.967
697.3027  15984.138
696.3037  15584.549
695.3047  16001.131
694.30569  15768.685
693.30669  15144.369
692.30769  15243.682
691.30869  15691.253
690.30969  16368.605
689.31069  16077.638
688.31169  16284.948
687.31269  15759.402
686.31369  15874.986
685.31469  15638.651
684.31568  15436.941
683.31668  16014.276
682.31768  15980.826
681.31868  16155.688
680.31968  15787.729
679.32068  15378.377
678.32168  15442.281
677.32268  15381.587
676.32368  15481.656
675.32468  15746.47
674.32567  15788.872
673.32667  15515.318
672.32767  15343.224
671.32867  15578.024
670.32967  15789.696
669.33067  16121.864
668.33167  15665.802
667.33267  15309.092
666.33367  15305.525
665.33467  15865.813
664.33566  15941.996
663.33666  15741.112
662.33766  15682.1
661.33866  15073.206
660.33966  15230.735
659.34066  15861.799
658.34166  15503.177
657.34266  15281.774
656.34366  15679.517
655.34466  15827.651
654.34565  15560.984
653.34665  15771.801
652.34765  16056.312
651.34865  16575.166
650.34965  15962.556
649.35065  14893.583
648.35165  15040.789
647.35265  15525.152
646.35365  15919.101
645.35465  15710.381
644.35564  15511.875
643.35664  15405.065
642.35764  15152.014
641.35864  14827.649
640.35964  15104.827
639.36064  15481.714
638.36164  15673.973
637.36264  15578.666
636.36364  15588.661
635.36464  15407.142
634.36563  15286.7
633.36663  15658.948
632.36763  15460.401
631.36863  15751.021
630.36963  15691.514
629.37063  15590.02
628.37163  15512.267
627.37263  15647.832
626.37363  15289.768
625.37463  14837.983
624.37562  14759.064
623.37662  15312.476
622.37762  15344.58
621.37862  15359.886
620.37962  15311.448
619.38062  15579.256
618.38162  15046.361
617.38262  15063.104
616.38362  15139.864
615.38462  15146.94
614.38561  15080.919
613.38661  15450.758
612.38761  15967.487
611.38861  15653.634
610.38961  15268.62
609.39061  15143.994
608.39161  15145.729
607.39261  14844.855
606.39361  15053.193
605.39461  15285.362
604.3956  15576.746
603.3966  15514.045
602.3976  15538.011
601.3986  14939.074
600.3996  14681.489
599.4006  14914.602
598.4016  15068.064
597.4026  14632.278
596.4036  14862.756
595.4046  14819.474
594.40559  14986.441
593.40659  14864.319
592.40759  15326.719
591.40859  15751.895
590.40959  15508.574
589.41059  15241.989
588.41159  15162.464
587.41259  14815.529
586.41359  14926.718
585.41459  15246.992
584.41558  14929.797
583.41658  14738.471
582.41758  15109.562
581.41858  15089.269
580.41958  14962.081
579.42058  14830.238
578.42158  14824.769
577.42258  14843.541
576.42358  15257.756
575.42458  14946.801
574.42557  14433.979
573.42657  14847.709
572.42757  14953.516
571.42857  14715.654
570.42957  14309.826
569.43057  14329.752
568.43157  14744.095
567.43257  14782.377
566.43357  14850.982
565.43457  14460.738
564.43556  14692.603
563.43656  14336.745
562.43756  14448.643
561.43856  15190.438
560.43956  14687.349
559.44056  14565.433
558.44156  14938.288
557.44256  14845.795
556.44356  14876.213
555.44456  15105.451
554.44555  14820.474
553.44655  14380.569
552.44755  14386.278
551.44855  14199.218
550.44955  14267.847
549.45055  14192.412
548.45155  13747.723
547.45255  12949.601
546.45355  12641.663
545.45455  12166.481
544.45554  11726.527
543.45654  11730.709
542.45754  11437.562
541.45854  11173.432
540.45954  10802.741
539.46054  10854.006
538.46154  11035.309
537.46254  12564.49
536.46354  16509.486
535.46454  24769.369
534.46553  31072.76
533.46653  27752.064
532.46753  19449.232
531.46853  12821.587
530.46953  10549.69
529.47053  10341.37
528.47153  10301.483
527.47253  10936.029
526.47353  11599.451
525.47453  11657.029
524.47552  11454.226
523.47652  10810.626
522.47752  10186.771
521.47852  9758.5734
520.47952  9388.4857
519.48052  9333.0831
518.48152  9244.3568
517.48252  9331.0505
516.48352  9515.5992
515.48452  9479.2634
514.48551  9699.0053
513.48651  9437.3601
512.48751  9231.9987
511.48851  8988.0316
510.48951  9180.7376
509.49051  9319.1819
508.49151  9164.4704
507.49251  9441.4344
506.49351  9436.5979
505.49451  9200.9222
504.4955  9146.5799
503.4965  9412.0183
502.4975  9398.3859
501.4985  9203.6955
500.4995  9530.1389
499.5005  9409.0197
498.5015  8971.9572
497.5025  9116.4112
496.5035  9315.8185
495.5045  9071.9677
494.50549  8858.7595
493.50649  9018.9682
492.50749  8969.7701
491.50849  8645.6493
490.50949  8921.5759
489.51049  9039.3978
488.51149  8980.3332
487.51249  9309.2764
486.51349  9372.9593
485.51449  9114.1848
484.51548  9230.4955
483.51648  9572.5619
482.51748  9372.2022
481.51848  9011.164
480.51948  8713.9635
479.52048  8985.3611
478.52148  9143.8428
477.52248  8952.4937
476.52348  9227.2846
475.52448  9314.7159
474.52547  9190.2491
473.52647  8905.7149
472.52747  8854.0575
471.52847  9131.0095
470.52947  8896.3633
469.53047  9036.7847
468.53147  9305.5781
467.53247  8814.9983
466.53347  8689.6997
465.53447  8905.9111
464.53546  8861.1737
463.53646  9183.3372
462.53746  9569.8829
461.53846  9396.6462
460.53946  9273.5531
459.54046  8914.7894
458.54146  9499.8614
457.54246  9235.0319
456.54346  9189.5437
455.54446  9187.9321
454.54545  9020.7886
453.54645  9476.8866
452.54745  9398.6871
451.54845  9295.1323
450.54945  9072.4755
449.55045  9185.989
448.55145  9457.4917
447.55245  8846.9436
446.55345  9019.9601
445.55445  9250.4167
444.55544  9274.8796
443.55644  9008.8375
442.55744  9236.4698
441.55844  9853.9822
440.55944  9519.6627
439.56044  9168.3302
438.56144  9477.467
437.56244  9310.0217
436.56344  9190.5221
435.56444  9449.1676
434.56543  9138.2021
433.56643  9048.6036
432.56743  9434.7173
431.56843  9368.1016
430.56943  9377.6173
429.57043  9041.7634
428.57143  8934.5031
427.57243  9560.7526
426.57343  9854.2461
425.57443  9259.8287
424.57542  9232.93
423.57642  9140.4835
422.57742  8940.0037
421.57842  9303.7813
420.57942  9267.7115
419.58042  8874.5401
418.58142  8909.9547
417.58242  8769.2562
416.58342  8998.1128
415.58442  9371.595
414.58541  9368.9229
413.58641  9356.1948
412.58741  9222.4759
411.58841  9274.2126
410.58941  9258.1036
409.59041  9359.9614
408.59141  9058.7132
407.59241  8817.5118
406.59341  8783.0866
405.59441  8858.685
404.5954  9302.841
403.5964  9202.1058
402.5974  8956.7303
401.5984  9095.8942
400.5994  9160.0671
399.6004  8958.3752
398.6014  9118.0324
397.6024  9198.5239
396.6034  9021.1441
395.6044  8949.6786
394.60539  8941.0232
393.60639  8900.7649
392.60739  9294.6216
391.60839  9206.5527
390.60939  8935.8711
389.61039  9358.5015
388.61139  9093.0435
387.61239  8850.6079
386.61339  9117.2463
385.61439  9149.7526
384.61538  8979.475
383.61638  8802.1445
382.61738  8934.1877
381.61838  8931.557
380.61938  9275.0811
379.62038  9512.4925
378.62138  9065.8615
377.62238  8847.2984
376.62338  8897.5969
375.62438  9550.2977
374.62537  9521.0724
373.62637  9691.2969
372.62737  9894.3312
371.62837  9366.2693
370.62937  9153.4904
369.63037  9271.2729
368.63137  9190.9604
367.63237  9180.9666
366.63337  9024.5656
365.63437  9004.1035
364.63536  9173.808
363.63636  9476.7843
362.63736  9350.8787
361.63836  9368.0691
360.63936  9505.167
359.64036  9458.4205
358.64136  9486.4929
357.64236  9319.0302
356.64336  9112.5509
355.64436  9427.1755
354.64535  9660.5687
353.64635  9770.4007
352.64735  9690.5291
351.64835  9837.2012
350.64935  10061.78
349.65035  10478.344
348.65135  10539.253
347.65235  9859.7819
346.65335  9272.3787
345.65435  9365.881
344.65534  9419.3969
343.65634  9093.1875
342.65734  9052.8791
341.65834  9075.5227
340.65934  9236.9839
339.66034  9179.6305
338.66134  9071.077
337.66234  9236.5018
336.66334  9225.5063
335.66434  9385.7226
334.66533  9094.6571
333.66633  8805.8098
332.66733  8817.0228
331.66833  9196.2183
330.66933  9413.5873
329.67033  8842.8996
328.67133  8849.6875
327.67233  8852.2458
326.67333  9113.2939
325.67433  9140.9284
324.67532  8937.5284
323.67632  9250.6577
322.67732  8920.2653
321.67832  8646.46
320.67932  8902.3956
319.68032  9217.7567
318.68132  9160.2658
317.68232  9063.0857
316.68332  9009.8492
315.68432  9286.9331
314.68531  9330.9935
313.68631  9354.4447
312.68731  9249.2886
311.68831  9166.9834
310.68931  9289.657
309.69031  9625.0261
308.69131  9623.0061
307.69231  9530.0622
306.69331  9486.605
305.69431  9258.8184
304.6953  8977.4056
303.6963  8815.6736
302.6973  8354.6456
301.6983  7545.7814
300.6993  7406.1441
299.7003  6937.3274
298.7013  6303.1007
297.7023  6015.1968
296.7033  5595.044
295.7043  5044.1352
294.70529  4701.8094
293.70629  4839.1135
292.70729  5244.0477
291.70829  6024.5092
290.70929  7723.7567
289.71029  11464.049
288.71129  19692.544
287.71229  30654.775
286.71329  31272.925
285.71429  19260.497
284.71528  8661.6015
283.71628  4690.4989
282.71728  3889.7376
281.71828  4054.3363
280.71928  4534.9891
279.72028  5497.1208
278.72128  6239.5081
277.72228  6316.2469
276.72328  5435.1703
275.72428  4215.2277
274.72527  3563.3575
273.72627  3158.2811
272.72727  2959.5247
271.72827  3011.866
270.72927  3091.2585
269.73027  3150.0942
268.73127  3157.8532
267.73227  3338.4712
266.73327  3255.6102
265.73427  3013.9081
264.73526  2785.5327
263.73626  2865.9213
262.73726  2907.0516
261.73826  2539.0554
260.73926  2503.7563
259.74026  2850.8828
258.74126  2935.1784
257.74226  2759.5155
256.74326  2811.8458
255.74426  2547.7216
254.74525  2633.0971
253.74625  2789.1772
252.74725  2488.5282
251.74825  2643.3231
250.74925  2527.4542
249.75025  2494.6055
248.75125  2729.8275
247.75225  2754.2839
246.75325  2672.4257
245.75425  2806.3562
244.75524  2747.6847
243.75624  2499.2006
242.75724  2530.7446
241.75824  2432.9582
240.75924  2479.7828
239.76024  2625.3991
238.76124  2585.914
237.76224  2521.3301
236.76324  2490.1672
235.76424  2434.8507
234.76523  2425.2985
233.76623  2593.3949
232.76723  2580.8927
231.76823  2524.1342
230.76923  2353.7612
229.77023  2369.8366
228.77123  2408.4491
227.77223  2356.1272
226.77323  2145.0192
225.77423  2452.0991
224.77522  2606.0146
223.77622  2484.5209
222.77722  2441.1267
221.77822  2081.5088
220.77922  2195.8375
219.78022  2396.0483
218.78122  2369.2926
217.78222  2416.4337
216.78322  2349.2475
215.78422  2459.4979
214.78521  2358.768
213.78621  2277.1973
212.78721  2431.2094
211.78821  2366.5698
210.78921  2391.4433
209.79021  2452.2194
208.79121  2416.3253
207.79221  2370.6026
206.79321  2302.6907
205.79421  2121.0943
204.7952  2210.0772
203.7962  2258.5438
202.7972  2116.8692
201.7982  2326.8982
200.7992  2319.6485
199.8002  2135.2711
198.8012  2275.9262
197.8022  2408.8115
196.8032  2206.4817
195.8042  2342.4814
194.80519  2361.3958
193.80619  2343.4333
192.80719  2338.1653
191.80819  2317.7824
190.80919  2305.0969
189.81019  2473.906
188.81119  2481.7762
187.81219  2509.1312
186.81319  2464.9046
185.81419  2367.7947
184.81518  2234.235
183.81618  2199.5449
182.81718  2223.3336
181.81818  2211.8323
180.81918  2236.4849
179.82018  2368.8368
178.82118  2305.4931
177.82218  2377.1851
176.82318  2453.989
175.82418  2336.2405
174.82517  2192.3691
173.82617  2338.1199
172.82717  2409.7651
171.82817  2454.4047
170.82917  2414.128
169.83017  2229.5496
168.83117  2305.3004
167.83217  2320.9621
166.83317  2395.3773
165.83417  2396.6177
164.83516  2207.8891
163.83616  2166.5818
162.83716  2362.8617
161.83816  2365.5176
160.83916  2443.0171
159.84016  2407.4207
158.84116  2334.0038
157.84216  2279.0046
156.84316  2540.2031
155.84416  2904.6215
154.84515  2770.9546
153.84615  2635.3982
152.84715  2570.6521
151.84815  2431.7189
150.84915  2177.3491
149.85015  2211.6542
148.85115  2493.945
147.85215  2424.7274
146.85315  2187.728
145.85415  2191.2365
144.85514  2216.3076
143.85614  2186.7196
142.85714  2229.386
141.85814  2371.6639
140.85914  2493.5584
139.86014  2264.9564
138.86114  2125.0836
137.86214  2033.7101
136.86314  2160.379
135.86414  2280.3393
134.86513  2278.8643
133.86613  2064.6038
132.86713  2108.9792
131.86813  2421.3968
130.86913  2552.9828
129.87013  2370.6677
128.87113  2358.6957
127.87213  2239.639
126.87313  2114.0893
125.87413  2039.8882
124.87512  2040.0107
123.87612  2270.6615
122.87712  2285.6671
121.87812  2197.3628
120.87912  2334.8249
119.88012  2338.8561
118.88112  2246.4267
117.88212  2234.4205
116.88312  2183.1248
115.88412  2034.656
114.88511  2205.5518
113.88611  2075.7761
112.88711  1872.5575
111.88811  2009.6091
110.88911  2037.4957
109.89011  2053.279
108.89111  2175.5115
107.89211  2305.6072
106.89311  2322.872
105.89411  2428.1094
104.8951  2890.917
103.8961  2930.6906
102.8971  2482.6873
101.8981  2124.8801
100.8991  2085.1963
99.9001  1971.6999
98.901099  1822.6163
97.902098  2009.0963
96.903097  2304.2315
95.904096  2232.8651
94.905095  2050.1428
93.906094  2051.1792
92.907093  2120.1904
91.908092  2123.5753
90.909091  2087.9343
89.91009  2086.7017
88.911089  2016.9822
87.912088  2066.3912
86.913087  2070.6326
85.914086  1976.3324
84.915085  2040.0787
83.916084  1937.9884
82.917083  1967.8358
81.918082  2160.2236
80.919081  2089.3702
79.92008  2033.5962
78.921079  1980.6928
77.922078  2024.7769
76.923077  2052.9078
75.924076  1980.5185
74.925075  1979.3295
73.926074  2041.4264
72.927073  2095.927
71.928072  1988.6215
70.929071  1977.946
69.93007  1941.7479
68.931069  1840.0514
67.932068  1883.2198
66.933067  1979.6497
65.934066  2119.6255
64.935065  2183.4357
63.936064  2083.0731
62.937063  2021.1695
61.938062  1995.9717
60.939061  1847.3366
59.94006  1935.3132
58.941059  1887.9695
57.942058  1771.4303
56.943057  1896.2467
55.944056  1955.4586
54.945055  1873.8551
53.946054  1993.3842
52.947053  1884.2363
51.948052  1959.9654
50.949051  1971.4357
49.95005  1882.1184
48.951049  1806.0717
47.952048  1927.2069
46.953047  2062.6833
45.954046  2129.3532
44.955045  2029.6358
43.956044  1975.7299
42.957043  1852.163
41.958042  1946.8512
40.959041  1907.9977
39.96004  1830.8844
38.961039  1865.8295
37.962038  1870.0288
36.963037  1725.9419
35.964036  1617.6462
34.965035  1768.7234
33.966034  1886.8014
32.967033  1834.0691
31.968032  1850.7926
30.969031  1936.366
29.97003  1999.7405
28.971029  2154.0664
27.972028  2249.9393
26.973027  2186.4018
25.974026  1969.3222
24.975025  1843.225
23.976024  1856.088
22.977023  1742.7583
21.978022  1850.1852
20.979021  1968.7544
19.98002  1896.9823
18.981019  1714.8748
17.982018  1746.9885
16.983017  1637.0507
15.984016  1630.6719
14.985015  1697.7514
13.986014  1742.4144
12.987013  1634.7086
11.988012  1553.9704
10.989011  1711.5288
9.99001  1734.5412
8.991009  1614.1772
7.992008  1509.6589
6.993007  1579.7361
5.994006  1503.7885
4.995005  1321.5624
3.996004  1335.905
2.997003  1315.1008
1.998002  1249.3272
0.999001  1247.4887
0  1306.3978

# Region:                       Si
# Spectrum ID:                  2
# Acquisition Date:             08/12/26 18:32:05 UTC
# Analysis Method:              XPS
# Analyzer:                     PHOIBOS MCD5 Analyzer
# Analyzer Lens:                LargeArea:1.5kV
# Analyzer Slit:                5:7x20\B:open
# Scan Mode:                    FixedAnalyzerTransmission
# Curves/Scan:                  1
# Values/Curve:                 1501
# Dwell Time:                   0.1
# Excitation Energy:            1253.64
# Binding Energy:               200
# Pass Energy:                  50
# Bias Voltage:                 90
# Detector Voltage:             3000
# Eff. Workfunction:            4.543
# Source:                       X-Ray Dummy
# Comment:                      
#
# Cycle: 0
# Number of Scans: 3
#
# Cycle: 0, Curve: 0
# Acquisition Date:             08/12/26 18:32:05 UTC
#
# ColumnLabels:                 energy counts/s
#
200  2440.1716
199.9  2287.5253
199.8  2323.0214
199.7  2348.9179
199.6  2374.349
199.5  2293.6996
199.4  2342.1323
199.3  2313.9547
199.2  2325.8269
199.1  2343.7731
199  2425.0157
198.9  2365.3514
198.8  2326.561
198.7  2266.3488
198.6  2271.5499
198.5  2162.9572
198.4  2387.0797
198.3  2397.6577
198.2  2259.7204
198.1  2327.1085
198  2189.151
197.9  2323.0138
197.8  2225.7149
197.7  2517.6997
197.6  2222.9776
197.5  2274.7936
197.4  2370.5026
197.3  2411.462
197.2  2342.9031
197.1  2298.7805
197  2400.6771
196.9  2253.0575
196.8  2331.6504
196.7  2366.7231
196.6  2215.7709
196.5  2307.2359
196.4  2268.7021
196.3  2150.6093
196.2  2344.5352
196.1  2261.7227
196  2324.0161
195.9  2316.0238
195.8  2293.7909
195.7  2273.1816
195.6  2397.0966
195.5  2300.9062
195.4  2340.792
195.3  2498.8957
195.2  2428.2136
195.1  2350.2945
195  2429.0605
194.9  2310.8436
194.8  2378.3165
194.7  2271.7111
194.6  2304.1435
194.5  2189.1871
194.4  2264.9593
194.3  2187.9984
194.2  2447.4352
194.1  2527.57
194  2294.6964
193.9  2316.3698
193.8  2246.4676
193.7  2496.163
193.6  2347.03
193.5  2373.0611
193.4  2401.7687
193.3  2196.9327
193.2  2270.7356
193.1  2339.4428
193  2426.3448
192.9  2436.4489
192.8  2314.8125
192.7  2298.0643
192.6  2373.9051
192.5  2487.128
192.4  2319.7484
192.3  2444.2801
192.2  2235.2603
192.1  2282.5323
192  2281.3351
191.9  2276.4129
191.8  2464.3903
191.7  2403.5833
191.6  2340.8575
191.5  2425.3293
191.4  2460.5107
191.3  2472.394
191.2  2413.8033
191.1  2325.4113
191  2255.8051
190.9  2340.2269
190.8  2491.7957
190.7  2277.2494
190.6  2225.3951
190.5  2357.0059
190.4  2292.9221
190.3  2195.2834
190.2  2330.5835
190.1  2300.086
190  2387.1233
189.9  2312.2018
189.8  2273.3946
189.7  2332.034
189.6  2390.5311
189.5  2312.6178
189.4  2271.4807
189.3  2260.9017
189.2  2169.811
189.1  2246.6824
189  2354.0419
188.9  2331.3095
188.8  2330.1584
188.7  2333.9399
188.6  2245.8595
188.5  2386.9275
188.4  2419.3432
188.3  2250.6448
188.2  2206.3741
188.1  2313.5434
188  2334.204
187.9  2298.6148
187.8  2345.7654
187.7  2440.0152
187.6  2310.2373
187.5  2283.1663
187.4  2337.3018
187.3  2221.3338
187.2  2381.125
187.1  2411.6935
187  2436.1737
186.9  2236.3209
186.8  2314.1784
186.7  2269.8824
186.6  2310.4899
186.5  2277.6115
186.4  2279.4304
186.3  2386.5974
186.2  2234.945
186.1  2266.5243
186  2353.5111
185.9  2309.4024
185.8  2257.6504
185.7  2462.8802
185.6  2418.6281
185.5  2247.9926
185.4  2340.8323
185.3  2413.6429
185.2  2253.5854
185.1  2325.1266
185  2225.7175
184.9  2312.0958
184.8  2267.9712
184.7  2401.328
184.6  2324.8232
184.5  2250.9717
184.4  2371.0749
184.3  2335.8139
184.2  2384.0247
184.1  2202.0562
184  2218.1662
183.9  2276.9296
183.8  2338.9715
183.7  2296.6018
183.6  2395.1827
183.5  2378.6555
183.4  2220.2758
183.3  2275.2531
183.2  2241.0228
183.1  2196.3484
183  2334.1273
182.9  2212.4276
182.8  2439.3125
182.7  2295.7242
182.6  2303.7809
182.5  2285.2965
182.4  2396.2396
182.3  2421.1399
182.2  2228.3627
182.1  2320.0384
182  2349.2175
181.9  2347.1608
181.8  2305.1604
181.7  2311.724
181.6  2199.5374
181.5  2163.628
181.4  2187.5566
181.3  2323.6498
181.2  2291.2125
181.1  2155.9193
181  2318.0202
180.9  2250.0753
180.8  2174.8073
180.7  2298.5182
180.6  2329.2169
180.5  2232.966
180.4  2213.0239
180.3  2304.5321
180.2  2283.4716
180.1  2227.4143
180  2202.804
179.9  2254.4783
179.8  2227.0079
179.7  2357.841
179.6  2291.4192
179.5  2316.0561
179.4  2254.3648
179.3  2383.1151
179.2  2479.2836
179.1  2365.1658
179  2306.6134
178.9  2524.924
178.8  2324.442
178.7  2217.0944
178.6  2128.7846
178.5  2266.2592
178.4  2385.0547
178.3  2337.7153
178.2  2229.4927
178.1  2303.7158
178  2268.9245
177.9  2247.708
177.8  2456.909
177.7  2412.5558
177.6  2342.6186
177.5  2199.9327
177.4  2347.3494
177.3  2284.2675
177.2  2354.3085
177.1  2293.7353
177  2338.0383
176.9  2244.3272
176.8  2300.9025
176.7  2360.0968
176.6  2258.8815
176.5  2204.6556
176.4  2187.4191
176.3  2274.7885
176.2  2261.9902
176.1  2334.4001
176  2271.9748
175.9  2256.039
175.8  2217.1777
175.7  2271.6025
175.6  2329.5216
175.5  2274.0312
175.4  2289.8166
175.3  2360.5473
175.2  2208.9501
175.1  2247.7176
175  2279.153
174.9  2301.6048
174.8  2376.8373
174.7  2400.2348
174.6  2251.6282
174.5  2420.3059
174.4  2267.1788
174.3  2279.1096
174.2  2180.9664
174.1  2369.4632
174  2305.4487
173.9  2225.7146
173.8  2295.9513
173.7  2242.3309
173.6  2244.3456
173.5  2344.1421
173.4  2319.3918
173.3  2175.2673
173.2  2207.8042
173.1  2191.8385
173  2182.0195
172.9  2281.7002
172.8  2422.9528
172.7  2237.5847
172.6  2412.2212
172.5  2477.709
172.4  2402.6586
172.3  2244.2107
172.2  2341.3048
172.1  2350.7633
172  2340.3247
171.9  2392.282
171.8  2340.3003
171.7  2385.5855
171.6  2375.5974
171.5  2253.3677
171.4  2351.8681
171.3  2284.4085
171.2  2381.0242
171.1  2410.2311
171  2439.877
170.9  2351.0067
170.8  2319.6045
170.7  2452.2751
170.6  2343.2201
170.5  2322.5096
170.4  2297.0743
170.3  2209.0218
170.2  2312.7843
170.1  2258.9587
170  2359.6347
169.9  2317.823
169.8  2294.0632
169.7  2338.7843
169.6  2312.0742
169.5  2325.2254
169.4  2268.8156
169.3  2373.2446
169.2  2318.6423
169.1  2391.3631
169  2305.6247
168.9  2392.9693
168.8  2333.9569
168.7  2271.033
168.6  2245.2829
168.5  2348.9806
168.4  2313.0985
168.3  2314.4704
168.2  2272.4437
168.1  2429.5236
168  2360.9236
167.9  2300.7136
167.8  2247.4612
167.7  2379.5053
167.6  2355.4851
167.5  2248.2475
167.4  2223.8946
167.3  2275.2012
167.2  2248.1439
167.1  2216.5527
167  2154.4096
166.9  2383.4461
166.8  2297.1485
166.7  2314.5142
166.6  2283.5212
166.5  2308.0494
166.4  2297.7507
166.3  2352.2052
166.2  2280.0677
166.1  2202.3386
166  2371.6878
165.9  2432.1814
165.8  2210.3419
165.7  2300.4111
165.6  2302.2471
165.5  2252.2203
165.4  2309.5978
165.3  2358.8444
165.2  2407.9192
165.1  2311.2577
165  2268.8783
164.9  2277.1504
164.8  2376.8336
164.7  2111.6645
164.6  2365.6133
164.5  2254.02
164.4  2209.343
164.3  2334.2044
164.2  2336.6868
164.1  2189.6541
164  2184.454
163.9  2227.7509
163.8  2202.2139
163.7  2167.3468
163.6  2191.6724
163.5  2273.9479
163.4  2143.5243
163.3  2264.6879
163.2  2259.8788
163.1  2410.4987
163  2240.8418
162.9  2327.1452
162.8  2339.2958
162.7  2216.3644
162.6  2173.9424
162.5  2232.9185
162.4  2267.3327
162.3  2298.5067
162.2  2300.3587
162.1  2273.9899
162  2296.9409
161.9  2214.2273
161.8  2227.7608
161.7  2277.0418
161.6  2220.4213
161.5  2190.5336
161.4  2187.1002
161.3  2196.1261
161.2  2208.017
161.1  2308.3038
161  2352.8192
160.9  2194.1609
160.8  2238.8392
160.7  2262.7187
160.6  2258.3348
160.5  2422.6155
160.4  2108.233
160.3  2180.9117
160.2  2171.0046
160.1  2119.9568
160  2258.3272
159.9  2437.6199
159.8  2289.0857
159.7  2311.3619
159.6  2237.8531
159.5  2290.424
159.4  2203.3443
159.3  2266.4137
159.2  2335.0971
159.1  2240.0132
159  2345.6092
158.9  2321.0433
158.8  2454.6883
158.7  2422.5664
158.6  2358.1369
158.5  2302.2822
158.4  2358.5685
158.3  2372.1023
158.2  2411.7024
158.1  2407.9689
158  2396.2897
157.9  2273.1254
157.8  2423.7211
157.7  2537.4695
157.6  2422.4767
157.5  2394.3517
157.4  2465.6748
157.3  2506.2587
157.2  2590.2339
157.1  2539.9223
157  2545.3429
156.9  2596.1836
156.8  2591.5946
156.7  2698.7261
156.6  2568.3247
156.5  2644.8357
156.4  2833.4468
156.3  2859.1412
156.2  2794.5462
156.1  2850.6968
156  2864.6393
155.9  2915.9279
155.8  2766.9601
155.7  2860.4462
155.6  2947.9692
155.5  2848.2761
155.4  2779.426
155.3  2899.1015
155.2  2920.3226
155.1  2877.7133
155  2783.9926
154.9  2939.0217
154.8  3012.344
154.7  2802.6942
154.6  3028.3309
154.5  2797.7462
154.4  2766.9065
154.3  2635.2014
154.2  2646.2077
154.1  2698.6593
154  2746.8989
153.9  2602.7338
153.8  2600.0203
153.7  2738.7738
153.6  2557.8578
153.5  2638.7025
153.4  2413.0909
153.3  2408.9118
153.2  2363.6005
153.1  2445.2881
153  2477.3604
152.9  2354.1542
152.8  2452.1914
152.7  2401.1912
152.6  2239.9848
152.5  2252.9545
152.4  2404.7103
152.3  2357.8841
152.2  2197.1609
152.1  2243.4619
152  2184.7718
151.9  2307.5546
151.8  2289.0562
151.7  2237.8985
151.6  2334.7972
151.5  2205.3683
151.4  2337.6661
151.3  2222.5575
151.2  2271.0032
151.1  2307.5146
151  2137.9879
150.9  2169.803
150.8  2249.3983
150.7  2147.462
150.6  2296.4396
150.5  2318.7972
150.4  2159.288
150.3  2326.8455
150.2  2238.4948
150.1  2330.6861
150  2204.4251
149.9  2190.7594
149.8  2150.5491
149.7  2169.3777
149.6  2468.7266
149.5  2263.8704
149.4  2258.2225
149.3  2334.2643
149.2  2314.5983
149.1  2237.6649
149  2186.4276
148.9  2207.1605
148.8  2325.3604
148.7  2219.059
148.6  2145.2381
148.5  2232.9127
148.4  2224.8566
148.3  2294.1563
148.2  2333.6298
148.1  2282.6228
148  2245.0766
147.9  2281.586
147.8  2019.443
147.7  2320.1163
147.6  2192.1859
147.5  2204.3001
147.4  2425.7703
147.3  2342.1576
147.2  2367.9134
147.1  2402.4315
147  2327.1036
146.9  2326.239
146.8  2217.563
146.7  2364.8209
146.6  2362.5924
146.5  2330.5958
146.4  2365.0737
146.3  2415.2068
146.2  2271.6933
146.1  2289.2004
146  2342.1854
145.9  2389.9091
145.8  2223.658
145.7  2327.6346
145.6  2198.8151
145.5  2322.7473
145.4  2061.7732
145.3  2240.9813
145.2  2265.1858
145.1  2285.2655
145  2248.4286
144.9  2273.2955
144.8  2288.5403
144.7  2298.8721
144.6  2288.1127
144.5  2209.1305
144.4  2310.3882
144.3  2482.3015
144.2  2329.5844
144.1  2352.1322
144  2108.546
143.9  2185.9604
143.8  2159.8865
143.7  2294.0054
143.6  2234.7088
143.5  2268.4192
143.4  2255.6499
143.3  2327.319
143.2  2143.7305
143.1  2007.4008
143  2257.2013
142.9  2092.5662
142.8  2161.4805
142.7  2214.8526
142.6  2192.594
142.5  2159.4575
142.4  2137.5413
142.3  2195.6747
142.2  2116.2997
142.1  2193.5356
142  2243.0066
141.9  2412.4101
141.8  2109.587
141.7  2228.3184
141.6  2266.4816
141.5  2093.826
141.4  2113.2206
141.3  2205.1501
141.2  2243.8541
141.1  2100.2829
141  2257.1903
140.9  2061.2986
140.8  2198.9337
140.7  2216.2662
140.6  2124.0993
140.5  2443.6313
140.4  2209.3696
140.3  2205.0647
140.2  2267.1581
140.1  2252.3878
140  2240.8649
139.9  2259.9671
139.8  2202.3409
139.7  2152.433
139.6  2233.7226
139.5  2166.0691
139.4  2271.3113
139.3  2179.109
139.2  2043.2928
139.1  2036.9422
139  2208.3869
138.9  2143.151
138.8  2366.8133
138.7  2174.3484
138.6  2165.1735
138.5  2295.7406
138.4  2226.1216
138.3  2177.9062
138.2  2135.6023
138.1  2184.4638
138  2050.5061
137.9  2128.4183
137.8  2023.2519
137.7  2109.3028
137.6  2311.3854
137.5  2244.5178
137.4  2192.1277
137.3  2074.8308
137.2  2188.8305
137.1  2305.3028
137  2171.095
136.9  2153.5203
136.8  2134.6928
136.7  2071.428
136.6  2196.7381
136.5  2131.6077
136.4  2326.8757
136.3  2211.5905
136.2  2136.8847
136.1  2204.8201
136  2124.7332
135.9  2159.4492
135.8  2154.0842
135.7  2262.6749
135.6  2190.2127
135.5  2188.8995
135.4  2302.8538
135.3  2182.3028
135.2  2193.4693
135.1  2180.8169
135  2203.0878
134.9  2236.3586
134.8  2270.4236
134.7  2236.378
134.6  2006.6825
134.5  2081.3313
134.4  2087.4843
134.3  2144.1568
134.2  2168.8834
134.1  2134.9272
134  2276.7818
133.9  2201.7711
133.8  2087.9854
133.7  2223.3488
133.6  2169.617
133.5  2123.0979
133.4  2115.6961
133.3  2092.3934
133.2  2159.6605
133.1  2222.7368
133  2100.1754
132.9  2091.795
132.8  2121.5403
132.7  2140.2433
132.6  2172.6065
132.5  2182.7356
132.4  2291.2306
132.3  2183.1964
132.2  2222.2813
132.1  2207.813
132  2160.5047
131.9  2302.4082
131.8  2295.2944
131.7  2265.6098
131.6  2150.4788
131.5  2279.8215
131.4  2334.4129
131.3  2228.9175
131.2  2249.9946
131.1  2064.4679
131  2345.0163
130.9  2154.851
130.8  2226.1814
130.7  2133.0867
130.6  2210.1642
130.5  2111.6692
130.4  2122.3207
130.3  2123.5207
130.2  2141.0667
130.1  2157.2972
130  2312.2622
129.9  2165.7388
129.8  2188.0871
129.7  2207.9285
129.6  2096.8392
129.5  2131.2744
129.4  2237.3955
129.3  2064.0853
129.2  2167.2396
129.1  2073.1066
129  2103.5315
128.9  2141.456
128.8  2097.4715
128.7  2121.8961
128.6  2224.5979
128.5  2097.6167
128.4  2311.1003
128.3  2239.5366
128.2  2072.1398
128.1  2049.9503
128  2177.4825
127.9  2339.6316
127.8  2229.6306
127.7  2044.5215
127.6  2219.0022
127.5  2103.5277
127.4  2108.5414
127.3  2124.6252
127.2  2193.2886
127.1  2121.6925
127  2151.3633
126.9  2239.3827
126.8  2208.7984
126.7  2236.9697
126.6  2127.642
126.5  2258.8536
126.4  2101.9793
126.3  2163.9239
126.2  2188.5655
126.1  2153.1672
126  2225.6637
125.9  2216.9914
125.8  2142.6457
125.7  2215.8877
125.6  2229.0349
125.5  2085.3831
125.4  2169.5343
125.3  1998.7859
125.2  2182.1195
125.1  2203.2267
125  2149.7887
124.9  2113.6963
124.8  2132.7817
124.7  2092.2628
124.6  2222.7634
124.5  2199.4457
124.4  2125.7415
124.3  2108.8535
124.2  2190.125
124.1  2184.3724
124  2132.8469
123.9  2101.9039
123.8  2094.0266
123.7  2225.7922
123.6  2116.0439
123.5  2185.3875
123.4  2156.1428
123.3  2224.7955
123.2  2236.6859
123.1  2122.098
123  2100.6702
122.9  2089.5487
122.8  2087.8461
122.7  2266.4148
122.6  2122.5971
122.5  2059.4668
122.4  2145.9709
122.3  2339.9088
122.2  2287.6805
122.1  2108.1521
122  2108.6828
121.9  2227.9336
121.8  2234.9256
121.7  2107.3615
121.6  2182.9171
121.5  2232.2753
121.4  2043.1739
121.3  2191.2307
121.2  2149.3459
121.1  2170.1349
121  2199.8267
120.9  2115.4751
120.8  2238.9271
120.7  2261.7967
120.6  2266.507
120.5  2095.6066
120.4  2099.6399
120.3  2179.1974
120.2  2242.13
120.1  1982.3072
120  2182.791
119.9  2257.2071
119.8  2275.8074
119.7  2149.9705
119.6  2181.0085
119.5  2241.457
119.4  2202.2697
119.3  2172.0702
119.2  2156.9183
119.1  2229.9132
119  2271.0329
118.9  2056.7505
118.8  2112.0292
118.7  2122.4797
118.6  2149.9517
118.5  2301.1912
118.4  2242.0717
118.3  2119.3956
118.2  2107.0679
118.1  2241.4633
118  2057.0196
117.9  2048.4321
117.8  2221.8023
117.7  2315.1936
117.6  2143.695
117.5  2178.3186
117.4  2139.6282
117.3  2068.0512
117.2  2067.2173
117.1  2118.8498
117  2074.4377
116.9  2053.9815
116.8  2268.7926
116.7  2030.4387
116.6  2095.7509
116.5  2175.1051
116.4  2100.3082
116.3  2025.7697
116.2  2154.3203
116.1  2122.24
116  2202.1941
115.9  1984.4843
115.8  2068.4411
115.7  2155.5654
115.6  2077.5722
115.5  2200.4025
115.4  2106.063
115.3  2191.7863
115.2  2174.5731
115.1  2160.163
115  2050.8759
114.9  2125.97
114.8  2275.5985
114.7  2239.6606
114.6  2091.745
114.5  2230.4639
114.4  2221.1644
114.3  2064.0613
114.2  2137.1951
114.1  2197.8332
114  2062.3478
113.9  2091.565
113.8  2069.3631
113.7  2112.707
113.6  1967.7321
113.5  2126.898
113.4  2184.864
113.3  2152.1558
113.2  2114.7009
113.1  2072.4114
113  2060.6719
112.9  2137.1451
112.8  2095.7089
112.7  2033.27
112.6  2270.5477
112.5  2199.96
112.4  2202.7698
112.3  2127.7624
112.2  2180.7699
112.1  2118.0617
112  2044.8786
111.9  2242.6181
111.8  2170.257
111.7  2159.5803
111.6  2105.522
111.5  2109.1577
111.4  2098.4213
111.3  2143.6833
111.2  2091.9655
111.1  2074.5739
111  2184.6135
110.9  1903.1366
110.8  2036.9637
110.7  2159.7046
110.6  2059.0432
110.5  2102.0996
110.4  1992.692
110.3  1971.3763
110.2  1983.9785
110.1  2015.9281
110  2126.0193
109.9  2135.7878
109.8  2008.5093
109.7  2183.6156
109.6  2162.7578
109.5  1946.5592
109.4  2215.7104
109.3  1985.1427
109.2  1999.8227
109.1  2112.2556
109  2282.7105
108.9  2093.0666
108.8  2110.3592
108.7  2118.2024
108.6  2064.4096
108.5  2093.7752
108.4  2077.5092
108.3  2174.3435
108.2  2032.674
108.1  2087.6824
108  2149.9231
107.9  2173.3724
107.8  2100.1219
107.7  2188.8845
107.6  2235.1309
107.5  2080.944
107.4  2193.2644
107.3  2219.1549
107.2  2213.9661
107.1  2288.6691
107  2250.3497
106.9  2320.6657
106.8  2239.155
106.7  2240.1821
106.6  2274.9864
106.5  2412.6831
106.4  2327.2002
106.3  2279.5236
106.2  2410.8156
106.1  2252.8658
106  2412.098
105.9  2340.677
105.8  2570.7324
105.7  2670.9634
105.6  2458.5165
105.5  2631.1061
105.4  2589.6692
105.3  2893.7441
105.2  2685.5904
105.1  2774.2624
105  2866.1051
104.9  2978.2081
104.8  3050.2568
104.7  3008.2544
104.6  3003.1904
104.5  3119.0693
104.4  3045.8636
104.3  2916.0817
104.2  2993.7696
104.1  3118.627
104  3090.2263
103.9  3053.3901
103.8  2878.6433
103.7  3046.2509
103.6  2895.4607
103.5  2897.0091
103.4  2667.0019
103.3  2846.427
103.2  2647.5382
103.1  2550.2537
103  2590.2792
102.9  2648.5265
102.8  2426.4144
102.7  2571.1847
102.6  2401.4556
102.5  2402.4631
102.4  2264.9643
102.3  2410.368
102.2  2230.0567
102.1  2183.3351
102  2146.4971
101.9  2253.2998
101.8  2150.8893
101.7  2196.3097
101.6  2131.9987
101.5  2002.6162
101.4  2061.6222
101.3  2012.2613
101.2  2110.2361
101.1  1962.1754
101  2230.1088
100.9  2212.5755
100.8  2098.0917
100.7  2098.9979
100.6  2060.8805
100.5  1993.5305
100.4  2060.8838
100.3  2165.9573
100.2  2066.0785
100.1  2060.6875
100  2088.851
99.9  2041.3229
99.8  2056.0758
99.7  2135.2332
99.6  2187.3503
99.5  2238.7051
99.4  2122.7269
99.3  2133.6699
99.2  2069.6484
99.1  2074.7914
99  1885.1921
98.9  2057.0959
98.8  2152.9606
98.7  1975.0081
98.6  2068.0671
98.5  2186.7214
98.4  2014.9865
98.3  2059.6213
98.2  2056.859
98.1  2026.8642
98  2167.8161
97.9  2089.5343
97.8  2151.1265
97.7  2238.8351
97.6  1946.1375
97.5  2159.7821
97.4  2204.7031
97.3  2229.8301
97.2  2108.7876
97.1  2116.8389
97  2059.9406
96.9  2001.2031
96.8  2170.4047
96.7  2041.3441
96.6  2128.7374
96.5  2132.8168
96.4  2298.6863
96.3  2163.0746
96.2  2033.9842
96.1  2144.8315
96  2235.8689
95.9  2072.9213
95.8  2242.8138
95.7  2230.7707
95.6  2270.2066
95.5  2189.9406
95.4  2219.0507
95.3  2233.2749
95.2  1956.5056
95.1  2205.3584
95  2077.8662
94.9  2128.4994
94.8  2309.1518
94.7  2232.2999
94.6  2143.3007
94.5  2236.8523
94.4  2143.9628
94.3  2223.4194
94.2  2140.5758
94.1  2092.1624
94  2244.9773
93.9  2074.4009
93.8  2087.3311
93.7  1956.6992
93.6  2299.3586
93.5  2243.502
93.4  2246.1679
93.3  2162.7192
93.2  2204.1491
93.1  2105.1138
93  2111.5215
92.9  2101.5385
92.8  2101.5989
92.7  2084.0161
92.6  2195.7818
92.5  2104.5747
92.4  2146.0789
92.3  2109.624
92.2  2030.1204
92.1  2108.663
92  2178.0923
91.9  2144.6342
91.8  2243.7084
91.7  2155.9149
91.6  2104.4519
91.5  1997.3882
91.4  2141.1267
91.3  2225.7058
91.2  2130.2371
91.1  2002.7379
91  2138.6278
90.9  1933.5375
90.8  1917.8302
90.7  2011.4612
90.6  2018.7801
90.5  1983.125
90.4  2061.487
90.3  2093.5023
90.2  2067.7066
90.1  1930.9898
90  2057.6588
89.9  2035.8733
89.8  2038.0271
89.7  2020.7787
89.6  2018.6498
89.5  2019.1361
89.4  1977.2311
89.3  2017.9288
89.2  1966.6029
89.1  1984.0388
89  2081.7126
88.9  1954.8803
88.8  2168.2517
88.7  2215.4699
88.6  2019.9592
88.5  2029.6175
88.4  1976.1882
88.3  2077.2877
88.2  2043.1055
88.1  1950.2914
88  1995.2502
87.9  2072.0336
87.8  1978.893
87.7  2008.239
87.6  2034.556
87.5  2084.011
87.4  2021.3157
87.3  1999.7454
87.2  1997.6246
87.1  2019.456
87  2060.0469
86.9  1949.5135
86.8  2140.6788
86.7  2081.893
86.6  2080.3968
86.5  1969.1973
86.4  2030.0486
86.3  2007.5791
86.2  2048.0865
86.1  2094.9023
86  2036.3793
85.9  2061.8484
85.8  2036.6745
85.7  2022.5508
85.6  1975.0113
85.5  2039.5067
85.4  1999.083
85.3  1969.6138
85.2  2017.691
85.1  1928.5724
85  1967.1104
84.9  2101.9104
84.8  2173.0574
84.7  1989.9454
84.6  1919.1399
84.5  2072.3531
84.4  2049.3623
84.3  2030.4482
84.2  2097.4504
84.1  2031.374
84  1985.0471
83.9  2122.0141
83.8  2173.4195
83.7  2079.9153
83.6  1983.9928
83.5  2203.1491
83.4  2079.7535
83.3  1940.8292
83.2  2024.5057
83.1  2016.3132
83  2017.4506
82.9  2011.1342
82.8  2066.4708
82.7  2082.2128
82.6  2016.2836
82.5  1869.4899
82.4  2054.3429
82.3  2131.1974
82.2  2070.4347
82.1  1960.7306
82  2063.3347
81.9  2061.8512
81.8  2085.9444
81.7  2074.8495
81.6  1978.5011
81.5  1886.7265
81.4  1883.0325
81.3  2067.9781
81.2  1984.0617
81.1  1953.4326
81  2036.2325
80.9  1998.3222
80.8  2025.2499
80.7  2043.3772
80.6  2087.3697
80.5  2180.928
80.4  2026.9562
80.3  2017.3764
80.2  1884.7833
80.1  1932.2864
80  2015.3912
79.9  1981.9983
79.8  1960.1878
79.7  1999.4886
79.6  1974.7261
79.5  2013.5748
79.4  2020.0638
79.3  1913.2914
79.2  1945.7406
79.1  1985.2891
79  2060.8129
78.9  2010.2767
78.8  2054.8961
78.7  1957.1627
78.6  2044.9654
78.5  2050.7009
78.4  2109.328
78.3  2020.5236
78.2  2053.1477
78.1  2026.076
78  1958.7566
77.9  2007.0172
77.8  2074.2455
77.7  1990.6056
77.6  2008.5986
77.5  2120.1343
77.4  1939.3534
77.3  2071.4549
77.2  2024.4688
77.1  2009.4167
77  2058.9729
76.9  2116.8114
76.8  2075.4816
76.7  2051.7518
76.6  2020.0791
76.5  2112.3686
76.4  1977.8341
76.3  1868.2136
76.2  2113.3429
76.1  2043.499
76  2037.7194
75.9  1893.8986
75.8  1938.8891
75.7  1913.1767
75.6  1941.8332
75.5  1986.4067
75.4  2078.6465
75.3  1954.2054
75.2  2086.5722
75.1  2002.3309
75  1941.7871
74.9  1942.9124
74.8  2013.8672
74.7  2125.9667
74.6  2161.3366
74.5  2120.3358
74.4  1914.714
74.3  2064.1376
74.2  1843.7364
74.1  1993.7044
74  1978.3526
73.9  1858.3697
73.8  1937.3082
73.7  2000.6918
73.6  1941.4962
73.5  1973.2754
73.4  1996.2161
73.3  2024.8009
73.2  2055.9942
73.1  1993.0634
73  1927.2547
72.9  2075.3891
72.8  1945.5704
72.7  1980.339
72.6  1938.2386
72.5  1884.143
72.4  2014.0308
72.3  2111.6373
72.2  1930.7589
72.1  2042.7359
72  2019.9722
71.9  2043.7888
71.8  2094.8667
71.7  1919.6459
71.6  2011.6739
71.5  2078.0481
71.4  2013.717
71.3  1966.2501
71.2  2012.835
71.1  2043.4766
71  2090.1609
70.9  1927.09
70.8  1931.7336
70.7  2011.2267
70.6  1985.0875
70.5  2005.2707
70.4  2065.693
70.3  2091.4909
70.2  1927.8927
70.1  1886.4767
70  1891.3107
69.9  2027.2511
69.8  2041.0393
69.7  1983.243
69.6  2050.5724
69.5  1929.4916
69.4  2055.5395
69.3  2016.3787
69.2  2081.7361
69.1  2040.7082
69  2038.1653
68.9  1962.9466
68.8  2022.9206
68.7  1894.1881
68.6  2064.6112
68.5  2023.2319
68.4  1844.5359
68.3  1883.3054
68.2  2054.1891
68.1  1841.5462
68  1836.7842
67.9  1995.0093
67.8  2013.2008
67.7  2042.0595
67.6  2055.4594
67.5  1966.9004
67.4  1912.88
67.3  1966.0404
67.2  1971.3822
67.1  2031.2313
67  2126.269
66.9  1991.3857
66.8  1986.4186
66.7  1951.8523
66.6  1983.8036
66.5  2024.4149
66.4  2032.5125
66.3  1984.6176
66.2  1952.7939
66.1  1981.9097
66  1967.8132
65.9  2063.1809
65.8  2024.9367
65.7  1974.4382
65.6  2026.734
65.5  1970.4716
65.4  1974.3757
65.3  2090.6833
65.2  1946.0827
65.1  2051.6899
65  2001.7617
64.9  1897.2763
64.8  1910.2776
64.7  1962.9806
64.6  2022.7088
64.5  2068.1114
64.4  2004.1789
64.3  2007.6127
64.2  1944.9749
64.1  1927.8401
64  1907.6053
63.9  2063.1228
63.8  1938.0574
63.7  1961.3795
63.6  2014.0962
63.5  1979.3968
63.4  1830.9789
63.3  1924.7271
63.2  1997.2311
63.1  2072.8954
63  1961.078
62.9  1820.1764
62.8  1775.4712
62.7  1869.4877
62.6  1861.0989
62.5  1924.429
62.4  2075.1015
62.3  1945.2637
62.2  1988.9589
62.1  1910.1399
62  2036.3575
61.9  2008.7243
61.8  1924.5461
61.7  1910.3328
61.6  1775.464
61.5  2055.8909
61.4  1968.9865
61.3  1943.0865
61.2  1897.8072
61.1  2081.7152
61  1885.253
60.9  1982.2217
60.8  1933.8115
60.7  2006.5348
60.6  1934.6875
60.5  1864.2604
60.4  1969.3018
60.3  1856.4208
60.2  1976.4995
60.1  2035.6815
60  1932.1238
59.9  1969.8079
59.8  1956.7883
59.7  1886.9577
59.6  1815.8765
59.5  1857.7592
59.4  1893.0769
59.3  1942.7432
59.2  1955.5481
59.1  1769.0489
59  2008.9928
58.9  1970.0238
58.8  1909.8961
58.7  1953.3161
58.6  1983.533
58.5  1895.5783
58.4  1895.0006
58.3  2030.7984
58.2  1919.7367
58.1  1875.8681
58  1905.7841
57.9  1951.6648
57.8  2065.7958
57.7  1812.7568
57.6  1946.661
57.5  1953.3265
57.4  1877.9928
57.3  1958.2943
57.2  1814.3771
57.1  2042.3363
57  2013.7777
56.9  1910.2538
56.8  1850.0663
56.7  1860.1577
56.6  1954.5885
56.5  2073.0252
56.4  2045.4028
56.3  1974.2005
56.2  1909.3379
56.1  2015.9501
56  2056.3883
55.9  2126.6165
55.8  2226.4694
55.7  2069.5692
55.6  2060.3408
55.5  2067.1726
55.4  2002.7435
55.3  2034.4157
55.2  2100.6826
55.1  1913.972
55  2032.3877
54.9  1895.9439
54.8  2120.6001
54.7  2007.8144
54.6  2002.4588
54.5  2012.5633
54.4  2052.2406
54.3  2211.6764
54.2  2111.4431
54.1  2070.6572
54  2039.7281
53.9  2031.4776
53.8  2078.9305
53.7  1865.6922
53.6  1892.0484
53.5  2075.7036
53.4  1952.8873
53.3  1962.6329
53.2  1994.4147
53.1  1991.5681
53  2091.4074
52.9  2018.3334
52.8  2040.1811
52.7  2003.4995
52.6  2007.9076
52.5  1913.2658
52.4  1942.5833
52.3  1806.5452
52.2  2033.9149
52.1  1801.945
52  1976.8357
51.9  1948.0413
51.8  2013.9898
51.7  2031.5481
51.6  2014.7255
51.5  2009.528
51.4  1852.5038
51.3  1844.4661
51.2  1936.8525
51.1  1935.4818
51  1852.3791
50.9  1858.0354
50.8  1908.0451
50.7  1786.0113
50.6  1892.5999
50.5  2034.01
50.4  2208.5362
50.3  2052.3172
50.2  1955.7227
50.1  2008.7368
50  1833.4776

# Region:                       Ca 2p
# Spectrum ID:                  3
# Acquisition Date:             08/12/26 18:36:12 UTC
# Analysis Method:              XPS
# Analyzer:                     PHOIBOS MCD5 Analyzer
# Analyzer Lens:                LargeArea:1.5kV
# Analyzer Slit:                5:7x20\B:open
# Scan Mode:                    FixedAnalyzerTransmission
# Curves/Scan:                  1
# Values/Curve:                 371
# Dwell Time:                   0.1
# Excitation Energy:            1253.64
# Binding Energy:               366
# Pass Energy:                  50
# Bias Voltage:                 90
# Detector Voltage:             3000
# Eff. Workfunction:            4.543
# Source:                       X-Ray Dummy
# Comment:                      
#
# Cycle: 0
# Number of Scans: 5
#
# Cycle: 0, Curve: 0
# Acquisition Date:             08/12/26 18:36:12 UTC
#
# ColumnLabels:                 energy counts/s
#
366  9530.4751
365.9  9662.2975
365.8  9583.4554
365.7  9526.3891
365.6  9478.1492
365.5  9631.4352
365.4  9502.5436
365.3  9427.9435
365.2  9509.0437
365.1  9611.8714
365  9585.4064
364.9  9587.1538
364.8  9481.0188
364.7  9398.0477
364.6  9610.6837
364.5  9358.4833
364.4  9508.6839
364.3  9574.049
364.2  9474.1816
364.1  9548.2432
364  9451.753
363.9  9510.4685
363.8  9580.1115
363.7  9439.8342
363.6  9572.7233
363.5  9623.9115
363.4  9598.6058
363.3  9342.5098
363.2  9613.3809
363.1  9623.3932
363  9535.7433
362.9  9494.757
362.8  9477.4422
362.7  9566.6353
362.6  9724.7787
362.5  9336.7571
362.4  9457.1172
362.3  9441.6743
362.2  9531.8423
362.1  9687.3661
362  9650.619
361.9  9634.9303
361.8  9588.8659
361.7  9572.2534
361.6  9556.7919
361.5  9514.6332
361.4  9626.2493
361.3  9600.1094
361.2  9635.0752
361.1  9381.8142
361  9633.6707
360.9  9661.5635
360.8  9488.3239
360.7  9659.9892
360.6  9621.5439
360.5  9761.1212
360.4  9679.6072
360.3  9660.3142
360.2  9643.1344
360.1  9601.1855
360  9740.2847
359.9  9377.6706
359.8  9642.4869
359.7  9450.5409
359.6  9604.4527
359.5  9655.7074
359.4  9549.5094
359.3  9485.4827
359.2  9586.0844
359.1  9584.2427
359  9590.1479
358.9  9552.6826
358.8  9568.6485
358.7  9533.431
358.6  9592.2282
358.5  9465.6975
358.4  9660.1283
358.3  9666.3706
358.2  9466.7796
358.1  9374.9817
358  9493.358
357.9  9767.0064
357.8  9615.0496
357.7  9596.7802
357.6  9640.2881
357.5  9552.0103
357.4  9280.6325
357.3  9586.6092
357.2  9329.7354
357.1  9522.3514
357  9464.9989
356.9  9472.2479
356.8  9522.4043
356.7  9474.2291
356.6  9691.963
356.5  9726.4043
356.4  9629.236
356.3  9174.7193
356.2  9490.513
356.1  9882.0019
356  9696.0108
355.9  9854.2923
355.8  9556.6742
355.7  9464.32
355.6  9642.1592
355.5  9885.3614
355.4  9941.9902
355.3  9789.2228
355.2  9917.7821
355.1  9940.6328
355  9665.096
354.9  9824.8083
354.8  9779.1219
354.7  9680.075
354.6  10062.207
354.5  10079.238
354.4  10002.487
354.3  10035.826
354.2  10058.139
354.1  9986.6902
354  10079.777
353.9  10121.646
353.8  10101.545
353.7  10257.544
353.6  10222.727
353.5  10325.428
353.4  10211.312
353.3  10338.881
353.2  10117.265
353.1  10261.183
353  10299.686
352.9  10496.934
352.8  10292.841
352.7  10303.443
352.6  10488.957
352.5  10401.179
352.4  10162.706
352.3  10342.42
352.2  10186.894
352.1  10169.784
352  10394.203
351.9  10284.065
351.8  10091.47
351.7  10270.539
351.6  10023.959
351.5  10135.158
351.4  10123.816
351.3  10058.591
351.2  10329.007
351.1  10248.522
351  10174.489
350.9  10279.296
350.8  10524.518
350.7  10555.764
350.6  10737.574
350.5  10919.074
350.4  10670.383
350.3  11044.891
350.2  10998.44
350.1  11077.254
350  11255.538
349.9  10969.715
349.8  10940.685
349.7  11087.998
349.6  10992.081
349.5  11017.382
349.4  11078.895
349.3  11109.52
349.2  10997.002
349.1  11039.762
349  11080.177
348.9  10956.415
348.8  10706.311
348.7  10353.669
348.6  10389.62
348.5  10517.51
348.4  10512.928
348.3  10541.042
348.2  10330.385
348.1  10298.177
348  10159.629
347.9  10107.495
347.8  10044.98
347.7  9918.0288
347.6  9954.9082
347.5  9787.7924
347.4  9911.8534
347.3  9971.5375
347.2  9429.9155
347.1  9546.2009
347  9598.9947
346.9  9592.1162
346.8  9542.3452
346.7  9535.9338
346.6  9531.3615
346.5  9359.6507
346.4  9574.6845
346.3  9535.7682
346.2  9600.176
346.1  9478.4237
346  9424.8741
345.9  9379.9518
345.8  9469.9574
345.7  9436.6065
345.6  9504.3234
345.5  9596.8721
345.4  9465.8712
345.3  9596.7141
345.2  9430.3972
345.1  9522.6588
345  9532.8445
344.9  9522.0316
344.8  9675.8923
344.7  9512.3335
344.6  9299.5882
344.5  9446.2831
344.4  9367.1193
344.3  9480.7382
344.2  9325.7975
344.1  9660.5848
344  9582.5316
343.9  9544.3299
343.8  9305.9922
343.7  9599.8369
343.6  9565.5627
343.5  9724.6716
343.4  9447.1109
343.3  9630.5533
343.2  9517.5992
343.1  9576.7384
343  9460.4373
342.9  9613.1726
342.8  9508.0788
342.7  9553.9301
342.6  9619.7102
342.5  9478.3047
342.4  9510.6654
342.3  9705.4805
342.2  9492.8564
342.1  9447.6106
342  9524.183
341.9  9468.7426
341.8  9528.274
341.7  9487.1003
341.6  9690.1995
341.5  9450.5705
341.4  9544.5612
341.3  9596.8212
341.2  9505.4578
341.1  9719.9422
341  9509.1571
340.9  9448.01
340.8  9304.6259
340.7  9540.6797
340.6  9442.5303
340.5  9596.2784
340.4  9753.977
340.3  9537.7255
340.2  9578.3702
340.1  9645.6578
340  9585.652
339.9  9592.7048
339.8  9843.3487
339.7  9593.1029
339.6  9580.5426
339.5  9749.2172
339.4  9636.4114
339.3  9658.5349
339.2  9412.8881
339.1  9813.2694
339  9546.4213
338.9  9429.4656
338.8  9556.2636
338.7  9491.0002
338.6  9652.3967
338.5  9540.4012
338.4  9374.6066
338.3  9464.5702
338.2  9423.1122
338.1  9403.278
338  9460.2931
337.9  9349.9739
337.8  9226.6458
337.7  9269.4896
337.6  9280.1682
337.5  9410.4576
337.4  9558.427
337.3  9384.6945
337.2  9489.8975
337.1  9395.542
337  9475.6729
336.9  9581.1775
336.8  9496.3706
336.7  9312.0053
336.6  9376.2661
336.5  9567.914
336.4  9459.7285
336.3  9397.9274
336.2  9349.5115
336.1  9301.9406
336  9361.5502
335.9  9477.2596
335.8  9363.073
335.7  9401.6417
335.6  9473.4636
335.5  9391.3712
335.4  9309.0343
335.3  9483.5369
335.2  9391.2229
335.1  9415.889
335  9480.1441
334.9  9463.2523
334.8  9612.8678
334.7  9612.6973
334.6  9630.0047
334.5  9577.5811
334.4  9581.3876
334.3  9443.9548
334.2  9450.864
334.1  9402.1778
334  9368.2895
333.9  9431.5708
333.8  9544.9749
333.7  9360.1771
333.6  9483.6493
333.5  9341.0819
333.4  9494.0397
333.3  9417.6432
333.2  9360.3002
333.1  9551.662
333  9490.8765
332.9  9381.0959
332.8  9391.334
332.7  9284.3062
332.6  9365.4989
332.5  9308.6296
332.4  9448.9723
332.3  9448.4798
332.2  9585.6002
332.1  9284.8143
332  9461.9917
331.9  9606.646
331.8  9288.1454
331.7  9478.056
331.6  9456.3768
331.5  9289.6965
331.4  9225.0251
331.3  9535.1454
331.2  9372.6546
331.1  9270.04
331  9314.1671
330.9  9432.6307
330.8  9440.444
330.7  9421.9641
330.6  9511.8609
330.5  9519.8851
330.4  9434.1041
330.3  9525.5077
330.2  9244.2841
330.1  9477.7249
330  9425.0777
329.9  9385.1095
329.8  9544.9538
329.7  9333.631
329.6  9459.3807
329.5  9370.8369
329.4  9500.5833
329.3  9421.5369
329.2  9504.5568
329.1  9316.2518
329  9263.0509

# Operation:                    Multi Peak Fit
# Parameter: "Peak Function" = Voigt
# Parameter: "Background Function" = Shirley
# Parameter: "Baseline" = Constant
# Parameter: "LM Parameters/Max Iterations" = 200
# Parameter: "LM Parameters/Tolerance" = 2.2204459999999999e-16
# Parameter: "Baseline/BL_I/Value" = nan counts
# Parameter: "Peak 1/C/Value" = nan eV
# Parameter: "Peak 1/A/Value" = nan counts eV
# Parameter: "Peak 1/FL/Value" = nan eV
# Parameter: "Peak 1/FG/Value" = nan eV
# Parameter: "Peak 1/a/Value" = 0
# Parameter: "Peak 1/a/Constraint" = Fixed: 0
# Parameter: "Peak 1/k/Value" = nan [1/eV]
# Parameter: "Peak 2/C/Value" = nan eV
# Parameter: "Peak 2/A/Value" = nan counts eV
# Parameter: "Peak 2/FL/Value" = nan eV
# Parameter: "Peak 2/FG/Value" = nan eV
# Parameter: "Peak 2/a/Value" = 0
# Parameter: "Peak 2/a/Constraint" = Fixed: 0
# Parameter: "Peak 2/k/Value" = nan [1/eV]
#
# Result:
# Number of Results:            5
# Parameter: "Baseline/BL_I/Value" = 4731.7848385648367 counts +- 6.290618492443202
# Parameter: "Peak 1/C/Value" = 900.58261419524763 eV +- 0.10583064000937402
# Parameter: "Peak 1/C/Constraint" = Restricted: 887.64 .. 924.64
# Parameter: "Peak 1/Relative Area/Value" = 38.355338471905213 %
# Parameter: "Peak 1/A/Value" = 1478.6419796486489 counts eV +- 318.57237942765255
# Parameter: "Peak 1/FL/Value" = 1.344906003832081 eV +- 1.1832839247220956
# Parameter: "Peak 1/FG/Value" = 2.1255691175783031 eV +- 0.89975781687455991
# Parameter: "Peak 1/F/Value" = 2.9347980235035829 eV
# Parameter: "Peak 1/a/Value" = 0 +- 0
# Parameter: "Peak 1/a/Constraint" = Fixed: 0
# Parameter: "Peak 1/k/Value" = 0.02564440337582433 [1/eV] +- 0.011377110587390511
# Parameter: "Peak 2/C/Value" = 904.10701372426843 eV +- 0.04786378137632654
# Parameter: "Peak 2/C/Constraint" = Restricted: 887.64 .. 924.64
# Parameter: "Peak 2/Relative Area/Value" = 61.64466152809478 %
# Parameter: "Peak 2/A/Value" = 2376.4719068621816 counts eV +- 258.32814350017765
# Parameter: "Peak 2/FL/Value" = 0.42756662903893866 eV +- 0.49682548738225546
# Parameter: "Peak 2/FG/Value" = 2.3911815521749418 eV +- 0.32334621496311905
# Parameter: "Peak 2/F/Value" = 2.6280241608442578 eV
# Parameter: "Peak 2/a/Value" = 0 +- 0
# Parameter: "Peak 2/a/Constraint" = Fixed: 0
# Parameter: "Peak 2/k/Value" = 0 [1/eV] +- 0
# Parameter: "Fit Result/ChiSquare" = 262.42571172259801
# Parameter: "Fit Result/Reduced ChiSquare" = 0.73099084045291929
# Parameter: "Fit Result/Abbe Factor" = 0.77053031791895243
# Parameter: "Fit Result/Q-Probability" = 0.99996322257589243
# Parameter: "Termination State" = ConvergedInChi
#
# Result Name:                  Background
# Number of Curves:             1
#
# Curve:                        0
# Values/Curve:                 283
#
366  9537.4681
365.86879  9537.4549
365.73759  9537.4415
365.60638  9537.4278
365.47518  9537.4138
365.34397  9537.3995
365.21277  9537.3849
365.08156  9537.37
364.95035  9537.3547
364.81915  9537.3391
364.68794  9537.3231
364.55674  9537.3067
364.42553  9537.29
364.29433  9537.2728
364.16312  9537.2553
364.03191  9537.2373
363.90071  9537.2189
363.7695  9537.2
363.6383  9537.1806
363.50709  9537.1607
363.37589  9537.1403
363.24468  9537.1194
363.11348  9537.0979
362.98227  9537.0758
362.85106  9537.0532
362.71986  9537.0298
362.58865  9537.0059
362.45745  9536.9812
362.32624  9536.9558
362.19504  9536.9297
362.06383  9536.9027
361.93262  9536.875
361.80142  9536.8464
361.67021  9536.8169
361.53901  9536.7864
361.4078  9536.7549
361.2766  9536.7224
361.14539  9536.6888
361.01418  9536.6541
360.88298  9536.6181
360.75177  9536.5808
360.62057  9536.5422
360.48936  9536.5022
360.35816  9536.4606
360.22695  9536.4175
360.09574  9536.3726
359.96454  9536.326
359.83333  9536.2774
359.70213  9536.2268
359.57092  9536.1741
359.43972  9536.119
359.30851  9536.0614
359.1773  9536.0013
359.0461  9535.9382
358.91489  9535.8721
358.78369  9535.8028
358.65248  9535.7299
358.52128  9535.6532
358.39007  9535.5723
358.25887  9535.487
358.12766  9535.3967
357.99645  9535.3011
357.86525  9535.1996
357.73404  9535.0917
357.60284  9534.9767
357.47163  9534.8537
357.34043  9534.7221
357.20922  9534.5806
357.07801  9534.4281
356.94681  9534.2632
356.8156  9534.0843
356.6844  9533.8893
356.55319  9533.676
356.42199  9533.4414
356.29078  9533.1824
356.15957  9532.8949
356.02837  9532.5742
355.89716  9532.2149
355.76596  9531.8105
355.63475  9531.3534
355.50355  9530.8352
355.37234  9530.2463
355.24113  9529.5759
355.10993  9528.8126
354.97872  9527.9442
354.84752  9526.9585
354.71631  9525.8433
354.58511  9524.5873
354.4539  9523.1811
354.3227  9521.6171
354.19149  9519.8912
354.06028  9518.0031
353.92908  9515.9568
353.79787  9513.7613
353.66667  9511.4305
353.53546  9508.9834
353.40426  9506.4433
353.27305  9503.8375
353.14184  9501.1956
353.01064  9498.5493
352.87943  9495.9299
352.74823  9493.368
352.61702  9490.8916
352.48582  9488.5253
352.35461  9486.2892
352.2234  9484.1989
352.0922  9482.2647
351.96099  9480.492
351.82979  9478.8818
351.69858  9477.4308
351.56738  9476.1326
351.43617  9474.978
351.30496  9473.9563
351.17376  9473.0555
351.04255  9472.2632
350.91135  9471.5673
350.78014  9470.9561
350.64894  9470.4186
350.51773  9469.9449
350.38652  9469.5262
350.25532  9469.1546
350.12411  9468.8234
349.99291  9468.5269
349.8617  9468.2601
349.7305  9468.0189
349.59929  9467.7998
349.46809  9467.5997
349.33688  9467.4164
349.20567  9467.2477
349.07447  9467.0918
348.94326  9466.9473
348.81206  9466.8129
348.68085  9466.6876
348.54965  9466.5704
348.41844  9466.4605
348.28723  9466.3572
348.15603  9466.26
348.02482  9466.1682
347.89362  9466.0815
347.76241  9465.9994
347.63121  9465.9215
347.5  9465.8475
347.36879  9465.7772
347.23759  9465.7102
347.10638  9465.6463
346.97518  9465.5853
346.84397  9465.527
346.71277  9465.4713
346.58156  9465.4179
346.45035  9465.3667
346.31915  9465.3175
346.18794  9465.2703
346.05674  9465.225
345.92553  9465.1814
345.79433  9465.1394
345.66312  9465.0989
345.53191  9465.0599
345.40071  9465.0222
345.2695  9464.9859
345.1383  9464.9508
345.00709  9464.9169
344.87589  9464.8841
344.74468  9464.8523
344.61348  9464.8216
344.48227  9464.7918
344.35106  9464.7629
344.21986  9464.7349
344.08865  9464.7077
343.95745  9464.6814
343.82624  9464.6558
343.69504  9464.6309
343.56383  9464.6067
343.43262  9464.5832
343.30142  9464.5604
343.17021  9464.5381
343.03901  9464.5165
342.9078  9464.4954
342.7766  9464.4748
342.64539  9464.4548
342.51418  9464.4353
342.38298  9464.4163
342.25177  9464.3977
342.12057  9464.3796
341.98936  9464.3619
341.85816  9464.3447
341.72695  9464.3278
341.59574  9464.3113
341.46454  9464.2952
341.33333  9464.2795
341.20213  9464.2641
341.07092  9464.2491
340.93972  9464.2344
340.80851  9464.22
340.6773  9464.2059
340.5461  9464.1922
340.41489  9464.1787
340.28369  9464.1654
340.15248  9464.1525
340.02128  9464.1398
339.89007  9464.1274
339.75887  9464.1152
339.62766  9464.1033
339.49645  9464.0916
339.36525  9464.0801
339.23404  9464.0688
339.10284  9464.0578
338.97163  9464.0469
338.84043  9464.0363
338.70922  9464.0258
338.57801  9464.0156
338.44681  9464.0055
338.3156  9463.9956
338.1844  9463.9859
338.05319  9463.9763
337.92199  9463.967
337.79078  9463.9577
337.65957  9463.9487
337.52837  9463.9398
337.39716  9463.931
337.26596  9463.9224
337.13475  9463.9139
337.00355  9463.9056
336.87234  9463.8974
336.74113  9463.8894
336.60993  9463.8814
336.47872  9463.8736
336.34752  9463.8659
336.21631  9463.8584
336.08511  9463.8509
335.9539  9463.8436
335.8227  9463.8364
335.69149  9463.8293
335.56028  9463.8223
335.42908  9463.8154
335.29787  9463.8086
335.16667  9463.8019
335.03546  9463.7953
334.90426  9463.7888
334.77305  9463.7824
334.64184  9463.776
334.51064  9463.7698
334.37943  9463.7637
334.24823  9463.7576
334.11702  9463.7517
333.98582  9463.7458
333.85461  9463.74
333.7234  9463.7342
333.5922  9463.7286
333.46099  9463.723
333.32979  9463.7175
333.19858  9463.7121
333.06738  9463.7067
332.93617  9463.7014
332.80496  9463.6962
332.67376  9463.6911
332.54255  9463.686
332.41135  9463.681
332.28014  9463.676
332.14894  9463.6711
332.01773  9463.6663
331.88652  9463.6615
331.75532  9463.6568
331.62411  9463.6521
331.49291  9463.6475
331.3617  9463.643
331.2305  9463.6385
331.09929  9463.6341
330.96809  9463.6297
330.83688  9463.6253
330.70567  9463.6211
330.57447  9463.6168
330.44326  9463.6127
330.31206  9463.6085
330.18085  9463.6044
330.04965  9463.6004
329.91844  9463.5964
329.78723  9463.5925
329.65603  9463.5886
329.52482  9463.5847
329.39362  9463.5809
329.26241  9463.5771
329.13121  9463.5734
329  9463.5697

# Result Name:                  Combined
# Number of Curves:             1
#
# Curve:                        0
# Values/Curve:                 283
#
366  9542.4992
365.86879  9542.5855
365.73759  9542.6745
365.60638  9542.7663
365.47518  9542.8612
365.34397  9542.9592
365.21277  9543.0604
365.08156  9543.1649
364.95035  9543.2731
364.81915  9543.3849
364.68794  9543.5006
364.55674  9543.6204
364.42553  9543.7443
364.29433  9543.8728
364.16312  9544.0059
364.03191  9544.1438
363.90071  9544.2869
363.7695  9544.4354
363.6383  9544.5895
363.50709  9544.7495
363.37589  9544.9158
363.24468  9545.0887
363.11348  9545.2685
362.98227  9545.4556
362.85106  9545.6504
362.71986  9545.8533
362.58865  9546.0649
362.45745  9546.2855
362.32624  9546.5157
362.19504  9546.7561
362.06383  9547.0073
361.93262  9547.27
361.80142  9547.5448
361.67021  9547.8326
361.53901  9548.1341
361.4078  9548.4503
361.2766  9548.7822
361.14539  9549.1307
361.01418  9549.4971
360.88298  9549.8826
360.75177  9550.2886
360.62057  9550.7166
360.48936  9551.1682
360.35816  9551.6452
360.22695  9552.1495
360.09574  9552.6835
359.96454  9553.2494
359.83333  9553.85
359.70213  9554.4882
359.57092  9555.1672
359.43972  9555.8907
359.30851  9556.6628
359.1773  9557.4881
359.0461  9558.3718
358.91489  9559.3196
358.78369  9560.3381
358.65248  9561.4348
358.52128  9562.6184
358.39007  9563.8984
358.25887  9565.2863
358.12766  9566.7952
357.99645  9568.4401
357.86525  9570.2389
357.73404  9572.2126
357.60284  9574.3859
357.47163  9576.7881
357.34043  9579.4547
357.20922  9582.4279
357.07801  9585.7588
356.94681  9589.5092
356.8156  9593.754
356.6844  9598.5838
356.55319  9604.1079
356.42199  9610.4579
356.29078  9617.7904
356.15957  9626.2902
356.02837  9636.1723
355.89716  9647.6821
355.76596  9661.0943
355.63475  9676.7072
355.50355  9694.8342
355.37234  9715.7889
355.24113  9739.8662
355.10993  9767.3159
354.97872  9798.3132
354.84752  9832.9235
354.71631  9871.0673
354.58511  9912.4871
354.4539  9956.7197
354.3227  10003.08
354.19149  10050.659
354.06028  10098.343
353.92908  10144.848
353.79787  10188.784
353.66667  10228.728
353.53546  10263.318
353.40426  10291.354
353.27305  10311.892
353.14184  10324.335
353.01064  10328.504
352.87943  10324.678
352.74823  10313.615
352.61702  10296.532
352.48582  10275.063
352.35461  10251.183
352.2234  10227.121
352.0922  10205.25
351.96099  10187.972
351.82979  10177.598
351.69858  10176.23
351.56738  10185.648
351.43617  10207.201
351.30496  10241.706
351.17376  10289.371
351.04255  10349.729
350.91135  10421.596
350.78014  10503.071
350.64894  10591.573
350.51773  10683.917
350.38652  10776.447
350.25532  10865.207
350.12411  10946.152
349.99291  11015.382
349.8617  11069.381
349.7305  11105.246
349.59929  11120.874
349.46809  11115.106
349.33688  11087.794
349.20567  11039.799
349.07447  10972.918
348.94326  10889.734
348.81206  10793.428
348.68085  10687.551
348.54965  10575.786
348.41844  10461.725
348.28723  10348.671
348.15603  10239.486
348.02482  10136.486
347.89362  10041.396
347.76241  9955.3427
347.63121  9878.8992
347.5  9812.1537
347.36879  9754.8001
347.23759  9706.2358
347.10638  9665.6588
346.97518  9632.155
346.84397  9604.7721
346.71277  9582.5778
346.58156  9564.7009
346.45035  9550.3575
346.31915  9538.8645
346.18794  9529.6425
346.05674  9522.2115
345.92553  9516.1823
345.79433  9511.2448
345.66312  9507.1559
345.53191  9503.7271
345.40071  9500.8143
345.2695  9498.3075
345.1383  9496.1233
345.00709  9494.1987
344.87589  9492.4858
344.74468  9490.9478
344.61348  9489.5565
344.48227  9488.2897
344.35106  9487.13
344.21986  9486.0634
344.08865  9485.0784
343.95745  9484.1655
343.82624  9483.3169
343.69504  9482.5258
343.56383  9481.7866
343.43262  9481.0942
343.30142  9480.4444
343.17021  9479.8334
343.03901  9479.2578
342.9078  9478.7148
342.7766  9478.2017
342.64539  9477.7161
342.51418  9477.256
342.38298  9476.8194
342.25177  9476.4047
342.12057  9476.0103
341.98936  9475.6349
341.85816  9475.277
341.72695  9474.9357
341.59574  9474.6097
341.46454  9474.2982
341.33333  9474.0002
341.20213  9473.715
341.07092  9473.4417
340.93972  9473.1796
340.80851  9472.9282
340.6773  9472.6868
340.5461  9472.4549
340.41489  9472.2319
340.28369  9472.0173
340.15248  9471.8108
340.02128  9471.6119
339.89007  9471.4202
339.75887  9471.2354
339.62766  9471.057
339.49645  9470.8849
339.36525  9470.7187
339.23404  9470.558
339.10284  9470.4028
338.97163  9470.2526
338.84043  9470.1073
338.70922  9469.9667
338.57801  9469.8306
338.44681  9469.6986
338.3156  9469.5708
338.1844  9469.4469
338.05319  9469.3267
337.92199  9469.2101
337.79078  9469.0969
337.65957  9468.987
337.52837  9468.8803
337.39716  9468.7766
337.26596  9468.6758
337.13475  9468.5778
337.00355  9468.4826
336.87234  9468.3899
336.74113  9468.2997
336.60993  9468.212
336.47872  9468.1265
336.34752  9468.0433
336.21631  9467.9622
336.08511  9467.8833
335.9539  9467.8063
335.8227  9467.7312
335.69149  9467.6581
335.56028  9467.5867
335.42908  9467.5171
335.29787  9467.4491
335.16667  9467.3828
335.03546  9467.318
334.90426  9467.2548
334.77305  9467.1931
334.64184  9467.1328
334.51064  9467.0738
334.37943  9467.0162
334.24823  9466.9599
334.11702  9466.9049
333.98582  9466.851
333.85461  9466.7984
333.7234  9466.7469
333.5922  9466.6965
333.46099  9466.6472
333.32979  9466.5989
333.19858  9466.5517
333.06738  9466.5054
332.93617  9466.4601
332.80496  9466.4157
332.67376  9466.3723
332.54255  9466.3297
332.41135  9466.288
332.28014  9466.2471
332.14894  9466.207
332.01773  9466.1677
331.88652  9466.1291
331.75532  9466.0913
331.62411  9466.0543
331.49291  9466.0179
331.3617  9465.9822
331.2305  9465.9472
331.09929  9465.9129
330.96809  9465.8792
330.83688  9465.8461
330.70567  9465.8136
330.57447  9465.7817
330.44326  9465.7504
330.31206  9465.7196
330.18085  9465.6894
330.04965  9465.6597
329.91844  9465.6305
329.78723  9465.6019
329.65603  9465.5737
329.52482  9465.546
329.39362  9465.5188
329.26241  9465.4921
329.13121  9465.4658
329  9465.44

# Result Name:                  Peak 1
# Number of Curves:             1
#
# Curve:                        0
# Values/Curve:                 283
#
366  9541.2928
365.86879  9541.3593
365.73759  9541.4282
365.60638  9541.4994
365.47518  9541.573
365.34397  9541.6492
365.21277  9541.7282
365.08156  9541.8099
364.95035  9541.8945
364.81915  9541.9823
364.68794  9542.0733
364.55674  9542.1676
364.42553  9542.2655
364.29433  9542.3672
364.16312  9542.4727
364.03191  9542.5824
363.90071  9542.6964
363.7695  9542.8149
363.6383  9542.9383
363.50709  9543.0667
363.37589  9543.2004
363.24468  9543.3397
363.11348  9543.485
362.98227  9543.6365
362.85106  9543.7946
362.71986  9543.9598
362.58865  9544.1323
362.45745  9544.3128
362.32624  9544.5015
362.19504  9544.6992
362.06383  9544.9062
361.93262  9545.1232
361.80142  9545.3509
361.67021  9545.5899
361.53901  9545.8411
361.4078  9546.1052
361.2766  9546.3831
361.14539  9546.6758
361.01418  9546.9844
360.88298  9547.31
360.75177  9547.6539
360.62057  9548.0175
360.48936  9548.4023
360.35816  9548.81
360.22695  9549.2424
360.09574  9549.7016
359.96454  9550.1898
359.83333  9550.7095
359.70213  9551.2635
359.57092  9551.8549
359.43972  9552.4871
359.30851  9553.1641
359.1773  9553.8902
359.0461  9554.6702
358.91489  9555.5098
358.78369  9556.4152
358.65248  9557.3937
358.52128  9558.4535
358.39007  9559.6039
358.25887  9560.8559
358.12766  9562.2222
357.99645  9563.7175
357.86525  9565.359
357.73404  9567.1673
357.60284  9569.1664
357.47163  9571.3852
357.34043  9573.8582
357.20922  9576.6271
357.07801  9579.7419
356.94681  9583.2637
356.8156  9587.2662
356.6844  9591.8389
356.55319  9597.09
356.42199  9603.1495
356.29078  9610.1725
356.15957  9618.342
356.02837  9627.871
355.89716  9639.0029
355.76596  9652.0096
355.63475  9667.1867
355.50355  9684.8441
355.37234  9705.2918
355.24113  9728.8202
355.10993  9755.6741
354.97872  9786.0225
354.84752  9819.9236
354.71631  9857.2894
354.58511  9897.8515
354.4539  9941.1337
354.3227  9986.4343
354.19149  10032.824
354.06028  10079.16
353.92908  10124.126
353.79787  10166.283
353.66667  10204.147
353.53546  10236.275
353.40426  10261.358
353.27305  10278.312
353.14184  10286.353
353.01064  10285.062
352.87943  10274.411
352.74823  10254.773
352.61702  10226.888
352.48582  10191.816
352.35461  10150.855
352.2234  10105.453
352.0922  10057.12
351.96099  10007.329
351.82979  9957.4464
351.69858  9908.6667
351.56738  9861.9732
351.43617  9818.118
351.30496  9777.6211
351.17376  9740.7853
351.04255  9707.7229
350.91135  9678.3896
350.78014  9652.6206
350.64894  9630.1669
350.51773  9610.7277
350.38652  9593.9773
350.25532  9579.5876
350.12411  9567.2432
349.99291  9556.6521
349.8617  9547.5516
349.7305  9539.7111
349.59929  9532.9314
349.46809  9527.0432
349.33688  9521.9041
349.20567  9517.3955
349.07447  9513.4192
348.94326  9509.8938
348.81206  9506.7522
348.68085  9503.939
348.54965  9501.4084
348.41844  9499.1222
348.28723  9497.0486
348.15603  9495.1609
348.02482  9493.4364
347.89362  9491.8562
347.76241  9490.4039
347.63121  9489.0655
347.5  9487.8289
347.36879  9486.6836
347.23759  9485.6206
347.10638  9484.6319
346.97518  9483.7105
346.84397  9482.8502
346.71277  9482.0455
346.58156  9481.2916
346.45035  9480.5843
346.31915  9479.9195
346.18794  9479.2939
346.05674  9478.7044
345.92553  9478.1481
345.79433  9477.6226
345.66312  9477.1256
345.53191  9476.6549
345.40071  9476.2087
345.2695  9475.7853
345.1383  9475.3832
345.00709  9475.0008
344.87589  9474.6369
344.74468  9474.2902
344.61348  9473.9597
344.48227  9473.6444
344.35106  9473.3433
344.21986  9473.0556
344.08865  9472.7804
343.95745  9472.517
343.82624  9472.2648
343.69504  9472.0231
343.56383  9471.7913
343.43262  9471.5688
343.30142  9471.3552
343.17021  9471.15
343.03901  9470.9527
342.9078  9470.7629
342.7766  9470.5803
342.64539  9470.4044
342.51418  9470.235
342.38298  9470.0717
342.25177  9469.9142
342.12057  9469.7623
341.98936  9469.6156
341.85816  9469.4739
341.72695  9469.3371
341.59574  9469.2048
341.46454  9469.0769
341.33333  9468.9531
341.20213  9468.8334
341.07092  9468.7174
340.93972  9468.6051
340.80851  9468.4963
340.6773  9468.3909
340.5461  9468.2886
340.41489  9468.1895
340.28369  9468.0932
340.15248  9467.9999
340.02128  9467.9092
339.89007  9467.8211
339.75887  9467.7356
339.62766  9467.6525
339.49645  9467.5716
339.36525  9467.4931
339.23404  9467.4166
339.10284  9467.3423
338.97163  9467.2699
338.84043  9467.1994
338.70922  9467.1308
338.57801  9467.064
338.44681  9466.9989
338.3156  9466.9355
338.1844  9466.8736
338.05319  9466.8134
337.92199  9466.7546
337.79078  9466.6972
337.65957  9466.6413
337.52837  9466.5867
337.39716  9466.5334
337.26596  9466.4814
337.13475  9466.4306
337.00355  9466.3809
336.87234  9466.3325
336.74113  9466.2851
336.60993  9466.2388
336.47872  9466.1936
336.34752  9466.1493
336.21631  9466.1061
336.08511  9466.0638
335.9539  9466.0224
335.8227  9465.9819
335.69149  9465.9423
335.56028  9465.9035
335.42908  9465.8655
335.29787  9465.8284
335.16667  9465.792
335.03546  9465.7563
334.90426  9465.7214
334.77305  9465.6872
334.64184  9465.6537
334.51064  9465.6208
334.37943  9465.5886
334.24823  9465.557
334.11702  9465.5261
333.98582  9465.4957
333.85461  9465.4659
333.7234  9465.4367
333.5922  9465.4081
333.46099  9465.38
333.32979  9465.3524
333.19858  9465.3253
333.06738  9465.2988
332.93617  9465.2727
332.80496  9465.2471
332.67376  9465.2219
332.54255  9465.1972
332.41135  9465.173
332.28014  9465.1491
332.14894  9465.1257
332.01773  9465.1027
331.88652  9465.0801
331.75532  9465.0579
331.62411  9465.0361
331.49291  9465.0146
331.3617  9464.9935
331.2305  9464.9728
331.09929  9464.9524
330.96809  9464.9323
330.83688  9464.9126
330.70567  9464.8932
330.57447  9464.8741
330.44326  9464.8553
330.31206  9464.8368
330.18085  9464.8186
330.04965  9464.8007
329.91844  9464.7831
329.78723  9464.7658
329.65603  9464.7487
329.52482  9464.7319
329.39362  9464.7153
329.26241  9464.699
329.13121  9464.683
329  9464.6672

# Result Name:                  Peak 2
# Number of Curves:             1
#
# Curve:                        0
# Values/Curve:                 283
#
366  9538.6745
365.86879  9538.681
365.73759  9538.6878
365.60638  9538.6948
365.47518  9538.702
365.34397  9538.7094
365.21277  9538.7171
365.08156  9538.725
364.95035  9538.7332
364.81915  9538.7417
364.68794  9538.7504
364.55674  9538.7595
364.42553  9538.7688
364.29433  9538.7784
364.16312  9538.7884
364.03191  9538.7987
363.90071  9538.8094
363.7695  9538.8204
363.6383  9538.8318
363.50709  9538.8436
363.37589  9538.8558
363.24468  9538.8684
363.11348  9538.8814
362.98227  9538.8949
362.85106  9538.9089
362.71986  9538.9234
362.58865  9538.9384
362.45745  9538.9539
362.32624  9538.97
362.19504  9538.9866
362.06383  9539.0039
361.93262  9539.0218
361.80142  9539.0403
361.67021  9539.0595
361.53901  9539.0794
361.4078  9539.1001
361.2766  9539.1215
361.14539  9539.1437
361.01418  9539.1667
360.88298  9539.1907
360.75177  9539.2155
360.62057  9539.2413
360.48936  9539.268
360.35816  9539.2958
360.22695  9539.3246
360.09574  9539.3546
359.96454  9539.3857
359.83333  9539.418
359.70213  9539.4515
359.57092  9539.4864
359.43972  9539.5226
359.30851  9539.5602
359.1773  9539.5993
359.0461  9539.6398
358.91489  9539.6819
358.78369  9539.7257
358.65248  9539.771
358.52128  9539.8181
358.39007  9539.8669
358.25887  9539.9174
358.12766  9539.9697
357.99645  9540.0237
357.86525  9540.0795
357.73404  9540.137
357.60284  9540.1961
357.47163  9540.2567
357.34043  9540.3185
357.20922  9540.3814
357.07801  9540.445
356.94681  9540.5088
356.8156  9540.5721
356.6844  9540.6342
356.55319  9540.6939
356.42199  9540.7499
356.29078  9540.8003
356.15957  9540.8431
356.02837  9540.8755
355.89716  9540.8941
355.76596  9540.8952
355.63475  9540.874
355.50355  9540.8254
355.37234  9540.7434
355.24113  9540.6218
355.10993  9540.4544
354.97872  9540.2349
354.84752  9539.9583
354.71631  9539.6212
354.58511  9539.223
354.4539  9538.7671
354.3227  9538.2627
354.19149  9537.7267
354.06028  9537.1857
353.92908  9536.6793
353.79787  9536.2629
353.66667  9536.0119
353.53546  9536.0269
353.40426  9536.4389
353.27305  9537.4172
353.14184  9539.1774
353.01064  9541.9912
352.87943  9546.1968
352.74823  9552.2103
352.61702  9560.5354
352.48582  9571.7716
352.35461  9586.6173
352.2234  9605.8665
352.0922  9630.3951
351.96099  9661.135
351.82979  9699.0332
351.69858  9744.9944
351.56738  9799.8079
351.43617  9864.0606
351.30496  9938.041
351.17376  10021.642
351.04255  10114.269
350.91135  10214.773
350.78014  10321.407
350.64894  10431.825
350.51773  10543.134
350.38652  10651.996
350.25532  10754.774
350.12411  10847.732
349.99291  10927.257
349.8617  10990.09
349.7305  11033.554
349.59929  11055.743
349.46809  11055.663
349.33688  11033.306
349.20567  10989.652
349.07447  10926.59
348.94326  10846.787
348.81206  10753.489
348.68085  10650.299
348.54965  10540.948
348.41844  10429.063
348.28723  10317.98
348.15603  10210.585
348.02482  10109.218
347.89362  10015.621
347.76241  9930.9382
347.63121  9855.7553
347.5  9790.1724
347.36879  9733.8936
347.23759  9686.3254
347.10638  9646.6732
346.97518  9614.0298
346.84397  9587.449
346.71277  9566.0036
346.58156  9548.8271
346.45035  9535.1399
346.31915  9524.2626
346.18794  9515.6189
346.05674  9508.7321
345.92553  9503.2155
345.79433  9498.7615
345.66312  9495.1292
345.53191  9492.1321
345.40071  9489.6278
345.2695  9487.508
345.1383  9485.691
345.00709  9484.1149
344.87589  9482.733
344.74468  9481.5099
344.61348  9480.4183
344.48227  9479.437
344.35106  9478.5496
344.21986  9477.7427
344.08865  9477.0057
343.95745  9476.3298
343.82624  9475.7078
343.69504  9475.1336
343.56383  9474.6021
343.43262  9474.1086
343.30142  9473.6496
343.17021  9473.2215
343.03901  9472.8216
342.9078  9472.4472
342.7766  9472.0962
342.64539  9471.7665
342.51418  9471.4562
342.38298  9471.164
342.25177  9470.8882
342.12057  9470.6277
341.98936  9470.3812
341.85816  9470.1478
341.72695  9469.9264
341.59574  9469.7163
341.46454  9469.5166
341.33333  9469.3266
341.20213  9469.1458
341.07092  9468.9734
340.93972  9468.8089
340.80851  9468.6519
340.6773  9468.5019
340.5461  9468.3584
340.41489  9468.2211
340.28369  9468.0895
340.15248  9467.9635
340.02128  9467.8425
339.89007  9467.7265
339.75887  9467.615
339.62766  9467.5079
339.49645  9467.4048
339.36525  9467.3057
339.23404  9467.2102
339.10284  9467.1183
338.97163  9467.0297
338.84043  9466.9442
338.70922  9466.8617
338.57801  9466.7821
338.44681  9466.7052
338.3156  9466.6309
338.1844  9466.5591
338.05319  9466.4897
337.92199  9466.4224
337.79078  9466.3574
337.65957  9466.2944
337.52837  9466.2333
337.39716  9466.1742
337.26596  9466.1168
337.13475  9466.0612
337.00355  9466.0072
336.87234  9465.9548
336.74113  9465.904
336.60993  9465.8546
336.47872  9465.8066
336.34752  9465.7599
336.21631  9465.7145
336.08511  9465.6704
335.9539  9465.6275
335.8227  9465.5857
335.69149  9465.5451
335.56028  9465.5055
335.42908  9465.4669
335.29787  9465.4293
335.16667  9465.3927
335.03546  9465.357
334.90426  9465.3222
334.77305  9465.2883
334.64184  9465.2552
334.51064  9465.2228
334.37943  9465.1913
334.24823  9465.1605
334.11702  9465.1305
333.98582  9465.1011
333.85461  9465.0724
333.7234  9465.0444
333.5922  9465.017
333.46099  9464.9902
333.32979  9464.964
333.19858  9464.9384
333.06738  9464.9134
332.93617  9464.8889
332.80496  9464.8649
332.67376  9464.8414
332.54255  9464.8184
332.41135  9464.7959
332.28014  9464.7739
332.14894  9464.7523
332.01773  9464.7312
331.88652  9464.7105
331.75532  9464.6902
331.62411  9464.6703
331.49291  9464.6508
331.3617  9464.6317
331.2305  9464.6129
331.09929  9464.5946
330.96809  9464.5765
330.83688  9464.5588
330.70567  9464.5415
330.57447  9464.5244
330.44326  9464.5077
330.31206  9464.4913
330.18085  9464.4752
330.04965  9464.4594
329.91844  9464.4438
329.78723  9464.4286
329.65603  9464.4136
329.52482  9464.3989
329.39362  9464.3844
329.26241  9464.3702
329.13121  9464.3562
329  9464.3424

# Result Name:                  Residuum
# Number of Curves:             1
#
# Curve:                        0
# Values/Curve:                 371
#
366  -12.025168
365.9  119.73165
365.8  40.822427
365.7  -16.312521
365.6  -64.62288
365.5  88.590926
365.4  -40.374599
365.3  -115.05046
365.2  -34.027964
365.1  68.72005
365  42.173249
364.9  43.836855
364.8  -62.384197
364.7  -145.44355
364.6  67.10181
364.5  -185.19165
364.4  -35.086621
364.3  30.180229
364.2  -69.788031
364.1  4.169912
364  -92.426827
363.9  -33.820987
363.8  35.709317
363.7  -104.68392
363.6  28.085818
363.5  79.151196
363.4  53.719025
363.3  -202.50723
363.2  68.229686
363.1  78.103686
363  -9.6887804
362.9  -50.82204
362.8  -68.28853
362.7  20.748114
362.6  178.73004
362.5  -209.45827
362.4  -89.270459
362.3  -104.89127
362.2  -14.907178
362.1  140.42641
362  103.48257
361.9  87.590219
361.8  41.315059
361.7  24.484218
361.6  8.7965915
361.5  -33.596608
361.4  77.776376
361.3  51.384187
361.2  86.088108
361.1  -167.44483
361  84.129154
360.9  111.72817
360.8  -61.816991
360.7  109.53031
360.6  70.753938
360.5  209.98621
360.4  128.11258
360.3  108.44433
360.2  90.87284
360.1  48.514856
360  187.1864
359.9  -175.87502
359.8  88.473016
359.7  -103.96364
359.6  49.433892
359.5  100.14881
359.4  -6.6159898
359.3  -71.238562
359.2  28.736239
359.1  26.234279
359  31.443453
358.9  -6.7564931
358.8  8.4332392
358.7  -27.60526
358.6  30.322351
358.5  -97.130456
358.4  96.321123
358.3  101.52202
358.2  -99.178027
358.1  -192.15896
358  -75.046857
357.9  197.24838
357.8  43.840269
357.7  24.011132
357.6  65.839366
357.5  -24.251642
357.4  -297.59124
357.3  6.2573895
357.2  -252.93101
357.1  -62.839732
357  -122.9538
356.9  -118.73487
356.8  -71.912993
356.7  -123.76934
356.6  89.888486
356.5  119.80321
356.4  17.593854
356.3  -442.55117
356.2  -133.05532
356.1  251.37343
356  57.456923
355.9  206.83454
355.8  -100.78893
355.7  -204.38104
355.6  -39.149297
355.5  189.9357
355.4  230.79874
355.3  60.484753
355.2  169.59729
355.1  171.00209
355  -128.04983
354.9  6.0459177
354.8  -67.343758
354.7  -196.10991
354.6  154.42121
354.5  138.17639
354.4  26.752621
354.3  24.380128
354.2  10.373265
354.1  -97.505478
354  -40.399762
353.9  -33.463573
353.8  -86.820629
353.7  38.231053
353.6  -24.614774
353.5  53.543706
353.4  -81.135183
353.3  30.251285
353.2  -202.8893
353.1  -65.691191
353  -29.111916
352.9  170.84293
352.8  -26.24055
352.7  -4.8127575
352.6  194.71224
352.5  123.3636
352.4  -97.141909
352.3  101.11082
352.2  -36.335812
352.1  -36.887038
352  201.50387
351.9  101.71279
351.8  -85.138397
351.7  94.1822
351.6  -158.41124
351.5  -60.117413
351.4  -91.71073
351.3  -184.79608
351.2  50.104342
351.1  -73.372506
351  -197.45107
350.9  -149.07704
350.8  34.229549
350.7  -0.78541173
350.6  111.76326
350.5  222.52545
350.4  -96.714402
350.3  209.19094
350.2  97.880964
350.1  117.35236
350  243.50452
349.9  -85.694307
349.8  -147.99885
349.7  -22.770748
349.6  -128.79062
349.5  -101.14503
349.4  -24.717437
349.3  33.167951
349.2  -40.298755
349.1  52.443644
349  152.64762
348.9  97.138321
348.8  -77.746673
348.7  -349.80356
348.6  -229.53633
348.5  -15.214608
348.4  67.211144
348.3  181.4877
348.2  54.882762
348.1  103.53483
348  41.77209
347.9  61.66608
347.8  65.942081
347.7  0.25357953
347.6  92.748275
347.5  -24.369587
347.4  144.22772
347.3  243.24211
347.2  -263.92517
347.1  -117.67905
347  -39.007217
346.9  -23.667663
346.8  -54.461843
346.7  -44.73442
346.6  -35.627288
346.5  -195.76988
346.4  29.035458
346.3  -1.6267193
346.2  69.762256
346.1  -46.070685
346  -94.582818
345.9  -135.19717
345.8  -41.486333
345.7  -71.629173
345.6  -1.1145763
345.5  93.892146
345.4  -34.932529
345.3  97.851555
345.2  -66.721273
345.1  27.118002
345  38.739825
344.9  29.24167
344.8  184.31204
344.7  21.871518
344.6  -189.83592
344.5  -42.174267
344.4  -120.43472
344.3  -5.9692262
344.2  -160.11469
344.1  175.42144
344  98.074721
343.9  60.540861
343.8  -177.16463
343.7  117.27962
343.6  83.574769
343.5  243.22506
343.4  -33.820246
343.3  150.11343
343.2  37.628081
343.1  97.21511
343  -18.657904
342.9  134.4871
342.8  29.785641
342.7  76.013169
342.6  142.15414
342.5  1.0951831
342.4  33.78879
342.3  228.92405
342.2  16.607916
342.1  -28.341374
342  48.516692
341.9  -6.6483043
341.8  53.148662
341.7  12.23129
341.6  215.57791
341.5  -23.811996
341.4  70.409778
341.3  122.89322
341.2  31.745943
341.1  246.43964
341  35.857068
340.9  -25.093778
340.8  -168.28759
340.7  67.9506
340.6  -30.019928
340.5  123.90167
340.4  281.76875
340.3  65.680771
340.2  106.48438
340.1  173.92631
340  114.0706
339.9  121.26931
339.8  372.05508
339.7  121.94729
339.6  109.52139
339.5  278.32677
339.4  165.6483
339.3  187.89585
339.2  -57.630006
339.1  342.8691
339  76.135798
338.9  -40.707955
338.8  86.199261
338.7  21.042368
338.6  182.54288
338.5  70.648853
338.4  -95.046769
338.3  -4.9864315
338.2  -46.349918
338.1  -66.091847
338  -8.986587
337.9  -119.21761
337.8  -242.45962
337.7  -199.53158
337.6  -188.7706
337.5  -58.400616
337.4  89.647633
337.3  -84.007785
337.2  21.270721
337.1  -73.010912
337  7.1923632
336.9  112.76771
336.8  28.030208
336.7  -156.26722
336.6  -91.939836
336.5  99.773344
336.4  -8.348342
336.3  -70.086777
336.2  -118.4413
336.1  -165.95197
336  -106.28336
335.9  9.483993
335.8  -104.6459
335.7  -66.021466
335.6  5.8551302
335.5  -76.183706
335.4  -158.46798
335.3  16.086336
335.2  -76.176955
335.1  -51.461018
335  12.842929
334.9  -4.0007906
334.8  145.66178
334.7  145.5377
334.6  162.8906
334.5  110.51172
334.4  114.36217
334.3  -23.027464
334.2  -16.075785
334.1  -64.720267
334  -98.567614
333.9  -35.245969
333.8  78.197873
333.7  -106.56096
333.6  16.949621
333.5  -125.58003
333.4  27.414848
333.3  -48.94515
333.2  -106.25221
333.1  85.144996
333  24.394247
332.9  -85.352031
332.8  -75.080216
332.7  -182.07486
332.6  -100.84951
332.5  -157.6866
332.4  -17.312278
332.3  -17.77356
332.2  119.37757
332.1  -181.37806
332  -4.1708387
331.9  140.51285
331.8  -177.95889
331.7  11.980221
331.6  -9.6708483
331.5  -176.32349
331.4  -240.96755
331.3  69.179587
331.2  -93.284708
331.1  -195.87318
331  -151.72029
330.9  -33.231285
330.8  -25.392975
330.7  -43.848123
330.6  46.072987
330.5  54.121222
330.4  -31.636063
330.3  59.790809
330.2  -221.40967
330.1  12.05383
330  -40.570951
329.9  -80.516981
329.8  79.349095
329.7  -131.95209
329.6  -6.1811644
329.5  -94.703979
329.4  35.063133
329.3  -43.962783
329.2  39.077267
329.1  -149.20781
329  -202.38909

# Region:                       C 1s
# Spectrum ID:                  4
# Acquisition Date:             08/12/26 18:38:10 UTC
# Analysis Method:              XPS
# Analyzer:                     PHOIBOS MCD5 Analyzer
# Analyzer Lens:                LargeArea:1.5kV
# Analyzer Slit:                5:7x20\B:open
# Scan Mode:                    FixedAnalyzerTransmission
# Curves/Scan:                  1
# Values/Curve:                 1001
# Dwell Time:                   0.1
# Excitation Energy:            1253.64
# Binding Energy:               350
# Pass Energy:                  50
# Bias Voltage:                 90
# Detector Voltage:             3000
# Eff. Workfunction:            4.543
# Source:                       X-Ray Dummy
# Comment:                      
#
# Cycle: 0
# Number of Scans: 1
#
# Cycle: 0, Curve: 0
# Acquisition Date:             08/12/26 18:38:10 UTC
#
# ColumnLabels:                 energy counts/s
#
350  11095.913
349.9  11028.287
349.8  11163.498
349.7  11121.883
349.6  11263.53
349.5  10456.691
349.4  10887.989
349.3  11007.407
349.2  10884.199
349.1  11167.697
349  10495.709
348.9  10744.7
348.8  11012.898
348.7  10875.258
348.6  10438.909
348.5  10336.84
348.4  10228.966
348.3  11122.481
348.2  11116.5
348.1  10659.283
348  10468.754
347.9  9686.3272
347.8  10104.896
347.7  9886.2613
347.6  10155.074
347.5  9953.0415
347.4  9604.643
347.3  9867.6866
347.2  10115.471
347.1  10229.375
347  9647.6166
346.9  9181.8948
346.8  9341.5973
346.7  9634.7624
346.6  9314.2195
346.5  9624.6428
346.4  9498.7861
346.3  9745.3893
346.2  9806.5403
346.1  9535.8517
346  9755.5469
345.9  9751.554
345.8  9751.6693
345.7  9659.2044
345.6  10074.153
345.5  10255.628
345.4  9467.2959
345.3  9047.0788
345.2  9684.9106
345.1  9768.5535
345  9341.5285
344.9  9148.988
344.8  9364.181
344.7  9682.0173
344.6  9292.5935
344.5  8881.6233
344.4  9563.8361
344.3  9215.5042
344.2  9864.0525
344.1  9801.004
344  9969.3703
343.9  9826.9752
343.8  10011.166
343.7  9516.4043
343.6  9503.2799
343.5  9726.0759
343.4  9798.5293
343.3  9275.864
343.2  9829.8218
343.1  9442.3213
343  9567.9669
342.9  9662.6355
342.8  9461.6775
342.7  9575.2797
342.6  8975.243
342.5  9523.5851
342.4  9227.5826
342.3  9053.7673
342.2  9543.1635
342.1  9535.543
342  9664.8518
341.9  9465.4857
341.8  9426.3114
341.7  9700.3608
341.6  9427.375
341.5  9553.335
341.4  9570.6935
341.3  9960.3585
341.2  9662.2029
341.1  9878.644
341  9377.5485
340.9  9152.2283
340.8  9143.4405
340.7  9501.4713
340.6  9651.8006
340.5  9236.0452
340.4  9282.7704
340.3  9184.5456
340.2  10032.221
340.1  10194.876
340  9932.615
339.9  9686.9977
339.8  9426.6778
339.7  9129.3208
339.6  9317.0156
339.5  9605.0166
339.4  10009.122
339.3  9713.5852
339.2  9640.7945
339.1  10526.265
339  9696.1806
338.9  9590.9034
338.8  9641.5724
338.7  9268.3392
338.6  9229.7133
338.5  9390.3542
338.4  9147.0129
338.3  9364.6736
338.2  9740.0142
338.1  9462.637
338  9409.1192
337.9  9289.3285
337.8  9721.4635
337.7  9773.6169
337.6  9412.0337
337.5  9200.7269
337.4  9239.2489
337.3  9757.3907
337.2  9732.6006
337.1  9394.587
337  9049.3826
336.9  10179.208
336.8  9658.0106
336.7  9596.9895
336.6  9657.0631
336.5  9682.721
336.4  9252.2876
336.3  9257.2991
336.2  8989.4649
336.1  9043.9038
336  9311.5218
335.9  9524.2747
335.8  9772.8136
335.7  9162.3532
335.6  9230.2721
335.5  9074.965
335.4  9118.2396
335.3  9719.7167
335.2  9531.1021
335.1  9480.1527
335  9830.5297
334.9  9008.2797
334.8  9267.1103
334.7  9519.5796
334.6  9957.5633
334.5  9597.982
334.4  9604.9703
334.3  9383.8629
334.2  9530.1542
334.1  9235.173
334  9679.9628
333.9  9631.3733
333.8  9018.1014
333.7  9721.3555
333.6  9034.24
333.5  9520.4063
333.4  9511.7799
333.3  9230.3115
333.2  8924.5571
333.1  9296.2433
333  9619.0259
332.9  9274.1672
332.8  9126.9433
332.7  9254.2981
332.6  9461.922
332.5  9257.9167
332.4  9851.2686
332.3  10083.085
332.2  9942.7986
332.1  9764.5183
332  9783.4222
331.9  9616.7276
331.8  10193.325
331.7  10095.919
331.6  9093.775
331.5  9273.3484
331.4  9311.385
331.3  9501.5051
331.2  9714.7813
331.1  9306.5427
331  9699.6012
330.9  9114.5463
330.8  9740.3109
330.7  9121.2659
330.6  9562.6038
330.5  9768.7147
330.4  9320.5995
330.3  9180.6609
330.2  9273.8072
330.1  9186.9527
330  9318.0075
329.9  8758.2546
329.8  9277.796
329.7  9028.5042
329.6  9201.3836
329.5  9130.8743
329.4  9880.0874
329.3  9941.6143
329.2  9029.3447
329.1  9328.6317
329  9315.8199
328.9  9233.0258
328.8  9582.8274
328.7  9931.7377
328.6  9042.9822
328.5  9214.7641
328.4  9579.9487
328.3  9479.0365
328.2  9292.0744
328.1  9400.2202
328  9113.393
327.9  9416.6195
327.8  9442.6126
327.7  9520.1716
327.6  9592.8239
327.5  9488.2973
327.4  9377.3844
327.3  9408.8282
327.2  9893.9854
327.1  9220.858
327  9227.2397
326.9  9392.207
326.8  10068.694
326.7  9118.1319
326.6  9276.3756
326.5  9938.7686
326.4  9231.0449
326.3  9387.7906
326.2  9121.4219
326.1  9523.9292
326  9627.4541
325.9  9782.0922
325.8  9513.5526
325.7  9323.669
325.6  9423.5818
325.5  9006.9318
325.4  8854.5169
325.3  9486.2924
325.2  9358.403
325.1  9690.93
325  9058.366
324.9  9134.5544
324.8  9369.1399
324.7  8800.4155
324.6  8999.0525
324.5  9550.3632
324.4  9646.1858
324.3  9424.2359
324.2  9545.7923
324.1  9372.9306
324  9165.9074
323.9  8927.3671
323.8  9499.4334
323.7  9421.0505
323.6  8858.7951
323.5  9815.3409
323.4  8528.1093
323.3  9318.7997
323.2  8426.362
323.1  9155.9365
323  8992.2388
322.9  9093.5772
322.8  9585.663
322.7  9766.7583
322.6  9699.7566
322.5  9598.9616
322.4  9192.5585
322.3  9875.6498
322.2  9454.8575
322.1  8927.327
322  9609.5356
321.9  9426.1727
321.8  9096.168
321.7  9103.779
321.6  9365.7295
321.5  9442.698
321.4  9318.9543
321.3  9540.9618
321.2  9151.2429
321.1  9691.1092
321  9461.3268
320.9  9126.69
320.8  9423.2271
320.7  9311.6003
320.6  9333.6392
320.5  9612.3437
320.4  9623.3867
320.3  9565.2749
320.2  9488.0853
320.1  9386.0754
320  9201.1555
319.9  9508.279
319.8  9479.654
319.7  9781.7238
319.6  9028.6795
319.5  9020.7548
319.4  9296.2977
319.3  9204.9204
319.2  9535.4465
319.1  9197.0101
319  9403.1282
318.9  9010.4134
318.8  9199.9799
318.7  9959.1734
318.6  9589.5638
318.5  9558.8924
318.4  9028.1483
318.3  9622.6244
318.2  9714.9497
318.1  9542.1295
318  10019.805
317.9  9547.197
317.8  9978.9059
317.7  9638.63
317.6  9482.7307
317.5  9305.3435
317.4  9691.2888
317.3  9946.1537
317.2  9344.2134
317.1  8945.8478
317  9518.4908
316.9  9397.6588
316.8  9656.0604
316.7  9507.1933
316.6  9833.386
316.5  9512.0375
316.4  8979.0498
316.3  9655.2374
316.2  9129.6117
316.1  9766.4638
316  9859.8874
315.9  9486.3184
315.8  9874.1181
315.7  9865.2052
315.6  9755.8959
315.5  9678.9427
315.4  9802.1552
315.3  9366.1721
315.2  9933.6596
315.1  10224.412
315  9777.5519
314.9  9652.736
314.8  9762.6852
314.7  9945.5348
314.6  9558.6723
314.5  9807.9094
314.4  9824.3636
314.3  9971.5773
314.2  9529.2995
314.1  9596.582
314  9257.6289
313.9  9813.2862
313.8  9869.281
313.7  10050.045
313.6  10349.8
313.5  9821.9816
313.4  9843.1454
313.3  9583.0548
313.2  9855.0245
313.1  9474.1417
313  9747.4116
312.9  9849.1732
312.8  9518.5787
312.7  9661.9634
312.6  9999.1523
312.5  10258.817
312.4  9848.3598
312.3  9526.7149
312.2  9027.7151
312.1  10117.041
312  10407.554
311.9  10171.199
311.8  10447.961
311.7  10133.063
311.6  9922.1258
311.5  9838.7844
311.4  10081.038
311.3  9991.6667
311.2  9358.193
311.1  9642.2767
311  9482.8625
310.9  9947.8771
310.8  10079.956
310.7  10031.337
310.6  10019.331
310.5  10162.943
310.4  9931.5853
310.3  10182.21
310.2  10013.818
310.1  10053.287
310  9587.4485
309.9  9950.2757
309.8  10281.685
309.7  10165.302
309.6  10233.569
309.5  10232.081
309.4  10265.65
309.3  10186.544
309.2  10583.192
309.1  9963.2236
309  10193.003
308.9  10190.625
308.8  9547.4518
308.7  9478.6179
308.6  9912.9206
308.5  10020.478
308.4  10743.263
308.3  10149.715
308.2  10056.505
308.1  9932.0998
308  10501.378
307.9  10154.243
307.8  9937.2724
307.7  10412.058
307.6  10164.062
307.5  10212.108
307.4  9974.6568
307.3  10039.727
307.2  10156.756
307.1  9598.1413
307  10306.659
306.9  9942.6524
306.8  9626.7437
306.7  9589.5667
306.6  9837.0374
306.5  9701.8634
306.4  9986.4541
306.3  9903.9579
306.2  9737.645
306.1  9765.6705
306  9565.4532
305.9  9878.7699
305.8  9290.8881
305.7  10163.857
305.6  10180.802
305.5  9917.6333
305.4  9566.8881
305.3  9676.7431
305.2  9759.156
305.1  9434.1391
305  9571.3669
304.9  9856.7349
304.8  9166.9419
304.7  9163.353
304.6  9149.0859
304.5  9667.9832
304.4  9093.7455
304.3  9555.1193
304.2  9587.3666
304.1  9290.7947
304  9451.0983
303.9  9330.607
303.8  9343.6367
303.7  9525.0522
303.6  9374.4509
303.5  8633.4652
303.4  9077.4876
303.3  8895.8867
303.2  9154.1202
303.1  8781.6361
303  8597.6871
302.9  8514.8366
302.8  8915.6522
302.7  8733.9216
302.6  8568.7068
302.5  8580.2526
302.4  7941.9515
302.3  8614.771
302.2  8008.6212
302.1  8249.89
302  8365.1721
301.9  8650.4543
301.8  8405.6457
301.7  8396.708
301.6  8359.7946
301.5  8138.415
301.4  8230.5502
301.3  8456.1563
301.2  8186.0953
301.1  8529.0436
301  8028.6247
300.9  7833.9324
300.8  7803.1877
300.7  7604.2876
300.6  7378.1572
300.5  7728.4969
300.4  7556.5349
300.3  7568.2126
300.2  7420.1914
300.1  7397.7589
300  7107.9617
299.9  7945.6825
299.8  7229.1987
299.7  7205.1871
299.6  7390.2397
299.5  7452.6348
299.4  6777.2887
299.3  7132.0592
299.2  6488.7465
299.1  6668.6381
299  7119.3417
298.9  6703.6188
298.8  6917.7292
298.7  6872.0408
298.6  6638.7098
298.5  6337.3726
298.4  6989.2359
298.3  6571.8704
298.2  6189.2814
298.1  6872.0412
298  6474.4143
297.9  6351.6607
297.8  6582.2976
297.7  6609.4115
297.6  6437.17
297.5  5932.3339
297.4  6312.4569
297.3  5963.4751
297.2  6429.5773
297.1  6377.5712
297  6264.0088
296.9  5970.9091
296.8  5986.3434
296.7  5777.6738
296.6  5602.5991
296.5  5756.7897
296.4  5600.675
296.3  5729.7093
296.2  5658.9179
296.1  5577.4652
296  5201.1583
295.9  5240.4584
295.8  5329.7894
295.7  5366.815
295.6  4994.003
295.5  5189.0821
295.4  5355.5532
295.3  5035.4524
295.2  4855.3121
295.1  5034.1744
295  4858.4706
294.9  4722.5935
294.8  5031.121
294.7  5001.3211
294.6  4645.7516
294.5  4815.6179
294.4  4929.7093
294.3  5078.5123
294.2  4705.3644
294.1  4666.9936
294  5200.3329
293.9  4654.119
293.8  5272.3453
293.7  5054.8896
293.6  4975.3636
293.5  5041.934
293.4  4440.2004
293.3  4480.7709
293.2  4849.1965
293.1  4854.6556
293  5096.0434
292.9  5121.8923
292.8  5171.2138
292.7  4934.452
292.6  5452.8793
292.5  5553.3995
292.4  5656.1206
292.3  5726.3628
292.2  5690.8416
292.1  6225.7259
292  6230.6114
291.9  6280.7924
291.8  6263.2686
291.7  6581.2455
291.6  7210.163
291.5  6768.5912
291.4  6937.8934
291.3  7111.3566
291.2  7237.6571
291.1  7273.1618
291  7416.2838
290.9  7621.9932
290.8  7754.0082
290.7  7997.3949
290.6  7962.8223
290.5  7921.2247
290.4  8241.3362
290.3  8788.0207
290.2  8947.6856
290.1  8928.4039
290  9527.8249
289.9  9758.0212
289.8  9730.7773
289.7  10450.092
289.6  11623.453
289.5  11882.66
289.4  12312.71
289.3  13100.064
289.2  13735.923
289.1  14696.898
289  16258.238
288.9  17342.149
288.8  18248.94
288.7  19909.597
288.6  21713.51
288.5  22875.624
288.4  23843.825
288.3  25535.15
288.2  26621.412
288.1  27337.319
288  29292.636
287.9  31642.377
287.8  32035.792
287.7  33813.992
287.6  34473.984
287.5  35016.74
287.4  36674.573
287.3  36045.212
287.2  36998.007
287.1  37273.294
287  36944.958
286.9  35541.968
286.8  35509.65
286.7  34661.38
286.6  32819.033
286.5  32489.015
286.4  31257.729
286.3  29883.977
286.2  27984.528
286.1  26686.509
286  24381.723
285.9  22590.647
285.8  21578.56
285.7  19233.578
285.6  17572.816
285.5  16505.017
285.4  14956.916
285.3  13397.604
285.2  12383.057
285.1  11389.998
285  10365.435
284.9  9468.0991
284.8  8867.1246
284.7  7621.3491
284.6  7036.1577
284.5  6354.3225
284.4  6059.9208
284.3  6001.6921
284.2  5618.3969
284.1  5165.7928
284  4724.1111
283.9  4493.7162
283.8  4803.9288
283.7  4750.2697
283.6  4453.8308
283.5  4280.3987
283.4  4343.7603
283.3  4563.5746
283.2  4289.1109
283.1  4461.072
283  4429.9816
282.9  4192.3232
282.8  4160.3841
282.7  4418.5256
282.6  4285.9444
282.5  4028.1693
282.4  4341.2293
282.3  4210.5122
282.2  4067.5714
282.1  4312.5634
282  4768.7311
281.9  4295.8403
281.8  4447.2937
281.7  4080.377
281.6  4480.9294
281.5  4345.9947
281.4  4753.1826
281.3  4118.1805
281.2  4170.9092
281.1  4313.2785
281  4762.3165
280.9  4833.7413
280.8  4954.8477
280.7  4570.6028
280.6  4986.1983
280.5  4763.6632
280.4  4658.5846
280.3  4810.2322
280.2  4855.0007
280.1  4853.6676
280  5118.1789
279.9  5148.7285
279.8  5361.2805
279.7  5113.7303
279.6  5706.4617
279.5  6240.7195
279.4  6140.3543
279.3  6562.7182
279.2  6359.6434
279.1  6310.8864
279  6247.9046
278.9  6802.7524
278.8  6777.0954
278.7  6637.3366
278.6  6682.8941
278.5  6960.4712
278.4  6499.8676
278.3  6468.4159
278.2  6700.8227
278.1  6970.1174
278  6625.2003
277.9  6542.7277
277.8  6617.1823
277.7  6483.2853
277.6  6466.7356
277.5  6662.5436
277.4  6577.6877
277.3  6470.0611
277.2  5867.0036
277.1  6345.3589
277  6153.703
276.9  6120.4159
276.8  5783.2092
276.7  5681.1757
276.6  5614.1516
276.5  5574.3095
276.4  5488.1167
276.3  5213.7172
276.2  5004.7059
276.1  5289.3251
276  4802.3821
275.9  4607.1703
275.8  4953.1229
275.7  4366.045
275.6  4318.8744
275.5  4069.2921
275.4  3849.7139
275.3  3489.7442
275.2  3459.176
275.1  3957.9023
275  3775.4052
274.9  3396.1974
274.8  3349.6594
274.7  3254.8946
274.6  3009.6193
274.5  3472.5833
274.4  3434.8948
274.3  3350.2624
274.2  3294.6982
274.1  3438.5946
274  3256.8461
273.9  2987.3446
273.8  3240.7542
273.7  3187.9932
273.6  3066.3122
273.5  3128.4613
273.4  3143.6628
273.3  3169.9374
273.2  3124.3688
273.1  3089.3239
273  2975.7971
272.9  2921.758
272.8  2981.9816
272.7  3056.1529
272.6  2914.1318
272.5  3060.1889
272.4  3058.6409
272.3  3133.4466
272.2  2931.8309
272.1  3169.2511
272  3052.9579
271.9  3077.3341
271.8  3173.9872
271.7  2932.9419
271.6  3451.7788
271.5  3062.592
271.4  3128.0114
271.3  3223.8482
271.2  2974.6686
271.1  2842.8788
271  3126.0747
270.9  3280.4162
270.8  3107.9839
270.7  3146.3797
270.6  3161.1938
270.5  3095.2992
270.4  3102.0488
270.3  3074.8233
270.2  3043.7773
270.1  3259.8873
270  3385.7158
269.9  3152.056
269.8  3448.2612
269.7  3086.8534
269.6  3403.5705
269.5  3658.0903
269.4  3387.2397
269.3  3184.1121
269.2  3136.0756
269.1  3054.571
269  3019.2885
268.9  3374.7979
268.8  3381.9563
268.7  3232.4122
268.6  3316.4672
268.5  3389.1736
268.4  3230.2764
268.3  3281.4628
268.2  2915.3103
268.1  3183.2531
268  3148.5875
267.9  3049.3506
267.8  3380.9233
267.7  3097.2252
267.6  3332.9164
267.5  3192.1616
267.4  3234.4192
267.3  3259.8333
267.2  3339.497
267.1  3382.1329
267  3137.0969
266.9  3208.3884
266.8  3090.7138
266.7  3404.9954
266.6  3054.3872
266.5  3135.8636
266.4  2944.9458
266.3  3181.4964
266.2  3099.7628
266.1  3029.057
266  3261.7622
265.9  3449.1442
265.8  3272.4017
265.7  2942.8483
265.6  3032.759
265.5  3288.4631
265.4  3187.4469
265.3  3263.2243
265.2  3347.1227
265.1  3169.6406
265  3079.0869
264.9  3202.719
264.8  3155.1019
264.7  2869.2697
264.6  2797.278
264.5  2980.4771
264.4  2985.2694
264.3  2997.4275
264.2  2438.1781
264.1  2820.3876
264  2957.4328
263.9  2651.649
263.8  3086.0499
263.7  2939.3493
263.6  2522.1938
263.5  2711.9212
263.4  2655.2819
263.3  2837.3065
263.2  2948.3883
263.1  3090.0428
263  3048.5999
262.9  2817.3426
262.8  2745.0592
262.7  2922.1777
262.6  2800.8272
262.5  2826.2865
262.4  2823.9553
262.3  2710.6379
262.2  2679.4011
262.1  2913.2466
262  2812.9734
261.9  2693.6544
261.8  2787.5541
261.7  2944.6874
261.6  2768.0206
261.5  2643.9325
261.4  2745.4686
261.3  2649.8607
261.2  2369.8014
261.1  2610.3751
261  2850.0102
260.9  2895.393
260.8  2798.1144
260.7  2714.7756
260.6  2642.6035
260.5  2579.1714
260.4  2927.6002
260.3  2796.7409
260.2  2703.0157
260.1  2555.9891
260  2628.4716
259.9  2710.9415
259.8  2855.7837
259.7  2681.5022
259.6  2723.0362
259.5  2719.4163
259.4  3025.482
259.3  2875.3523
259.2  2822.8645
259.1  2690.3506
259  2754.1697
258.9  2890.7382
258.8  2805.5424
258.7  2768.399
258.6  2838.3389
258.5  2486.2216
258.4  2698.9727
258.3  2842.7041
258.2  2853.2305
258.1  2483.5724
258  2538.5135
257.9  2647.5802
257.8  2728.203
257.7  2684.3862
257.6  2962.328
257.5  3030.5466
257.4  2792.1281
257.3  2690.2443
257.2  2602.0602
257.1  2581.4895
257  2591.0451
256.9  2593.6248
256.8  2722.5639
256.7  2957.6676
256.6  2815.3506
256.5  2461.9926
256.4  2908.4069
256.3  2758.6506
256.2  2787.0634
256.1  2655.6867
256  2465.259
255.9  2663.765
255.8  2911.8997
255.7  2485.4609
255.6  2716.598
255.5  2712.5375
255.4  2671.7417
255.3  2799.2977
255.2  2699.9992
255.1  2697.4681
255  2680.723
254.9  2707.253
254.8  2606.8014
254.7  2559.4868
254.6  2427.2213
254.5  2428.6464
254.4  2616.3785
254.3  2778.841
254.2  2807.8604
254.1  2817.1387
254  2842.421
253.9  2701.5847
253.8  2783.4087
253.7  2698.1452
253.6  2614.2628
253.5  2743.4595
253.4  2535.8959
253.3  2705.4352
253.2  2851.4839
253.1  2814.2136
253  2508.0341
252.9  2656.4228
252.8  2688.675
252.7  2735.6035
252.6  2569.8475
252.5  2533.978
252.4  2584.1064
252.3  2572.2439
252.2  2768.8005
252.1  2598.8566
252  2654.171
251.9  2734.9054
251.8  2875.8722
251.7  2764.7729
251.6  2549.9426
251.5  2546.5589
251.4  2667.8081
251.3  2627.9921
251.2  2764.2413
251.1  2495.524
251  2792.6857
250.9  2464.7595
250.8  2786.5554
250.7  2828.3773
250.6  2832.3472
250.5  2588.6192
250.4  2631.6864
250.3  2555.823
250.2  2974.5602
250.1  2707.9927
250  2637.4864

# Region:                       Overall
# Spectrum ID:                  5
# Acquisition Date:             08/12/26 18:46:46 UTC
# Analysis Method:              XPS
# Analyzer:                     PHOIBOS MCD5 Analyzer
# Analyzer Lens:                LargeArea:1.5kV
# Analyzer Slit:                5:7x20\B:open
# Scan Mode:                    FixedAnalyzerTransmission
# Curves/Scan:                  1
# Values/Curve:                 1002
# Dwell Time:                   0.5
# Excitation Energy:            1253.64
# Binding Energy:               1000
# Pass Energy:                  50
# Bias Voltage:                 90
# Detector Voltage:             3000
# Eff. Workfunction:            4.543
# Source:                       X-Ray Dummy
# Comment:                      
#
# Cycle: 0
# Number of Scans: 1
#
# Cycle: 0, Curve: 0
# Acquisition Date:             08/12/26 18:46:46 UTC
#
# ColumnLabels:                 energy counts/s
#
1000  25630
999.001  25859.563
998.002  25879.37
997.003  26198.755
996.004  26474.39
995.005  26256.376
994.00599  26047.94
993.00699  25727.712
992.00799  26018.273
991.00899  25891.173
990.00999  25145.328
989.01099  24445.414
988.01199  24066.013
987.01299  23512.454
986.01399  22763.813
985.01499  22154.066
984.01598  21339.61
983.01698  20861.947
982.01798  20479.194
981.01898  20391.64
980.01998  20188.282
979.02098  19942.478
978.02198  20178.992
977.02298  19883.344
976.02398  19696.205
975.02498  19739.113
974.02597  19530.049
973.02697  19301.317
972.02797  19588.822
971.02897  19473.746
970.02997  19551.007
969.03097  19786.647
968.03197  19960.352
967.03297  20049.305
966.03397  20120.97
965.03497  20184.292
964.03596  20212.822
963.03696  20196.838
962.03796  19853.324
961.03896  19748.722
960.03996  20002.819
959.04096  19918.237
958.04196  19766.068
957.04296  19915.566
956.04396  19824.213
955.04496  19634.098
954.04595  19615.578
953.04695  19576.681
952.04795  19804.205
951.04895  19639.49
950.04995  19741.492
949.05095  20061.036
948.05195  19969.069
947.05295  19607.049
946.05395  19385.186
945.05495  19865.93
944.05594  20118.179
943.05694  20000.972
942.05794  20076.081
941.05894  20048.631
940.05994  19961.586
939.06094  20076.995
938.06194  20038.725
937.06294  20179.778
936.06394  20206.395
935.06494  20264.473
934.06593  20273.038
933.06693  20286.102
932.06793  20088.295
931.06893  20237.413
930.06993  20376.034
929.07093  20329.872
928.07193  20001.896
927.07293  20096.206
926.07393  20292.388
925.07493  20186.041
924.07592  20336.339
923.07692  20428.252
922.07792  20382.862
921.07892  20330.077
920.07992  20353.589
919.08092  20237.672
918.08192  20327.511
917.08292  20436.959
916.08392  20451.542
915.08492  20561.608
914.08591  20531.906
913.08691  20367.732
912.08791  20573.12
911.08891  20781.012
910.08991  20691.255
909.09091  20729.38
908.09191  20803.294
907.09291  20587.203
906.09391  20634.273
905.09491  20928.073
904.0959  20819.326
903.0969  20768.683
902.0979  20797.739
901.0989  21024.611
900.0999  20899.908
899.1009  20954.491
898.1019  21050.338
897.1029  21243.575
896.1039  21131.343
895.1049  21033.871
894.10589  21289.487
893.10689  21494.101
892.10789  21358.679
891.10889  21268.858
890.10989  21182.661
889.11089  21336.706
888.11189  21522.623
887.11289  21345.206
886.11389  21230.019
885.11489  21377.256
884.11588  21239.969
883.11688  21256.755
882.11788  21326.157
881.11888  21211.194
880.11988  21015.457
879.12088  21384.055
878.12188  21367.253
877.12288  21323.535
876.12388  21579.27
875.12488  21519.446
874.12587  21357.696
873.12687  21287.612
872.12787  21595.683
871.12887  21572.196
870.12987  21502.137
869.13087  21571.675
868.13187  21535.584
867.13287  21383.524
866.13387  21564.598
865.13487  21389.715
864.13586  21618.964
863.13686  21964.934
862.13786  21703.044
861.13886  21648.765
860.13986  21753.432
859.14086  21618.813
858.14186  21617.504
857.14286  21928.947
856.14386  22113.066
855.14486  21950.522
854.14585  21947.71
853.14685  21970.966
852.14785  21853.194
851.14885  21957.168
850.14985  22102.218
849.15085  22159.774
848.15185  22083.041
847.15285  21866.039
846.15385  21764.08
845.15485  21729.981
844.15584  22066.414
843.15684  22023.175
842.15784  21766.809
841.15884  21929.492
840.15984  22077.031
839.16084  22135.715
838.16184  22171.138
837.16284  22169.805
836.16384  22194.785
835.16484  22056.422
834.16583  22140.514
833.16683  22341.996
832.16783  22217.276
831.16883  22322.655
830.16983  22373.462
829.17083  22200.069
828.17183  22189.354
827.17283  22378.926
826.17383  22385.313
825.17483  22304.248
824.17582  22059.328
823.17682  21940.522
822.17782  22229.163
821.17882  22625.73
820.17982  22405.537
819.18082  22332.946
818.18182  22256.757
817.18282  22406.574
816.18382  22608.97
815.18482  22884.819
814.18581  22793.027
813.18681  22610.29
812.18781  22747.998
811.18881  22653.412
810.18981  22791.874
809.19081  23079.236
808.19181  22890.461
807.19281  22819.926
806.19381  22908.18
805.19481  22926.23
804.1958  23037.934
803.1968  22984.894
802.1978  23094.253
801.1988  22745.137
800.1998  22983.969
799.2008  23094.079
798.2018  23082.802
797.2028  22947.876
796.2038  23110.483
795.2048  23282.944
794.20579  23414.328
793.20679  23251.129
792.20779  23229.287
791.20879  23372.834
790.20979  23785.193
789.21079  23900.44
788.21179  23583.933
787.21279  23466.321
786.21379  23661.16
785.21479  23556.271
784.21578  23493.329
783.21678  23320.632
782.21778  23097.868
781.21878  22970.566
780.21978  22921.601
779.22078  22819.598
778.22178  22954.962
777.22278  23165.719
776.22378  23244.651
775.22478  23434.099
774.22577  23356.636
773.22677  23426.784
772.22777  23435.195
771.22877  23689.065
770.22977  24211.317
769.23077  24459.581
768.23177  23903.614
767.23277  23838.48
766.23377  23808.803
765.23477  23697.581
764.23576  23284.9
763.23676  22848.021
762.23776  22554.66
761.23876  22327.953
760.23976  22177.602
759.24076  22239.583
758.24176  21845.748
757.24276  21908.867
756.24376  21661.934
755.24476  21351.588
754.24575  21522.773
753.24675  21725.427
752.24775  22048.344
751.24875  22540.27
750.24975  22827.315
749.25075  23137.588
748.25175  24028.788
747.25275  24737.926
746.25375  24709.304
745.25475  24512.867
744.25574  23547.768
743.25674  22765.034
742.25774  22246.623
741.25874  21810.229
740.25974  21630.095
739.26074  21117.186
738.26174  19857.855
737.26274  18850.862
736.26374  18096.838
735.26474  17530.103
734.26573  16960.167
733.26673  16823.147
732.26773  16828.621
731.26873  16717.013
730.26973  16655.808
729.27073  16713.372
728.27173  16767.189
727.27273  16514.25
726.27373  16575.922
725.27473  16736.485
724.27572  16474.544
723.27672  16419.899
722.27772  16512.204
721.27872  16416.957
720.27972  16460.948
719.28072  16650.476
718.28172  16493.718
717.28272  16362.225
716.28372  16453.417
715.28472  16492.858
714.28571  16450.707
713.28671  16515.471
712.28771  16573.909
711.28871  16547.923
710.28971  16552.373
709.29071  16565.78
708.29171  16652.224
707.29271  16610.78
706.29371  16579.697
705.29471  16517.903
704.2957  16610.206
703.2967  16755.575
702.2977  16686.407
701.2987  16564.411
700.2997  16272.027
699.3007  16371.455
698.3017  16354.987
697.3027  16357.155
696.3037  16412.594
695.3047  16452.89
694.30569  16494.924
693.30669  16399.664
692.30769  16389.478
691.30869  16493.05
690.30969  16463.444
689.31069  16383.929
688.31169  16557.591
687.31269  16564.923
686.31369  16455.266
685.31469  16452.749
684.31568  16262.94
683.31668  16305.517
682.31768  16400.122
681.31868  16310.254
680.31968  16305.103
679.32068  16306.437
678.32168  16422.21
677.32268  16414.234
676.32368  16477.874
675.32468  16460.664
674.32567  16469.483
673.32667  16559.523
672.32767  16271.852
671.32867  16375.96
670.32967  16546.541
669.33067  16578.066
668.33167  16538.657
667.33267  16378.99
666.33367  16376.287
665.33467  16294.944
664.33566  16315.102
663.33666  16333.748
662.33766  16337.32
661.33866  16542.729
660.33966  16390.228
659.34066  16336.24
658.34166  16470.588
657.34266  16341.035
656.34366  16272.389
655.34466  16354.787
654.34565  16523.262
653.34665  16379.726
652.34765  16236.153
651.34865  16199.487
650.34965  16250.43
649.35065  16306.626
648.35165  16171.755
647.35265  16358.1
646.35365  16274.998
645.35465  16257.647
644.35564  16484.502
643.35664  16391.988
642.35764  16180.974
641.35864  16410.998
640.35964  16405.202
639.36064  16142.469
638.36164  16156.547
637.36264  16330.028
636.36364  16367.587
635.36464  16047.44
634.36563  16148.42
633.36663  16124.513
632.36763  16041.442
631.36863  16098.102
630.36963  16156.196
629.37063  16220.244
628.37163  16196.3
627.37263  16155.789
626.37363  16330.533
625.37463  16227.178
624.37562  16172.14
623.37662  16160.031
622.37762  16234.77
621.37862  16150.66
620.37962  16173.967
619.38062  16244.15
618.38162  16159.199
617.38262  16230.458
616.38362  15980.434
615.38462  16010.631
614.38561  16103.671
613.38661  16091.049
612.38761  16231.195
611.38861  16271.56
610.38961  16066.521
609.39061  15846.162
608.39161  16112.323
607.39261  16055.7
606.39361  16053.898
605.39461  16047.688
604.3956  15859.582
603.3966  15939.496
602.3976  15917.625
601.3986  15901.105
600.3996  15983.669
599.4006  16030.63
598.4016  15886.089
597.4026  15682.749
596.4036  15799.307
595.4046  16005.385
594.40559  16016.798
593.40659  15864.693
592.40759  15929.753
591.40859  15851.148
590.40959  15800.381
589.41059  15788.543
588.41159  15566.9
587.41259  15538.044
586.41359  15684.364
585.41459  15488.878
584.41558  15434.389
583.41658  15753.721
582.41758  15731.31
581.41858  15599.289
580.41958  15753.087
579.42058  15654.434
578.42158  15784.519
577.42258  15850.173
576.42358  15743.745
575.42458  15556.157
574.42557  15644.474
573.42657  15687.371
572.42757  15388.961
571.42857  15298.3
570.42957  15332.533
569.43057  15033.847
568.43157  15137.448
567.43257  15292.647
566.43357  15027.124
565.43457  14827.027
564.43556  14952.658
563.43656  14976.679
562.43756  15364.929
561.43856  15680.705
560.43956  15547.828
559.44056  15749.106
558.44156  15874.705
557.44256  15909.27
556.44356  15891.117
555.44456  15812.265
554.44555  15737.661
553.44655  15431.21
552.44755  15203.89
551.44855  14929.731
550.44955  14772.494
549.45055  14601.571
548.45155  14324.957
547.45255  13912.811
546.45355  13441.015
545.45455  12913.217
544.45554  12518.908
543.45654  12084.268
542.45754  11804.768
541.45854  11422.493
540.45954  11211.233
539.46054  11309.581
538.46154  11354.383
537.46254  12371.663
536.46354  16585.646
535.46454  25129.532
534.46553  32076.173
533.46653  29480.932
532.46753  20302.704
531.46853  13556.676
530.46953  11181.767
529.47053  10697.341
528.47153  10866.638
527.47253  11238.182
526.47353  11958.252
525.47453  12552.214
524.47552  12380.784
523.47652  11605.43
522.47752  10634.819
521.47852  10041.199
520.47952  9716.6281
519.48052  9669.4813
518.48152  9611.3085
517.48252  9647.4708
516.48352  9796.47
515.48452  9853.8833
514.48551  9811.6664
513.48651  9744.0716
512.48751  9907.8334
511.48851  9853.1941
510.48951  9660.3534
509.49051  9563.8234
508.49151  9563.0703
507.49251  9655.3931
506.49351  9735.2687
505.49451  9609.7703
504.4955  9310.4646
503.4965  9455.3224
502.4975  9688.5235
501.4985  9651.7023
500.4995  9696.1001
499.5005  9741.0152
498.5015  9623.0498
497.5025  9642.5106
496.5035  9630.0652
495.5045  9572.3853
494.50549  9516.2595
493.50649  9534.6175
492.50749  9520.5511
491.50849  9635.2531
490.50949  9811.7968
489.51049  9649.3308
488.51149  9737.6689
487.51249  9674.8925
486.51349  9696.126
485.51449  9798.8827
484.51548  9719.0512
483.51648  9737.315
482.51748  9704.6253
481.51848  9611.8289
480.51948  9446.7804
479.52048  9529.1961
478.52148  9807.4521
477.52248  9814.9101
476.52348  9635.4706
475.52448  9653.8033
474.52547  9581.6929
473.52647  9528.9546
472.52747  9512.5772
471.52847  9496.4394
470.52947  9284.0095
469.53047  9330.4152
468.53147  9533.4273
467.53247  9698.9502
466.53347  9874.0062
465.53447  9558.1115
464.53546  9500.4766
463.53646  9653.7139
462.53746  9443.0497
461.53846  9391.9764
460.53946  9604.779
459.54046  9811.4252
458.54146  9671.9979
457.54246  9408.4357
456.54346  9412.86
455.54446  9650.062
454.54545  9645.4486
453.54645  9437.6229
452.54745  9360.325
451.54845  9249.0104
450.54945  9315.3522
449.55045  9481.4498
448.55145  9425.0083
447.55245  9472.4065
446.55345  9585.6219
445.55445  9573.6802
444.55544  9394.4474
443.55644  9548.1395
442.55744  9824.2491
441.55844  9924.4882
440.55944  9848.0936
439.56044  9603.0464
438.56144  9525.9316
437.56244  9589.5256
436.56344  9674.5364
435.56444  9624.5703
434.56543  9407.5045
433.56643  9565.3579
432.56743  9567.9685
431.56843  9709.4057
430.56943  9565.5094
429.57043  9608.7502
428.57143  9664.0192
427.57243  9623.9133
426.57343  9407.1627
425.57443  9516.0782
424.57542  9613.2538
423.57642  9468.2219
422.57742  9639.5364
421.57842  9628.9163
420.57942  9466.6489
419.58042  9391.293
418.58142  9374.919
417.58242  9364.067
416.58342  9441.32
415.58442  9502.8044
414.58541  9530.1786
413.58641  9539.8981
412.58741  9481.2082
411.58841  9329.8943
410.58941  9441.0086
409.59041  9573.9043
408.59141  9433.9075
407.59241  9538.8707
406.59341  9579.4563
405.59441  9477.198
404.5954  9605.4242
403.5964  9602.3424
402.5974  9562.1872
401.5984  9549.4297
400.5994  9435.5902
399.6004  9398.0278
398.6014  9537.6056
397.6024  9682.4271
396.6034  9573.2979
395.6044  9495.1243
394.60539  9535.1081
393.60639  9337.4366
392.60739  9348.4553
391.60839  9567.3172
390.60939  9668.8445
389.61039  9605.2086
388.61139  9520.2813
387.61239  9412.5828
386.61339  9448.1016
385.61439  9505.1079
384.61538  9431.5276
383.61638  9432.8687
382.61738  9544.6876
381.61838  9520.4096
380.61938  9703.3106
379.62038  9842.3801
378.62138  9647.6955
377.62238  9563.8987
376.62338  9597.5899
375.62438  9787.832
374.62537  9709.8942
373.62637  9670.3634
372.62737  9825.9507
371.62837  9785.6271
370.62937  9777.7978
369.63037  9731.1076
368.63137  9794.2241
367.63237  9806.919
366.63337  9759.4056
365.63437  9740.137
364.63536  9581.3475
363.63636  9487.2062
362.63736  9505.6393
361.63836  9524.7421
360.63936  9762.8823
359.64036  9835.5042
358.64136  9733.386
357.64236  9796.8701
356.64336  9881.1911
355.64436  9862.718
354.64535  10094.963
353.64635  10457.682
352.64735  10554.562
351.64835  10490.092
350.64935  10732.641
349.65035  11040.88
348.65135  10897.44
347.65235  10287.553
346.65335  9712.5942
345.65435  9708.4163
344.65534  9531.8082
343.65634  9601.3582
342.65734  9798.9158
341.65834  9814.046
340.65934  9746.2342
339.66034  9644.8583
338.66134  9556.9201
337.66234  9553.094
336.66334  9480.7355
335.66434  9274.7549
334.66533  9374.7165
333.66633  9645.883
332.66733  9805.8864
331.66833  9700.4966
330.66933  9539.3715
329.67033  9574.8226
328.67133  9671.2091
327.67233  9555.1931
326.67333  9455.3526
325.67433  9548.1853
324.67532  9436.7868
323.67632  9452.8356
322.67732  9472.6559
321.67832  9449.5455
320.67932  9449.2354
319.68032  9407.6616
318.68132  9502.7449
317.68232  9628.944
316.68332  9699.6395
315.68432  9729.5625
314.68531  9795.0565
313.68631  9920.7555
312.68731  9947.3961
311.68831  10020.259
310.68931  10010.682
309.69031  10168.254
308.69131  10288.016
307.69231  10134.296
306.69331  10063.615
305.69431  9904.7233
304.6953  9451.6161
303.6963  9019.7965
302.6973  8682.1683
301.6983  8206.792
300.6993  7780.2618
299.7003  7256.8757
298.7013  6756.3854
297.7023  6264.7887
296.7033  5810.398
295.7043  5380.1343
294.70529  5030.7709
293.70629  4836.7129
292.70729  5344.4416
291.70829  6652.5645
290.70929  8151.6581
289.71029  11340.167
288.71129  19955.099
287.71229  31928.924
286.71329  32838.847
285.71429  20267
284.71528  9086.8815
283.71628  4933.338
282.71728  4322.1708
281.71828  4405.0143
280.71928  4735.5496
279.72028  5543.2316
278.72128  6546.4798
277.72228  6657.8145
276.72328  5706.9012
275.72428  4491.6703
274.72527  3604.1715
273.72627  3111.5214
272.72727  2961.4581
271.72827  3027.0344
270.72927  3059.919
269.73027  3189.2231
268.73127  3268.801
267.73227  3211.4162
266.73327  3147.1827
265.73427  3098.7676
264.73526  3018.1054
263.73626  2797.651
262.73726  2780.7556
261.73826  2808.0236
260.73926  2767.6286
259.74026  2763.1333
258.74126  2703.3363
257.74226  2695.3248
256.74326  2683.0997
255.74426  2668.8703
254.74525  2760.7511
253.74625  2737.5525
252.74725  2687.5605
251.74825  2643.1086
250.74925  2625.0489
249.75025  2588.2905
248.75125  2515.4825
247.75225  2569.543
246.75325  2662.6683
245.75425  2764.9195
244.75524  2673.93
243.75624  2698.1473
242.75724  2783.1846
241.75824  2699.5805
240.75924  2625.9257
239.76024  2665.9659
238.76124  2700.6228
237.76224  2619.1855
236.76324  2663.4493
235.76424  2596.6202
234.76523  2506.9212
233.76623  2518.0204
232.76723  2481.1916
231.76823  2479.5986
230.76923  2485.7059
229.77023  2546.7757
228.77123  2482.9579
227.77223  2466.7231
226.77323  2397.9904
225.77423  2354.6623
224.77522  2312.4624
223.77622  2365.1539
222.77722  2396.5963
221.77822  2524.2891
220.77922  2525.3689
219.78022  2376.009
218.78122  2391.8693
217.78222  2479.9709
216.78322  2513.9281
215.78422  2526.3092
214.78521  2505.9465
213.78621  2518.7258
212.78721  2459.4903
211.78821  2324.0572
210.78921  2295.6553
209.79021  2360.1195
208.79121  2360.9105
207.79221  2481.2091
206.79321  2428.1381
205.79421  2382.8286
204.7952  2381.0141
203.7962  2311.957
202.7972  2237.8753
201.7982  2241.9563
200.7992  2333.3718
199.8002  2404.7398
198.8012  2349.3934
197.8022  2267.8133
196.8032  2364.3413
195.8042  2432.0218
194.80519  2388.1757
193.80619  2346.8854
192.80719  2338.9726
191.80819  2438.1432
190.80919  2407.5596
189.81019  2344.9851
188.81119  2310.9756
187.81219  2319.2445
186.81319  2309.6175
185.81419  2336.4581
184.81518  2354.8724
183.81618  2351.5062
182.81718  2299.9812
181.81818  2321.7863
180.81918  2309.7396
179.82018  2346.8077
178.82118  2319.5186
177.82218  2325.934
176.82318  2317.0412
175.82418  2324.9329
174.82517  2436.6002
173.82617  2389.6355
172.82717  2372.8882
171.82817  2430.7982
170.82917  2411.7295
169.83017  2404.1852
168.83117  2328.8102
167.83217  2268.8046
166.83317  2237.408
165.83417  2185.6007
164.83516  2255.572
163.83616  2317.6337
162.83716  2285.4044
161.83816  2253.7311
160.83916  2202.4121
159.84016  2211.1754
158.84116  2328.8234
157.84216  2433.9174
156.84316  2674.1027
155.84416  2947.7643
154.84515  2874.2818
153.84615  2629.9962
152.84715  2490.2436
151.84815  2387.7886
150.84915  2260.3489
149.85015  2329.5352
148.85115  2314.2957
147.85215  2225.6471
146.85315  2252.6338
145.85415  2228.3234
144.85514  2233.5644
143.85614  2263.4421
142.85714  2244.7667
141.85814  2325.5486
140.85914  2264.2846
139.86014  2153.4353
138.86114  2172.8256
137.86214  2194.5953
136.86314  2214.2303
135.86414  2304.3445
134.86513  2250.3011
133.86613  2215.5198
132.86713  2176.9622
131.86813  2205.6619
130.86913  2131.8008
129.87013  2129.8063
128.87113  2167.8128
127.87213  2121.0734
126.87313  2154.0905
125.87413  2185.4536
124.87512  2171.0299
123.87612  2139.5768
122.87712  2150.578
121.87812  2191.312
120.87912  2187.1884
119.88012  2214.0734
118.88112  2227.637
117.88212  2160.4121
116.88312  2125.0304
115.88412  2088.0738
114.88511  2107.4997
113.88611  2124.1865
112.88711  2181.8114
111.88811  2175.2497
110.88911  2091.0847
109.89011  2105.0238
108.89111  2088.185
107.89211  2077.5772
106.89311  2204.4559
105.89411  2513.8345
104.8951  2939.944
103.8961  3025.3396
102.8971  2658.6459
101.8981  2274.6445
100.8991  2158.9319
99.9001  2072.1747
98.901099  2125.6906
97.902098  2289.1394
96.903097  2233.2978
95.904096  2232.7762
94.905095  2239.8341
93.906094  2146.5687
92.907093  2117.9706
91.908092  2058.4078
90.909091  2089.5226
89.91009  2137.8798
88.911089  2115.7971
87.912088  2107.3427
86.913087  2119.3319
85.914086  2086.6201
84.915085  1999.7241
83.916084  2143.0138
82.917083  2246.2428
81.918082  2156.6899
80.919081  2100.4484
79.92008  2045.4601
78.921079  2055.3296
77.922078  2067.0242
76.923077  1996.2554
75.924076  2027.5551
74.925075  2024.5896
73.926074  2062.4871
72.927073  2075.6484
71.928072  2027.9122
70.929071  1998.82
69.93007  2025.7542
68.931069  2045.9611
67.932068  1996.2344
66.933067  1964.9781
65.934066  2001.6739
64.935065  2018.5507
63.936064  2008.1944
62.937063  1971.587
61.938062  1961.4534
60.939061  1933.7629
59.94006  1932.5324
58.941059  1895.2676
57.942058  1941.0206
56.943057  1999.0976
55.944056  2018.9669
54.945055  2067.4399
53.946054  2065.6717
52.947053  2002.7628
51.948052  1964.0032
50.949051  1968.1044
49.95005  1965.5227
48.951049  1919.7422
47.952048  1974.7916
46.953047  2017.8879
45.954046  2022.6723
44.955045  2018.7712
43.956044  1918.0018
42.957043  1909.5246
41.958042  1882.1885
40.959041  1793.0866
39.96004  1823.7834
38.961039  1878.7777
37.962038  1834.3066
36.963037  1837.224
35.964036  1800.4581
34.965035  1794.3045
33.966034  1800.3807
32.967033  1851.8321
31.968032  1886.6112
30.969031  1915.5899
29.97003  2024.8774
28.971029  2242.5872
27.972028  2412.4815
26.973027  2245.7524
25.974026  1936.915
24.975025  1774.2481
23.976024  1706.9529
22.977023  1728.057
21.978022  1813.247
20.979021  1868.2253
19.98002  1904.7678
18.981019  1971.914
17.982018  1920.8836
16.983017  1860.6838
15.984016  1851.5408
14.985015  1770.6469
13.986014  1674.5846
12.987013  1657.9798
11.988012  1730.5142
10.989011  1721.2479
9.99001  1668.0319
8.991009  1633.2302
7.992008  1627.6601
6.993007  1552.8301
5.994006  1385.5308
4.995005  1298.9003
3.996004  1297.3891
2.997003  1237.7229
1.998002  1266.3791
0.999001  1300.8609
0  1256.5789

