# Created by:        SpecsLab Prodigy, Version 4.79.1-r98952 
#
# XY-Serializer Export Settings:
#   Comment Prefix:           #
#   Output Meta Data:         yes
#   Energy Axis:              Binding Energy
#   Count Rate:               Counts per Second
#   Separate Scan Data:       no
#   Separate Channel Data:    no
#   External Channel Data:    yes
#   Transmission Function:    no
#   Error Bar:                no
#   Operation Results:        yes
#   Time Zone Format:         UTC
#
# Group:                        Spectrum Group
#
# Region:                       Overall
# Spectrum ID:                  1
# Acquisition Date:             07/07/26 16:35:16 UTC
# Analysis Method:              XPS
# Analyzer:                     PHOIBOS MCD5 Analyzer
# Analyzer Lens:                LargeArea:1.5kV
# Analyzer Slit:                5:7x20\B:open
# Scan Mode:                    FixedAnalyzerTransmission
# Curves/Scan:                  1
# Values/Curve:                 1002
# Dwell Time:                   0.125
# Excitation Energy:            1486.61
# Binding Energy:               1000
# Pass Energy:                  50
# Bias Voltage:                 90
# Detector Voltage:             3000
# Eff. Workfunction:            4.543
# Source:                       X-Ray Dummy
# Comment:                      
#
# Cycle: 0
# Number of Scans: 4
#
# Cycle: 0, Curve: 0
# Acquisition Date:             07/07/26 16:35:16 UTC
#
# ColumnLabels:                 energy counts/s
#
1000  24133.641
999.001  24011.594
998.002  23395.719
997.003  22963.159
996.004  22588.398
995.005  22402.161
994.00599  22300.549
993.00699  22058.77
992.00799  21944.729
991.00899  22579.423
990.00999  23259.841
989.01099  23918.237
988.01199  25279.773
987.01299  27035.056
986.01399  28472.579
985.01499  29452.234
984.01598  29552.854
983.01698  28864.405
982.01798  27915.408
981.01898  26607.101
980.01998  25581.165
979.02098  24788.423
978.02198  23692.164
977.02298  23066.722
976.02398  22185.541
975.02498  21281.888
974.02597  20594.684
973.02697  19612.909
972.02797  18803.75
971.02897  18496.308
970.02997  18034.331
969.03097  17759.86
968.03197  17700.824
967.03297  17613.603
966.03397  17532.947
965.03497  17584.986
964.03596  17535.812
963.03696  17610.859
962.03796  17450.077
961.03896  17350.704
960.03996  17421.144
959.04096  17278.356
958.04196  17069.816
957.04296  17240.826
956.04396  17490.948
955.04496  17558.375
954.04595  17311.629
953.04695  17339.874
952.04795  17284.912
951.04895  17086.262
950.04995  17226.846
949.05095  17298.134
948.05195  17225.665
947.05295  17293.159
946.05395  17484.513
945.05495  17293.691
944.05594  17164.34
943.05694  17224.473
942.05794  17364.738
941.05894  17242.111
940.05994  17242.022
939.06094  17325.91
938.06194  17329.804
937.06294  17477.215
936.06394  17382.943
935.06494  17534.865
934.06593  17533.812
933.06693  17278.604
932.06793  17215.303
931.06893  17378.637
930.06993  17298.486
929.07093  17250.712
928.07193  17370.881
927.07293  17247.449
926.07393  17262.511
925.07493  17446.086
924.07592  17517.609
923.07692  17303.51
922.07792  17279.427
921.07892  17274.445
920.07992  17144.164
919.08092  17023.436
918.08192  17231.632
917.08292  17219.358
916.08392  17334.849
915.08492  17275.414
914.08591  17205.021
913.08691  17209.329
912.08791  17340.603
911.08891  17092.564
910.08991  17000.517
909.09091  17227.769
908.09191  17044.247
907.09291  16932.183
906.09391  17097.411
905.09491  17301.05
904.0959  17435.51
903.0969  17295.923
902.0979  17179.324
901.0989  17298.308
900.0999  17172.129
899.1009  17316.358
898.1019  17295.919
897.1029  17252.549
896.1039  17270.416
895.1049  17306.281
894.10589  17192.177
893.10689  17378.277
892.10789  17178.535
891.10889  17015.207
890.10989  17259.932
889.11089  17293.426
888.11189  17233.014
887.11289  17374.765
886.11389  17417.523
885.11489  17206.792
884.11588  17170.581
883.11688  17120.605
882.11788  17059.126
881.11888  17150.94
880.11988  17325.129
879.12088  17456.278
878.12188  17291.056
877.12288  17156.808
876.12388  16937.41
875.12488  17151.616
874.12587  16985.853
873.12687  16931.342
872.12787  16987.033
871.12887  17108.676
870.12987  17131.37
869.13087  17006.052
868.13187  17013.603
867.13287  17135.572
866.13387  17163.674
865.13487  17288.043
864.13586  17201.119
863.13686  17031.616
862.13786  17124.029
861.13886  17186.243
860.13986  17033.586
859.14086  17079.972
858.14186  17243.392
857.14286  17164.774
856.14386  17213.687
855.14486  17048.768
854.14585  17067.512
853.14685  17115.25
852.14785  16883.694
851.14885  17336.726
850.14985  17194.23
849.15085  16890.962
848.15185  16840.637
847.15285  17061.411
846.15385  16950.672
845.15485  17064.336
844.15584  17074.961
843.15684  16983.068
842.15784  16893.283
841.15884  16983.411
840.15984  17077.71
839.16084  17078.807
838.16184  16977.163
837.16284  16959.55
836.16384  16862.34
835.16484  16691.626
834.16583  16714.308
833.16683  16687.829
832.16783  16654.31
831.16883  16342.186
830.16983  16395.146
829.17083  16593.682
828.17183  16529.209
827.17283  16507.316
826.17383  16600.314
825.17483  16495.264
824.17582  16433.127
823.17682  16466.005
822.17782  16390.85
821.17882  16352.376
820.17982  16425.385
819.18082  16277.488
818.18182  16298.49
817.18282  16417.399
816.18382  16444.308
815.18482  16382.161
814.18581  16340.324
813.18681  16517.802
812.18781  16744.081
811.18881  16762.043
810.18981  16520.87
809.19081  16698.419
808.19181  16822.466
807.19281  16689.667
806.19381  16661.693
805.19481  16613.923
804.1958  16798.418
803.1968  16931.399
802.1978  16854.155
801.1988  16702.182
800.1998  16674.326
799.2008  16366.791
798.2018  16359.998
797.2028  16680.609
796.2038  16710.232
795.2048  16731.763
794.20579  16642.492
793.20679  16826.401
792.20779  16889.552
791.20879  16703.882
790.20979  17117.401
789.21079  17260.485
788.21179  17260.721
787.21279  17566.307
786.21379  17353.408
785.21479  16893.942
784.21578  16543.987
783.21678  16332.174
782.21778  16323.224
781.21878  16102.905
780.21978  15956.577
779.22078  15992.456
778.22178  16076.133
777.22278  15842.502
776.22378  15899.802
775.22478  15906.038
774.22577  15679.642
773.22677  15597.344
772.22777  15905.497
771.22877  15775.791
770.22977  15890.103
769.23077  15923.695
768.23177  15639.028
767.23277  15626.879
766.23377  15434.912
765.23477  15326.602
764.23576  15497.622
763.23676  15492.092
762.23776  15310.897
761.23876  15498.648
760.23976  15425.335
759.24076  15337.253
758.24176  15281.833
757.24276  14989.175
756.24376  14906.305
755.24476  14782.904
754.24575  14612.949
753.24675  14899.368
752.24775  14796.373
751.24875  14808.31
750.24975  15217.154
749.25075  15481.111
748.25175  16253.57
747.25275  17514.77
746.25375  18261.618
745.25475  17797.135
744.25574  16823.336
743.25674  15685.735
742.25774  14966.675
741.25874  14897.631
740.25974  14773.142
739.26074  14553.968
738.26174  14598.735
737.26274  14462.304
736.26374  14464.113
735.26474  14415.11
734.26573  14398.63
733.26673  14334.89
732.26773  14252.402
731.26873  14447.13
730.26973  14572.277
729.27073  14670.864
728.27173  14454.174
727.27273  14420.824
726.27373  14568.974
725.27473  14606.559
724.27572  14643.386
723.27672  14681.707
722.27772  14851.416
721.27872  14791.719
720.27972  14488.256
719.28072  14443.282
718.28172  14667.369
717.28272  14556.247
716.28372  14561.194
715.28472  14699.803
714.28571  14488.486
713.28671  14223.309
712.28771  14234.135
711.28871  14412.75
710.28971  14448.436
709.29071  14055.709
708.29171  14128.227
707.29271  14118.881
706.29371  13941.413
705.29471  14108.005
704.2957  14289.669
703.2967  14056.304
702.2977  13986.955
701.2987  13832.179
700.2997  13873.204
699.3007  13965.344
698.3017  13675.792
697.3027  13635.333
696.3037  13828.253
695.3047  13885.194
694.30569  13936.118
693.30669  13765.17
692.30769  13993.839
691.30869  14101.245
690.30969  13994.169
689.31069  13937.72
688.31169  13873.55
687.31269  13966.09
686.31369  13916.895
685.31469  13778.05
684.31568  13807.28
683.31668  13816.877
682.31768  13889.539
681.31868  14001.384
680.31968  13896.467
679.32068  13890.066
678.32168  13896.836
677.32268  13974.395
676.32368  14060.617
675.32468  13971.241
674.32567  13802.202
673.32667  13725.613
672.32767  13723.074
671.32867  13790.598
670.32967  14085.553
669.33067  14015.78
668.33167  14085.657
667.33267  13963.69
666.33367  13822.912
665.33467  13788.162
664.33566  13806.887
663.33666  13933.768
662.33766  13887.252
661.33866  13778.313
660.33966  13889.118
659.34066  14064.617
658.34166  13918.184
657.34266  14072.053
656.34366  14182.476
655.34466  13888.406
654.34565  13749.882
653.34665  14049.801
652.34765  14145.874
651.34865  14145.337
650.34965  14102.354
649.35065  14023.245
648.35165  14073.042
647.35265  14079.984
646.35365  14292.696
645.35465  14282.299
644.35564  14176.576
643.35664  14252.724
642.35764  14261.348
641.35864  14175.152
640.35964  14017.806
639.36064  14180.111
638.36164  14329.572
637.36264  14046.314
636.36364  14094.681
635.36464  13895.189
634.36563  13773.928
633.36663  14008.662
632.36763  13924.607
631.36863  13787.056
630.36963  13796.809
629.37063  13734.723
628.37163  13831.763
627.37263  13906.463
626.37363  13930.897
625.37463  13931.643
624.37562  13959.486
623.37662  13912.294
622.37762  13779.537
621.37862  13837.848
620.37962  13905.181
619.38062  13851.401
618.38162  13740.951
617.38262  13642.447
616.38362  13719.752
615.38462  13854.11
614.38561  13997.328
613.38661  13815.992
612.38761  13988.695
611.38861  14059.37
610.38961  13907.8
609.39061  14005.178
608.39161  13875.543
607.39261  13753.709
606.39361  13922.874
605.39461  13917.744
604.3956  13877.835
603.3966  13952.226
602.3976  14186.234
601.3986  14235.842
600.3996  14025.599
599.4006  14058.747
598.4016  14040.598
597.4026  13873.191
596.4036  13894.25
595.4046  14002.205
594.40559  14205.359
593.40659  14262.328
592.40759  14116.215
591.40859  14228.577
590.40959  14480.945
589.41059  14274.371
588.41159  14125.045
587.41259  14234.949
586.41359  14293.863
585.41459  14276.875
584.41558  14277.867
583.41658  14176.827
582.41758  13983.082
581.41858  13916.281
580.41958  14058.572
579.42058  14024.626
578.42158  13994.845
577.42258  14034.701
576.42358  14007.74
575.42458  13892.303
574.42557  13857.471
573.42657  13856.483
572.42757  13707.058
571.42857  13771.102
570.42957  13935.321
569.43057  13936.053
568.43157  14030.532
567.43257  14215.855
566.43357  14582.069
565.43457  14879.848
564.43556  15147.418
563.43656  15478.532
562.43756  15601.251
561.43856  15342.331
560.43956  15151.168
559.44056  14990.801
558.44156  14628.359
557.44256  14159.272
556.44356  13780.336
555.44456  13823.296
554.44555  13716.609
553.44655  13486.254
552.44755  13533.834
551.44855  13422.903
550.44955  13145.999
549.45055  12892.65
548.45155  12657.823
547.45255  12376.278
546.45355  11928.858
545.45455  11422.59
544.45554  11065.741
543.45654  10980.491
542.45754  10927.872
541.45854  11634.332
540.45954  14258.889
539.46054  19560.787
538.46154  27035.416
537.46254  32294.132
536.46354  30928.862
535.46454  24332.899
534.46553  17141.347
533.46653  12734.947
532.46753  10949.664
531.46853  10179.89
530.46953  10082.443
529.47053  10155.755
528.47153  10516.765
527.47253  11000.524
526.47353  10986.588
525.47453  10660.765
524.47552  10007.932
523.47652  9470.7981
522.47752  9063.9702
521.47852  8971.1192
520.47952  8834.7139
519.48052  8794.3871
518.48152  8917.2495
517.48252  8978.1095
516.48352  9133.7116
515.48452  9070.5668
514.48551  8951.0863
513.48651  8863.0109
512.48751  8740.1632
511.48851  8674.6044
510.48951  8564.8268
509.49051  8512.7247
508.49151  8430.217
507.49251  8514.6012
506.49351  8463.8731
505.49451  8412.3245
504.4955  8329.7916
503.4965  8288.0493
502.4975  8369.2017
501.4985  8378.4469
500.4995  8413.3483
499.5005  8379.1934
498.5015  8530.1277
497.5025  8464.8708
496.5035  8399.8639
495.5045  8337.8103
494.50549  8503.6812
493.50649  8512.5287
492.50749  8312.2955
491.50849  8354.9966
490.50949  8289.0302
489.51049  8186.5243
488.51149  8327.3835
487.51249  8256.5546
486.51349  8263.2147
485.51449  8349.4431
484.51548  8474.1345
483.51648  8397.6416
482.51748  8149.6704
481.51848  8094.088
480.51948  8081.5518
479.52048  8142.6962
478.52148  8168.8203
477.52248  8140.9042
476.52348  8144.3293
475.52448  8179.1106
474.52547  8136.2475
473.52647  8335.3484
472.52747  8307.6431
471.52847  8189.5007
470.52947  8346.4132
469.53047  8583.0278
468.53147  8638.1642
467.53247  8535.9146
466.53347  8394.1617
465.53447  8475.1757
464.53546  8540.8938
463.53646  8264.309
462.53746  8218.762
461.53846  8144.2229
460.53946  8111.2497
459.54046  8323.2581
458.54146  8254.2406
457.54246  8210.5183
456.54346  8234.4199
455.54446  8176.431
454.54545  8167.2859
453.54645  8156.7569
452.54745  8122.7294
451.54845  8058.6558
450.54945  8010.3682
449.55045  8198.183
448.55145  8229.1274
447.55245  8081.8794
446.55345  8191.872
445.55445  8230.7445
444.55544  8226.5769
443.55644  8239.7184
442.55744  8263.9366
441.55844  8228.5403
440.55944  8090.5092
439.56044  8305.158
438.56144  8347.2926
437.56244  8233.9333
436.56344  8279.2081
435.56444  8372.1187
434.56543  8431.5776
433.56643  8455.507
432.56743  8568.8236
431.56843  8435.7548
430.56943  8387.7592
429.57043  8455.5632
428.57143  8238.4604
427.57243  8180.8859
426.57343  8400.709
425.57443  8518.7257
424.57542  8437.5156
423.57642  8733.8386
422.57742  9023.2503
421.57842  9079.0187
420.57942  9110.9588
419.58042  8843.0008
418.58142  8593.6628
417.58242  8429.7553
416.58342  8221.4137
415.58442  8088.3732
414.58541  8154.556
413.58641  8249.5526
412.58741  8068.2492
411.58841  8025.2115
410.58941  8261.1212
409.59041  8248.8666
408.59141  8230.3044
407.59241  8376.8966
406.59341  8691.815
405.59441  9038.9292
404.5954  9233.9147
403.5964  9188.0048
402.5974  9007.0749
401.5984  8673.4566
400.5994  8291.2809
399.6004  8220.3375
398.6014  8031.3447
397.6024  7784.4749
396.6034  7693.3492
395.6044  7874.4525
394.60539  7892.1798
393.60639  7794.6048
392.60739  7770.1912
391.60839  7928.8365
390.60939  7754.9172
389.61039  7559.2594
388.61139  7520.1913
387.61239  7527.7649
386.61339  7559.0491
385.61439  7517.3103
384.61538  7545.7953
383.61638  7592.7241
382.61738  7636.9176
381.61838  7706.4721
380.61938  7629.9531
379.62038  7581.4479
378.62138  7710.0514
377.62238  7764.8175
376.62338  7540.248
375.62438  7687.519
374.62537  7764.3235
373.62637  7685.8366
372.62737  7766.6823
371.62837  7818.2913
370.62937  7677.1463
369.63037  7633.1088
368.63137  7803.2519
367.63237  7904.8308
366.63337  7969.7565
365.63437  7960.8384
364.63536  7909.355
363.63636  7996.8449
362.63736  8180.3608
361.63836  8441.4399
360.63936  8517.2257
359.64036  8525.3246
358.64136  8497.0623
357.64236  8537.6099
356.64336  8528.1096
355.64436  8301.7913
354.64535  8302.091
353.64635  8324.1575
352.64735  8062.7968
351.64835  7963.3364
350.64935  7889.1135
349.65035  7867.2641
348.65135  7807.0928
347.65235  7744.3127
346.65335  7716.3143
345.65435  7922.2478
344.65534  8096.9307
343.65634  8219.5553
342.65734  8416.8951
341.65834  8667.8921
340.65934  8694.9297
339.66034  8636.6055
338.66134  8361.4451
337.66234  8201.0383
336.66334  8150.6727
335.66434  7987.7501
334.66533  7825.1711
333.66633  7671.5368
332.66733  7501.9502
331.66833  7396.6411
330.66933  7307.6435
329.67033  7129.5323
328.67133  7105.808
327.67233  6989.5508
326.67333  6917.3284
325.67433  6961.3761
324.67532  6878.1569
323.67632  6880.6355
322.67732  6719.9188
321.67832  6678.3918
320.67932  6700.7936
319.68032  6724.3416
318.68132  6588.4697
317.68232  6665.6072
316.68332  6737.9422
315.68432  6677.1291
314.68531  6703.5052
313.68631  6792.6989
312.68731  6813.6921
311.68831  6684.4771
310.68931  6557.8279
309.69031  6714.2372
308.69131  6658.6694
307.69231  6591.0679
306.69331  6664.5334
305.69431  6524.5182
304.6953  6569.737
303.6963  6628.9438
302.6973  6475.3309
301.6983  6531.2907
300.6993  6547.6776
299.7003  6604.8896
298.7013  6503.8082
297.7023  6422.4029
296.7033  6592.2108
295.7043  6530.8412
294.70529  6473.0035
293.70629  6699.6984
292.70729  6690.5821
291.70829  6773.3469
290.70929  7102.8001
289.71029  7121.6773
288.71129  6956.3096
287.71229  6750.3868
286.71329  6847.4974
285.71429  6983.9175
284.71528  6784.1301
283.71628  6619.2323
282.71728  6670.8688
281.71828  6547.1923
280.71928  6398.2185
279.72028  6451.2886
278.72128  6440.8487
277.72228  6427.2917
276.72328  6480.7324
275.72428  6549.7614
274.72527  6496.6143
273.72627  6346.0815
272.72727  6389.8449
271.72827  6395.2557
270.72927  6371.25
269.73027  6471.7443
268.73127  6524.749
267.73227  6532.1874
266.73327  6423.0627
265.73427  6510.7002
264.73526  6603.459
263.73626  6512.0741
262.73726  6386.8596
261.73826  6463.9319
260.73926  6492.7172
259.74026  6344.426
258.74126  6429.8411
257.74226  6524.5964
256.74326  6392.4537
255.74426  6379.7722
254.74525  6383.2914
253.74625  6451.9739
252.74725  6454.3433
251.74825  6307.0599
250.74925  6221.7246
249.75025  6214.3459
248.75125  6156.1722
247.75225  6060.3857
246.75325  6161.6541
245.75425  6193.0556
244.75524  6268.4753
243.75624  6941.8684
242.75724  7625.4181
241.75824  7946.8492
240.75924  8125.2185
239.76024  8360.2067
238.76124  8549.96
237.76224  8084.9708
236.76324  7092.3138
235.76424  6408.3672
234.76523  6070.1336
233.76623  5920.9661
232.76723  5829.7234
231.76823  5737.2441
230.76923  5862.8913
229.77023  5872.0932
228.77123  5914.8722
227.77223  5850.349
226.77323  5851.3459
225.77423  5756.2418
224.77522  5727.3371
223.77622  5638.417
222.77722  5538.4879
221.77822  5534.5878
220.77922  5491.4288
219.78022  5619.0433
218.78122  5746.9394
217.78222  5755.9781
216.78322  5692.5929
215.78422  5696.4006
214.78521  5611.26
213.78621  5556.9471
212.78721  5542.2608
211.78821  5707.0186
210.78921  5761.6575
209.79021  5750.4528
208.79121  5673.4698
207.79221  5510.5928
206.79321  5571.9296
205.79421  5696.7672
204.7952  5648.5962
203.7962  5553.3711
202.7972  5643.3154
201.7982  5646.0664
200.7992  5588.4659
199.8002  5636.1702
198.8012  5748.5257
197.8022  5866.8865
196.8032  6079.0685
195.8042  6000.023
194.80519  5916.0316
193.80619  5872.8595
192.80719  5771.5
191.80819  5749.2826
190.80919  5698.7695
189.81019  5604.442
188.81119  5646.1035
187.81219  5719.0664
186.81319  5849.2291
185.81419  5852.0301
184.81518  5722.9587
183.81618  5796.9247
182.81718  5827.1687
181.81818  5607.0594
180.81918  5642.3874
179.82018  5573.5414
178.82118  5788.0444
177.82218  5834.2715
176.82318  5734.5535
175.82418  5671.0041
174.82517  5604.3583
173.82617  5667.4507
172.82717  5696.9465
171.82817  5674.339
170.82917  5564.2444
169.83017  5556.5323
168.83117  5621.5279
167.83217  5616.9132
166.83317  5559.5629
165.83417  5620.272
164.83516  5654.838
163.83616  5693.8262
162.83716  5630.6938
161.83816  5661.8472
160.83916  6052.9321
159.84016  6212.4448
158.84116  6473.5406
157.84216  6978.7477
156.84316  7068.1232
155.84416  6801.9301
154.84515  6354.6076
153.84615  6064.9333
152.84715  5917.3055
151.84815  5775.9607
150.84915  5733.1263
149.85015  5852.0286
148.85115  5849.8683
147.85215  5718.468
146.85315  5618.4247
145.85415  5513.9351
144.85514  5612.4651
143.85614  5835.4454
142.85714  5829.3809
141.85814  5892.4715
140.85914  6011.4573
139.86014  5900.5431
138.86114  5536.5321
137.86214  5408.4442
136.86314  5346.177
135.86414  5317.9219
134.86513  5335.484
133.86613  5320.9729
132.86713  5379.4099
131.86813  5461.0291
130.86913  5470.5549
129.87013  5642.2496
128.87113  6017.498
127.87213  6712.4728
126.87313  7969.8553
125.87413  8631.9012
124.87512  8416.1424
123.87612  7452.2897
122.87712  6264.6591
121.87812  5482.0281
120.87912  5060.1202
119.88012  4942.0894
118.88112  4961.636
117.88212  4977.1152
116.88312  4998.9961
115.88412  5051.8451
114.88511  4933.8082
113.88611  5119.6849
112.88711  5194.4411
111.88811  5281.0944
110.88911  5272.2589
109.89011  5346.0885
108.89111  6052.031
107.89211  7367.1649
106.89311  9377.1653
105.89411  10318.258
104.8951  9468.3417
103.8961  7638.6734
102.8971  5868.0403
101.8981  4889.1448
100.8991  4353.9499
99.9001  3989.2937
98.901099  3822.7546
97.902098  3824.6207
96.903097  3845.9736
95.904096  3948.1097
94.905095  4538.4001
93.906094  5043.1517
92.907093  5003.1844
91.908092  4911.8218
90.909091  5214.8945
89.91009  5421.7177
88.911089  5202.3547
87.912088  4367.9283
86.913087  3682.7641
85.914086  3623.0682
84.915085  3696.4865
83.916084  3735.1537
82.917083  4201.4989
81.918082  5131.6434
80.919081  5763.7519
79.92008  5432.4784
78.921079  4391.9518
77.922078  3502.8763
76.923077  3072.3142
75.924076  2963.4176
74.925075  2877.6829
73.926074  2818.9828
72.927073  2813.4567
71.928072  2898.8919
70.929071  2964.1974
69.93007  2950.2322
68.931069  2865.1261
67.932068  2835.908
66.933067  2812.6272
65.934066  2752.99
64.935065  2764.1863
63.936064  2605.4276
62.937063  2596.799
61.938062  2651.0013
60.939061  2575.4931
59.94006  2551.2471
58.941059  2628.5149
57.942058  2580.2555
56.943057  2567.189
55.944056  2572.1327
54.945055  2477.9359
53.946054  2502.62
52.947053  2484.8262
51.948052  2452.4805
50.949051  2413.3255
49.95005  2452.5178
48.951049  2505.7372
47.952048  2478.5219
46.953047  2565.1352
45.954046  2593.6873
44.955045  2430.9011
43.956044  2353.8241
42.957043  2279.5157
41.958042  2209.9022
40.959041  2269.1768
39.96004  2296.4532
38.961039  2236.4435
37.962038  2231.1853
36.963037  2235.1011
35.964036  2228.6229
34.965035  2262.4105
33.966034  2329.8814
32.967033  2441.9124
31.968032  2553.6022
30.969031  2732.3689
29.97003  2835.9992
28.971029  2683.8405
27.972028  2553.5561
26.973027  2362.1691
25.974026  2134.2883
24.975025  2097.0469
23.976024  2173.3658
22.977023  2179.6229
21.978022  2206.8342
20.979021  2208.1867
19.98002  2198.3548
18.981019  2249.8021
17.982018  2272.8829
16.983017  2342.9988
15.984016  2328.3197
14.985015  2380.4131
13.986014  2328.9339
12.987013  2333.2096
11.988012  2443.955
10.989011  2336.6697
9.99001  2254.647
8.991009  2269.0634
7.992008  2093.6251
6.993007  1888.8668
5.994006  1821.5152
4.995005  1831.3572
3.996004  1851.2639
2.997003  1874.6172
1.998002  1795.7068
0.999001  1713.7842
0  1747.4256

# Region:                       Co 2p
# Spectrum ID:                  2
# Acquisition Date:             07/07/26 17:14:34 UTC
# Analysis Method:              XPS
# Analyzer:                     PHOIBOS MCD5 Analyzer
# Analyzer Lens:                LargeArea:1.5kV
# Analyzer Slit:                5:7x20\B:open
# Scan Mode:                    FixedAnalyzerTransmission
# Curves/Scan:                  1
# Values/Curve:                 951
# Dwell Time:                   0.1
# Excitation Energy:            1486.61
# Binding Energy:               825
# Pass Energy:                  50
# Bias Voltage:                 90
# Detector Voltage:             3000
# Eff. Workfunction:            4.543
# Source:                       X-Ray Dummy
# Comment:                      
#
# Cycle: 0
# Number of Scans: 20
#
# Cycle: 0, Curve: 0
# Acquisition Date:             07/07/26 17:14:34 UTC
#
# ColumnLabels:                 energy counts/s
#
825  16272.172
824.9  16203.015
824.8  16365.988
824.7  16269.242
824.6  16207.354
824.5  16194.652
824.4  16221.743
824.3  16332.871
824.2  16328.074
824.1  16453.631
824  16202.862
823.9  16236.838
823.8  16231.143
823.7  16349.459
823.6  16230.017
823.5  16255.499
823.4  16292.811
823.3  16314.826
823.2  16241.681
823.1  16193.773
823  16161.346
822.9  16302.03
822.8  16129.696
822.7  16156.2
822.6  16403.033
822.5  16295.285
822.4  16262.978
822.3  16253.768
822.2  16229.756
822.1  16242.218
822  16256.463
821.9  16342.893
821.8  16221.252
821.7  16248.966
821.6  16224.822
821.5  16306.989
821.4  16285.858
821.3  16176.495
821.2  16188.965
821.1  16251.097
821  16239.664
820.9  16095.34
820.8  16308.309
820.7  16257.102
820.6  16291.816
820.5  16264.872
820.4  16300.456
820.3  16313.427
820.2  16200.555
820.1  16127.418
820  16060.96
819.9  16088.065
819.8  16278.836
819.7  16165.749
819.6  16206.416
819.5  16156.21
819.4  16062.995
819.3  16277.444
819.2  16368.838
819.1  16160.059
819  16178.091
818.9  16123.29
818.8  16160.833
818.7  16060.116
818.6  16148.351
818.5  16314.529
818.4  16149.046
818.3  16179.807
818.2  16221.919
818.1  16059.48
818  16153.516
817.9  16241.281
817.8  16177.736
817.7  16128.132
817.6  16162.59
817.5  16328.062
817.4  16195.274
817.3  16373.775
817.2  16225.491
817.1  16126.905
817  16231.391
816.9  16227.249
816.8  16108.593
816.7  16132.116
816.6  16014.241
816.5  16093.105
816.4  16210.822
816.3  16330.444
816.2  16262.478
816.1  16223.423
816  16257.021
815.9  16175.047
815.8  16329.969
815.7  16395.707
815.6  16253.106
815.5  16104.075
815.4  16096.591
815.3  16206.526
815.2  16133.749
815.1  16248.251
815  16148.681
814.9  16105.024
814.8  16247.885
814.7  16200.395
814.6  16149.324
814.5  16377.367
814.4  16255.136
814.3  16138.274
814.2  16221.612
814.1  16219.668
814  16338.264
813.9  16166.891
813.8  16372.045
813.7  16274.281
813.6  16381.649
813.5  16335.626
813.4  16102.168
813.3  16218.487
813.2  16265.96
813.1  16296.938
813  16356.824
812.9  16124.863
812.8  16195.563
812.7  16186.8
812.6  16190.931
812.5  16269.161
812.4  16416.148
812.3  16220.676
812.2  16302.885
812.1  16413.303
812  16308.043
811.9  16327.17
811.8  16373.093
811.7  16272.74
811.6  16374.063
811.5  16406.04
811.4  16391.362
811.3  16365.662
811.2  16187.727
811.1  16387.203
811  16324.541
810.9  16358.063
810.8  16243.236
810.7  16288.988
810.6  16328.46
810.5  16330.189
810.4  16231.081
810.3  16403.667
810.2  16445.867
810.1  16554.789
810  16520.767
809.9  16288.707
809.8  16450.298
809.7  16356.78
809.6  16460.504
809.5  16465.631
809.4  16264.462
809.3  16453.67
809.2  16441.046
809.1  16428.506
809  16333.76
808.9  16524.242
808.8  16518.678
808.7  16425.88
808.6  16363.355
808.5  16394.264
808.4  16470.023
808.3  16331.477
808.2  16487.522
808.1  16489.427
808  16411.24
807.9  16461.785
807.8  16349.072
807.7  16378.296
807.6  16462.28
807.5  16578.095
807.4  16517.195
807.3  16410.401
807.2  16391.071
807.1  16585.359
807  16564.392
806.9  16572.188
806.8  16546.148
806.7  16413.749
806.6  16486.731
806.5  16560.896
806.4  16272.189
806.3  16332.637
806.2  16531.903
806.1  16440.424
806  16325.084
805.9  16393.397
805.8  16465.735
805.7  16549.408
805.6  16425.665
805.5  16504.198
805.4  16382.351
805.3  16488.156
805.2  16630.85
805.1  16412.845
805  16540.69
804.9  16551.707
804.8  16447.814
804.7  16629.952
804.6  16593.534
804.5  16508.233
804.4  16565.967
804.3  16514.895
804.2  16508.134
804.1  16579.411
804  16525.584
803.9  16492.448
803.8  16603.728
803.7  16642.35
803.6  16566.359
803.5  16537.648
803.4  16617.793
803.3  16640.653
803.2  16577.668
803.1  16585.327
803  16712.698
802.9  16715.264
802.8  16607.48
802.7  16588.592
802.6  16457.551
802.5  16743.172
802.4  16650.592
802.3  16743.083
802.2  16740.501
802.1  16623.169
802  16665.209
801.9  16696.672
801.8  16633.031
801.7  16721.634
801.6  16612.328
801.5  16611.412
801.4  16534.076
801.3  16711.22
801.2  16624.81
801.1  16511.19
801  16479.619
800.9  16391.455
800.8  16393.395
800.7  16381.163
800.6  16463.587
800.5  16357.259
800.4  16273.14
800.3  16354.395
800.2  16351.437
800.1  16293.315
800  16384.438
799.9  16391.09
799.8  16317.499
799.7  16355.165
799.6  16265.995
799.5  16319.761
799.4  16405.313
799.3  16354.345
799.2  16307.605
799.1  16427.337
799  16268.097
798.9  16082.772
798.8  16164.034
798.7  16153.061
798.6  16292.372
798.5  16270.965
798.4  16177.635
798.3  16125.262
798.2  16231.393
798.1  16305.647
798  16153.812
797.9  16272.685
797.8  16248.937
797.7  16152.112
797.6  16384.349
797.5  16322.489
797.4  16259.863
797.3  16235.747
797.2  16287.303
797.1  16305.636
797  16281.652
796.9  16347.078
796.8  16276.554
796.7  16313.573
796.6  16326.212
796.5  16382.269
796.4  16296.699
796.3  16421.548
796.2  16286.45
796.1  16427.556
796  16278.261
795.9  16301.975
795.8  16269.373
795.7  16242.798
795.6  16330.045
795.5  16377.607
795.4  16385.459
795.3  16536.241
795.2  16414.231
795.1  16398.104
795  16355.086
794.9  16364.593
794.8  16454.011
794.7  16507.098
794.6  16507.258
794.5  16485.558
794.4  16630.913
794.3  16531.362
794.2  16391.244
794.1  16546.707
794  16621.434
793.9  16541.191
793.8  16476.401
793.7  16495.708
793.6  16550.167
793.5  16683.953
793.4  16627.332
793.3  16569.337
793.2  16613.767
793.1  16503.128
793  16517.723
792.9  16488.412
792.8  16580.214
792.7  16628.788
792.6  16530.15
792.5  16648.099
792.4  16627.857
792.3  16719.753
792.2  16669.136
792.1  16586.17
792  16608.313
791.9  16649.66
791.8  16703.219
791.7  16768.197
791.6  16730.111
791.5  16620.302
791.4  16579.468
791.3  16583.551
791.2  16779.28
791.1  16838.617
791  16751.165
790.9  16676.166
790.8  16720.608
790.7  16615.766
790.6  16773.93
790.5  16782.913
790.4  16827.731
790.3  16744.969
790.2  16751.687
790.1  16595.657
790  16724.152
789.9  16788.424
789.8  16702.406
789.7  16800.205
789.6  16821.856
789.5  16724.993
789.4  16746.128
789.3  16809.681
789.2  16847.056
789.1  16842.257
789  16833.567
788.9  16833.226
788.8  16867.511
788.7  16893.28
788.6  16915.305
788.5  16986.454
788.4  16843.054
788.3  16946.14
788.2  16972.367
788.1  16910.417
788  17096.385
787.9  17021.986
787.8  17102.562
787.7  17099.256
787.6  17113.442
787.5  17119.274
787.4  17021.659
787.3  17009.586
787.2  17092.797
787.1  17057.864
787  16850.482
786.9  16958.136
786.8  16848.194
786.7  17038.555
786.6  17054.914
786.5  17162.737
786.4  17004.229
786.3  17051.428
786.2  16951.835
786.1  17010.93
786  16949.531
785.9  16911.026
785.8  16880.335
785.7  16854.134
785.6  16987.97
785.5  16946.161
785.4  16917.208
785.3  16679.895
785.2  16700.549
785.1  16633.549
785  16620.995
784.9  16610.309
784.8  16769.027
784.7  16477.106
784.6  16494.469
784.5  16442.885
784.4  16513.773
784.3  16383.693
784.2  16434.978
784.1  16325.719
784  16310.996
783.9  16275.881
783.8  16256.426
783.7  16310.326
783.6  16178.459
783.5  16140.503
783.4  16165.917
783.3  16225.006
783.2  16280.805
783.1  16097.95
783  16206.693
782.9  16087.856
782.8  16090.163
782.7  16052.669
782.6  16107.249
782.5  16086.257
782.4  16021.783
782.3  15956.368
782.2  16103.414
782.1  15949.017
782  15977.317
781.9  15991.349
781.8  15931.682
781.7  15963.411
781.6  15994.95
781.5  15993.515
781.4  16122.526
781.3  15869.961
781.2  15923.128
781.1  15825.765
781  15775.956
780.9  15821.126
780.8  15779.587
780.7  15922.239
780.6  15844.739
780.5  15839.164
780.4  15798.582
780.3  15791.395
780.2  15856.869
780.1  15804.65
780  15747.754
779.9  15709.421
779.8  15807.639
779.7  15806.823
779.6  16052.396
779.5  15966.96
779.4  15871.113
779.3  15988.76
779.2  15781.215
779.1  15817.943
779  15777.597
778.9  15690.813
778.8  15772.027
778.7  15865.083
778.6  15737.062
778.5  15775.948
778.4  15749.959
778.3  15711.886
778.2  15774.536
778.1  15678.208
778  15753.392
777.9  15787.627
777.8  15907.025
777.7  15856.773
777.6  15811.815
777.5  15701.635
777.4  15947.724
777.3  15671.548
777.2  15691.036
777.1  15765.915
777  15763.773
776.9  15724.96
776.8  15837.632
776.7  15694.726
776.6  15632.153
776.5  15803.746
776.4  15687.486
776.3  15701.479
776.2  15592.898
776.1  15692.406
776  15674.304
775.9  15837.045
775.8  15783.308
775.7  15714.515
775.6  15607.644
775.5  15777.815
775.4  15819.283
775.3  15561.247
775.2  15686.026
775.1  15648.257
775  15562.255
774.9  15520.02
774.8  15545.895
774.7  15485.2
774.6  15576.992
774.5  15607.424
774.4  15594.406
774.3  15488.814
774.2  15374.178
774.1  15487.255
774  15531.178
773.9  15634.348
773.8  15504.714
773.7  15541.877
773.6  15326.372
773.5  15480.902
773.4  15580.157
773.3  15596.637
773.2  15472.214
773.1  15448.893
773  15427.736
772.9  15411.906
772.8  15471.754
772.7  15532.806
772.6  15456.921
772.5  15542.237
772.4  15571.684
772.3  15645.34
772.2  15523.785
772.1  15392.789
772  15498.524
771.9  15575.111
771.8  15550.193
771.7  15508.332
771.6  15523.943
771.5  15604.862
771.4  15486.519
771.3  15630.67
771.2  15558.157
771.1  15651.644
771  15712.735
770.9  15624.572
770.8  15527.236
770.7  15615.91
770.6  15628.175
770.5  15709.685
770.4  15557.431
770.3  15664.809
770.2  15688.507
770.1  15672.267
770  15568.195
769.9  15740.162
769.8  15714.813
769.7  15576.103
769.6  15649.461
769.5  15700.647
769.4  15634.945
769.3  15650.834
769.2  15580.735
769.1  15540.812
769  15484.088
768.9  15737.826
768.8  15690.302
768.7  15602.159
768.6  15510.497
768.5  15698.389
768.4  15621.974
768.3  15503.846
768.2  15507.021
768.1  15630.228
768  15679.647
767.9  15489.034
767.8  15467.532
767.7  15445.493
767.6  15460.316
767.5  15637.917
767.4  15530.039
767.3  15533.459
767.2  15362.501
767.1  15373.148
767  15461.08
766.9  15427.316
766.8  15348.607
766.7  15441.618
766.6  15500.899
766.5  15640.244
766.4  15455.644
766.3  15442.029
766.2  15316.38
766.1  15347.094
766  15311.048
765.9  15294.362
765.8  15297.774
765.7  15399.763
765.6  15340.884
765.5  15102.373
765.4  15172.58
765.3  15276.793
765.2  15296.873
765.1  15362.289
765  15328.597
764.9  15248.257
764.8  15234.201
764.7  15403.093
764.6  15270.918
764.5  15358.398
764.4  15302.265
764.3  15415.342
764.2  15387.93
764.1  15200.021
764  15265.552
763.9  15306.301
763.8  15262.863
763.7  15269.885
763.6  15241.127
763.5  15221.226
763.4  15263.898
763.3  15175.712
763.2  15164.694
763.1  15248.93
763  15158.174
762.9  15155.694
762.8  15183.025
762.7  15133.357
762.6  15134.47
762.5  15148.794
762.4  15073.229
762.3  15089.157
762.2  15096.241
762.1  15114.053
762  15131.456
761.9  15091.06
761.8  15150.394
761.7  15113.363
761.6  15187.435
761.5  15189.715
761.4  15068.115
761.3  15119.126
761.2  15034.914
761.1  15079.238
761  14982.056
760.9  15150.27
760.8  15176.204
760.7  15113.086
760.6  14967.56
760.5  15112.973
760.4  14972.683
760.3  15149.777
760.2  14985.779
760.1  15006.064
760  14950.36
759.9  14896.547
759.8  14879.583
759.7  14963.7
759.6  14995.254
759.5  14972.188
759.4  14996.794
759.3  15043.919
759.2  14945.453
759.1  14888.608
759  14905.339
758.9  15081.486
758.8  15090.815
758.7  14930.518
758.6  14815.036
758.5  14743.724
758.4  14745.832
758.3  14925.994
758.2  14672.729
758.1  14775.383
758  14852.438
757.9  14854.76
757.8  14770.701
757.7  14813.466
757.6  14858.929
757.5  14957.62
757.4  14847.623
757.3  14723.964
757.2  14854.781
757.1  14777.23
757  14771.336
756.9  14722.149
756.8  14794.249
756.7  14736.352
756.6  14807.576
756.5  14685.746
756.4  14589.812
756.3  14751.926
756.2  14733.22
756.1  14681.227
756  14832.824
755.9  14745.312
755.8  14762.884
755.7  14796.668
755.6  14640.601
755.5  14594.236
755.4  14625.352
755.3  14689.648
755.2  14695.081
755.1  14797.04
755  14615.49
754.9  14571.29
754.8  14603.339
754.7  14704.759
754.6  14618.057
754.5  14650.898
754.4  14603.114
754.3  14592.212
754.2  14617.71
754.1  14536.7
754  14558.651
753.9  14598.055
753.8  14656.162
753.7  14689.364
753.6  14499.172
753.5  14673.23
753.4  14592.922
753.3  14639.029
753.2  14539.191
753.1  14486.111
753  14665.656
752.9  14651.953
752.8  14590.046
752.7  14656.76
752.6  14675.09
752.5  14520.049
752.4  14682.55
752.3  14653.685
752.2  14688.995
752.1  14441.632
752  14542.475
751.9  14697.772
751.8  14522.21
751.7  14499.318
751.6  14713.909
751.5  14664.738
751.4  14632.453
751.3  14603.686
751.2  14552.638
751.1  14677.926
751  14727.983
750.9  14768.62
750.8  14689.741
750.7  14628.057
750.6  14771.311
750.5  14657.756
750.4  14738.242
750.3  14853.864
750.2  14758.558
750.1  14701.229
750  14844.375
749.9  14843.938
749.8  14815.62
749.7  14964.709
749.6  14968.471
749.5  14997.607
749.4  15063.37
749.3  14946.795
749.2  14983.685
749.1  15130.739
749  15303.489
748.9  15472.124
748.8  15473.01
748.7  15337.742
748.6  15625.772
748.5  15834.138
748.4  15820.123
748.3  15953.053
748.2  15883.196
748.1  15914.559
748  16201.299
747.9  16548
747.8  16486.243
747.7  16663.173
747.6  16721.3
747.5  16755.605
747.4  16892.544
747.3  16897.021
747.2  17078.998
747.1  17232.596
747  17288.789
746.9  17287.015
746.8  17518.609
746.7  17582.783
746.6  17741.733
746.5  17744.299
746.4  17749.273
746.3  17846.218
746.2  17810.432
746.1  17819.676
746  17867.437
745.9  17921.74
745.8  17788.154
745.7  17806.14
745.6  17869.033
745.5  17704.974
745.4  17671.294
745.3  17566.565
745.2  17547.907
745.1  17484.758
745  17305.603
744.9  17246.965
744.8  17160.097
744.7  17001.169
744.6  16855.672
744.5  16824.217
744.4  16628.05
744.3  16396.579
744.2  16350.126
744.1  16322.958
744  16227.623
743.9  16259.998
743.8  16114.438
743.7  15957.04
743.6  15846.484
743.5  15819.309
743.4  15629.977
743.3  15486.759
743.2  15559.829
743.1  15379.986
743  15322.036
742.9  15347.996
742.8  15157.488
742.7  15105.734
742.6  15094.784
742.5  15019.765
742.4  14879.32
742.3  14915.762
742.2  14897.66
742.1  14735.788
742  14779.658
741.9  14705.869
741.8  14904.707
741.7  14705.076
741.6  14582.709
741.5  14550.411
741.4  14550.704
741.3  14529.577
741.2  14479.832
741.1  14677.757
741  14646.479
740.9  14581.132
740.8  14548.042
740.7  14489.091
740.6  14433.874
740.5  14499.362
740.4  14483.324
740.3  14499.393
740.2  14575.128
740.1  14484.485
740  14396.704
739.9  14277.704
739.8  14392.151
739.7  14438.181
739.6  14256.276
739.5  14296.06
739.4  14351.054
739.3  14309.287
739.2  14445.044
739.1  14293.308
739  14465.529
738.9  14455.878
738.8  14415.312
738.7  14288.027
738.6  14345.582
738.5  14343.876
738.4  14375.459
738.3  14328.829
738.2  14261.318
738.1  14390.663
738  14514.195
737.9  14451.731
737.8  14314.104
737.7  14411.341
737.6  14439.194
737.5  14399.429
737.4  14412.79
737.3  14335.166
737.2  14248.591
737.1  14427.248
737  14415.276
736.9  14404.244
736.8  14293.162
736.7  14241.737
736.6  14335.249
736.5  14344.973
736.4  14405.839
736.3  14291.218
736.2  14334.753
736.1  14330.549
736  14378.912
735.9  14242.82
735.8  14318.74
735.7  14402.353
735.6  14320.862
735.5  14347.126
735.4  14371.308
735.3  14374.445
735.2  14359.071
735.1  14300.737
735  14230.32
734.9  14366.671
734.8  14344.821
734.7  14264.564
734.6  14318.322
734.5  14335.483
734.4  14426.714
734.3  14334.565
734.2  14401.69
734.1  14406.011
734  14337.593
733.9  14333.254
733.8  14476.705
733.7  14399.419
733.6  14380.061
733.5  14379.723
733.4  14404.211
733.3  14354.123
733.2  14502.19
733.1  14361.616
733  14340.773
732.9  14369.266
732.8  14592.244
732.7  14460.848
732.6  14357.87
732.5  14426.546
732.4  14377.7
732.3  14303.282
732.2  14418.936
732.1  14354.514
732  14383.24
731.9  14352.235
731.8  14327.389
731.7  14364.899
731.6  14445.1
731.5  14336.375
731.4  14455.649
731.3  14447.397
731.2  14372.652
731.1  14395.187
731  14484.101
730.9  14468.792
730.8  14427.571
730.7  14335.73
730.6  14363.512
730.5  14335.07
730.4  14466.561
730.3  14477.317
730.2  14501.567
730.1  14373.893
730  14305.22

# Region:                       Al 2p
# Spectrum ID:                  3
# Acquisition Date:             07/07/26 17:16:10 UTC
# Analysis Method:              XPS
# Analyzer:                     PHOIBOS MCD5 Analyzer
# Analyzer Lens:                LargeArea:1.5kV
# Analyzer Slit:                5:7x20\B:open
# Scan Mode:                    FixedAnalyzerTransmission
# Curves/Scan:                  1
# Values/Curve:                 331
# Dwell Time:                   0.1
# Excitation Energy:            1486.61
# Binding Energy:               90
# Pass Energy:                  50
# Bias Voltage:                 90
# Detector Voltage:             3000
# Eff. Workfunction:            4.543
# Source:                       X-Ray Dummy
# Comment:                      
#
# Cycle: 0
# Number of Scans: 2
#
# Cycle: 0, Curve: 0
# Acquisition Date:             07/07/26 17:16:10 UTC
#
# ColumnLabels:                 energy counts/s
#
90  5452.9976
89.9  5514.7035
89.8  5576.1174
89.7  5646.2289
89.6  5665.7882
89.5  5493.882
89.4  5076.3102
89.3  5447.1555
89.2  5663.1489
89.1  5529.3206
89  5315.5716
88.9  5301.9015
88.8  5237.2385
88.7  5187.9889
88.6  5189.9171
88.5  5149.0639
88.4  5119.1574
88.3  4847.4655
88.2  5010.6238
88.1  4744.1721
88  4550.5705
87.9  4354.5813
87.8  4291.2379
87.7  4386.7722
87.6  4294.9459
87.5  4376.8236
87.4  3946.4673
87.3  3960.0831
87.2  3725.3159
87.1  3928.4449
87  3716.147
86.9  3599.6989
86.8  3659.4052
86.7  3294.1676
86.6  3596.7762
86.5  3433.5664
86.4  3467.002
86.3  3630.7904
86.2  3547.2005
86.1  3453.8704
86  3578.5057
85.9  3539.7677
85.8  3466.5322
85.7  3501.494
85.6  3508.3821
85.5  3521.7849
85.4  3526.4018
85.3  3635.2429
85.2  3646.0256
85.1  3642.6678
85  3767.9208
84.9  3903.8113
84.8  3906.4314
84.7  4147.58
84.6  4108.5747
84.5  3888.0665
84.4  3924.1746
84.3  3843.8679
84.2  3972.6908
84.1  3911.7595
84  3908.2247
83.9  3868.0987
83.8  3878.9061
83.7  3842.8202
83.6  3645.2164
83.5  4009.6436
83.4  3863.7379
83.3  3820.0934
83.2  3858.6038
83.1  4078.5827
83  3976.2806
82.9  3996.4412
82.8  4109.4131
82.7  4307.7504
82.6  4197.6932
82.5  4339.3998
82.4  4557.8958
82.3  4477.0291
82.2  4635.1043
82.1  4783.8396
82  4926.209
81.9  5166.2101
81.8  4924.3541
81.7  4915.1887
81.6  5261.4781
81.5  5394.6626
81.4  5497.5086
81.3  5507.6825
81.2  5636.7338
81.1  5699.6829
81  5821.6971
80.9  5942.4302
80.8  5792.2132
80.7  5685.6662
80.6  5733.7732
80.5  5466.354
80.4  5686.2889
80.3  5733.0876
80.2  5652.7824
80.1  5660.3217
80  5541.7038
79.9  5435.1937
79.8  5393.8744
79.7  5432.2311
79.6  5262.5524
79.5  4952.9462
79.4  4945.3173
79.3  4797.3925
79.2  4535.9607
79.1  4680.0241
79  4575.921
78.9  4424.4565
78.8  4307.1439
78.7  4193.3348
78.6  4033.8848
78.5  3969.5764
78.4  3982.4105
78.3  3651.9821
78.2  3594.0039
78.1  3797.5346
78  3501.8277
77.9  3610.002
77.8  3520.3703
77.7  3544.5201
77.6  3260.6857
77.5  3364.2646
77.4  3211.7483
77.3  3129.8311
77.2  3022.3795
77.1  3116.81
77  2935.0695
76.9  2972.4834
76.8  2921.0937
76.7  3009.1121
76.6  2894.5645
76.5  2958.4528
76.4  3040.6772
76.3  2906.1643
76.2  2947.7464
76.1  3153.3262
76  2807.9209
75.9  2896.0538
75.8  2749.4388
75.7  2887.0423
75.6  2868.1816
75.5  3041.2172
75.4  2998.5094
75.3  2851.8422
75.2  2938.2253
75.1  2922.5457
75  2907.8364
74.9  2915.887
74.8  2757.9816
74.7  2793.2114
74.6  2578.2907
74.5  2786.6258
74.4  2881.5291
74.3  2997.4885
74.2  2830.2091
74.1  2984.9357
74  2847.6024
73.9  2668.8778
73.8  3026.1889
73.7  2899.9018
73.6  2865.5778
73.5  2844.9229
73.4  2722.5678
73.3  2852.8766
73.2  2891.7913
73.1  2768.7386
73  2697.9264
72.9  2890.2502
72.8  2894.844
72.7  2757.9396
72.6  2869.9405
72.5  2823.938
72.4  2763.7233
72.3  2770.4681
72.2  2915.0308
72.1  2822.9576
72  2790.6926
71.9  3186.1272
71.8  2948.4319
71.7  2848.2286
71.6  2943.5008
71.5  3026.1359
71.4  3075.1087
71.3  3028.4776
71.2  2732.7292
71.1  3130.2571
71  2835.8817
70.9  2826.5857
70.8  2915.0836
70.7  2823.1979
70.6  2866.667
70.5  2962.6125
70.4  3019.1475
70.3  2843.8096
70.2  2906.6828
70.1  2920.6546
70  2932.6509
69.9  2861.4767
69.8  2920.9648
69.7  2881.4717
69.6  2913.9867
69.5  2836.9088
69.4  2806.6502
69.3  2699.516
69.2  2739.0948
69.1  2818.1033
69  2826.8433
68.9  2840.2855
68.8  2872.6705
68.7  2934.5292
68.6  2920.9667
68.5  2963.4083
68.4  2794.0876
68.3  2807.555
68.2  2791.5291
68.1  2801.281
68  2822.6428
67.9  2835.7411
67.8  2926.5206
67.7  2777.5757
67.6  2861.7004
67.5  2899.4014
67.4  2803.5401
67.3  2800.8968
67.2  2818.7984
67.1  2871.9635
67  2630.0619
66.9  2729.4814
66.8  2718.2893
66.7  2802.1435
66.6  2812.9776
66.5  2750.2542
66.4  2800.8285
66.3  2865.9806
66.2  2773.1473
66.1  2961.3228
66  2649.315
65.9  2817.1739
65.8  2782.6453
65.7  2653.3614
65.6  2743.0014
65.5  2601.7103
65.4  2834.0527
65.3  2795.7226
65.2  2704.6323
65.1  2818.1681
65  2548.1432
64.9  2775.6896
64.8  2741.9508
64.7  2683.1776
64.6  2577.1405
64.5  2685.0653
64.4  2802.3679
64.3  2624.8337
64.2  2483.8388
64.1  2591.8927
64  2688.7466
63.9  2650.446
63.8  2649.2202
63.7  2599.2101
63.6  2577.9721
63.5  2594.4961
63.4  2743.1106
63.3  2609.4772
63.2  2752.1317
63.1  2701.7898
63  2898.3164
62.9  2631.1379
62.8  2674.594
62.7  2486.457
62.6  2606.2564
62.5  2687.6389
62.4  2503.3
62.3  2571.9621
62.2  2761.0528
62.1  2616.5398
62  2694.8393
61.9  2667.0171
61.8  2569.8217
61.7  2645.3805
61.6  2582.3378
61.5  2629.3835
61.4  2622.8709
61.3  2615.8534
61.2  2457.9222
61.1  2518.3366
61  2527.7033
60.9  2656.1275
60.8  2600.3374
60.7  2587.1492
60.6  2595.7195
60.5  2520.5757
60.4  2649.488
60.3  2600.6389
60.2  2631.6525
60.1  2539.7192
60  2670.7964
59.9  2659.902
59.8  2563.6221
59.7  2554.8196
59.6  2595.2642
59.5  2452.7717
59.4  2316.5984
59.3  2370.864
59.2  2727.434
59.1  2476.9809
59  2484.033
58.9  2377.2122
58.8  2780.29
58.7  2588.7455
58.6  2560.7527
58.5  2610.264
58.4  2550.9549
58.3  2598.0188
58.2  2625.7147
58.1  2463.4644
58  2460.4258
57.9  2628.8621
57.8  2494.326
57.7  2666.5077
57.6  2649.4196
57.5  2524.1343
57.4  2460.1178
57.3  2500.8865
57.2  2337.1658
57.1  2569.9727
57  2652.1892

# Operation:                    Peak Fit
# Range Start:                  90
# Range End:                    70.5317
# Parameter: "Transition" = 
# Parameter: "Label" = 
# Parameter: "Background Method" = Tougaard
# Parameter: "Peak Shape" = Voigt
# Parameter: "Asymmetric Peak" = false
# Parameter: "FWHM-Annotation" = S-B = <Signal-BG:@>\nFWHM = <FWHM:@>\nArea = <Area:@>
# Parameter: "Peak-Annotation" = <Label>\n<Transition>\nE = <Center:@>
#
# Result:
# Number of Results:            2
# Parameter: "Transition" = 
# Parameter: "Label" = 
# Parameter: "Center" = 80.527582347625184 eV +- 0.023983173924402176
# Parameter: "Area" = 10486.730707199609 cps eV +- 165.82791182297393
# Parameter: "FWHM (Lorentzian)" = 0 eV +- 0
# Parameter: "FWHM (Gaussian)" = 3.5628857087943646 eV +- 0.056046171974640957
# Parameter: "Asymmetry" = 0 +- 0
# Parameter: "Tougaard B" = 51660.311580261652 eV^2 +- 825.690897125069
# Parameter: "Tougaard C" = 1643 eV^2 +- 0
# Parameter: "FWHM" = 3.5628857087943646 eV
# Parameter: "Baseline Offset" = 2828.9706863351767 cps +- 15.224891000834994
# Parameter: "Abbe factor" = 0.16333275164643271
# Parameter: "Reduced Chi Square" = 3.4593619049810642
# Parameter: "Q Probability" = 3.0615520321269217e-52
# Parameter: "Number of performed iterations" = 7
# Parameter: "Fit termination reason" = ConvergedInParameter
# Parameter: "Signal" = 5716.1277897775217 cps
# Parameter: "Signal-BG" = 2765.0692621743792 cps
#
# Result Name:                  Background
# Number of Curves:             1
#
# Curve:                        0
# Values/Curve:                 110
#
90  5127.7336
89.822018  5069.9463
89.644037  5013.0647
89.466055  4957.0641
89.288073  4901.9204
89.110092  4847.6098
88.93211  4794.1089
88.754128  4741.3948
88.576147  4689.4448
88.398165  4638.2369
88.220183  4587.7493
88.042202  4537.9604
87.86422  4488.8494
87.686239  4440.3954
87.508257  4392.5782
87.330275  4345.3776
87.152294  4298.7741
86.974312  4252.7483
86.79633  4207.2811
86.618349  4162.3539
86.440367  4117.9483
86.262385  4074.0465
86.084404  4030.631
85.906422  3987.6847
85.72844  3945.1912
85.550459  3903.135
85.372477  3861.5011
85.194495  3820.2762
85.016514  3779.4481
84.838532  3739.0067
84.66055  3698.9444
84.482569  3659.2563
84.304587  3619.9418
84.126606  3581.0047
83.948624  3542.4543
83.770642  3504.3066
83.592661  3466.5853
83.414679  3429.3224
83.236697  3392.5597
83.058716  3356.3488
82.880734  3320.7519
82.702752  3285.842
82.524771  3251.7018
82.346789  3218.4233
82.168807  3186.1058
81.990826  3154.8543
81.812844  3124.7762
81.634862  3095.9784
81.456881  3068.5638
81.278899  3042.6278
81.100917  3018.2542
80.922936  2995.512
80.744954  2974.4526
80.566972  2955.107
80.388991  2937.4845
80.211009  2921.5721
80.033028  2907.3344
79.855046  2894.7152
79.677064  2883.6393
79.499083  2874.0151
79.321101  2865.7383
79.143119  2858.695
78.965138  2852.7657
78.787156  2847.8288
78.609174  2843.7639
78.431193  2840.4549
78.253211  2837.792
78.075229  2835.6741
77.897248  2834.0093
77.719266  2832.7163
77.541284  2831.724
77.363303  2830.9718
77.185321  2830.4085
77.007339  2829.9919
76.829358  2829.6876
76.651376  2829.468
76.473394  2829.3116
76.295413  2829.2017
76.117431  2829.1253
75.93945  2829.0729
75.761468  2829.0374
75.583486  2829.0138
75.405505  2828.9981
75.227523  2828.988
75.049541  2828.9814
74.87156  2828.9773
74.693578  2828.9747
74.515596  2828.9731
74.337615  2828.9721
74.159633  2828.9715
73.981651  2828.9712
73.80367  2828.971
73.625688  2828.9708
73.447706  2828.9708
73.269725  2828.9707
73.091743  2828.9707
72.913761  2828.9707
72.73578  2828.9707
72.557798  2828.9707
72.379817  2828.9707
72.201835  2828.9707
72.023853  2828.9707
71.845872  2828.9707
71.66789  2828.9707
71.489908  2828.9707
71.311927  2828.9707
71.133945  2828.9707
70.955963  2828.9707
70.777982  2828.9707
70.6  2828.9707

# Result Name:                  Peak Fit
# Number of Curves:             1
#
# Curve:                        0
# Values/Curve:                 110
#
90  5127.7336
89.822018  5069.9463
89.644037  5013.0647
89.466055  4957.0642
89.288073  4901.9206
89.110092  4847.6101
88.93211  4794.1095
88.754128  4741.3958
88.576147  4689.4468
88.398165  4638.2406
88.220183  4587.756
88.042202  4537.9726
87.86422  4488.8711
87.686239  4440.4335
87.508257  4392.6442
87.330275  4345.4904
87.152294  4298.9641
86.974312  4253.0641
86.79633  4207.7988
86.618349  4163.191
86.440367  4119.2832
86.262385  4076.1458
86.084404  4033.8872
85.906422  3992.6659
85.72844  3952.7065
85.550459  3914.3177
85.372477  3877.9125
85.194495  3844.0298
85.016514  3813.3563
84.838532  3786.7454
84.66055  3765.231
84.482569  3750.0326
84.304587  3742.547
84.126606  3744.3234
83.948624  3757.0166
83.770642  3782.3172
83.592661  3821.8561
83.414679  3877.0854
83.236697  3949.1391
83.058716  4038.682
82.880734  4145.7565
82.702752  4269.6413
82.524771  4408.7383
82.346789  4560.5021
82.168807  4721.4274
81.990826  4887.1063
81.812844  5052.3596
81.634862  5211.4426
81.456881  5358.3165
81.278899  5486.9692
81.100917  5591.7622
80.922936  5667.7773
80.744954  5711.1326
80.566972  5719.2394
80.388991  5690.978
80.211009  5626.7738
80.033028  5528.5675
79.855046  5399.6823
79.677064  5244.6002
79.499083  5068.6685
79.321101  4877.7638
79.143119  4677.9409
78.965138  4475.0977
78.787156  4274.6792
78.609174  4081.4415
78.431193  3899.2868
78.253211  3731.1734
78.075229  3579.099
77.897248  3444.1469
77.719266  3326.5819
77.541284  3225.9818
77.363303  3141.3864
77.185321  3071.4514
77.007339  3014.5941
76.829358  2969.1219
76.651376  2933.3388
76.473394  2905.6261
76.295413  2884.4999
76.117431  2868.6442
75.93945  2856.9271
75.761468  2848.4001
75.583486  2842.2887
75.405505  2837.9742
75.227523  2834.9739
75.049541  2832.9185
74.87156  2831.5311
74.693578  2830.6085
74.515596  2830.004
74.337615  2829.6136
74.159633  2829.3653
73.981651  2829.2095
73.80367  2829.1132
73.625688  2829.0546
73.447706  2829.0194
73.269725  2828.9986
73.091743  2828.9864
72.913761  2828.9795
72.73578  2828.9755
72.557798  2828.9733
72.379817  2828.9721
72.201835  2828.9714
72.023853  2828.9711
71.845872  2828.9709
71.66789  2828.9708
71.489908  2828.9707
71.311927  2828.9707
71.133945  2828.9707
70.955963  2828.9707
70.777982  2828.9707
70.6  2828.9707

# Region:                       Al 2p Extended
# Spectrum ID:                  4
# Acquisition Date:             07/07/26 17:29:39 UTC
# Analysis Method:              XPS
# Analyzer:                     PHOIBOS MCD5 Analyzer
# Analyzer Lens:                LargeArea:1.5kV
# Analyzer Slit:                5:7x20\B:open
# Scan Mode:                    FixedAnalyzerTransmission
# Curves/Scan:                  1
# Values/Curve:                 1331
# Dwell Time:                   0.1
# Excitation Energy:            1486.61
# Binding Energy:               190
# Pass Energy:                  50
# Bias Voltage:                 90
# Detector Voltage:             3000
# Eff. Workfunction:            4.543
# Source:                       X-Ray Dummy
# Comment:                      
#
# Cycle: 0
# Number of Scans: 5
#
# Cycle: 0, Curve: 0
# Acquisition Date:             07/07/26 17:29:39 UTC
#
# ColumnLabels:                 energy counts/s
#
190  5368.2895
189.9  5537.6568
189.8  5658.619
189.7  5461.5762
189.6  5597.3121
189.5  5643.0411
189.4  5516.0089
189.3  5685.6389
189.2  5581.4598
189.1  5516.4149
189  5742.2455
188.9  5654.4292
188.8  5532.4357
188.7  5503.1414
188.6  5481.0619
188.5  5583.6122
188.4  5667.336
188.3  5565.3991
188.2  5605.2119
188.1  5602.9894
188  5561.8473
187.9  5570.7012
187.8  5720.2891
187.7  5587.9637
187.6  5514.6454
187.5  5553.5792
187.4  5714.9039
187.3  5692.8439
187.2  5765.8127
187.1  5775.8053
187  5680.0946
186.9  5559.6349
186.8  5562.8993
186.7  5808.7248
186.6  5543.6979
186.5  5655.094
186.4  5706.0459
186.3  5623.9854
186.2  5672.9025
186.1  5632.2515
186  5571.0193
185.9  5524.288
185.8  5681.1321
185.7  5576.9031
185.6  5718.5473
185.5  5749.526
185.4  5654.5855
185.3  5672.5427
185.2  5564.7333
185.1  5601.3252
185  5560.0374
184.9  5795.7052
184.8  5625.5809
184.7  5546.2997
184.6  5713.8423
184.5  5736.4455
184.4  5685.1482
184.3  5671.0596
184.2  5609.4777
184.1  5798.0273
184  5617.2249
183.9  5895.1027
183.8  5400.2366
183.7  5572.8303
183.6  5631.08
183.5  5653.105
183.4  5423.8272
183.3  5513.5202
183.2  5791.3776
183.1  5510.9784
183  5480.0092
182.9  5679.3138
182.8  5684.5285
182.7  5676.2794
182.6  5663.0757
182.5  5688.2422
182.4  5558.0328
182.3  5675.8148
182.2  5680.9891
182.1  5680.9379
182  5638.165
181.9  5522.5463
181.8  5754.0546
181.7  5743.6827
181.6  5773.845
181.5  5745.7271
181.4  5763.3007
181.3  5777.3337
181.2  5794.5791
181.1  5693.6275
181  5547.6956
180.9  5647.4183
180.8  5641.6308
180.7  5806.2048
180.6  5699.2282
180.5  5648.7042
180.4  5799.844
180.3  5555.0312
180.2  5582.5204
180.1  5478.7021
180  5744.9431
179.9  5646.2607
179.8  5820.4009
179.7  5628.8168
179.6  5684.5725
179.5  5587.7176
179.4  5587.804
179.3  5531.9356
179.2  5526.2933
179.1  5635.2951
179  5550.3678
178.9  5564.5826
178.8  5812.1866
178.7  5705.3034
178.6  5745.8781
178.5  5633.2558
178.4  5622.4636
178.3  5570.0228
178.2  5553.4721
178.1  5540.7754
178  5556.0185
177.9  5700.7201
177.8  5572.9085
177.7  5589.2877
177.6  5577.0227
177.5  5683.0434
177.4  5740.8204
177.3  5691.8661
177.2  5776.4352
177.1  5553.3554
177  5783.6727
176.9  5644.1135
176.8  5595.9637
176.7  5694.7621
176.6  5571.1978
176.5  5590.2301
176.4  5616.9736
176.3  5682.2496
176.2  5471.9267
176.1  5661.019
176  5667.5477
175.9  5669.4608
175.8  5643.009
175.7  5628.453
175.6  5614.8924
175.5  5667.1935
175.4  5440.5777
175.3  5613.871
175.2  5680.0662
175.1  5637.306
175  5568.1923
174.9  5509.5913
174.8  5485.5067
174.7  5559.5611
174.6  5653.9099
174.5  5679.107
174.4  5719.7327
174.3  5566.1029
174.2  5531.5775
174.1  5617.2856
174  5669.3668
173.9  5695.9695
173.8  5616.085
173.7  5545.7079
173.6  5618.2348
173.5  5677.3686
173.4  5522.073
173.3  5721.5451
173.2  5712.648
173.1  5579.884
173  5526.636
172.9  5624.6382
172.8  5600.9217
172.7  5471.3054
172.6  5701.3347
172.5  5632.9125
172.4  5582.7403
172.3  5560.8913
172.2  5609.4522
172.1  5588.1904
172  5572.898
171.9  5547.1696
171.8  5624.2614
171.7  5427.8574
171.6  5528.1222
171.5  5350.809
171.4  5511.4406
171.3  5652.7336
171.2  5635.7411
171.1  5672.0366
171  5852.9093
170.9  5734.3666
170.8  5602.345
170.7  5543.2134
170.6  5577.523
170.5  5593.1482
170.4  5566.5213
170.3  5595.3197
170.2  5614.0478
170.1  5588.0892
170  5611.9665
169.9  5650.8893
169.8  5467.3794
169.7  5666.1645
169.6  5501.0684
169.5  5573.1515
169.4  5624.4043
169.3  5673.3298
169.2  5437.7778
169.1  5496.6248
169  5559.3579
168.9  5654.1914
168.8  5639.8499
168.7  5515.6397
168.6  5604.4167
168.5  5537.7272
168.4  5636.108
168.3  5786.4541
168.2  5522.8802
168.1  5518.4919
168  5485.3596
167.9  5550.8113
167.8  5553.1708
167.7  5556.7115
167.6  5484.0409
167.5  5515.863
167.4  5618.2542
167.3  5584.8142
167.2  5613.6659
167.1  5593.9844
167  5562.8999
166.9  5554.6236
166.8  5494.0026
166.7  5402.2124
166.6  5644.5847
166.5  5705.2892
166.4  5740.385
166.3  5776.8308
166.2  5518.0931
166.1  5536.632
166  5593.9851
165.9  5519.2991
165.8  5671.4531
165.7  5368.7787
165.6  5616.3123
165.5  5665.7547
165.4  5453.2107
165.3  5564.359
165.2  5586.4613
165.1  5542.6324
165  5569.2059
164.9  5541.9277
164.8  5567.4745
164.7  5479.6168
164.6  5540.8457
164.5  5377.8126
164.4  5558.4281
164.3  5601.3602
164.2  5565.7894
164.1  5714.0482
164  5710.9016
163.9  5548.2817
163.8  5656.473
163.7  5470.8069
163.6  5638.8918
163.5  5803.0483
163.4  5690.2421
163.3  5675.5311
163.2  5603.8373
163.1  5741.3073
163  5656.7707
162.9  5727.4882
162.8  5565.413
162.7  5389.9715
162.6  5496.4089
162.5  5767.5747
162.4  5573.4587
162.3  5599.362
162.2  5794.8069
162.1  5710.8103
162  5652.1575
161.9  5658.9622
161.8  5671.7974
161.7  5558.6843
161.6  5790.5781
161.5  5799.7432
161.4  5814.2643
161.3  5735.0361
161.2  5667.3303
161.1  5686.6992
161  5642.3492
160.9  6055.5814
160.8  5985.1546
160.7  5814.5915
160.6  5923.7015
160.5  5952.3786
160.4  5958.119
160.3  6028.2538
160.2  5993.989
160.1  6045.3941
160  6149.7623
159.9  6166.7186
159.8  6157.969
159.7  6175.9801
159.6  6265.5082
159.5  6249.6257
159.4  6265.2159
159.3  6064.053
159.2  6352.1846
159.1  6533.664
159  6455.7706
158.9  6526.9237
158.8  6422.4383
158.7  6640.6716
158.6  6646.4369
158.5  6628.2117
158.4  6513.6565
158.3  6649.2884
158.2  6869.0978
158.1  6813.8021
158  6734.6313
157.9  6690.7143
157.8  6937.435
157.7  6818.8514
157.6  6651.4762
157.5  6693.5414
157.4  6813.916
157.3  6867.0688
157.2  6955.599
157.1  6792.4548
157  6664.6141
156.9  6967.1483
156.8  7006.9793
156.7  6848.6655
156.6  6766.2215
156.5  6787.877
156.4  6963.4925
156.3  6625.962
156.2  6770.0826
156.1  6794.6573
156  6524.0123
155.9  6629.2749
155.8  6508.6347
155.7  6325.4058
155.6  6642.3174
155.5  6577.5327
155.4  6582.2827
155.3  6460.6554
155.2  6336.9301
155.1  6311.4833
155  6222.1198
154.9  6276.9487
154.8  6109.4573
154.7  6159.9727
154.6  6198.589
154.5  6291.4573
154.4  6108.6772
154.3  5883.0484
154.2  6116.0788
154.1  6169.8566
154  6038.3557
153.9  6021.5189
153.8  5873.0874
153.7  5999.6591
153.6  5955.3308
153.5  5793.1437
153.4  5645.9327
153.3  5898.1442
153.2  5838.3652
153.1  5682.483
153  5774.0994
152.9  5748.4197
152.8  5863.692
152.7  5804.2334
152.6  5759.818
152.5  5926.3923
152.4  5735.5769
152.3  5634.5441
152.2  5836.3613
152.1  5680.6579
152  5779.524
151.9  5767.5469
151.8  5754.5396
151.7  5625.2182
151.6  5831.9369
151.5  5907.6908
151.4  5725.5659
151.3  5758.2905
151.2  5720.9248
151.1  5728.6301
151  5670.7208
150.9  5544.8398
150.8  5536.1822
150.7  5758.5159
150.6  5663.2109
150.5  5776.4032
150.4  5741.7017
150.3  5785.8184
150.2  5745.5316
150.1  5561.6626
150  5494.0503
149.9  5682.9517
149.8  5608.8848
149.7  5739.7983
149.6  5669.2832
149.5  5598.2042
149.4  5528.5747
149.3  5553.266
149.2  5775.7537
149.1  5566.8505
149  5627.8047
148.9  5615.4445
148.8  5635.0692
148.7  5777.8274
148.6  5757.5021
148.5  5694.3001
148.4  5654.1542
148.3  5778.144
148.2  5512.1575
148.1  5614.5978
148  5533.5201
147.9  5678.8497
147.8  5762.6244
147.7  5797.844
147.6  5636.3907
147.5  5571.2646
147.4  5652.326
147.3  5592.3761
147.2  5569.3997
147.1  5498.0853
147  5507.516
146.9  5495.9533
146.8  5715.5655
146.7  5835.4027
146.6  5573.4532
146.5  5538.8504
146.4  5566.0616
146.3  5514.2473
146.2  5652.4459
146.1  5431.4344
146  5650.2645
145.9  5602.9247
145.8  5629.7132
145.7  5706.048
145.6  5545.092
145.5  5590.999
145.4  5720.9421
145.3  5748.1687
145.2  5493.1309
145.1  5588.1892
145  5680.9342
144.9  5698.8805
144.8  5857.8654
144.7  5759.3409
144.6  5590.0156
144.5  5520.7616
144.4  5468.6722
144.3  5571.0287
144.2  5767.8935
144.1  5616.7867
144  5848.485
143.9  5773.716
143.8  5739.3864
143.7  5726.4255
143.6  5834.9483
143.5  5765.6034
143.4  5663.3496
143.3  5741.1757
143.2  5935.6196
143.1  5824.8433
143  5746.2145
142.9  5901.14
142.8  5921.9393
142.7  6039.5552
142.6  5782.0908
142.5  5849.9815
142.4  5647.8843
142.3  5779.2629
142.2  5767.334
142.1  5889.6877
142  5885.25
141.9  5924.2695
141.8  6067.8783
141.7  5901.2445
141.6  5920.0345
141.5  5844.096
141.4  5874.6506
141.3  5857.902
141.2  5910.258
141.1  5750.3414
141  5873.8781
140.9  5920.9376
140.8  5846.402
140.7  5882.9398
140.6  5773.4664
140.5  5859.033
140.4  5949.912
140.3  5754.4096
140.2  5664.4878
140.1  5794.3835
140  5690.3861
139.9  5771.4018
139.8  5776.4574
139.7  5765.6946
139.6  5690.4922
139.5  5640.1991
139.4  5491.6651
139.3  5491.7617
139.2  5645.2151
139.1  5738.8343
139  5789.6809
138.9  5501.9181
138.8  5477.4565
138.7  5423.5562
138.6  5498.0164
138.5  5514.391
138.4  5420.809
138.3  5400.9296
138.2  5476.2954
138.1  5388.7987
138  5418.8838
137.9  5478.163
137.8  5422.271
137.7  5473.608
137.6  5295.3855
137.5  5357.3331
137.4  5361.3747
137.3  5419.636
137.2  5382.4961
137.1  5334.2162
137  5312.5352
136.9  5411.8797
136.8  5451.2514
136.7  5415.3919
136.6  5283.1442
136.5  5324.8625
136.4  5282.9249
136.3  5261.2025
136.2  5228.2095
136.1  5298.4143
136  5341.5724
135.9  5307.9347
135.8  5348.0255
135.7  5348.9037
135.6  5329.7764
135.5  5315.4556
135.4  5404.0518
135.3  5420.6627
135.2  5440.152
135.1  5442.947
135  5435.3033
134.9  5248.6922
134.8  5267.2454
134.7  5407.8506
134.6  5436.8761
134.5  5290.3908
134.4  5249.0937
134.3  5371.9732
134.2  5321.1341
134.1  5405.0967
134  5332.4279
133.9  5309.7698
133.8  5358.5692
133.7  5425.9624
133.6  5358.7628
133.5  5433.4933
133.4  5395.4147
133.3  5372.3974
133.2  5502.9172
133.1  5342.8523
133  5588.4604
132.9  5547.156
132.8  5367.7718
132.7  5400.3941
132.6  5386.9944
132.5  5527.6146
132.4  5247.3183
132.3  5395.7614
132.2  5362.0097
132.1  5365.9708
132  5402.725
131.9  5373.1454
131.8  5343.4275
131.7  5262.3417
131.6  5294.9028
131.5  5470.6666
131.4  5444.087
131.3  5426.3342
131.2  5492.2468
131.1  5517.2008
131  5455.6966
130.9  5381.7425
130.8  5485.6977
130.7  5422.7946
130.6  5502.2236
130.5  5541.6437
130.4  5554.4331
130.3  5455.5335
130.2  5523.6574
130.1  5758.7703
130  5562.9793
129.9  5559.7732
129.8  5560.921
129.7  5591.8051
129.6  5712.9777
129.5  5706.5747
129.4  5599.5425
129.3  5920.7093
129.2  5731.2306
129.1  5840.7074
129  5769.4485
128.9  5831.766
128.8  5905.2764
128.7  5956.3007
128.6  6107.9708
128.5  6009.3736
128.4  6119.007
128.3  6235.1919
128.2  6280.1052
128.1  6227.11
128  6362.8936
127.9  6428.587
127.8  6613.368
127.7  6707.8294
127.6  6789.0222
127.5  6864.0454
127.4  7095.8946
127.3  7351.4514
127.2  7290.6592
127.1  7419.8527
127  7543.4816
126.9  7579.7308
126.8  7868.3381
126.7  7940.7998
126.6  8037.0721
126.5  8286.7177
126.4  8155.247
126.3  8329.1959
126.2  8543.7848
126.1  8566.2443
126  8746.3658
125.9  8683.7854
125.8  8651.959
125.7  8973.7038
125.6  8830.478
125.5  8634.1538
125.4  8716.1705
125.3  8717.9802
125.2  8733.7857
125.1  8618.9966
125  8553.899
124.9  8326.7963
124.8  8299.9029
124.7  8392.9327
124.6  8204.7577
124.5  8141.7941
124.4  8036.9001
124.3  7763.7766
124.2  7688.0067
124.1  7693.9499
124  7642.8624
123.9  7537.5461
123.8  7228.8173
123.7  7177.6933
123.6  7007.6716
123.5  6873.4349
123.4  6743.9876
123.3  6613.8727
123.2  6369.7017
123.1  6587.0916
123  6374.0742
122.9  6251.1118
122.8  6172.4373
122.7  6183.6706
122.6  6064.0292
122.5  5858.7247
122.4  6039.14
122.3  5787.0553
122.2  5674.5678
122.1  5790.4123
122  5557.92
121.9  5542.0385
121.8  5475.6773
121.7  5526.7154
121.6  5313.2255
121.5  5242.8398
121.4  5355.8069
121.3  5289.3311
121.2  5234.9627
121.1  5083.3509
121  5223.0191
120.9  5192.7938
120.8  5146.6337
120.7  5141.1081
120.6  5043.5721
120.5  5067.4004
120.4  5154.8628
120.3  5154.8802
120.2  5006.8373
120.1  4917.489
120  5056.7104
119.9  5113.5516
119.8  4921.7347
119.7  4869.2741
119.6  4959.4578
119.5  4980.4204
119.4  4869.0012
119.3  4844.9719
119.2  4850.3514
119.1  4779.2815
119  4665.5745
118.9  4867.5291
118.8  4959.8813
118.7  4786.603
118.6  4870.2909
118.5  4882.4883
118.4  4855.8511
118.3  4682.455
118.2  4726.3795
118.1  4746.5466
118  4813.2314
117.9  4998.7521
117.8  4786.0518
117.7  4734.4147
117.6  4790.069
117.5  5046.7953
117.4  4917.9482
117.3  4946.5953
117.2  4800.3347
117.1  4908.8969
117  4909.6728
116.9  4777.0062
116.8  4704.3361
116.7  4816.9204
116.6  4859.2705
116.5  4841.5308
116.4  4766.2988
116.3  4939.5817
116.2  4914.2356
116.1  4753.5904
116  4897.0481
115.9  4942.016
115.8  4707.6016
115.7  4945.1558
115.6  5058.9034
115.5  4835.988
115.4  4703.5614
115.3  4786.0441
115.2  5102.9909
115.1  4954.7952
115  5012.8465
114.9  4956.0822
114.8  4789.0158
114.7  5028.6959
114.6  4893.5229
114.5  4914.3602
114.4  4865.8718
114.3  4919.2916
114.2  4914.2499
114.1  4846.5087
114  5052.7545
113.9  4905.8861
113.8  5136.2919
113.7  5019.7369
113.6  5029.3008
113.5  5111.7892
113.4  4975.0894
113.3  5208.1586
113.2  5129.8612
113.1  5109.7584
113  5142.6537
112.9  5066.1248
112.8  4971.3313
112.7  5165.3865
112.6  5202.3379
112.5  5304.6395
112.4  5232.1208
112.3  5259.8887
112.2  5127.2607
112.1  5427.88
112  5147.0521
111.9  5335.7984
111.8  5311.5402
111.7  5319.8153
111.6  5360.3294
111.5  5361.5338
111.4  5311.3796
111.3  5352.0565
111.2  5180.5025
111.1  5409.831
111  5367.2604
110.9  5300.0013
110.8  5222.2897
110.7  5106.1106
110.6  5213.8013
110.5  5173.1987
110.4  5138.1798
110.3  5161.1974
110.2  5222.1493
110.1  5220.819
110  5199.6574
109.9  5324.643
109.8  5054.3009
109.7  5251.6676
109.6  5296.3914
109.5  5570.7458
109.4  5417.0433
109.3  5398.143
109.2  5534.9669
109.1  5597.0729
109  5780.5538
108.9  5782.8119
108.8  5690.0138
108.7  5836.8793
108.6  6131.4637
108.5  6260.5751
108.4  6424.9183
108.3  6337.0219
108.2  6712.5366
108.1  6894.3041
108  6827.9603
107.9  7001.224
107.8  7254.3773
107.7  7579.1526
107.6  7718.1118
107.5  7735.9073
107.4  8193.6041
107.3  8174.5899
107.2  8329.9852
107.1  8680.2794
107  8972.0895
106.9  9214.3282
106.8  9505.3744
106.7  9526.7669
106.6  9775.205
106.5  10067.209
106.4  10141.61
106.3  10288.222
106.2  10185.759
106.1  10362.664
106  10614.271
105.9  10304.318
105.8  10359.48
105.7  10613.891
105.6  10503.594
105.5  10596.708
105.4  10347.198
105.3  10215.29
105.2  10227.143
105.1  10251.215
105  9832.917
104.9  9618.7579
104.8  9625.9463
104.7  9339.4977
104.6  9198.5142
104.5  9071.8494
104.4  8929.4463
104.3  8593.4066
104.2  8367.4862
104.1  7951.9129
104  7599.1653
103.9  7634.0936
103.8  7378.9247
103.7  7144.3882
103.6  7170.5846
103.5  6686.6847
103.4  6447.4608
103.3  6504.1612
103.2  6294.8816
103.1  6009.012
103  5891.3552
102.9  5917.6412
102.8  5583.5794
102.7  5434.5898
102.6  5255.6677
102.5  5405.7542
102.4  5290.5501
102.3  4977.346
102.2  5122.1116
102.1  4970.4767
102  4925.7932
101.9  4792.4381
101.8  4730.0994
101.7  4703.3349
101.6  4541.3899
101.5  4549.4488
101.4  4501.4164
101.3  4413.2843
101.2  4401.8065
101.1  4250.5897
101  4344.4914
100.9  4288.6311
100.8  4203.8555
100.7  4178.7208
100.6  4077.596
100.5  4127.8783
100.4  4046.1688
100.3  4010.7107
100.2  4137.1322
100.1  4030.3631
100  3995.3412
99.9  3951.7304
99.8  3889.8511
99.7  3832.2272
99.6  3870.138
99.5  3987.5863
99.4  3826.6278
99.3  3923.4428
99.2  3850.7792
99.1  3846.495
99  3789.1789
98.9  3831.6314
98.8  3852.6766
98.7  3748.1324
98.6  3817.8816
98.5  3808.9261
98.4  3815.8698
98.3  3702.8336
98.2  3880.2802
98.1  3746.8711
98  3688.1788
97.9  3733.323
97.8  3624.6754
97.7  3648.8431
97.6  3664.2836
97.5  3826.7034
97.4  3888.517
97.3  3919.1761
97.2  3728.8024
97.1  3719.4051
97  3763.3125
96.9  3654.716
96.8  3642.0356
96.7  3893.0108
96.6  3826.2251
96.5  3840.7439
96.4  3811.1308
96.3  3804.4546
96.2  3790.4046
96.1  3819.8403
96  3888.8892
95.9  3991.5997
95.8  4018.1078
95.7  4063.8283
95.6  4025.5676
95.5  4034.2401
95.4  4059.4211
95.3  4152.4908
95.2  4202.478
95.1  4153.1722
95  4272.1392
94.9  4325.4318
94.8  4444.2796
94.7  4378.4367
94.6  4586.5915
94.5  4586.0753
94.4  4569.3813
94.3  4882.0668
94.2  4730.7105
94.1  4961.6525
94  4935.3819
93.9  4875.4469
93.8  5010.7294
93.7  4972.027
93.6  5053.447
93.5  5011.33
93.4  5073.1887
93.3  5111.2188
93.2  5028.3671
93.1  5179.68
93  4970.4854
92.9  5117.5601
92.8  5134.1667
92.7  5168.0621
92.6  4943.0169
92.5  4855.935
92.4  4861.5212
92.3  4842.2686
92.2  4899
92.1  4699.0075
92  4752.3105
91.9  4772.2388
91.8  4743.228
91.7  4788.9303
91.6  4774.042
91.5  4790.5687
91.4  4724.6677
91.3  4965.1912
91.2  4890.4946
91.1  4967.3548
91  4900.5749
90.9  5210.1444
90.8  5148.7295
90.7  5136.8387
90.6  5240.1006
90.5  5125.0296
90.4  5125.4027
90.3  5332.6333
90.2  5333.5248
90.1  5313.0057
90  5488.6357
89.9  5394.5392
89.8  5312.3206
89.7  5549.3033
89.6  5535.0179
89.5  5413.3163
89.4  5344.7531
89.3  5439.5527
89.2  5503.234
89.1  5401.6921
89  5397.4387
88.9  5228.646
88.8  5271.8188
88.7  5185.6578
88.6  5224.7627
88.5  5043.8192
88.4  5012.9051
88.3  4806.8865
88.2  4766.7297
88.1  4686.4892
88  4565.1711
87.9  4433.1569
87.8  4444.2858
87.7  4282.652
87.6  4158.4566
87.5  4102.2921
87.4  3915.5403
87.3  3817.2392
87.2  3957.0366
87.1  3778.2016
87  3614.967
86.9  3538.9905
86.8  3583.7736
86.7  3441.9697
86.6  3438.1339
86.5  3506.8012
86.4  3457.3168
86.3  3430.8183
86.2  3417.0496
86.1  3366.6152
86  3433.3987
85.9  3497.5649
85.8  3494.339
85.7  3492.7377
85.6  3723.9699
85.5  3672.7238
85.4  3680.3381
85.3  3699.0349
85.2  3859.123
85.1  3749.9181
85  3865.4349
84.9  3844.9155
84.8  3783.198
84.7  3834.9429
84.6  3909.2785
84.5  3908.5292
84.4  3933.5378
84.3  3813.7859
84.2  3851.0349
84.1  3908.0499
84  3790.728
83.9  3741.6932
83.8  3776.5168
83.7  3679.2077
83.6  3679.5902
83.5  3802.0922
83.4  3859.0663
83.3  3876.9563
83.2  3881.837
83.1  3924.9407
83  4094.7108
82.9  4028.3268
82.8  4141.9187
82.7  3949.8038
82.6  4268.8887
82.5  4411.7417
82.4  4345.6822
82.3  4468.5165
82.2  4572.3597
82.1  4655.2263
82  4853.4377
81.9  5046.8969
81.8  5111.5715
81.7  5220.1988
81.6  5130.3625
81.5  5257.0401
81.4  5437.9413
81.3  5457.1373
81.2  5780.5908
81.1  5764.1118
81  5899.0586
80.9  5681.8504
80.8  5646.0121
80.7  5801.6095
80.6  5691.1638
80.5  5611.4047
80.4  5677.4623
80.3  5650.6635
80.2  5621.1964
80.1  5433.3104
80  5448.5045
79.9  5498.4299
79.8  5351.2545
79.7  5280.9741
79.6  5069.0954
79.5  5304.4718
79.4  4909.3024
79.3  4917.8491
79.2  4712.4918
79.1  4829.4065
79  4402.4244
78.9  4528.6502
78.8  4304.7942
78.7  4211.8829
78.6  3948.8305
78.5  3926.4849
78.4  3914.9002
78.3  3762.9148
78.2  3553.0327
78.1  3593.6975
78  3585.2389
77.9  3430.2148
77.8  3393.255
77.7  3289.3869
77.6  3305.904
77.5  3196.5799
77.4  3293.7749
77.3  3210.4567
77.2  3056.2914
77.1  3011.5653
77  3127.9137
76.9  3189.752
76.8  3068.7904
76.7  3091.2467
76.6  2997.8462
76.5  2932.7256
76.4  2914.3896
76.3  2926.1969
76.2  2928.6918
76.1  2995.5793
76  2909.5948
75.9  2752.2754
75.8  2861.358
75.7  2849.9636
75.6  2867.3285
75.5  2857.4313
75.4  2712.1792
75.3  2834.5576
75.2  2788.8675
75.1  2764.8954
75  2756.8516
74.9  2771.5448
74.8  2768.1852
74.7  2718.4629
74.6  2675.0063
74.5  2699.1594
74.4  2612.7681
74.3  2728.7946
74.2  2802.9207
74.1  2873.3796
74  2715.7939
73.9  2625.7601
73.8  2702.5684
73.7  2674.5055
73.6  2815.5077
73.5  2803.1216
73.4  2758.9745
73.3  2828.3638
73.2  2885.0163
73.1  2777.166
73  2835.4793
72.9  2851.3567
72.8  2890.52
72.7  2870.6761
72.6  2892.9236
72.5  2946.9158
72.4  2969.7479
72.3  2800.4855
72.2  2850.1929
72.1  2840.4727
72  2818.4963
71.9  2932.2167
71.8  2909.9231
71.7  2940.1609
71.6  3004.5577
71.5  2903.7582
71.4  2829.7652
71.3  2907.5495
71.2  2861.1493
71.1  3019.7162
71  2994.9463
70.9  2944.5327
70.8  3038.0514
70.7  2936.0715
70.6  2891.7971
70.5  2872.2448
70.4  2982.7412
70.3  2921.0844
70.2  2909.7773
70.1  2960.68
70  2899.1375
69.9  2933.5776
69.8  2907.1572
69.7  2900.5779
69.6  2984.2953
69.5  2937.9452
69.4  2905.3133
69.3  2896.8758
69.2  2964.4222
69.1  2943.4276
69  2837.083
68.9  2739.5327
68.8  2760.503
68.7  2852.2853
68.6  2901.9803
68.5  2810.5008
68.4  2810.1901
68.3  2997.4604
68.2  3002.4147
68.1  2840.5353
68  2813.7033
67.9  2793.3638
67.8  2953.876
67.7  2819.4893
67.6  2655.1644
67.5  2867.5011
67.4  2879.1789
67.3  2852.6535
67.2  2767.3464
67.1  2678.4393
67  2768.4771
66.9  2846.1351
66.8  2702.6193
66.7  2758.9178
66.6  2825.477
66.5  2824.7567
66.4  2759.6208
66.3  2807.4635
66.2  2667.4111
66.1  2641.9989
66  2669.3686
65.9  2667.9363
65.8  2759.5413
65.7  2677.2876
65.6  2873.5075
65.5  2853.674
65.4  2705.277
65.3  2657.9542
65.2  2696.1857
65.1  2635.6632
65  2686.7604
64.9  2718.3648
64.8  2700.4561
64.7  2627.7525
64.6  2651.4915
64.5  2523.1876
64.4  2710.2438
64.3  2626.5583
64.2  2685.5299
64.1  2609.6032
64  2612.991
63.9  2582.2686
63.8  2611.6042
63.7  2536.6833
63.6  2546.0009
63.5  2515.3884
63.4  2671.3241
63.3  2612.5228
63.2  2527.5557
63.1  2568.4421
63  2535.5635
62.9  2585.2216
62.8  2646.0295
62.7  2641.7248
62.6  2517.1022
62.5  2589.3082
62.4  2674.3727
62.3  2602.2901
62.2  2546.6846
62.1  2595.3487
62  2555.4431
61.9  2606.1202
61.8  2485.8888
61.7  2448.8332
61.6  2606.8883
61.5  2620.5809
61.4  2678.6264
61.3  2571.1059
61.2  2604.4421
61.1  2599.5198
61  2575.201
60.9  2458.6696
60.8  2520.707
60.7  2546.8891
60.6  2488.6409
60.5  2529.3737
60.4  2485.6022
60.3  2552.8332
60.2  2634.1089
60.1  2551.0198
60  2585.1124
59.9  2611.6414
59.8  2585.1748
59.7  2586.9241
59.6  2469.415
59.5  2528.2138
59.4  2685.4329
59.3  2508.5728
59.2  2467.1331
59.1  2620.009
59  2616.8577
58.9  2570.8152
58.8  2456.245
58.7  2511.5114
58.6  2496.6228
58.5  2466.0296
58.4  2458.5937
58.3  2470.911
58.2  2431.7724
58.1  2473.0301
58  2470.2895
57.9  2500.6216
57.8  2541.2234
57.7  2469.991
57.6  2428.8275
57.5  2556.2579
57.4  2479.0817
57.3  2430.6502
57.2  2477.3858
57.1  2651.3937
57  2556.8319

# Operation:                    Peak Fit
# Range Start:                  90
# Range End:                    70.5317
# Parameter: "Transition" = 
# Parameter: "Label" = 
# Parameter: "Background Method" = Tougaard
# Parameter: "Peak Shape" = Voigt
# Parameter: "Asymmetric Peak" = false
# Parameter: "FWHM-Annotation" = S-B = <Signal-BG:@>\nFWHM = <FWHM:@>\nArea = <Area:@>
# Parameter: "Peak-Annotation" = <Label>\n<Transition>\nE = <Center:@>
#
# Result:
# Number of Results:            2
# Parameter: "Transition" = 
# Parameter: "Label" = 
# Parameter: "Center" = 80.511521712643571 eV +- 0.01501445428939536
# Parameter: "Area" = 10543.671188949798 cps eV +- 104.49216491402595
# Parameter: "FWHM (Lorentzian)" = 2.2204460492503131e-16 eV +- 0
# Parameter: "FWHM (Gaussian)" = 3.5588306252794433 eV +- 0.035019962265734977
# Parameter: "Asymmetry" = 0 +- 0
# Parameter: "Tougaard B" = 51034.695985958053 eV^2 +- 514.52684822849824
# Parameter: "Tougaard C" = 1643 eV^2 +- 0
# Parameter: "FWHM" = 3.5588306252794433 eV
# Parameter: "Baseline Offset" = 2800.1945354469512 cps +- 9.5821622985660628
# Parameter: "Abbe factor" = 0.085810630592763157
# Parameter: "Reduced Chi Square" = 7.9129867031105814
# Parameter: "Q Probability" = 1.0091775153281683e-200
# Parameter: "Number of performed iterations" = 11
# Parameter: "Fit termination reason" = ConvergedInChi
# Parameter: "Signal" = 5704.5500421921188 cps
# Parameter: "Signal-BG" = 2783.2506832136942 cps
#
# Result Name:                  Background
# Number of Curves:             1
#
# Curve:                        0
# Values/Curve:                 111
#
90  5080.5932
89.823636  5024.0812
89.647273  4968.436
89.470909  4913.6343
89.294545  4859.6532
89.118182  4806.4702
88.941818  4754.0632
88.765455  4702.4105
88.589091  4651.4908
88.412727  4601.283
88.236364  4551.7666
88.06  4502.9212
87.883636  4454.7269
87.707273  4407.164
87.530909  4360.2133
87.354545  4313.8558
87.178182  4268.0727
87.001818  4222.8459
86.825455  4178.1571
86.649091  4133.9887
86.472727  4090.3232
86.296364  4047.1436
86.12  4004.4333
85.943636  3962.176
85.767273  3920.356
85.590909  3878.9584
85.414545  3837.9688
85.238182  3797.3742
85.061818  3757.1626
84.885455  3717.3239
84.709091  3677.8499
84.532727  3638.7355
84.356364  3599.9784
84.18  3561.581
84.003636  3523.5502
83.827273  3485.8992
83.650909  3448.6479
83.474545  3411.8239
83.298182  3375.4639
83.121818  3339.6137
82.945455  3304.3293
82.769091  3269.6768
82.592727  3235.7322
82.416364  3202.5807
82.24  3170.3156
82.063636  3139.0364
81.887273  3108.8466
81.710909  3079.8505
81.534545  3052.1507
81.358182  3025.8441
81.181818  3001.0183
81.005455  2977.7489
80.829091  2956.0954
80.652727  2936.0993
80.476364  2917.7821
80.3  2901.1436
80.123636  2886.1625
79.947273  2872.796
79.770909  2860.9823
79.594545  2850.642
79.418182  2841.6815
79.241818  2833.9958
79.065455  2827.4722
78.889091  2821.994
78.712727  2817.4434
78.536364  2813.7051
78.36  2810.6683
78.183636  2808.2295
78.007273  2806.2932
77.830909  2804.7739
77.654545  2803.5956
77.478182  2802.6928
77.301818  2802.0091
77.125455  2801.4977
76.949091  2801.1198
76.772727  2800.844
76.596364  2800.6451
76.42  2800.5035
76.243636  2800.4039
76.067273  2800.3347
75.890909  2800.2873
75.714545  2800.2552
75.538182  2800.2337
75.361818  2800.2195
75.185455  2800.2103
75.009091  2800.2043
74.832727  2800.2006
74.656364  2800.1982
74.48  2800.1967
74.303636  2800.1958
74.127273  2800.1953
73.950909  2800.195
73.774545  2800.1948
73.598182  2800.1947
73.421818  2800.1946
73.245455  2800.1946
73.069091  2800.1946
72.892727  2800.1945
72.716364  2800.1945
72.54  2800.1945
72.363636  2800.1945
72.187273  2800.1945
72.010909  2800.1945
71.834545  2800.1945
71.658182  2800.1945
71.481818  2800.1945
71.305455  2800.1945
71.129091  2800.1945
70.952727  2800.1945
70.776364  2800.1945
70.6  2800.1945

# Result Name:                  Peak Fit
# Number of Curves:             1
#
# Curve:                        0
# Values/Curve:                 111
#
90  5080.5933
89.823636  5024.0812
89.647273  4968.436
89.470909  4913.6343
89.294545  4859.6533
89.118182  4806.4704
88.941818  4754.0637
88.765455  4702.4115
88.589091  4651.4926
88.412727  4601.2863
88.236364  4551.7725
88.06  4502.9318
87.883636  4454.7458
87.707273  4407.1973
87.530909  4360.2709
87.354545  4313.9541
87.178182  4268.2384
87.001818  4223.1211
86.825455  4178.6083
86.649091  4134.7184
86.472727  4091.4875
86.296364  4048.9759
86.12  4007.278
85.943636  3966.5327
85.767273  3926.9382
85.590909  3888.7682
85.414545  3852.3914
85.238182  3818.2915
85.061818  3787.0891
84.885455  3759.5608
84.709091  3736.6548
84.532727  3719.4999
84.356364  3709.4025
84.18  3707.8295
84.003636  3716.3717
83.827273  3736.6864
83.650909  3770.4143
83.474545  3819.0748
83.298182  3883.938
83.121818  3965.8835
82.945455  4065.2507
82.769091  4181.6956
82.592727  4314.0667
82.416364  4460.3151
82.24  4617.4539
82.063636  4781.5799
81.887273  4947.9637
81.710909  5111.2138
81.534545  5265.508
81.358182  5404.8808
81.181818  5523.5491
81.005455  5616.2514
80.829091  5678.5725
80.652727  5707.2279
80.476364  5700.2797
80.3  5657.2669
80.123636  5579.2358
79.947273  5468.6689
79.770909  5329.3188
79.594545  5165.9619
79.418182  4984.0953
79.241818  4789.6019
79.065455  4588.4146
78.889091  4386.2023
78.712727  4188.1035
78.536364  3998.5203
78.36  3820.9842
78.183636  3658.0934
78.007273  3511.5177
77.830909  3382.0599
77.654545  3269.7615
77.478182  3174.036
77.301818  3093.8165
77.125455  3027.703
76.949091  2974.0994
76.772727  2931.3327
76.596364  2897.7489
76.42  2871.7864
76.243636  2852.0242
76.067273  2837.2105
75.890909  2826.2738
75.714545  2818.3202
75.538182  2812.6222
75.361818  2808.6002
75.185455  2805.8031
75.009091  2803.8862
74.832727  2802.5916
74.656364  2801.73
74.48  2801.1648
74.303636  2800.7993
74.127273  2800.5664
73.950909  2800.4201
73.774545  2800.3295
73.598182  2800.2742
73.421818  2800.2409
73.245455  2800.2212
73.069091  2800.2096
72.892727  2800.203
72.716364  2800.1992
72.54  2800.1971
72.363636  2800.1959
72.187273  2800.1953
72.010909  2800.1949
71.834545  2800.1947
71.658182  2800.1946
71.481818  2800.1946
71.305455  2800.1946
71.129091  2800.1945
70.952727  2800.1945
70.776364  2800.1945
70.6  2800.1945

# Region:                       Mo 3d
# Spectrum ID:                  5
# Acquisition Date:             07/07/26 17:34:26 UTC
# Analysis Method:              XPS
# Analyzer:                     PHOIBOS MCD5 Analyzer
# Analyzer Lens:                LargeArea:1.5kV
# Analyzer Slit:                5:7x20\B:open
# Scan Mode:                    FixedAnalyzerTransmission
# Curves/Scan:                  1
# Values/Curve:                 421
# Dwell Time:                   0.1
# Excitation Energy:            1486.61
# Binding Energy:               257
# Pass Energy:                  50
# Bias Voltage:                 90
# Detector Voltage:             3000
# Eff. Workfunction:            4.543
# Source:                       X-Ray Dummy
# Comment:                      
#
# Cycle: 0
# Number of Scans: 5
#
# Cycle: 0, Curve: 0
# Acquisition Date:             07/07/26 17:34:26 UTC
#
# ColumnLabels:                 energy counts/s
#
257  6451.3391
256.9  6315.3236
256.8  6485.3116
256.7  6445.6208
256.6  6318.5997
256.5  6327.563
256.4  6417.9543
256.3  6513.4036
256.2  6462.6286
256.1  6371.6232
256  6406.3283
255.9  6253.0174
255.8  6390.34
255.7  6382.365
255.6  6478.6086
255.5  6540.1229
255.4  6395.6691
255.3  6468.4092
255.2  6467.7596
255.1  6464.5028
255  6444.0418
254.9  6490.028
254.8  6562.809
254.7  6446.7548
254.6  6304.7007
254.5  6450.3602
254.4  6443.1382
254.3  6511.4603
254.2  6576.2639
254.1  6286.6134
254  6430.1324
253.9  6301.6034
253.8  6462.7235
253.7  6607.6781
253.6  6499.7091
253.5  6416.1207
253.4  6466.3616
253.3  6357.4737
253.2  6617.7052
253.1  6396.8792
253  6355.6281
252.9  6334.2398
252.8  6203.5532
252.7  6198.0453
252.6  6326.4168
252.5  6565.1943
252.4  6531.6563
252.3  6431.3559
252.2  6224.6955
252.1  6179.6996
252  6351.6076
251.9  6307.9738
251.8  6543.7762
251.7  6379.2057
251.6  6421.1639
251.5  6355.0388
251.4  6409.3692
251.3  6221.3329
251.2  6412.01
251.1  6277.5476
251  6261.5079
250.9  6094.025
250.8  6145.464
250.7  6306.4838
250.6  6201.948
250.5  6196.6209
250.4  6416.301
250.3  6208.9931
250.2  6156.2095
250.1  6218.7218
250  6270.2233
249.9  6423.5612
249.8  6260.6584
249.7  6256.373
249.6  6021.2682
249.5  6169.9823
249.4  6273.6116
249.3  6187.099
249.2  6235.6431
249.1  6284.0833
249  6195.625
248.9  6263.7964
248.8  6148.9993
248.7  6211.3893
248.6  6043.7387
248.5  6035.5952
248.4  6256.6948
248.3  6264.2053
248.2  6101.2467
248.1  6065.2987
248  6061.7595
247.9  6371.5519
247.8  6110.3769
247.7  6184.1698
247.6  6309.138
247.5  6125.3418
247.4  6050.0433
247.3  6010.5404
247.2  6054.7214
247.1  6150.0671
247  6186.7691
246.9  6136.3255
246.8  6164.5349
246.7  6062.6741
246.6  6224.1396
246.5  6080.7794
246.4  5960.6398
246.3  6243.6125
246.2  6319.505
246.1  6471.0201
246  6147.4575
245.9  6210.1127
245.8  6358.5797
245.7  6168.2377
245.6  6178.2081
245.5  6260.4825
245.4  6287.9479
245.3  6343.3465
245.2  6256.49
245.1  6332.8699
245  6274.4456
244.9  6103.1685
244.8  6223.9355
244.7  6454.0415
244.6  6430.7245
244.5  6452.5157
244.4  6446.2704
244.3  6573.6939
244.2  6611.9921
244.1  6514.3798
244  6573.67
243.9  6824.9797
243.8  6826.0801
243.7  6739.9547
243.6  6853.8087
243.5  6761.5018
243.4  6963.26
243.3  7135.4644
243.2  7018.1597
243.1  7141.8817
243  7229.9501
242.9  7490.8766
242.8  7566.9138
242.7  7368.8704
242.6  7625.1624
242.5  7430.5681
242.4  7589.8426
242.3  7544.9005
242.2  7779.8225
242.1  7789.7824
242  7729.9946
241.9  7855.9756
241.8  7837.1163
241.7  7949.3455
241.6  7836.9303
241.5  7859.6449
241.4  8218.811
241.3  7991.1088
241.2  8297.7635
241.1  8311.1696
241  8055.8704
240.9  8168.8988
240.8  8170.0312
240.7  8150.8781
240.6  8203.497
240.5  8457.1254
240.4  8315.6193
240.3  8457.2613
240.2  8454.7262
240.1  8319.9597
240  8456.8575
239.9  8514.838
239.8  8536.2177
239.7  8549.2017
239.6  8520.7275
239.5  8393.5359
239.4  8442.0155
239.3  8434.9165
239.2  8401.5154
239.1  8506.5624
239  8567.2204
238.9  8285.8268
238.8  8402.6179
238.7  8433.7606
238.6  8474.8774
238.5  8409.0792
238.4  8203.6254
238.3  8340.5843
238.2  8306.5348
238.1  8189.1101
238  8188.5056
237.9  8114.9071
237.8  8062.5086
237.7  7934.4821
237.6  7849.7482
237.5  8044.6987
237.4  7802.7566
237.3  7823.0301
237.2  7631.8347
237.1  7422.6685
237  7314.4192
236.9  7261.873
236.8  7111.0223
236.7  7095.457
236.6  6931.7744
236.5  6957.2783
236.4  6881.2862
236.3  6828.1647
236.2  6729.55
236.1  6501.0946
236  6608.8422
235.9  6545.4995
235.8  6241.3499
235.7  6423.7412
235.6  6260.8452
235.5  6074.8622
235.4  6169.8712
235.3  6037.3627
235.2  6208.3131
235.1  6166.8415
235  5979.0108
234.9  5926.3936
234.8  6069.3386
234.7  6149.2878
234.6  5932.2834
234.5  5908.2311
234.4  5848.3513
234.3  5848.1829
234.2  5837.6509
234.1  5778.0452
234  5951.8922
233.9  5952.3025
233.8  5952.6826
233.7  5780.541
233.6  5768.2691
233.5  5606.2045
233.4  5755.3594
233.3  5840.3182
233.2  5748.0418
233.1  5890.742
233  5796.9391
232.9  5704.6635
232.8  5846.8217
232.7  5886.5908
232.6  5953.6935
232.5  5886.1584
232.4  5889.995
232.3  6004.8245
232.2  5780.4287
232.1  5715.5099
232  6018.0792
231.9  5924.2184
231.8  5927.5547
231.7  5947.8146
231.6  5855.2252
231.5  5798.6027
231.4  5815.179
231.3  5760.3985
231.2  5880.9368
231.1  5775.3426
231  5894.3091
230.9  5896.9604
230.8  5893.9692
230.7  5993.596
230.6  5862.7929
230.5  5694.0521
230.4  5731.1319
230.3  5903.7261
230.2  5801.4093
230.1  5785.4151
230  5865.2179
229.9  5816.448
229.8  5928.4465
229.7  5841.4938
229.6  5891.6836
229.5  5913.7062
229.4  5985.1003
229.3  5976.8726
229.2  5747.6315
229.1  5880.3509
229  5852.3558
228.9  5818.7654
228.8  5804.7525
228.7  5927.841
228.6  5775.9101
228.5  5835.8728
228.4  5949.7673
228.3  5817.7846
228.2  5983.6907
228.1  6007.6347
228  5983.52
227.9  5951.68
227.8  5820.213
227.7  5943.7007
227.6  5943.2273
227.5  5878.5181
227.4  5873.2251
227.3  5597.1199
227.2  5737.0088
227.1  5937.4955
227  5820.0191
226.9  5950.0761
226.8  5893.8365
226.7  5834.5912
226.6  5688.0444
226.5  5808.9661
226.4  5877.7293
226.3  5631.7702
226.2  5716.0718
226.1  5688.4201
226  5710.3376
225.9  5748.0103
225.8  5782.0448
225.7  5625.2224
225.6  5482.4986
225.5  5719.6549
225.4  5649.3087
225.3  5617.6087
225.2  5848.8732
225.1  5598.8367
225  5648.4769
224.9  5689.7766
224.8  5680.4971
224.7  5683.0821
224.6  5647.6942
224.5  5544.8486
224.4  5714.5092
224.3  5515.2554
224.2  5702.8548
224.1  5640.1542
224  5813.2233
223.9  5764.0513
223.8  5587.119
223.7  5717.7025
223.6  5541.9392
223.5  5558.4156
223.4  5583.1358
223.3  5730.6367
223.2  5646.6999
223.1  5641.3796
223  5578.5823
222.9  5770.4314
222.8  5535.7132
222.7  5691.2864
222.6  5657.6467
222.5  5601.9332
222.4  5611.5959
222.3  5440.8983
222.2  5549.2694
222.1  5534.2487
222  5572.6745
221.9  5458.6323
221.8  5630.4893
221.7  5704.7481
221.6  5756.925
221.5  5532.0698
221.4  5734.2657
221.3  5578.2324
221.2  5753.839
221.1  5563.1113
221  5570.1478
220.9  5671.3892
220.8  5557.4571
220.7  5727.8707
220.6  5670.7933
220.5  5545.5788
220.4  5641.1805
220.3  5613.8521
220.2  5524.3237
220.1  5566.2548
220  5677.8639
219.9  5734.7259
219.8  5535.887
219.7  5594.2815
219.6  5613.1073
219.5  5473.7122
219.4  5713.6038
219.3  5588.8493
219.2  5713.6119
219.1  5577.5354
219  5551.0415
218.9  5609.0317
218.8  5619.7238
218.7  5698.5453
218.6  5581.7921
218.5  5499.1029
218.4  5706.017
218.3  5639.3174
218.2  5665.3052
218.1  5570.8861
218  5621.735
217.9  5510.145
217.8  5625.6973
217.7  5708.0043
217.6  5662.5004
217.5  5487.8771
217.4  5518.1934
217.3  5525.7114
217.2  5591.5248
217.1  5609.2786
217  5594.6809
216.9  5565.6695
216.8  5498.447
216.7  5606.1521
216.6  5503.9986
216.5  5597.8635
216.4  5609.48
216.3  5425.2776
216.2  5665.1407
216.1  5586.4328
216  5564.7913
215.9  5571.6315
215.8  5425.3761
215.7  5577.8493
215.6  5481.1491
215.5  5516.0818
215.4  5577.263
215.3  5558.8526
215.2  5574.864
215.1  5608.9097
215  5539.1151

# Region:                       Mo 3d Hi Res
# Spectrum ID:                  6
# Acquisition Date:             07/07/26 17:51:09 UTC
# Analysis Method:              XPS
# Analyzer:                     PHOIBOS MCD5 Analyzer
# Analyzer Lens:                LargeArea:1.5kV
# Analyzer Slit:                5:7x20\B:open
# Scan Mode:                    FixedAnalyzerTransmission
# Curves/Scan:                  1
# Values/Curve:                 421
# Dwell Time:                   0.1
# Excitation Energy:            1486.61
# Binding Energy:               257
# Pass Energy:                  10
# Bias Voltage:                 90
# Detector Voltage:             3000
# Eff. Workfunction:            4.543
# Source:                       X-Ray Dummy
# Comment:                      
#
# Cycle: 0
# Number of Scans: 20
#
# Cycle: 0, Curve: 0
# Acquisition Date:             07/07/26 17:51:09 UTC
#
# ColumnLabels:                 energy counts/s
#
257  354.82681
256.9  356.01332
256.8  365.4286
256.7  367.17788
256.6  380.32403
256.5  360.09642
256.4  351.35979
256.3  369.63756
256.2  360.14511
256.1  369.16498
256  364.87445
255.9  373.62485
255.8  370.28314
255.7  375.86378
255.6  367.86991
255.5  358.1048
255.4  350.69144
255.3  347.35112
255.2  346.16213
255.1  356.83088
255  357.82788
254.9  357.48164
254.8  360.52865
254.7  360.48332
254.6  353.05509
254.5  329.99298
254.4  352.78607
254.3  383.84214
254.2  336.59582
254.1  372.33439
254  355.94447
253.9  375.1032
253.8  360.08144
253.7  352.68038
253.6  370.83225
253.5  341.27881
253.4  377.30062
253.3  355.21495
253.2  361.26706
253.1  364.66319
253  339.35182
252.9  368.83949
252.8  379.73315
252.7  367.45333
252.6  377.87812
252.5  342.43858
252.4  362.39377
252.3  371.63892
252.2  366.65239
252.1  363.32657
252  376.42345
251.9  353.38796
251.8  355.10281
251.7  341.57541
251.6  347.50494
251.5  347.80979
251.4  336.87618
251.3  360.98333
251.2  332.65568
251.1  361.45144
251  348.52026
250.9  364.07719
250.8  336.22582
250.7  344.98721
250.6  373.27691
250.5  378.7647
250.4  354.75991
250.3  366.291
250.2  357.18864
250.1  332.48906
250  334.46434
249.9  359.51401
249.8  356.30857
249.7  370.23476
249.6  384.76171
249.5  349.21359
249.4  344.30865
249.3  345.81725
249.2  341.66368
249.1  339.32958
249  354.09868
248.9  371.59744
248.8  380.04222
248.7  356.69276
248.6  341.44683
248.5  335.76659
248.4  344.51195
248.3  334.62485
248.2  358.46206
248.1  354.09879
248  363.32222
247.9  360.71856
247.8  374.40567
247.7  365.34293
247.6  366.07576
247.5  347.66274
247.4  347.13535
247.3  346.51254
247.2  344.03092
247.1  345.29705
247  356.92181
246.9  344.26449
246.8  345.39652
246.7  341.52011
246.6  334.88322
246.5  353.2488
246.4  344.5154
246.3  350.49387
246.2  358.42057
246.1  340.10362
246  362.25891
245.9  368.9072
245.8  330.50388
245.7  342.42323
245.6  348.16351
245.5  358.8733
245.4  338.57506
245.3  353.96187
245.2  350.24542
245.1  340.9695
245  345.84835
244.9  363.79495
244.8  350.4044
244.7  356.74506
244.6  333.57604
244.5  358.7367
244.4  346.69453
244.3  362.10076
244.2  346.64294
244.1  381.62639
244  363.09943
243.9  379.08992
243.8  365.97412
243.7  382.52559
243.6  383.31351
243.5  369.48931
243.4  386.12095
243.3  391.50983
243.2  374.60414
243.1  385.04725
243  400.78522
242.9  408.50117
242.8  404.84425
242.7  421.66391
242.6  402.34525
242.5  405.50887
242.4  404.02966
242.3  411.64831
242.2  413.1144
242.1  417.56492
242  401.97544
241.9  403.59405
241.8  421.71961
241.7  416.79101
241.6  419.56844
241.5  391.70747
241.4  412.0956
241.3  399.88726
241.2  414.42218
241.1  441.61042
241  417.83842
240.9  426.19922
240.8  423.53035
240.7  413.27365
240.6  435.68164
240.5  434.87147
240.4  447.14167
240.3  424.90592
240.2  434.26889
240.1  438.46335
240  448.21488
239.9  441.0376
239.8  457.11152
239.7  436.42484
239.6  441.85717
239.5  463.83742
239.4  437.35623
239.3  459.79951
239.2  430.60549
239.1  428.92036
239  463.96391
238.9  457.36598
238.8  465.00443
238.7  459.22712
238.6  452.0838
238.5  447.9597
238.4  452.0717
238.3  433.72989
238.2  441.4527
238.1  467.65794
238  457.90705
237.9  407.69218
237.8  410.36574
237.7  412.0885
237.6  436.3397
237.5  422.83996
237.4  419.58281
237.3  428.15413
237.2  403.35452
237.1  415.89631
237  378.81317
236.9  369.89287
236.8  363.45171
236.7  390.02335
236.6  380.26638
236.5  384.9287
236.4  377.81267
236.3  367.43921
236.2  359.80658
236.1  354.39226
236  349.48284
235.9  360.08191
235.8  349.09954
235.7  346.01012
235.6  334.35916
235.5  342.91866
235.4  322.48443
235.3  334.22021
235.2  333.95946
235.1  357.17458
235  334.40511
234.9  331.62142
234.8  346.24928
234.7  339.33414
234.6  337.65169
234.5  339.53429
234.4  343.56806
234.3  313.45722
234.2  324.26478
234.1  342.29148
234  335.17957
233.9  352.58383
233.8  340.16878
233.7  329.05793
233.6  332.48877
233.5  302.90354
233.4  314.14256
233.3  344.99941
233.2  344.63227
233.1  323.6259
233  331.59563
232.9  355.74215
232.8  337.22512
232.7  337.42093
232.6  335.08112
232.5  347.66598
232.4  352.31721
232.3  341.51032
232.2  325.51039
232.1  318.53869
232  348.80004
231.9  337.90431
231.8  323.29402
231.7  327.94474
231.6  324.88224
231.5  336.82913
231.4  325.6277
231.3  347.05645
231.2  339.10896
231.1  327.94226
231  328.75193
230.9  336.56133
230.8  333.1444
230.7  317.35947
230.6  334.22607
230.5  324.49011
230.4  338.48545
230.3  352.04892
230.2  345.46757
230.1  318.70875
230  316.40548
229.9  313.33154
229.8  337.14734
229.7  346.55948
229.6  352.43609
229.5  341.97639
229.4  342.6934
229.3  339.06876
229.2  328.65215
229.1  312.19742
229  320.36251
228.9  315.50978
228.8  332.59816
228.7  353.72531
228.6  325.95228
228.5  316.78885
228.4  340.73263
228.3  352.99423
228.2  341.14167
228.1  352.82125
228  347.60863
227.9  307.18564
227.8  321.32204
227.7  346.41131
227.6  337.49522
227.5  323.79111
227.4  354.67216
227.3  344.82444
227.2  331.86575
227.1  335.06656
227  351.07473
226.9  319.98585
226.8  342.32907
226.7  337.61821
226.6  323.68482
226.5  333.03767
226.4  327.30487
226.3  336.55611
226.2  327.88796
226.1  344.40554
226  308.51323
225.9  335.51533
225.8  327.87519
225.7  318.44161
225.6  312.99198
225.5  312.47393
225.4  321.89806
225.3  328.44511
225.2  316.30065
225.1  316.57443
225  306.96038
224.9  347.12321
224.8  309.78409
224.7  328.37792
224.6  333.13075
224.5  319.09488
224.4  318.8373
224.3  322.84114
224.2  342.85905
224.1  326.98305
224  322.0702
223.9  326.19827
223.8  317.36684
223.7  313.84714
223.6  308.5868
223.5  315.39546
223.4  314.5701
223.3  316.40695
223.2  331.91601
223.1  336.12635
223  321.78928
222.9  316.63091
222.8  315.85453
222.7  339.15704
222.6  317.6841
222.5  332.57258
222.4  339.23796
222.3  327.17987
222.2  317.36275
222.1  328.43402
222  325.57278
221.9  315.43583
221.8  325.74198
221.7  346.17885
221.6  319.41594
221.5  322.12559
221.4  339.0864
221.3  311.40379
221.2  322.09533
221.1  325.94252
221  324.59883
220.9  342.66125
220.8  320.56193
220.7  310.56531
220.6  331.17509
220.5  330.64414
220.4  315.91053
220.3  336.73688
220.2  341.7616
220.1  338.71467
220  321.69693
219.9  336.11365
219.8  312.77212
219.7  334.56193
219.6  333.33405
219.5  323.84048
219.4  315.08057
219.3  309.42152
219.2  327.92419
219.1  322.61883
219  323.08435
218.9  303.3887
218.8  315.78482
218.7  323.32451
218.6  325.24977
218.5  317.50907
218.4  312.4936
218.3  336.91877
218.2  306.69666
218.1  339.65799
218  313.24699
217.9  314.92646
217.8  322.51908
217.7  338.69247
217.6  319.17786
217.5  326.20979
217.4  324.19845
217.3  326.24571
217.2  328.36536
217.1  318.38331
217  300.32377
216.9  329.63318
216.8  341.16303
216.7  309.98174
216.6  328.45044
216.5  324.15755
216.4  327.10715
216.3  320.67065
216.2  317.21032
216.1  331.29436
216  330.46287
215.9  322.42791
215.8  318.04681
215.7  313.29629
215.6  319.08468
215.5  325.93588
215.4  328.65176
215.3  285.11407
215.2  330.94745
215.1  323.1247
215  302.00699

# Operation:                    Multi Peak Fit
# Parameter: "Peak Function" = Voigt
# Parameter: "Background Function" = Tougaard 2
# Parameter: "Baseline" = Constant
# Parameter: "LM Parameters/Max Iterations" = 200
# Parameter: "LM Parameters/Tolerance" = 2.2204459999999999e-16
# Parameter: "Baseline/BL_I/Value" = nan counts
# Parameter: "Peak 1/C/Value" = nan eV
# Parameter: "Peak 1/A/Value" = nan counts eV
# Parameter: "Peak 1/FL/Value" = nan eV
# Parameter: "Peak 1/FG/Value" = nan eV
# Parameter: "Peak 1/a/Value" = 0
# Parameter: "Peak 1/a/Constraint" = Fixed: 0
# Parameter: "Peak 1/TB/Value" = nan eV^2
# Parameter: "Peak 1/TC/Value" = 1643 eV^2
# Parameter: "Peak 1/TC/Constraint" = Fixed: 1643
# Parameter: "Peak 2/C/Value" = nan eV
# Parameter: "Peak 2/A/Value" = nan counts eV
# Parameter: "Peak 2/FL/Value" = nan eV
# Parameter: "Peak 2/FG/Value" = nan eV
# Parameter: "Peak 2/a/Value" = 0
# Parameter: "Peak 2/a/Constraint" = Fixed: 0
# Parameter: "Peak 2/TB/Value" = nan eV^2
# Parameter: "Peak 2/TC/Value" = 1643 eV^2
# Parameter: "Peak 2/TC/Constraint" = Fixed: 1643
#
# Result:
# Number of Results:            5
# Parameter: "Baseline/BL_I/Value" = 650.27002729042056 counts +- 2.4173368016239962
# Parameter: "Peak 1/C/Value" = 1247.6880906159911 eV +- 0.14679572801022003
# Parameter: "Peak 1/C/Constraint" = Restricted: 1229.61 .. 1271.61
# Parameter: "Peak 1/Relative Area/Value" = 78.699802650785116 %
# Parameter: "Peak 1/A/Value" = 1270.6395064361409 counts eV +- 133.72172646487766
# Parameter: "Peak 1/FL/Value" = 1.8497933794774188 eV +- 0.69828359675908502
# Parameter: "Peak 1/FG/Value" = 2.7867927605377023 eV +- 0.70488050378163214
# Parameter: "Peak 1/F/Value" = 3.9056362883499078 eV
# Parameter: "Peak 1/a/Value" = 0 +- 0
# Parameter: "Peak 1/a/Constraint" = Fixed: 0
# Parameter: "Peak 1/TB/Value" = 10559.778225963581 eV^2 +- 19407.344879885703
# Parameter: "Peak 1/TC/Value" = 1643 eV^2 +- 0
# Parameter: "Peak 1/TC/Constraint" = Fixed: 1643
# Parameter: "Peak 2/C/Value" = 1244.2938508087723 eV +- 0.24242453944059553
# Parameter: "Peak 2/C/Constraint" = Restricted: 1229.61 .. 1271.61
# Parameter: "Peak 2/Relative Area/Value" = 21.300197349214884 %
# Parameter: "Peak 2/A/Value" = 343.90012852883308 counts eV +- 283.56198249014608
# Parameter: "Peak 2/FL/Value" = 0.52519905098687081 eV +- 2.923425598038973
# Parameter: "Peak 2/FG/Value" = 2.5153905629819175 eV +- 1.5226272018254647
# Parameter: "Peak 2/F/Value" = 2.8080099547230697 eV
# Parameter: "Peak 2/a/Value" = 0 +- 0
# Parameter: "Peak 2/a/Constraint" = Fixed: 0
# Parameter: "Peak 2/TB/Value" = 1618.291059401311 eV^2 +- 111790.90126991681
# Parameter: "Peak 2/TC/Value" = 1643 eV^2 +- 0
# Parameter: "Peak 2/TC/Constraint" = Fixed: 1643
# Parameter: "Fit Result/ChiSquare" = 352.531203713563
# Parameter: "Fit Result/Reduced ChiSquare" = 0.86193448340724454
# Parameter: "Fit Result/Abbe Factor" = 0.8546717634700145
# Parameter: "Fit Result/Q-Probability" = 0.97980611685698527
# Parameter: "Termination State" = ConvergedInParameter
#
# Result Name:                  Background
# Number of Curves:             1
#
# Curve:                        0
# Values/Curve:                 301
#
257  364.66623
256.86  364.40954
256.72  364.15237
256.58  363.89471
256.44  363.63654
256.3  363.37785
256.16  363.11862
256.02  362.85885
255.88  362.59851
255.74  362.3376
255.6  362.07611
255.46  361.81402
255.32  361.55131
255.18  361.28798
255.04  361.02402
254.9  360.7594
254.76  360.49413
254.62  360.22819
254.48  359.96157
254.34  359.69426
254.2  359.42624
254.06  359.15752
253.92  358.88807
253.78  358.61789
253.64  358.34697
253.5  358.07529
253.36  357.80286
253.22  357.52967
253.08  357.2557
252.94  356.98094
252.8  356.7054
252.66  356.42905
252.52  356.15191
252.38  355.87395
252.24  355.59518
252.1  355.31559
251.96  355.03517
251.82  354.75391
251.68  354.47182
251.54  354.18889
251.4  353.90512
251.26  353.6205
251.12  353.33503
250.98  353.04871
250.84  352.76153
250.7  352.4735
250.56  352.18461
250.42  351.89487
250.28  351.60427
250.14  351.31281
250  351.0205
249.86  350.72733
249.72  350.43331
249.58  350.13844
249.44  349.84272
249.3  349.54616
249.16  349.24877
249.02  348.95053
248.88  348.65147
248.74  348.35159
248.6  348.05089
248.46  347.74938
248.32  347.44707
248.18  347.14396
248.04  346.84007
247.9  346.53541
247.76  346.22998
247.62  345.9238
247.48  345.61688
247.34  345.30924
247.2  345.00087
247.06  344.69181
246.92  344.38206
246.78  344.07165
246.64  343.76058
246.5  343.44888
246.36  343.13657
246.22  342.82367
246.08  342.5102
245.94  342.19618
245.8  341.88164
245.66  341.5666
245.52  341.25111
245.38  340.93518
245.24  340.61885
245.1  340.30216
244.96  339.98516
244.82  339.66788
244.68  339.35038
244.54  339.03272
244.4  338.71495
244.26  338.39715
244.12  338.07938
243.98  337.76174
243.84  337.44431
243.7  337.12718
243.56  336.81048
243.42  336.4943
243.28  336.17878
243.14  335.86403
243  335.55021
242.86  335.23744
242.72  334.92588
242.58  334.61568
242.44  334.30702
242.3  334.00005
242.16  333.69497
242.02  333.39197
241.88  333.09126
241.74  332.79305
241.6  332.49761
241.46  332.20518
241.32  331.91607
241.18  331.63059
241.04  331.34908
240.9  331.07191
240.76  330.79948
240.62  330.5322
240.48  330.27053
240.34  330.0149
240.2  329.76578
240.06  329.52363
239.92  329.2889
239.78  329.06203
239.64  328.8434
239.5  328.63339
239.36  328.43231
239.22  328.24042
239.08  328.05792
238.94  327.88492
238.8  327.72149
238.66  327.56759
238.52  327.42314
238.38  327.28797
238.24  327.16184
238.1  327.04446
237.96  326.93549
237.82  326.83453
237.68  326.74115
237.54  326.65492
237.4  326.57535
237.26  326.50199
237.12  326.43436
236.98  326.37199
236.84  326.31445
236.7  326.2613
236.56  326.21215
236.42  326.16661
236.28  326.12435
236.14  326.08504
236  326.04839
235.86  326.01414
235.72  325.98205
235.58  325.95191
235.44  325.92354
235.3  325.89677
235.16  325.87145
235.02  325.84745
234.88  325.82465
234.74  325.80295
234.6  325.78227
234.46  325.76251
234.32  325.74362
234.18  325.72552
234.04  325.70816
233.9  325.69149
233.76  325.67547
233.62  325.66004
233.48  325.64518
233.34  325.63086
233.2  325.61703
233.06  325.60368
232.92  325.59077
232.78  325.57828
232.64  325.5662
232.5  325.5545
232.36  325.54316
232.22  325.53216
232.08  325.5215
231.94  325.51115
231.8  325.5011
231.66  325.49135
231.52  325.48186
231.38  325.47264
231.24  325.46368
231.1  325.45496
230.96  325.44647
230.82  325.43821
230.68  325.43017
230.54  325.42234
230.4  325.41471
230.26  325.40727
230.12  325.40002
229.98  325.39296
229.84  325.38607
229.7  325.37935
229.56  325.37279
229.42  325.3664
229.28  325.36016
229.14  325.35407
229  325.34812
228.86  325.34232
228.72  325.33665
228.58  325.33112
228.44  325.32571
228.3  325.32043
228.16  325.31528
228.02  325.31024
227.88  325.30532
227.74  325.30051
227.6  325.29581
227.46  325.29122
227.32  325.28673
227.18  325.28235
227.04  325.27807
226.9  325.27388
226.76  325.26979
226.62  325.26579
226.48  325.26188
226.34  325.25806
226.2  325.25432
226.06  325.25067
225.92  325.2471
225.78  325.24362
225.64  325.24021
225.5  325.23688
225.36  325.23363
225.22  325.23045
225.08  325.22735
224.94  325.22431
224.8  325.22135
224.66  325.21845
224.52  325.21563
224.38  325.21286
224.24  325.21017
224.1  325.20754
223.96  325.20497
223.82  325.20246
223.68  325.20001
223.54  325.19762
223.4  325.19529
223.26  325.19302
223.12  325.1908
222.98  325.18864
222.84  325.18653
222.7  325.18448
222.56  325.18247
222.42  325.18053
222.28  325.17863
222.14  325.17678
222  325.17498
221.86  325.17323
221.72  325.17153
221.58  325.16987
221.44  325.16826
221.3  325.1667
221.16  325.16518
221.02  325.16371
220.88  325.16228
220.74  325.16089
220.6  325.15955
220.46  325.15825
220.32  325.15699
220.18  325.15577
220.04  325.15459
219.9  325.15345
219.76  325.15235
219.62  325.15129
219.48  325.15026
219.34  325.14928
219.2  325.14833
219.06  325.14742
218.92  325.14654
218.78  325.1457
218.64  325.14489
218.5  325.14412
218.36  325.14339
218.22  325.14269
218.08  325.14202
217.94  325.14138
217.8  325.14078
217.66  325.14021
217.52  325.13967
217.38  325.13916
217.24  325.13869
217.1  325.13824
216.96  325.13783
216.82  325.13744
216.68  325.13709
216.54  325.13676
216.4  325.13646
216.26  325.1362
216.12  325.13595
215.98  325.13574
215.84  325.13556
215.7  325.1354
215.56  325.13527
215.42  325.13517
215.28  325.13509
215.14  325.13504
215  325.13501

# Result Name:                  Combined
# Number of Curves:             1
#
# Curve:                        0
# Values/Curve:                 301
#
257  365.31222
256.86  365.06602
256.72  364.8196
256.58  364.57296
256.44  364.32608
256.3  364.07898
256.16  363.83163
256.02  363.58405
255.88  363.33622
255.74  363.08815
255.6  362.83984
255.46  362.59127
255.32  362.34247
255.18  362.09342
255.04  361.84413
254.9  361.59461
254.76  361.34485
254.62  361.09486
254.48  360.84465
254.34  360.59423
254.2  360.3436
254.06  360.09278
253.92  359.84177
253.78  359.59059
253.64  359.33925
253.5  359.08776
253.36  358.83615
253.22  358.58444
253.08  358.33264
252.94  358.08077
252.8  357.82887
252.66  357.57695
252.52  357.32506
252.38  357.07321
252.24  356.82144
252.1  356.5698
251.96  356.31832
251.82  356.06704
251.68  355.81602
251.54  355.5653
251.4  355.31494
251.26  355.065
251.12  354.81555
250.98  354.56664
250.84  354.31836
250.7  354.07079
250.56  353.82401
250.42  353.57812
250.28  353.33323
250.14  353.08944
250  352.84687
249.86  352.60566
249.72  352.36594
249.58  352.12788
249.44  351.89163
249.3  351.65739
249.16  351.42536
249.02  351.19576
248.88  350.96883
248.74  350.74485
248.6  350.52412
248.46  350.30696
248.32  350.09376
248.18  349.88493
248.04  349.68095
247.9  349.48236
247.76  349.2898
247.62  349.10398
247.48  348.92576
247.34  348.75618
247.2  348.59646
247.06  348.44813
246.92  348.31307
246.78  348.19365
246.64  348.09286
246.5  348.01453
246.36  347.96357
246.22  347.94622
246.08  347.97047
245.94  348.04637
245.8  348.18654
245.66  348.40652
245.52  348.72515
245.38  349.16487
245.24  349.75171
245.1  350.51511
244.96  351.48732
244.82  352.70228
244.68  354.19402
244.54  355.99452
244.4  358.13099
244.26  360.62287
244.12  363.47854
243.98  366.69223
243.84  370.24139
243.7  374.08493
243.56  378.1627
243.42  382.39656
243.28  386.69321
243.14  390.94878
243  395.05497
242.86  398.90645
242.72  402.40875
242.58  405.486
242.44  408.08783
242.3  410.19444
242.16  411.81952
242.02  413.01033
241.88  413.84506
241.74  414.42753
241.6  414.87957
241.46  415.33198
241.32  415.91464
241.18  416.7467
241.04  417.92768
240.9  419.53008
240.76  421.59408
240.62  424.12453
240.48  427.09038
240.34  430.4264
240.2  434.03698
240.06  437.80156
239.92  441.58138
239.78  445.22692
239.64  448.58574
239.5  451.51019
239.36  453.86455
239.22  455.53141
239.08  456.41679
238.94  456.45401
238.8  455.60596
238.66  453.86591
238.52  451.2567
238.38  447.8286
238.24  443.65589
238.1  438.8325
237.96  433.46699
237.82  427.6772
237.68  421.58488
237.54  415.31061
237.4  408.96933
237.26  402.66652
237.12  396.49537
236.98  390.53484
236.84  384.84861
236.7  379.48493
236.56  374.47718
236.42  369.84505
236.28  365.59608
236.14  361.72751
236  358.22827
235.86  355.08088
235.72  352.26331
235.58  349.75061
235.44  347.51631
235.3  345.53363
235.16  343.7763
235.02  342.21929
234.88  340.83925
234.74  339.61475
234.6  338.52647
234.46  337.55714
234.32  336.69152
234.18  335.91626
234.04  335.21976
233.9  334.59196
233.76  334.02419
233.62  333.50901
233.48  333.04
233.34  332.61166
233.2  332.21927
233.06  331.85875
232.92  331.52659
232.78  331.21975
232.64  330.93559
232.5  330.67183
232.36  330.42645
232.22  330.19771
232.08  329.98406
231.94  329.78413
231.8  329.59671
231.66  329.42074
231.52  329.25526
231.38  329.09941
231.24  328.95243
231.1  328.81363
230.96  328.68238
230.82  328.55813
230.68  328.44036
230.54  328.32862
230.4  328.22249
230.26  328.12157
230.12  328.02553
229.98  327.93404
229.84  327.84681
229.7  327.76357
229.56  327.68406
229.42  327.60808
229.28  327.53539
229.14  327.46581
229  327.39916
228.86  327.33527
228.72  327.27398
228.58  327.21516
228.44  327.15867
228.3  327.10438
228.16  327.05217
228.02  327.00195
227.88  326.9536
227.74  326.90704
227.6  326.86218
227.46  326.81892
227.32  326.7772
227.18  326.73694
227.04  326.69808
226.9  326.66054
226.76  326.62427
226.62  326.58922
226.48  326.55532
226.34  326.52252
226.2  326.49079
226.06  326.46006
225.92  326.43031
225.78  326.40149
225.64  326.37356
225.5  326.34648
225.36  326.32022
225.22  326.29476
225.08  326.27005
224.94  326.24606
224.8  326.22278
224.66  326.20017
224.52  326.17821
224.38  326.15687
224.24  326.13614
224.1  326.11598
223.96  326.09639
223.82  326.07733
223.68  326.05879
223.54  326.04075
223.4  326.0232
223.26  326.00612
223.12  325.98949
222.98  325.97329
222.84  325.95752
222.7  325.94216
222.56  325.9272
222.42  325.91262
222.28  325.89841
222.14  325.88456
222  325.87106
221.86  325.85789
221.72  325.84506
221.58  325.83254
221.44  325.82033
221.3  325.80842
221.16  325.7968
221.02  325.78547
220.88  325.77441
220.74  325.76361
220.6  325.75307
220.46  325.74279
220.32  325.73275
220.18  325.72294
220.04  325.71337
219.9  325.70403
219.76  325.6949
219.62  325.68599
219.48  325.67728
219.34  325.66878
219.2  325.66047
219.06  325.65236
218.92  325.64444
218.78  325.63669
218.64  325.62913
218.5  325.62174
218.36  325.61452
218.22  325.60747
218.08  325.60057
217.94  325.59384
217.8  325.58726
217.66  325.58083
217.52  325.57454
217.38  325.5684
217.24  325.5624
217.1  325.55654
216.96  325.55081
216.82  325.54521
216.68  325.53974
216.54  325.5344
216.4  325.52917
216.26  325.52407
216.12  325.51909
215.98  325.51422
215.84  325.50946
215.7  325.50481
215.56  325.50027
215.42  325.49583
215.28  325.4915
215.14  325.48727
215  325.48314

# Result Name:                  Peak 1
# Number of Curves:             1
#
# Curve:                        0
# Values/Curve:                 301
#
257  365.2445
256.86  364.99697
256.72  364.74918
256.58  364.50112
256.44  364.25279
256.3  364.00418
256.16  363.75529
256.02  363.5061
255.88  363.25663
255.74  363.00686
255.6  362.75678
255.46  362.50641
255.32  362.25573
255.18  362.00474
255.04  361.75345
254.9  361.50185
254.76  361.24994
254.62  360.99773
254.48  360.74522
254.34  360.49241
254.2  360.23931
254.06  359.98592
253.92  359.73225
253.78  359.4783
253.64  359.22409
253.5  358.96962
253.36  358.71491
253.22  358.45997
253.08  358.20481
252.94  357.94944
252.8  357.69389
252.66  357.43817
252.52  357.18231
252.38  356.92631
252.24  356.67022
252.1  356.41405
251.96  356.15784
251.82  355.90161
251.68  355.64539
251.54  355.38923
251.4  355.13315
251.26  354.87721
251.12  354.62144
250.98  354.36589
250.84  354.11061
250.7  353.85567
250.56  353.60111
250.42  353.347
250.28  353.09341
250.14  352.84041
250  352.58808
249.86  352.33651
249.72  352.08577
249.58  351.83598
249.44  351.58723
249.3  351.33964
249.16  351.09333
249.02  350.84843
248.88  350.60507
248.74  350.36342
248.6  350.12362
248.46  349.88587
248.32  349.65035
248.18  349.41726
248.04  349.18684
247.9  348.95932
247.76  348.73497
247.62  348.51408
247.48  348.29697
247.34  348.08397
247.2  347.87547
247.06  347.67187
246.92  347.47363
246.78  347.28125
246.64  347.09527
246.5  346.91631
246.36  346.74504
246.22  346.58221
246.08  346.42864
245.94  346.28529
245.8  346.15318
245.66  346.03349
245.52  345.92755
245.38  345.83687
245.24  345.76313
245.1  345.70829
244.96  345.67457
244.82  345.66452
244.68  345.68108
244.54  345.72764
244.4  345.80814
244.26  345.92715
244.12  346.08996
243.98  346.30277
243.84  346.57277
243.7  346.90832
243.56  347.31911
243.42  347.81636
243.28  348.41297
243.14  349.1237
243  349.96527
242.86  350.9565
242.72  352.11825
242.58  353.47339
242.44  355.04649
242.3  356.8635
242.16  358.95108
242.02  361.33577
241.88  364.04292
241.74  367.09531
241.6  370.51158
241.46  374.30443
241.32  378.4787
241.18  383.0294
241.04  387.9398
240.9  393.17975
240.76  398.70441
240.62  404.45347
240.48  410.35109
240.34  416.3066
240.2  422.21619
240.06  427.9654
239.92  433.43253
239.78  438.49287
239.64  443.02335
239.5  446.90767
239.36  450.04132
239.22  452.33638
239.08  453.72572
238.94  454.16619
238.8  453.64082
238.66  452.15965
238.52  449.75921
238.38  446.50073
238.24  442.46712
238.1  437.75906
237.96  432.49029
237.82  426.78262
237.68  420.7608
237.54  414.54774
237.4  408.26012
237.26  402.00476
237.12  395.87592
236.98  389.95335
236.84  384.30139
236.7  378.96879
236.56  373.98938
236.42  369.38316
236.28  365.15798
236.14  361.31132
236  357.8323
235.86  354.70364
235.72  351.90344
235.58  349.4069
235.44  347.18766
235.3  345.21904
235.16  343.47485
235.02  341.93017
234.88  340.56168
234.74  339.34805
234.6  338.26999
234.46  337.31028
234.32  336.45375
234.18  335.68708
234.04  334.99869
233.9  334.37857
233.76  333.81809
233.62  333.30982
233.48  332.84737
233.34  332.42528
233.2  332.03882
233.06  331.68395
232.92  331.35718
232.78  331.05547
232.64  330.77622
232.5  330.51715
232.36  330.27625
232.22  330.05179
232.08  329.84224
231.94  329.64624
231.8  329.46259
231.66  329.29023
231.52  329.12822
231.38  328.9757
231.24  328.83192
231.1  328.69619
230.96  328.5679
230.82  328.44649
230.68  328.33147
230.54  328.22237
230.4  328.11877
230.26  328.02031
230.12  327.92664
229.98  327.83743
229.84  327.7524
229.7  327.67129
229.56  327.59385
229.42  327.51985
229.28  327.44909
229.14  327.38137
229  327.31652
228.86  327.25437
228.72  327.19478
228.58  327.13759
228.44  327.08268
228.3  327.02993
228.16  326.97921
228.02  326.93044
227.88  326.8835
227.74  326.8383
227.6  326.79475
227.46  326.75278
227.32  326.71231
227.18  326.67327
227.04  326.63558
226.9  326.59919
226.76  326.56404
226.62  326.53006
226.48  326.49722
226.34  326.46545
226.2  326.43472
226.06  326.40497
225.92  326.37616
225.78  326.34827
225.64  326.32124
225.5  326.29504
225.36  326.26964
225.22  326.24501
225.08  326.22111
224.94  326.19792
224.8  326.17541
224.66  326.15356
224.52  326.13234
224.38  326.11172
224.24  326.09169
224.1  326.07222
223.96  326.0533
223.82  326.0349
223.68  326.017
223.54  325.99959
223.4  325.98265
223.26  325.96617
223.12  325.95012
222.98  325.9345
222.84  325.91929
222.7  325.90448
222.56  325.89005
222.42  325.876
222.28  325.8623
222.14  325.84896
222  325.83595
221.86  325.82327
221.72  325.81091
221.58  325.79885
221.44  325.7871
221.3  325.77563
221.16  325.76445
221.02  325.75354
220.88  325.7429
220.74  325.73251
220.6  325.72238
220.46  325.71248
220.32  325.70283
220.18  325.69341
220.04  325.68421
219.9  325.67523
219.76  325.66646
219.62  325.6579
219.48  325.64954
219.34  325.64138
219.2  325.63341
219.06  325.62562
218.92  325.61802
218.78  325.61059
218.64  325.60334
218.5  325.59625
218.36  325.58933
218.22  325.58257
218.08  325.57596
217.94  325.56951
217.8  325.56321
217.66  325.55705
217.52  325.55104
217.38  325.54516
217.24  325.53942
217.1  325.53381
216.96  325.52834
216.82  325.52299
216.68  325.51776
216.54  325.51265
216.4  325.50767
216.26  325.5028
216.12  325.49804
215.98  325.49339
215.84  325.48885
215.7  325.48442
215.56  325.4801
215.42  325.47587
215.28  325.47175
215.14  325.46772
215  325.46379

# Result Name:                  Peak 2
# Number of Curves:             1
#
# Curve:                        0
# Values/Curve:                 301
#
257  364.73396
256.86  364.4786
256.72  364.2228
256.58  363.96655
256.44  363.70983
256.3  363.45264
256.16  363.19497
256.02  362.93679
255.88  362.6781
255.74  362.4189
255.6  362.15916
255.46  361.89888
255.32  361.63805
255.18  361.37666
255.04  361.1147
254.9  360.85216
254.76  360.58904
254.62  360.32532
254.48  360.061
254.34  359.79608
254.2  359.53054
254.06  359.26437
253.92  358.99759
253.78  358.73017
253.64  358.46212
253.5  358.19343
253.36  357.92411
253.22  357.65414
253.08  357.38353
252.94  357.11227
252.8  356.84037
252.66  356.56784
252.52  356.29466
252.38  356.02085
252.24  355.7464
252.1  355.47133
251.96  355.19565
251.82  354.91935
251.68  354.64246
251.54  354.36497
251.4  354.08692
251.26  353.8083
251.12  353.52914
250.98  353.24946
250.84  352.96928
250.7  352.68862
250.56  352.40752
250.42  352.12599
250.28  351.84409
250.14  351.56184
250  351.27928
249.86  350.99648
249.72  350.71348
249.58  350.43033
249.44  350.14712
249.3  349.86391
249.16  349.5808
249.02  349.29787
248.88  349.01524
248.74  348.73303
248.6  348.45138
248.46  348.17047
248.32  347.89048
248.18  347.61163
248.04  347.33419
247.9  347.05846
247.76  346.78481
247.62  346.5137
247.48  346.24568
247.34  345.98144
247.2  345.72187
247.06  345.46807
246.92  345.22151
246.78  344.98405
246.64  344.75817
246.5  344.54711
246.36  344.3551
246.22  344.18769
246.08  344.05202
245.94  343.95726
245.8  343.915
245.66  343.93963
245.52  344.04871
245.38  344.26318
245.24  344.60743
245.1  345.10898
244.96  345.79791
244.82  346.70564
244.68  347.86332
244.54  349.29959
244.4  351.0378
244.26  353.09287
244.12  355.46796
243.98  358.15119
243.84  361.11293
243.7  364.3038
243.56  367.65407
243.42  371.0745
243.28  374.45902
243.14  377.68911
243  380.6399
242.86  383.18739
242.72  385.21637
242.58  386.6283
242.44  387.34835
242.3  387.33099
242.16  386.56341
242.02  385.06653
241.88  382.8934
241.74  380.12527
241.6  376.86559
241.46  373.23273
241.32  369.35201
241.18  365.34789
241.04  361.33696
240.9  357.42224
240.76  353.68915
240.62  350.20326
240.48  347.00982
240.34  344.13469
240.2  341.58657
240.06  339.3598
239.92  337.43775
239.78  335.79608
239.64  334.40579
239.5  333.23591
239.36  332.25555
239.22  331.43545
239.08  330.74899
238.94  330.17274
238.8  329.68663
238.66  329.27385
238.52  328.92063
238.38  328.61584
238.24  328.35061
238.1  328.1179
237.96  327.91218
237.82  327.72911
237.68  327.56523
237.54  327.41779
237.4  327.28456
237.26  327.16374
237.12  327.0538
236.98  326.95348
236.84  326.86167
236.7  326.77743
236.56  326.69995
236.42  326.6285
236.28  326.56245
236.14  326.50123
236  326.44436
235.86  326.39138
235.72  326.34191
235.58  326.29562
235.44  326.25219
235.3  326.21136
235.16  326.17289
235.02  326.13657
234.88  326.10221
234.74  326.06966
234.6  326.03875
234.46  326.00937
234.32  325.98139
234.18  325.95471
234.04  325.92923
233.9  325.90488
233.76  325.88157
233.62  325.85923
233.48  325.83781
233.34  325.81724
233.2  325.79748
233.06  325.77847
232.92  325.76018
232.78  325.74256
232.64  325.72557
232.5  325.70918
232.36  325.69336
232.22  325.67809
232.08  325.66332
231.94  325.64904
231.8  325.63523
231.66  325.62186
231.52  325.60891
231.38  325.59636
231.24  325.5842
231.1  325.5724
230.96  325.56096
230.82  325.54985
230.68  325.53907
230.54  325.52859
230.4  325.51842
230.26  325.50853
230.12  325.49892
229.98  325.48957
229.84  325.48047
229.7  325.47162
229.56  325.46301
229.42  325.45462
229.28  325.44646
229.14  325.43851
229  325.43076
228.86  325.42321
228.72  325.41586
228.58  325.40869
228.44  325.4017
228.3  325.39488
228.16  325.38823
228.02  325.38175
227.88  325.37543
227.74  325.36926
227.6  325.36324
227.46  325.35736
227.32  325.35163
227.18  325.34603
227.04  325.34056
226.9  325.33523
226.76  325.33002
226.62  325.32494
226.48  325.31997
226.34  325.31512
226.2  325.31039
226.06  325.30577
225.92  325.30125
225.78  325.29684
225.64  325.29253
225.5  325.28833
225.36  325.28422
225.22  325.2802
225.08  325.27628
224.94  325.27245
224.8  325.26872
224.66  325.26506
224.52  325.2615
224.38  325.25802
224.24  325.25462
224.1  325.2513
223.96  325.24805
223.82  325.24489
223.68  325.2418
223.54  325.23878
223.4  325.23584
223.26  325.23297
223.12  325.23016
222.98  325.22743
222.84  325.22476
222.7  325.22216
222.56  325.21962
222.42  325.21715
222.28  325.21473
222.14  325.21238
222  325.21009
221.86  325.20786
221.72  325.20568
221.58  325.20356
221.44  325.2015
221.3  325.19949
221.16  325.19754
221.02  325.19564
220.88  325.19379
220.74  325.19199
220.6  325.19025
220.46  325.18855
220.32  325.1869
220.18  325.1853
220.04  325.18375
219.9  325.18225
219.76  325.18079
219.62  325.17937
219.48  325.178
219.34  325.17668
219.2  325.1754
219.06  325.17416
218.92  325.17296
218.78  325.1718
218.64  325.17069
218.5  325.16961
218.36  325.16858
218.22  325.16758
218.08  325.16663
217.94  325.16571
217.8  325.16483
217.66  325.16398
217.52  325.16317
217.38  325.1624
217.24  325.16167
217.1  325.16097
216.96  325.1603
216.82  325.15967
216.68  325.15907
216.54  325.1585
216.4  325.15797
216.26  325.15747
216.12  325.157
215.98  325.15657
215.84  325.15616
215.7  325.15579
215.56  325.15544
215.42  325.15513
215.28  325.15484
215.14  325.15459
215  325.15436

# Result Name:                  Residuum
# Number of Curves:             1
#
# Curve:                        0
# Values/Curve:                 421
#
257  -10.484762
256.9  -9.122417
256.8  0.46880398
256.7  2.3941395
256.6  15.71647
256.5  -4.3348508
256.4  -12.895071
256.3  5.5592217
256.2  -3.7565753
256.1  5.4400668
256  1.3264308
255.9  10.253846
255.8  7.0892778
255.7  12.847182
255.6  5.0307082
255.5  -4.5568879
255.4  -11.79261
255.3  -14.955157
255.2  -15.966256
255.1  -5.1194999
255  -3.9443666
254.9  -4.1123426
254.8  -0.88696622
254.7  -0.75379514
254.6  -8.003421
254.5  -30.886811
254.4  -7.9148975
254.3  23.320107
254.2  -23.747169
254.1  12.170538
254  -4.0401397
253.9  15.297912
253.8  0.4555696
253.7  -6.7659953
253.6  11.565445
253.5  -17.808343
253.4  18.393172
253.3  -3.5127371
253.2  2.7191946
253.1  6.2951772
253  -18.836297
252.9  10.831291
252.8  21.904875
252.7  9.8050022
252.6  20.409721
252.5  -14.849898
252.4  5.2851851
252.3  14.710179
252.2  9.903453
252.1  6.7573596
252  20.033884
251.9  -2.8220501
251.8  -0.92776925
251.7  -14.275873
251.6  -8.1671907
251.5  -7.6833547
251.4  -18.438187
251.3  5.8475425
251.2  -22.301765
251.1  6.6720728
251  -6.0813253
250.9  9.653082
250.8  -18.021151
250.7  -9.0829989
250.6  19.383053
250.5  25.046761
250.4  1.2174023
250.3  12.923427
250.2  3.9954366
250.1  -20.530375
250  -18.381962
249.9  6.8401506
249.8  3.806403
249.7  17.903499
249.6  32.600501
249.5  -2.7784863
249.4  -7.5152755
249.3  -5.8395769
249.2  -9.8271734
249.1  -11.996504
249  2.9360671
248.9  20.596925
248.8  29.202313
248.7  6.0118717
248.6  -9.0767362
248.5  -14.601477
248.4  -5.7025752
248.3  -15.438246
248.2  8.5481384
248.1  4.3315949
248  13.69914
247.9  11.23675
247.8  25.062062
247.7  16.134186
247.6  16.998282
247.5  -1.2874291
247.4  -1.6918324
247.3  -2.196393
247.2  -4.5649959
247.1  -3.1916564
247  8.5338536
246.9  -4.0299653
246.8  -2.8125843
246.7  -6.6128994
246.6  -13.184239
246.5  5.2347984
246.4  -3.4590683
246.3  2.5428092
246.2  10.474177
246.1  -7.8599491
246  14.252677
245.9  20.828486
245.8  -17.682136
245.7  -5.9107315
245.6  -0.36573256
245.5  10.093834
245.4  -10.518107
245.3  4.4820152
245.2  0.29550558
245.1  -9.5450869
245  -5.3374134
244.9  11.819184
244.8  -2.4927378
244.7  2.7828588
244.6  -21.606626
244.5  2.1675769
244.4  -11.435952
244.3  2.2273484
244.2  -15.158726
244.1  17.710841
244  -3.1119471
243.9  10.408968
243.8  -5.3371703
243.7  8.4411479
243.6  6.3360303
243.5  -10.473443
243.4  3.1125661
243.3  5.4308915
243.2  -14.532307
243.1  -7.0942331
243  5.7307157
242.9  10.663815
242.8  4.389574
242.7  18.788499
242.6  -2.7289427
242.5  -1.5236786
242.4  -4.710191
242.3  1.4542957
242.2  1.7126172
242.1  5.1861896
242  -11.173352
241.9  -10.149464
241.8  7.5187219
241.7  2.2270437
241.6  4.6892501
241.5  -23.48715
241.4  -3.4624815
241.3  -16.128047
241.2  -2.1860081
241.1  24.237273
241  -0.50136571
240.9  6.6694453
240.8  2.5743372
240.7  -9.3485103
240.6  11.159179
240.5  8.2295748
240.4  18.185068
240.3  -6.5286889
240.2  0.23212326
240.1  1.7454775
240  8.7868926
239.9  -1.0761715
239.8  12.391543
239.7  -10.766028
239.6  -7.6145228
239.5  12.327366
239.4  -15.900944
239.3  5.1304582
239.2  -25.102002
239.1  -27.42053
239  7.4190192
238.9  1.0631742
238.8  9.3985692
238.7  4.7739307
238.6  -0.76785553
238.5  -2.8557997
238.4  3.7059347
238.3  -11.799728
238.2  -0.88681568
238.1  28.825586
238  22.858646
237.9  -23.338192
237.8  -16.456628
237.7  -10.380429
237.6  18.325583
237.5  9.3393344
237.4  10.613712
237.3  23.696661
237.2  3.3541008
237.1  20.26725
237  -12.557431
236.9  -17.355382
236.8  -19.829482
236.7  10.538725
236.6  4.3964357
236.5  12.483734
236.4  8.5984476
236.3  1.2599272
236.2  -3.5325026
236.1  -6.2980931
236  -8.7450778
235.9  4.1368205
235.8  -4.7344613
235.7  -5.8758009
235.6  -15.732352
235.5  -5.5224619
235.4  -24.440506
235.3  -11.313028
235.2  -10.29703
235.1  14.089086
235  -7.6063216
234.9  -9.4045839
234.8  6.1278938
234.7  0.043819992
234.6  -0.87438795
234.5  1.7118085
234.4  6.3941754
234.3  -23.117904
234.2  -11.756761
234.1  6.7825783
234  0.14618722
233.9  17.992264
233.8  5.9884375
233.7  -4.7390313
233.6  -0.95015428
233.5  -30.200462
233.4  -18.647628
233.3  12.503725
233.2  12.413385
233.1  -8.3324311
233  -0.11708759
232.9  24.261263
232.8  5.9633678
232.7  6.3665652
232.6  4.2232615
232.5  16.994535
232.4  21.822797
232.3  11.184217
232.2  -4.6555341
232.1  -11.474644
232  18.932201
231.9  8.1753304
231.8  -6.3023165
231.7  -1.5247984
231.6  -4.4659776
231.5  7.5970694
231.4  -3.4930548
231.3  18.042425
231.2  10.197358
231.1  -0.87100514
231  0.033143475
230.9  7.9333799
230.8  4.6038313
230.7  -11.096985
230.6  5.8506168
230.5  -3.8072872
230.4  10.263312
230.3  23.899375
230.2  17.388086
230.1  -9.3030977
230  -11.541025
229.9  -14.551814
229.8  9.325052
229.7  18.796247
229.6  24.730013
229.5  14.325638
229.4  15.096233
229.3  11.523505
229.2  1.1572171
229.1  -15.248727
229  -7.0363271
228.9  -11.843151
228.8  5.2897857
228.7  26.460198
228.6  -1.2708243
228.5  -10.393437
228.4  13.590012
228.3  25.890168
228.2  14.075095
228.1  25.79115
228  20.614006
227.9  -19.774455
227.8  -5.6044404
227.7  19.517559
227.6  10.633346
227.5  -3.0397194
227.4  27.871592
227.3  18.05337
227.2  5.1234332
227.1  8.3522823
227  24.387797
226.9  -6.6744109
226.8  15.694843
226.7  11.009389
226.6  -2.8992101
226.5  6.4778543
226.4  0.76869622
226.3  10.043031
226.2  1.39744
226.1  17.937068
226  -17.933696
225.9  9.0894542
225.8  1.4699004
225.7  -7.9435539
225.6  -13.373494
225.5  -13.872299
225.4  -4.4293327
225.3  2.1361417
225.2  -9.9902836
225.1  -9.698859
225  -19.295632
224.9  20.884109
224.8  -16.43845
224.7  2.1715909
224.6  6.9403019
224.5  -7.0800154
224.4  -7.3223524
224.3  -3.3035838
224.2  16.728948
224.1  0.86729219
224  -4.0315052
223.9  0.11033522
223.8  -8.7075957
223.7  -12.214055
223.6  -17.461409
223.5  -10.640018
223.4  -11.452899
223.3  -9.6037993
223.2  5.9172755
223.1  10.139408
223  -4.1860977
222.9  -9.3331261
222.8  -10.098367
222.7  13.215065
222.6  -8.2471471
222.5  6.6518676
222.4  13.327582
222.3  1.2796351
222.2  -8.5275197
222.1  2.5535292
222  -0.29810517
221.9  -10.425616
221.8  -0.11020104
221.7  20.335762
221.6  -6.4182062
221.5  -3.6997713
221.4  13.269658
221.3  -14.404479
221.2  -3.7046063
221.1  0.15075744
221  -1.1848925
220.9  16.885431
220.8  -5.2061299
220.7  -15.195121
220.6  5.4221639
220.5  4.8985826
220.4  -9.8277905
220.3  11.005686
220.2  16.037403
220.1  12.997358
220  -4.0136256
219.9  10.409749
219.8  -12.925244
219.7  8.8709936
219.6  7.6494405
219.5  -1.8379192
219.4  -10.591714
219.3  -16.244758
219.2  2.263819
219.1  -3.0357216
219  -2.564488
218.9  -22.254522
218.8  -9.8528685
218.7  -2.3077484
218.6  -0.37714086
218.5  -8.1125845
218.4  -13.122876
218.3  11.307377
218.2  -18.909729
218.1  14.056517
218  -12.349641
217.9  -10.665408
217.8  -3.0681059
217.7  13.10989
217.6  -6.4001872
217.5  0.63619563
217.4  -1.370761
217.3  0.68081462
217.2  2.8047046
217.1  -7.1731784
217  -25.228613
216.9  4.0848302
216.8  15.618659
216.7  -15.55873
216.6  2.9138119
216.5  -1.3752992
216.4  1.5780156
216.3  -4.8548358
216.2  -8.3115654
216.1  5.7760027
216  4.9479925
215.9  -3.0835487
215.8  -7.4612855
215.7  -12.208506
215.6  -6.416856
215.5  0.43753689
215.4  3.156565
215.3  -40.378039
215.2  5.458384
215.1  -2.3613755
215  -23.476147

# Region:                       Al 2p Hi Res
# Spectrum ID:                  7
# Acquisition Date:             07/07/26 18:07:50 UTC
# Analysis Method:              XPS
# Analyzer:                     PHOIBOS MCD5 Analyzer
# Analyzer Lens:                LargeArea:1.5kV
# Analyzer Slit:                5:7x20\B:open
# Scan Mode:                    FixedAnalyzerTransmission
# Curves/Scan:                  1
# Values/Curve:                 331
# Dwell Time:                   0.1
# Excitation Energy:            1486.61
# Binding Energy:               90
# Pass Energy:                  10
# Bias Voltage:                 90
# Detector Voltage:             3000
# Eff. Workfunction:            4.543
# Source:                       X-Ray Dummy
# Comment:                      
#
# Cycle: 0
# Number of Scans: 25
#
# Cycle: 0, Curve: 0
# Acquisition Date:             07/07/26 18:07:50 UTC
#
# ColumnLabels:                 energy counts/s
#
90  308.2417
89.9  318.58622
89.8  315.09593
89.7  310.16824
89.6  315.57136
89.5  299.69454
89.4  296.54663
89.3  291.58105
89.2  302.72778
89.1  295.97506
89  283.77519
88.9  282.24527
88.8  278.89729
88.7  271.92158
88.6  269.6226
88.5  263.74186
88.4  246.54349
88.3  252.64656
88.2  235.73787
88.1  238.84817
88  237.06325
87.9  229.669
87.8  216.42224
87.7  217.3753
87.6  229.5161
87.5  205.51095
87.4  200.4209
87.3  200.78683
87.2  186.43458
87.1  205.89027
87  206.77705
86.9  195.46429
86.8  202.80262
86.7  200.75856
86.6  200.47193
86.5  207.69152
86.4  202.90841
86.3  199.65381
86.2  199.4594
86.1  191.35091
86  184.80352
85.9  191.04875
85.8  188.06658
85.7  182.54926
85.6  188.6264
85.5  205.23368
85.4  197.05423
85.3  198.38953
85.2  208.09516
85.1  190.96863
85  186.52875
84.9  184.01589
84.8  201.0677
84.7  196.37947
84.6  196.21885
84.5  208.39538
84.4  195.39746
84.3  195.83415
84.2  206.53207
84.1  196.4168
84  206.76227
83.9  199.26838
83.8  205.16773
83.7  204.75352
83.6  199.78162
83.5  217.14666
83.4  207.75112
83.3  212.8156
83.2  234.16861
83.1  216.54644
83  220.83149
82.9  228.77833
82.8  225.38701
82.7  217.68188
82.6  223.37655
82.5  248.90408
82.4  235.46508
82.3  252.88475
82.2  241.33052
82.1  256.48514
82  290.99368
81.9  269.98888
81.8  284.11361
81.7  281.1194
81.6  283.56209
81.5  320.2778
81.4  296.7492
81.3  324.01856
81.2  321.58868
81.1  338.36841
81  321.73606
80.9  334.75565
80.8  339.98043
80.7  344.55229
80.6  350.89737
80.5  341.13372
80.4  344.25817
80.3  346.50654
80.2  343.45961
80.1  337.64874
80  329.56228
79.9  334.28221
79.8  305.75261
79.7  294.39386
79.6  304.4126
79.5  288.75903
79.4  267.11514
79.3  288.36387
79.2  264.12143
79.1  266.65664
79  253.70452
78.9  257.86583
78.8  254.72086
78.7  236.60109
78.6  219.49917
78.5  235.54677
78.4  225.22989
78.3  215.89879
78.2  213.23537
78.1  212.64382
78  206.45039
77.9  207.56965
77.8  188.84938
77.7  190.77535
77.6  201.45309
77.5  204.79688
77.4  205.26555
77.3  201.05521
77.2  199.81595
77.1  203.16075
77  203.17286
76.9  185.28327
76.8  186.51483
76.7  190.91242
76.6  189.97311
76.5  195.85006
76.4  184.77864
76.3  199.39382
76.2  192.19208
76.1  201.84222
76  188.17216
75.9  190.43644
75.8  197.66849
75.7  192.73981
75.6  195.206
75.5  195.53604
75.4  186.36651
75.3  186.47773
75.2  201.07335
75.1  181.51754
75  181.22866
74.9  186.30694
74.8  184.39513
74.7  193.6005
74.6  179.78323
74.5  182.43754
74.4  175.58201
74.3  183.81108
74.2  175.8873
74.1  191.7839
74  212.20394
73.9  194.49258
73.8  195.48813
73.7  187.50149
73.6  180.86599
73.5  186.30668
73.4  187.29965
73.3  184.48663
73.2  187.08752
73.1  189.33721
73  190.60146
72.9  178.84013
72.8  183.42021
72.7  187.38485
72.6  188.61384
72.5  186.29437
72.4  188.19148
72.3  179.71561
72.2  184.15098
72.1  196.66607
72  195.31439
71.9  182.08307
71.8  196.34745
71.7  196.62684
71.6  193.82946
71.5  174.89881
71.4  190.9987
71.3  179.7684
71.2  189.8144
71.1  216.57797
71  199.9118
70.9  193.54842
70.8  177.63743
70.7  191.74437
70.6  205.08749
70.5  193.36494
70.4  210.06892
70.3  207.6771
70.2  199.03997
70.1  190.80898
70  184.78974
69.9  184.0065
69.8  185.89916
69.7  199.23409
69.6  199.92998
69.5  199.55007
69.4  187.38124
69.3  187.63811
69.2  199.52352
69.1  203.12837
69  187.60185
68.9  188.54738
68.8  187.63338
68.7  186.55127
68.6  193.02606
68.5  183.8795
68.4  178.78414
68.3  184.76949
68.2  191.56782
68.1  181.25751
68  182.82619
67.9  167.21025
67.8  185.34997
67.7  177.59954
67.6  187.64365
67.5  202.07302
67.4  202.33014
67.3  200.89012
67.2  191.45228
67.1  183.19426
67  198.32813
66.9  190.21295
66.8  196.79093
66.7  179.73799
66.6  191.43809
66.5  195.19888
66.4  191.84231
66.3  184.72047
66.2  183.69437
66.1  177.64068
66  181.72057
65.9  187.95914
65.8  177.16636
65.7  177.04491
65.6  185.87839
65.5  185.39386
65.4  194.53729
65.3  197.48923
65.2  188.60646
65.1  180.05606
65  203.21373
64.9  184.85117
64.8  183.39163
64.7  191.66135
64.6  179.27281
64.5  181.31168
64.4  186.95987
64.3  183.98976
64.2  194.25986
64.1  198.89282
64  179.65652
63.9  175.73101
63.8  174.77733
63.7  184.25598
63.6  187.63029
63.5  174.4487
63.4  173.9586
63.3  188.75151
63.2  186.58304
63.1  187.07911
63  184.89369
62.9  178.26441
62.8  203.86025
62.7  181.38104
62.6  168.46081
62.5  174.82587
62.4  188.74439
62.3  188.54226
62.2  183.25778
62.1  163.37483
62  188.18403
61.9  187.12033
61.8  185.68439
61.7  183.69597
61.6  193.92002
61.5  193.49353
61.4  181.41496
61.3  186.8416
61.2  182.84646
61.1  187.52346
61  176.83859
60.9  173.37062
60.8  174.0489
60.7  181.86636
60.6  164.36863
60.5  173.06896
60.4  178.39689
60.3  171.92318
60.2  176.56469
60.1  180.19262
60  167.02931
59.9  175.01479
59.8  183.3441
59.7  173.25525
59.6  185.15652
59.5  186.16225
59.4  181.49934
59.3  173.57716
59.2  188.27813
59.1  183.95946
59  180.92516
58.9  167.87072
58.8  181.80346
58.7  174.57455
58.6  179.11753
58.5  179.04987
58.4  192.96772
58.3  174.74603
58.2  179.94857
58.1  169.74752
58  183.41726
57.9  176.92091
57.8  175.3923
57.7  166.53075
57.6  172.35644
57.5  178.36461
57.4  177.37225
57.3  181.5695
57.2  180.62331
57.1  182.51733
57  176.11186

# Operation:                    Peak Fit
# Parameter: "Transition" = 
# Parameter: "Label" = 
# Parameter: "Background Method" = Tougaard
# Parameter: "Peak Shape" = Voigt
# Parameter: "Asymmetric Peak" = false
# Parameter: "FWHM-Annotation" = S-B = <Signal-BG:@>\nFWHM = <FWHM:@>\nArea = <Area:@>
# Parameter: "Peak-Annotation" = <Label>\n<Transition>\nE = <Center:@>
#
# Result:
# Number of Results:            2
# Parameter: "Transition" = 
# Parameter: "Label" = 
# Parameter: "Center" = 80.508598049990496 eV +- 0.025835088626668036
# Parameter: "Area" = 469.12466370716919 cps eV +- 8.8870053001566607
# Parameter: "FWHM (Lorentzian)" = 0 eV +- 0
# Parameter: "FWHM (Gaussian)" = 2.8610540824754951 eV +- 0.058492680964967257
# Parameter: "Asymmetry" = 0 +- 0
# Parameter: "Tougaard B" = 38181.645023921039 eV^2 +- 1118.4071302339171
# Parameter: "Tougaard C" = 1643 eV^2 +- 0
# Parameter: "FWHM" = 2.8610540824754951 eV
# Parameter: "Baseline Offset" = 184.24050666359 cps +- 0.59770079825981282
# Parameter: "Abbe factor" = 0.2133332722022459
# Parameter: "Reduced Chi Square" = 2.7729939401763346
# Parameter: "Q Probability" = 1.8296378906427974e-55
# Parameter: "Number of performed iterations" = 10
# Parameter: "Fit termination reason" = ConvergedInParameter
# Parameter: "Signal" = 341.50250359315822 cps
# Parameter: "Signal-BG" = 154.03875101257432 cps
#
# Result Name:                  Background
# Number of Curves:             1
#
# Curve:                        0
# Values/Curve:                 232
#
90  254.61644
89.857143  253.33421
89.714286  252.06298
89.571429  250.80251
89.428571  249.55259
89.285714  248.31297
89.142857  247.08345
89  245.86379
88.857143  244.65378
88.714286  243.4532
88.571429  242.26185
88.428571  241.0795
88.285714  239.90595
88.142857  238.741
88  237.58444
87.857143  236.43607
87.714286  235.2957
87.571429  234.16313
87.428571  233.03816
87.285714  231.9206
87.142857  230.81027
87  229.70698
86.857143  228.61054
86.714286  227.52078
86.571429  226.4375
86.428571  225.36053
86.285714  224.28971
86.142857  223.22484
86  222.16576
85.857143  221.1123
85.714286  220.0643
85.571429  219.02158
85.428571  217.98398
85.285714  216.95135
85.142857  215.92353
85  214.90037
84.857143  213.88173
84.714286  212.86747
84.571429  211.85749
84.428571  210.85167
84.285714  209.84995
84.142857  208.85228
84  207.85866
83.857143  206.86916
83.714286  205.88391
83.571429  204.90313
83.428571  203.92716
83.285714  202.95648
83.142857  201.99174
83  201.03377
82.857143  200.08362
82.714286  199.14259
82.571429  198.21223
82.428571  197.29437
82.285714  196.39112
82.142857  195.50485
82  194.63816
81.857143  193.79388
81.714286  192.97496
81.571429  192.18445
81.428571  191.42538
81.285714  190.70071
81.142857  190.01318
81  189.36527
80.857143  188.75905
80.714286  188.19613
80.571429  187.6776
80.428571  187.20396
80.285714  186.7751
80.142857  186.39032
80  186.04833
79.857143  185.74733
79.714286  185.48505
79.571429  185.25886
79.428571  185.06583
79.285714  184.90286
79.142857  184.76678
79  184.65442
78.857143  184.56268
78.714286  184.48864
78.571429  184.42957
78.428571  184.38301
78.285714  184.34673
78.142857  184.31881
78  184.29758
77.857143  184.28163
77.714286  184.2698
77.571429  184.26113
77.428571  184.25486
77.285714  184.25037
77.142857  184.24721
77  184.24501
76.857143  184.24349
76.714286  184.24246
76.571429  184.24177
76.428571  184.24132
76.285714  184.24102
76.142857  184.24083
76  184.2407
75.857143  184.24063
75.714286  184.24058
75.571429  184.24055
75.428571  184.24053
75.285714  184.24052
75.142857  184.24051
75  184.24051
74.857143  184.24051
74.714286  184.24051
74.571429  184.24051
74.428571  184.24051
74.285714  184.24051
74.142857  184.24051
74  184.24051
73.857143  184.24051
73.714286  184.24051
73.571429  184.24051
73.428571  184.24051
73.285714  184.24051
73.142857  184.24051
73  184.24051
72.857143  184.24051
72.714286  184.24051
72.571429  184.24051
72.428571  184.24051
72.285714  184.24051
72.142857  184.24051
72  184.24051
71.857143  184.24051
71.714286  184.24051
71.571429  184.24051
71.428571  184.24051
71.285714  184.24051
71.142857  184.24051
71  184.24051
70.857143  184.24051
70.714286  184.24051
70.571429  184.24051
70.428571  184.24051
70.285714  184.24051
70.142857  184.24051
70  184.24051
69.857143  184.24051
69.714286  184.24051
69.571429  184.24051
69.428571  184.24051
69.285714  184.24051
69.142857  184.24051
69  184.24051
68.857143  184.24051
68.714286  184.24051
68.571429  184.24051
68.428571  184.24051
68.285714  184.24051
68.142857  184.24051
68  184.24051
67.857143  184.24051
67.714286  184.24051
67.571429  184.24051
67.428571  184.24051
67.285714  184.24051
67.142857  184.24051
67  184.24051
66.857143  184.24051
66.714286  184.24051
66.571429  184.24051
66.428571  184.24051
66.285714  184.24051
66.142857  184.24051
66  184.24051
65.857143  184.24051
65.714286  184.24051
65.571429  184.24051
65.428571  184.24051
65.285714  184.24051
65.142857  184.24051
65  184.24051
64.857143  184.24051
64.714286  184.24051
64.571429  184.24051
64.428571  184.24051
64.285714  184.24051
64.142857  184.24051
64  184.24051
63.857143  184.24051
63.714286  184.24051
63.571429  184.24051
63.428571  184.24051
63.285714  184.24051
63.142857  184.24051
63  184.24051
62.857143  184.24051
62.714286  184.24051
62.571429  184.24051
62.428571  184.24051
62.285714  184.24051
62.142857  184.24051
62  184.24051
61.857143  184.24051
61.714286  184.24051
61.571429  184.24051
61.428571  184.24051
61.285714  184.24051
61.142857  184.24051
61  184.24051
60.857143  184.24051
60.714286  184.24051
60.571429  184.24051
60.428571  184.24051
60.285714  184.24051
60.142857  184.24051
60  184.24051
59.857143  184.24051
59.714286  184.24051
59.571429  184.24051
59.428571  184.24051
59.285714  184.24051
59.142857  184.24051
59  184.24051
58.857143  184.24051
58.714286  184.24051
58.571429  184.24051
58.428571  184.24051
58.285714  184.24051
58.142857  184.24051
58  184.24051
57.857143  184.24051
57.714286  184.24051
57.571429  184.24051
57.428571  184.24051
57.285714  184.24051
57.142857  184.24051
57  184.24051

# Result Name:                  Peak Fit
# Number of Curves:             1
#
# Curve:                        0
# Values/Curve:                 232
#
90  254.61644
89.857143  253.33421
89.714286  252.06298
89.571429  250.80251
89.428571  249.55259
89.285714  248.31297
89.142857  247.08345
89  245.86379
88.857143  244.65378
88.714286  243.4532
88.571429  242.26185
88.428571  241.0795
88.285714  239.90595
88.142857  238.741
88  237.58444
87.857143  236.43607
87.714286  235.2957
87.571429  234.16313
87.428571  233.03817
87.285714  231.92063
87.142857  230.81033
87  229.70708
86.857143  228.61072
86.714286  227.52111
86.571429  226.4381
86.428571  225.36161
86.285714  224.2916
86.142857  223.22813
86  222.17141
85.857143  221.12184
85.714286  220.08019
85.571429  219.0477
85.428571  218.02633
85.285714  217.01906
85.142857  216.03029
85  215.0664
84.857143  214.13639
84.714286  213.25271
84.571429  212.43224
84.428571  211.69741
84.285714  211.07735
84.142857  210.60913
84  210.33881
83.857143  210.32231
83.714286  210.62578
83.571429  211.32526
83.428571  212.50554
83.285714  214.25774
83.142857  216.67574
83  219.85108
82.857143  223.86662
82.714286  228.78897
82.571429  234.66014
82.428571  241.48899
82.285714  249.24319
82.142857  257.8425
82  267.15431
81.857143  276.99225
81.714286  287.11856
81.571429  297.25055
81.428571  307.0713
81.285714  316.2441
81.142857  324.42989
81  331.30647
80.857143  336.58802
80.714286  340.04323
80.571429  341.51052
80.428571  340.90893
80.285714  338.24363
80.142857  333.60554
80  327.16519
79.857143  319.16119
79.714286  309.88461
79.571429  299.66058
79.428571  288.82873
79.285714  277.72414
79.142857  266.66017
79  255.91444
78.857143  245.71866
78.714286  236.25263
78.571429  227.64238
78.428571  219.96194
78.285714  213.23818
78.142857  207.45765
78  202.57478
77.857143  198.52044
77.714286  195.2102
77.571429  192.55179
77.428571  190.45127
77.285714  188.81797
77.142857  187.56792
77  186.62607
76.857143  185.92735
76.714286  185.41692
76.571429  185.04968
76.428571  184.78945
76.285714  184.6078
76.142857  184.48288
76  184.39826
75.857143  184.34177
75.714286  184.30462
75.571429  184.28054
75.428571  184.26516
75.285714  184.25548
75.142857  184.24948
75  184.24581
74.857143  184.24359
74.714286  184.24228
74.571429  184.24151
74.428571  184.24107
74.285714  184.24082
74.142857  184.24068
74  184.2406
73.857143  184.24055
73.714286  184.24053
73.571429  184.24052
73.428571  184.24051
73.285714  184.24051
73.142857  184.24051
73  184.24051
72.857143  184.24051
72.714286  184.24051
72.571429  184.24051
72.428571  184.24051
72.285714  184.24051
72.142857  184.24051
72  184.24051
71.857143  184.24051
71.714286  184.24051
71.571429  184.24051
71.428571  184.24051
71.285714  184.24051
71.142857  184.24051
71  184.24051
70.857143  184.24051
70.714286  184.24051
70.571429  184.24051
70.428571  184.24051
70.285714  184.24051
70.142857  184.24051
70  184.24051
69.857143  184.24051
69.714286  184.24051
69.571429  184.24051
69.428571  184.24051
69.285714  184.24051
69.142857  184.24051
69  184.24051
68.857143  184.24051
68.714286  184.24051
68.571429  184.24051
68.428571  184.24051
68.285714  184.24051
68.142857  184.24051
68  184.24051
67.857143  184.24051
67.714286  184.24051
67.571429  184.24051
67.428571  184.24051
67.285714  184.24051
67.142857  184.24051
67  184.24051
66.857143  184.24051
66.714286  184.24051
66.571429  184.24051
66.428571  184.24051
66.285714  184.24051
66.142857  184.24051
66  184.24051
65.857143  184.24051
65.714286  184.24051
65.571429  184.24051
65.428571  184.24051
65.285714  184.24051
65.142857  184.24051
65  184.24051
64.857143  184.24051
64.714286  184.24051
64.571429  184.24051
64.428571  184.24051
64.285714  184.24051
64.142857  184.24051
64  184.24051
63.857143  184.24051
63.714286  184.24051
63.571429  184.24051
63.428571  184.24051
63.285714  184.24051
63.142857  184.24051
63  184.24051
62.857143  184.24051
62.714286  184.24051
62.571429  184.24051
62.428571  184.24051
62.285714  184.24051
62.142857  184.24051
62  184.24051
61.857143  184.24051
61.714286  184.24051
61.571429  184.24051
61.428571  184.24051
61.285714  184.24051
61.142857  184.24051
61  184.24051
60.857143  184.24051
60.714286  184.24051
60.571429  184.24051
60.428571  184.24051
60.285714  184.24051
60.142857  184.24051
60  184.24051
59.857143  184.24051
59.714286  184.24051
59.571429  184.24051
59.428571  184.24051
59.285714  184.24051
59.142857  184.24051
59  184.24051
58.857143  184.24051
58.714286  184.24051
58.571429  184.24051
58.428571  184.24051
58.285714  184.24051
58.142857  184.24051
58  184.24051
57.857143  184.24051
57.714286  184.24051
57.571429  184.24051
57.428571  184.24051
57.285714  184.24051
57.142857  184.24051
57  184.24051

# Region:                       Au 4d
# Spectrum ID:                  8
# Acquisition Date:             07/07/26 18:11:36 UTC
# Analysis Method:              XPS
# Analyzer:                     PHOIBOS MCD5 Analyzer
# Analyzer Lens:                LargeArea:1.5kV
# Analyzer Slit:                5:7x20\B:open
# Scan Mode:                    FixedAnalyzerTransmission
# Curves/Scan:                  1
# Values/Curve:                 901
# Dwell Time:                   0.1
# Excitation Energy:            1486.61
# Binding Energy:               385
# Pass Energy:                  50
# Bias Voltage:                 90
# Detector Voltage:             3000
# Eff. Workfunction:            4.543
# Source:                       X-Ray Dummy
# Comment:                      
#
# Cycle: 0
# Number of Scans: 2
#
# Cycle: 0, Curve: 0
# Acquisition Date:             07/07/26 18:11:36 UTC
#
# ColumnLabels:                 energy counts/s
#
385  7479.5271
384.9  7261.4933
384.8  7556.7678
384.7  7597.2642
384.6  7364.5707
384.5  7351.1097
384.4  7308.0515
384.3  7497.5913
384.2  7746.2243
384.1  7826.9852
384  8104.5949
383.9  7696.6596
383.8  7556.0072
383.7  7597.8738
383.6  7722.4873
383.5  7661.7314
383.4  7906.5681
383.3  7643.855
383.2  7324.7818
383.1  7392.6113
383  7738.5312
382.9  7537.1804
382.8  7694.3593
382.7  7626.2426
382.6  7597.4127
382.5  7517.1254
382.4  7421.5993
382.3  7491.8062
382.2  7645.7093
382.1  7762.918
382  7648.279
381.9  7662.4635
381.8  7557.9081
381.7  7469.0988
381.6  7651.1574
381.5  7538.6661
381.4  7678.5771
381.3  7920.5587
381.2  7407.2973
381.1  7745.0259
381  7533.6724
380.9  7862.4721
380.8  7625.2539
380.7  7593.645
380.6  7757.4685
380.5  7569.2222
380.4  7627.1061
380.3  7526.0544
380.2  7542.5855
380.1  7764.4033
380  7509.3108
379.9  7602.6157
379.8  7659.3037
379.7  7629.2998
379.6  7692.9514
379.5  7541.3924
379.4  7397.3329
379.3  7610.1179
379.2  7613.8842
379.1  7442.6312
379  7450.8464
378.9  7627.6932
378.8  7682.0462
378.7  7605.8468
378.6  7388.8216
378.5  7494.0763
378.4  7247.1037
378.3  7570.4044
378.2  7533.2032
378.1  7524.5888
378  7643.5403
377.9  7675.5706
377.8  7729.0545
377.7  7340.8724
377.6  7528.5704
377.5  7674.1503
377.4  7717.4543
377.3  7506.6008
377.2  7706.4144
377.1  8003.0686
377  7751.8989
376.9  7661.5291
376.8  7846.1992
376.7  7748.1722
376.6  7682.8444
376.5  7709.3976
376.4  7630.886
376.3  7755.355
376.2  7468.0976
376.1  7491.8764
376  7353.3514
375.9  7659.553
375.8  7693.9355
375.7  7525.7523
375.6  7524.5029
375.5  7820.3736
375.4  7513.9902
375.3  7382.5719
375.2  7531.8036
375.1  7735.2671
375  7553.5541
374.9  7581.3633
374.8  7652.7954
374.7  7602.0386
374.6  7662.9073
374.5  7650.8231
374.4  7495.6856
374.3  7772.4412
374.2  7528.3263
374.1  7649.9203
374  7761.8286
373.9  7390.9695
373.8  7281.2801
373.7  7573.4444
373.6  7704.663
373.5  7365.6306
373.4  7729.2363
373.3  7851.6505
373.2  7804.7933
373.1  7737.4055
373  7797.705
372.9  7388.791
372.8  7645.873
372.7  7564.1427
372.6  7700.3996
372.5  7754.0866
372.4  7643.896
372.3  7821.7214
372.2  7840.3631
372.1  7952.173
372  7725.7894
371.9  7943.5777
371.8  7844.0924
371.7  7948.5006
371.6  7928.0829
371.5  7300.5648
371.4  7507.6268
371.3  7706.317
371.2  7566.2538
371.1  7619.0007
371  7629.1614
370.9  7859.2744
370.8  7562.0812
370.7  7830.1914
370.6  7806.4548
370.5  7555.3546
370.4  7919.8302
370.3  7754.444
370.2  7790.5524
370.1  7581.0272
370  7766.2173
369.9  7983.838
369.8  7922.6422
369.7  7699.1977
369.6  7926.7042
369.5  7819.5396
369.4  7776.6028
369.3  7814.4866
369.2  7887.2201
369.1  8033.7898
369  7871.7581
368.9  7586.4296
368.8  7659.1778
368.7  7822.6044
368.6  7551.3364
368.5  7697.7832
368.4  8182.9656
368.3  7944.8355
368.2  7823.1158
368.1  7852.6384
368  7657.1941
367.9  7793.6041
367.8  7594.1747
367.7  7737.3137
367.6  7726.588
367.5  7646.8485
367.4  7296.6141
367.3  7686.7801
367.2  7623.9629
367.1  7707.507
367  7633.7832
366.9  7673.3237
366.8  7744.2704
366.7  7965.5054
366.6  7799.3955
366.5  7836.7869
366.4  8132.3613
366.3  7885.6765
366.2  7796.6902
366.1  7694.0751
366  7586.483
365.9  7811.5437
365.8  7814.3048
365.7  7816.8542
365.6  7515.3375
365.5  7518.3246
365.4  7529.6049
365.3  7865.1622
365.2  7773.1645
365.1  7821.3366
365  7863.8158
364.9  7665.8466
364.8  7673.9096
364.7  7797.0236
364.6  7761.1494
364.5  7751.3194
364.4  7683.5052
364.3  7694.475
364.2  7655.1554
364.1  7831.5208
364  7815.7956
363.9  8111.8057
363.8  7778.6391
363.7  7701.1825
363.6  7682.8492
363.5  7547.7522
363.4  7744.9906
363.3  7512.7954
363.2  7494.0859
363.1  7613.7375
363  7600.9314
362.9  7947.27
362.8  7946.5074
362.7  7862.8195
362.6  8199.6363
362.5  8297.4284
362.4  8001.1539
362.3  7696.766
362.2  7911.1978
362.1  8240.3373
362  8070.2162
361.9  7868.2921
361.8  8317.1345
361.7  7928.4571
361.6  8223.5092
361.5  8123.9426
361.4  8112.6352
361.3  7979.6265
361.2  7962.3656
361.1  7986.6831
361  8256.0107
360.9  8134.4751
360.8  8112.4212
360.7  8225.4489
360.6  8431.6514
360.5  8381.8594
360.4  8034.2931
360.3  8457.5105
360.2  8732.3782
360.1  8677.6043
360  8384.5626
359.9  8614.6141
359.8  8632.5813
359.7  8345.2091
359.6  8290.1519
359.5  8279.0294
359.4  8614.6466
359.3  8459.9889
359.2  8489.898
359.1  8499.4624
359  8659.0133
358.9  8353.2484
358.8  8677.1368
358.7  8695.7362
358.6  8592.709
358.5  8820.3884
358.4  8597.7292
358.3  8441.7252
358.2  8590.2772
358.1  8402.4208
358  8587.823
357.9  8689.1603
357.8  8273.1143
357.7  8398.1012
357.6  8504.8604
357.5  8532.6963
357.4  8282.8431
357.3  8085.3889
357.2  8364.979
357.1  8199.7127
357  8316.6532
356.9  8232.4891
356.8  8317.636
356.7  8532.7421
356.6  8379.3057
356.5  8384.5041
356.4  8530.4345
356.3  8559.7021
356.2  8203.275
356.1  8476.4666
356  8467.0652
355.9  8204.8874
355.8  8379.9696
355.7  8264.8698
355.6  8132.9165
355.5  8274.3397
355.4  8070.7542
355.3  7997.1655
355.2  7878.6942
355.1  7875.3453
355  8418.7058
354.9  8300.5932
354.8  8412.5191
354.7  8416.7744
354.6  8241.3727
354.5  8334.732
354.4  8198.7485
354.3  8146.3607
354.2  8133.3202
354.1  8179.3542
354  8066.3183
353.9  8343.9584
353.8  8202.2538
353.7  8207.6584
353.6  7856.1835
353.5  8034.6971
353.4  8180.3674
353.3  7823.9884
353.2  7758.9488
353.1  8001.0723
353  8049.2411
352.9  8013.2331
352.8  8157.65
352.7  8055.5718
352.6  8218.7084
352.5  8241.7304
352.4  7937.8174
352.3  8041.1605
352.2  7868.7002
352.1  7774.5873
352  8166.9396
351.9  8012.1563
351.8  8054.1256
351.7  7870.3423
351.6  7897.9053
351.5  8039.4012
351.4  8065.5796
351.3  7456.7348
351.2  7605.5586
351.1  7975.4365
351  7943.4686
350.9  7953.2578
350.8  7574.9376
350.7  7455.2808
350.6  7784.4811
350.5  7976.2313
350.4  7660.514
350.3  7906.0058
350.2  7757.7414
350.1  7795.0384
350  7536.9091
349.9  7825.5213
349.8  7824.5453
349.7  7553.7338
349.6  7772.4007
349.5  7749.0929
349.4  7826.1913
349.3  7837.9923
349.2  7459.7893
349.1  7400.8859
349  7729.7729
348.9  7658.0357
348.8  7818.9914
348.7  7891.7089
348.6  7580.5861
348.5  7972.383
348.4  7458.5778
348.3  7522.9022
348.2  7992.0777
348.1  7567.162
348  7608.2315
347.9  7858.9045
347.8  7757.1079
347.7  7630.4083
347.6  7722.9871
347.5  7611.1604
347.4  7502.1487
347.3  7342.3952
347.2  7601.7478
347.1  7699.2602
347  7796.119
346.9  7715.9202
346.8  7504.0885
346.7  7706.1976
346.6  7877.9581
346.5  7695.4841
346.4  7656.6108
346.3  7866.5765
346.2  7451.8074
346.1  7300.957
346  7564.4868
345.9  7872.0289
345.8  7656.3011
345.7  7770.0914
345.6  7520.4745
345.5  7797.2506
345.4  8032.6256
345.3  7827.5407
345.2  7714.3174
345.1  7724.4592
345  7733.8014
344.9  7548.7518
344.8  7840.4005
344.7  7691.2462
344.6  7848.1884
344.5  7881.723
344.4  7939.9362
344.3  7619.8296
344.2  7704.9502
344.1  7923.0407
344  7790.4921
343.9  8096.7921
343.8  7905.3603
343.7  8010.4753
343.6  7976.7819
343.5  7759.6559
343.4  7848.2251
343.3  7887.9514
343.2  7813.8927
343.1  8181.0728
343  8208.3342
342.9  8296.6682
342.8  8212.9086
342.7  8312.551
342.6  8511.8563
342.5  8030.1749
342.4  8067.1124
342.3  8197.6227
342.2  8411.8021
342.1  8659.8615
342  8618.8364
341.9  8433.2986
341.8  8524.3743
341.7  8460.3461
341.6  8550.0915
341.5  8706.5375
341.4  8813.1368
341.3  8451.989
341.2  8653.2299
341.1  8533.2681
341  8622.4087
340.9  8481.5857
340.8  8571.1336
340.7  8759.2369
340.6  8446.3782
340.5  8387.278
340.4  8601.6494
340.3  8591.3193
340.2  8587.3967
340.1  8665.4696
340  8593.7957
339.9  8574.7701
339.8  8668.6093
339.7  8751.8455
339.6  8312.2118
339.5  8435.3555
339.4  8511.0735
339.3  8323.2041
339.2  8492.8249
339.1  8580.4901
339  8580.3703
338.9  8515.9386
338.8  8864.5862
338.7  8831.2681
338.6  8342.3442
338.5  8198.09
338.4  8192.125
338.3  8509.671
338.2  8298.8149
338.1  8105.6782
338  8150.3273
337.9  8039.5146
337.8  8346.8545
337.7  8604.2844
337.6  8561.728
337.5  8059.7121
337.4  7909.08
337.3  8076.854
337.2  7942.8161
337.1  8332.273
337  8437.7937
336.9  8033.1708
336.8  7948.6313
336.7  8040.5661
336.6  7896.0229
336.5  8106.623
336.4  8056.1163
336.3  8133.2725
336.2  7927.4312
336.1  8066.2797
336  8001.311
335.9  8075.3602
335.8  7911.245
335.7  8145.4499
335.6  7838.5863
335.5  7988.4309
335.4  7610.0461
335.3  7864.0218
335.2  7898.3558
335.1  7831.9034
335  7760.1253
334.9  7636.1687
334.8  7496.94
334.7  7958.7063
334.6  8130.4527
334.5  8047.9483
334.4  7513.9714
334.3  7655.5647
334.2  7723.6801
334.1  7404.4267
334  7474.6883
333.9  7964.545
333.8  7401.1464
333.7  7608.4638
333.6  7419.4087
333.5  7408.9276
333.4  7679.8427
333.3  7769.9952
333.2  7412.8663
333.1  7063.0841
333  7162.9925
332.9  7222.1246
332.8  7056.9257
332.7  7202.7031
332.6  7181.8509
332.5  7345.5266
332.4  7319.6197
332.3  7140.0022
332.2  7251.6998
332.1  7387.5541
332  6820.1321
331.9  6970.5047
331.8  7107.9545
331.7  7254.1379
331.6  7260.3984
331.5  7325.7552
331.4  7001.9359
331.3  7160.8922
331.2  6944.195
331.1  6997.9976
331  6979.0326
330.9  7269.3476
330.8  6941.7095
330.7  7002.9573
330.6  6945.4566
330.5  6790.59
330.4  7002.1956
330.3  7327.1648
330.2  6936.1763
330.1  6935.0811
330  7205.5127
329.9  6974.6492
329.8  7064.0794
329.7  6844.6298
329.6  7014.1465
329.5  6838.9784
329.4  7170.265
329.3  6893.8448
329.2  7060.8923
329.1  6968.4677
329  7015.3917
328.9  6900.4126
328.8  6831.4928
328.7  6893.3613
328.6  7003.1767
328.5  6833.0531
328.4  6718.6033
328.3  6511.8303
328.2  6991.6127
328.1  6972.449
328  7053.4652
327.9  7083.1996
327.8  6891.2922
327.7  7088.0916
327.6  6716.6265
327.5  6912.9998
327.4  6903.6809
327.3  6744.1658
327.2  7010.0339
327.1  6767.1192
327  6872.3162
326.9  6851.6533
326.8  6747.686
326.7  6997.2083
326.6  6842.1878
326.5  6986.1051
326.4  7042.9845
326.3  6970.6791
326.2  7037.2924
326.1  6894.5265
326  6978.5187
325.9  6927.7064
325.8  6869.0028
325.7  6892.5309
325.6  6861.1343
325.5  6850.0989
325.4  6895.4487
325.3  6875.8647
325.2  6547.0798
325.1  7108.5483
325  6923.5263
324.9  6579.4153
324.8  6680.0226
324.7  6798.2783
324.6  6718.1927
324.5  6465.039
324.4  6951.3405
324.3  6990.4806
324.2  6993.1109
324.1  7146.1039
324  6675.6168
323.9  7011.8564
323.8  6793.951
323.7  6973.0606
323.6  6839.7251
323.5  6568.9957
323.4  6641.7215
323.3  6643.7837
323.2  6644.5438
323.1  6787.2635
323  6732.6306
322.9  6593.0777
322.8  6517.2514
322.7  6662.1105
322.6  6804.5196
322.5  6811.7033
322.4  7045.5599
322.3  6757.5317
322.2  6762.052
322.1  6600.7134
322  6541.4606
321.9  6696.3642
321.8  7049.346
321.7  6708.6742
321.6  6715.3406
321.5  6460.8226
321.4  6497.5133
321.3  6748.4014
321.2  6719.4478
321.1  6495.1128
321  6481.3229
320.9  6741.0558
320.8  6691.4035
320.7  6752.7393
320.6  6872.9759
320.5  6899.588
320.4  6337.9313
320.3  6479.917
320.2  6529.1532
320.1  6836.1956
320  6846.3681
319.9  6672.905
319.8  6747.3167
319.7  6646.1026
319.6  6805.4386
319.5  6774.7196
319.4  6716.5415
319.3  6765.8404
319.2  6608.1847
319.1  6533.77
319  6346.7824
318.9  6688.4851
318.8  6674.4586
318.7  6772.8194
318.6  6682.1273
318.5  6758.5479
318.4  6957.0051
318.3  6677.8622
318.2  6435.1992
318.1  6713.3614
318  6848.9715
317.9  6408.753
317.8  6331.1161
317.7  6448.4222
317.6  6379.5931
317.5  6796.5024
317.4  6671.0427
317.3  6405.4444
317.2  6806.4888
317.1  6915.2643
317  6621.4528
316.9  6425.5756
316.8  6578.5356
316.7  6412.6368
316.6  6477.3477
316.5  6512.2
316.4  6780.51
316.3  6528.1416
316.2  6650.4847
316.1  6650.6601
316  6516.5598
315.9  6498.2913
315.8  6530.9977
315.7  6745.0598
315.6  6413.2082
315.5  6577.5043
315.4  6476.0269
315.3  6748.363
315.2  6803.4236
315.1  6474.3287
315  6567.2771
314.9  6555.7704
314.8  6549.208
314.7  6678.1682
314.6  6843.3153
314.5  6466.3829
314.4  6243.9
314.3  6579.4966
314.2  6767.1116
314.1  6435.1057
314  6528.6012
313.9  6689.7817
313.8  6451.9993
313.7  6553.4508
313.6  6540.4059
313.5  6468.3958
313.4  6559.4371
313.3  6722.3109
313.2  6522.5024
313.1  6650.2908
313  6660.356
312.9  6742.9368
312.8  6503.3512
312.7  6486.9759
312.6  6537.0594
312.5  6593.8034
312.4  6607.1063
312.3  6521.6669
312.2  6670.9396
312.1  6510.8175
312  6721.8654
311.9  6803.0141
311.8  6553.7087
311.7  6502.5283
311.6  6280.5527
311.5  6493.6548
311.4  6522.8249
311.3  6191.8337
311.2  6517.7336
311.1  6508.6703
311  6564.7145
310.9  6492.9752
310.8  6874.0859
310.7  6758.8629
310.6  6676.1182
310.5  6713.1489
310.4  6422.4046
310.3  6665.9287
310.2  6761.2129
310.1  6489.205
310  6373.475
309.9  6503.8644
309.8  6569.0576
309.7  6571.6208
309.6  6344.6451
309.5  6558.2477
309.4  6596.3324
309.3  6259.1595
309.2  6646.1646
309.1  6250.048
309  6162.3601
308.9  6485.8873
308.8  6621.8304
308.7  6626.1625
308.6  6381.0473
308.5  6334.8648
308.4  6290.3159
308.3  6539.8133
308.2  6424.6606
308.1  6458.6852
308  6421.9618
307.9  6618.5411
307.8  6464.3813
307.7  6389.4791
307.6  6676.5204
307.5  6630.7055
307.4  6449.7052
307.3  6698.3908
307.2  6470.2583
307.1  6511.4299
307  6452.8231
306.9  6440.5745
306.8  6687.8268
306.7  6575.7212
306.6  6418.0464
306.5  6500.6728
306.4  6236.364
306.3  6361.1287
306.2  6690.7536
306.1  6524.6163
306  6336.471
305.9  6509.6748
305.8  6336.1256
305.7  6413.6031
305.6  6750.61
305.5  6535.744
305.4  6583.3968
305.3  6596.7989
305.2  6467.4806
305.1  6696.2438
305  6601.3062
304.9  6432.1884
304.8  6423.4207
304.7  6452.5895
304.6  6687.5646
304.5  6789.9383
304.4  6805.5774
304.3  6896.2706
304.2  6459.141
304.1  6619.913
304  6479.1251
303.9  6312.716
303.8  6515.5572
303.7  6482.3134
303.6  6263.7522
303.5  6591.7898
303.4  6613.6313
303.3  6715.2597
303.2  6512.9275
303.1  6368.5987
303  6561.2132
302.9  6592.4541
302.8  6666.902
302.7  6510.3722
302.6  6400.4388
302.5  6183.4389
302.4  6655.9535
302.3  6317.0146
302.2  6356.2528
302.1  6502.4741
302  6338.9061
301.9  6615.4591
301.8  6411.3536
301.7  6795.9469
301.6  6951.1245
301.5  6599.0369
301.4  6506.305
301.3  6583.7578
301.2  6499.2202
301.1  6396.4808
301  6339.8932
300.9  6454.9369
300.8  6322.1937
300.7  6494.752
300.6  6827.3947
300.5  6574.7836
300.4  6422.6953
300.3  6438.2067
300.2  6455.9047
300.1  6453.2898
300  6791.8629
299.9  6585.989
299.8  6508.3449
299.7  6281.1328
299.6  6677.0854
299.5  6378.3432
299.4  6647.9054
299.3  6348.4392
299.2  6736.1322
299.1  6473.8719
299  6468.7929
298.9  6466.3254
298.8  6537.6377
298.7  6599.7169
298.6  6777.5075
298.5  6594.0304
298.4  6444.1103
298.3  6521.5841
298.2  6498.755
298.1  6828.4177
298  6582.5295
297.9  6576.1914
297.8  6757.1183
297.7  6462.2914
297.6  6482.1419
297.5  6381.3133
297.4  6458.9688
297.3  6422.2999
297.2  6570.184
297.1  6635.9995
297  6258.1191
296.9  6104.5462
296.8  6233.8971
296.7  6551.2064
296.6  6826.0389
296.5  6639.1145
296.4  6592.4465
296.3  6637.2196
296.2  6571.6208
296.1  6420.9609
296  6705.3798
295.9  6564.4907
295.8  6903.7449
295.7  6800.9594
295.6  6334.3235
295.5  6400.2309
295.4  6522.2893
295.3  6335.2846
295.2  6518.08
295.1  6264.9169
295  6492.4441

# Group:                        Spectrum Group
#
# Group:                        Spectrum Group
#
