# Created by:        SpecsLab Prodigy, Version 4.79.1-r98952 
#
# XY-Serializer Export Settings:
#   Comment Prefix:           #
#   Output Meta Data:         yes
#   Energy Axis:              Binding Energy
#   Count Rate:               Counts per Second
#   Separate Scan Data:       no
#   Separate Channel Data:    no
#   External Channel Data:    yes
#   Transmission Function:    no
#   Error Bar:                no
#   Operation Results:        yes
#   Time Zone Format:         UTC
#
# Group:                        Spectrum Group
#
# Region:                       Overall
# Spectrum ID:                  1
# Acquisition Date:             04/22/26 17:26:17 UTC
# Analysis Method:              XPS
# Analyzer:                     PHOIBOS MCD5 Analyzer
# Analyzer Lens:                LargeArea:1.5kV
# Analyzer Slit:                5:7x20\B:open
# Scan Mode:                    FixedAnalyzerTransmission
# Curves/Scan:                  1
# Values/Curve:                 1002
# Dwell Time:                   0.5
# Excitation Energy:            1253.64
# Binding Energy:               1000
# Pass Energy:                  50
# Bias Voltage:                 90
# Detector Voltage:             3000
# Eff. Workfunction:            4.543
# Source:                       X-Ray Dummy
# Comment:                      
#
# Cycle: 0
# Number of Scans: 1
#
# Cycle: 0, Curve: 0
# Acquisition Date:             04/22/26 17:26:17 UTC
#
# ColumnLabels:                 energy counts/s
#
1000  17395.378
999.001  17519.249
998.002  17592.648
997.003  17418.409
996.004  17674.418
995.005  17933.971
994.00599  17760.447
993.00699  17708.247
992.00799  17568.976
991.00899  17422.962
990.00999  17564.449
989.01099  17707.296
988.01199  17700.191
987.01299  17518.4
986.01399  17450.424
985.01499  17213.895
984.01598  16878.664
983.01698  16912.912
982.01798  17128.507
981.01898  16933.023
980.01998  16894.585
979.02098  17053.275
978.02198  16928.136
977.02298  16826.205
976.02398  16750.571
975.02498  16790.367
974.02597  17196.632
973.02697  17106.8
972.02797  17078.968
971.02897  17075.147
970.02997  17058.695
969.03097  16866.403
968.03197  16972.667
967.03297  17257.264
966.03397  17265.719
965.03497  17158.434
964.03596  17185.507
963.03696  17274.39
962.03796  17262.457
961.03896  17276.975
960.03996  17214.247
959.04096  17325.025
958.04196  17269.487
957.04296  17208.201
956.04396  17382.403
955.04496  17543.799
954.04595  17298.11
953.04695  17342.022
952.04795  17527.945
951.04895  17554.795
950.04995  17205.762
949.05095  17205.381
948.05195  17339.282
947.05295  17527.748
946.05395  17424.416
945.05495  17614.115
944.05594  17752.133
943.05694  17741.993
942.05794  17527.995
941.05894  17626.28
940.05994  17612.669
939.06094  17490.312
938.06194  17737.209
937.06294  17676.592
936.06394  17873.887
935.06494  17947.138
934.06593  17930.441
933.06693  17910.862
932.06793  17955.767
931.06893  17908.913
930.06993  17887.015
929.07093  17843.015
928.07193  17835.511
927.07293  17932.895
926.07393  18022.651
925.07493  17925.793
924.07592  17913.593
923.07692  18065.797
922.07792  18119.921
921.07892  18044.526
920.07992  17995.824
919.08092  17988.011
918.08192  18043.883
917.08292  17995.635
916.08392  18247.043
915.08492  18172.165
914.08591  18169.839
913.08691  18367.857
912.08791  18435.532
911.08891  18420.68
910.08991  18420.37
909.09091  18394.575
908.09191  18505.706
907.09291  18373.943
906.09391  18485.053
905.09491  18421.642
904.0959  18498.802
903.0969  18492.142
902.0979  18544.046
901.0989  18320.237
900.0999  18442.289
899.1009  18779.601
898.1019  18873.006
897.1029  18809.943
896.1039  18824.581
895.1049  18956.384
894.10589  18831.675
893.10689  18646.918
892.10789  18821.503
891.10889  18926.611
890.10989  18917.207
889.11089  18905.602
888.11189  19030.523
887.11289  19154.936
886.11389  19359.011
885.11489  19417.664
884.11588  19234.096
883.11688  19005.731
882.11788  19002.037
881.11888  19129.941
880.11988  19160.579
879.12088  19218.003
878.12188  19334.725
877.12288  19493.212
876.12388  19518.904
875.12488  19512.551
874.12587  19409.469
873.12687  19672.288
872.12787  19663.217
871.12887  19537.286
870.12987  19414.465
869.13087  19390.28
868.13187  19380.491
867.13287  19468.673
866.13387  19648.221
865.13487  19871.233
864.13586  19948.632
863.13686  19685.019
862.13786  19577.969
861.13886  19927.796
860.13986  19793.155
859.14086  19813.814
858.14186  20072.923
857.14286  19918.266
856.14386  19960.35
855.14486  20069.857
854.14585  20289.806
853.14685  20197.145
852.14785  20091.409
851.14885  20011.985
850.14985  20090.231
849.15085  20086.471
848.15185  20124.751
847.15285  20294.027
846.15385  20556.717
845.15485  20305.001
844.15584  19999.343
843.15684  20284.65
842.15784  20516.535
841.15884  20283.856
840.15984  20524.336
839.16084  20427.807
838.16184  20266.52
837.16284  20255.255
836.16384  20313.739
835.16484  20623.531
834.16583  20683.211
833.16683  20707.371
832.16783  20706.486
831.16883  20670.738
830.16983  20743.076
829.17083  20537.766
828.17183  20498.74
827.17283  20931.706
826.17383  20830.353
825.17483  20759.59
824.17582  20880.548
823.17682  20703.218
822.17782  20784.462
821.17882  20841.033
820.17982  20952.426
819.18082  20888.583
818.18182  20884.975
817.18282  21020.866
816.18382  21173.656
815.18482  21351.574
814.18581  21344.532
813.18681  21285.917
812.18781  21356.222
811.18881  21177.494
810.18981  21166.373
809.19081  21496.191
808.19181  21590.565
807.19281  21582.992
806.19381  21260.617
805.19481  21423.27
804.1958  21828.989
803.1968  21686.537
802.1978  21542.276
801.1988  21867.667
800.1998  22021.752
799.2008  21770.952
798.2018  21723.378
797.2028  21588.165
796.2038  21690.457
795.2048  21757.821
794.20579  21983.275
793.20679  22267.829
792.20779  22492.159
791.20879  22691.048
790.20979  22883.211
789.21079  22724.674
788.21179  22487.642
787.21279  22641.078
786.21379  22492.546
785.21479  22656.68
784.21578  23093.375
783.21678  22793.177
782.21778  22381.405
781.21878  22437.105
780.21978  22414.173
779.22078  22247.852
778.22178  22048.632
777.22278  22218.892
776.22378  22385.716
775.22478  22466.304
774.22577  22475.947
773.22677  22634.823
772.22777  23173.431
771.22877  23530.655
770.22977  23469.389
769.23077  23788.123
768.23177  23747.143
767.23277  23343.997
766.23377  23248
765.23477  23024.086
764.23576  22803.043
763.23676  22582.694
762.23776  22342.237
761.23876  22012.627
760.23976  21631.541
759.24076  21355.489
758.24176  21461.96
757.24276  21327.577
756.24376  21173.795
755.24476  21275.835
754.24575  21396.278
753.24675  21999.815
752.24775  23211.674
751.24875  24127.052
750.24975  25172.536
749.25075  26191.167
748.25175  26635.926
747.25275  26303.427
746.25375  25665.402
745.25475  24964.746
744.25574  23762.606
743.25674  23222.94
742.25774  22489.11
741.25874  21617.56
740.25974  20817.646
739.26074  20053.635
738.26174  19205.654
737.26274  18418.758
736.26374  18083.124
735.26474  17510.825
734.26573  17394.122
733.26673  17167.706
732.26773  16957.446
731.26873  17017.566
730.26973  16908.127
729.27073  16817.95
728.27173  16784.194
727.27273  16828.731
726.27373  16910.211
725.27473  16895.135
724.27572  16728.397
723.27672  16704.909
722.27772  16653.663
721.27872  16496.588
720.27972  16377.388
719.28072  16637.145
718.28172  16629.896
717.28272  16427.042
716.28372  16444.222
715.28472  16419.44
714.28571  16485.567
713.28671  16373.636
712.28771  16634.604
711.28871  16738.653
710.28971  16518.365
709.29071  15969.279
708.29171  15514.432
707.29271  15550.596
706.29371  15509.345
705.29471  15349.314
704.2957  15286.066
703.2967  15271.543
702.2977  15179.663
701.2987  15229.04
700.2997  15309.851
699.3007  15129.396
698.3017  15073.363
697.3027  15009.4
696.3037  15065.906
695.3047  15041.312
694.30569  15114.518
693.30669  14885.506
692.30769  14919.84
691.30869  15232.641
690.30969  15146.214
689.31069  15095.389
688.31169  15319.604
687.31269  15328.586
686.31369  15071.758
685.31469  15185.226
684.31568  15080.105
683.31668  15023.333
682.31768  14844.577
681.31868  15020.504
680.31968  15302.94
679.32068  15366.753
678.32168  15256.109
677.32268  15033.073
676.32368  15027.149
675.32468  15143.646
674.32567  15021.161
673.32667  14752.437
672.32767  14905.003
671.32867  15108.743
670.32967  15138.942
669.33067  15252.787
668.33167  15070.327
667.33267  14965.815
666.33367  14944.228
665.33467  14930.38
664.33566  14963.073
663.33666  14810.362
662.33766  14963.412
661.33866  14924.614
660.33966  14992.913
659.34066  15089.537
658.34166  14810.218
657.34266  14842.437
656.34366  14714.457
655.34466  14750.789
654.34565  14756.023
653.34665  14584.395
652.34765  14553.121
651.34865  14375.504
650.34965  14222.791
649.35065  14235.521
648.35165  14373.64
647.35265  14586.699
646.35365  14250.886
645.35465  14092.34
644.35564  14231.468
643.35664  14231.531
642.35764  14078.574
641.35864  14089.287
640.35964  14155.164
639.36064  14142.892
638.36164  14201.961
637.36264  14163.744
636.36364  14049.978
635.36464  14214.083
634.36563  14339.452
633.36663  14190.373
632.36763  14108.47
631.36863  14149.164
630.36963  14151.419
629.37063  14164.13
628.37163  14327.927
627.37263  14282.558
626.37363  14016.748
625.37463  13915.799
624.37562  14142.729
623.37662  14067.406
622.37762  13978.126
621.37862  14039.638
620.37962  14167.639
619.38062  14252.449
618.38162  14254.192
617.38262  14318.55
616.38362  14371.328
615.38462  14335.613
614.38561  14151.439
613.38661  14140.352
612.38761  14314.369
611.38861  14572.115
610.38961  14471.377
609.39061  14357.87
608.39161  14518.801
607.39261  14410.137
606.39361  14278.409
605.39461  14290.446
604.3956  14418.009
603.3966  14617.695
602.3976  14295.941
601.3986  14025.385
600.3996  13955.146
599.4006  13735.518
598.4016  13595.326
597.4026  13565.049
596.4036  13415.371
595.4046  13586.384
594.40559  13547.741
593.40659  13237.383
592.40759  13460.868
591.40859  13376.728
590.40959  13501.346
589.41059  13428.289
588.41159  13525.369
587.41259  13539.852
586.41359  13364.703
585.41459  13467.12
584.41558  13410.748
583.41658  13357.052
582.41758  13111.165
581.41858  13073.306
580.41958  13233.197
579.42058  13326.271
578.42158  13462.831
577.42258  13497.162
576.42358  13763.455
575.42458  13385.106
574.42557  13184.928
573.42657  12964.835
572.42757  13014.79
571.42857  13126.883
570.42957  13015.271
569.43057  13099.629
568.43157  13246.861
567.43257  12898.186
566.43357  12788.953
565.43457  12920.848
564.43556  13119.868
563.43656  13361.216
562.43756  13528.176
561.43856  13672.397
560.43956  13991.611
559.44056  14218.025
558.44156  14521.75
557.44256  14487.708
556.44356  14247.631
555.44456  14230.55
554.44555  14105.373
553.44655  13916.173
552.44755  13472.546
551.44855  12998.04
550.44955  12888.439
549.45055  12655.756
548.45155  12342.496
547.45255  12056.28
546.45355  11581.781
545.45455  11289.215
544.45554  10818.337
543.45654  10502.508
542.45754  9963.5761
541.45854  9617.8918
540.45954  9464.3652
539.46054  9626.6909
538.46154  10029.077
537.46254  11332.369
536.46354  15259.293
535.46454  22265.511
534.46553  28937.004
533.46653  30166.308
532.46753  25521.576
531.46853  18646.092
530.46953  13673.874
529.47053  11051.431
528.47153  9598.9087
527.47253  9172.0787
526.47353  9464.6948
525.47453  9984.4077
524.47552  10018.239
523.47652  9816.8414
522.47752  9081.838
521.47852  8451.3637
520.47952  7771.8364
519.48052  7269.7705
518.48152  7144.3098
517.48252  7173.7122
516.48352  7254.4332
515.48452  7225.9699
514.48551  7322.5216
513.48651  7372.6503
512.48751  7394.3129
511.48851  7794.5643
510.48951  8128.1209
509.49051  8193.633
508.49151  7966.3713
507.49251  7472.8137
506.49351  7170.3747
505.49451  7035.3233
504.4955  6909.3994
503.4965  6839.8586
502.4975  6776.8448
501.4985  6765.829
500.4995  6910.0002
499.5005  6887.6749
498.5015  6624.894
497.5025  6558.0403
496.5035  6589.1992
495.5045  6680.3443
494.50549  6651.9046
493.50649  6697.285
492.50749  6682.7266
491.50849  6745.7575
490.50949  6797.9813
489.51049  6867.8776
488.51149  6888.5513
487.51249  6919.4903
486.51349  6888.8675
485.51449  6965.2276
484.51548  7020.6198
483.51648  6836.4959
482.51748  6777.0634
481.51848  6704.4448
480.51948  6412.2381
479.52048  6342.0297
478.52148  6299.5302
477.52248  6441.6536
476.52348  6560.2408
475.52448  6490.0036
474.52547  6471.8554
473.52647  6545.9977
472.52747  6351.6488
471.52847  6286.751
470.52947  6230.4432
469.53047  6353.3638
468.53147  6338.0197
467.53247  6377.1444
466.53347  6380.5172
465.53447  6319.4295
464.53546  6321.7061
463.53646  6360.2738
462.53746  6250.9093
461.53846  6220.5865
460.53946  6432.6181
459.54046  6377.3946
458.54146  6354.0323
457.54246  6353.2501
456.54346  6338.4126
455.54446  6314.2095
454.54545  6226.7885
453.54645  6185.2768
452.54745  6176.1676
451.54845  6079.2804
450.54945  6047.9753
449.55045  6047.7845
448.55145  5991.2038
447.55245  6132.1552
446.55345  6158.8818
445.55445  6208.0959
444.55544  6211.092
443.55644  6154.6559
442.55744  6235.4357
441.55844  6256.2275
440.55944  6272.2669
439.56044  6259.7322
438.56144  6221.0532
437.56244  6251.8957
436.56344  6218.2529
435.56444  6078.2523
434.56543  6103.8662
433.56643  6179.1497
432.56743  6197.1265
431.56843  6129.2115
430.56943  6128.5306
429.57043  6303.6278
428.57143  6400.9636
427.57243  6134.3946
426.57343  6097.0009
425.57443  6148.2156
424.57542  6143.4205
423.57642  6111.0697
422.57742  6218.2759
421.57842  6160.6316
420.57942  6169.9323
419.58042  6305.738
418.58142  6403.6127
417.58242  6322.6534
416.58342  6396.3917
415.58442  6383.7495
414.58541  6254.1405
413.58641  6117.9558
412.58741  6057.292
411.58841  6136.6695
410.58941  6087.5978
409.59041  5902.9541
408.59141  5862.9681
407.59241  6035.4756
406.59341  6150.0813
405.59441  6070.9181
404.5954  6129.3745
403.5964  6176.3181
402.5974  6319.9668
401.5984  6459.4459
400.5994  6580.236
399.6004  6478.9591
398.6014  6202.4673
397.6024  6097.7575
396.6034  5966.3978
395.6044  5873.5478
394.60539  5906.6084
393.60639  5986.8577
392.60739  5995.1868
391.60839  5969.0124
390.60939  5902.1377
389.61039  5862.5797
388.61139  5786.6233
387.61239  5644.903
386.61339  5691.2598
385.61439  5766.4923
384.61538  5881.8167
383.61638  5909.0454
382.61738  5826.2117
381.61838  5690.2951
380.61938  5734.8182
379.62038  5810.1573
378.62138  5683.5398
377.62238  5704.9575
376.62338  5847.5254
375.62438  5687.1934
374.62537  5658.3392
373.62637  5704.0216
372.62737  5662.1071
371.62837  5693.6583
370.62937  5675.3782
369.63037  5596.3775
368.63137  5762.7785
367.63237  5753.0498
366.63337  5613.0411
365.63437  5612.088
364.63536  5742.5682
363.63636  5827.2971
362.63736  5679.0975
361.63836  5640.0172
360.63936  5744.7412
359.64036  5682.3272
358.64136  5707.8841
357.64236  5669.6477
356.64336  5622.9165
355.64436  5716.4409
354.64535  5613.222
353.64635  5619.779
352.64735  5798.8208
351.64835  5697.2282
350.64935  5796.5586
349.65035  5852.8271
348.65135  5880.0407
347.65235  5881.4085
346.65335  5711.0327
345.65435  5674.5608
344.65534  5663.0238
343.65634  5771.693
342.65734  5810.926
341.65834  5683.6253
340.65934  5623.0915
339.66034  5618.3638
338.66134  5696.9543
337.66234  5552.6161
336.66334  5729.9703
335.66434  5850.6584
334.66533  5838.1399
333.66633  5802.8913
332.66733  5657.7048
331.66833  5661.5323
330.66933  5694.8954
329.67033  5719.2974
328.67133  5676.3003
327.67233  5619.2243
326.67333  5674.1662
325.67433  5614.4336
324.67532  5659.6791
323.67632  5774.8081
322.67732  5743.3184
321.67832  5736.5659
320.67932  5792.5956
319.68032  5821.7088
318.68132  5771.3008
317.68232  5630.7787
316.68332  5730.2352
315.68432  5753.9827
314.68531  5776.3424
313.68631  5715.5952
312.68731  5604.6168
311.68831  5685.9818
310.68931  5807.9022
309.69031  5770.451
308.69131  5708.3114
307.69231  5731.9411
306.69331  5769.2367
305.69431  5716.9382
304.6953  5575.9754
303.6963  5627.1963
302.6973  5680.205
301.6983  5752.0828
300.6993  5685.6077
299.7003  5738.0658
298.7013  5661.1427
297.7023  5652.2212
296.7033  5748.1127
295.7043  5735.6306
294.70529  5627.4038
293.70629  5547.8205
292.70729  5578.3093
291.70829  5576.2466
290.70929  5645.1564
289.71029  5878.0347
288.71129  6390.2281
287.71229  6734.736
286.71329  7245.9246
285.71429  7309.434
284.71528  6905.6201
283.71628  6196.0824
282.71728  5605.0514
281.71828  5409.1916
280.71928  5413.3254
279.72028  5274.2213
278.72128  5348.6406
277.72228  5513.3033
276.72328  5571.9525
275.72428  5476.4205
274.72527  5391.6222
273.72627  5344.5903
272.72727  5282.0134
271.72827  5415.59
270.72927  5470.5375
269.73027  5577.4533
268.73127  5647.13
267.73227  5632.1633
266.73327  5604.6549
265.73427  5528.63
264.73526  5392.5761
263.73626  5322.0323
262.73726  5274.931
261.73826  5233.4324
260.73926  5272.6918
259.74026  5282.5043
258.74126  5217.4266
257.74226  5278.8116
256.74326  5212.3691
255.74426  5283.9239
254.74525  5400.302
253.74625  5338.0134
252.74725  5444.2311
251.74825  5493.0691
250.74925  5423.8507
249.75025  5392.955
248.75125  5355.3303
247.75225  5160.7384
246.75325  5054.8555
245.75425  5110.5181
244.75524  5063.8161
243.75624  5122.0835
242.75724  5322.3631
241.75824  5279.2841
240.75924  5148.0422
239.76024  5465.8903
238.76124  5900.6729
237.76224  6031.4237
236.76324  5966.7023
235.76424  6141.3128
234.76523  6145.4153
233.76623  5669.2703
232.76723  5287.8604
231.76823  5064.8123
230.76923  4949.3265
229.77023  4930.8275
228.77123  4921.5226
227.77223  5001.2638
226.77323  5011.2551
225.77423  4977.6801
224.77522  4968.7677
223.77622  4850.8831
222.77722  4692.0017
221.77822  4767.1015
220.77922  4854.113
219.78022  4781.2711
218.78122  4794.3466
217.78222  4769.6475
216.78322  4819.4533
215.78422  4861.9434
214.78521  4917.8966
213.78621  4854.3687
212.78721  4850.7798
211.78821  4721.2832
210.78921  4820.1975
209.79021  4832.6432
208.79121  4767.9923
207.79221  4699.5483
206.79321  4717.7282
205.79421  4857.9313
204.7952  4908.2972
203.7962  4841.6957
202.7972  4675.4986
201.7982  4690.122
200.7992  4710.8202
199.8002  4654.2675
198.8012  4646.3569
197.8022  4692.8842
196.8032  4721.5323
195.8042  4703.8015
194.80519  4819.4529
193.80619  4878.5887
192.80719  4915.491
191.80819  4875.5056
190.80919  4749.3456
189.81019  4744.1876
188.81119  4756.9153
187.81219  4716.48
186.81319  4673.4277
185.81419  4690.2051
184.81518  4757.6017
183.81618  4694.4782
182.81718  4722.0291
181.81818  4863.3753
180.81918  4890.7719
179.82018  4816.3753
178.82118  4791.2077
177.82218  4806.315
176.82318  4825.1852
175.82418  4803.9795
174.82517  4751.1481
173.82617  4776.6699
172.82717  4714.8605
171.82817  4743.0359
170.82917  4697.3837
169.83017  4652.9837
168.83117  4697.3521
167.83217  4632.9256
166.83317  4643.4139
165.83417  4684.9103
164.83516  4628.337
163.83616  4559.9313
162.83716  4575.0104
161.83816  4684.1007
160.83916  4642.1925
159.84016  4708.897
158.84116  4986.159
157.84216  5462.1294
156.84316  5714.7727
155.84416  5727.2659
154.84515  5547.7686
153.84615  5195.0807
152.84715  4877.3335
151.84815  4731.447
150.84915  4713.844
149.85015  4695.8697
148.85115  4774.5925
147.85215  4873.7546
146.85315  4929.4434
145.85415  4869.5817
144.85514  4707.2804
143.85614  4680.6642
142.85714  4800.6336
141.85814  4673.4589
140.85914  4726.9642
139.86014  4825.0889
138.86114  4774.913
137.86214  4606.261
136.86314  4472.2759
135.86414  4523.7169
134.86513  4525.9917
133.86613  4433.6282
132.86713  4407.5269
131.86813  4383.3414
130.86913  4365.9343
129.87013  4480.2899
128.87113  4494.8814
127.87213  4393.6774
126.87313  4459.6904
125.87413  4553.2
124.87512  4684.7904
123.87612  4971.9312
122.87712  5765.3065
121.87812  6428.2489
120.87912  6113.261
119.88012  5348.904
118.88112  4793.6601
117.88212  4484.5441
116.88312  4311.6627
115.88412  4232.2478
114.88511  4165.7363
113.88611  4223.079
112.88711  4371.4969
111.88811  4298.1195
110.88911  4245.4726
109.89011  4190.0672
108.89111  4122.2376
107.89211  4404.5712
106.89311  4938.524
105.89411  5527.9666
104.8951  5585.9098
103.8961  5071.13
102.8971  4568.2879
101.8981  4230.5005
100.8991  4101.3072
99.9001  4066.3451
98.901099  4104.9567
97.902098  4132.5366
96.903097  4164.3989
95.904096  4240.8674
94.905095  4158.9152
93.906094  4160.4668
92.907093  4208.6061
91.908092  4113.6999
90.909091  3953.4308
89.91009  3883.3692
88.911089  3804.4064
87.912088  3709.0413
86.913087  3664.4442
85.914086  3661.231
84.915085  3622.0128
83.916084  3623.177
82.917083  3643.5486
81.918082  3641.9952
80.919081  3692.1609
79.92008  3805.8243
78.921079  4195.7272
77.922078  5000.414
76.923077  5636.6044
75.924076  5399.0194
74.925075  4592.5851
73.926074  3972.6134
72.927073  3704.6812
71.928072  3560.7948
70.929071  3525.5618
69.93007  3557.0219
68.931069  3594.3952
67.932068  3584.328
66.933067  3603.9361
65.934066  3584.2658
64.935065  3538.4887
63.936064  3513.9298
62.937063  3420.9717
61.938062  3384.5897
60.939061  3346.0554
59.94006  3287.6185
58.941059  3345.6761
57.942058  3314.656
56.943057  3314.8906
55.944056  3418.9343
54.945055  3441.5213
53.946054  3415.3864
52.947053  3266.9341
51.948052  3228.7165
50.949051  3256.5879
49.95005  3212.8013
48.951049  3115.6146
47.952048  3096.6929
46.953047  3064.1438
45.954046  3102.6263
44.955045  3157.4183
43.956044  3180.5152
42.957043  3073.4437
41.958042  3118.6126
40.959041  3075.285
39.96004  2926.7424
38.961039  2972.9791
37.962038  3045.3789
36.963037  2955.3436
35.964036  2883.0721
34.965035  2891.0373
33.966034  2894.2408
32.967033  2887.1341
31.968032  2831.3721
30.969031  2962.8036
29.97003  3045.699
28.971029  3169.1014
27.972028  3327.0233
26.973027  3335.6274
25.974026  3379.2986
24.975025  3274.4557
23.976024  3077.4126
22.977023  2949.27
21.978022  2779.3223
20.979021  2810.3525
19.98002  2728.4015
18.981019  2595.4956
17.982018  2736.3422
16.983017  2734.2741
15.984016  2750.7662
14.985015  2724.786
13.986014  2700.365
12.987013  2795.8847
11.988012  2923.1817
10.989011  2942.1702
9.99001  2852.1094
8.991009  2894.5186
7.992008  2869.908
6.993007  2782.5093
5.994006  2675.2636
4.995005  2699.3174
3.996004  2654.5042
2.997003  2593.7099
1.998002  2534.5769
0.999001  2539.1314
0  2576.4195

# Region:                       Overall
# Spectrum ID:                  2
# Acquisition Date:             04/22/26 17:35:35 UTC
# Analysis Method:              XPS
# Analyzer:                     PHOIBOS MCD5 Analyzer
# Analyzer Lens:                LargeArea:1.5kV
# Analyzer Slit:                5:7x20\B:open
# Scan Mode:                    FixedAnalyzerTransmission
# Curves/Scan:                  1
# Values/Curve:                 1002
# Dwell Time:                   0.5
# Excitation Energy:            1253.64
# Binding Energy:               1000
# Pass Energy:                  50
# Bias Voltage:                 90
# Detector Voltage:             3000
# Eff. Workfunction:            4.543
# Source:                       X-Ray Dummy
# Comment:                      
#
# Cycle: 0
# Number of Scans: 1
#
# Cycle: 0, Curve: 0
# Acquisition Date:             04/22/26 17:35:35 UTC
#
# ColumnLabels:                 energy counts/s
#
1000  17279.432
999.001  17453.938
998.002  17422.351
997.003  17494.157
996.004  17549.243
995.005  17586.517
994.00599  17746.353
993.00699  17705.562
992.00799  17473.624
991.00899  17553.867
990.00999  17375.188
989.01099  17483.145
988.01199  17343.29
987.01299  17164.165
986.01399  17087.077
985.01499  17179.616
984.01598  16903.331
983.01698  16920.141
982.01798  17069.696
981.01898  16630.125
980.01998  16467.552
979.02098  16781.508
978.02198  16655.374
977.02298  16608.813
976.02398  16787.266
975.02498  16682.732
974.02597  16593.783
973.02697  16644.126
972.02797  16735.567
971.02897  17026.567
970.02997  16765.013
969.03097  16841.156
968.03197  16892.667
967.03297  17057.932
966.03397  17106.846
965.03497  17180.37
964.03596  16995.185
963.03696  16982.386
962.03796  17119.31
961.03896  16979.168
960.03996  16886.487
959.04096  16945.407
958.04196  17046.651
957.04296  17102.209
956.04396  17003.202
955.04496  17010.888
954.04595  17202.135
953.04695  17126.989
952.04795  17174.483
951.04895  17257.404
950.04995  17243.994
949.05095  17012.801
948.05195  17062.812
947.05295  17399.77
946.05395  17269.56
945.05495  17369.894
944.05594  17290.472
943.05694  17254.333
942.05794  17406.222
941.05894  17265.171
940.05994  17200.578
939.06094  17565.566
938.06194  17521.712
937.06294  17546.767
936.06394  17586.015
935.06494  17622.311
934.06593  17629.417
933.06693  17533.411
932.06793  17504.126
931.06893  17668.856
930.06993  17581.365
929.07093  17563.599
928.07193  17598.942
927.07293  17455.524
926.07393  17713.261
925.07493  17894.089
924.07592  17634.001
923.07692  17754.056
922.07792  18056.85
921.07892  17934.409
920.07992  17921.447
919.08092  18119.418
918.08192  18216.611
917.08292  18044.147
916.08392  17995.599
915.08492  17975.274
914.08591  18153.077
913.08691  18162.454
912.08791  18052.552
911.08891  18024.946
910.08991  18039.372
909.09091  18006.804
908.09191  18139.877
907.09291  18268.86
906.09391  18181.237
905.09491  18200.184
904.0959  18402.404
903.0969  18442.561
902.0979  18418.865
901.0989  18383.793
900.0999  18334.877
899.1009  18477.308
898.1019  18510.18
897.1029  18585.111
896.1039  18549.859
895.1049  18725.029
894.10589  18506.09
893.10689  18435.848
892.10789  18685.902
891.10889  18660.298
890.10989  18730.83
889.11089  18718.832
888.11189  18567.305
887.11289  18507.508
886.11389  18752.339
885.11489  18856.166
884.11588  18970.948
883.11688  18998.671
882.11788  18867.988
881.11888  18862.853
880.11988  19057.116
879.12088  19204.282
878.12188  19292.312
877.12288  19105.476
876.12388  19038.559
875.12488  19089.241
874.12587  19176.467
873.12687  19263.262
872.12787  19264.727
871.12887  19181.27
870.12987  19312.795
869.13087  19471.601
868.13187  19537.533
867.13287  19533.704
866.13387  19284.502
865.13487  19471.504
864.13586  19370.69
863.13686  19423.606
862.13786  19558.602
861.13886  19591.691
860.13986  19836.78
859.14086  19698.01
858.14186  19718.793
857.14286  19818.13
856.14386  19771.279
855.14486  19698.924
854.14585  19603.334
853.14685  19673.075
852.14785  19743.801
851.14885  19837.205
850.14985  20094.919
849.15085  19952.562
848.15185  19619.76
847.15285  19793.727
846.15385  19973.334
845.15485  19996.417
844.15584  20135.654
843.15684  19919.519
842.15784  19787.344
841.15884  20061.602
840.15984  20072.075
839.16084  20058.171
838.16184  20293.894
837.16284  20203.426
836.16384  20297.97
835.16484  20320.402
834.16583  20036.887
833.16683  20063.07
832.16783  19982.656
831.16883  20189.037
830.16983  20402.416
829.17083  20477.791
828.17183  20586.643
827.17283  20285.198
826.17383  20316.828
825.17483  20598.727
824.17582  20710.184
823.17682  20886.836
822.17782  21023.928
821.17882  20834.99
820.17982  20843.996
819.18082  20638.228
818.18182  20656.313
817.18282  20346.459
816.18382  20597.094
815.18482  20871.355
814.18581  20602.33
813.18681  20748.466
812.18781  20848.268
811.18881  20620.768
810.18981  20653.605
809.19081  20945.223
808.19181  20831.243
807.19281  20895.927
806.19381  21182.193
805.19481  21308.876
804.1958  21479.252
803.1968  21315
802.1978  21322.165
801.1988  21182.533
800.1998  21355.881
799.2008  21443.782
798.2018  21420.243
797.2028  21326.393
796.2038  21194.596
795.2048  21365.78
794.20579  21720.541
793.20679  22087.204
792.20779  22052.126
791.20879  22134.246
790.20979  22280.862
789.21079  22073.856
788.21179  22105.5
787.21279  21970.308
786.21379  22016.731
785.21479  22283.311
784.21578  22563.386
783.21678  22303.277
782.21778  22303.749
781.21878  22182.283
780.21978  21913.172
779.22078  21782.534
778.22178  21886.49
777.22278  21858.172
776.22378  21912.56
775.22478  21971.94
774.22577  22237.234
773.22677  22443.123
772.22777  22698.817
771.22877  23079.892
770.22977  23205.407
769.23077  23190.146
768.23177  23231.215
767.23277  22993.585
766.23377  22629.428
765.23477  22336.706
764.23576  22176.81
763.23676  21974.456
762.23776  21719.69
761.23876  21297.545
760.23976  21058.266
759.24076  21003.136
758.24176  20909.844
757.24276  20802.899
756.24376  20676.389
755.24476  20809.683
754.24575  21009.906
753.24675  21598.466
752.24775  22664.592
751.24875  23665.947
750.24975  24736.633
749.25075  25786.8
748.25175  26205.872
747.25275  25863.944
746.25375  25035.713
745.25475  24240.097
744.25574  23316.123
743.25674  22352.659
742.25774  21680.135
741.25874  21149.608
740.25974  20482.925
739.26074  19687.769
738.26174  19252.745
737.26274  18498.427
736.26374  17864.604
735.26474  17509.483
734.26573  17110.323
733.26673  16770.22
732.26773  16793.486
731.26873  16527.131
730.26973  16310.748
729.27073  16413.414
728.27173  16418.04
727.27273  16467.507
726.27373  16336.788
725.27473  16202.125
724.27572  16235.8
723.27672  16242.547
722.27772  16110.73
721.27872  16108.375
720.27972  15949.278
719.28072  15992.188
718.28172  15918.15
717.28272  15935.714
716.28372  15905.466
715.28472  15921.108
714.28571  16124.972
713.28671  16242.364
712.28771  16118.218
711.28871  16164.446
710.28971  16078.736
709.29071  15688.148
708.29171  15448.537
707.29271  15297.328
706.29371  15244.966
705.29471  15256.63
704.2957  15111.272
703.2967  15007.144
702.2977  15107.048
701.2987  15111.554
700.2997  14902.615
699.3007  14818.97
698.3017  14750.175
697.3027  14872.579
696.3037  14965.079
695.3047  14867.649
694.30569  14665.693
693.30669  14612.614
692.30769  14769.849
691.30869  14934.566
690.30969  15023.091
689.31069  14841.562
688.31169  14851.558
687.31269  14882.298
686.31369  14775.988
685.31469  14625.401
684.31568  14771.241
683.31668  14643.261
682.31768  14526.985
681.31868  14564.9
680.31968  14618.7
679.32068  14707.986
678.32168  14830.399
677.32268  14717.063
676.32368  14533.445
675.32468  14622.27
674.32567  14667.704
673.32667  14651.421
672.32767  14733.271
671.32867  14700.931
670.32967  14577.758
669.33067  14541.697
668.33167  14584.696
667.33267  14693.276
666.33367  14754.489
665.33467  14577.091
664.33566  14566.696
663.33666  14699.578
662.33766  14647.899
661.33866  14635.052
660.33966  14612.833
659.34066  14394.831
658.34166  14481.449
657.34266  14740.998
656.34366  14531.864
655.34466  14315.756
654.34565  14312.63
653.34665  14282.977
652.34765  14097.279
651.34865  14104.316
650.34965  14033.767
649.35065  14008.9
648.35165  14104.62
647.35265  14113.132
646.35365  14093.264
645.35465  13976.329
644.35564  14060.641
643.35664  14111.976
642.35764  14023.377
641.35864  13714.688
640.35964  13767.628
639.36064  13946.427
638.36164  13954.344
637.36264  14035.405
636.36364  14183.532
635.36464  14036.111
634.36563  13928.845
633.36663  13820.539
632.36763  13956.066
631.36863  13956.663
630.36963  13988.987
629.37063  14279.739
628.37163  14079.928
627.37263  13839.227
626.37363  14034.63
625.37463  13884.121
624.37562  13851.696
623.37662  13814.095
622.37762  13835.534
621.37862  13770.831
620.37962  13684.321
619.38062  13867.361
618.38162  13816.356
617.38262  13848.17
616.38362  13862.967
615.38462  13875.861
614.38561  13862.449
613.38661  14133.051
612.38761  14257.036
611.38861  14016.694
610.38961  14069.867
609.39061  14316.996
608.39161  14081.4
607.39261  13901.283
606.39361  13999.037
605.39461  14231.915
604.3956  14037.444
603.3966  13883.888
602.3976  13710.378
601.3986  13853.138
600.3996  13779.699
599.4006  13441.202
598.4016  13491.158
597.4026  13173.588
596.4036  12881.11
595.4046  12868.473
594.40559  13109.803
593.40659  13223.029
592.40759  13112.787
591.40859  13124.317
590.40959  13071.451
589.41059  13133.107
588.41159  13259.771
587.41259  13364.986
586.41359  13321.691
585.41459  13144.253
584.41558  12858.014
583.41658  12960.01
582.41758  13111.289
581.41858  13229.761
580.41958  13365.95
579.42058  13147.773
578.42158  13101.409
577.42258  13160.637
576.42358  13281.667
575.42458  13206.18
574.42557  13116.655
573.42657  13003.05
572.42757  12903.183
571.42857  12769.747
570.42957  12714.612
569.43057  12721.401
568.43157  12650.612
567.43257  12626.509
566.43357  12505.745
565.43457  12533.238
564.43556  12705.704
563.43656  12835.065
562.43756  13038.192
561.43856  13391.426
560.43956  13624.065
559.44056  13780.863
558.44156  14094.987
557.44256  14203.259
556.44356  14044.357
555.44456  14012.302
554.44555  13751.774
553.44655  13473.62
552.44755  13188.627
551.44855  13136.27
550.44955  12924.523
549.45055  12494.859
548.45155  12163.43
547.45255  12115.448
546.45355  11640.587
545.45455  10962.201
544.45554  10398
543.45654  10014.557
542.45754  9754.0411
541.45854  9446.9423
540.45954  9401.0558
539.46054  9472.0961
538.46154  9663.5023
537.46254  11075.642
536.46354  15085.558
535.46454  22008.473
534.46553  28681.92
533.46653  29831.583
532.46753  24919.484
531.46853  18466.727
530.46953  13681.365
529.47053  10713.107
528.47153  9376.2042
527.47253  9149.7991
526.47353  9500.1876
525.47453  9981.0727
524.47552  10088.083
523.47652  9612.5895
522.47752  8767.4379
521.47852  8004.2606
520.47952  7486.02
519.48052  7334.4074
518.48152  7238.7564
517.48252  7106.8312
516.48352  7103.4846
515.48452  7170.3626
514.48551  7181.9706
513.48651  7205.1237
512.48751  7257.7621
511.48851  7558.7617
510.48951  7947.6031
509.49051  8106.7252
508.49151  7838.4584
507.49251  7420.1302
506.49351  7108.6158
505.49451  6970.2736
504.4955  6918.1723
503.4965  6756.4806
502.4975  6618.164
501.4985  6640.6561
500.4995  6621.5974
499.5005  6640.1886
498.5015  6639.9433
497.5025  6610.3299
496.5035  6561.0509
495.5045  6521.0867
494.50549  6742.6762
493.50649  6687.2135
492.50749  6679.8274
491.50849  6758.9057
490.50949  6702.8046
489.51049  6627.8868
488.51149  6628.7268
487.51249  6738.0256
486.51349  6822.2245
485.51449  6798.5948
484.51548  6678.2643
483.51648  6706.0706
482.51748  6740.6974
481.51848  6554.3078
480.51948  6461.3636
479.52048  6518.4277
478.52148  6430.3649
477.52248  6375.7296
476.52348  6346.8357
475.52448  6362.2967
474.52547  6423.7282
473.52647  6406.8813
472.52747  6276.5986
471.52847  6236.694
470.52947  6301.8575
469.53047  6297.9367
468.53147  6130.085
467.53247  6096.7607
466.53347  6202.2563
465.53447  6290.9682
464.53546  6266.5449
463.53646  6252.8202
462.53746  6227.8811
461.53846  6123.7221
460.53946  6092.4458
459.54046  6110.685
458.54146  6104.8759
457.54246  6129.197
456.54346  6125.9861
455.54446  6082.5284
454.54545  6090.5995
453.54645  6099.6856
452.54745  5995.7043
451.54845  6020.7381
450.54945  6113.1014
449.55045  6069.7552
448.55145  5952.5194
447.55245  5917.4643
446.55345  6102.9145
445.55445  6090.2295
444.55544  6101.9456
443.55644  6086.9678
442.55744  6030.0246
441.55844  6074.9819
440.55944  6030.598
439.56044  6026.3756
438.56144  5989.3914
437.56244  6050.6403
436.56344  6129.0554
435.56444  6064.998
434.56543  6006.2382
433.56643  6079.3872
432.56743  6015.85
431.56843  6062.895
430.56943  6097.7779
429.57043  6093.7402
428.57143  6092.7803
427.57243  6012.189
426.57343  6027.0809
425.57443  5973.4353
424.57542  5966.4325
423.57642  6125.8031
422.57742  6181.536
421.57842  6208.2006
420.57942  6221.2513
419.58042  6361.2843
418.58142  6359.6154
417.58242  6251.5882
416.58342  6133.3613
415.58442  6028.5734
414.58541  6009.9765
413.58641  6006.2777
412.58741  5825.4037
411.58841  5908.1412
410.58941  5930.8655
409.59041  5874.974
408.59141  5910.6244
407.59241  5969.3451
406.59341  5831.6118
405.59441  5928.4281
404.5954  5997.014
403.5964  6054.7905
402.5974  6192.0592
401.5984  6357.3798
400.5994  6454.8066
399.6004  6349.5094
398.6014  6057.9782
397.6024  5856.407
396.6034  5850.2687
395.6044  5825.7625
394.60539  5757.4009
393.60639  5772.1284
392.60739  5733.9796
391.60839  5897.8584
390.60939  5795.8477
389.61039  5598.6517
388.61139  5666.9442
387.61239  5696.8701
386.61339  5647.7364
385.61439  5643.7852
384.61538  5590.9999
383.61638  5628.3546
382.61738  5614.4188
381.61838  5611.9993
380.61938  5466.4054
379.62038  5521.743
378.62138  5758.5603
377.62238  5726.4179
376.62338  5614.0491
375.62438  5729.5683
374.62537  5680.9604
373.62637  5605.6475
372.62737  5678.0234
371.62837  5712.9136
370.62937  5683.9851
369.63037  5626.1072
368.63137  5682.674
367.63237  5718.5692
366.63337  5572.2525
365.63437  5574.9092
364.63536  5660.9901
363.63636  5521.9339
362.63736  5399.924
361.63836  5531.9325
360.63936  5543.8867
359.64036  5537.0739
358.64136  5585.2761
357.64236  5516.1043
356.64336  5602.2755
355.64436  5635.9125
354.64535  5812.3891
353.64635  5719.1972
352.64735  5619.2676
351.64835  5592.2606
350.64935  5552.8105
349.65035  5735.3276
348.65135  5748.5756
347.65235  5688.312
346.65335  5627.796
345.65435  5555.2804
344.65534  5630.6686
343.65634  5634.6368
342.65734  5458.1761
341.65834  5517.7562
340.65934  5600.0536
339.66034  5646.3179
338.66134  5730.1811
337.66234  5682.8396
336.66334  5545.1525
335.66434  5564.6604
334.66533  5579.0203
333.66633  5563.9513
332.66733  5571.8953
331.66833  5510.9587
330.66933  5524.4345
329.67033  5582.1114
328.67133  5543.5288
327.67233  5485.131
326.67333  5531.859
325.67433  5556.4021
324.67532  5458.6207
323.67632  5578.6917
322.67732  5610.3727
321.67832  5688.9283
320.67932  5575.9055
319.68032  5511.6178
318.68132  5686.8077
317.68232  5572.5311
316.68332  5442.4461
315.68432  5497.0802
314.68531  5588.2047
313.68631  5542.8683
312.68731  5596.6698
311.68831  5779.1943
310.68931  5699.377
309.69031  5617.8053
308.69131  5608.6736
307.69231  5535.6308
306.69331  5568.4461
305.69431  5686.9349
304.6953  5682.011
303.6963  5749.4304
302.6973  5712.2083
301.6983  5639.3668
300.6993  5582.055
299.7003  5549.1242
298.7013  5477.9974
297.7023  5506.0283
296.7033  5629.58
295.7043  5619.0734
294.70529  5400.227
293.70629  5279.0499
292.70729  5336.2099
291.70829  5540.0834
290.70929  5619.9584
289.71029  5782.0776
288.71129  6238.257
287.71229  6646.6196
286.71329  7020.3721
285.71429  7106.3431
284.71528  6731.3487
283.71628  5948.5222
282.71728  5415.0585
281.71828  5252.2035
280.71928  5319.2489
279.72028  5400.2144
278.72128  5340.3776
277.72228  5376.0114
276.72328  5485.1046
275.72428  5349.8158
274.72527  5293.497
273.72627  5270.425
272.72727  5196.1382
271.72827  5170.3894
270.72927  5270.1496
269.73027  5343.5255
268.73127  5408.9247
267.73227  5527.6729
266.73327  5474.4007
265.73427  5362.4972
264.73526  5354.0619
263.73626  5345.7511
262.73726  5371.9047
261.73826  5310.6509
260.73926  5097.5117
259.74026  4962.7201
258.74126  5131.1367
257.74226  5212.8975
256.74326  5109.7455
255.74426  5082.3653
254.74525  5184.2508
253.74625  5192.9289
252.74725  5317.9214
251.74825  5331.6491
250.74925  5265.1356
249.75025  5199.3615
248.75125  5175.6631
247.75225  5129.8191
246.75325  5026.9393
245.75425  5014.9631
244.75524  4949.5385
243.75624  4919.0955
242.75724  5019.7145
241.75824  5028.8639
240.75924  5106.6757
239.76024  5528.3628
238.76124  5966.206
237.76224  5996.6004
236.76324  5898.4268
235.76424  6100.2293
234.76523  6157.311
233.76623  5431.5897
232.76723  4945.4147
231.76823  4996.185
230.76923  5010.2134
229.77023  5016.026
228.77123  4801.5591
227.77223  4763.1195
226.77323  4816.8822
225.77423  4784.6112
224.77522  4760.3935
223.77622  4714.3327
222.77722  4584.2408
221.77822  4590.142
220.77922  4696.6029
219.78022  4670.5569
218.78122  4676.6049
217.78222  4807.1541
216.78322  4710.9757
215.78422  4721.0498
214.78521  4694.8984
213.78621  4657.7301
212.78721  4605.2172
211.78821  4580.717
210.78921  4727.6344
209.79021  4757.8865
208.79121  4715.5953
207.79221  4704.5213
206.79321  4651.9261
205.79421  4588.1025
204.7952  4701.3866
203.7962  4798.4255
202.7972  4649.7552
201.7982  4498.6177
200.7992  4617.4251
199.8002  4691.7505
198.8012  4597.3822
197.8022  4617.5017
196.8032  4728.3954
195.8042  4710.2848
194.80519  4790.3314
193.80619  4714.02
192.80719  4605.9501
191.80819  4584.0076
190.80919  4597.7805
189.81019  4622.6771
188.81119  4587.0573
187.81219  4746.8296
186.81319  4707.1435
185.81419  4703.6913
184.81518  4747.8584
183.81618  4736.6237
182.81718  4822.0667
181.81818  4757.4571
180.81918  4717.8166
179.82018  4565.8532
178.82118  4563.1389
177.82218  4687.0037
176.82318  4664.7928
175.82418  4759.5472
174.82517  4774.2181
173.82617  4840.6148
172.82717  4787.0127
171.82817  4737.7692
170.82917  4722.0964
169.83017  4696.8898
168.83117  4606.4939
167.83217  4559.0094
166.83317  4482.3477
165.83417  4586.1376
164.83516  4704.8623
163.83616  4685.5427
162.83716  4575.8395
161.83816  4544.2927
160.83916  4616.4077
159.84016  4624.8813
158.84116  4864.3526
157.84216  5287.2268
156.84316  5594.7498
155.84416  5579.1752
154.84515  5448.4902
153.84615  5078.5639
152.84715  4746.5412
151.84815  4785.6532
150.84915  4820.8413
149.85015  4740.5872
148.85115  4615.0388
147.85215  4568.5597
146.85315  4698.7128
145.85415  4796.3268
144.85514  4681.0793
143.85614  4631.1539
142.85714  4674.4863
141.85814  4518.6366
140.85914  4387.8814
139.86014  4486.112
138.86114  4439.7858
137.86214  4538.7391
136.86314  4528.9751
135.86414  4495.802
134.86513  4402.9087
133.86613  4377.8231
132.86713  4318.8736
131.86813  4231.6284
130.86913  4350.0775
129.87013  4340.0229
128.87113  4317.7215
127.87213  4316.6351
126.87313  4263.9027
125.87413  4318.8375
124.87512  4504.5132
123.87612  5019.0908
122.87712  5739.0208
121.87812  6136.8767
120.87912  5992.7843
119.88012  5431.1657
118.88112  4661.6735
117.88212  4311.3882
116.88312  4206.1104
115.88412  4171.0348
114.88511  4110.2807
113.88611  4127.7696
112.88711  4179.8193
111.88811  4277.4027
110.88911  4186.5169
109.89011  4112.814
108.89111  4033.4476
107.89211  4278.5524
106.89311  4743.1549
105.89411  5308.0984
104.8951  5456.7272
103.8961  4857.1661
102.8971  4409.633
101.8981  4247.8863
100.8991  4087.3211
99.9001  3979.8611
98.901099  4075.6586
97.902098  4087.9085
96.903097  4008.9237
95.904096  3990.3543
94.905095  4033.2326
93.906094  4027.0555
92.907093  4118.9505
91.908092  4079.7296
90.909091  3827.8994
89.91009  3740.6696
88.911089  3666.989
87.912088  3614.1855
86.913087  3589.6054
85.914086  3627.6923
84.915085  3594.2097
83.916084  3573.858
82.917083  3561.6248
81.918082  3528.7216
80.919081  3627.1468
79.92008  3762.3494
78.921079  4158.5051
77.922078  4896.5494
76.923077  5484.3617
75.924076  5333.216
74.925075  4530.6401
73.926074  3840.5789
72.927073  3517.6878
71.928072  3464.0484
70.929071  3452.5627
69.93007  3454.5433
68.931069  3530.1438
67.932068  3589.5998
66.933067  3550.5868
65.934066  3470.2066
64.935065  3397.522
63.936064  3414.6872
62.937063  3370.7886
61.938062  3334.4936
60.939061  3358.2649
59.94006  3318.0904
58.941059  3246.1798
57.942058  3206.6087
56.943057  3254.2253
55.944056  3341.7742
54.945055  3414.3677
53.946054  3404.0337
52.947053  3371.4877
51.948052  3281.0088
50.949051  3189.6685
49.95005  3141.6227
48.951049  3035.6147
47.952048  3042.4807
46.953047  3067.1339
45.954046  3113.5814
44.955045  3088.9294
43.956044  3169.8944
42.957043  3148.1693
41.958042  3061.3855
40.959041  3075.3938
39.96004  3044.2543
38.961039  2962.1621
37.962038  2934.6929
36.963037  2879.9213
35.964036  2823.7479
34.965035  2859.0599
33.966034  2911.1232
32.967033  2913.8245
31.968032  2915.2539
30.969031  2963.2685
29.97003  2933.229
28.971029  3041.9841
27.972028  3331.1638
26.973027  3474.7563
25.974026  3466.3681
24.975025  3310.5407
23.976024  3073.4354
22.977023  2890.9678
21.978022  2859.763
20.979021  2811.9011
19.98002  2769.4159
18.981019  2738.5114
17.982018  2701.07
16.983017  2686.1517
15.984016  2728.7685
14.985015  2664.6164
13.986014  2610.0383
12.987013  2676.4144
11.988012  2790.8723
10.989011  2834.2051
9.99001  2885.3359
8.991009  2898.472
7.992008  2728.5839
6.993007  2663.9012
5.994006  2676.6721
4.995005  2577.0836
3.996004  2533.6849
2.997003  2659.1834
1.998002  2549.7728
0.999001  2444.1508
0  2475.7944

# Region:                       Crowded region
# Spectrum ID:                  3
# Acquisition Date:             04/22/26 17:59:06 UTC
# Analysis Method:              XPS
# Analyzer:                     PHOIBOS MCD5 Analyzer
# Analyzer Lens:                LargeArea:1.5kV
# Analyzer Slit:                5:7x20\B:open
# Scan Mode:                    FixedAnalyzerTransmission
# Curves/Scan:                  1
# Values/Curve:                 2501
# Dwell Time:                   0.1
# Excitation Energy:            1253.64
# Binding Energy:               300
# Pass Energy:                  50
# Bias Voltage:                 90
# Detector Voltage:             3000
# Eff. Workfunction:            4.543
# Source:                       X-Ray Dummy
# Comment:                      
#
# Cycle: 0
# Number of Scans: 5
#
# Cycle: 0, Curve: 0
# Acquisition Date:             04/22/26 17:59:06 UTC
#
# ColumnLabels:                 energy counts/s
#
300  5659.2385
299.9  5603.6775
299.8  5613.0517
299.7  5502.1898
299.6  5626.4681
299.5  5464.0853
299.4  5551.479
299.3  5592.6851
299.2  5541.2249
299.1  5642.1968
299  5691.6498
298.9  5594.3163
298.8  5640.9234
298.7  5547.6904
298.6  5513.892
298.5  5690.461
298.4  5698.4466
298.3  5774.5343
298.2  5711.8452
298.1  5649.027
298  5533.5742
297.9  5684.3979
297.8  5567.8828
297.7  5461.2591
297.6  5419.738
297.5  5449.6054
297.4  5648.9029
297.3  5602.5732
297.2  5485.9314
297.1  5542.1548
297  5539.1563
296.9  5672.2772
296.8  5581.1868
296.7  5336.0851
296.6  5342.7345
296.5  5469.31
296.4  5626.8086
296.3  5455.1799
296.2  5613.6963
296.1  5499.7188
296  5408.9074
295.9  5510.3572
295.8  5673.869
295.7  5663.458
295.6  5538.117
295.5  5508.8653
295.4  5453.0692
295.3  5476.5168
295.2  5473.883
295.1  5550.4009
295  5587.1425
294.9  5434.2891
294.8  5413.4306
294.7  5493.0343
294.6  5462.8325
294.5  5563.563
294.4  5643.7475
294.3  5432.0415
294.2  5436.6482
294.1  5351.0592
294  5480.4639
293.9  5386.5145
293.8  5537.5256
293.7  5484.0549
293.6  5435.5201
293.5  5374.9658
293.4  5377.8057
293.3  5541.6737
293.2  5481.857
293.1  5465.3323
293  5499.6677
292.9  5575.045
292.8  5445.2732
292.7  5504.2945
292.6  5698.5753
292.5  5522.3179
292.4  5469.9246
292.3  5585.7132
292.2  5658.4714
292.1  5497.9121
292  5719.9725
291.9  5522.6468
291.8  5662.1007
291.7  5593.9632
291.6  5808.7439
291.5  5701.5871
291.4  5602.787
291.3  5587.2554
291.2  5706.3026
291.1  5762.2709
291  5587.1986
290.9  5703.5892
290.8  5761.1813
290.7  5739.2912
290.6  5797.167
290.5  5730.3878
290.4  5657.3939
290.3  5823.9315
290.2  5829.5674
290.1  5835.4119
290  5923.6636
289.9  5712.9834
289.8  5822.6537
289.7  5910.6452
289.6  5709.9274
289.5  5946.3982
289.4  5922.6421
289.3  6020.1998
289.2  6128.8814
289.1  6159.0828
289  6077.9754
288.9  6233.3909
288.8  6208.4887
288.7  6356.7939
288.6  6385.0661
288.5  6408.7445
288.4  6524.7869
288.3  6738.4555
288.2  6708.1959
288.1  6708.2879
288  6544.674
287.9  6783.2833
287.8  6886.7244
287.7  6860.6774
287.6  6958.6357
287.5  6851.0691
287.4  6911.1486
287.3  7061.5404
287.2  7099.8794
287.1  7118.7489
287  7001.0184
286.9  7109.7784
286.8  7030.4193
286.7  7106.9452
286.6  7099.9676
286.5  7032.418
286.4  7091.549
286.3  7178.3573
286.2  7175.3822
286.1  7205.5707
286  7011.1768
285.9  7125.6493
285.8  7219.8607
285.7  7166.8354
285.6  7073.9995
285.5  7181.2997
285.4  6980.2118
285.3  6875.3861
285.2  7054.462
285.1  6997.8112
285  7005.1419
284.9  7121.0771
284.8  6925.0137
284.7  6819.1013
284.6  6503.7784
284.5  6404.7813
284.4  6415.0258
284.3  6503.733
284.2  6324.2572
284.1  6251.3715
284  6296.8792
283.9  6251.1603
283.8  5946.5415
283.7  6043.2784
283.6  5984.7488
283.5  5695.7523
283.4  5869.5231
283.3  5816.3443
283.2  5526.8689
283.1  5580.8565
283  5518.4463
282.9  5571.9125
282.8  5686.9292
282.7  5436.1021
282.6  5252.5479
282.5  5459.8939
282.4  5306.8903
282.3  5414.6666
282.2  5372.0104
282.1  5397.7774
282  5469.4832
281.9  5472.2031
281.8  5286.5553
281.7  5293.8616
281.6  5199.069
281.5  5252.9995
281.4  5253.5778
281.3  5294.8312
281.2  5370.8507
281.1  5446.5988
281  5236.0142
280.9  5295.802
280.8  5325.0893
280.7  5487.8156
280.6  5445.6981
280.5  5386.7583
280.4  5378.8541
280.3  5394.1248
280.2  5555.6038
280.1  5430.6285
280  5325.8132
279.9  5480.6992
279.8  5252.152
279.7  5440.955
279.6  5481.6346
279.5  5300.9119
279.4  5594.579
279.3  5359.1062
279.2  5476.6761
279.1  5310.3033
279  5379.4061
278.9  5531.8335
278.8  5328.8164
278.7  5235.8348
278.6  5415.1653
278.5  5455.7903
278.4  5383.8311
278.3  5457.7422
278.2  5495.672
278.1  5438.6673
278  5370.2141
277.9  5427.4852
277.8  5485.0066
277.7  5386.3478
277.6  5332.7953
277.5  5566.4349
277.4  5528.5304
277.3  5420.492
277.2  5381.8782
277.1  5534.781
277  5490.5894
276.9  5471.3996
276.8  5358.1155
276.7  5293.9302
276.6  5499.9817
276.5  5459.2734
276.4  5319.0908
276.3  5412.8015
276.2  5522.9441
276.1  5464.1607
276  5527.0792
275.9  5441.9548
275.8  5465.6811
275.7  5609.6986
275.6  5513.0717
275.5  5400.8769
275.4  5257.4943
275.3  5251.8918
275.2  5229.0966
275.1  5389.8201
275  5499.488
274.9  5403.2858
274.8  5301.5322
274.7  5319.9453
274.6  5416.5033
274.5  5439.3065
274.4  5337.0094
274.3  5253.416
274.2  5392.8604
274.1  5436.8847
274  5333.8928
273.9  5285.7547
273.8  5291.9489
273.7  5232.1563
273.6  5308.7679
273.5  5492.0297
273.4  5150.7657
273.3  5264.4286
273.2  5317.4416
273.1  5351.0541
273  5302.3144
272.9  5368.8062
272.8  5260.5045
272.7  5047.5881
272.6  5323.6493
272.5  5233.6948
272.4  5155.3394
272.3  5339.9054
272.2  5496.2545
272.1  5364.3316
272  5328.5882
271.9  5124.1112
271.8  5247.3758
271.7  5284.4299
271.6  5084.97
271.5  5193.5599
271.4  5410.9171
271.3  5403.028
271.2  5217.6351
271.1  5298.7664
271  5230.9048
270.9  5248.0441
270.8  5211.5138
270.7  5165.9551
270.6  5234.131
270.5  5231.5155
270.4  5136.5222
270.3  5419.3043
270.2  5246.3413
270.1  5296.807
270  5477.9942
269.9  5341.9615
269.8  5139.9441
269.7  5233.6727
269.6  5246.8333
269.5  5343.9379
269.4  5444.2445
269.3  5385.1899
269.2  5447.3902
269.1  5376.4002
269  5323.86
268.9  5432.1873
268.8  5339.228
268.7  5581.9227
268.6  5515.8605
268.5  5308.6571
268.4  5342.167
268.3  5394.3522
268.2  5441.8698
268.1  5594.2628
268  5394.3812
267.9  5255.8889
267.8  5542.3804
267.7  5586.6572
267.6  5715.7568
267.5  5420.6242
267.4  5526.1647
267.3  5590.4065
267.2  5461.3616
267.1  5429.2673
267  5634.044
266.9  5565.8381
266.8  5595.444
266.7  5455.6677
266.6  5578.5774
266.5  5549.9515
266.4  5512.5256
266.3  5370.7262
266.2  5484.0343
266.1  5434.3354
266  5374.6386
265.9  5482.9493
265.8  5255.6935
265.7  5456.543
265.6  5411.9932
265.5  5399.9896
265.4  5573.4918
265.3  5533.7174
265.2  5245.8855
265.1  5460.9099
265  5343.0444
264.9  5537.7484
264.8  5346.0237
264.7  5303.8794
264.6  5184.3612
264.5  5312.8123
264.4  5508.4998
264.3  5354.2263
264.2  5457.6443
264.1  5248.7331
264  5233.0111
263.9  5262.8721
263.8  5376.9478
263.7  5468.4047
263.6  5314.7832
263.5  5495.768
263.4  5339.6559
263.3  5352.8202
263.2  5369.2533
263.1  5376.0552
263  5258.1375
262.9  5130.1826
262.8  5266.6842
262.7  5411.432
262.6  5262.4423
262.5  5392.6801
262.4  5199.061
262.3  5365.3115
262.2  5261.7962
262.1  5291.2705
262  5310.0596
261.9  5290.8766
261.8  5281.5902
261.7  5215.7109
261.6  5184.1165
261.5  5196.9308
261.4  5095.3178
261.3  5266.5774
261.2  5346.0952
261.1  5210.0537
261  5223.591
260.9  5352.6156
260.8  5266.075
260.7  5189.7555
260.6  5215.5928
260.5  5219.1109
260.4  5103.2519
260.3  5195.559
260.2  5214.568
260.1  5204.3633
260  5188.7733
259.9  5322.1226
259.8  5133.3936
259.7  5475.8972
259.6  5339.7723
259.5  5299.5354
259.4  5241.1347
259.3  5366.802
259.2  5205.9524
259.1  5282.4104
259  5187.2793
258.9  5149.1332
258.8  5335.0929
258.7  5330.9076
258.6  5253.6986
258.5  5250.6253
258.4  5286.8433
258.3  5230.0007
258.2  5211.4157
258.1  5114.1833
258  5183.3495
257.9  5169.0163
257.8  5186.2611
257.7  5356.5252
257.6  5274.0029
257.5  5181.5746
257.4  5169.5604
257.3  5316.9186
257.2  5188.2047
257.1  5126.474
257  5214.6421
256.9  5151.286
256.8  5240.764
256.7  5112.2075
256.6  5081.0566
256.5  5169.968
256.4  5152.103
256.3  5167.717
256.2  5121.425
256.1  5276.0282
256  5345.4294
255.9  5411.5268
255.8  5381.728
255.7  5214.4514
255.6  5108.4344
255.5  5168.8066
255.4  5088.5872
255.3  5138.8295
255.2  5204.8013
255.1  5147.369
255  5198.7267
254.9  5330.5028
254.8  5227.375
254.7  5277.1652
254.6  5273.7243
254.5  5160.9555
254.4  5235.2311
254.3  5399.2657
254.2  5275.0748
254.1  5358.459
254  5299.6834
253.9  5282.4106
253.8  5323.4218
253.7  5421.8444
253.6  5240.8082
253.5  5383.3804
253.4  5351.3888
253.3  5180.3124
253.2  5299.4987
253.1  5262.2553
253  5231.7332
252.9  5439.6977
252.8  5422.9164
252.7  5245.0728
252.6  5387.5841
252.5  5416.8483
252.4  5422.1464
252.3  5329.1622
252.2  5482.6758
252.1  5425.8397
252  5397.4271
251.9  5431.7746
251.8  5446.196
251.7  5301.3713
251.6  5226.1164
251.5  5248.5178
251.4  5330.6657
251.3  5301.4753
251.2  5293.7215
251.1  5244.2015
251  5264.912
250.9  5220.8691
250.8  5258.1756
250.7  5353.9957
250.6  5318.7125
250.5  5481.7492
250.4  5199.3184
250.3  5321.3401
250.2  5162.8485
250.1  5169.4356
250  5143.0542
249.9  5288.947
249.8  5172.8253
249.7  5004.152
249.6  5148.4692
249.5  5244.2584
249.4  5311.1493
249.3  5346.8427
249.2  5493.7911
249.1  5264.2807
249  5307.3235
248.9  5145.4771
248.8  5106.2338
248.7  5131.0013
248.6  5140.4849
248.5  5131.2514
248.4  5245.6035
248.3  5132.5121
248.2  5114.6326
248.1  5155.0467
248  5086.7257
247.9  5166.1942
247.8  5124.9829
247.7  5265.8957
247.6  5251.6143
247.5  5111.7717
247.4  5061.6437
247.3  5150.5816
247.2  5179.9631
247.1  5232.525
247  5132.2653
246.9  5165.2899
246.8  4906.055
246.7  5025.0688
246.6  5129.836
246.5  5246.347
246.4  5025.3942
246.3  4871.8436
246.2  5158.748
246.1  5048.8313
246  5079.9333
245.9  5146.3773
245.8  4988.0276
245.7  4983.1293
245.6  4903.5828
245.5  5107.5028
245.4  4969.6029
245.3  4999.6356
245.2  5147.237
245.1  5107.8057
245  5000.4853
244.9  5003.433
244.8  4943.1984
244.7  5071.9801
244.6  5013.0323
244.5  5023.2447
244.4  5189.1309
244.3  4962.6508
244.2  5023.321
244.1  4943.9375
244  5004.0466
243.9  4952.3626
243.8  5047.7284
243.7  4958.4884
243.6  4991.0129
243.5  4934.7842
243.4  4928.2678
243.3  4914.7112
243.2  4938.7518
243.1  5024.4669
243  5069.4922
242.9  5146.9667
242.8  5095.2385
242.7  5100.035
242.6  5017.7472
242.5  5058.3796
242.4  5011.4233
242.3  4884.5981
242.2  4978.963
242.1  5083.686
242  4929.2472
241.9  4978.0802
241.8  5128.3928
241.7  5139.325
241.6  5005.956
241.5  5076.792
241.4  5005.7322
241.3  5075.0331
241.2  4980.4703
241.1  5194.9427
241  5045.3304
240.9  5160.5668
240.8  5183.0961
240.7  5096.4052
240.6  5145.2868
240.5  5340.0818
240.4  5176.5896
240.3  5234.6243
240.2  5223.92
240.1  5263.3383
240  5448.8167
239.9  5428.5239
239.8  5345.8168
239.7  5521.9708
239.6  5561.8259
239.5  5606.0651
239.4  5471.6275
239.3  5615.3382
239.2  5744.9215
239.1  5676.9905
239  5691.7791
238.9  6018.8481
238.8  5745.4716
238.7  5824.7341
238.6  5831.456
238.5  5837.6997
238.4  5804.21
238.3  5857.1899
238.2  5636.5676
238.1  5865.7232
238  5921.2037
237.9  5920.2366
237.8  5899.8325
237.7  5817.1721
237.6  5938.9435
237.5  5894.4813
237.4  6070.5029
237.3  5951.4288
237.2  5866.2589
237.1  6026.1512
237  6088.8879
236.9  5988.1634
236.8  5997.085
236.7  6070.6235
236.6  6004.1368
236.5  6025.3599
236.4  5701.6773
236.3  5940.5958
236.2  6173.983
236.1  6041.2849
236  6265.9507
235.9  6215.5682
235.8  6244.9021
235.7  6272.6924
235.6  6215.8727
235.5  6297.1732
235.4  6298.9373
235.3  6326.2818
235.2  6317.4824
235.1  6049.6413
235  6179.2877
234.9  6176.1214
234.8  6056.6982
234.7  6137.7158
234.6  6121.2512
234.5  6129.4921
234.4  5988.3772
234.3  5724.7075
234.2  5855.024
234.1  5803.1401
234  5853.5047
233.9  5728.1113
233.8  5721.4619
233.7  5714.8396
233.6  5633.3981
233.5  5448.6245
233.4  5580.285
233.3  5387.0208
233.2  5280.359
233.1  5403.3347
233  5146.461
232.9  5029.1068
232.8  5139.7654
232.7  4938.0028
232.6  4944.4739
232.5  4991.4613
232.4  4987.3905
232.3  5003.698
232.2  4959.1691
232.1  4902.2631
232  5114.179
231.9  4934.3742
231.8  4935.2855
231.7  4974.0403
231.6  4977.2154
231.5  4981.3695
231.4  5005.3442
231.3  4794.6085
231.2  4807.5338
231.1  4806.6399
231  4854.7877
230.9  4920.1988
230.8  4928.1807
230.7  4970.1022
230.6  4793.0564
230.5  4948.1593
230.4  5000.0271
230.3  4738.4661
230.2  4924.1488
230.1  4916.9118
230  4797.491
229.9  4863.5713
229.8  4859.2995
229.7  5035.8375
229.6  4862.2626
229.5  4598.5017
229.4  4767.0017
229.3  4903.15
229.2  4826.9296
229.1  4823.0575
229  4758.1637
228.9  4837.7201
228.8  4823.7841
228.7  4901.6617
228.6  4818.8524
228.5  4913.4141
228.4  4833.611
228.3  4850.9208
228.2  4734.9865
228.1  4908.7661
228  4998.0507
227.9  4814.1753
227.8  4779.3851
227.7  4974.8815
227.6  4698.4855
227.5  4762.6927
227.4  4839.1131
227.3  4848.565
227.2  4775.566
227.1  4937.6675
227  5150.2484
226.9  4996.3405
226.8  5000.6624
226.7  4944.8191
226.6  4860.9063
226.5  4987.2107
226.4  4821.7349
226.3  4911.762
226.2  4998.3147
226.1  4939.8525
226  4950.1056
225.9  4983.957
225.8  4780.3947
225.7  4964.692
225.6  4887.4104
225.5  4775.344
225.4  4670.444
225.3  4887.5416
225.2  4834.4076
225.1  4829.9858
225  4658.6334
224.9  4849.9951
224.8  4769.403
224.7  4742.4812
224.6  4844.9923
224.5  4961.0731
224.4  4988.8743
224.3  4781.7128
224.2  4751.866
224.1  4917.0504
224  4681.4608
223.9  4801.9532
223.8  4928.0092
223.7  4625.9883
223.6  4745.8026
223.5  4775.9982
223.4  4740.4533
223.3  4768.3929
223.2  4774.1348
223.1  4566.92
223  4682.3851
222.9  4536.2202
222.8  4708.9729
222.7  4738.3587
222.6  4698.9562
222.5  4582.4225
222.4  4590.0302
222.3  4589.0931
222.2  4743.6518
222.1  4474.355
222  4617.7585
221.9  4591.5442
221.8  4610.9025
221.7  4728.2325
221.6  4834.175
221.5  4661.051
221.4  4622.1659
221.3  4828.6664
221.2  4653.8621
221.1  4705.1309
221  4644.4672
220.9  4657.4842
220.8  4749.012
220.7  4920.0807
220.6  4538.6313
220.5  4706.1054
220.4  4805.8528
220.3  4620.2492
220.2  4646.762
220.1  4685.7041
220  4739.7308
219.9  4904.8627
219.8  4632.633
219.7  4798.1231
219.6  4797.5011
219.5  4733.4106
219.4  4797.9543
219.3  4698.1163
219.2  4805.0058
219.1  4748.6833
219  4874.211
218.9  4777.9965
218.8  4563.6439
218.7  4614.6199
218.6  4646.5294
218.5  4632.35
218.4  4513.19
218.3  4593.6412
218.2  4842.4917
218.1  4673.6514
218  4696.9192
217.9  4676.5211
217.8  4670.5254
217.7  4781.7385
217.6  4741.4733
217.5  4645.8726
217.4  4564.1522
217.3  4723.0735
217.2  4661.009
217.1  4849.9144
217  4776.154
216.9  4877.6715
216.8  4622.7714
216.7  4728.4329
216.6  4776.9345
216.5  4761.7581
216.4  4689.6862
216.3  4769.4314
216.2  4630.8577
216.1  4733.0445
216  4627.4563
215.9  4656.6364
215.8  4591.2055
215.7  4611.1544
215.6  4707.862
215.5  4833.2139
215.4  4763.9315
215.3  4717.8978
215.2  4686.1227
215.1  4674.767
215  4809.3404
214.9  4897.0222
214.8  4706.8744
214.7  4729.8045
214.6  4664.0634
214.5  4627.4351
214.4  4816.4624
214.3  4669.7925
214.2  4803.2683
214.1  4649.9574
214  4667.7856
213.9  4820.5034
213.8  4738.673
213.7  4842.576
213.6  4698.1032
213.5  4682.0138
213.4  4667.7663
213.3  4583.9742
213.2  4674.8406
213.1  4665.1064
213  4672.8429
212.9  4638.4292
212.8  4472.7858
212.7  4666.9528
212.6  4635.1594
212.5  4618.7444
212.4  4690.3474
212.3  4719.9544
212.2  4638.5283
212.1  4789.8211
212  4744.2647
211.9  4744.2283
211.8  4660.7509
211.7  4700.189
211.6  4602.3189
211.5  4670.1769
211.4  4841.2068
211.3  4704.5809
211.2  4854.4834
211.1  4691.8251
211  4638.9272
210.9  4702.5267
210.8  4670.2337
210.7  4753.5841
210.6  4662.817
210.5  4741.5068
210.4  4723.4281
210.3  4751.4982
210.2  4545.3035
210.1  4817.2176
210  4706.1826
209.9  4517.318
209.8  4606.373
209.7  4555.1646
209.6  4700.1016
209.5  4488.8294
209.4  4632.9593
209.3  4776.7068
209.2  4743.9101
209.1  4691.2206
209  4596.6159
208.9  4764.9043
208.8  4734.852
208.7  4651.1422
208.6  4683.3586
208.5  4624.2314
208.4  4616.3598
208.3  4709.1909
208.2  4726.8303
208.1  4559.0302
208  4717.4552
207.9  4708.8475
207.8  4618.1073
207.7  4570.7637
207.6  4563.4277
207.5  4760.709
207.4  4579.2564
207.3  4529.3088
207.2  4555.8553
207.1  4831.4516
207  4818.4425
206.9  4672.8193
206.8  4753.216
206.7  4695.2642
206.6  4772.6579
206.5  4722.5305
206.4  4563.1309
206.3  4654.0004
206.2  4741.5637
206.1  4753.2095
206  4701.432
205.9  4748.0288
205.8  4671.0484
205.7  4670.8672
205.6  4553.2276
205.5  4537.618
205.4  4501.203
205.3  4640.3788
205.2  4730.3523
205.1  4761.8565
205  4749.5143
204.9  4642.2022
204.8  4749.4561
204.7  4711.0052
204.6  4629.7978
204.5  4681.9168
204.4  4538.5679
204.3  4745.2123
204.2  4623.5624
204.1  4667.8162
204  4542.5266
203.9  4581.2299
203.8  4670.2452
203.7  4637.3325
203.6  4693.3812
203.5  4664.8721
203.4  4715.3484
203.3  4653.2768
203.2  4681.1218
203.1  4733.6212
203  4795.512
202.9  4631.8259
202.8  4794.8914
202.7  4740.9529
202.6  4640.2875
202.5  4709.2439
202.4  4744.5644
202.3  4752.7301
202.2  4663.6443
202.1  4596.9689
202  4727.6058
201.9  4641.519
201.8  4666.682
201.7  4532.8016
201.6  4912.7849
201.5  4825.4627
201.4  4685.4765
201.3  4695.1147
201.2  4673.4444
201.1  4693.6054
201  4737.2242
200.9  4730.4774
200.8  4595.1501
200.7  4736.0062
200.6  4679.9833
200.5  4613.3758
200.4  4705.0355
200.3  4706.143
200.2  4597.7188
200.1  4845.8114
200  4710.8603
199.9  4638.0232
199.8  4742.9042
199.7  4673.3866
199.6  4522.5683
199.5  4612.541
199.4  4613.0309
199.3  4758.7583
199.2  4615.1762
199.1  4721.1171
199  4699.3533
198.9  4629.7589
198.8  4766.9416
198.7  4553.3828
198.6  4734.3438
198.5  4680.9819
198.4  4828.4842
198.3  4700.8794
198.2  4663.2174
198.1  4643.4806
198  4785.3778
197.9  4665.3457
197.8  4656.8478
197.7  4739.7683
197.6  4713.4491
197.5  4683.1672
197.4  4785.5906
197.3  4752.8561
197.2  4777.9162
197.1  4848.6712
197  4780.5494
196.9  4576.9851
196.8  4698.7681
196.7  4680.9053
196.6  4813.3114
196.5  4806.1171
196.4  4734.3674
196.3  4820.6491
196.2  4739.1812
196.1  4699.996
196  4749.1327
195.9  4796.0657
195.8  4864.5777
195.7  4786.4867
195.6  4832.9993
195.5  4900.3785
195.4  4828.7566
195.3  4881.254
195.2  4800.6518
195.1  4794.7101
195  4851.6987
194.9  4732.3397
194.8  4815.1032
194.7  4898.4855
194.6  4775.2446
194.5  4745.5218
194.4  4867.1734
194.3  4931.3739
194.2  4838.8027
194.1  4906.1126
194  4956.7738
193.9  4889.7939
193.8  4934.9837
193.7  4863.3802
193.6  4781.7296
193.5  4772.1292
193.4  4774.27
193.3  4582.4872
193.2  4488.8212
193.1  4832.3163
193  4837.0299
192.9  4697.6201
192.8  4799.6637
192.7  4828.3291
192.6  4747.3819
192.5  4785.2262
192.4  4651.2486
192.3  4689.1676
192.2  4817.6051
192.1  4778.7702
192  4705.4071
191.9  4714.7525
191.8  4749.354
191.7  4830.4754
191.6  4661.4456
191.5  4709.6456
191.4  4723.5578
191.3  4711.3623
191.2  4830.0713
191.1  4754.5636
191  4755.4177
190.9  4733.0157
190.8  4820.4396
190.7  4770.1303
190.6  4766.21
190.5  4771.8388
190.4  4732.2937
190.3  4740.7799
190.2  4743.6186
190.1  4607.0897
190  4594.6901
189.9  4704.4947
189.8  4625.3332
189.7  4699.296
189.6  4670.0714
189.5  4761.2981
189.4  4577.267
189.3  4665.4466
189.2  4699.6859
189.1  4543.9711
189  4619.7731
188.9  4700.0789
188.8  4560.4253
188.7  4609.981
188.6  4747.8457
188.5  4703.392
188.4  4774.3107
188.3  4587.5653
188.2  4803.8804
188.1  4692.6559
188  4863.6399
187.9  4612.8661
187.8  4590.0897
187.7  4561.9313
187.6  4714.7204
187.5  4791.0636
187.4  4670.9874
187.3  4623.72
187.2  4742.3312
187.1  4750.7503
187  4847.2892
186.9  4800.8111
186.8  4795.0342
186.7  4712.9938
186.6  4714.1471
186.5  4730.4747
186.4  4757.0315
186.3  4715.7093
186.2  4582.0408
186.1  4574.0557
186  4581.8436
185.9  4675.625
185.8  4608.0383
185.7  4586.2964
185.6  4719.547
185.5  4683.198
185.4  4785.9546
185.3  4763.6872
185.2  4845.7703
185.1  4775.1141
185  4614.3099
184.9  4622.9588
184.8  4692.9686
184.7  4545.8845
184.6  4699.3852
184.5  4516.3231
184.4  4679.138
184.3  4821.59
184.2  4658.4861
184.1  4608.4897
184  4718.7416
183.9  4591.7153
183.8  4730.3886
183.7  4567.083
183.6  4714.39
183.5  4634.2679
183.4  4688.1956
183.3  4795.2768
183.2  4783.8389
183.1  4711.5013
183  4855.0464
182.9  4699.2898
182.8  4775.3365
182.7  4719.3086
182.6  4615.8473
182.5  4590.7756
182.4  4684.07
182.3  4832.3991
182.2  4663.0744
182.1  4795.4183
182  4562.8602
181.9  4730.338
181.8  4713.0028
181.7  4589.7625
181.6  4694.2786
181.5  4668.8842
181.4  4840.4912
181.3  4926.9007
181.2  4665.2077
181.1  4630.7669
181  4692.7263
180.9  4759.1042
180.8  4800.1643
180.7  4662.7588
180.6  4702.7938
180.5  4612.5513
180.4  4647.4669
180.3  4614.7248
180.2  4825.7538
180.1  4792.2894
180  4782.8904
179.9  4806.231
179.8  4806.181
179.7  4652.9122
179.6  4692.9127
179.5  4758.9546
179.4  4859.2578
179.3  4644.066
179.2  4846.5578
179.1  4931.2465
179  4965.8535
178.9  4913.788
178.8  4811.07
178.7  4667.575
178.6  4715.2375
178.5  4761.9251
178.4  4718.4909
178.3  4670.3125
178.2  4822.9094
178.1  4634.3872
178  4742.4913
177.9  4786.5235
177.8  4856.3461
177.7  4786.9951
177.6  4770.7282
177.5  4638.8135
177.4  4781.7282
177.3  4792.1988
177.2  4621.6842
177.1  4694.9167
177  4826.6264
176.9  4706.4708
176.8  4804.1331
176.7  4703.7951
176.6  4633.3263
176.5  4753.9441
176.4  4857.4979
176.3  4689.1508
176.2  4716.1696
176.1  4821.7381
176  4832.1159
175.9  4542.1609
175.8  4652.0896
175.7  4724.8339
175.6  4670.6876
175.5  4682.9287
175.4  4707.6169
175.3  4777.7735
175.2  4824.1989
175.1  4829.2064
175  4819.2159
174.9  4575.636
174.8  4632.2325
174.7  4797.7753
174.6  4777.8162
174.5  4731.5069
174.4  4697.3998
174.3  4619.8096
174.2  4793.349
174.1  4791.9467
174  4575.5604
173.9  4613.3624
173.8  4683.1943
173.7  4586.4233
173.6  4728.0292
173.5  4819.7845
173.4  4752.6549
173.3  4742.7587
173.2  4688.2931
173.1  4704.4137
173  4820.7057
172.9  4816.4278
172.8  4805.3013
172.7  4740.3028
172.6  4791.0383
172.5  4660.066
172.4  4675.4441
172.3  4718.2293
172.2  4799.3281
172.1  4657.4144
172  4881.1716
171.9  4866.5164
171.8  4760.9427
171.7  4718.5392
171.6  4599.8381
171.5  4656.75
171.4  4757.4845
171.3  4846.5559
171.2  4566.8654
171.1  4687.0577
171  4782.5138
170.9  4636.5441
170.8  4554.5577
170.7  4722.5038
170.6  4747.1288
170.5  4652.7649
170.4  4755.7758
170.3  4670.7372
170.2  4809.4253
170.1  4700.8895
170  4764.9495
169.9  4596.4956
169.8  4694.8216
169.7  4782.4846
169.6  4754.7341
169.5  4564.365
169.4  4681.3716
169.3  4612.167
169.2  4723.6596
169.1  4723.9714
169  4762.3201
168.9  4636.8559
168.8  4643.9711
168.7  4690.583
168.6  4653.389
168.5  4667.6251
168.4  4615.1344
168.3  4590.3281
168.2  4651.4867
168.1  4735.9629
168  4832.7253
167.9  4682.6485
167.8  4698.3549
167.7  4693.4687
167.6  4523.9601
167.5  4704.5717
167.4  4537.2328
167.3  4713.8589
167.2  4562.6179
167.1  4606.3391
167  4557.5269
166.9  4568.3199
166.8  4624.5343
166.7  4631.1155
166.6  4590.2752
166.5  4680.3933
166.4  4646.0083
166.3  4710.6313
166.2  4592.9731
166.1  4767.5895
166  4507.3359
165.9  4616.9894
165.8  4696.9708
165.7  4651.9311
165.6  4591.1345
165.5  4575.5514
165.4  4772.6909
165.3  4700.5558
165.2  4467.8532
165.1  4600.9097
165  4489.4514
164.9  4581.3345
164.8  4554.4891
164.7  4657.5914
164.6  4490.1078
164.5  4499.1847
164.4  4547.1562
164.3  4548.4295
164.2  4498.587
164.1  4675.0301
164  4659.7534
163.9  4709.1324
163.8  4541.0844
163.7  4436.2337
163.6  4561.0101
163.5  4661.3763
163.4  4569.5476
163.3  4576.3702
163.2  4658.4442
163.1  4592.5141
163  4435.9046
162.9  4508.4533
162.8  4614.1308
162.7  4604.7571
162.6  4469.0183
162.5  4541.5926
162.4  4525.7012
162.3  4757.2334
162.2  4583.8561
162.1  4526.1194
162  4613.7175
161.9  4574.6299
161.8  4565.3285
161.7  4462.0637
161.6  4601.5843
161.5  4546.1258
161.4  4441.0184
161.3  4593.029
161.2  4530.0035
161.1  4435.6011
161  4591.3017
160.9  4595.6702
160.8  4606.7231
160.7  4525.5913
160.6  4582.4369
160.5  4646.28
160.4  4640.4342
160.3  4625.2281
160.2  4728.0147
160.1  4807.0834
160  4705.2777
159.9  4690.9171
159.8  4780.912
159.7  4753.2199
159.6  4669.7119
159.5  4711.4316
159.4  4702.2914
159.3  4525.0406
159.2  4659.7395
159.1  4814.5105
159  4870.7702
158.9  4833.8963
158.8  5063.0822
158.7  5014.6849
158.6  4911.8731
158.5  4908.1206
158.4  4982.5976
158.3  5111.2747
158.2  5064.0425
158.1  5172.7997
158  5100.043
157.9  5186.6033
157.8  5145.2322
157.7  5326.8217
157.6  5186.5997
157.5  5359.702
157.4  5355.6494
157.3  5533.7099
157.2  5521.7425
157.1  5525.3147
157  5466.9623
156.9  5650.7625
156.8  5671.9668
156.7  5652.4559
156.6  5816.2123
156.5  5649.907
156.4  5789.9698
156.3  5889.7786
156.2  5903.8513
156.1  5899.6056
156  5884.0477
155.9  5752.2985
155.8  5545.8347
155.7  5780.6609
155.6  5788.8635
155.5  5672.9285
155.4  5645.7585
155.3  5691.2102
155.2  5629.502
155.1  5514.4352
155  5604.269
154.9  5606.9967
154.8  5461.6777
154.7  5358.2987
154.6  5225.527
154.5  5277.2621
154.4  5214.2712
154.3  5269.5824
154.2  5204.0583
154.1  5268.4256
154  5139.5717
153.9  5025.5149
153.8  4909.4701
153.7  4953.073
153.6  4995.3311
153.5  5021.3235
153.4  5028.8494
153.3  4884.877
153.2  4836.8165
153.1  4968.7727
153  4888.1564
152.9  4838.6548
152.8  4809.9179
152.7  4844.2957
152.6  4695.3084
152.5  4634.6443
152.4  4729.171
152.3  4772.8115
152.2  4638.8574
152.1  4658.5731
152  4813.3465
151.9  4720.2211
151.8  4796.0733
151.7  4596.0478
151.6  4672.3993
151.5  4721.0149
151.4  4766.5859
151.3  4668.9665
151.2  4590.9184
151.1  4637.4128
151  4642.1517
150.9  4699.9757
150.8  4720.5822
150.7  4784.5217
150.6  4587.5589
150.5  4637.8421
150.4  4668.599
150.3  4643.6869
150.2  4621.2106
150.1  4794.8442
150  4529.8436
149.9  4708.116
149.8  4587.0518
149.7  4624.9157
149.6  4743.2375
149.5  4641.4901
149.4  4627.0602
149.3  4521.3705
149.2  4549.4476
149.1  4565.0992
149  4678.2905
148.9  4526.2609
148.8  4616.9755
148.7  4708.0876
148.6  4781.8794
148.5  4616.9241
148.4  4704.0314
148.3  4797.9384
148.2  4730.6245
148.1  4826.4028
148  4700.0413
147.9  4673.544
147.8  4749.5637
147.7  4809.0342
147.6  4608.4546
147.5  4689.7707
147.4  4611.2028
147.3  4810.2103
147.2  4787.7636
147.1  4797.4183
147  4788.5474
146.9  4807.5383
146.8  4738.0653
146.7  4740.3812
146.6  4669.9283
146.5  4714.8544
146.4  4771.1468
146.3  4596.5361
146.2  4672.2387
146.1  4589.0914
146  4830.7094
145.9  4813.7763
145.8  4731.7992
145.7  4796.0494
145.6  4793.7047
145.5  4729.0167
145.4  4742.8752
145.3  4763.245
145.2  4552.7862
145.1  4641.4446
145  4840.0754
144.9  4615.8519
144.8  4707.1112
144.7  4745.128
144.6  4687.5998
144.5  4702.4588
144.4  4559.5136
144.3  4584.2958
144.2  4708.0732
144.1  4689.9145
144  4669.0577
143.9  4643.0104
143.8  4608.4618
143.7  4647.0925
143.6  4672.0001
143.5  4580.3571
143.4  4637.2914
143.3  4584.6289
143.2  4575.7968
143.1  4692.8973
143  4530.7092
142.9  4536.7454
142.8  4578.7377
142.7  4551.9229
142.6  4559.7774
142.5  4415.366
142.4  4486.1718
142.3  4524.6545
142.2  4611.0414
142.1  4617.5393
142  4610.9893
141.9  4409.7797
141.8  4770.6774
141.7  4589.3086
141.6  4676.437
141.5  4536.8735
141.4  4561.0975
141.3  4332.8754
141.2  4465.1474
141.1  4452.4038
141  4521.9079
140.9  4542.7579
140.8  4693.4401
140.7  4580.4114
140.6  4651.3909
140.5  4587.6852
140.4  4576.9968
140.3  4552.4961
140.2  4648.182
140.1  4557.4141
140  4475.714
139.9  4581.1198
139.8  4558.7745
139.7  4473.8827
139.6  4541.2848
139.5  4514.0894
139.4  4536.6299
139.3  4669.0645
139.2  4594.7318
139.1  4651.5437
139  4605.5272
138.9  4528.0563
138.8  4503.0448
138.7  4533.8157
138.6  4572.8353
138.5  4590.6687
138.4  4499.8271
138.3  4444.5775
138.2  4410.753
138.1  4519.4454
138  4609.3938
137.9  4456.5054
137.8  4521.8863
137.7  4644.8096
137.6  4611.3698
137.5  4429.7611
137.4  4530.6066
137.3  4536.6977
137.2  4285.8956
137.1  4537.4954
137  4379.1221
136.9  4406.006
136.8  4572.6446
136.7  4454.5313
136.6  4492.4674
136.5  4532.2102
136.4  4543.6488
136.3  4391.6652
136.2  4470.153
136.1  4521.8832
136  4518.3574
135.9  4527.3554
135.8  4321.4036
135.7  4483.5402
135.6  4447.9066
135.5  4408.0737
135.4  4438.5012
135.3  4420.6674
135.2  4469.0628
135.1  4530.7297
135  4356.9569
134.9  4344.1181
134.8  4370.336
134.7  4445.2338
134.6  4293.5274
134.5  4573.8746
134.4  4497.0886
134.3  4415.2731
134.2  4463.4686
134.1  4314.0404
134  4473.778
133.9  4505.3278
133.8  4371.2891
133.7  4521.9043
133.6  4418.3674
133.5  4426.7475
133.4  4429.3635
133.3  4436.0891
133.2  4523.9519
133.1  4480.901
133  4257.2451
132.9  4267.9577
132.8  4381.5049
132.7  4492.702
132.6  4504.1222
132.5  4307.0634
132.4  4323.3821
132.3  4335.4007
132.2  4405.3982
132.1  4255.1008
132  4370.7055
131.9  4257.2671
131.8  4349.7947
131.7  4369.0459
131.6  4454.2958
131.5  4373.1302
131.4  4429.6981
131.3  4524.7476
131.2  4380.8174
131.1  4395.0969
131  4490.1648
130.9  4307.674
130.8  4426.3936
130.7  4396.9471
130.6  4454.7114
130.5  4368.9557
130.4  4237.2578
130.3  4527.8431
130.2  4357.3598
130.1  4167.687
130  4231.5555
129.9  4248.5195
129.8  4259.6764
129.7  4242.491
129.6  4330.4767
129.5  4442.2768
129.4  4454.9968
129.3  4377.0681
129.2  4365.0761
129.1  4359.3489
129  4357.8406
128.9  4282.9392
128.8  4258.9985
128.7  4331.42
128.6  4296.9086
128.5  4357.9319
128.4  4322.386
128.3  4374.6422
128.2  4454.395
128.1  4336.0331
128  4328.7113
127.9  4485.2116
127.8  4393.195
127.7  4276.1758
127.6  4479.3297
127.5  4287.8954
127.4  4222.3614
127.3  4308.3064
127.2  4321.6648
127.1  4291.6749
127  4362.1261
126.9  4309.972
126.8  4278.0763
126.7  4415.5198
126.6  4515.0172
126.5  4401.4928
126.4  4324.9811
126.3  4376.5436
126.2  4415.7504
126.1  4469.0744
126  4522.4327
125.9  4390.7142
125.8  4485.355
125.7  4446.266
125.6  4458.0131
125.5  4481.0258
125.4  4350.7205
125.3  4401.6541
125.2  4465.3211
125.1  4588.7387
125  4530.5704
124.9  4453.0648
124.8  4721.488
124.7  4806.2184
124.6  4658.845
124.5  4656.8082
124.4  4787.9564
124.3  4772.5501
124.2  4794.8802
124.1  4963.2632
124  5034.6304
123.9  5133.1458
123.8  5085.9912
123.7  4903.8012
123.6  5064.6864
123.5  5293.1878
123.4  5418.6399
123.3  5323.3567
123.2  5421.9613
123.1  5584.0503
123  5629.5615
122.9  5617.6121
122.8  5725.4473
122.7  5933.401
122.6  6053.4433
122.5  6000.3834
122.4  6082.0832
122.3  6111.0188
122.2  6227.7121
122.1  6161.1574
122  6309.3643
121.9  6179.8285
121.8  6406.2966
121.7  6468.3922
121.6  6267.373
121.5  6441.829
121.4  6343.9009
121.3  6384.6631
121.2  6306.088
121.1  6026.5853
121  6206.1657
120.9  6231.8745
120.8  6144.1823
120.7  6127.0123
120.6  5909.3677
120.5  5955.4122
120.4  5735.0436
120.3  5769.8852
120.2  5744.368
120.1  5763.9061
120  5405.2412
119.9  5449.0874
119.8  5206.02
119.7  5195.1492
119.6  5219.1486
119.5  5058.572
119.4  5026.948
119.3  4996.8957
119.2  4841.0343
119.1  4812.5756
119  4733.633
118.9  4723.9558
118.8  4628.2968
118.7  4585.7029
118.6  4586.0201
118.5  4464.6314
118.4  4502.467
118.3  4411.7739
118.2  4364.3184
118.1  4198.664
118  4367.1777
117.9  4296.9422
117.8  4237.3905
117.7  4401.8678
117.6  4320.4185
117.5  4390.9331
117.4  4241.1363
117.3  4277.9316
117.2  4162.2669
117.1  4414.6448
117  4332.6559
116.9  4214.4529
116.8  4311.4738
116.7  4404.1726
116.6  4297.2127
116.5  4296.8327
116.4  4302.6065
116.3  4351.2416
116.2  4133.9572
116.1  4177.5846
116  4199.6442
115.9  4079.722
115.8  4228.3124
115.7  4183.2798
115.6  4150.7493
115.5  4314.3774
115.4  4242.5272
115.3  4140.976
115.2  4098.4864
115.1  4347.326
115  4379.9181
114.9  4081.0427
114.8  4273.4964
114.7  4132.0004
114.6  4164.8176
114.5  4290.0332
114.4  4057.1456
114.3  4157.4707
114.2  4223.9735
114.1  4402.3096
114  4235.2336
113.9  4330.5001
113.8  4281.3862
113.7  4216.8297
113.6  4186.6584
113.5  4327.4908
113.4  4214.9438
113.3  4240.3866
113.2  4268.8688
113.1  4391.4118
113  4424.879
112.9  4259.865
112.8  4305.884
112.7  4273.4586
112.6  4318.9537
112.5  4314.4917
112.4  4248.7249
112.3  4221.0711
112.2  4387.0029
112.1  4201.5467
112  4209.3214
111.9  4197.7328
111.8  4152.2776
111.7  4238.5048
111.6  4362.19
111.5  4140.4608
111.4  4280.2028
111.3  4333.5247
111.2  4135.3918
111.1  4257.4434
111  4273.859
110.9  4269.4558
110.8  4094.2504
110.7  4219.2262
110.6  4139.7064
110.5  4259.7122
110.4  4059.2182
110.3  4062.825
110.2  4160.5157
110.1  4169.0322
110  4075.9487
109.9  4155.3239
109.8  4054.4646
109.7  4102.6813
109.6  4057.9784
109.5  3944.0728
109.4  4161.4242
109.3  4079.676
109.2  4180.8987
109.1  4019.203
109  4051.3231
108.9  4062.4394
108.8  4113.1589
108.7  4158.0061
108.6  4212.7158
108.5  4085.3699
108.4  4062.8558
108.3  4178.3118
108.2  4221.6814
108.1  4157.6895
108  4169.936
107.9  4289.1489
107.8  4299.9425
107.7  4343.8479
107.6  4429.4335
107.5  4451.2057
107.4  4313.7152
107.3  4449.7364
107.2  4441.06
107.1  4504.5087
107  4613.3777
106.9  4658.3208
106.8  4672.8821
106.7  4830.7554
106.6  4777.1782
106.5  5120.781
106.4  5148.0677
106.3  5133.3825
106.2  5293.8688
106.1  5227.5596
106  5324.4448
105.9  5469.8962
105.8  5460.9465
105.7  5341.7797
105.6  5732.0498
105.5  5628.8652
105.4  5544.3232
105.3  5709.7339
105.2  5701.9381
105.1  5683.431
105  5797.5074
104.9  5705.4809
104.8  5615.1268
104.7  5553.4533
104.6  5500.8333
104.5  5526.8833
104.4  5597.6617
104.3  5302.7896
104.2  5277.7779
104.1  5270.5857
104  5302.6925
103.9  5106.9887
103.8  5014.6432
103.7  5061.6321
103.6  5004.7248
103.5  4775.2254
103.4  4655.9387
103.3  4645.0748
103.2  4614.9701
103.1  4484.6475
103  4508.3406
102.9  4532.1399
102.8  4534.3776
102.7  4232.8692
102.6  4544.9792
102.5  4301.5984
102.4  4168.9454
102.3  4316.5258
102.2  4171.3403
102.1  4180.0409
102  4072.4549
101.9  3990.9851
101.8  4227.9321
101.7  4195.1266
101.6  4060.0012
101.5  4211.4375
101.4  4082.5341
101.3  4064.365
101.2  3984.8493
101.1  4174.9062
101  4061.1859
100.9  4122.973
100.8  4168.9289
100.7  3978.1605
100.6  4044.0234
100.5  4146.1964
100.4  3992.5481
100.3  4169.8608
100.2  4143.9936
100.1  4006.8315
100  4190.9833
99.9  4042.5577
99.8  3996.2674
99.7  4059.5367
99.6  3991.1003
99.5  4091.1673
99.4  4016.4075
99.3  3956.9373
99.2  4038.658
99.1  4059.7598
99  3957.4734
98.9  4018.4562
98.8  3996.2902
98.7  4076.3599
98.6  4083.5279
98.5  4126.1805
98.4  4085.5707
98.3  3906.5438
98.2  4017.721
98.1  4081.6691
98  4013.3716
97.9  4066.7795
97.8  4029.6047
97.7  3894.1184
97.6  4155.0839
97.5  4050.9466
97.4  4083.1037
97.3  4147.8618
97.2  4042.6974
97.1  4052.2566
97  4114.9602
96.9  4184.548
96.8  4253.2302
96.7  4109.3692
96.6  3998.5446
96.5  4025.7303
96.4  4179.149
96.3  4150.1305
96.2  4005.8682
96.1  4020.4164
96  4090.9702
95.9  4233.6798
95.8  4211.9917
95.7  4090.9858
95.6  4210.0447
95.5  4091.6095
95.4  4138.4314
95.3  4026.8916
95.2  4163.9154
95.1  4044.2051
95  4131.8405
94.9  4148.9043
94.8  4005.2137
94.7  4085.8826
94.6  4129.1695
94.5  4000.832
94.4  4000.503
94.3  3981.2188
94.2  4075.1703
94.1  4055.626
94  4061.0674
93.9  4083.4556
93.8  3907.6922
93.7  4058.1722
93.6  4071.557
93.5  4043.3324
93.4  4016.0549
93.3  3962.0671
93.2  4013.3415
93.1  3962.1592
93  3979.1552
92.9  4116.8554
92.8  4000.3429
92.7  4081.2441
92.6  4040.4463
92.5  4137.8885
92.4  4010.8627
92.3  4077.9384
92.2  3983.4235
92.1  4041.847
92  3888.3301
91.9  3980.4017
91.8  3949.6857
91.7  3996.3561
91.6  3867.4986
91.5  3957.4381
91.4  3934.6027
91.3  3883.9131
91.2  4028.0752
91.1  3927.7708
91  3993.6498
90.9  3933.8107
90.8  3975.0393
90.7  3967.3756
90.6  3844.2897
90.5  3846.7427
90.4  3786.4809
90.3  3753.6608
90.2  3775.8591
90.1  3947.1956
90  3808.8576
89.9  3915.7147
89.8  3843.9058
89.7  3674.2372
89.6  3706.0064
89.5  3799.9537
89.4  3704.8775
89.3  3850.7479
89.2  3653.2608
89.1  3716.7381
89  3734.1963
88.9  3706.8169
88.8  3678.6375
88.7  3671.7112
88.6  3664.6674
88.5  3589.7199
88.4  3620.6996
88.3  3576.4649
88.2  3677.1096
88.1  3754.672
88  3810.8371
87.9  3528.6016
87.8  3586.5319
87.7  3593.996
87.6  3642.5462
87.5  3668.4127
87.4  3750.4218
87.3  3730.7262
87.2  3557.9444
87.1  3749.5695
87  3641.8238
86.9  3613.1994
86.8  3675.3581
86.7  3553.8556
86.6  3649.3863
86.5  3632.4005
86.4  3655.6455
86.3  3611.4892
86.2  3467.2324
86.1  3565.8023
86  3520.8188
85.9  3687.4888
85.8  3495.8663
85.7  3581.2244
85.6  3625.0576
85.5  3585.2773
85.4  3545.6445
85.3  3617.9982
85.2  3587.3438
85.1  3603.7887
85  3650.3393
84.9  3560.4326
84.8  3516.5532
84.7  3628.1105
84.6  3762.482
84.5  3740.4757
84.4  3688.2788
84.3  3585.2497
84.2  3508.1159
84.1  3589.6485
84  3547.2119
83.9  3537.0169
83.8  3407.2935
83.7  3465.211
83.6  3432.7504
83.5  3479.368
83.4  3528.2185
83.3  3669.4282
83.2  3566.5496
83.1  3584.8566
83  3541.7393
82.9  3541.4509
82.8  3626.1897
82.7  3442.8622
82.6  3613.0708
82.5  3565.9684
82.4  3504.607
82.3  3674.2456
82.2  3806.0865
82.1  3541.3963
82  3468.106
81.9  3530.5038
81.8  3502.1182
81.7  3517.8165
81.6  3509.9242
81.5  3526.129
81.4  3607.3613
81.3  3656.0635
81.2  3509.6885
81.1  3511.0144
81  3655.4594
80.9  3531.4023
80.8  3717.5128
80.7  3608.9676
80.6  3587.3834
80.5  3607.7392
80.4  3663.1415
80.3  3671.7068
80.2  3586.9212
80.1  3611.7261
80  3654.2142
79.9  3769.7873
79.8  3721.7179
79.7  3767.9001
79.6  3850.7792
79.5  3762.5457
79.4  3963.0288
79.3  4059.8222
79.2  3980.9965
79.1  3998.1905
79  3999.886
78.9  4198.3047
78.8  4254.6351
78.7  4357.5561
78.6  4514.9965
78.5  4612.9781
78.4  4783.865
78.3  4812.3046
78.2  4734.9359
78.1  4761.4013
78  4959.0139
77.9  5026.2058
77.8  5179.0847
77.7  5334.5648
77.6  5311.5494
77.5  5484.2249
77.4  5579.4786
77.3  5445.1074
77.2  5615.4775
77.1  5655.4849
77  5621.4477
76.9  5757.9527
76.8  5821.9183
76.7  5694.403
76.6  5747.7161
76.5  5700.2596
76.4  5662.5038
76.3  5692.2918
76.2  5505.0819
76.1  5546.6196
76  5277.4857
75.9  5384.5749
75.8  5471.2803
75.7  5294.0251
75.6  5111.3061
75.5  4956.1431
75.4  4905.4008
75.3  4968.1924
75.2  4874.0311
75.1  4639.5056
75  4703.0777
74.9  4350.8141
74.8  4367.2471
74.7  4283.5282
74.6  4204.5904
74.5  4136.1978
74.4  4038.4342
74.3  3983.931
74.2  3996.728
74.1  3952.0525
74  3679.2892
73.9  3675.9982
73.8  3702.6367
73.7  3744.1419
73.6  3820.3666
73.5  3569.1625
73.4  3455.0147
73.3  3493.2025
73.2  3522.2462
73.1  3524.1024
73  3572.5094
72.9  3411.2624
72.8  3621.6238
72.7  3544.1052
72.6  3494.6017
72.5  3536.2238
72.4  3484.5597
72.3  3560.9069
72.2  3494.8079
72.1  3411.8135
72  3488.2665
71.9  3503.5319
71.8  3408.3017
71.7  3470.3439
71.6  3473.1712
71.5  3461.0491
71.4  3441.9784
71.3  3413.8236
71.2  3438.2421
71.1  3492.0498
71  3437.9247
70.9  3380.5035
70.8  3416.8668
70.7  3392.1055
70.6  3421.1191
70.5  3489.7043
70.4  3567.5725
70.3  3598.8528
70.2  3566.4104
70.1  3584.2197
70  3551.0492
69.9  3571.1978
69.8  3388.7757
69.7  3544.9467
69.6  3608.3613
69.5  3472.9689
69.4  3437.1441
69.3  3559.4165
69.2  3684.5997
69.1  3476.601
69  3454.6962
68.9  3570.5757
68.8  3566.0253
68.7  3680.6032
68.6  3650.2455
68.5  3659.7613
68.4  3596.0204
68.3  3558.3688
68.2  3550.5952
68.1  3630.3213
68  3546.8358
67.9  3480.4532
67.8  3588.3784
67.7  3806.7559
67.6  3715.8464
67.5  3664.3164
67.4  3692.8347
67.3  3598.2825
67.2  3516.5481
67.1  3523.0527
67  3651.9507
66.9  3580.9335
66.8  3596.0616
66.7  3568.6303
66.6  3623.7812
66.5  3554.092
66.4  3649.4204
66.3  3526.0704
66.2  3479.5054
66.1  3462.4895
66  3573.9966
65.9  3517.9072
65.8  3488.4205
65.7  3474.5727
65.6  3469.2141
65.5  3427.6576
65.4  3442.0663
65.3  3514.6548
65.2  3396.6029
65.1  3398.1093
65  3219.9575
64.9  3396.7209
64.8  3421.1811
64.7  3438.4172
64.6  3390.5412
64.5  3500.7263
64.4  3508.804
64.3  3629.9736
64.2  3495.7994
64.1  3525.5791
64  3324.7895
63.9  3379.0228
63.8  3430.4915
63.7  3359.0863
63.6  3423.0811
63.5  3360.5282
63.4  3358.1717
63.3  3440.9725
63.2  3295.8432
63.1  3425.1341
63  3311.6126
62.9  3298.7883
62.8  3252.6146
62.7  3321.4987
62.6  3345.1694
62.5  3338.303
62.4  3399.7696
62.3  3293.2702
62.2  3390.8183
62.1  3383.404
62  3205.585
61.9  3214.2667
61.8  3307.8271
61.7  3263.849
61.6  3160.9768
61.5  3365.697
61.4  3274.8384
61.3  3235.7281
61.2  3343.0014
61.1  3218.5827
61  3295.761
60.9  3191.0395
60.8  3195.1858
60.7  3239.4833
60.6  3189.0811
60.5  3229.3208
60.4  3350.4816
60.3  3164.5486
60.2  3174.077
60.1  3378.7714
60  3387.4716
59.9  3320.5135
59.8  3278.2518
59.7  3359.7053
59.6  3364.3529
59.5  3388.6579
59.4  3282.6915
59.3  3429.001
59.2  3373.066
59.1  3312.0584
59  3393.982
58.9  3281.1338
58.8  3289.8038
58.7  3363.389
58.6  3382.2567
58.5  3430.2174
58.4  3382.5567
58.3  3329.3259
58.2  3307.7912
58.1  3296.5227
58  3357.5481
57.9  3339.4652
57.8  3351.8281
57.7  3333.7289
57.6  3449.4913
57.5  3252.718
57.4  3244.9079
57.3  3269.0765
57.2  3188.6441
57.1  3252.6359
57  3435.3827
56.9  3435.2611
56.8  3388.4003
56.7  3463.8321
56.6  3401.0139
56.5  3392.282
56.4  3432.4052
56.3  3323.1862
56.2  3227.1618
56.1  3422.1066
56  3375.9535
55.9  3292.4517
55.8  3350.3988
55.7  3324.147
55.6  3332.5556
55.5  3334.578
55.4  3371.8494
55.3  3315.2449
55.2  3401.4082
55.1  3364.43
55  3324.2943
54.9  3287.2588
54.8  3387.9598
54.7  3349.5484
54.6  3281.8733
54.5  3317.081
54.4  3339.15
54.3  3491.3604
54.2  3328.1939
54.1  3364.6962
54  3334.4423
53.9  3421.5168
53.8  3482.1074
53.7  3389.0081
53.6  3345.4868
53.5  3239.3738
53.4  3228.1845
53.3  3299.0597
53.2  3279.1711
53.1  3244.0502
53  3295.059
52.9  3305.5192
52.8  3330.6735
52.7  3232.697
52.6  3265.3115
52.5  3224.2241
52.4  3205.526
52.3  3256.465
52.2  3192.4312
52.1  3255.2735
52  3223.6535
51.9  3208.0285
51.8  3170.5084
51.7  3261.7193
51.6  3111.0372
51.5  3200.7549
51.4  3227.9749
51.3  3159.1785
51.2  3130.2049
51.1  3024.5361
51  3163.4897
50.9  3084.2395
50.8  3089.8385
50.7  3058.3724
50.6  3178.7292
50.5  3053.7398
50.4  3057.3
50.3  3069.101
50.2  3175.8899
50.1  3172.8934
50  3175.8329

# Region:                       Mo 3p
# Spectrum ID:                  4
# Acquisition Date:             04/22/26 18:16:06 UTC
# Analysis Method:              XPS
# Analyzer:                     PHOIBOS MCD5 Analyzer
# Analyzer Lens:                LargeArea:1.5kV
# Analyzer Slit:                5:7x20\B:open
# Scan Mode:                    FixedAnalyzerTransmission
# Curves/Scan:                  1
# Values/Curve:                 851
# Dwell Time:                   0.1
# Excitation Energy:            1253.64
# Binding Energy:               450
# Pass Energy:                  50
# Bias Voltage:                 90
# Detector Voltage:             3000
# Eff. Workfunction:            4.543
# Source:                       X-Ray Dummy
# Comment:                      
#
# Cycle: 0
# Number of Scans: 10
#
# Cycle: 0, Curve: 0
# Acquisition Date:             04/22/26 18:16:06 UTC
#
# ColumnLabels:                 energy counts/s
#
450  6015.9236
449.9  6032.2492
449.8  5957.5675
449.7  6034.0882
449.6  5994.4839
449.5  6049.4028
449.4  6092.4521
449.3  6058.1825
449.2  6096.1848
449.1  6049.1665
449  6048.4483
448.9  6096.4747
448.8  6105.4247
448.7  6052.5776
448.6  6147.9227
448.5  6076.703
448.4  6036.0713
448.3  6048.4536
448.2  5988.0215
448.1  6018.2464
448  5971.6905
447.9  5975.8701
447.8  5867.3688
447.7  6067.688
447.6  6034.452
447.5  6053.9349
447.4  6104.2962
447.3  6134.8554
447.2  6009.4786
447.1  5962.5596
447  6014.8629
446.9  6123.2113
446.8  6128.2527
446.7  6069.9908
446.6  6110.5492
446.5  6094.7908
446.4  5954.1723
446.3  6214.9828
446.2  6155.6633
446.1  6100.76
446  6052.8313
445.9  5987.9165
445.8  6123.1963
445.7  6027.4435
445.6  6129.0963
445.5  6059.6189
445.4  6144.8018
445.3  5965.08
445.2  6087.1333
445.1  6037.9713
445  6061.782
444.9  6006.1788
444.8  6003.595
444.7  6136.7451
444.6  6026.9129
444.5  6047.791
444.4  6069.7053
444.3  6022.3139
444.2  5972.0286
444.1  6132.8813
444  6041.5973
443.9  5978.6794
443.8  6056.199
443.7  5965.805
443.6  6092.9708
443.5  5985.9368
443.4  6080.5742
443.3  5998.5015
443.2  6087.2216
443.1  6086.6365
443  5924.2728
442.9  6002.6565
442.8  6116.7698
442.7  6005.4054
442.6  6052.8727
442.5  6051.1406
442.4  6028.4908
442.3  6043.6197
442.2  6080.715
442.1  6078.5682
442  6087.619
441.9  6041.2038
441.8  6123.862
441.7  5997.1632
441.6  6190.7621
441.5  5958.9483
441.4  6079.6372
441.3  5941.5433
441.2  6034.8328
441.1  6064.1471
441  6072.4066
440.9  6135.6232
440.8  6117.0216
440.7  6119.8468
440.6  6111.0149
440.5  6005.7742
440.4  6162.0105
440.3  6042.8178
440.2  6092.346
440.1  6082.6214
440  5992.9536
439.9  6145.004
439.8  6041.2549
439.7  6138.7816
439.6  6134.5491
439.5  6100.4232
439.4  5966.6824
439.3  6104.1936
439.2  6086.0711
439.1  6119.8257
439  6104.0913
438.9  6032.7173
438.8  5943.8838
438.7  6045.47
438.6  6059.822
438.5  6146.0267
438.4  6186.6407
438.3  6088.2667
438.2  6069.6188
438.1  5993.9706
438  6113.1049
437.9  6062.9579
437.8  5973.8622
437.7  5998.3508
437.6  6031.1554
437.5  6139.2323
437.4  6107.4348
437.3  6024.9927
437.2  6089.8016
437.1  5992.7977
437  6160.2483
436.9  6012.1326
436.8  5901.3882
436.7  6084.8077
436.6  6037.7714
436.5  6169.3176
436.4  6094.4187
436.3  5967.0628
436.2  6127.0992
436.1  5946.1132
436  5949.5544
435.9  6091.1996
435.8  6049.0339
435.7  5908.0806
435.6  5987.3301
435.5  5854.8034
435.4  5985.9692
435.3  6056.4264
435.2  5957.3237
435.1  6100.7815
435  6042.7625
434.9  5985.9113
434.8  5997.847
434.7  5986.4159
434.6  6093.6647
434.5  6192.1878
434.4  6060.269
434.3  6147.1232
434.2  6037.57
434.1  6004.1098
434  6148.9527
433.9  5978.6428
433.8  6073.4156
433.7  6001.3572
433.6  6023.8524
433.5  6040.7223
433.4  6139.0707
433.3  5966.212
433.2  5946.586
433.1  6119.3502
433  6059.8194
432.9  6025.716
432.8  6007.7984
432.7  5993.7439
432.6  6022.9303
432.5  6121.4235
432.4  6076.3028
432.3  6118.2909
432.2  6039.6069
432.1  6076.3404
432  6155.2111
431.9  6141.145
431.8  6109.5539
431.7  5999.1488
431.6  5936.0978
431.5  6162.7079
431.4  6039.0564
431.3  6044.6216
431.2  6035.8999
431.1  6052.6322
431  6045.0876
430.9  5887.3474
430.8  6056.4357
430.7  6111.9199
430.6  5939.9965
430.5  6019.3116
430.4  6141.4977
430.3  6010.9824
430.2  6067.1639
430.1  5936.1503
430  6069.2129
429.9  6069.0112
429.8  6133.9206
429.7  6001.1424
429.6  6038.4975
429.5  6020.379
429.4  6059.1746
429.3  6001.5307
429.2  6011.1081
429.1  5851.5493
429  5858.2216
428.9  6043.2831
428.8  6029.5329
428.7  5915.7104
428.6  5960.2949
428.5  5970.5449
428.4  5981.9352
428.3  5942.017
428.2  6119.113
428.1  6024.6269
428  6010.513
427.9  6018.2895
427.8  6023.2288
427.7  6021.876
427.6  6125.1119
427.5  6033.192
427.4  6032.8019
427.3  5973.948
427.2  6093.4059
427.1  5992.2506
427  6122.352
426.9  5973.5101
426.8  6038.1621
426.7  5982.8674
426.6  6072.2745
426.5  6047.7421
426.4  5907.3363
426.3  5918.3495
426.2  6045.8844
426.1  6161.1258
426  6067.117
425.9  5985.9441
425.8  6059.7545
425.7  5958.8884
425.6  5916.9585
425.5  6038.3373
425.4  6080.9041
425.3  6075.5744
425.2  5910.6186
425.1  6013.1143
425  6058.0466
424.9  5966.7909
424.8  6019.0837
424.7  6055.1782
424.6  5961.0612
424.5  5930.3875
424.4  6018.588
424.3  6051.8388
424.2  6013.3953
424.1  5949.5209
424  5958.0364
423.9  5956.1762
423.8  5971.0084
423.7  6045.5076
423.6  6040.1307
423.5  6009.9474
423.4  6040.9307
423.3  5958.9635
423.2  6035.9173
423.1  6046.6074
423  5970.857
422.9  6068.924
422.8  6178.903
422.7  5932.0933
422.6  6003.2804
422.5  6034.8381
422.4  6125.8429
422.3  6065.3166
422.2  6109.3462
422.1  6011.0582
422  5919.3229
421.9  6032.238
421.8  6016.7896
421.7  6068.3185
421.6  6020.009
421.5  5973.7979
421.4  6039.6529
421.3  5991.937
421.2  6168.695
421.1  6190.3321
421  6127.4403
420.9  6071.3082
420.8  6098.8728
420.7  6111.6394
420.6  6222.2247
420.5  6215.6851
420.4  6072.5963
420.3  6290.0836
420.2  6214.167
420.1  6205.3796
420  6221.3731
419.9  6172.1493
419.8  6138.2785
419.7  6171.8681
419.6  6363.1807
419.5  6280.6745
419.4  5998.1606
419.3  6192.0733
419.2  6221.3178
419.1  6247.764
419  6194.7384
418.9  6317.8896
418.8  6281.9681
418.7  6383.9751
418.6  6237.3953
418.5  6296.9058
418.4  6329.2007
418.3  6181.1853
418.2  6298.8447
418.1  6336.8865
418  6417.4581
417.9  6288.1968
417.8  6236.6246
417.7  6286.9771
417.6  6324.1819
417.5  6171.9619
417.4  6282.6423
417.3  6120.3342
417.2  6202.4672
417.1  6134.7394
417  6080.1524
416.9  6207.1931
416.8  6173.6509
416.7  6255.352
416.6  6096.9302
416.5  6168.294
416.4  6181.8197
416.3  6061.8603
416.2  6175.9054
416.1  6135.5803
416  6006.013
415.9  6118.8076
415.8  5988.7467
415.7  6123.3323
415.6  6123.5385
415.5  6360.0954
415.4  6038.82
415.3  6137.953
415.2  6133.5593
415.1  5879.0626
415  5880.6865
414.9  6017.6284
414.8  6027.4172
414.7  6021.6527
414.6  6021.3481
414.5  5890.8403
414.4  6082.3366
414.3  6016.5443
414.2  5942.7162
414.1  5979.8056
414  5952.5731
413.9  6016.1636
413.8  5947.0796
413.7  5964.9356
413.6  5949.3105
413.5  6081.7548
413.4  5862.9087
413.3  5980.8052
413.2  5970.9275
413.1  6012.1462
413  5940.5665
412.9  5889.2101
412.8  5869.9272
412.7  5920.5945
412.6  5850.957
412.5  5901.3389
412.4  5906.8909
412.3  5959.2228
412.2  6031.4411
412.1  6083.853
412  5879.1743
411.9  5901.542
411.8  5994.1104
411.7  5911.3805
411.6  6002.7861
411.5  5847.2105
411.4  5888.0595
411.3  5888.2964
411.2  5926.91
411.1  5912.1792
411  5857.6028
410.9  5918.0935
410.8  5972.1847
410.7  5925.187
410.6  6007.4499
410.5  5898.8866
410.4  5894.5327
410.3  5799.411
410.2  5813.8247
410.1  5846.5349
410  5964.7607
409.9  5912.129
409.8  5888.1352
409.7  5926.6485
409.6  5986.3556
409.5  5938.7121
409.4  6039.0665
409.3  5990.9198
409.2  5876.3464
409.1  6017.621
409  6033.0456
408.9  6003.0498
408.8  5925.1109
408.7  5842.7828
408.6  5874.6563
408.5  5847.3095
408.4  5959.3337
408.3  5836.7097
408.2  5892.3855
408.1  6019.3742
408  5818.4829
407.9  5950.1043
407.8  5920.9255
407.7  5952.3994
407.6  5855.5544
407.5  5874.1011
407.4  5915.69
407.3  5949.015
407.2  5874.5632
407.1  5839.5659
407  5898.9234
406.9  6029.464
406.8  5984.2188
406.7  5951.3194
406.6  5872.947
406.5  5950.7991
406.4  5959.3265
406.3  5929.8426
406.2  5842.3821
406.1  5911.9157
406  5868.3528
405.9  5864.5096
405.8  5920.1635
405.7  5914.5367
405.6  5918.9409
405.5  5869.6412
405.4  5982.2767
405.3  5917.4934
405.2  5847.0274
405.1  5955.8155
405  6091.7072
404.9  5945.3148
404.8  5996.2372
404.7  5935.3495
404.6  5976.6726
404.5  5893.2336
404.4  5917.8183
404.3  6019.7799
404.2  5968.2581
404.1  5979.9108
404  5924.5853
403.9  6095.0543
403.8  6139.7282
403.7  6170.7118
403.6  5922.0493
403.5  6078.7185
403.4  6114.6405
403.3  6040.3012
403.2  6042.3384
403.1  6197.5445
403  6211.2864
402.9  6239.9307
402.8  6163.4863
402.7  6029.4204
402.6  6191.1711
402.5  6219.4345
402.4  6220.9571
402.3  6351.174
402.2  6324.1506
402.1  6247.7007
402  6323.2153
401.9  6433.5641
401.8  6258.7637
401.7  6180.6398
401.6  6411.0716
401.5  6421.8187
401.4  6347.8044
401.3  6390.904
401.2  6516.0981
401.1  6385.6147
401  6287.1896
400.9  6401.2573
400.8  6368.6723
400.7  6428.0757
400.6  6365.5923
400.5  6363.4528
400.4  6478.9308
400.3  6377.3991
400.2  6296.7458
400.1  6354.3654
400  6292.2121
399.9  6312.9493
399.8  6370.0491
399.7  6280.5287
399.6  6169.3309
399.5  6259.1243
399.4  6172.222
399.3  6047.7565
399.2  6211.0316
399.1  6093.8439
399  6088.3846
398.9  6126.9574
398.8  6168.507
398.7  6134.2025
398.6  6058.9338
398.5  5904.4888
398.4  5991.8954
398.3  5967.0007
398.2  5820.0125
398.1  6057.1473
398  5948.3083
397.9  5934.9408
397.8  5860.7461
397.7  5911.0539
397.6  5647.5663
397.5  5773.9158
397.4  5917.5676
397.3  5861.2905
397.2  5757.7733
397.1  5680.5512
397  5833.345
396.9  5657.6801
396.8  5770.9803
396.7  5660.8605
396.6  5727.3832
396.5  5721.5728
396.4  5666.732
396.3  5712.2193
396.2  5798.8021
396.1  5671.3015
396  5719.0868
395.9  5735.2784
395.8  5704.7992
395.7  5739.8389
395.6  5681.9909
395.5  5704.7505
395.4  5708.1333
395.3  5724.4103
395.2  5688.3634
395.1  5671.0714
395  5671.3306
394.9  5705.1612
394.8  5674.5305
394.7  5639.5789
394.6  5742.6544
394.5  5770.7831
394.4  5605.4496
394.3  5760.3323
394.2  5650.3965
394.1  5644.32
394  5683.4966
393.9  5710.8906
393.8  5715.0415
393.7  5658.6297
393.6  5694.9654
393.5  5809.2497
393.4  5741.7149
393.3  5779.914
393.2  5814.1842
393.1  5734.7771
393  5682.5945
392.9  5682.1158
392.8  5759.7816
392.7  5623.9157
392.6  5628.575
392.5  5706.5993
392.4  5701.8168
392.3  5685.1855
392.2  5663.8151
392.1  5708.3236
392  5730.6439
391.9  5672.9529
391.8  5655.4805
391.7  5836.2068
391.6  5847.9846
391.5  5785.667
391.4  5683.0755
391.3  5725.9724
391.2  5733.8545
391.1  5765.6594
391  5730.6818
390.9  5644.1183
390.8  5536.9562
390.7  5714.3884
390.6  5606.3393
390.5  5707.1526
390.4  5737.3652
390.3  5732.6203
390.2  5678.1145
390.1  5671.8781
390  5786.2588
389.9  5792.0758
389.8  5699.8458
389.7  5519.6186
389.6  5573.1894
389.5  5646.4072
389.4  5668.2795
389.3  5665.3018
389.2  5695.8975
389.1  5750.2846
389  5669.7026
388.9  5616.8559
388.8  5540.2675
388.7  5585.8571
388.6  5591.1083
388.5  5556.7402
388.4  5711.2697
388.3  5608.5785
388.2  5641.8743
388.1  5617.8251
388  5533.4177
387.9  5550.7692
387.8  5626.734
387.7  5536.4166
387.6  5535.8008
387.5  5651.7193
387.4  5533.6135
387.3  5598.6698
387.2  5716.0319
387.1  5697.098
387  5517.1321
386.9  5601.4192
386.8  5552.9372
386.7  5608.0512
386.6  5704.189
386.5  5750.5306
386.4  5551.1826
386.3  5500.3685
386.2  5588.1763
386.1  5532.2978
386  5648.548
385.9  5603.9898
385.8  5460.151
385.7  5586.9071
385.6  5637.2772
385.5  5551.1815
385.4  5484.7098
385.3  5583.3882
385.2  5554.5557
385.1  5621.1127
385  5723.9361
384.9  5708.5347
384.8  5633.6312
384.7  5563.8352
384.6  5594.5835
384.5  5478.2603
384.4  5541.8351
384.3  5503.1115
384.2  5587.9305
384.1  5556.8092
384  5452.5597
383.9  5537.285
383.8  5585.3875
383.7  5528.7332
383.6  5612.7623
383.5  5588.2417
383.4  5615.3794
383.3  5585.0712
383.2  5668.582
383.1  5643.5111
383  5615.6487
382.9  5574.517
382.8  5623.0188
382.7  5649.3004
382.6  5571.0356
382.5  5554.1643
382.4  5571.1824
382.3  5507.9127
382.2  5530.8148
382.1  5647.256
382  5517.16
381.9  5568.5
381.8  5626.399
381.7  5502.3003
381.6  5605.634
381.5  5549.6088
381.4  5559.0884
381.3  5525.7443
381.2  5571.9486
381.1  5568.0223
381  5510.5656
380.9  5489.4528
380.8  5652.0824
380.7  5565.4277
380.6  5523.976
380.5  5535.5547
380.4  5591.6219
380.3  5629.0463
380.2  5594.2364
380.1  5608.0069
380  5652.3312
379.9  5606.6142
379.8  5559.6799
379.7  5541.9471
379.6  5656.5279
379.5  5712.9388
379.4  5732.9475
379.3  5723.7642
379.2  5611.9213
379.1  5606.8703
379  5503.6978
378.9  5600.3271
378.8  5588.649
378.7  5550.5707
378.6  5593.192
378.5  5541.7362
378.4  5618.5887
378.3  5490.5453
378.2  5578.2797
378.1  5639.2898
378  5537.4368
377.9  5473.5139
377.8  5516.2085
377.7  5513.4213
377.6  5541.8796
377.5  5518.9966
377.4  5671.7286
377.3  5571.3482
377.2  5537.2609
377.1  5587.2189
377  5612.4844
376.9  5547.4156
376.8  5579.6613
376.7  5494.1566
376.6  5453.2005
376.5  5555.7856
376.4  5596.8842
376.3  5561.3404
376.2  5649.4521
376.1  5535.509
376  5525.9993
375.9  5549.3383
375.8  5649.2258
375.7  5699.6368
375.6  5471.2128
375.5  5525.3446
375.4  5571.6337
375.3  5618.6818
375.2  5570.3499
375.1  5526.6002
375  5733.3023
374.9  5633.7433
374.8  5501.5807
374.7  5661.5633
374.6  5603.6091
374.5  5595.5283
374.4  5585.5502
374.3  5534.3709
374.2  5624.4794
374.1  5583.2935
374  5606.3563
373.9  5571.0516
373.8  5582.4908
373.7  5651.292
373.6  5540.863
373.5  5482.3836
373.4  5660.3264
373.3  5546.6512
373.2  5534.5257
373.1  5557.4823
373  5560.5595
372.9  5495.6106
372.8  5661.0294
372.7  5647.8178
372.6  5635.7384
372.5  5598.8936
372.4  5541.8337
372.3  5640.1726
372.2  5622.133
372.1  5605.7106
372  5553.8548
371.9  5508.6773
371.8  5535.2791
371.7  5510.4818
371.6  5574.1475
371.5  5628.1838
371.4  5451.149
371.3  5510.8542
371.2  5455.4481
371.1  5362.9243
371  5525.8858
370.9  5555.9486
370.8  5577.052
370.7  5526.372
370.6  5570.3176
370.5  5490.403
370.4  5538.8484
370.3  5502.2811
370.2  5480.0682
370.1  5562.1629
370  5545.9475
369.9  5601.4206
369.8  5538.2609
369.7  5587.2457
369.6  5595.2798
369.5  5598.4726
369.4  5507.5736
369.3  5493.388
369.2  5622.2742
369.1  5557.8387
369  5548.6633
368.9  5644.0947
368.8  5589.264
368.7  5574.448
368.6  5522.7621
368.5  5534.5282
368.4  5558.5819
368.3  5537.2073
368.2  5607.5756
368.1  5645.3018
368  5684.4447
367.9  5505.3597
367.8  5508.2801
367.7  5644.7986
367.6  5602.6998
367.5  5573.8014
367.4  5614.5522
367.3  5587.6006
367.2  5552.8303
367.1  5590.0698
367  5472.3427
366.9  5577.4763
366.8  5539.8786
366.7  5622.8859
366.6  5625.773
366.5  5454.2392
366.4  5522.8141
366.3  5559.501
366.2  5583.1197
366.1  5733.0526
366  5609.9015
365.9  5565.4917
365.8  5535.9171
365.7  5573.6899
365.6  5528.8315
365.5  5604.071
365.4  5470.5267
365.3  5623.9594
365.2  5538.6106
365.1  5693.2151
365  5524.6776

# Region:                       Overall
# Spectrum ID:                  7
# Acquisition Date:             04/22/26 18:31:22 UTC
# Analysis Method:              XPS
# Analyzer:                     PHOIBOS MCD5 Analyzer
# Analyzer Lens:                LargeArea:1.5kV
# Analyzer Slit:                5:7x20\B:open
# Scan Mode:                    FixedAnalyzerTransmission
# Curves/Scan:                  1
# Values/Curve:                 1002
# Dwell Time:                   0.5
# Excitation Energy:            1253.64
# Binding Energy:               1000
# Pass Energy:                  50
# Bias Voltage:                 90
# Detector Voltage:             3000
# Eff. Workfunction:            4.543
# Source:                       X-Ray Dummy
# Comment:                      z = 8.33, y = 11.35
#
# Cycle: 0
# Number of Scans: 1
#
# Cycle: 0, Curve: 0
# Acquisition Date:             04/22/26 18:31:22 UTC
#
# ColumnLabels:                 energy counts/s
#
1000  33425.589
999.001  33115.15
998.002  33367.242
997.003  33427.695
996.004  33696.318
995.005  33595.629
994.00599  33797.492
993.00699  33954.598
992.00799  33908.754
991.00899  33742.338
990.00999  33598.175
989.01099  33465.977
988.01199  33144.797
987.01299  33200.487
986.01399  33248.726
985.01499  32880.01
984.01598  32922.367
983.01698  32872.104
982.01798  32535.746
981.01898  32561.859
980.01998  32686.135
979.02098  32878.222
978.02198  32993.547
977.02298  32537.509
976.02398  32524.036
975.02498  32650.338
974.02597  32775.116
973.02697  32684.896
972.02797  32601.208
971.02897  32638.757
970.02997  32750.65
969.03097  32911.432
968.03197  32842.034
967.03297  32450.294
966.03397  32453.786
965.03497  33109.482
964.03596  32912.556
963.03696  33095.12
962.03796  33064.908
961.03896  32983.419
960.03996  32904.804
959.04096  32951.899
958.04196  33025.907
957.04296  33276.915
956.04396  33081.826
955.04496  33017.776
954.04595  33300.45
953.04695  33081.174
952.04795  33285.281
951.04895  33268.685
950.04995  33226.781
949.05095  33264.156
948.05195  33356.704
947.05295  33513.62
946.05395  33408.994
945.05495  33673.423
944.05594  33649.531
943.05694  33628.18
942.05794  33749.369
941.05894  33821.08
940.05994  34011.867
939.06094  33977.542
938.06194  33686.288
937.06294  34156.982
936.06394  34407.957
935.06494  34548.381
934.06593  34303.596
933.06693  34355.016
932.06793  34517.847
931.06893  34392.353
930.06993  34232.382
929.07093  34237
928.07193  34280.722
927.07293  34361.14
926.07393  34340.153
925.07493  34434.041
924.07592  34582.679
923.07692  34614.211
922.07792  34776.256
921.07892  34849.093
920.07992  34657.388
919.08092  34911.36
918.08192  34933.434
917.08292  34781.766
916.08392  34919.484
915.08492  34826.684
914.08591  34765.023
913.08691  34840.464
912.08791  34829.197
911.08891  35139.209
910.08991  35377.698
909.09091  35273.605
908.09191  35455.211
907.09291  35462.928
906.09391  35654.106
905.09491  35714.77
904.0959  35705.584
903.0969  35781.387
902.0979  35695.739
901.0989  35606.404
900.0999  35840.185
899.1009  36104.053
898.1019  36071.987
897.1029  35973.935
896.1039  35941.898
895.1049  36074.007
894.10589  36012.193
893.10689  35685.435
892.10789  36126.596
891.10889  36188.887
890.10989  36254.054
889.11089  36444.683
888.11189  36362.057
887.11289  36228.413
886.11389  36351.698
885.11489  36542.324
884.11588  36511.695
883.11688  36814.688
882.11788  36745.731
881.11888  36593.949
880.11988  36715.668
879.12088  36807.317
878.12188  36634.275
877.12288  37041.144
876.12388  37116.22
875.12488  37083.173
874.12587  37091.677
873.12687  37038.588
872.12787  36884.81
871.12887  37082.125
870.12987  36975.192
869.13087  37010.155
868.13187  37261.134
867.13287  37210.219
866.13387  37347.556
865.13487  37474.048
864.13586  37914.997
863.13686  37924.98
862.13786  37614.798
861.13886  37393.597
860.13986  37539.941
859.14086  37878.432
858.14186  38215.826
857.14286  37992.095
856.14386  38078.852
855.14486  38231.983
854.14585  38117.162
853.14685  38309.55
852.14785  38161.173
851.14885  38022.117
850.14985  38117.721
849.15085  38293.971
848.15185  38481.852
847.15285  38316.204
846.15385  38613.307
845.15485  38491.184
844.15584  38461.001
843.15684  38549.585
842.15784  38591.633
841.15884  38756.501
840.15984  38937.332
839.16084  38787.202
838.16184  38616.572
837.16284  38680.721
836.16384  38818.912
835.16484  39355.725
834.16583  39396.14
833.16683  39268.529
832.16783  39171.162
831.16883  39242.525
830.16983  39503.607
829.17083  39433.881
828.17183  39333.806
827.17283  39209.937
826.17383  39301.654
825.17483  39794.85
824.17582  39712.288
823.17682  39673.532
822.17782  39864.599
821.17882  39689.286
820.17982  39648.417
819.18082  40076.069
818.18182  40006.714
817.18282  39818.911
816.18382  39914.228
815.18482  39921.281
814.18581  40050.831
813.18681  40176.073
812.18781  40437.807
811.18881  40333.422
810.18981  40537.003
809.19081  40405.06
808.19181  40680.7
807.19281  40748.539
806.19381  40869.768
805.19481  40901.773
804.1958  40988.701
803.1968  41216.307
802.1978  41318.996
801.1988  41431.804
800.1998  41659.918
799.2008  41482.799
798.2018  41072.577
797.2028  41012.388
796.2038  41537.39
795.2048  41898.916
794.20579  42016.586
793.20679  42545.239
792.20779  42870.93
791.20879  43035.251
790.20979  43074.764
789.21079  42993.746
788.21179  42785.418
787.21279  42948.725
786.21379  43164.248
785.21479  43531.298
784.21578  43487.63
783.21678  42982.017
782.21778  42551.812
781.21878  42054.767
780.21978  41948.264
779.22078  41993.502
778.22178  42300.241
777.22278  42203.486
776.22378  42674.652
775.22478  43219.62
774.22577  43863.589
773.22677  44336.5
772.22777  44512.802
771.22877  44780.015
770.22977  45139.334
769.23077  45151.83
768.23177  45024.79
767.23277  44475.967
766.23377  43808.069
765.23477  43169.922
764.23576  42354.632
763.23676  41824.767
762.23776  41374.771
761.23876  40697.505
760.23976  40475.017
759.24076  40183.716
758.24176  39666.344
757.24276  40063.213
756.24376  40050.385
755.24476  40699.218
754.24575  41900.226
753.24675  43489.263
752.24775  46044.337
751.24875  48314.72
750.24975  50750.783
749.25075  52354.663
748.25175  51994.097
747.25275  49886.499
746.25375  47286.496
745.25475  45001.103
744.25574  43528.392
743.25674  42046.813
742.25774  40256.641
741.25874  38787.062
740.25974  37497.554
739.26074  35738.382
738.26174  34352.899
737.26274  32983.972
736.26374  32002.634
735.26474  31619.199
734.26573  31236.998
733.26673  30744.853
732.26773  30520.916
731.26873  30310.118
730.26973  30093.998
729.27073  29941.373
728.27173  30021.433
727.27273  30249.723
726.27373  30316.462
725.27473  30340.471
724.27572  30154.101
723.27672  29938.48
722.27772  29481.613
721.27872  29402.118
720.27972  29515.142
719.28072  29590.195
718.28172  29705.621
717.28272  29584.37
716.28372  29767.192
715.28472  29875.853
714.28571  29702.708
713.28671  29662.116
712.28771  29760.944
711.28871  29761.811
710.28971  29548.606
709.29071  29162.11
708.29171  28453.729
707.29271  28388.133
706.29371  28391.505
705.29471  28386.346
704.2957  28231.68
703.2967  28105.803
702.2977  28209.779
701.2987  28157.511
700.2997  27963.743
699.3007  27602.763
698.3017  27592.96
697.3027  27609.268
696.3037  27564.568
695.3047  27666.269
694.30569  27695.762
693.30669  27612.182
692.30769  27712.079
691.30869  27755.406
690.30969  27972.167
689.31069  27951.624
688.31169  28007.586
687.31269  27584.033
686.31369  27421.07
685.31469  27600.078
684.31568  27574.322
683.31668  27468.735
682.31768  27376.452
681.31868  27658.462
680.31968  27962.548
679.32068  27702.09
678.32168  27406.147
677.32268  27362.394
676.32368  27443.754
675.32468  27285.846
674.32567  27573.862
673.32667  27633.941
672.32767  27278.45
671.32867  27417.717
670.32967  27551.844
669.33067  27721.359
668.33167  27525.448
667.33267  27633.486
666.33367  27576.934
665.33467  27281.362
664.33566  27457.776
663.33666  27543.938
662.33766  26983.661
661.33866  27169.895
660.33966  27339.031
659.34066  27134.191
658.34166  27139.532
657.34266  26942.809
656.34366  26943.668
655.34466  27223.906
654.34565  26856.818
653.34665  26440.367
652.34765  26213.814
651.34865  26099.772
650.34965  26243.259
649.35065  26190.946
648.35165  26425.519
647.35265  26418.101
646.35365  26327.092
645.35465  26232.82
644.35564  26283.243
643.35664  26311.806
642.35764  26198.978
641.35864  26034.897
640.35964  26085.389
639.36064  26004.012
638.36164  26203.36
637.36264  26194.744
636.36364  25985.22
635.36464  25986.648
634.36563  26117.197
633.36663  26237.528
632.36763  26182.182
631.36863  26287
630.36963  26267.867
629.37063  26124.086
628.37163  26202.632
627.37263  26257.861
626.37363  26364.324
625.37463  26036.155
624.37562  26094.501
623.37662  26083.405
622.37762  26065.347
621.37862  26476.003
620.37962  26350.269
619.38062  26250.051
618.38162  26370.168
617.38262  26242.825
616.38362  26239
615.38462  26276.43
614.38561  26250.64
613.38661  26148.656
612.38761  26301.316
611.38861  26406.431
610.38961  26478.491
609.39061  26405.25
608.39161  26563.281
607.39261  26589.646
606.39361  26289.774
605.39461  26114.995
604.3956  26232.324
603.3966  26167.435
602.3976  25977.541
601.3986  26026.988
600.3996  25557.584
599.4006  25263.063
598.4016  24944.364
597.4026  24810.783
596.4036  24833.357
595.4046  24539.406
594.40559  24551.958
593.40659  24670.25
592.40759  24786.831
591.40859  24703.925
590.40959  24531.003
589.41059  24587.752
588.41159  24717.156
587.41259  24669.687
586.41359  24628.295
585.41459  24825.481
584.41558  24577.249
583.41658  24524.656
582.41758  24430.878
581.41858  24323.694
580.41958  24548.235
579.42058  24351.178
578.42158  24611.647
577.42258  24658.101
576.42358  24388.616
575.42458  24417.936
574.42557  24367.494
573.42657  24189.556
572.42757  23961.337
571.42857  23951.693
570.42957  23937.776
569.43057  23742.579
568.43157  23416.381
567.43257  23387.834
566.43357  23545.55
565.43457  23778.658
564.43556  24190.135
563.43656  24507.042
562.43756  24731.716
561.43856  25264.556
560.43956  25929.464
559.44056  26392.694
558.44156  26258.265
557.44256  25920.092
556.44356  25838.236
555.44456  25242.038
554.44555  24714.401
553.44655  24443.949
552.44755  23702.192
551.44855  23189.493
550.44955  23139.735
549.45055  22750.294
548.45155  22160.627
547.45255  21526.623
546.45355  20635.462
545.45455  19963.838
544.45554  19094.654
543.45654  18403.841
542.45754  17952.392
541.45854  17452.874
540.45954  17404.974
539.46054  17747.214
538.46154  19862.093
537.46254  25527.766
536.46354  37719.638
535.46454  51536.596
534.46553  55736.808
533.46653  46929.001
532.46753  33184.286
531.46853  23750.459
530.46953  19880.212
529.47053  18262.849
528.47153  17416.746
527.47253  17576.988
526.47353  18509.208
525.47453  19023.612
524.47552  18245.495
523.47652  16765.369
522.47752  15410.657
521.47852  14216.952
520.47952  13661.554
519.48052  13634.915
518.48152  13605.003
517.48252  13589.15
516.48352  13434.446
515.48452  13447.996
514.48551  13510.887
513.48651  13707.13
512.48751  13975.648
511.48851  14568.854
510.48951  15016.497
509.49051  14886.583
508.49151  14097.082
507.49251  13601.789
506.49351  13063.006
505.49451  12868.733
504.4955  12878.941
503.4965  12625.096
502.4975  12577.938
501.4985  12561.35
500.4995  12386.901
499.5005  12385.312
498.5015  12580.957
497.5025  12528.703
496.5035  12224.395
495.5045  12485.773
494.50549  12519.32
493.50649  12409.62
492.50749  12728.302
491.50849  12604.802
490.50949  12752.942
489.51049  12859.448
488.51149  12685.595
487.51249  12701.95
486.51349  12667.012
485.51449  12777.728
484.51548  12566.25
483.51648  12385.793
482.51748  12381.998
481.51848  12240.463
480.51948  12141.676
479.52048  11984.965
478.52148  11819.942
477.52248  11783.868
476.52348  11855.155
475.52448  12036.89
474.52547  11932.68
473.52647  11832.998
472.52747  11755.978
471.52847  11731.609
470.52947  11784.567
469.53047  11711.83
468.53147  11760.812
467.53247  11657.136
466.53347  11444.521
465.53447  11355.851
464.53546  11413.395
463.53646  11551.528
462.53746  11693.321
461.53846  11696.763
460.53946  11482.927
459.54046  11687.486
458.54146  11689.17
457.54246  11529.452
456.54346  11580.643
455.54446  11678.311
454.54545  11492.53
453.54645  11417.132
452.54745  11386.454
451.54845  11325.969
450.54945  11254.408
449.55045  11484.134
448.55145  11624.267
447.55245  11452.307
446.55345  11493.842
445.55445  11535.909
444.55544  11492.459
443.55644  11335.634
442.55744  11482.684
441.55844  11720.905
440.55944  11528.981
439.56044  11275.92
438.56144  11285.777
437.56244  11308.469
436.56344  11509.069
435.56444  11586.157
434.56543  11411.723
433.56643  11411.66
432.56743  11463.386
431.56843  11350.529
430.56943  11127.981
429.57043  11191.42
428.57143  11344.662
427.57243  11306.018
426.57343  11405.35
425.57443  11505.354
424.57542  11284.908
423.57642  11373.633
422.57742  11381.685
421.57842  11294.164
420.57942  11550.017
419.58042  11763.736
418.58142  11948.234
417.58242  11709.149
416.58342  11479.106
415.58442  11427.824
414.58541  11339.733
413.58641  11367.215
412.58741  11318.578
411.58841  11118.443
410.58941  10938.196
409.59041  10989.208
408.59141  10934.645
407.59241  11067.412
406.59341  11225.618
405.59441  11205.094
404.5954  11282.757
403.5964  11562.733
402.5974  11970.856
401.5984  12006.89
400.5994  11856.834
399.6004  11418.064
398.6014  10945.129
397.6024  10779.384
396.6034  10636.762
395.6044  10600.963
394.60539  10596.253
393.60639  10464.633
392.60739  10620.445
391.60839  10752.746
390.60939  10624.684
389.61039  10493.728
388.61139  10394.824
387.61239  10284.442
386.61339  10268.206
385.61439  10433.055
384.61538  10483.99
383.61638  10371.513
382.61738  10536.961
381.61838  10589.644
380.61938  10370.677
379.62038  10380.15
378.62138  10325.867
377.62238  10157.277
376.62338  10312.056
375.62438  10459.073
374.62537  10357.101
373.62637  10328.906
372.62737  10314.075
371.62837  10334.609
370.62937  10459.38
369.63037  10533.695
368.63137  10508.644
367.63237  10358.261
366.63337  10215.343
365.63437  10240.379
364.63536  10222.883
363.63636  10378.602
362.63736  10292.441
361.63836  10290.202
360.63936  10403.15
359.64036  10316.089
358.64136  10133.714
357.64236  10128.207
356.64336  10190.874
355.64436  10173.101
354.64535  10212.832
353.64635  10436.908
352.64735  10515.208
351.64835  10391.733
350.64935  10418.771
349.65035  10441.266
348.65135  10258.012
347.65235  10329.72
346.65335  10350.236
345.65435  10299.295
344.65534  10238.354
343.65634  10184.915
342.65734  10134.933
341.65834  10177.306
340.65934  10115.604
339.66034  10187.196
338.66134  10429.701
337.66234  10348.653
336.66334  10263.745
335.66434  10187.509
334.66533  10311.819
333.66633  10203.684
332.66733  10201.808
331.66833  10165.708
330.66933  10226.977
329.67033  10231.139
328.67133  10152.204
327.67233  10180.665
326.67333  10070.978
325.67433  10137.878
324.67532  10337.998
323.67632  10221.778
322.67732  10181.213
321.67832  10150.356
320.67932  10182.962
319.68032  10190.076
318.68132  10105.813
317.68232  10284.663
316.68332  10269.252
315.68432  10110.5
314.68531  10110.981
313.68631  10092.746
312.68731  10099.364
311.68831  10112.712
310.68931  10188.505
309.69031  10106.332
308.69131  10117.122
307.69231  10296.178
306.69331  10322.132
305.69431  10115.452
304.6953  10171.024
303.6963  10064.937
302.6973  9961.6884
301.6983  10009.38
300.6993  10011.031
299.7003  9986.8655
298.7013  9955.51
297.7023  9909.6743
296.7033  10012.348
295.7043  10036.566
294.70529  9853.2345
293.70629  9901.8937
292.70729  9976.7115
291.70829  10159.215
290.70929  10605.526
289.71029  11177.066
288.71129  11899.666
287.71229  12092.453
286.71329  11868.403
285.71429  11475.271
284.71528  11103.425
283.71628  10524.6
282.71728  10037.065
281.71828  9738.947
280.71928  9642.9552
279.72028  9785.3479
278.72128  9918.5276
277.72228  9862.704
276.72328  9706.6571
275.72428  9702.0714
274.72527  9707.1023
273.72627  9669.8965
272.72727  9658.8209
271.72827  9612.2869
270.72927  9788.867
269.73027  9701.2572
268.73127  9980.9885
267.73227  10300.144
266.73327  10047.442
265.73427  9820.4215
264.73526  9639.1111
263.73626  9592.9364
262.73726  9410.9319
261.73826  9410.7288
260.73926  9486.6011
259.74026  9468.0317
258.74126  9495.394
257.74226  9500.2617
256.74326  9494.589
255.74426  9578.7742
254.74525  9586.0737
253.74625  9666.245
252.74725  9653.806
251.74825  9355.2411
250.74925  9207.0963
249.75025  9236.8641
248.75125  9351.1883
247.75225  9348.6988
246.75325  9145.8215
245.75425  9002.6125
244.75524  9021.2686
243.75624  9089.2189
242.75724  9147.6539
241.75824  9359.8552
240.75924  9647.5532
239.76024  10270.173
238.76124  10675.09
237.76224  10732.682
236.76324  11085.1
235.76424  11150.812
234.76523  10341.68
233.76623  9517.3144
232.76723  9032.8216
231.76823  8768.212
230.76923  8593.5343
229.77023  8693.8701
228.77123  8861.0773
227.77223  8794.3879
226.77323  8781.9377
225.77423  8857.6615
224.77522  8592.9277
223.77622  8486.5516
222.77722  8389.1554
221.77822  8346.1879
220.77922  8213.8412
219.78022  8294.0243
218.78122  8429.3945
217.78222  8507.7095
216.78322  8442.9253
215.78422  8296.9705
214.78521  8375.2254
213.78621  8316.7648
212.78721  8388.3833
211.78821  8413.649
210.78921  8390.5226
209.79021  8398.8525
208.79121  8566.6762
207.79221  8452.9949
206.79321  8361.1649
205.79421  8352.707
204.7952  8491.4467
203.7962  8350.199
202.7972  8462.1595
201.7982  8475.6878
200.7992  8323.1677
199.8002  8377.7741
198.8012  8324.548
197.8022  8403.5037
196.8032  8579.7818
195.8042  8573.8123
194.80519  8453.7318
193.80619  8421.8853
192.80719  8363.9604
191.80819  8380.9724
190.80919  8475.4105
189.81019  8341.2298
188.81119  8190.2833
187.81219  8390.7131
186.81319  8419.0345
185.81419  8277.8866
184.81518  8299.6233
183.81618  8437.4871
182.81718  8463.275
181.81818  8324.6547
180.81918  8566.7703
179.82018  8632.6761
178.82118  8466.1652
177.82218  8473.8564
176.82318  8539.4231
175.82418  8487.8314
174.82517  8432.4046
173.82617  8448.8918
172.82717  8434.1499
171.82817  8460.8839
170.82917  8413.2383
169.83017  8333.9301
168.83117  8281.9074
167.83217  8140.6517
166.83317  8178.9934
165.83417  8282.1478
164.83516  8259.5084
163.83616  8107.5027
162.83716  7999.7615
161.83816  8038.2914
160.83916  8236.3405
159.84016  8597.8401
158.84116  9115.2135
157.84216  9916.6112
156.84316  10345.873
155.84416  9766.3252
154.84515  9055.0404
153.84615  8540.7338
152.84715  8309.7617
151.84815  8206.487
150.84915  8107.5694
149.85015  8271.1526
148.85115  8448.6528
147.85215  8404.7711
146.85315  8461.3839
145.85415  8335.1581
144.85514  8080.5119
143.85614  8053.3958
142.85714  8099.4632
141.85814  7998.3198
140.85914  7898.2205
139.86014  8015.1352
138.86114  8097.0206
137.86214  8068.2284
136.86314  7828.0641
135.86414  7770.1858
134.86513  7832.6342
133.86613  7783.9124
132.86713  7750.6774
131.86813  7720.9447
130.86913  7606.9816
129.87013  7515.2753
128.87113  7616.2288
127.87213  7717.5269
126.87313  7764.0705
125.87413  8032.3242
124.87512  8702.8384
123.87612  10018.384
122.87712  11093.036
121.87812  10938.613
120.87912  9865.9933
119.88012  8494.3439
118.88112  7755.248
117.88212  7494.4001
116.88312  7307.7763
115.88412  7314.6302
114.88511  7414.1192
113.88611  7631.7532
112.88711  7607.5889
111.88811  7427.9674
110.88911  7184.9283
109.89011  7165.7723
108.89111  7374.2771
107.89211  8066.8778
106.89311  9210.8859
105.89411  9957.7804
104.8951  9353.3885
103.8961  8073.9073
102.8971  7333.0717
101.8981  7114.6444
100.8991  7207.3076
99.9001  7149.7792
98.901099  6981.6974
97.902098  7068.5955
96.903097  7154.646
95.904096  7223.3096
94.905095  7050.1478
93.906094  6981.5052
92.907093  6903.0496
91.908092  6687.0793
90.909091  6529.8883
89.91009  6518.7446
88.911089  6463.4502
87.912088  6381.8818
86.913087  6224.6236
85.914086  6128.1565
84.915085  6110.132
83.916084  6234.1244
82.917083  6234.1182
81.918082  6254.6731
80.919081  6502.3582
79.92008  7209.8819
78.921079  8642.1531
77.922078  10052.499
76.923077  9813.6987
75.924076  8231.5837
74.925075  6867.2863
73.926074  6204.4791
72.927073  5955.0225
71.928072  5988.3971
70.929071  6131.4522
69.93007  6212.058
68.931069  6115.1059
67.932068  6129.4245
66.933067  6132.5283
65.934066  5991.2897
64.935065  5808.4892
63.936064  5638.9075
62.937063  5639.8798
61.938062  5692.0997
60.939061  5794.4105
59.94006  5706.674
58.941059  5555.3252
57.942058  5590.8651
56.943057  5864.7174
55.944056  5770.4647
54.945055  5763.0751
53.946054  5856.6034
52.947053  5776.7166
51.948052  5495.5465
50.949051  5444.0731
49.95005  5337.5611
48.951049  5298.1761
47.952048  5260.5578
46.953047  5285.6042
45.954046  5312.0409
44.955045  5363.3311
43.956044  5530.1397
42.957043  5434.3713
41.958042  5383.9327
40.959041  5237.5374
39.96004  5151.1168
38.961039  5157.5286
37.962038  5024.2495
36.963037  5148.0332
35.964036  5077.7004
34.965035  5008.6267
33.966034  5083.5202
32.967033  5173.0572
31.968032  5167.2872
30.969031  5273.495
29.97003  5458.2284
28.971029  5727.1088
27.972028  5913.2461
26.973027  5940.7585
25.974026  5838.3249
24.975025  5505.2545
23.976024  5070.2691
22.977023  4782.0358
21.978022  4818.3659
20.979021  4843.6323
19.98002  4723.5788
18.981019  4684.9447
17.982018  4749.4639
16.983017  4824.7322
15.984016  4811.0805
14.985015  4777.7497
13.986014  4789.1499
12.987013  4901.99
11.988012  4954.1436
10.989011  4921.5622
9.99001  4942.362
8.991009  4960.4651
7.992008  4746.3459
6.993007  4595.6825
5.994006  4568.551
4.995005  4461.3355
3.996004  4512.5495
2.997003  4456.2232
1.998002  4307.5811
0.999001  4348.3663
0  4298.8855

# Region:                       Mo 3d Hi Res
# Spectrum ID:                  5
# Acquisition Date:             04/22/26 18:47:23 UTC
# Analysis Method:              XPS
# Analyzer:                     PHOIBOS MCD5 Analyzer
# Analyzer Lens:                LargeArea:1.5kV
# Analyzer Slit:                5:7x20\B:open
# Scan Mode:                    FixedAnalyzerTransmission
# Curves/Scan:                  1
# Values/Curve:                 421
# Dwell Time:                   0.1
# Excitation Energy:            1253.64
# Binding Energy:               257
# Pass Energy:                  10
# Bias Voltage:                 90
# Detector Voltage:             3000
# Eff. Workfunction:            4.543
# Source:                       X-Ray Dummy
# Comment:                      
#
# Cycle: 0
# Number of Scans: 20
#
# Cycle: 0, Curve: 0
# Acquisition Date:             04/22/26 18:47:23 UTC
#
# ColumnLabels:                 energy counts/s
#
257  529.63009
256.9  549.4232
256.8  494.4293
256.7  505.94472
256.6  504.72714
256.5  513.31892
256.4  523.27195
256.3  525.41811
256.2  528.62018
256.1  505.80007
256  513.41352
255.9  512.53915
255.8  539.21457
255.7  531.88943
255.6  524.29114
255.5  535.80032
255.4  546.99051
255.3  533.42525
255.2  554.20087
255.1  529.3479
255  507.97901
254.9  537.18107
254.8  520.55584
254.7  545.30261
254.6  529.32035
254.5  531.89997
254.4  547.02903
254.3  520.38529
254.2  517.19576
254.1  537.65557
254  527.04532
253.9  545.55217
253.8  548.69567
253.7  536.09205
253.6  520.62278
253.5  544.99362
253.4  537.00034
253.3  526.13109
253.2  547.05446
253.1  532.01476
253  507.23581
252.9  546.15384
252.8  514.10138
252.7  528.87575
252.6  516.35329
252.5  514.74632
252.4  532.99182
252.3  534.20916
252.2  517.72116
252.1  553.2938
252  535.68827
251.9  539.58754
251.8  520.21407
251.7  510.51968
251.6  529.8132
251.5  518.58834
251.4  514.3205
251.3  512.07273
251.2  502.55384
251.1  510.66928
251  524.31781
250.9  523.13066
250.8  510.55912
250.7  545.7308
250.6  515.00314
250.5  503.9419
250.4  521.55045
250.3  544.23481
250.2  541.38928
250.1  501.79999
250  504.34649
249.9  510.29505
249.8  532.16643
249.7  512.79094
249.6  521.27763
249.5  512.74806
249.4  527.70215
249.3  507.89573
249.2  522.73929
249.1  525.12094
249  527.87135
248.9  515.09862
248.8  505.79331
248.7  517.51661
248.6  537.66298
248.5  531.66758
248.4  507.40972
248.3  528.00176
248.2  530.7364
248.1  530.0094
248  524.0037
247.9  526.04148
247.8  513.9157
247.7  522.97616
247.6  504.79946
247.5  500.3238
247.4  484.1964
247.3  497.9527
247.2  505.58553
247.1  518.19839
247  500.21236
246.9  513.70877
246.8  515.01069
246.7  500.22268
246.6  495.78933
246.5  496.49671
246.4  483.59254
246.3  484.00077
246.2  483.63345
246.1  510.88739
246  515.64836
245.9  497.66719
245.8  501.39003
245.7  504.63938
245.6  508.90424
245.5  505.61418
245.4  510.40915
245.3  497.37214
245.2  517.48535
245.1  499.28886
245  488.88532
244.9  509.27604
244.8  482.3761
244.7  492.85947
244.6  492.24135
244.5  500.86486
244.4  490.10085
244.3  507.64957
244.2  514.71751
244.1  508.57131
244  501.3462
243.9  528.12531
243.8  499.03928
243.7  513.38921
243.6  503.27758
243.5  493.36345
243.4  498.91082
243.3  510.38714
243.2  469.68779
243.1  510.09414
243  502.89463
242.9  500.73757
242.8  500.18181
242.7  530.22923
242.6  532.23586
242.5  493.92835
242.4  503.66135
242.3  498.0526
242.2  507.22147
242.1  513.8573
242  508.19424
241.9  506.66442
241.8  524.21002
241.7  510.858
241.6  488.58667
241.5  511.7308
241.4  493.09616
241.3  485.47104
241.2  518.07093
241.1  495.90001
241  518.31109
240.9  517.1307
240.8  525.89035
240.7  501.4886
240.6  541.12279
240.5  526.07589
240.4  562.03431
240.3  537.44576
240.2  556.48375
240.1  559.07206
240  585.13347
239.9  566.20913
239.8  558.6157
239.7  593.63826
239.6  605.24181
239.5  583.20801
239.4  595.25083
239.3  595.9152
239.2  585.89801
239.1  598.50547
239  597.53461
238.9  570.36833
238.8  592.30739
238.7  558.02828
238.6  547.41507
238.5  566.51262
238.4  583.94756
238.3  548.12243
238.2  557.45409
238.1  571.62563
238  552.11538
237.9  556.35135
237.8  558.60527
237.7  545.79474
237.6  568.31127
237.5  522.90229
237.4  558.14504
237.3  589.37309
237.2  591.30274
237.1  575.86344
237  581.7638
236.9  579.45411
236.8  584.27466
236.7  625.11397
236.6  621.14829
236.5  620.62173
236.4  633.31795
236.3  645.99522
236.2  649.76576
236.1  645.58396
236  621.10668
235.9  616.12695
235.8  620.55696
235.7  608.55039
235.6  600.11574
235.5  618.37654
235.4  623.22769
235.3  592.43059
235.2  593.3363
235.1  605.1795
235  579.93441
234.9  558.17616
234.8  552.3278
234.7  544.53945
234.6  549.5961
234.5  547.43204
234.4  502.79032
234.3  527.45189
234.2  529.05819
234.1  544.32704
234  540.96681
233.9  538.14662
233.8  487.91139
233.7  497.87275
233.6  503.21767
233.5  503.70879
233.4  504.89702
233.3  470.04293
233.2  505.86058
233.1  494.56924
233  474.16302
232.9  513.89502
232.8  510.9551
232.7  489.34349
232.6  494.41033
232.5  482.55427
232.4  470.63675
232.3  474.05698
232.2  490.46906
232.1  499.95224
232  475.56111
231.9  520.25791
231.8  488.37472
231.7  497.73013
231.6  483.99087
231.5  483.21011
231.4  468.54358
231.3  470.41081
231.2  478.78294
231.1  497.09506
231  500.53248
230.9  483.94374
230.8  487.08356
230.7  465.30099
230.6  478.30822
230.5  477.19219
230.4  485.50476
230.3  485.98242
230.2  495.62319
230.1  479.61073
230  500.79505
229.9  482.68049
229.8  484.42177
229.7  493.54656
229.6  488.71217
229.5  481.27425
229.4  486.77714
229.3  478.92115
229.2  462.46404
229.1  469.4626
229  494.807
228.9  486.64093
228.8  492.56304
228.7  477.97281
228.6  501.04643
228.5  489.25244
228.4  478.51909
228.3  502.18928
228.2  494.45288
228.1  498.82826
228  491.18854
227.9  513.01103
227.8  485.75919
227.7  492.82323
227.6  504.17399
227.5  503.7569
227.4  475.43343
227.3  490.31759
227.2  492.51818
227.1  488.41523
227  501.56101
226.9  498.24261
226.8  518.54618
226.7  488.78148
226.6  478.74986
226.5  484.16008
226.4  476.78836
226.3  490.06214
226.2  497.37409
226.1  481.00538
226  488.0461
225.9  463.94656
225.8  495.36994
225.7  489.55085
225.6  493.84603
225.5  499.82842
225.4  471.90665
225.3  497.80634
225.2  480.62979
225.1  498.13144
225  479.0571
224.9  471.74921
224.8  477.21238
224.7  486.13738
224.6  476.96204
224.5  473.27358
224.4  492.15844
224.3  492.49161
224.2  458.55115
224.1  479.03952
224  476.87525
223.9  472.94391
223.8  474.71688
223.7  491.68457
223.6  473.97941
223.5  492.60062
223.4  485.44804
223.3  466.77864
223.2  441.30549
223.1  471.87731
223  461.99494
222.9  488.41856
222.8  491.65458
222.7  477.20783
222.6  467.5002
222.5  473.4446
222.4  457.01279
222.3  480.82823
222.2  473.85509
222.1  493.6214
222  461.40353
221.9  489.42694
221.8  479.7277
221.7  472.98247
221.6  469.28964
221.5  476.99398
221.4  497.82818
221.3  474.13739
221.2  474.39755
221.1  497.60247
221  465.91212
220.9  471.31817
220.8  461.19439
220.7  477.08566
220.6  464.7306
220.5  484.36364
220.4  480.28892
220.3  480.14128
220.2  468.0278
220.1  495.35014
220  487.23625
219.9  483.5789
219.8  507.05749
219.7  492.85561
219.6  494.1776
219.5  490.01463
219.4  457.43763
219.3  468.8384
219.2  470.13768
219.1  457.56698
219  476.10735
218.9  472.56462
218.8  462.63339
218.7  456.63898
218.6  452.5371
218.5  467.75719
218.4  438.188
218.3  481.95716
218.2  469.5462
218.1  479.40343
218  488.53498
217.9  480.47944
217.8  476.97784
217.7  477.3971
217.6  466.87094
217.5  472.22984
217.4  475.89465
217.3  505.51174
217.2  483.17842
217.1  478.17588
217  455.35789
216.9  450.44634
216.8  465.01848
216.7  448.12221
216.6  433.51628
216.5  458.39373
216.4  471.30727
216.3  467.85745
216.2  466.16672
216.1  489.11828
216  464.52947
215.9  488.86715
215.8  465.20145
215.7  449.87976
215.6  456.64959
215.5  475.45636
215.4  478.46678
215.3  470.19456
215.2  478.27874
215.1  476.78478
215  467.47805

# Operation:                    Multi Peak Fit
# Parameter: "Peak Function" = Voigt
# Parameter: "Background Function" = Tougaard 2
# Parameter: "Baseline" = Constant
# Parameter: "LM Parameters/Max Iterations" = 200
# Parameter: "LM Parameters/Tolerance" = 2.2204459999999999e-16
# Parameter: "Baseline/BL_I/Value" = nan counts
# Parameter: "Peak 1/C/Value" = nan eV
# Parameter: "Peak 1/A/Value" = nan counts eV
# Parameter: "Peak 1/FL/Value" = nan eV
# Parameter: "Peak 1/FG/Value" = nan eV
# Parameter: "Peak 1/a/Value" = 0
# Parameter: "Peak 1/a/Constraint" = Fixed: 0
# Parameter: "Peak 1/TB/Value" = nan eV^2
# Parameter: "Peak 1/TC/Value" = 1643 eV^2
# Parameter: "Peak 1/TC/Constraint" = Fixed: 1643
# Parameter: "Peak 2/C/Value" = nan eV
# Parameter: "Peak 2/A/Value" = nan counts eV
# Parameter: "Peak 2/FL/Value" = nan eV
# Parameter: "Peak 2/FG/Value" = nan eV
# Parameter: "Peak 2/a/Value" = 0
# Parameter: "Peak 2/a/Constraint" = Fixed: 0
# Parameter: "Peak 2/TB/Value" = nan eV^2
# Parameter: "Peak 2/TC/Value" = 1643 eV^2
# Parameter: "Peak 2/TC/Constraint" = Fixed: 1643
#
# Result:
# Number of Results:            5
# Parameter: "Baseline/BL_I/Value" = 953.02694412416577 counts +- 2.8638828894252506
# Parameter: "Peak 1/C/Value" = 1017.5751453863987 eV +- 0.056868245667819894
# Parameter: "Peak 1/C/Constraint" = Restricted: 996.64 .. 1038.64
# Parameter: "Peak 1/Relative Area/Value" = 73.517216564746889 %
# Parameter: "Peak 1/A/Value" = 1178.7715763437911 counts eV +- 104.79943636528952
# Parameter: "Peak 1/FL/Value" = 2.186970286317004 eV +- 0.44832282103886617
# Parameter: "Peak 1/FG/Value" = 0.97917982740239817 eV +- 0.65447435245256413
# Parameter: "Peak 1/F/Value" = 2.581508417934665 eV
# Parameter: "Peak 1/a/Value" = 0 +- 0
# Parameter: "Peak 1/a/Constraint" = Fixed: 0
# Parameter: "Peak 1/TB/Value" = 11393.489111893456 eV^2 +- 9245.8405518399904
# Parameter: "Peak 1/TC/Value" = 1643 eV^2 +- 0
# Parameter: "Peak 1/TC/Constraint" = Fixed: 1643
# Parameter: "Peak 2/C/Value" = 1014.2664158405847 eV +- 0.066008994595128823
# Parameter: "Peak 2/C/Constraint" = Restricted: 996.64 .. 1038.64
# Parameter: "Peak 2/Relative Area/Value" = 26.482783435253108 %
# Parameter: "Peak 2/A/Value" = 424.62369815717216 counts eV +- 140.72111689240705
# Parameter: "Peak 2/FL/Value" = 0.64075671164705017 eV +- 1.1217281991690409
# Parameter: "Peak 2/FG/Value" = 1.5446224641427797 eV +- 0.73532511075874152
# Parameter: "Peak 2/F/Value" = 1.9156940529720066 eV
# Parameter: "Peak 2/a/Value" = 0 +- 0
# Parameter: "Peak 2/a/Constraint" = Fixed: 0
# Parameter: "Peak 2/TB/Value" = 10462.052489979211 eV^2 +- 31606.864103537042
# Parameter: "Peak 2/TC/Value" = 1643 eV^2 +- 0
# Parameter: "Peak 2/TC/Constraint" = Fixed: 1643
# Parameter: "Fit Result/ChiSquare" = 325.9464340259226
# Parameter: "Fit Result/Reduced ChiSquare" = 0.79693504651814817
# Parameter: "Fit Result/Abbe Factor" = 0.76376745572242388
# Parameter: "Fit Result/Q-Probability" = 0.99904507080227123
# Parameter: "Termination State" = ConvergedInParameter
#
# Result Name:                  Background
# Number of Curves:             1
#
# Curve:                        0
# Values/Curve:                 440
#
257  533.28481
256.90433  533.04784
256.80866  532.81086
256.71298  532.57387
256.61731  532.33687
256.52164  532.09984
256.42597  531.86277
256.3303  531.62567
256.23462  531.38853
256.13895  531.15133
256.04328  530.91408
255.94761  530.67675
255.85194  530.43936
255.75626  530.20189
255.66059  529.96433
255.56492  529.72669
255.46925  529.48894
255.37358  529.25109
255.2779  529.01313
255.18223  528.77505
255.08656  528.53685
254.99089  528.29852
254.89522  528.06005
254.79954  527.82144
254.70387  527.58268
254.6082  527.34376
254.51253  527.10468
254.41686  526.86544
254.32118  526.62602
254.22551  526.38642
254.12984  526.14664
254.03417  525.90666
253.9385  525.66649
253.84282  525.42612
253.74715  525.18553
253.65148  524.94473
253.55581  524.70371
253.46014  524.46247
253.36446  524.22099
253.26879  523.97927
253.17312  523.73731
253.07745  523.49511
252.98178  523.25265
252.8861  523.00993
252.79043  522.76695
252.69476  522.5237
252.59909  522.28017
252.50342  522.03636
252.40774  521.79227
252.31207  521.54789
252.2164  521.30322
252.12073  521.05825
252.02506  520.81297
251.92938  520.56738
251.83371  520.32149
251.73804  520.07527
251.64237  519.82873
251.5467  519.58187
251.45103  519.33468
251.35535  519.08715
251.25968  518.83928
251.16401  518.59108
251.06834  518.34252
250.97267  518.09361
250.87699  517.84435
250.78132  517.59474
250.68565  517.34476
250.58998  517.09442
250.49431  516.8437
250.39863  516.59262
250.30296  516.34116
250.20729  516.08933
250.11162  515.83711
250.01595  515.58451
249.92027  515.33153
249.8246  515.07815
249.72893  514.82438
249.63326  514.57022
249.53759  514.31567
249.44191  514.06071
249.34624  513.80535
249.25057  513.54959
249.1549  513.29342
249.05923  513.03685
248.96355  512.77987
248.86788  512.52248
248.77221  512.26468
248.67654  512.00646
248.58087  511.74783
248.48519  511.48879
248.38952  511.22932
248.29385  510.96944
248.19818  510.70915
248.10251  510.44843
248.00683  510.1873
247.91116  509.92574
247.81549  509.66377
247.71982  509.40137
247.62415  509.13856
247.52847  508.87532
247.4328  508.61167
247.33713  508.3476
247.24146  508.0831
247.14579  507.81819
247.05011  507.55287
246.95444  507.28713
246.85877  507.02097
246.7631  506.7544
246.66743  506.48742
246.57175  506.22003
246.47608  505.95223
246.38041  505.68402
246.28474  505.41541
246.18907  505.1464
246.09339  504.87698
245.99772  504.60717
245.90205  504.33697
245.80638  504.06637
245.71071  503.79539
245.61503  503.52402
245.51936  503.25227
245.42369  502.98014
245.32802  502.70764
245.23235  502.43477
245.13667  502.16154
245.041  501.88794
244.94533  501.61398
244.84966  501.33968
244.75399  501.06503
244.65831  500.79004
244.56264  500.51471
244.46697  500.23906
244.3713  499.96308
244.27563  499.68678
244.17995  499.41018
244.08428  499.13327
243.98861  498.85606
243.89294  498.57857
243.79727  498.3008
243.70159  498.02276
243.60592  497.74445
243.51025  497.46589
243.41458  497.18708
243.31891  496.90803
243.22323  496.62877
243.12756  496.34928
243.03189  496.0696
242.93622  495.78972
242.84055  495.50966
242.74487  495.22944
242.6492  494.94907
242.55353  494.66856
242.45786  494.38792
242.36219  494.10718
242.26651  493.82636
242.17084  493.54546
242.07517  493.26452
241.9795  492.98355
241.88383  492.70258
241.78815  492.42164
241.69248  492.14075
241.59681  491.85996
241.50114  491.5793
241.40547  491.29881
241.30979  491.01855
241.21412  490.73858
241.11845  490.45896
241.02278  490.17979
240.92711  489.90115
240.83144  489.62316
240.73576  489.34594
240.64009  489.06965
240.54442  488.79445
240.44875  488.52053
240.35308  488.24809
240.2574  487.97736
240.16173  487.70858
240.06606  487.44199
239.97039  487.17784
239.87472  486.91639
239.77904  486.65786
239.68337  486.40248
239.5877  486.15042
239.49203  485.90186
239.39636  485.6569
239.30068  485.41563
239.20501  485.17806
239.10934  484.9442
239.01367  484.71398
238.918  484.48732
238.82232  484.2641
238.72665  484.0442
238.63098  483.82745
238.53531  483.61371
238.43964  483.40285
238.34396  483.19471
238.24829  482.9892
238.15262  482.78623
238.05695  482.58572
237.96128  482.38765
237.8656  482.19202
237.76993  481.99886
237.67426  481.80823
237.57859  481.62023
237.48292  481.43498
237.38724  481.25263
237.29157  481.07337
237.1959  480.89741
237.10023  480.72496
237.00456  480.55629
236.90888  480.39166
236.81321  480.23134
236.71754  480.07561
236.62187  479.92474
236.5262  479.779
236.43052  479.63861
236.33485  479.5038
236.23918  479.37472
236.14351  479.2515
236.04784  479.13421
235.95216  479.02287
235.85649  478.91744
235.76082  478.81781
235.66515  478.72385
235.56948  478.63537
235.4738  478.55214
235.37813  478.4739
235.28246  478.40038
235.18679  478.33129
235.09112  478.26634
234.99544  478.20525
234.89977  478.14772
234.8041  478.09349
234.70843  478.04231
234.61276  477.99394
234.51708  477.94816
234.42141  477.90476
234.32574  477.86356
234.23007  477.82439
234.1344  477.78709
234.03872  477.75152
233.94305  477.71756
233.84738  477.6851
233.75171  477.65401
233.65604  477.62422
233.56036  477.59563
233.46469  477.56817
233.36902  477.54176
233.27335  477.51634
233.17768  477.49184
233.082  477.46822
232.98633  477.44542
232.89066  477.4234
232.79499  477.40211
232.69932  477.38151
232.60364  477.36157
232.50797  477.34226
232.4123  477.32353
232.31663  477.30537
232.22096  477.28775
232.12528  477.27064
232.02961  477.25402
231.93394  477.23786
231.83827  477.22215
231.7426  477.20687
231.64692  477.19199
231.55125  477.1775
231.45558  477.16339
231.35991  477.14965
231.26424  477.13624
231.16856  477.12317
231.07289  477.11042
230.97722  477.09798
230.88155  477.08584
230.78588  477.07398
230.69021  477.0624
230.59453  477.05109
230.49886  477.04004
230.40319  477.02923
230.30752  477.01867
230.21185  477.00834
230.11617  476.99823
230.0205  476.98834
229.92483  476.97867
229.82916  476.9692
229.73349  476.95993
229.63781  476.95086
229.54214  476.94197
229.44647  476.93326
229.3508  476.92474
229.25513  476.91638
229.15945  476.90819
229.06378  476.90017
228.96811  476.8923
228.87244  476.88459
228.77677  476.87702
228.68109  476.86961
228.58542  476.86234
228.48975  476.8552
228.39408  476.84821
228.29841  476.84134
228.20273  476.8346
228.10706  476.82799
228.01139  476.82151
227.91572  476.81514
227.82005  476.80889
227.72437  476.80276
227.6287  476.79673
227.53303  476.79082
227.43736  476.78502
227.34169  476.77932
227.24601  476.77372
227.15034  476.76822
227.05467  476.76282
226.959  476.75752
226.86333  476.75231
226.76765  476.7472
226.67198  476.74217
226.57631  476.73724
226.48064  476.73239
226.38497  476.72762
226.28929  476.72294
226.19362  476.71834
226.09795  476.71383
226.00228  476.70939
225.90661  476.70503
225.81093  476.70074
225.71526  476.69653
225.61959  476.6924
225.52392  476.68833
225.42825  476.68434
225.33257  476.68041
225.2369  476.67656
225.14123  476.67277
225.04556  476.66905
224.94989  476.66539
224.85421  476.66179
224.75854  476.65826
224.66287  476.6548
224.5672  476.65139
224.47153  476.64804
224.37585  476.64475
224.28018  476.64152
224.18451  476.63834
224.08884  476.63523
223.99317  476.63216
223.89749  476.62915
223.80182  476.6262
223.70615  476.6233
223.61048  476.62045
223.51481  476.61765
223.41913  476.6149
223.32346  476.6122
223.22779  476.60955
223.13212  476.60695
223.03645  476.6044
222.94077  476.6019
222.8451  476.59944
222.74943  476.59702
222.65376  476.59466
222.55809  476.59233
222.46241  476.59005
222.36674  476.58782
222.27107  476.58562
222.1754  476.58347
222.07973  476.58136
221.98405  476.5793
221.88838  476.57727
221.79271  476.57528
221.69704  476.57333
221.60137  476.57143
221.50569  476.56956
221.41002  476.56772
221.31435  476.56593
221.21868  476.56417
221.12301  476.56246
221.02733  476.56077
220.93166  476.55913
220.83599  476.55751
220.74032  476.55594
220.64465  476.5544
220.54897  476.55289
220.4533  476.55142
220.35763  476.54998
220.26196  476.54857
220.16629  476.5472
220.07062  476.54585
219.97494  476.54454
219.87927  476.54327
219.7836  476.54202
219.68793  476.54081
219.59226  476.53962
219.49658  476.53847
219.40091  476.53734
219.30524  476.53625
219.20957  476.53519
219.1139  476.53415
219.01822  476.53314
218.92255  476.53216
218.82688  476.53121
218.73121  476.53029
218.63554  476.5294
218.53986  476.52853
218.44419  476.52769
218.34852  476.52688
218.25285  476.52609
218.15718  476.52533
218.0615  476.5246
217.96583  476.52389
217.87016  476.52321
217.77449  476.52255
217.67882  476.52192
217.58314  476.52131
217.48747  476.52073
217.3918  476.52017
217.29613  476.51963
217.20046  476.51912
217.10478  476.51863
217.00911  476.51817
216.91344  476.51773
216.81777  476.51731
216.7221  476.51692
216.62642  476.51655
216.53075  476.5162
216.43508  476.51587
216.33941  476.51556
216.24374  476.51528
216.14806  476.51501
216.05239  476.51477
215.95672  476.51455
215.86105  476.51435
215.76538  476.51418
215.6697  476.51402
215.57403  476.51388
215.47836  476.51376
215.38269  476.51367
215.28702  476.51359
215.19134  476.51353
215.09567  476.51349
215  476.51347

# Result Name:                  Combined
# Number of Curves:             1
#
# Curve:                        0
# Values/Curve:                 440
#
257  533.82211
256.90433  533.5902
256.80866  533.35836
256.71298  533.12658
256.61731  532.89486
256.52164  532.66319
256.42597  532.43157
256.3303  532.19998
256.23462  531.96844
256.13895  531.73692
256.04328  531.50543
255.94761  531.27396
255.85194  531.0425
255.75626  530.81106
255.66059  530.57963
255.56492  530.34819
255.46925  530.11675
255.37358  529.88531
255.2779  529.65385
255.18223  529.42238
255.08656  529.19088
254.99089  528.95936
254.89522  528.72781
254.79954  528.49623
254.70387  528.26462
254.6082  528.03296
254.51253  527.80126
254.41686  527.5695
254.32118  527.3377
254.22551  527.10585
254.12984  526.87393
254.03417  526.64196
253.9385  526.40992
253.84282  526.17781
253.74715  525.94564
253.65148  525.71339
253.55581  525.48107
253.46014  525.24867
253.36446  525.0162
253.26879  524.78364
253.17312  524.551
253.07745  524.31828
252.98178  524.08547
252.8861  523.85257
252.79043  523.61958
252.69476  523.38651
252.59909  523.15335
252.50342  522.92009
252.40774  522.68675
252.31207  522.45331
252.2164  522.21979
252.12073  521.98617
252.02506  521.75247
251.92938  521.51867
251.83371  521.28479
251.73804  521.05083
251.64237  520.81677
251.5467  520.58264
251.45103  520.34842
251.35535  520.11413
251.25968  519.87976
251.16401  519.64532
251.06834  519.41082
250.97267  519.17624
250.87699  518.94161
250.78132  518.70692
250.68565  518.47218
250.58998  518.23739
250.49431  518.00257
250.39863  517.76771
250.30296  517.53282
250.20729  517.29791
250.11162  517.06299
250.01595  516.82806
249.92027  516.59314
249.8246  516.35823
249.72893  516.12334
249.63326  515.88849
249.53759  515.65367
249.44191  515.41892
249.34624  515.18423
249.25057  514.94962
249.1549  514.7151
249.05923  514.48069
248.96355  514.2464
248.86788  514.01225
248.77221  513.77826
248.67654  513.54444
248.58087  513.31081
248.48519  513.07739
248.38952  512.8442
248.29385  512.61126
248.19818  512.3786
248.10251  512.14624
248.00683  511.91421
247.91116  511.68252
247.81549  511.45122
247.71982  511.22033
247.62415  510.98987
247.52847  510.75989
247.4328  510.53042
247.33713  510.30149
247.24146  510.07315
247.14579  509.84542
247.05011  509.61837
246.95444  509.39202
246.85877  509.16643
246.7631  508.94165
246.66743  508.71773
246.57175  508.49473
246.47608  508.27271
246.38041  508.05173
246.28474  507.83185
246.18907  507.61315
246.09339  507.3957
245.99772  507.17959
245.90205  506.96489
245.80638  506.75169
245.71071  506.5401
245.61503  506.33021
245.51936  506.12214
245.42369  505.91599
245.32802  505.7119
245.23235  505.50999
245.13667  505.31041
245.041  505.11332
244.94533  504.91887
244.84966  504.72725
244.75399  504.53865
244.65831  504.35327
244.56264  504.17134
244.46697  503.9931
244.3713  503.81881
244.27563  503.64877
244.17995  503.48329
244.08428  503.32272
243.98861  503.16743
243.89294  503.01784
243.79727  502.87442
243.70159  502.73767
243.60592  502.60817
243.51025  502.48655
243.41458  502.37354
243.31891  502.26993
243.22323  502.17666
243.12756  502.09476
243.03189  502.02544
242.93622  501.9701
242.84055  501.93037
242.74487  501.90817
242.6492  501.90578
242.55353  501.92595
242.45786  501.972
242.36219  502.04801
242.26651  502.15901
242.17084  502.31127
242.07517  502.51264
241.9795  502.77298
241.88383  503.10467
241.78815  503.52322
241.69248  504.04793
241.59681  504.7026
241.50114  505.51615
241.40547  506.52315
241.30979  507.76402
241.21412  509.28477
241.11845  511.13613
241.02278  513.37171
240.92711  516.04525
240.83144  519.20671
240.73576  522.8972
240.64009  527.14315
240.54442  531.94984
240.44875  537.29512
240.35308  543.12388
240.2574  549.34434
240.16173  555.82679
240.06606  562.40572
239.97039  568.88562
239.87472  575.05051
239.77904  580.67675
239.68337  585.54823
239.5877  589.47241
239.49203  592.29572
239.39636  593.91655
239.30068  594.29431
239.20501  593.45359
239.10934  591.48283
239.01367  588.52769
238.918  584.77998
238.82232  580.46346
238.72665  575.8181
238.63098  571.08449
238.53531  566.49005
238.43964  562.23802
238.34396  558.49996
238.24829  555.4121
238.15262  553.07502
238.05695  551.55613
237.96128  550.89405
237.8656  551.10394
237.76993  552.18281
237.67426  554.11408
237.57859  556.87068
237.48292  560.41651
237.38724  564.706
237.29157  569.68194
237.1959  575.27202
237.10023  581.38454
237.00456  587.90423
236.90888  594.68902
236.81321  601.56881
236.71754  608.34698
236.62187  614.80553
236.5262  620.71384
236.43052  625.84081
236.33485  629.96948
236.23918  632.91252
236.14351  634.52691
236.04784  634.72566
235.95216  633.48521
235.85649  630.84713
235.76082  626.91408
235.66515  621.84044
235.56948  615.81896
235.4738  609.06527
235.37813  601.80196
235.28246  594.24424
235.18679  586.58828
235.09112  579.00308
234.99544  571.62597
234.89977  564.56146
234.8041  557.8828
234.70843  551.63536
234.61276  545.84111
234.51708  540.50349
234.42141  535.61208
234.32574  531.14682
234.23007  527.08151
234.1344  523.38659
234.03872  520.03122
233.94305  516.98481
233.84738  514.21794
233.75171  511.70303
233.65604  509.4146
233.56036  507.32946
233.46469  505.42663
233.36902  503.68731
233.27335  502.09468
233.17768  500.63376
233.082  499.29124
232.98633  498.05529
232.89066  496.91539
232.79499  495.86223
232.69932  494.8875
232.60364  493.98384
232.50797  493.14466
232.4123  492.36411
232.31663  491.63695
232.22096  490.95851
232.12528  490.32458
232.02961  489.7314
231.93394  489.17558
231.83827  488.65409
231.7426  488.16416
231.64692  487.70331
231.55125  487.26929
231.45558  486.86007
231.35991  486.4738
231.26424  486.10878
231.16856  485.76349
231.07289  485.43653
230.97722  485.12661
230.88155  484.83257
230.78588  484.55335
230.69021  484.28794
230.59453  484.03546
230.49886  483.79507
230.40319  483.566
230.30752  483.34755
230.21185  483.13907
230.11617  482.93995
230.0205  482.74964
229.92483  482.56762
229.82916  482.39341
229.73349  482.22656
229.63781  482.06667
229.54214  481.91334
229.44647  481.76621
229.3508  481.62496
229.25513  481.48927
229.15945  481.35885
229.06378  481.23342
228.96811  481.11274
228.87244  480.99655
228.77677  480.88464
228.68109  480.7768
228.58542  480.67283
228.48975  480.57254
228.39408  480.47577
228.29841  480.38234
228.20273  480.2921
228.10706  480.2049
228.01139  480.12062
227.91572  480.03911
227.82005  479.96026
227.72437  479.88395
227.6287  479.81007
227.53303  479.73852
227.43736  479.6692
227.34169  479.60201
227.24601  479.53688
227.15034  479.47371
227.05467  479.41243
226.959  479.35295
226.86333  479.29522
226.76765  479.23916
226.67198  479.18471
226.57631  479.1318
226.48064  479.08038
226.38497  479.0304
226.28929  478.98179
226.19362  478.93451
226.09795  478.88851
226.00228  478.84374
225.90661  478.80016
225.81093  478.75774
225.71526  478.71642
225.61959  478.67616
225.52392  478.63695
225.42825  478.59873
225.33257  478.56147
225.2369  478.52515
225.14123  478.48973
225.04556  478.45518
224.94989  478.42147
224.85421  478.38858
224.75854  478.35648
224.66287  478.32515
224.5672  478.29455
224.47153  478.26468
224.37585  478.23551
224.28018  478.207
224.18451  478.17916
224.08884  478.15195
223.99317  478.12535
223.89749  478.09936
223.80182  478.07394
223.70615  478.04909
223.61048  478.02479
223.51481  478.00102
223.41913  477.97777
223.32346  477.95502
223.22779  477.93276
223.13212  477.91097
223.03645  477.88965
222.94077  477.86878
222.8451  477.84834
222.74943  477.82833
222.65376  477.80874
222.55809  477.78955
222.46241  477.77075
222.36674  477.75234
222.27107  477.7343
222.1754  477.71662
222.07973  477.6993
221.98405  477.68233
221.88838  477.66569
221.79271  477.64938
221.69704  477.63339
221.60137  477.61771
221.50569  477.60234
221.41002  477.58727
221.31435  477.57249
221.21868  477.55799
221.12301  477.54377
221.02733  477.52982
220.93166  477.51614
220.83599  477.50271
220.74032  477.48954
220.64465  477.47662
220.54897  477.46393
220.4533  477.45148
220.35763  477.43927
220.26196  477.42728
220.16629  477.41551
220.07062  477.40395
219.97494  477.39261
219.87927  477.38147
219.7836  477.37054
219.68793  477.3598
219.59226  477.34926
219.49658  477.33891
219.40091  477.32875
219.30524  477.31876
219.20957  477.30896
219.1139  477.29933
219.01822  477.28987
218.92255  477.28058
218.82688  477.27146
218.73121  477.26249
218.63554  477.25368
218.53986  477.24503
218.44419  477.23653
218.34852  477.22818
218.25285  477.21998
218.15718  477.21192
218.0615  477.204
217.96583  477.19622
217.87016  477.18857
217.77449  477.18106
217.67882  477.17368
217.58314  477.16642
217.48747  477.15929
217.3918  477.15229
217.29613  477.1454
217.20046  477.13864
217.10478  477.13199
217.00911  477.12546
216.91344  477.11904
216.81777  477.11273
216.7221  477.10653
216.62642  477.10044
216.53075  477.09445
216.43508  477.08857
216.33941  477.08278
216.24374  477.0771
216.14806  477.07152
216.05239  477.06603
215.95672  477.06064
215.86105  477.05534
215.76538  477.05013
215.6697  477.04501
215.57403  477.03999
215.47836  477.03505
215.38269  477.03019
215.28702  477.02542
215.19134  477.02074
215.09567  477.01613
215  477.01161

# Result Name:                  Peak 1
# Number of Curves:             1
#
# Curve:                        0
# Values/Curve:                 440
#
257  533.75215
256.90433  533.51948
256.80866  533.28685
256.71298  533.05428
256.61731  532.82175
256.52164  532.58926
256.42597  532.3568
256.3303  532.12437
256.23462  531.89196
256.13895  531.65956
256.04328  531.42718
255.94761  531.1948
255.85194  530.96242
255.75626  530.73003
255.66059  530.49764
255.56492  530.26522
255.46925  530.03279
255.37358  529.80034
255.2779  529.56785
255.18223  529.33532
255.08656  529.10276
254.99089  528.87015
254.89522  528.6375
254.79954  528.40479
254.70387  528.17202
254.6082  527.93919
254.51253  527.70629
254.41686  527.47332
254.32118  527.24028
254.22551  527.00716
254.12984  526.77395
254.03417  526.54066
253.9385  526.30728
253.84282  526.0738
253.74715  525.84023
253.65148  525.60656
253.55581  525.37278
253.46014  525.1389
253.36446  524.90491
253.26879  524.6708
253.17312  524.43658
253.07745  524.20225
252.98178  523.96779
252.8861  523.73321
252.79043  523.4985
252.69476  523.26367
252.59909  523.02871
252.50342  522.79362
252.40774  522.5584
252.31207  522.32305
252.2164  522.08756
252.12073  521.85194
252.02506  521.61618
251.92938  521.38028
251.83371  521.14425
251.73804  520.90809
251.64237  520.67178
251.5467  520.43534
251.45103  520.19876
251.35535  519.96205
251.25968  519.7252
251.16401  519.48822
251.06834  519.25111
250.97267  519.01387
250.87699  518.7765
250.78132  518.539
250.68565  518.30138
250.58998  518.06364
250.49431  517.82578
250.39863  517.58781
250.30296  517.34973
250.20729  517.11154
250.11162  516.87324
250.01595  516.63485
249.92027  516.39637
249.8246  516.1578
249.72893  515.91915
249.63326  515.68043
249.53759  515.44163
249.44191  515.20278
249.34624  514.96387
249.25057  514.72492
249.1549  514.48593
249.05923  514.24691
248.96355  514.00787
248.86788  513.76882
248.77221  513.52978
248.67654  513.29075
248.58087  513.05174
248.48519  512.81277
248.38952  512.57385
248.29385  512.33499
248.19818  512.09621
248.10251  511.85753
248.00683  511.61895
247.91116  511.3805
247.81549  511.1422
247.71982  510.90405
247.62415  510.66609
247.52847  510.42832
247.4328  510.19078
247.33713  509.95348
247.24146  509.71645
247.14579  509.47971
247.05011  509.24328
246.95444  509.0072
246.85877  508.77149
246.7631  508.53619
246.66743  508.30131
246.57175  508.06689
246.47608  507.83298
246.38041  507.59959
246.28474  507.36678
246.18907  507.13457
246.09339  506.90301
245.99772  506.67215
245.90205  506.44202
245.80638  506.21268
245.71071  505.98416
245.61503  505.75654
245.51936  505.52985
245.42369  505.30416
245.32802  505.07952
245.23235  504.85601
245.13667  504.63368
245.041  504.41261
244.94533  504.19288
244.84966  503.97454
244.75399  503.7577
244.65831  503.54244
244.56264  503.32884
244.46697  503.11701
244.3713  502.90704
244.27563  502.69905
244.17995  502.49314
244.08428  502.28944
243.98861  502.08807
243.89294  501.88916
243.79727  501.69287
243.70159  501.49933
243.60592  501.30872
243.51025  501.1212
243.41458  500.93694
243.31891  500.75615
243.22323  500.57903
243.12756  500.4058
243.03189  500.23668
242.93622  500.07194
242.84055  499.91182
242.74487  499.75662
242.6492  499.60663
242.55353  499.46219
242.45786  499.32364
242.36219  499.19136
242.26651  499.06574
242.17084  498.94721
242.07517  498.83625
241.9795  498.73335
241.88383  498.63906
241.78815  498.55396
241.69248  498.47869
241.59681  498.41393
241.50114  498.36044
241.40547  498.31902
241.30979  498.29057
241.21412  498.27605
241.11845  498.27654
241.02278  498.29319
240.92711  498.32729
240.83144  498.38023
240.73576  498.45357
240.64009  498.549
240.54442  498.66842
240.44875  498.81389
240.35308  498.98768
240.2574  499.19233
240.16173  499.43059
240.06606  499.70554
239.97039  500.02054
239.87472  500.3793
239.77904  500.78592
239.68337  501.24492
239.5877  501.76131
239.49203  502.34062
239.39636  502.98901
239.30068  503.71332
239.20501  504.52121
239.10934  505.4212
239.01367  506.4229
238.918  507.53706
238.82232  508.77581
238.72665  510.15278
238.63098  511.6833
238.53531  513.38458
238.43964  515.27589
238.34396  517.37868
238.24829  519.71666
238.15262  522.31578
238.05695  525.20404
237.96128  528.41108
237.8656  531.96744
237.76993  535.90342
237.67426  540.24739
237.57859  545.02344
237.48292  550.24835
237.38724  555.92783
237.29157  562.05206
237.1959  568.59096
237.10023  575.48933
237.00456  582.66268
236.90888  589.9944
236.81321  597.33506
236.71754  604.50469
236.62187  611.29849
236.5262  617.49633
236.43052  622.87537
236.33485  627.22518
236.23918  630.36359
236.14351  632.15169
236.04784  632.5058
235.95216  631.40503
235.85649  628.89312
235.76082  625.07452
235.66515  620.10509
235.56948  614.17885
235.4738  607.51246
235.37813  600.3294
235.28246  592.84567
235.18679  585.25808
235.09112  577.73622
234.99544  570.4179
234.89977  563.40808
234.8041  556.78039
234.70843  550.58053
234.61276  544.83078
234.51708  539.53484
234.42141  534.68254
234.32574  530.25402
234.23007  526.22328
234.1344  522.56092
234.03872  519.23627
233.94305  516.21886
233.84738  513.47942
233.75171  510.99045
233.65604  508.72662
233.56036  506.6648
233.46469  504.78411
233.36902  503.06583
233.27335  501.49321
233.17768  500.05134
233.082  498.72697
232.98633  497.50831
232.89066  496.38493
232.79499  495.34754
232.69932  494.38788
232.60364  493.49862
232.50797  492.67323
232.4123  491.90588
232.31663  491.19138
232.22096  490.52507
232.12528  489.90277
232.02961  489.32077
231.93394  488.77568
231.83827  488.2645
231.7426  487.78448
231.64692  487.33318
231.55125  486.90834
231.45558  486.50797
231.35991  486.13021
231.26424  485.7734
231.16856  485.43603
231.07289  485.11671
230.97722  484.81417
230.88155  484.52725
230.78588  484.2549
230.69021  483.99614
230.59453  483.75009
230.49886  483.51591
230.40319  483.29286
230.30752  483.08023
230.21185  482.87738
230.11617  482.68372
230.0205  482.4987
229.92483  482.3218
229.82916  482.15256
229.73349  481.99054
229.63781  481.83532
229.54214  481.68652
229.44647  481.5438
229.3508  481.40683
229.25513  481.27529
229.15945  481.14891
229.06378  481.0274
228.96811  480.91053
228.87244  480.79805
228.77677  480.68975
228.68109  480.58542
228.58542  480.48486
228.48975  480.3879
228.39408  480.29436
228.29841  480.20408
228.20273  480.11691
228.10706  480.03271
228.01139  479.95134
227.91572  479.87267
227.82005  479.79659
227.72437  479.72298
227.6287  479.65174
227.53303  479.58276
227.43736  479.51595
227.34169  479.45121
227.24601  479.38846
227.15034  479.32763
227.05467  479.26862
226.959  479.21137
226.86333  479.15582
226.76765  479.10188
226.67198  479.0495
226.57631  478.99863
226.48064  478.94919
226.38497  478.90114
226.28929  478.85443
226.19362  478.809
226.09795  478.76482
226.00228  478.72183
225.90661  478.67999
225.81093  478.63926
225.71526  478.59961
225.61959  478.56098
225.52392  478.52336
225.42825  478.4867
225.33257  478.45098
225.2369  478.41616
225.14123  478.3822
225.04556  478.34909
224.94989  478.3168
224.85421  478.28529
224.75854  478.25455
224.66287  478.22454
224.5672  478.19525
224.47153  478.16666
224.37585  478.13873
224.28018  478.11146
224.18451  478.08482
224.08884  478.0588
223.99317  478.03336
223.89749  478.00851
223.80182  477.98421
223.70615  477.96046
223.61048  477.93724
223.51481  477.91452
223.41913  477.89231
223.32346  477.87058
223.22779  477.84932
223.13212  477.82852
223.03645  477.80817
222.94077  477.78824
222.8451  477.76874
222.74943  477.74965
222.65376  477.73096
222.55809  477.71265
222.46241  477.69473
222.36674  477.67717
222.27107  477.65997
222.1754  477.64312
222.07973  477.62662
221.98405  477.61044
221.88838  477.59459
221.79271  477.57906
221.69704  477.56383
221.60137  477.5489
221.50569  477.53427
221.41002  477.51992
221.31435  477.50586
221.21868  477.49206
221.12301  477.47854
221.02733  477.46527
220.93166  477.45225
220.83599  477.43949
220.74032  477.42697
220.64465  477.41468
220.54897  477.40263
220.4533  477.3908
220.35763  477.37919
220.26196  477.36781
220.16629  477.35663
220.07062  477.34566
219.97494  477.33489
219.87927  477.32432
219.7836  477.31395
219.68793  477.30376
219.59226  477.29376
219.49658  477.28395
219.40091  477.27431
219.30524  477.26484
219.20957  477.25555
219.1139  477.24643
219.01822  477.23747
218.92255  477.22867
218.82688  477.22002
218.73121  477.21154
218.63554  477.2032
218.53986  477.19501
218.44419  477.18697
218.34852  477.17907
218.25285  477.17131
218.15718  477.16369
218.0615  477.15621
217.96583  477.14885
217.87016  477.14163
217.77449  477.13453
217.67882  477.12756
217.58314  477.12071
217.48747  477.11398
217.3918  477.10737
217.29613  477.10087
217.20046  477.09449
217.10478  477.08823
217.00911  477.08207
216.91344  477.07602
216.81777  477.07007
216.7221  477.06423
216.62642  477.0585
216.53075  477.05286
216.43508  477.04732
216.33941  477.04188
216.24374  477.03654
216.14806  477.03129
216.05239  477.02613
215.95672  477.02107
215.86105  477.01609
215.76538  477.0112
215.6697  477.0064
215.57403  477.00168
215.47836  476.99705
215.38269  476.9925
215.28702  476.98803
215.19134  476.98364
215.09567  476.97932
215  476.97509

# Result Name:                  Peak 2
# Number of Curves:             1
#
# Curve:                        0
# Values/Curve:                 440
#
257  533.35476
256.90433  533.11856
256.80866  532.88237
256.71298  532.64617
256.61731  532.40998
256.52164  532.17377
256.42597  531.93754
256.3303  531.70129
256.23462  531.46501
256.13895  531.22869
256.04328  530.99233
255.94761  530.75592
255.85194  530.51945
255.75626  530.28292
255.66059  530.04632
255.56492  529.80965
255.46925  529.5729
255.37358  529.33606
255.2779  529.09913
255.18223  528.8621
255.08656  528.62497
254.99089  528.38772
254.89522  528.15036
254.79954  527.91288
254.70387  527.67527
254.6082  527.43753
254.51253  527.19965
254.41686  526.96162
254.32118  526.72344
254.22551  526.48511
254.12984  526.24662
254.03417  526.00796
253.9385  525.76913
253.84282  525.53013
253.74715  525.29094
253.65148  525.05157
253.55581  524.812
253.46014  524.57224
253.36446  524.33228
253.26879  524.09211
253.17312  523.85173
253.07745  523.61114
252.98178  523.37033
252.8861  523.12929
252.79043  522.88803
252.69476  522.64653
252.59909  522.4048
252.50342  522.16283
252.40774  521.92062
252.31207  521.67816
252.2164  521.43545
252.12073  521.19248
252.02506  520.94926
251.92938  520.70577
251.83371  520.46203
251.73804  520.21801
251.64237  519.97373
251.5467  519.72917
251.45103  519.48434
251.35535  519.23923
251.25968  518.99384
251.16401  518.74818
251.06834  518.50222
250.97267  518.25599
250.87699  518.00947
250.78132  517.76266
250.68565  517.51556
250.58998  517.26817
250.49431  517.02049
250.39863  516.77252
250.30296  516.52425
250.20729  516.2757
250.11162  516.02686
250.01595  515.77772
249.92027  515.52829
249.8246  515.27858
249.72893  515.02857
249.63326  514.77828
249.53759  514.52771
249.44191  514.27685
249.34624  514.02571
249.25057  513.77429
249.1549  513.5226
249.05923  513.27064
248.96355  513.01841
248.86788  512.76591
248.77221  512.51316
248.67654  512.26015
248.58087  512.0069
248.48519  511.7534
248.38952  511.49967
248.29385  511.24571
248.19818  510.99153
248.10251  510.73714
248.00683  510.48255
247.91116  510.22776
247.81549  509.97279
247.71982  509.71765
247.62415  509.46234
247.52847  509.20689
247.4328  508.95131
247.33713  508.69561
247.24146  508.4398
247.14579  508.18391
247.05011  507.92795
246.95444  507.67195
246.85877  507.41591
246.7631  507.15987
246.66743  506.90385
246.57175  506.64787
246.47608  506.39196
246.38041  506.13616
246.28474  505.88048
246.18907  505.62498
246.09339  505.36967
245.99772  505.11461
245.90205  504.85984
245.80638  504.60539
245.71071  504.35133
245.61503  504.0977
245.51936  503.84456
245.42369  503.59198
245.32802  503.34002
245.23235  503.08875
245.13667  502.83826
245.041  502.58864
244.94533  502.33998
244.84966  502.09239
244.75399  501.84597
244.65831  501.60086
244.56264  501.3572
244.46697  501.11514
244.3713  500.87484
244.27563  500.63651
244.17995  500.40033
244.08428  500.16655
243.98861  499.93543
243.89294  499.70725
243.79727  499.48235
243.70159  499.26109
243.60592  499.0439
243.51025  498.83124
243.41458  498.62367
243.31891  498.42182
243.22323  498.22639
243.12756  498.03824
243.03189  497.85836
242.93622  497.68789
242.84055  497.52822
242.74487  497.381
242.6492  497.24822
242.55353  497.13232
242.45786  497.03628
242.36219  496.96384
242.26651  496.91963
242.17084  496.90952
242.07517  496.94091
241.9795  497.02318
241.88383  497.16819
241.78815  497.39089
241.69248  497.70999
241.59681  498.14862
241.50114  498.73501
241.40547  499.50294
241.30979  500.492
241.21412  501.74729
241.11845  503.31855
241.02278  505.2583
240.92711  507.61912
240.83144  510.44964
240.73576  513.78958
240.64009  517.66379
240.54442  522.07587
240.44875  527.00176
240.35308  532.38429
240.2574  538.12937
240.16173  544.10477
240.06606  550.14217
239.97039  556.04293
239.87472  561.5876
239.77904  566.54869
239.68337  570.70578
239.5877  573.86153
239.49203  575.85696
239.39636  576.58444
239.30068  575.99661
239.20501  574.11045
239.10934  571.00583
239.01367  566.81877
238.918  561.73024
238.82232  555.95176
238.72665  549.70951
238.63098  543.22864
238.53531  536.71919
238.43964  530.36497
238.34396  524.31599
238.24829  518.68464
238.15262  513.54547
238.05695  508.93781
237.96128  504.87062
237.8656  501.32852
237.76993  498.27826
237.67426  495.67493
237.57859  493.46747
237.48292  491.60314
237.38724  490.0308
237.29157  488.70325
237.1959  487.57846
237.10023  486.62017
237.00456  485.79784
236.90888  485.08628
236.81321  484.46508
236.71754  483.9179
236.62187  483.43178
236.5262  482.9965
236.43052  482.60404
236.33485  482.2481
236.23918  481.92365
236.14351  481.62672
236.04784  481.35407
235.95216  481.10305
235.85649  480.87145
235.76082  480.65737
235.66515  480.4592
235.56948  480.27548
235.4738  480.10495
235.37813  479.94646
235.28246  479.79895
235.18679  479.66149
235.09112  479.53321
234.99544  479.41332
234.89977  479.3011
234.8041  479.19591
234.70843  479.09715
234.61276  479.00427
234.51708  478.91681
234.42141  478.8343
234.32574  478.75636
234.23007  478.68262
234.1344  478.61276
234.03872  478.54648
233.94305  478.48352
233.84738  478.42362
233.75171  478.36659
233.65604  478.3122
233.56036  478.26029
233.46469  478.21069
233.36902  478.16324
233.27335  478.11781
233.17768  478.07426
233.082  478.03249
232.98633  477.99239
232.89066  477.95386
232.79499  477.9168
232.69932  477.88114
232.60364  477.84679
232.50797  477.81368
232.4123  477.78176
232.31663  477.75095
232.22096  477.72119
232.12528  477.69244
232.02961  477.66465
231.93394  477.63776
231.83827  477.61174
231.7426  477.58654
231.64692  477.56212
231.55125  477.53845
231.45558  477.5155
231.35991  477.49323
231.26424  477.47162
231.16856  477.45063
231.07289  477.43024
230.97722  477.41043
230.88155  477.39116
230.78588  477.37243
230.69021  477.3542
230.59453  477.33646
230.49886  477.31919
230.40319  477.30237
230.30752  477.28599
230.21185  477.27002
230.11617  477.25446
230.0205  477.23929
229.92483  477.22449
229.82916  477.21005
229.73349  477.19596
229.63781  477.18221
229.54214  477.16878
229.44647  477.15567
229.3508  477.14287
229.25513  477.13036
229.15945  477.11813
229.06378  477.10618
228.96811  477.0945
228.87244  477.08308
228.77677  477.07191
228.68109  477.06099
228.58542  477.0503
228.48975  477.03985
228.39408  477.02961
228.29841  477.0196
228.20273  477.00979
228.10706  477.00019
228.01139  476.99079
227.91572  476.98158
227.82005  476.97256
227.72437  476.96372
227.6287  476.95507
227.53303  476.94658
227.43736  476.93827
227.34169  476.93012
227.24601  476.92214
227.15034  476.91431
227.05467  476.90663
226.959  476.8991
226.86333  476.89172
226.76765  476.88448
226.67198  476.87738
226.57631  476.87041
226.48064  476.86358
226.38497  476.85688
226.28929  476.8503
226.19362  476.84385
226.09795  476.83752
226.00228  476.8313
225.90661  476.8252
225.81093  476.81922
225.71526  476.81334
225.61959  476.80758
225.52392  476.80192
225.42825  476.79636
225.33257  476.7909
225.2369  476.78555
225.14123  476.78029
225.04556  476.77513
224.94989  476.77006
224.85421  476.76508
224.75854  476.7602
224.66287  476.7554
224.5672  476.75069
224.47153  476.74606
224.37585  476.74152
224.28018  476.73706
224.18451  476.73268
224.08884  476.72838
223.99317  476.72415
223.89749  476.72001
223.80182  476.71593
223.70615  476.71193
223.61048  476.708
223.51481  476.70415
223.41913  476.70036
223.32346  476.69664
223.22779  476.69299
223.13212  476.68941
223.03645  476.68589
222.94077  476.68243
222.8451  476.67904
222.74943  476.67571
222.65376  476.67244
222.55809  476.66923
222.46241  476.66608
222.36674  476.66298
222.27107  476.65995
222.1754  476.65697
222.07973  476.65405
221.98405  476.65118
221.88838  476.64836
221.79271  476.6456
221.69704  476.64289
221.60137  476.64023
221.50569  476.63763
221.41002  476.63507
221.31435  476.63256
221.21868  476.6301
221.12301  476.62769
221.02733  476.62533
220.93166  476.62301
220.83599  476.62074
220.74032  476.61851
220.64465  476.61633
220.54897  476.61419
220.4533  476.6121
220.35763  476.61005
220.26196  476.60804
220.16629  476.60607
220.07062  476.60415
219.97494  476.60226
219.87927  476.60042
219.7836  476.59861
219.68793  476.59685
219.59226  476.59512
219.49658  476.59343
219.40091  476.59178
219.30524  476.59017
219.20957  476.58859
219.1139  476.58705
219.01822  476.58555
218.92255  476.58408
218.82688  476.58265
218.73121  476.58125
218.63554  476.57988
218.53986  476.57855
218.44419  476.57725
218.34852  476.57599
218.25285  476.57476
218.15718  476.57356
218.0615  476.57239
217.96583  476.57126
217.87016  476.57015
217.77449  476.56908
217.67882  476.56804
217.58314  476.56702
217.48747  476.56604
217.3918  476.56509
217.29613  476.56416
217.20046  476.56327
217.10478  476.5624
217.00911  476.56156
216.91344  476.56075
216.81777  476.55997
216.7221  476.55921
216.62642  476.55849
216.53075  476.55778
216.43508  476.55711
216.33941  476.55646
216.24374  476.55584
216.14806  476.55524
216.05239  476.55467
215.95672  476.55412
215.86105  476.5536
215.76538  476.55311
215.6697  476.55263
215.57403  476.55219
215.47836  476.55176
215.38269  476.55136
215.28702  476.55098
215.19134  476.55063
215.09567  476.5503
215  476.54999

# Result Name:                  Residuum
# Number of Curves:             1
#
# Curve:                        0
# Values/Curve:                 421
#
257  -4.1921598
256.9  15.843353
256.8  -38.908223
256.7  -27.15055
256.6  -28.125927
256.5  -19.292013
256.4  -9.0968873
256.3  -6.7086791
256.2  -3.2645933
256.1  -25.842732
256  -17.987325
255.9  -18.619765
255.8  8.2975782
255.7  1.2143456
255.6  -6.1420448
255.5  5.6090423
255.4  17.04115
255.3  3.7178178
255.2  24.735377
255.1  0.1243648
255  -21.002533
254.9  8.4415539
254.8  -7.9416271
254.7  17.047242
254.6  1.3071257
254.5  4.1289289
254.4  19.500238
254.3  -6.9012075
254.2  -9.8483704
254.1  10.853858
254  0.4860964
253.9  19.235515
253.8  22.621647
253.7  10.260739
253.6  -4.96574
253.5  19.647983
253.4  11.897662
253.3  1.2714595
253.2  22.437966
253.1  7.6414976
253  -16.894127
252.9  22.267316
252.8  -9.5416307
252.7  5.4763507
252.6  -6.8023919
252.5  -8.1655585
252.4  10.323845
252.3  11.785197
252.2  -4.4586997
252.1  31.35814
252  13.996905
251.9  18.140572
251.8  -0.98840643
251.7  -10.438208
251.6  9.0999901
251.5  -1.8801046
251.4  -5.9030908
251.3  -7.90593
251.2  -17.179805
251.1  -8.8192683
251  5.0744211
250.9  4.132508
250.8  -8.1937441
250.7  27.223294
250.6  -3.258969
250.5  -14.074756
250.4  3.7792762
250.3  26.709151
250.2  24.109157
250.1  -15.234587
250  -12.442532
249.9  -6.2484259
249.8  15.86849
249.7  -3.2614951
249.6  5.4706622
249.5  -2.8134921
249.4  12.385948
249.3  -7.1751982
249.2  7.9135375
249.1  10.540247
249  13.535601
248.9  1.0076722
248.8  -8.0530086
248.7  3.9147377
248.6  24.305352
248.5  18.553972
248.4  -5.4601166
248.3  15.375425
248.2  18.353264
248.1  17.869135
248  12.105943
247.9  14.385852
247.8  2.5017801
247.7  11.803501
247.6  -6.1324329
247.5  -10.367852
247.4  -26.255575
247.3  -12.260208
247.2  -4.3889652
247.1  8.4616094
247  -9.2874586
246.9  4.4451096
246.8  5.9823331
246.7  -8.5712989
246.6  -12.77125
246.5  -11.831512
246.4  -24.504451
246.3  -23.866182
246.2  -24.004738
246.1  3.4766089
246  8.4635408
245.9  -9.2932147
245.8  -5.3476094
245.7  -1.8772474
245.6  2.6067496
245.5  -0.4661744
245.4  4.5437942
245.3  -8.2804988
245.2  12.043009
245.1  -5.9457955
245  -16.144434
244.9  4.4482229
244.8  -22.252971
244.7  -11.574258
244.6  -12.000699
244.5  -3.1894373
244.4  -13.769915
244.3  3.957804
244.2  11.199838
244.1  5.2224602
244  -1.8395209
243.9  25.096533
243.8  -3.8392458
243.7  10.65366
243.6  0.67707545
243.5  -9.1106625
243.4  -3.4464017
243.3  8.1363942
243.2  -32.467985
243.1  8.0206046
243  0.88916493
242.9  -1.2156574
242.8  -1.7369855
242.7  28.324702
242.6  30.322623
242.5  -8.020029
242.4  1.6471621
242.3  -4.0633098
242.2  4.9613131
242.1  11.402054
242  5.4825004
241.9  3.6213591
241.8  20.743855
241.7  6.8555763
241.6  -16.091813
241.5  6.2037888
241.4  -13.491269
241.3  -22.435073
241.2  8.534842
241.1  -15.63576
241  4.344434
240.9  0.24115051
240.8  5.5309729
240.7  -22.930038
240.6  12.032999
240.5  -8.2913089
240.4  21.824757
240.3  -9.0881236
240.2  3.271472
240.1  -1.0004644
240  18.230151
239.9  -7.2553593
239.8  -20.885992
239.7  8.8736545
239.6  16.214985
239.5  -8.8974071
239.4  1.3732498
239.3  1.6225887
239.2  -7.4794131
239.1  7.2704832
239  9.4986672
238.9  -13.636095
238.8  12.907316
238.7  -16.470008
238.6  -22.156127
238.5  1.6414271
238.4  23.329077
238.3  -8.8710176
238.2  3.3203832
238.1  19.490255
238  1.0579303
237.9  5.4233449
237.8  6.8543263
237.7  -7.7173498
237.6  12.127454
237.5  -36.825102
237.4  -5.9480328
237.3  20.155291
237.2  16.281685
237.1  -5.5362434
237  -6.4587874
236.9  -15.872635
236.8  -18.241004
236.7  15.552245
236.6  4.9353032
236.5  -1.5831858
236.4  6.0417335
236.3  14.807688
236.2  16.025117
236.1  10.788188
236  -13.177604
235.9  -16.087964
235.8  -8.1155421
235.7  -15.258899
235.6  -17.714525
235.5  7.4019666
235.4  19.732009
235.3  -3.2120952
235.2  5.6914355
235.1  25.478934
235  7.9634878
234.9  -6.4017441
234.8  -5.2782357
234.7  -6.5671522
234.6  4.4928862
234.5  7.834211
234.4  -31.786292
234.3  -2.5630944
234.2  3.1763477
234.1  22.184209
234  22.204123
233.9  22.439736
233.8  -25.031288
233.7  -12.566909
233.6  -4.9524322
233.5  -2.4001457
233.4  0.66326696
233.3  -32.48163
233.2  4.896926
233.1  -4.9661128
233  -24.062783
232.9  16.872247
232.8  15.039654
232.7  -5.5507842
232.6  0.45954158
232.5  -10.52325
232.4  -21.631043
232.3  -17.458739
232.2  -0.34698488
232.1  9.7881819
232  -13.994466
231.9  31.271046
231.8  -0.079819427
231.7  9.7745497
231.6  -3.496403
231.5  -3.8370624
231.4  -18.089464
231.3  -15.832092
231.2  -7.0919779
231.1  11.567612
231  15.333504
230.9  -0.94442315
230.8  2.4898266
230.7  -19.013577
230.6  -5.741393
230.5  -6.6057324
230.4  1.9461479
230.3  2.6515416
230.2  12.509209
230.1  -3.2965059
230  18.085038
229.9  0.15875703
229.8  2.0799052
229.7  11.376674
229.6  6.7068123
229.5  -0.57359358
229.4  5.0801864
229.3  -2.6311522
229.2  -18.949517
229.1  -11.817789
229  13.65449
228.9  5.6112985
228.8  11.651547
228.7  -2.8250503
228.6  20.357944
228.5  8.669269
228.4  -1.9626219
228.3  21.805363
228.2  14.163262
228.1  18.629626
228  11.077719
227.9  32.984999
227.8  5.815071
227.7  12.958278
227.6  24.38557
227.5  24.042511
227.4  -4.2093356
227.3  10.744156
227.2  13.011875
227.1  8.9739446
227  22.182736
226.9  18.925411
226.8  39.288198
226.7  9.5809331
226.6  -0.39494712
226.5  5.06936
226.4  -2.2498459
226.3  11.074935
226.2  18.436427
226.1  2.1158544
226  9.2033626
225.9  -14.850684
225.8  16.616941
225.7  10.840877
225.6  15.177936
225.5  21.201076
225.4  -6.68102
225.3  19.257298
225.2  2.1183717
225.1  19.656664
225  0.61803479
224.9  -6.6550548
224.8  -1.157956
224.7  7.80012
224.6  -1.3429659
224.5  -4.999958
224.4  13.915591
224.3  14.27872
224.2  -19.632514
224.1  0.88439462
224  -1.2520223
223.9  -5.1561623
223.8  -3.3566281
223.7  13.637018
223.6  -4.0427879
223.5  14.60319
223.4  7.474827
223.3  -11.170916
223.2  -36.620924
223.1  -6.0264894
223  -15.886747
222.9  10.558512
222.8  13.815693
222.7  -0.61036467
222.6  -10.297746
222.5  -4.3335185
222.4  -20.74594
222.3  3.0884795
222.2  -3.8660752
222.1  15.918426
222  -16.281631
221.9  11.759225
221.8  2.0770643
221.7  -4.6514419
221.6  -8.3278813
221.5  -0.60748228
221.4  20.242441
221.3  -3.4329319
221.2  -3.1576746
221.1  20.062051
221  -11.613794
220.9  -6.1935286
220.8  -16.30337
220.7  -0.39842612
220.6  -12.740092
220.5  6.9060833
220.4  2.844247
220.3  2.7092371
220.2  -9.3918573
220.1  17.942642
220  9.8406653
219.9  6.1950073
219.8  29.68507
219.7  15.494437
219.6  16.827472
219.5  12.675334
219.4  -19.891044
219.3  -8.4798435
219.2  -7.1703223
219.1  -19.73098
219  -1.1807608
218.9  -4.7138076
218.8  -14.63555
218.7  -20.620641
218.6  -24.713367
218.5  -9.484299
218.4  -39.044671
218.3  4.7331448
218.2  -7.6693285
218.1  2.1962451
218  11.335989
217.9  3.2884832
217.8  -0.20522497
217.7  0.22178806
217.6  -10.296764
217.5  -4.9303929
217.4  -1.2582436
217.3  28.366046
217.2  6.0398052
217.1  1.0442108
217  -21.766959
216.9  -26.671817
216.8  -12.093095
216.7  -28.982908
216.6  -43.582504
216.5  -18.698828
216.4  -5.7791661
216.3  -9.2229895
216.2  -10.907817
216.1  12.04953
216  -12.533595
215.9  11.809657
215.8  -11.850556
215.7  -27.166872
215.6  -20.391757
215.5  -1.5797953
215.4  1.4357157
215.3  -6.8315066
215.2  1.2575853
215.1  -0.23155399
215  -9.5335621

# Region:                       Al 2p Hi Res
# Spectrum ID:                  6
# Acquisition Date:             04/22/26 19:03:17 UTC
# Analysis Method:              XPS
# Analyzer:                     PHOIBOS MCD5 Analyzer
# Analyzer Lens:                LargeArea:1.5kV
# Analyzer Slit:                5:7x20\B:open
# Scan Mode:                    FixedAnalyzerTransmission
# Curves/Scan:                  1
# Values/Curve:                 331
# Dwell Time:                   0.1
# Excitation Energy:            1253.64
# Binding Energy:               90
# Pass Energy:                  10
# Bias Voltage:                 90
# Detector Voltage:             3000
# Eff. Workfunction:            4.543
# Source:                       X-Ray Dummy
# Comment:                      
#
# Cycle: 0
# Number of Scans: 25
#
# Cycle: 0, Curve: 0
# Acquisition Date:             04/22/26 19:03:17 UTC
#
# ColumnLabels:                 energy counts/s
#
90  364.63175
89.9  355.6648
89.8  385.01965
89.7  387.82886
89.6  380.37721
89.5  369.21182
89.4  385.10758
89.3  372.39115
89.2  366.85366
89.1  380.45251
89  350.49144
88.9  356.16087
88.8  364.60328
88.7  357.69703
88.6  390.22374
88.5  383.67217
88.4  355.25711
88.3  354.09576
88.2  372.12517
88.1  362.25793
88  362.79315
87.9  367.59129
87.8  366.93891
87.7  356.53849
87.6  356.56321
87.5  362.85957
87.4  356.05017
87.3  356.55396
87.2  356.92705
87.1  365.1946
87  358.76201
86.9  345.91193
86.8  350.07769
86.7  365.05778
86.6  345.85452
86.5  357.18691
86.4  349.56405
86.3  352.54553
86.2  360.62872
86.1  356.34617
86  363.49652
85.9  366.90249
85.8  359.89866
85.7  360.01587
85.6  358.3536
85.5  367.78287
85.4  353.31868
85.3  349.87116
85.2  337.90694
85.1  371.30377
85  343.35005
84.9  352.71955
84.8  357.83861
84.7  365.06563
84.6  357.88798
84.5  346.40464
84.4  352.55131
84.3  363.99928
84.2  341.09319
84.1  357.22428
84  350.0258
83.9  372.7543
83.8  345.29105
83.7  367.19082
83.6  354.5073
83.5  345.1784
83.4  358.46117
83.3  347.82548
83.2  361.26179
83.1  352.42989
83  361.5766
82.9  360.50096
82.8  350.86074
82.7  375.72096
82.6  358.49
82.5  361.19801
82.4  376.76728
82.3  350.23682
82.2  359.59995
82.1  377.87282
82  345.48815
81.9  363.70584
81.8  354.28534
81.7  335.7478
81.6  356.18489
81.5  360.41634
81.4  343.70778
81.3  355.00534
81.2  360.38416
81.1  357.3659
81  370.35391
80.9  357.58273
80.8  344.02168
80.7  368.05408
80.6  359.64738
80.5  382.97469
80.4  359.15791
80.3  382.69263
80.2  366.33991
80.1  373.87703
80  344.61129
79.9  375.45907
79.8  394.83362
79.7  381.78394
79.6  372.71351
79.5  392.29411
79.4  415.43073
79.3  433.13069
79.2  420.67474
79.1  440.32401
79  428.47824
78.9  476.69065
78.8  491.54788
78.7  489.85135
78.6  489.18542
78.5  509.17615
78.4  527.77045
78.3  563.06557
78.2  573.0171
78.1  605.3041
78  596.79614
77.9  628.48127
77.8  625.6983
77.7  620.52209
77.6  637.58076
77.5  610.38754
77.4  612.65784
77.3  580.70361
77.2  567.25375
77.1  579.43439
77  572.44362
76.9  534.65967
76.8  540.90948
76.7  521.08952
76.6  505.54992
76.5  515.14093
76.4  481.46308
76.3  469.6557
76.2  441.27523
76.1  424.10372
76  447.21416
75.9  415.56122
75.8  446.30668
75.7  421.70357
75.6  396.7221
75.5  385.95045
75.4  397.15734
75.3  376.53283
75.2  382.85871
75.1  381.37276
75  364.53275
74.9  370.04013
74.8  378.63657
74.7  368.78609
74.6  366.42107
74.5  345.24702
74.4  360.89985
74.3  347.82593
74.2  351.12434
74.1  344.5942
74  345.34203
73.9  339.46542
73.8  350.23867
73.7  372.89119
73.6  338.51557
73.5  352.13196
73.4  344.54045
73.3  339.49994
73.2  351.3604
73.1  325.40438
73  345.15784
72.9  355.2709
72.8  356.3458
72.7  338.44508
72.6  356.84426
72.5  347.35157
72.4  349.47344
72.3  343.894
72.2  353.71517
72.1  354.16804
72  344.93405
71.9  338.1586
71.8  338.74317
71.7  336.10358
71.6  356.13394
71.5  355.02038
71.4  332.74163
71.3  333.24772
71.2  348.42694
71.1  338.26332
71  362.20036
70.9  370.67919
70.8  352.79954
70.7  357.71375
70.6  349.0544
70.5  371.26042
70.4  345.67949
70.3  362.18778
70.2  360.57445
70.1  347.67599
70  351.19743
69.9  346.66712
69.8  361.51214
69.7  367.05047
69.6  359.19668
69.5  361.32324
69.4  369.30981
69.3  371.04419
69.2  353.98783
69.1  353.67892
69  354.53394
68.9  362.15927
68.8  364.79508
68.7  373.70642
68.6  375.97781
68.5  349.05422
68.4  349.49169
68.3  360.78454
68.2  368.33217
68.1  352.92495
68  355.57098
67.9  360.84643
67.8  381.32668
67.7  352.14027
67.6  365.53631
67.5  379.32053
67.4  379.41946
67.3  342.31879
67.2  346.2217
67.1  354.59919
67  366.83164
66.9  353.53579
66.8  352.89796
66.7  373.17304
66.6  351.24086
66.5  357.06421
66.4  370.16542
66.3  359.01259
66.2  326.87542
66.1  340.9429
66  348.36081
65.9  357.65579
65.8  352.23395
65.7  355.25201
65.6  358.25795
65.5  360.87463
65.4  339.25715
65.3  349.53954
65.2  341.10663
65.1  335.76896
65  338.61643
64.9  346.45284
64.8  323.99838
64.7  344.92133
64.6  339.74014
64.5  350.58945
64.4  343.0282
64.3  334.97569
64.2  353.49283
64.1  338.86675
64  323.39369
63.9  325.60262
63.8  363.95236
63.7  354.40716
63.6  350.82262
63.5  350.03751
63.4  340.43599
63.3  330.04655
63.2  338.13841
63.1  346.25977
63  341.79928
62.9  329.00739
62.8  323.3069
62.7  328.18708
62.6  312.8843
62.5  335.75625
62.4  339.34864
62.3  347.25503
62.2  338.72641
62.1  353.26929
62  335.81958
61.9  343.93202
61.8  348.01432
61.7  349.76633
61.6  325.17854
61.5  353.42292
61.4  330.41213
61.3  334.53441
61.2  340.5971
61.1  352.89801
61  332.63318
60.9  336.66116
60.8  331.46062
60.7  335.36581
60.6  358.75812
60.5  325.9201
60.4  329.50513
60.3  345.15962
60.2  351.23115
60.1  345.50769
60  343.38402
59.9  341.77969
59.8  337.85144
59.7  318.511
59.6  329.35956
59.5  340.60378
59.4  354.34516
59.3  323.69346
59.2  323.50626
59.1  323.69652
59  322.61638
58.9  315.71473
58.8  325.53086
58.7  335.10763
58.6  316.41433
58.5  333.68973
58.4  346.80565
58.3  348.00381
58.2  349.03606
58.1  344.91022
58  340.32086
57.9  335.55116
57.8  337.80083
57.7  340.05315
57.6  345.27592
57.5  345.04517
57.4  333.7379
57.3  339.26497
57.2  329.91476
57.1  350.57212
57  339.49584

# Operation:                    Peak Fit
# Parameter: "Transition" = 
# Parameter: "Label" = 
# Parameter: "Background Method" = Tougaard
# Parameter: "Peak Shape" = Voigt
# Parameter: "Asymmetric Peak" = false
# Parameter: "FWHM-Annotation" = S-B = <Signal-BG:@>\nFWHM = <FWHM:@>\nArea = <Area:@>
# Parameter: "Peak-Annotation" = <Label>\n<Transition>\nE = <Center:@>
#
# Result:
# Number of Results:            2
# Parameter: "Transition" = 
# Parameter: "Label" = 
# Parameter: "Center" = 77.58066644044834 eV +- 0.018417597721951617
# Parameter: "Area" = 791.22055371067722 cps eV +- 23.385473614344733
# Parameter: "FWHM (Lorentzian)" = 0.86076818566693492 eV +- 0.16405698798263998
# Parameter: "FWHM (Gaussian)" = 1.8661695814949752 eV +- 0.14095760953171424
# Parameter: "Asymmetry" = 0 +- 0
# Parameter: "Tougaard B" = 6234.4895906111396 eV^2 +- 652.7699159826708
# Parameter: "Tougaard C" = 1643 eV^2 +- 0
# Parameter: "FWHM" = 2.3688496555612737 eV
# Parameter: "Baseline Offset" = 343.99461471819097 cps +- 1.0238917764850446
# Parameter: "Abbe factor" = 0.65191134803409023
# Parameter: "Reduced Chi Square" = 1.1206315462025822
# Parameter: "Q Probability" = 0.066342197914780854
# Parameter: "Number of performed iterations" = 13
# Parameter: "Fit termination reason" = ConvergedInChi
# Parameter: "Signal" = 616.17303067940475 cps
# Parameter: "Signal-BG" = 270.98950690203844 cps
#
# Result Name:                  Background
# Number of Curves:             1
#
# Curve:                        0
# Values/Curve:                 280
#
90  363.77208
89.88172  363.62302
89.763441  363.47309
89.645161  363.3223
89.526882  363.17064
89.408602  363.01812
89.290323  362.86473
89.172043  362.71048
89.053763  362.55537
88.935484  362.3994
88.817204  362.24257
88.698925  362.08489
88.580645  361.92635
88.462366  361.76696
88.344086  361.60672
88.225806  361.44564
88.107527  361.28371
87.989247  361.12094
87.870968  360.95734
87.752688  360.7929
87.634409  360.62763
87.516129  360.46153
87.397849  360.29461
87.27957  360.12688
87.16129  359.95833
87.043011  359.78897
86.924731  359.61881
86.806452  359.44785
86.688172  359.2761
86.569892  359.10357
86.451613  358.93025
86.333333  358.75616
86.215054  358.58129
86.096774  358.40567
85.978495  358.22929
85.860215  358.05217
85.741935  357.8743
85.623656  357.6957
85.505376  357.51638
85.387097  357.33634
85.268817  357.15559
85.150538  356.97414
85.032258  356.792
84.913978  356.60918
84.795699  356.42568
84.677419  356.24153
84.55914  356.05672
84.44086  355.87127
84.322581  355.68519
84.204301  355.49849
84.086022  355.31118
83.967742  355.12327
83.849462  354.93478
83.731183  354.74572
83.612903  354.5561
83.494624  354.36593
83.376344  354.17522
83.258065  353.984
83.139785  353.79228
83.021505  353.60007
82.903226  353.40738
82.784946  353.21424
82.666667  353.02065
82.548387  352.82665
82.430108  352.63223
82.311828  352.43744
82.193548  352.24227
82.075269  352.04677
81.956989  351.85093
81.83871  351.6548
81.72043  351.45839
81.602151  351.26173
81.483871  351.06485
81.365591  350.86777
81.247312  350.67053
81.129032  350.47316
81.010753  350.27569
80.892473  350.07818
80.774194  349.88065
80.655914  349.68317
80.537634  349.48579
80.419355  349.28858
80.301075  349.0916
80.182796  348.89494
80.064516  348.69871
79.946237  348.50303
79.827957  348.30802
79.709677  348.11387
79.591398  347.92076
79.473118  347.72893
79.354839  347.53866
79.236559  347.35026
79.11828  347.1641
79  346.9806
78.88172  346.80024
78.763441  346.62352
78.645161  346.45101
78.526882  346.28331
78.408602  346.12103
78.290323  345.96479
78.172043  345.81517
78.053763  345.67274
77.935484  345.538
77.817204  345.41136
77.698925  345.29313
77.580645  345.1835
77.462366  345.08256
77.344086  344.99024
77.225806  344.90636
77.107527  344.83063
76.989247  344.76263
76.870968  344.70189
76.752688  344.64787
76.634409  344.59999
76.516129  344.55763
76.397849  344.52021
76.27957  344.48714
76.16129  344.45787
76.043011  344.43191
75.924731  344.40879
75.806452  344.3881
75.688172  344.3695
75.569892  344.35268
75.451613  344.33738
75.333333  344.32338
75.215054  344.31049
75.096774  344.29856
74.978495  344.28747
74.860215  344.27711
74.741935  344.26739
74.623656  344.25823
74.505376  344.24959
74.387097  344.24141
74.268817  344.23364
74.150538  344.22624
74.032258  344.21919
73.913978  344.21245
73.795699  344.20601
73.677419  344.19983
73.55914  344.19391
73.44086  344.18821
73.322581  344.18274
73.204301  344.17747
73.086022  344.17239
72.967742  344.16749
72.849462  344.16277
72.731183  344.1582
72.612903  344.15378
72.494624  344.14951
72.376344  344.14537
72.258065  344.14137
72.139785  344.13749
72.021505  344.13372
71.903226  344.13007
71.784946  344.12652
71.666667  344.12308
71.548387  344.11973
71.430108  344.11648
71.311828  344.11332
71.193548  344.11025
71.075269  344.10725
70.956989  344.10434
70.83871  344.1015
70.72043  344.09874
70.602151  344.09605
70.483871  344.09343
70.365591  344.09087
70.247312  344.08838
70.129032  344.08595
70.010753  344.08358
69.892473  344.08127
69.774194  344.07901
69.655914  344.07681
69.537634  344.07465
69.419355  344.07255
69.301075  344.0705
69.182796  344.0685
69.064516  344.06654
68.946237  344.06463
68.827957  344.06277
68.709677  344.06094
68.591398  344.05916
68.473118  344.05741
68.354839  344.05571
68.236559  344.05404
68.11828  344.05242
68  344.05082
67.88172  344.04927
67.763441  344.04775
67.645161  344.04626
67.526882  344.0448
67.408602  344.04338
67.290323  344.04199
67.172043  344.04063
67.053763  344.03929
66.935484  344.03799
66.817204  344.03672
66.698925  344.03547
66.580645  344.03426
66.462366  344.03306
66.344086  344.0319
66.225806  344.03076
66.107527  344.02965
65.989247  344.02856
65.870968  344.02749
65.752688  344.02645
65.634409  344.02543
65.516129  344.02444
65.397849  344.02347
65.27957  344.02252
65.16129  344.02159
65.043011  344.02068
64.924731  344.01979
64.806452  344.01893
64.688172  344.01808
64.569892  344.01725
64.451613  344.01645
64.333333  344.01566
64.215054  344.01489
64.096774  344.01414
63.978495  344.01341
63.860215  344.01269
63.741935  344.012
63.623656  344.01132
63.505376  344.01065
63.387097  344.01001
63.268817  344.00938
63.150538  344.00876
63.032258  344.00817
62.913978  344.00759
62.795699  344.00702
62.677419  344.00647
62.55914  344.00593
62.44086  344.00541
62.322581  344.00491
62.204301  344.00442
62.086022  344.00394
61.967742  344.00348
61.849462  344.00303
61.731183  344.00259
61.612903  344.00217
61.494624  344.00176
61.376344  344.00136
61.258065  344.00098
61.139785  344.00061
61.021505  344.00025
60.903226  343.99991
60.784946  343.99958
60.666667  343.99926
60.548387  343.99895
60.430108  343.99865
60.311828  343.99837
60.193548  343.99809
60.075269  343.99783
59.956989  343.99758
59.83871  343.99734
59.72043  343.99711
59.602151  343.9969
59.483871  343.99669
59.365591  343.99649
59.247312  343.99631
59.129032  343.99613
59.010753  343.99597
58.892473  343.99581
58.774194  343.99567
58.655914  343.99553
58.537634  343.99541
58.419355  343.99529
58.301075  343.99518
58.182796  343.99509
58.064516  343.995
57.946237  343.99492
57.827957  343.99485
57.709677  343.99479
57.591398  343.99474
57.473118  343.9947
57.354839  343.99466
57.236559  343.99464
57.11828  343.99462
57  343.99461

# Result Name:                  Peak Fit
# Number of Curves:             1
#
# Curve:                        0
# Values/Curve:                 280
#
90  364.48273
89.88172  364.34756
89.763441  364.21193
89.645161  364.07587
89.526882  363.93939
89.408602  363.80251
89.290323  363.66526
89.172043  363.52764
89.053763  363.38969
88.935484  363.25143
88.817204  363.11289
88.698925  362.97408
88.580645  362.83505
88.462366  362.69582
88.344086  362.55642
88.225806  362.41689
88.107527  362.27725
87.989247  362.13756
87.870968  361.99785
87.752688  361.85817
87.634409  361.71855
87.516129  361.57906
87.397849  361.43973
87.27957  361.30062
87.16129  361.1618
87.043011  361.02332
86.924731  360.88524
86.806452  360.74765
86.688172  360.61061
86.569892  360.47421
86.451613  360.33852
86.333333  360.20364
86.215054  360.06967
86.096774  359.93671
85.978495  359.80487
85.860215  359.67428
85.741935  359.54506
85.623656  359.41734
85.505376  359.29129
85.387097  359.16706
85.268817  359.04483
85.150538  358.92477
85.032258  358.80711
84.913978  358.69205
84.795699  358.57985
84.677419  358.47075
84.55914  358.36505
84.44086  358.26306
84.322581  358.16511
84.204301  358.07158
84.086022  357.98288
83.967742  357.89946
83.849462  357.82182
83.731183  357.75051
83.612903  357.68614
83.494624  357.62938
83.376344  357.581
83.258065  357.54183
83.139785  357.51282
83.021505  357.49504
82.903226  357.48969
82.784946  357.49814
82.666667  357.52192
82.548387  357.56282
82.430108  357.62287
82.311828  357.7044
82.193548  357.81015
82.075269  357.9433
81.956989  358.10758
81.83871  358.30742
81.72043  358.5481
81.602151  358.83597
81.483871  359.17875
81.365591  359.58588
81.247312  360.069
81.129032  360.64259
81.010753  361.32478
80.892473  362.13835
80.774194  363.11197
80.655914  364.28177
80.537634  365.69305
80.419355  367.40228
80.301075  369.47913
80.182796  372.00836
80.064516  375.09126
79.946237  378.84627
79.827957  383.40808
79.709677  388.9248
79.591398  395.55241
79.473118  403.44606
79.354839  412.74801
79.236559  423.57208
79.11828  435.98553
79  449.98934
78.88172  465.499
78.763441  482.32803
78.645161  500.17714
78.526882  518.63153
78.408602  537.1686
78.290323  555.17733
78.172043  571.98912
78.053763  586.91848
77.935484  599.31031
77.817204  608.58918
77.698925  614.30549
77.580645  616.17301
77.462366  614.09351
77.344086  608.1653
77.225806  598.67469
77.107527  586.07136
76.989247  570.93077
76.870968  553.90808
76.752688  535.68877
76.634409  516.94145
76.516129  498.27714
76.397849  480.2184
76.27957  463.18
76.16129  447.46123
76.043011  433.24851
75.924731  420.62636
75.806452  409.59377
75.688172  400.08348
75.569892  391.98166
75.451613  385.14607
75.333333  379.42156
75.215054  374.65217
75.096774  370.68981
74.978495  367.39981
74.860215  364.66375
74.741935  362.38034
74.623656  360.46486
74.505376  358.84765
74.387097  357.47227
74.268817  356.29342
74.150538  355.27499
74.032258  354.38833
73.913978  353.61066
73.795699  352.92389
73.677419  352.31353
73.55914  351.76796
73.44086  351.27776
73.322581  350.83521
73.204301  350.43398
73.086022  350.0688
72.967742  349.73526
72.849462  349.42963
72.731183  349.14873
72.612903  348.88987
72.494624  348.6507
72.376344  348.4292
72.258065  348.22361
72.139785  348.0324
72.021505  347.8542
71.903226  347.68784
71.784946  347.53224
71.666667  347.38649
71.548387  347.24973
71.430108  347.12123
71.311828  347.00032
71.193548  346.8864
71.075269  346.77892
70.956989  346.6774
70.83871  346.58139
70.72043  346.4905
70.602151  346.40435
70.483871  346.32262
70.365591  346.24501
70.247312  346.17123
70.129032  346.10104
70.010753  346.03419
69.892473  345.97048
69.774194  345.90971
69.655914  345.8517
69.537634  345.79628
69.419355  345.74329
69.301075  345.6926
69.182796  345.64406
69.064516  345.59757
68.946237  345.55299
68.827957  345.51024
68.709677  345.4692
68.591398  345.42978
68.473118  345.39191
68.354839  345.35549
68.236559  345.32046
68.11828  345.28675
68  345.25428
67.88172  345.223
67.763441  345.19285
67.645161  345.16377
67.526882  345.13572
67.408602  345.10864
67.290323  345.0825
67.172043  345.05724
67.053763  345.03283
66.935484  345.00923
66.817204  344.98641
66.698925  344.96432
66.580645  344.94295
66.462366  344.92225
66.344086  344.90221
66.225806  344.88279
66.107527  344.86396
65.989247  344.84571
65.870968  344.82801
65.752688  344.81084
65.634409  344.79418
65.516129  344.77801
65.397849  344.7623
65.27957  344.74705
65.16129  344.73223
65.043011  344.71783
64.924731  344.70383
64.806452  344.69022
64.688172  344.67699
64.569892  344.66411
64.451613  344.65158
64.333333  344.63939
64.215054  344.62753
64.096774  344.61597
63.978495  344.60472
63.860215  344.59376
63.741935  344.58309
63.623656  344.57268
63.505376  344.56254
63.387097  344.55266
63.268817  344.54302
63.150538  344.53362
63.032258  344.52446
62.913978  344.51551
62.795699  344.50679
62.677419  344.49828
62.55914  344.48997
62.44086  344.48186
62.322581  344.47394
62.204301  344.46621
62.086022  344.45865
61.967742  344.45128
61.849462  344.44407
61.731183  344.43704
61.612903  344.43016
61.494624  344.42344
61.376344  344.41687
61.258065  344.41045
61.139785  344.40417
61.021505  344.39803
60.903226  344.39203
60.784946  344.38616
60.666667  344.38042
60.548387  344.3748
60.430108  344.36931
60.311828  344.36394
60.193548  344.35868
60.075269  344.35353
59.956989  344.3485
59.83871  344.34357
59.72043  344.33874
59.602151  344.33402
59.483871  344.3294
59.365591  344.32488
59.247312  344.32044
59.129032  344.31611
59.010753  344.31186
58.892473  344.3077
58.774194  344.30362
58.655914  344.29963
58.537634  344.29572
58.419355  344.29189
58.301075  344.28814
58.182796  344.28447
58.064516  344.28087
57.946237  344.27734
57.827957  344.27388
57.709677  344.2705
57.591398  344.26718
57.473118  344.26393
57.354839  344.26074
57.236559  344.25762
57.11828  344.25456
57  344.25156

# Group:                        Spectrum Group
#
# Region:                       Overall
# Spectrum ID:                  8
# Acquisition Date:             04/22/26 19:15:40 UTC
# Analysis Method:              XPS
# Analyzer:                     PHOIBOS MCD5 Analyzer
# Analyzer Lens:                LargeArea:1.5kV
# Analyzer Slit:                5:7x20\B:open
# Scan Mode:                    FixedAnalyzerTransmission
# Curves/Scan:                  1
# Values/Curve:                 1002
# Dwell Time:                   0.5
# Excitation Energy:            1486.61
# Binding Energy:               1000
# Pass Energy:                  50
# Bias Voltage:                 90
# Detector Voltage:             3000
# Eff. Workfunction:            4.543
# Source:                       X-Ray Dummy
# Comment:                      Aluminum anode
#
# Cycle: 0
# Number of Scans: 1
#
# Cycle: 0, Curve: 0
# Acquisition Date:             04/22/26 19:15:40 UTC
#
# ColumnLabels:                 energy counts/s
#
1000  41373.992
999.001  41046.851
998.002  41255.465
997.003  40910.735
996.004  40100.268
995.005  39916.959
994.00599  39295.988
993.00699  38776.248
992.00799  38619.926
991.00899  38703.399
990.00999  38637.371
989.01099  38937.752
988.01199  40039.612
987.01299  41005.728
986.01399  42152.273
985.01499  43634.59
984.01598  45790.434
983.01698  47698.434
982.01798  47845.079
981.01898  46789.164
980.01998  45206.153
979.02098  43781.378
978.02198  42572.227
977.02298  41259.416
976.02398  40366.016
975.02498  39231.467
974.02597  38103.269
973.02697  37113.218
972.02797  35706.561
971.02897  34815.534
970.02997  33923.137
969.03097  32972.535
968.03197  32455.271
967.03297  31918.748
966.03397  31692.202
965.03497  31304.438
964.03596  31096.036
963.03696  31742.143
962.03796  31493.235
961.03896  31247.979
960.03996  31358.589
959.04096  31311.538
958.04196  31187.115
957.04296  31116.908
956.04396  31145.785
955.04496  31273.874
954.04595  31309.244
953.04695  31468.728
952.04795  31505.663
951.04895  31298.613
950.04995  31160.946
949.05095  31150.894
948.05195  31169.9
947.05295  31105.873
946.05395  31203.404
945.05495  31586.905
944.05594  31673.134
943.05694  31374.618
942.05794  30964.703
941.05894  31092.613
940.05994  31411.568
939.06094  31306.837
938.06194  31172.64
937.06294  31126.072
936.06394  31286.683
935.06494  31382.479
934.06593  31609.4
933.06693  31572.938
932.06793  31407.314
931.06893  31224.137
930.06993  31557.684
929.07093  31663.661
928.07193  31540.139
927.07293  31363.889
926.07393  31180.815
925.07493  31330.445
924.07592  31393.136
923.07692  31619.689
922.07792  31661.12
921.07892  31304.228
920.07992  31134.669
919.08092  31137.832
918.08192  31103.037
917.08292  30927.398
916.08392  30948.57
915.08492  31163.611
914.08591  31144.908
913.08691  31102.664
912.08791  31038.548
911.08891  31146.858
910.08991  31161.108
909.09091  31007.479
908.09191  31158.431
907.09291  31197.991
906.09391  31181.241
905.09491  31237.77
904.0959  31247.862
903.0969  31185.649
902.0979  30690.729
901.0989  30740.333
900.0999  30941.701
899.1009  30870.554
898.1019  31202.044
897.1029  31284.756
896.1039  31361.265
895.1049  30958.214
894.10589  30861.344
893.10689  30926.123
892.10789  30768.084
891.10889  30732.718
890.10989  30870.655
889.11089  30739.554
888.11189  30698.53
887.11289  30411.96
886.11389  30344.997
885.11489  30214.46
884.11588  29734.835
883.11688  29582.022
882.11788  29600.17
881.11888  29762.142
880.11988  29401.839
879.12088  29375.085
878.12188  29762.506
877.12288  29617.195
876.12388  29231.418
875.12488  29183.535
874.12587  29330.164
873.12687  29612.026
872.12787  29671.737
871.12887  29530.458
870.12987  29483.221
869.13087  29154.888
868.13187  29225.09
867.13287  29154.654
866.13387  29007.011
865.13487  29181.844
864.13586  29394.624
863.13686  29283.454
862.13786  29119.583
861.13886  29355.911
860.13986  29325.078
859.14086  29128.61
858.14186  29241.997
857.14286  29260.295
856.14386  29072.421
855.14486  29219.078
854.14585  29150.361
853.14685  29339.835
852.14785  29675.972
851.14885  29360.633
850.14985  29508.584
849.15085  29877.877
848.15185  29646.028
847.15285  29181.436
846.15385  29258.409
845.15485  29414.667
844.15584  29366.78
843.15684  29513.098
842.15784  29270.665
841.15884  28889.302
840.15984  29157.771
839.16084  29100.928
838.16184  28753.684
837.16284  28799.567
836.16384  28947.879
835.16484  28796.942
834.16583  28262.888
833.16683  27885.064
832.16783  27565.461
831.16883  27119.346
830.16983  26915.324
829.17083  27138.819
828.17183  26744.287
827.17283  26579.252
826.17383  26800.125
825.17483  26755.483
824.17582  26778.21
823.17682  26686.272
822.17782  26589.627
821.17882  26571.079
820.17982  26703.733
819.18082  26848.457
818.18182  26778.698
817.18282  26571.624
816.18382  26324.144
815.18482  26349.029
814.18581  26498.705
813.18681  26474.064
812.18781  26515.562
811.18881  26655.935
810.18981  26591.293
809.19081  26379.525
808.19181  26476.446
807.19281  26723.699
806.19381  26731.919
805.19481  26743.01
804.1958  26558.342
803.1968  26600.006
802.1978  26773.522
801.1988  26586.899
800.1998  26421.485
799.2008  26593.931
798.2018  26505.249
797.2028  25991.992
796.2038  26276.897
795.2048  26687.153
794.20579  26463.732
793.20679  26643.355
792.20779  26662.181
791.20879  26565.688
790.20979  26748.097
789.21079  27034.457
788.21179  26915.372
787.21279  27105.429
786.21379  27276.373
785.21479  27243.758
784.21578  27376.521
783.21678  27466.192
782.21778  27111.06
781.21878  26585.402
780.21978  26325.184
779.22078  25968.979
778.22178  25370.664
777.22278  25442.143
776.22378  25283.065
775.22478  24969.264
774.22577  25167.356
773.22677  24995.818
772.22777  25214.506
771.22877  24834.197
770.22977  24802.642
769.23077  25085.381
768.23177  25146.437
767.23277  25089.252
766.23377  24675.429
765.23477  24445.623
764.23576  24307.522
763.23676  24403.061
762.23776  24335.251
761.23876  24168.482
760.23976  24079.115
759.24076  24019.457
758.24176  24060.977
757.24276  24047.91
756.24376  23991.447
755.24476  24181.183
754.24575  24231.935
753.24675  24020.03
752.24775  24115.252
751.24875  24011.095
750.24975  23940.476
749.25075  23969.187
748.25175  24002.018
747.25275  24173.834
746.25375  24830.044
745.25475  25594.083
744.25574  26221.179
743.25674  26484.904
742.25774  26004.356
741.25874  25189.252
740.25974  24259.69
739.26074  24038.114
738.26174  24005.779
737.26274  23762.84
736.26374  23785.771
735.26474  23811.449
734.26573  23786.251
733.26673  23665.092
732.26773  23784.386
731.26873  24087.116
730.26973  23937.728
729.27073  23627.978
728.27173  23992.394
727.27273  24123.346
726.27373  24265.606
725.27473  24447.663
724.27572  24352.525
723.27672  24119.199
722.27772  23844.803
721.27872  23506.299
720.27972  23348.143
719.28072  23156.92
718.28172  23205.646
717.28272  23256.731
716.28372  23008.115
715.28472  23026.172
714.28571  23102.548
713.28671  23409.826
712.28771  23872.53
711.28871  24123.161
710.28971  23610.744
709.29071  22486.195
708.29171  21383.121
707.29271  20899.749
706.29371  20859.765
705.29471  20495.764
704.2957  20246.909
703.2967  20155.577
702.2977  20197.841
701.2987  20344.814
700.2997  20294.223
699.3007  20074.923
698.3017  20022.647
697.3027  20034.913
696.3037  19747.638
695.3047  19583.742
694.30569  19479.054
693.30669  19725.265
692.30769  19790.488
691.30869  19687.488
690.30969  19636.729
689.31069  19869.41
688.31169  19717.963
687.31269  19642.53
686.31369  19713.203
685.31469  19730.54
684.31568  19691.907
683.31668  19574.553
682.31768  19487.358
681.31868  19812.766
680.31968  19647.843
679.32068  19466.309
678.32168  19623.958
677.32268  19570.848
676.32368  19654.583
675.32468  19608.427
674.32567  19526.471
673.32667  19637.7
672.32767  19701.366
671.32867  19634.501
670.32967  19615.428
669.33067  19523.73
668.33167  19516.08
667.33267  19471.058
666.33367  19477.464
665.33467  19375.835
664.33566  19313.193
663.33666  19368.228
662.33766  19265.031
661.33866  19627.717
660.33966  19700.483
659.34066  19605.669
658.34166  19519.943
657.34266  19420.305
656.34366  19748.19
655.34466  19736.685
654.34565  19655.335
653.34665  19718.359
652.34765  19521.525
651.34865  19542.809
650.34965  19777.842
649.35065  19804.511
648.35165  19734.302
647.35265  19540.238
646.35365  19388.624
645.35465  19448.637
644.35564  19520.402
643.35664  19475.11
642.35764  19473.583
641.35864  19447.641
640.35964  19512.971
639.36064  19634.422
638.36164  19624.622
637.36264  19322.067
636.36364  19179.195
635.36464  19257.363
634.36563  19350.989
633.36663  19542.49
632.36763  19357.724
631.36863  19135.271
630.36963  19135.977
629.37063  19281.352
628.37163  19281.747
627.37263  19279.125
626.37363  19393.435
625.37463  19204.98
624.37562  19112.532
623.37662  19330.87
622.37762  19452.22
621.37862  19286.342
620.37962  19286.576
619.38062  19415.013
618.38162  19316.312
617.38262  19334.223
616.38362  19357.568
615.38462  19523.7
614.38561  19727.564
613.38661  19541.294
612.38761  19191.255
611.38861  19328.269
610.38961  19454.051
609.39061  19730.592
608.39161  19543.899
607.39261  19303.968
606.39361  19142.514
605.39461  19317.817
604.3956  19624.517
603.3966  19566.935
602.3976  19532.402
601.3986  19302.339
600.3996  19381.971
599.4006  19469.786
598.4016  19502.007
597.4026  19194.303
596.4036  19227.13
595.4046  19319.827
594.40559  19261.975
593.40659  19306.873
592.40759  19394.452
591.40859  19454.911
590.40959  19460.356
589.41059  19404.188
588.41159  19537.134
587.41259  19767.089
586.41359  20021.348
585.41459  19769.603
584.41558  19600.879
583.41658  19487.27
582.41758  19441.255
581.41858  19711.006
580.41958  19743.047
579.42058  19678.713
578.42158  19686.818
577.42258  19820.555
576.42358  20016.159
575.42458  19845.031
574.42557  19223.417
573.42657  19077.877
572.42757  19055.988
571.42857  19177.26
570.42957  18851.364
569.43057  18805.693
568.43157  19008.394
567.43257  18839.623
566.43357  18783.356
565.43457  19002.336
564.43556  19359.002
563.43656  19770.534
562.43756  20181.979
561.43856  20330.436
560.43956  20405.459
559.44056  20622.829
558.44156  20582.625
557.44256  20661.78
556.44356  20391.938
555.44456  19738.631
554.44555  19321.062
553.44655  18864.439
552.44755  18426.731
551.44855  18157.343
550.44955  17747.074
549.45055  17421.619
548.45155  16979.405
547.45255  16585.793
546.45355  16256.844
545.45455  15642.906
544.45554  14913.371
543.45654  14537.72
542.45754  14497.729
541.45854  14354.044
540.45954  14370.814
539.46054  15112.362
538.46154  17581.388
537.46254  24313.354
536.46354  34932.151
535.46454  44107.126
534.46553  44244.891
533.46653  35277.076
532.46753  25397.746
531.46853  20001.776
530.46953  18056.802
529.47053  16362.43
528.47153  14413.969
527.47253  13596.803
526.47353  13992.144
525.47453  14734.086
524.47552  14858.999
523.47652  14247.874
522.47752  13490.103
521.47852  12896.013
520.47952  12149.19
519.48052  11891.097
518.48152  11665.846
517.48252  11590.924
516.48352  11566.505
515.48452  11494.067
514.48551  11507.216
513.48651  11413.576
512.48751  11174.759
511.48851  11507.101
510.48951  11391.588
509.49051  11357.91
508.49151  11334.192
507.49251  11235.957
506.49351  11110.513
505.49451  11185.145
504.4955  11039.759
503.4965  11148.896
502.4975  11469.002
501.4985  11313.025
500.4995  11178.414
499.5005  11071.067
498.5015  10869.06
497.5025  10922.698
496.5035  10915.818
495.5045  10939.801
494.50549  10818.598
493.50649  10796.03
492.50749  10861.411
491.50849  10784.773
490.50949  10932.761
489.51049  10864.862
488.51149  10939.07
487.51249  11065.068
486.51349  11227.148
485.51449  11049.64
484.51548  10854.531
483.51648  10855.962
482.51748  10875.095
481.51848  10708.113
480.51948  10617.672
479.52048  10660.364
478.52148  10573.013
477.52248  10645.169
476.52348  10709.205
475.52448  10596.764
474.52547  10496.821
473.52647  10481.159
472.52747  10534.538
471.52847  10656.504
470.52947  10678.492
469.53047  10853.708
468.53147  10846.03
467.53247  10908.652
466.53347  10937.002
465.53447  10698.155
464.53546  10828.132
463.53646  10781.606
462.53746  10663.274
461.53846  10564.056
460.53946  10472.08
459.54046  10353.131
458.54146  10385.399
457.54246  10283.185
456.54346  10263.534
455.54446  10183.647
454.54545  10397.646
453.54645  10397.176
452.54745  10334.224
451.54845  10621.386
450.54945  10562.487
449.55045  10416.439
448.55145  10405.637
447.55245  10464.864
446.55345  10213.383
445.55445  10304.763
444.55544  10425.729
443.55644  10326.533
442.55744  10291.825
441.55844  10378.634
440.55944  10490.333
439.56044  10500.35
438.56144  10331.322
437.56244  10391.175
436.56344  10463.445
435.56444  10422.962
434.56543  10501.746
433.56643  10413.755
432.56743  10242.449
431.56843  10397.688
430.56943  10438.479
429.57043  10622.632
428.57143  10685.822
427.57243  10517.075
426.57343  10605.748
425.57443  10462.411
424.57542  10369.613
423.57642  10504.077
422.57742  10571.926
421.57842  10440.899
420.57942  10516.218
419.58042  10698.332
418.58142  10826.376
417.58242  10491.949
416.58342  10330.948
415.58442  10355.652
414.58541  10393.596
413.58641  10243.192
412.58741  10092.226
411.58841  9941.5655
410.58941  9858.2385
409.59041  9885.7785
408.59141  9991.3866
407.59241  10176.778
406.59341  10175.39
405.59441  10384.627
404.5954  10508.862
403.5964  10801.274
402.5974  10981.718
401.5984  10951.013
400.5994  10628.24
399.6004  10341.674
398.6014  10063.524
397.6024  9835.2738
396.6034  9749.1365
395.6044  9796.9214
394.60539  9878.1584
393.60639  9955.7834
392.60739  10091.543
391.60839  10187.193
390.60939  10044.246
389.61039  10139.535
388.61139  9934.9332
387.61239  9957.6258
386.61339  9986.969
385.61439  9871.5007
384.61538  9834.0337
383.61638  9870.8895
382.61738  9789.1026
381.61838  9547.4068
380.61938  9638.6025
379.62038  9728.2706
378.62138  9749.9834
377.62238  9693.3508
376.62338  9747.0514
375.62438  9888.4583
374.62537  9712.9413
373.62637  9728.3396
372.62737  9685.7038
371.62837  9407.2098
370.62937  9641.9758
369.63037  9767.69
368.63137  9635.2983
367.63237  9595.8113
366.63337  9580.2563
365.63437  9561.371
364.63536  9556.6273
363.63636  9504.0621
362.63736  9662.5118
361.63836  9704.8363
360.63936  9773.5513
359.64036  9746.7102
358.64136  9787.8379
357.64236  10129.233
356.64336  10447.964
355.64436  10475.948
354.64535  10460.727
353.64635  10136.105
352.64735  9769.4863
351.64835  9560.4032
350.64935  9682.668
349.65035  9659.5892
348.65135  9477.9432
347.65235  9522.0215
346.65335  9541.6173
345.65435  9423.3174
344.65534  9278.1517
343.65634  9532.2985
342.65734  9673.5641
341.65834  9772.0121
340.65934  9780.0914
339.66034  9579.4287
338.66134  9506.894
337.66234  9500.2104
336.66334  9446.8097
335.66434  9428.2418
334.66533  9567.4012
333.66633  9628.9459
332.66733  9642.1067
331.66833  9748.2776
330.66933  9511.7686
329.67033  9440.6422
328.67133  9419.5138
327.67233  9264.1157
326.67333  9326.0579
325.67433  9254.0853
324.67532  9131.4197
323.67632  9089.0229
322.67732  9100.6485
321.67832  9098.8376
320.67932  9076.8533
319.68032  8986.7284
318.68132  8899.1759
317.68232  8951.1824
316.68332  9122.1927
315.68432  9374.0965
314.68531  9430.3103
313.68631  9662.8828
312.68731  10611.046
311.68831  11910.705
310.68931  12792.696
309.69031  12239.608
308.69131  10911.594
307.69231  9903.5502
306.69331  9083.4093
305.69431  8689.2647
304.6953  8521.8009
303.6963  8416.9934
302.6973  8292.3732
301.6983  8233.7831
300.6993  8230.7391
299.7003  8181.6659
298.7013  8137.5213
297.7023  8117.825
296.7033  8057.2942
295.7043  8118.3671
294.70529  8094.7676
293.70629  8184.8436
292.70729  8369.6929
291.70829  8403.882
290.70929  8489.8925
289.71029  9169.99
288.71129  9746.5103
287.71229  9812.3247
286.71329  9610.6969
285.71429  9549.3638
284.71528  9443.1722
283.71628  8703.9098
282.71728  8124.7828
281.71828  8009.9148
280.71928  7791.5084
279.72028  7848.7259
278.72128  7931.3368
277.72228  7957.6882
276.72328  8038.3909
275.72428  8026.0819
274.72527  7947.242
273.72627  7892.4112
272.72727  7975.1675
271.72827  7945.0273
270.72927  7868.2376
269.73027  7906.1504
268.73127  7783.1777
267.73227  7810.0036
266.73327  7885.5896
265.73427  7918.1813
264.73526  7888.8688
263.73626  7923.1046
262.73726  7962.5285
261.73826  7907.5665
260.73926  8007.8566
259.74026  8006.5001
258.74126  7821.9633
257.74226  7642.062
256.74326  7839.4179
255.74426  7987.5086
254.74525  7912.6118
253.74625  7761.1163
252.74725  7714.5724
251.74825  7848.9426
250.74925  7918.3258
249.75025  7768.3765
248.75125  7803.0656
247.75225  7841.3679
246.75325  7830.6833
245.75425  7685.7209
244.75524  7644.5964
243.75624  7630.8779
242.75724  7821.2022
241.75824  7786.9343
240.75924  8231.6379
239.76024  8760.3912
238.76124  8826.2087
237.76224  9119.8292
236.76324  9288.8681
235.76424  8857.4729
234.76523  8222.3143
233.76623  7777.4744
232.76723  7538.7386
231.76823  7466.2246
230.76923  7449.1889
229.77023  7435.68
228.77123  7398.0509
227.77223  7308.7472
226.77323  7256.9144
225.77423  7247.4033
224.77522  7360.8003
223.77622  7276.1078
222.77722  7200.2867
221.77822  7078.4478
220.77922  7081.9929
219.78022  7130.7229
218.78122  7133.3819
217.78222  7113.5794
216.78322  7182.4688
215.78422  7197.707
214.78521  7026.0676
213.78621  7114.2436
212.78721  7196.1331
211.78821  7077.7806
210.78921  7007.7837
209.79021  7052.6843
208.79121  7086.6244
207.79221  7103.8136
206.79321  7128.0089
205.79421  7171.628
204.7952  7158.3343
203.7962  7156.7619
202.7972  7132.1836
201.7982  7154.3345
200.7992  7078.2678
199.8002  7140.7946
198.8012  7255.3502
197.8022  7263.7266
196.8032  7344.0647
195.8042  7271.5961
194.80519  7204.1958
193.80619  7343.498
192.80719  7382.1168
191.80819  7323.4662
190.80919  7177.0957
189.81019  7215.1205
188.81119  7261.6546
187.81219  7243.1326
186.81319  7247.8407
185.81419  7346.5268
184.81518  7237.4953
183.81618  7202.8969
182.81718  7127.8427
181.81818  7183.4945
180.81918  7243.3557
179.82018  7245.7927
178.82118  7223.7703
177.82218  7260.4182
176.82318  7158.7261
175.82418  7150.8254
174.82517  7159.7852
173.82617  7234.763
172.82717  7066.1751
171.82817  7072.1225
170.82917  7125.1983
169.83017  6915.4468
168.83117  6986.1669
167.83217  6973.8866
166.83317  6956.1794
165.83417  6893.9271
164.83516  6897.0937
163.83616  6912.3409
162.83716  6897.5513
161.83816  7051.1314
160.83916  7195.3446
159.84016  7566.0009
158.84116  8183.5475
157.84216  8842.2213
156.84316  9067.082
155.84416  8823.718
154.84515  8275.7629
153.84615  7900.2934
152.84715  7562.3589
151.84815  7208.6458
150.84915  7206.7597
149.85015  6928.2529
148.85115  6846.0108
147.85215  6965.2115
146.85315  6940.0845
145.85415  6848.2431
144.85514  6824.7566
143.85614  6799.9499
142.85714  6730.6504
141.85814  6695.118
140.85914  6788.015
139.86014  6986.3128
138.86114  6941.6206
137.86214  6800.344
136.86314  6654.5516
135.86414  6544.712
134.86513  6712.4977
133.86613  6493.0407
132.86713  6411.1247
131.86813  6313.8912
130.86913  6553.5471
129.87013  6565.1471
128.87113  6409.7304
127.87213  6527.0165
126.87313  6654.9827
125.87413  6960.3289
124.87512  7676.0264
123.87612  8555.93
122.87712  9025.0489
121.87812  8452.4516
120.87912  7323.0272
119.88012  6618.4069
118.88112  6290.0196
117.88212  5977.8204
116.88312  5727.3501
115.88412  5756.1215
114.88511  5683.0052
113.88611  5604.981
112.88711  5672.5684
111.88811  5741.3327
110.88911  5824.6681
109.89011  5976.5986
108.89111  6319.1281
107.89211  7068.7491
106.89311  7913.2796
105.89411  8410.474
104.8951  9114.8937
103.8961  9893.8712
102.8971  9879.284
101.8981  8554.2642
100.8991  6669.9523
99.9001  5636.6512
98.901099  5220.3075
97.902098  5037.0153
96.903097  4929.0021
95.904096  4936.5367
94.905095  4929.5126
93.906094  4896.3504
92.907093  4873.0757
91.908092  4743.8615
90.909091  4604.7785
89.91009  4504.4207
88.911089  4458.0708
87.912088  4374.029
86.913087  4221.2033
85.914086  4251.8414
84.915085  4278.3286
83.916084  4234.9003
82.917083  4250.0398
81.918082  4290.0614
80.919081  4643.2602
79.92008  5265.6706
78.921079  6028.0276
77.922078  6144.1616
76.923077  5607.7291
75.924076  4908.6629
74.925075  4447.0338
73.926074  4240.0948
72.927073  4153.286
71.928072  4108.4357
70.929071  4087.5251
69.93007  4147.5507
68.931069  4246.9116
67.932068  4237.5941
66.933067  4206.3504
65.934066  4190.994
64.935065  4154.5641
63.936064  4107.9616
62.937063  4093.9992
61.938062  4167.633
60.939061  3990.2811
59.94006  3921.5605
58.941059  4031.5329
57.942058  4089.8933
56.943057  4152.5904
55.944056  4246.3286
54.945055  4290.6615
53.946054  4104.3447
52.947053  3979.8308
51.948052  3834.0649
50.949051  3668.3287
49.95005  3579.9119
48.951049  3600.4021
47.952048  3662.4634
46.953047  3731.3401
45.954046  3745.6501
44.955045  3762.9849
43.956044  3769.1333
42.957043  3731.1546
41.958042  3598.8014
40.959041  3585.3456
39.96004  3508.459
38.961039  3430.7437
37.962038  3395.616
36.963037  3426.3422
35.964036  3428.9554
34.965035  3393.73
33.966034  3370.6965
32.967033  3379.3758
31.968032  3547.2631
30.969031  3702.5713
29.97003  3836.826
28.971029  4043.3877
27.972028  4125.1423
26.973027  4020.3232
25.974026  3777.2415
24.975025  3518.9863
23.976024  3253.3561
22.977023  3054.4684
21.978022  3016.3457
20.979021  3149.789
19.98002  3263.7671
18.981019  3253.5971
17.982018  3230.1363
16.983017  3281.8378
15.984016  3236.4512
14.985015  3282.3441
13.986014  3288.3705
12.987013  3168.4296
11.988012  3183.2244
10.989011  3312.3554
9.99001  3216.8509
8.991009  3062.2658
7.992008  3031.302
6.993007  3054.596
5.994006  2944.8807
4.995005  2832.9419
3.996004  2811.2784
2.997003  2694.2064
1.998002  2686.1148
0.999001  2743.936
0  2670.4744

# Operation:                    Peak Fit
# Range Start:                  86.6355
# Range End:                    66.5858
# Parameter: "Transition" = 
# Parameter: "Label" = 
# Parameter: "Background Method" = Tougaard
# Parameter: "Peak Shape" = Voigt
# Parameter: "Asymmetric Peak" = false
# Parameter: "FWHM-Annotation" = S-B = <Signal-BG:@>\nFWHM = <FWHM:@>\nArea = <Area:@>
# Parameter: "Peak-Annotation" = <Label>\n<Transition>\nE = <Center:@>
#
# Result:
# Number of Results:            2
# Parameter: "Transition" = 
# Parameter: "Label" = 
# Parameter: "Center" = 78.176177380403942 eV +- 0.070162753209632375
# Parameter: "Area" = 7933.4245841117227 cps eV +- 377.92829030750016
# Parameter: "FWHM (Lorentzian)" = 0 eV +- 0
# Parameter: "FWHM (Gaussian)" = 3.7080025000236367 eV +- 0.17257086074840619
# Parameter: "Asymmetry" = 0 +- 0
# Parameter: "Tougaard B" = 3971.4233626877708 eV^2 +- 3030.366349922504
# Parameter: "Tougaard C" = 1643 eV^2 +- 0
# Parameter: "FWHM" = 3.7080025000236367 eV
# Parameter: "Baseline Offset" = 4171.7211156300182 cps +- 32.817589249642822
# Parameter: "Abbe factor" = 0.56319786765270041
# Parameter: "Reduced Chi Square" = 0.28460102924814024
# Parameter: "Q Probability" = 0.9939855789796761
# Parameter: "Number of performed iterations" = 9
# Parameter: "Fit termination reason" = ConvergedInParameter
# Parameter: "Signal" = 6188.9745830790434 cps
# Parameter: "Signal-BG" = 2009.9648805574759 cps
#
# Result Name:                  Background
# Number of Curves:             1
#
# Curve:                        0
# Values/Curve:                 104
#
85.914086  4256.5375
85.729804  4254.7287
85.545522  4252.9057
85.361241  4251.0688
85.176959  4249.218
84.992677  4247.3538
84.808395  4245.4762
84.624114  4243.5857
84.439832  4241.6824
84.25555  4239.7667
84.071269  4237.8389
83.886987  4235.8992
83.702705  4233.948
83.518423  4231.9858
83.334142  4230.0128
83.14986  4228.0296
82.965578  4226.0367
82.781296  4224.0348
82.597015  4222.0245
82.412733  4220.0068
82.228451  4217.9828
82.044169  4215.9537
81.859888  4213.9212
81.675606  4211.8873
81.491324  4209.8542
81.307042  4207.8249
81.122761  4205.8026
80.938479  4203.7912
80.754197  4201.7952
80.569916  4199.8197
80.385634  4197.8704
80.201352  4195.9537
80.01707  4194.0761
79.832789  4192.245
79.648507  4190.4676
79.464225  4188.7514
79.279943  4187.1038
79.095662  4185.5317
78.91138  4184.0416
78.727098  4182.6391
78.542816  4181.329
78.358535  4180.1147
78.174253  4178.9986
77.989971  4177.9814
77.805689  4177.0627
77.621408  4176.2406
77.437126  4175.5121
77.252844  4174.8727
77.068563  4174.3172
76.884281  4173.8397
76.699999  4173.4335
76.515717  4173.0916
76.331436  4172.8071
76.147154  4172.5728
75.962872  4172.3823
75.77859  4172.2289
75.594309  4172.107
75.410027  4172.0112
75.225745  4171.9368
75.041463  4171.8797
74.857182  4171.8364
74.6729  4171.804
74.488618  4171.78
74.304336  4171.7625
74.120055  4171.7498
73.935773  4171.7408
73.751491  4171.7345
73.567209  4171.7301
73.382928  4171.727
73.198646  4171.725
73.014364  4171.7236
72.830083  4171.7227
72.645801  4171.7221
72.461519  4171.7217
72.277237  4171.7215
72.092956  4171.7213
71.908674  4171.7213
71.724392  4171.7212
71.54011  4171.7212
71.355829  4171.7211
71.171547  4171.7211
70.987265  4171.7211
70.802983  4171.7211
70.618702  4171.7211
70.43442  4171.7211
70.250138  4171.7211
70.065856  4171.7211
69.881575  4171.7211
69.697293  4171.7211
69.513011  4171.7211
69.32873  4171.7211
69.144448  4171.7211
68.960166  4171.7211
68.775884  4171.7211
68.591603  4171.7211
68.407321  4171.7211
68.223039  4171.7211
68.038757  4171.7211
67.854476  4171.7211
67.670194  4171.7211
67.485912  4171.7211
67.30163  4171.7211
67.117349  4171.7211
66.933067  4171.7211

# Result Name:                  Peak Fit
# Number of Curves:             1
#
# Curve:                        0
# Values/Curve:                 104
#
85.914086  4256.5489
85.729804  4254.749
85.545522  4252.941
85.361241  4251.1293
85.176959  4249.3206
84.992677  4247.5251
84.808395  4245.7587
84.624114  4244.045
84.439832  4242.4191
84.25555  4240.9321
84.071269  4239.6573
83.886987  4238.6982
83.702705  4238.1978
83.518423  4238.3505
83.334142  4239.4152
83.14986  4241.7306
82.965578  4245.73
82.781296  4251.956
82.597015  4261.0728
82.412733  4273.8738
82.228451  4291.2812
82.044169  4314.3363
81.859888  4344.1761
81.675606  4381.994
81.491324  4428.9836
81.307042  4486.2649
81.122761  4554.7938
80.938479  4635.2599
80.754197  4727.977
80.569916  4832.7767
80.385634  4948.9127
80.201352  5074.989
80.01707  5208.9222
79.832789  5347.9467
79.648507  5488.6724
79.464225  5627.1938
79.279943  5759.2522
79.095662  5880.4409
78.91138  5986.4415
78.727098  6073.274
78.542816  6137.5414
78.358535  6176.6462
78.174253  6188.9619
77.989971  6173.9419
77.805689  6132.1563
77.621408  6065.2537
77.437126  5975.8507
77.252844  5867.3594
77.068563  5743.7696
76.884281  5609.4046
76.699999  5468.6708
76.515717  5325.8218
76.331436  5184.7542
76.147154  5048.8466
75.962872  4920.8508
75.77859  4802.8365
75.594309  4696.1858
75.410027  4601.6325
75.225745  4519.3344
75.041463  4448.969
74.857182  4389.8404
74.6729  4340.9886
74.488618  4301.2918
74.304336  4269.5558
74.120055  4244.5884
73.935773  4225.2545
73.751491  4210.5156
73.567209  4199.4523
73.382928  4191.2744
73.198646  4185.3206
73.014364  4181.051
72.830083  4178.0348
72.645801  4175.9356
72.461519  4174.4961
72.277237  4173.5234
72.092956  4172.8757
71.908674  4172.4508
71.724392  4172.1759
71.54011  4172.0008
71.355829  4171.8907
71.171547  4171.8226
70.987265  4171.781
70.802983  4171.756
70.618702  4171.7411
70.43442  4171.7324
70.250138  4171.7274
70.065856  4171.7246
69.881575  4171.723
69.697293  4171.7221
69.513011  4171.7217
69.32873  4171.7214
69.144448  4171.7213
68.960166  4171.7212
68.775884  4171.7212
68.591603  4171.7211
68.407321  4171.7211
68.223039  4171.7211
68.038757  4171.7211
67.854476  4171.7211
67.670194  4171.7211
67.485912  4171.7211
67.30163  4171.7211
67.117349  4171.7211
66.933067  4171.7211

# Region:                       Co 2p
# Spectrum ID:                  9
# Acquisition Date:             04/22/26 19:45:19 UTC
# Analysis Method:              XPS
# Analyzer:                     PHOIBOS MCD5 Analyzer
# Analyzer Lens:                LargeArea:1.5kV
# Analyzer Slit:                5:7x20\B:open
# Scan Mode:                    FixedAnalyzerTransmission
# Curves/Scan:                  1
# Values/Curve:                 731
# Dwell Time:                   0.1
# Excitation Energy:            1486.61
# Binding Energy:               825
# Pass Energy:                  50
# Bias Voltage:                 90
# Detector Voltage:             3000
# Eff. Workfunction:            4.543
# Source:                       X-Ray Dummy
# Comment:                      
#
# Cycle: 0
# Number of Scans: 20
#
# Cycle: 0, Curve: 0
# Acquisition Date:             04/22/26 19:45:19 UTC
#
# ColumnLabels:                 energy counts/s
#
825  26008.004
824.9  26034.056
824.8  26213.329
824.7  25943.957
824.6  25997.366
824.5  26001.503
824.4  25894.174
824.3  25926.303
824.2  25914.287
824.1  25936.361
824  26051.519
823.9  25982.923
823.8  25998.928
823.7  25843.774
823.6  26056.894
823.5  25911.255
823.4  25982.974
823.3  25947.741
823.2  26013.097
823.1  26237.013
823  25951.572
822.9  25994.409
822.8  26020.286
822.7  26119.597
822.6  25953.293
822.5  26012.214
822.4  25888.1
822.3  25937.635
822.2  25968.535
822.1  25818.602
822  25917.238
821.9  25964.059
821.8  25956.915
821.7  25945.832
821.6  25818.355
821.5  25929.79
821.4  25835.498
821.3  25978.293
821.2  25846.589
821.1  25937.814
821  25925.05
820.9  26017.616
820.8  25915.941
820.7  25768.196
820.6  25823.25
820.5  25946.104
820.4  25967.583
820.3  25942.278
820.2  25645.678
820.1  25740.571
820  25910.362
819.9  25884.959
819.8  26014.738
819.7  25925.061
819.6  25815.954
819.5  25833.837
819.4  25701.463
819.3  25856.112
819.2  25555.009
819.1  25982.584
819  25904.383
818.9  25785.05
818.8  25865.809
818.7  25830.378
818.6  25832.229
818.5  26030.655
818.4  25654.855
818.3  25445.412
818.2  25876.396
818.1  25831.452
818  25832.95
817.9  25722.742
817.8  25869.898
817.7  25702.491
817.6  25925.839
817.5  25716.863
817.4  25776.85
817.3  25719.777
817.2  25776.015
817.1  25913.278
817  25733.641
816.9  25813.41
816.8  25811.374
816.7  25712.651
816.6  25776.74
816.5  25850.606
816.4  25587.537
816.3  25577.118
816.2  25716.838
816.1  25779.721
816  25678.1
815.9  25798.393
815.8  25785.65
815.7  25707.967
815.6  25964.812
815.5  25818.99
815.4  25583.296
815.3  25856.152
815.2  25744.857
815.1  25788.913
815  25739.986
814.9  25760.642
814.8  25594.049
814.7  25781.616
814.6  25763.175
814.5  25630.941
814.4  25761.739
814.3  25619.01
814.2  25769.505
814.1  25731.792
814  25809.161
813.9  25637.959
813.8  25847.04
813.7  25714.959
813.6  25748.502
813.5  25782.509
813.4  25745.76
813.3  25704.236
813.2  25802.679
813.1  25942.726
813  25861.161
812.9  25884.553
812.8  25796.133
812.7  25733.499
812.6  25744.883
812.5  25682.191
812.4  25655.617
812.3  25551.525
812.2  25727.861
812.1  25851.748
812  25602.89
811.9  25794.201
811.8  25953.569
811.7  25930.463
811.6  25875.985
811.5  25828.928
811.4  25762.513
811.3  25859.496
811.2  25748.679
811.1  25676.825
811  25885.742
810.9  25796.921
810.8  25675.083
810.7  25839.045
810.6  25887.531
810.5  26033.639
810.4  25922.03
810.3  25852.124
810.2  25794.438
810.1  25817.811
810  25703.128
809.9  25685.964
809.8  25955.532
809.7  26088.527
809.6  26048.364
809.5  25989.774
809.4  25791.646
809.3  25879.747
809.2  25833.74
809.1  25944.314
809  25810.951
808.9  25928.228
808.8  25847.044
808.7  25976.398
808.6  25630.744
808.5  25663.182
808.4  25782.668
808.3  25884.854
808.2  25706.516
808.1  25841.817
808  25758.597
807.9  25856.393
807.8  26017.326
807.7  25888.551
807.6  25797.524
807.5  25788.449
807.4  25814.009
807.3  25799.604
807.2  25813.657
807.1  26109.896
807  25984.544
806.9  25955.169
806.8  26030.668
806.7  25910.525
806.6  25801.724
806.5  26006.79
806.4  25812.963
806.3  25846.957
806.2  25915.644
806.1  26005.474
806  25912.163
805.9  25920.886
805.8  25787.181
805.7  25611.359
805.6  26057.185
805.5  25764.856
805.4  25919.416
805.3  25902.248
805.2  26018.712
805.1  25873.114
805  25882.784
804.9  25803.684
804.8  25865.335
804.7  25877.051
804.6  25796.56
804.5  25966.63
804.4  25749.495
804.3  25746.91
804.2  25873.625
804.1  25900.584
804  25710.051
803.9  25810.746
803.8  25846.875
803.7  25923.87
803.6  25850.898
803.5  25791.936
803.4  25739.157
803.3  25927.163
803.2  25677.928
803.1  25775.933
803  25740.961
802.9  25949.358
802.8  25971.371
802.7  25792.331
802.6  25967.224
802.5  25943.071
802.4  25823.106
802.3  25774.18
802.2  25845.904
802.1  25941.295
802  25896.779
801.9  25797.191
801.8  25828.132
801.7  25752.503
801.6  25911.185
801.5  25820.72
801.4  25745.52
801.3  25869.954
801.2  25936.361
801.1  25853.448
801  25952.697
800.9  25999.432
800.8  25792.452
800.7  25880.587
800.6  25812.453
800.5  25907.695
800.4  25756.721
800.3  26034.879
800.2  25804.014
800.1  25871.938
800  25885.774
799.9  25988.486
799.8  25734.118
799.7  25705.17
799.6  25776.94
799.5  25813.128
799.4  25910.834
799.3  25854.514
799.2  25889.667
799.1  25881.969
799  25664.911
798.9  25796.891
798.8  25757.904
798.7  25668.266
798.6  25544.046
798.5  25808.056
798.4  25748.028
798.3  25751.543
798.2  25707.338
798.1  25654.661
798  25739.592
797.9  25644.497
797.8  25650.774
797.7  25621.737
797.6  25715.522
797.5  25759.636
797.4  25599.123
797.3  25744.575
797.2  25690.684
797.1  25652.757
797  25639.104
796.9  25534.492
796.8  25676.557
796.7  25604.916
796.6  25665.81
796.5  25544.267
796.4  25679.148
796.3  25708.238
796.2  25702.198
796.1  25700.932
796  25596.016
795.9  25811.15
795.8  25512.1
795.7  25539.889
795.6  25681.361
795.5  25588.716
795.4  25581.166
795.3  25703.078
795.2  25686.708
795.1  25702.874
795  25667.49
794.9  25653.151
794.8  25672.913
794.7  25663.912
794.6  25709.713
794.5  25644.004
794.4  25774.396
794.3  25940.558
794.2  25802.138
794.1  25818.594
794  25840.483
793.9  25848.202
793.8  25770.438
793.7  25825.49
793.6  25552.937
793.5  25809.788
793.4  25669.607
793.3  25800.513
793.2  25795.236
793.1  25724.15
793  25916.037
792.9  26027.633
792.8  25881.939
792.7  25907.458
792.6  25942.863
792.5  26054.338
792.4  25931.788
792.3  25774.286
792.2  25773.249
792.1  25955.896
792  25973.222
791.9  25912.736
791.8  25843.551
791.7  26076.657
791.6  26015.916
791.5  25943.152
791.4  26074.239
791.3  25937.709
791.2  26041.469
791.1  26036.655
791  26104.494
790.9  26103.922
790.8  26077.146
790.7  26230.332
790.6  26382.659
790.5  26226.966
790.4  26384.577
790.3  26220.338
790.2  26350.121
790.1  26185.875
790  26313.731
789.9  26318.84
789.8  26097.646
789.7  26244.381
789.6  26153.581
789.5  26135.063
789.4  26288.388
789.3  26216.041
789.2  26289.504
789.1  26197.336
789  26483.923
788.9  26320.304
788.8  26351.682
788.7  26237.7
788.6  26241.127
788.5  26439.333
788.4  26520.891
788.3  26478.813
788.2  26351.807
788.1  26432.713
788  26358.253
787.9  26547.573
787.8  26339.115
787.7  26622.694
787.6  26593.758
787.5  26379.508
787.4  26489.521
787.3  26535.247
787.2  26652.847
787.1  26619.678
787  26779.922
786.9  26515.41
786.8  26523.647
786.7  26507.172
786.6  26557.938
786.5  26549.808
786.4  26678.466
786.3  26748.746
786.2  26494.807
786.1  26606.588
786  26800.302
785.9  26547.4
785.8  26843.227
785.7  26783.245
785.6  26761.63
785.5  26697.603
785.4  26541.528
785.3  26505.112
785.2  26691.203
785.1  26682.333
785  26755.567
784.9  26829.811
784.8  26857.033
784.7  26797.308
784.6  26764.144
784.5  26692.549
784.4  26660.491
784.3  26825.342
784.2  26856.089
784.1  26835.182
784  26596.109
783.9  26686.869
783.8  26632.936
783.7  26752.292
783.6  26698.739
783.5  26598.884
783.4  26700.874
783.3  26532.006
783.2  26594.624
783.1  26524.614
783  26380.969
782.9  26562.999
782.8  26315.511
782.7  26253.488
782.6  26249.435
782.5  26311.373
782.4  26234.768
782.3  26141.554
782.2  26250.425
782.1  26241.533
782  26142.374
781.9  26087.194
781.8  26064.315
781.7  25965.691
781.6  25803.668
781.5  25978.56
781.4  25823.206
781.3  25640.159
781.2  25641.703
781.1  25822
781  25776.551
780.9  25662.362
780.8  25622.477
780.7  25522.958
780.6  25573.792
780.5  25637.168
780.4  25423.602
780.3  25391.924
780.2  25505.674
780.1  25514.614
780  25483.995
779.9  25615.395
779.8  25545.684
779.7  25370.121
779.6  25446.111
779.5  25225.752
779.4  25160.027
779.3  25151.274
779.2  25262.187
779.1  25225.739
779  25099.166
778.9  25375.494
778.8  25097.511
778.7  25083.397
778.6  24984.203
778.5  24913.981
778.4  25072.484
778.3  24956.581
778.2  24991.121
778.1  25044.535
778  25138.792
777.9  24962.527
777.8  25048.144
777.7  24960.639
777.6  24979.091
777.5  24729.085
777.4  24777.337
777.3  24867.653
777.2  24684.894
777.1  24773.149
777  24656.177
776.9  24998.569
776.8  24651.746
776.7  24678.001
776.6  24630.97
776.5  24502.6
776.4  24793.493
776.3  24663.422
776.2  24843.129
776.1  24773.146
776  24725.822
775.9  24625.016
775.8  24574.7
775.7  24634.764
775.6  24649.763
775.5  24664.155
775.4  24467.674
775.3  24549.356
775.2  24777.281
775.1  24708.093
775  24705.218
774.9  24436.055
774.8  24649.025
774.7  24661.524
774.6  24708.865
774.5  24458.148
774.4  24537.312
774.3  24598.014
774.2  24376.761
774.1  24501.866
774  24576.931
773.9  24599.852
773.8  24599.46
773.7  24201.186
773.6  24552.069
773.5  24523.217
773.4  24458.24
773.3  24373.352
773.2  24336.44
773.1  24531.534
773  24538.901
772.9  24424.836
772.8  24269.986
772.7  24512.888
772.6  24407.474
772.5  24526.759
772.4  24507.573
772.3  24562.459
772.2  24440.367
772.1  24322.791
772  24375.349
771.9  24610.673
771.8  24390.893
771.7  24360.712
771.6  24288.985
771.5  24366.108
771.4  24446.561
771.3  24454.471
771.2  24463.924
771.1  24512.237
771  24346.338
770.9  24302.661
770.8  24299.602
770.7  24303.551
770.6  24530.016
770.5  24411.999
770.4  24360.363
770.3  24352.078
770.2  24283.308
770.1  24369.076
770  24415.151
769.9  24534.924
769.8  24421.519
769.7  24320.138
769.6  24379.797
769.5  24445.99
769.4  24313.407
769.3  24675.725
769.2  24691.692
769.1  24575.373
769  24579.924
768.9  24601.036
768.8  24441.75
768.7  24481.403
768.6  24641.693
768.5  24615.777
768.4  24443.563
768.3  24362.787
768.2  24512.229
768.1  24297.957
768  24496.131
767.9  24499.318
767.8  24568.874
767.7  24660.84
767.6  24376.375
767.5  24588.712
767.4  24298.997
767.3  24447.385
767.2  24398.721
767.1  24474.227
767  24289.552
766.9  24231.281
766.8  24344.189
766.7  24315.131
766.6  24396.156
766.5  24480.271
766.4  24415.075
766.3  24274.483
766.2  24229.224
766.1  24186.19
766  24246.821
765.9  24142.96
765.8  24246.654
765.7  24113.656
765.6  24093.356
765.5  24325.333
765.4  24030.611
765.3  24137.519
765.2  24095.219
765.1  23973.414
765  24142.223
764.9  23968.248
764.8  24052.3
764.7  24088.811
764.6  23959.568
764.5  23904.502
764.4  24030.258
764.3  24184.273
764.2  23911.242
764.1  24068.549
764  23904.502
763.9  24038.655
763.8  23949.058
763.7  24081.724
763.6  23836.16
763.5  24146.669
763.4  23974.02
763.3  23860.043
763.2  24070.976
763.1  24143.773
763  24036.999
762.9  23744.381
762.8  23990.476
762.7  24063.697
762.6  23885.357
762.5  23942.064
762.4  24154.114
762.3  23934.821
762.2  23781.857
762.1  23935.797
762  23890.436
761.9  23819.815
761.8  23722.929
761.7  23766.576
761.6  23787.203
761.5  23591.352
761.4  24020.074
761.3  23849.53
761.2  23928.788
761.1  23872.173
761  23747.824
760.9  23804.607
760.8  23717.911
760.7  23744.169
760.6  23752.984
760.5  23975.391
760.4  23807.127
760.3  23770.177
760.2  23802.633
760.1  23909.653
760  23640.694
759.9  23748.469
759.8  23806.51
759.7  23693.249
759.6  23722.802
759.5  23728.553
759.4  23840.898
759.3  23734.685
759.2  23812.048
759.1  23602.419
759  23960.311
758.9  23699.666
758.8  23777.452
758.7  23735.856
758.6  23685.85
758.5  23832.109
758.4  23926.406
758.3  23525.323
758.2  23610.308
758.1  23808.952
758  23730.883
757.9  23780.84
757.8  23547.536
757.7  23692.395
757.6  23737.538
757.5  23836.172
757.4  23790.739
757.3  23598.103
757.2  23653.243
757.1  23625.793
757  23645.164
756.9  23485.187
756.8  23448.544
756.7  23596.153
756.6  23462.816
756.5  23584.356
756.4  23615.77
756.3  23612.81
756.2  23755.099
756.1  23769.333
756  23652.901
755.9  23658.588
755.8  23810.352
755.7  23720.723
755.6  23462.811
755.5  23526.544
755.4  23648.5
755.3  23537.344
755.2  23538.944
755.1  23645.788
755  23701.19
754.9  23550.265
754.8  23511.197
754.7  23491.534
754.6  23499.5
754.5  23601.375
754.4  23624.088
754.3  23491.815
754.2  23554.353
754.1  23515.568
754  23679.056
753.9  23307.187
753.8  23266.549
753.7  23435.138
753.6  23622.298
753.5  23566.525
753.4  23500.22
753.3  23268.828
753.2  23475.597
753.1  23487.981
753  23488.811
752.9  23540.253
752.8  23268.709
752.7  23392.84
752.6  23477.728
752.5  23586.263
752.4  23382.085
752.3  23322.648
752.2  23387.025
752.1  23598.399
752  23316.761

# Operation:                    Peak Fit
# Range Start:                  825
# Range End:                    770.642
# Parameter: "Transition" = 
# Parameter: "Label" = 
# Parameter: "Background Method" = Shirley
# Parameter: "Peak Shape" = Voigt
# Parameter: "Asymmetric Peak" = false
# Parameter: "FWHM-Annotation" = S-B = <Signal-BG:@>\nFWHM = <FWHM:@>\nArea = <Area:@>
# Parameter: "Peak-Annotation" = <Label>\n<Transition>\nE = <Center:@>
#
# Result:
# Number of Results:            2
# Parameter: "Transition" = 
# Parameter: "Label" = 
# Parameter: "Center" = 784.05608793857539 eV +- 0.059453354575203538
# Parameter: "Area" = 13994.614785528513 cps eV +- 251.50451023446996
# Parameter: "FWHM (Lorentzian)" = 0 eV +- 0
# Parameter: "FWHM (Gaussian)" = 8.7535732066526624 eV +- 0.13918825977210841
# Parameter: "Asymmetry" = 0 +- 0
# Parameter: "Shirley Parameter" = 0.097361473860988534 [1/eV] +- 0.0016901766224824487
# Parameter: "FWHM" = 8.7535732066526624 eV
# Parameter: "Baseline Offset" = 24456.511636697654 cps +- 16.905149428524403
# Parameter: "Abbe factor" = 0.56933149540362582
# Parameter: "Reduced Chi Square" = 1.2063209700544877
# Parameter: "Q Probability" = 0.00070453624153020975
# Parameter: "Number of performed iterations" = 38
# Parameter: "Fit termination reason" = ConvergedInParameter
# Parameter: "Signal" = 26607.751007042669 cps
# Parameter: "Signal-BG" = 1501.9081374192569 cps
#
# Result Name:                  Background
# Number of Curves:             1
#
# Curve:                        0
# Values/Curve:                 126
#
825  25818.872
824.5656  25818.872
824.1312  25818.872
823.6968  25818.872
823.2624  25818.872
822.828  25818.872
822.3936  25818.872
821.9592  25818.872
821.5248  25818.872
821.0904  25818.872
820.656  25818.872
820.2216  25818.872
819.7872  25818.872
819.3528  25818.872
818.9184  25818.872
818.484  25818.872
818.0496  25818.872
817.6152  25818.872
817.1808  25818.872
816.7464  25818.872
816.312  25818.872
815.8776  25818.872
815.4432  25818.872
815.0088  25818.872
814.5744  25818.872
814.14  25818.872
813.7056  25818.872
813.2712  25818.872
812.8368  25818.872
812.4024  25818.872
811.968  25818.872
811.5336  25818.872
811.0992  25818.872
810.6648  25818.872
810.2304  25818.872
809.796  25818.872
809.3616  25818.872
808.9272  25818.872
808.4928  25818.872
808.0584  25818.872
807.624  25818.872
807.1896  25818.872
806.7552  25818.872
806.3208  25818.872
805.8864  25818.872
805.452  25818.872
805.0176  25818.872
804.5832  25818.872
804.1488  25818.872
803.7144  25818.872
803.28  25818.871
802.8456  25818.871
802.4112  25818.871
801.9768  25818.87
801.5424  25818.869
801.108  25818.868
800.6736  25818.865
800.2392  25818.86
799.8048  25818.852
799.3704  25818.839
798.936  25818.818
798.5016  25818.784
798.0672  25818.732
797.6328  25818.651
797.1984  25818.529
796.764  25818.345
796.3296  25818.072
795.8952  25817.674
795.4608  25817.099
795.0264  25816.283
794.592  25815.139
794.1576  25813.556
793.7232  25811.397
793.2888  25808.49
792.8544  25804.631
792.42  25799.578
791.9856  25793.049
791.5512  25784.729
791.1168  25774.269
790.6824  25761.3
790.248  25745.435
789.8136  25726.292
789.3792  25703.508
788.9448  25676.756
788.5104  25645.772
788.076  25610.374
787.6416  25570.481
787.2072  25526.132
786.7728  25477.498
786.3384  25424.889
785.904  25368.75
785.4696  25309.659
785.0352  25248.303
784.6008  25185.46
784.1664  25121.967
783.732  25058.686
783.2976  24996.473
782.8632  24936.14
782.4288  24878.422
781.9944  24823.956
781.56  24773.256
781.1256  24726.701
780.6912  24684.532
780.2568  24646.854
779.8224  24613.645
779.388  24584.772
778.9536  24560.01
778.5192  24539.061
778.0848  24521.579
777.6504  24507.187
777.216  24495.5
776.7816  24486.139
776.3472  24478.742
775.9128  24472.976
775.4784  24468.543
775.044  24465.181
774.6096  24462.665
774.1752  24460.809
773.7408  24459.457
773.3064  24458.487
772.872  24457.799
772.4376  24457.319
772.0032  24456.988
771.5688  24456.763
771.1344  24456.612
770.7  24456.512

# Result Name:                  Peak Fit
# Number of Curves:             1
#
# Curve:                        0
# Values/Curve:                 126
#
825  25818.872
824.5656  25818.872
824.1312  25818.872
823.6968  25818.872
823.2624  25818.872
822.828  25818.872
822.3936  25818.872
821.9592  25818.872
821.5248  25818.872
821.0904  25818.872
820.656  25818.872
820.2216  25818.872
819.7872  25818.872
819.3528  25818.872
818.9184  25818.872
818.484  25818.872
818.0496  25818.872
817.6152  25818.872
817.1808  25818.872
816.7464  25818.872
816.312  25818.872
815.8776  25818.872
815.4432  25818.872
815.0088  25818.872
814.5744  25818.872
814.14  25818.872
813.7056  25818.872
813.2712  25818.872
812.8368  25818.872
812.4024  25818.872
811.968  25818.872
811.5336  25818.872
811.0992  25818.872
810.6648  25818.872
810.2304  25818.872
809.796  25818.872
809.3616  25818.872
808.9272  25818.872
808.4928  25818.872
808.0584  25818.872
807.624  25818.872
807.1896  25818.872
806.7552  25818.872
806.3208  25818.872
805.8864  25818.872
805.452  25818.872
805.0176  25818.872
804.5832  25818.872
804.1488  25818.872
803.7144  25818.873
803.28  25818.874
802.8456  25818.876
802.4112  25818.879
801.9768  25818.884
801.5424  25818.893
801.108  25818.908
800.6736  25818.934
800.2392  25818.975
799.8048  25819.042
799.3704  25819.149
798.936  25819.316
798.5016  25819.574
798.0672  25819.967
797.6328  25820.557
797.1984  25821.429
796.764  25822.699
796.3296  25824.52
795.8952  25827.093
795.4608  25830.673
795.0264  25835.578
794.592  25842.195
794.1576  25850.979
793.7232  25862.457
793.2888  25877.213
792.8544  25895.871
792.42  25919.07
791.9856  25947.419
791.5512  25981.453
791.1168  26021.568
790.6824  26067.957
790.248  26120.542
789.8136  26178.904
789.3792  26242.232
788.9448  26309.278
788.5104  26378.352
788.076  26447.33
787.6416  26513.716
787.2072  26574.724
786.7728  26627.405
786.3384  26668.795
785.904  26696.09
785.4696  26706.818
785.0352  26699.007
784.6008  26671.33
784.1664  26623.214
783.732  26554.897
783.2976  26467.44
782.8632  26362.674
782.4288  26243.101
781.9944  26111.756
781.56  25972.024
781.1256  25827.458
780.6912  25681.582
780.2568  25537.718
779.8224  25398.837
779.388  25267.44
778.9536  25145.49
778.5192  25034.379
778.0848  24934.935
777.6504  24847.466
777.216  24771.822
776.7816  24707.481
776.3472  24653.639
775.9128  24609.299
775.4784  24573.359
775.044  24544.678
774.6096  24522.142
774.1752  24504.704
773.7408  24491.413
773.3064  24481.435
772.872  24474.056
772.4376  24468.679
772.0032  24464.818
771.5688  24462.087
771.1344  24460.183
770.7  24458.874

