# Created by:        SpecsLab Prodigy, Version 4.79.1-r98952 
#
# XY-Serializer Export Settings:
#   Comment Prefix:           #
#   Output Meta Data:         yes
#   Energy Axis:              Binding Energy
#   Count Rate:               Counts per Second
#   Separate Scan Data:       no
#   Separate Channel Data:    no
#   External Channel Data:    yes
#   Transmission Function:    no
#   Error Bar:                no
#   Operation Results:        yes
#   Time Zone Format:         UTC
#
# Group:                        Spectrum Group
#
# Region:                       Overall
# Spectrum ID:                  4
# Acquisition Date:             04/23/26 15:38:04 UTC
# Analysis Method:              XPS
# Analyzer:                     PHOIBOS MCD5 Analyzer
# Analyzer Lens:                LargeArea:1.5kV
# Analyzer Slit:                5:7x20\B:open
# Scan Mode:                    FixedAnalyzerTransmission
# Curves/Scan:                  1
# Values/Curve:                 1002
# Dwell Time:                   0.5
# Excitation Energy:            1486.61
# Binding Energy:               1000
# Pass Energy:                  50
# Bias Voltage:                 90
# Detector Voltage:             3000
# Eff. Workfunction:            4.543
# Source:                       X-Ray Dummy
# Comment:                      
#
# Cycle: 0
# Number of Scans: 1
#
# Cycle: 0, Curve: 0
# Acquisition Date:             04/23/26 15:38:04 UTC
#
# ColumnLabels:                 energy counts/s
#
1000  31641.639
999.001  31462.714
998.002  31296.567
997.003  30723.29
996.004  30380.879
995.005  30036.819
994.00599  29222.309
993.00699  29194.183
992.00799  29222.153
991.00899  29213.189
990.00999  29101.63
989.01099  29174.39
988.01199  29743.732
987.01299  30990.564
986.01399  32362.843
985.01499  33865.4
984.01598  35633.678
983.01698  37011.793
982.01798  37304.786
981.01898  36774.606
980.01998  35143.146
979.02098  33305.512
978.02198  32297.94
977.02298  31170.581
976.02398  29919.755
975.02498  28930.645
974.02597  28201.629
973.02697  27142.149
972.02797  26225.032
971.02897  25529.037
970.02997  24204.866
969.03097  23349.274
968.03197  22946.564
967.03297  22956.747
966.03397  23129.841
965.03497  22940.035
964.03596  22889.374
963.03696  23012.038
962.03796  22656.444
961.03896  22799.859
960.03996  22850.693
959.04096  22732.617
958.04196  22622.965
957.04296  22371.265
956.04396  22610.285
955.04496  22809.525
954.04595  22798.637
953.04695  22800.703
952.04795  22896.874
951.04895  22680.739
950.04995  22654.082
949.05095  22726.678
948.05195  22650.984
947.05295  22505.125
946.05395  22370.145
945.05495  22334.766
944.05594  22551.903
943.05694  22612.221
942.05794  22546.804
941.05894  22776.78
940.05994  22963.18
939.06094  22489.163
938.06194  22399.944
937.06294  22749.087
936.06394  22930.426
935.06494  22937.484
934.06593  23001.005
933.06693  22817.582
932.06793  22557.911
931.06893  22301.669
930.06993  22316.647
929.07093  22428.467
928.07193  22591.227
927.07293  22635.388
926.07393  22531.837
925.07493  22423.81
924.07592  22592.305
923.07692  22741.478
922.07792  22558.698
921.07892  22534.812
920.07992  22388.77
919.08092  22369.727
918.08192  22370.503
917.08292  22505.51
916.08392  22588.717
915.08492  22334.901
914.08591  22444.271
913.08691  22210.193
912.08791  21992.666
911.08891  22325.345
910.08991  22368.014
909.09091  22451.173
908.09191  22419.772
907.09291  22241.638
906.09391  22151.27
905.09491  22497.988
904.0959  22772.73
903.0969  22471.035
902.0979  22361.774
901.0989  22464.226
900.0999  22335.433
899.1009  22431.025
898.1019  22396.11
897.1029  22328.216
896.1039  22505.233
895.1049  22520.967
894.10589  22327.594
893.10689  22265.493
892.10789  22362.065
891.10889  22269.865
890.10989  22134.847
889.11089  22155.025
888.11189  21864.975
887.11289  21651.628
886.11389  21858.123
885.11489  21733.318
884.11588  21572.187
883.11688  21439.285
882.11788  21377.079
881.11888  21676.511
880.11988  21591.753
879.12088  21433.128
878.12188  21571.582
877.12288  21652.563
876.12388  21520.377
875.12488  21411.251
874.12587  21353.296
873.12687  21489.081
872.12787  21464.513
871.12887  21388.819
870.12987  21263.951
869.13087  21412.227
868.13187  21524.251
867.13287  21317.077
866.13387  21310.533
865.13487  21553.28
864.13586  21503.409
863.13686  21390.139
862.13786  21324.184
861.13886  21324.598
860.13986  21246.339
859.14086  21260.279
858.14186  21288.304
857.14286  21256.875
856.14386  21136.08
855.14486  21137.515
854.14585  21566.18
853.14685  21373.614
852.14785  21276.717
851.14885  21245.429
850.14985  20859.244
849.15085  20939.183
848.15185  21174.674
847.15285  21208.861
846.15385  21131.381
845.15485  20861.272
844.15584  21165.464
843.15684  21060.172
842.15784  20853.1
841.15884  21117.661
840.15984  20984.25
839.16084  20801.57
838.16184  20949.837
837.16284  20876.201
836.16384  20629.651
835.16484  20739.216
834.16583  20698.412
833.16683  20504.049
832.16783  20347.17
831.16883  20050.859
830.16983  19897.715
829.17083  19819.662
828.17183  19746.601
827.17283  19712.912
826.17383  19653.15
825.17483  19683.578
824.17582  19706.962
823.17682  19532.952
822.17782  19656.84
821.17882  19778.31
820.17982  19913.236
819.18082  19780.59
818.18182  19459.438
817.18282  19579.249
816.18382  19724.519
815.18482  19490.889
814.18581  19474.253
813.18681  19589.516
812.18781  19676.11
811.18881  19527.372
810.18981  19738.341
809.19081  19791.872
808.19181  19652.236
807.19281  19730.821
806.19381  19705.188
805.19481  19648.009
804.1958  19738.764
803.1968  19894.751
802.1978  19694.096
801.1988  19984.136
800.1998  19997.837
799.2008  19689.888
798.2018  19654.319
797.2028  19591.554
796.2038  19455.586
795.2048  19613.977
794.20579  19809.516
793.20679  19939.458
792.20779  19764.057
791.20879  19763.352
790.20979  19726.484
789.21079  19973.032
788.21179  20236.112
787.21279  20116.01
786.21379  20087.533
785.21479  19902.11
784.21578  19939.312
783.21678  19853.096
782.21778  19513.605
781.21878  19297.053
780.21978  19188.206
779.22078  18889.409
778.22178  18673.801
777.22278  18881.17
776.22378  18794.131
775.22478  18834.752
774.22577  18752.884
773.22677  18599.138
772.22777  18617.744
771.22877  18920.198
770.22977  18800.227
769.23077  18777.762
768.23177  18907.958
767.23277  18767.426
766.23377  18609.757
765.23477  18523.16
764.23576  18357.255
763.23676  18558.721
762.23776  18469.765
761.23876  18220.981
760.23976  18089.41
759.24076  18105.131
758.24176  18269.767
757.24276  18357.417
756.24376  18011.914
755.24476  17687.92
754.24575  17825.358
753.24675  18024.136
752.24775  17997.003
751.24875  17868.886
750.24975  17584.541
749.25075  17685.308
748.25175  18132.293
747.25275  18148.317
746.25375  18430.344
745.25475  19042.224
744.25574  19693.387
743.25674  20091.823
742.25774  19535.269
741.25874  18712.187
740.25974  18040.441
739.26074  17954.008
738.26174  17966.851
737.26274  17820.93
736.26374  17848.296
735.26474  17581.008
734.26573  17623.858
733.26673  17710.737
732.26773  17697.063
731.26873  17610.8
730.26973  17843.967
729.27073  17799.622
728.27173  17727.436
727.27273  17949.488
726.27373  18132.525
725.27473  17890.014
724.27572  17681.522
723.27672  17477.697
722.27772  17523.731
721.27872  17479.957
720.27972  17593.945
719.28072  17485.907
718.28172  17404.851
717.28272  17357.204
716.28372  17313.801
715.28472  17370.076
714.28571  17167.579
713.28671  17192.194
712.28771  17362.24
711.28871  17440.999
710.28971  17321.535
709.29071  16853.017
708.29171  16384.414
707.29271  16214.821
706.29371  15938.655
705.29471  15992.289
704.2957  15875.06
703.2967  15675.665
702.2977  15723.58
701.2987  15630.901
700.2997  15595.036
699.3007  15602.062
698.3017  15495.168
697.3027  15540.121
696.3037  15523.255
695.3047  15408.178
694.30569  15665.659
693.30669  15472.423
692.30769  15536.934
691.30869  15439.812
690.30969  15397.711
689.31069  15502.496
688.31169  15564.163
687.31269  15436.905
686.31369  15386.593
685.31469  15348.595
684.31568  15402.265
683.31668  15433.197
682.31768  15327.84
681.31868  15309.101
680.31968  15491.632
679.32068  15532.38
678.32168  15378.815
677.32268  15413.371
676.32368  15436.667
675.32468  15431.321
674.32567  15518.078
673.32667  15596.428
672.32767  15623.368
671.32867  15529.585
670.32967  15287.052
669.33067  15374.981
668.33167  15724.86
667.33267  15582.406
666.33367  15708.416
665.33467  15651.331
664.33566  15536.189
663.33666  15574.085
662.33766  15491.766
661.33866  15326.911
660.33966  15536.877
659.34066  15718.144
658.34166  15566.379
657.34266  15562.972
656.34366  15590.841
655.34466  15463.521
654.34565  15509.717
653.34665  15457.671
652.34765  15369.885
651.34865  15199.635
650.34965  15247.93
649.35065  15429.341
648.35165  15401.006
647.35265  15518.504
646.35365  15554.373
645.35465  15476.645
644.35564  15532.159
643.35664  15505.121
642.35764  15611.637
641.35864  15599.032
640.35964  15448.93
639.36064  15468.284
638.36164  15509.303
637.36264  15534.51
636.36364  15512.802
635.36464  15430.512
634.36563  15516.153
633.36663  15513.515
632.36763  15412.574
631.36863  15475.446
630.36963  15556.857
629.37063  15555.641
628.37163  15530.672
627.37263  15470.778
626.37363  15173.037
625.37463  15292.108
624.37562  15504.6
623.37662  15442.572
622.37762  15610.342
621.37862  15530.379
620.37962  15361.514
619.38062  15386.119
618.38162  15429.143
617.38262  15776.958
616.38362  15733.273
615.38462  15523.75
614.38561  15365.472
613.38661  15386.505
612.38761  15333.431
611.38861  15496.955
610.38961  15550.739
609.39061  15578.275
608.39161  15477.614
607.39261  15304.991
606.39361  15356.307
605.39461  15380.921
604.3956  15551.662
603.3966  15553.282
602.3976  15253.485
601.3986  15402.062
600.3996  15798.242
599.4006  15795.984
598.4016  15450.875
597.4026  15731.722
596.4036  15735.416
595.4046  15525.596
594.40559  15448.104
593.40659  15579.667
592.40759  15790.012
591.40859  15804.773
590.40959  15595.523
589.41059  15513.997
588.41159  15583.249
587.41259  15933.305
586.41359  15998.676
585.41459  16050.181
584.41558  15902.665
583.41658  15815.344
582.41758  15819.274
581.41858  15691.274
580.41958  15501.585
579.42058  15746.854
578.42158  15742.986
577.42258  15580.957
576.42358  15554.195
575.42458  15505.599
574.42557  15683.753
573.42657  15510.837
572.42757  15220.538
571.42857  15270.019
570.42957  15209.958
569.43057  15148.846
568.43157  15177.61
567.43257  15175.413
566.43357  15168.409
565.43457  15255.199
564.43556  15517.308
563.43656  16036.169
562.43756  16209.555
561.43856  16529.274
560.43956  16885.289
559.44056  16903.502
558.44156  16982.967
557.44256  16952.064
556.44356  16704.08
555.44456  16210.271
554.44555  15747.108
553.44655  15217.742
552.44755  14648.484
551.44855  14442.331
550.44955  14234.661
549.45055  13962.123
548.45155  13429.596
547.45255  13256.045
546.45355  13118.335
545.45455  12650.136
544.45554  11964.081
543.45654  11669.3
542.45754  11413.297
541.45854  11349.674
540.45954  11441.026
539.46054  12005.773
538.46154  14407.284
537.46254  20544.817
536.46354  30092.017
535.46454  37698.554
534.46553  37417.641
533.46653  29432.289
532.46753  20659.532
531.46853  15215.606
530.46953  13033.568
529.47053  11993.776
528.47153  11048.042
527.47253  10649.277
526.47353  11360.958
525.47453  12050.249
524.47552  11952.443
523.47652  11315.623
522.47752  10770.016
521.47852  10269.127
520.47952  9773.8018
519.48052  9330.2263
518.48152  9054.8851
517.48252  9194.7598
516.48352  9186.0679
515.48452  9164.1612
514.48551  9186.7589
513.48651  9150.197
512.48751  9294.6402
511.48851  9186.4288
510.48951  9124.2253
509.49051  9176.0173
508.49151  9141.4497
507.49251  9085.8074
506.49351  9018.8429
505.49451  8962.2221
504.4955  8851.6789
503.4965  9031.677
502.4975  9293.8185
501.4985  9175.819
500.4995  8905.6026
499.5005  8848.9115
498.5015  8895.8703
497.5025  8877.8814
496.5035  8882.3307
495.5045  8871.9618
494.50549  8679.7292
493.50649  8591.783
492.50749  8550.9877
491.50849  8535.498
490.50949  8527.2434
489.51049  8750.7975
488.51149  8823.9641
487.51249  8804.571
486.51349  8884.9641
485.51449  9015.2384
484.51548  8947.0163
483.51648  8743.2144
482.51748  8566.6201
481.51848  8535.7377
480.51948  8575.4274
479.52048  8587.6542
478.52148  8505.1117
477.52248  8510.3025
476.52348  8517.5641
475.52448  8577.347
474.52547  8475.258
473.52647  8599.7065
472.52747  8632.7416
471.52847  8634.5271
470.52947  8562.8219
469.53047  8609.5459
468.53147  8575.2872
467.53247  8602.9375
466.53347  8902.6258
465.53447  8845.5381
464.53546  8691.2324
463.53646  8599.0352
462.53746  8512.2093
461.53846  8592.296
460.53946  8488.2092
459.54046  8413.8256
458.54146  8477.9025
457.54246  8371.6228
456.54346  8467.2611
455.54446  8397.8126
454.54545  8464.3863
453.54645  8473.886
452.54745  8287.354
451.54845  8297.8615
450.54945  8224.4272
449.55045  8214.64
448.55145  8391.3077
447.55245  8394.9351
446.55345  8353.3569
445.55445  8216.1345
444.55544  8291.187
443.55644  8433.7174
442.55744  8267.3951
441.55844  8324.4576
440.55944  8446.5026
439.56044  8244.4074
438.56144  8359.2911
437.56244  8384.5768
436.56344  8396.191
435.56444  8430.0584
434.56543  8382.8731
433.56643  8451.6565
432.56743  8410.2796
431.56843  8340.4725
430.56943  8399.493
429.57043  8400.1264
428.57143  8392.9012
427.57243  8562.5085
426.57343  8377.981
425.57443  8231.9427
424.57542  8331.1202
423.57642  8399.0056
422.57742  8389.0902
421.57842  8625.1943
420.57942  8745.9629
419.58042  8713.9908
418.58142  8566.4493
417.58242  8440.1532
416.58342  8243.9359
415.58442  8235.3422
414.58541  8182.9119
413.58641  8046.6777
412.58741  8067.2867
411.58841  8059.5213
410.58941  8082.0338
409.59041  8166.791
408.59141  8166.1724
407.59241  8238.9496
406.59341  8339.5848
405.59441  8388.6254
404.5954  8549.0304
403.5964  8782.461
402.5974  8819.0052
401.5984  8846.3097
400.5994  8638.8686
399.6004  8378.4853
398.6014  8157.5456
397.6024  8001.9047
396.6034  7823.7087
395.6044  7736.2323
394.60539  7948.2319
393.60639  8146.8
392.60739  8081.5923
391.60839  7993.956
390.60939  8130.518
389.61039  7970.7157
388.61139  7866.0182
387.61239  7845.975
386.61339  7860.0313
385.61439  7862.2375
384.61538  7842.9691
383.61638  7717.9626
382.61738  7758.1475
381.61838  7763.8317
380.61938  7661.9427
379.62038  7802.3792
378.62138  7815.0414
377.62238  7738.6047
376.62338  7854.1329
375.62438  7957.9021
374.62537  7883.8761
373.62637  7859.3346
372.62737  7728.2915
371.62837  7775.4223
370.62937  7751.0344
369.63037  7687.0665
368.63137  7642.4238
367.63237  7702.6663
366.63337  7698.3853
365.63437  7669.4757
364.63536  7652.0954
363.63636  7716.8246
362.63736  7810.6212
361.63836  7830.4813
360.63936  7745.2931
359.64036  7753.1251
358.64136  7968.1277
357.64236  8080.5028
356.64336  8419.0579
355.64436  8684.2529
354.64535  8332.0039
353.64635  8174.8027
352.64735  7948.6041
351.64835  7683.0106
350.64935  7587.4454
349.65035  7598.1279
348.65135  7607.8544
347.65235  7670.6474
346.65335  7650.2303
345.65435  7464.4274
344.65534  7425.0956
343.65634  7681.7977
342.65734  7886.1602
341.65834  7790.9239
340.65934  7681.871
339.66034  7644.3026
338.66134  7655.1509
337.66234  7723.2249
336.66334  7501.4854
335.66434  7464.4869
334.66533  7613.5103
333.66633  7743.4761
332.66733  7681.7189
331.66833  7558.3592
330.66933  7553.1302
329.67033  7360.9699
328.67133  7355.0678
327.67233  7366.4378
326.67333  7258.945
325.67433  7331.0031
324.67532  7353.599
323.67632  7415.8575
322.67732  7280.9942
321.67832  7085.5999
320.67932  7065.3415
319.68032  7080.0031
318.68132  7211.8227
317.68232  7273.6175
316.68332  7233.1862
315.68432  7389.9498
314.68531  7534.8099
313.68631  7852.4189
312.68731  8482.3767
311.68831  9590.0198
310.68931  10385.472
309.69031  10044.23
308.69131  8998.9777
307.69231  7921.0052
306.69331  7154.4037
305.69431  6848.3373
304.6953  6736.7446
303.6963  6592.5602
302.6973  6552.8248
301.6983  6527.685
300.6993  6575.2119
299.7003  6519.7389
298.7013  6424.6411
297.7023  6429.8153
296.7033  6356.1012
295.7043  6348.1369
294.70529  6283.633
293.70629  6373.3394
292.70729  6516.3259
291.70829  6620.3228
290.70929  6844.2016
289.71029  7204.2989
288.71129  7288.4401
287.71229  7336.0323
286.71329  7193.1065
285.71429  7070.9136
284.71528  6976.8329
283.71628  6704.7962
282.71728  6344.5501
281.71828  6222.3835
280.71928  6286.5025
279.72028  6290.4295
278.72128  6322.5007
277.72228  6404.7537
276.72328  6348.3767
275.72428  6331.4848
274.72527  6300.371
273.72627  6282.9597
272.72727  6251.5294
271.72827  6144.5736
270.72927  6213.5901
269.73027  6345.3574
268.73127  6245.0741
267.73227  6182.859
266.73327  6149.6475
265.73427  6164.5888
264.73526  6224.2749
263.73626  6308.0754
262.73726  6240.7016
261.73826  6093.1934
260.73926  6113.7787
259.74026  6258.8268
258.74126  6310.1197
257.74226  6161.1829
256.74326  6198.7807
255.74426  6215.8369
254.74525  6300.6565
253.74625  6220.0051
252.74725  6124.0758
251.74825  6231.1894
250.74925  6217.7055
249.75025  6115.8855
248.75125  6108.6166
247.75225  5983.1549
246.75325  6042.291
245.75425  6095.2116
244.75524  5910.0078
243.75624  6014.3595
242.75724  6140.3182
241.75824  6216.2497
240.75924  6597.2105
239.76024  6935.3406
238.76124  6980.889
237.76224  7245.9363
236.76324  7462.4669
235.76424  7085.1277
234.76523  6474.0441
233.76623  6168.8692
232.76723  6028.9008
231.76823  5830.0845
230.76923  5695.9058
229.77023  5639.9112
228.77123  5773.7687
227.77223  5860.1671
226.77323  5887.1104
225.77423  5852.9358
224.77522  5736.1294
223.77622  5689.4976
222.77722  5676.4693
221.77822  5592.426
220.77922  5505.2474
219.78022  5658.0158
218.78122  5685.4354
217.78222  5691.0591
216.78322  5775.5244
215.78422  5663.3107
214.78521  5603.0755
213.78621  5679.672
212.78721  5642.2079
211.78821  5692.5835
210.78921  5725.3643
209.79021  5763.7854
208.79121  5750.2421
207.79221  5645.7973
206.79321  5565.5144
205.79421  5448.6425
204.7952  5521.6537
203.7962  5737.3409
202.7972  5614.6043
201.7982  5568.4795
200.7992  5635.384
199.8002  5615.9964
198.8012  5694.0386
197.8022  5806.2041
196.8032  5804.1467
195.8042  5791.4959
194.80519  5863.6386
193.80619  5795.8617
192.80719  5840.3854
191.80819  5833.4541
190.80919  5733.3567
189.81019  5828.1716
188.81119  5695.9767
187.81219  5578.7479
186.81319  5687.8513
185.81419  5801.1238
184.81518  5737.9529
183.81618  5666.6077
182.81718  5618.3912
181.81818  5731.8165
180.81918  5563.9225
179.82018  5584.9815
178.82118  5647.6959
177.82218  5760.2027
176.82318  5736.1121
175.82418  5652.6877
174.82517  5661.4382
173.82617  5732.6394
172.82717  5653.7292
171.82817  5751.5455
170.82917  5671.8763
169.83017  5596.8798
168.83117  5640.1134
167.83217  5574.3379
166.83317  5464.169
165.83417  5399.4265
164.83516  5292.0691
163.83616  5322.1707
162.83716  5408.6408
161.83816  5602.2771
160.83916  5664.5034
159.84016  5925.6595
158.84116  6495.9903
157.84216  7092.359
156.84316  7177.487
155.84416  7028.307
154.84515  6744.8717
153.84615  6339.6923
152.84715  6086.263
151.84815  5864.6934
150.84915  5532.572
149.85015  5397.6567
148.85115  5454.9309
147.85215  5527.7076
146.85315  5529.2625
145.85415  5382.6391
144.85514  5325.8134
143.85614  5257.7996
142.85714  5218.2856
141.85814  5310.2733
140.85914  5324.5649
139.86014  5383.6615
138.86114  5478.7704
137.86214  5340.5887
136.86314  5217.6618
135.86414  5119.0064
134.86513  5044.8905
133.86613  5002.8288
132.86713  5061.9351
131.86813  5099.1234
130.86913  5030.2404
129.87013  5031.5297
128.87113  5205.0824
127.87213  5228.8938
126.87313  5220.2245
125.87413  5487.6367
124.87512  6008.9535
123.87612  6725.2721
122.87712  7144.6416
121.87812  6730.187
120.87912  5965.8616
119.88012  5324.1533
118.88112  4747.1237
117.88212  4496.6302
116.88312  4567.468
115.88412  4490.5285
114.88511  4469.0691
113.88611  4485.4621
112.88711  4500.8909
111.88811  4461.615
110.88911  4491.1777
109.89011  4737.6005
108.89111  5133.9472
107.89211  5667.3745
106.89311  6179.8096
105.89411  6576.7978
104.8951  7254.5612
103.8961  8047.9257
102.8971  8098.3329
101.8981  7106.619
100.8991  5708.4159
99.9001  4413.1754
98.901099  4042.8501
97.902098  3828.9386
96.903097  3684.4871
95.904096  3758.4608
94.905095  3882.9146
93.906094  3807.2644
92.907093  3808.6972
91.908092  3696.6753
90.909091  3576.2326
89.91009  3461.5803
88.911089  3263.1359
87.912088  3210.2958
86.913087  3230.343
85.914086  3275.9582
84.915085  3259.7788
83.916084  3276.7509
82.917083  3134.2267
81.918082  3169.6817
80.919081  3400.235
79.92008  3855.2201
78.921079  4595.8917
77.922078  4870.5703
76.923077  4399.6868
75.924076  3786.4209
74.925075  3358.5948
73.926074  3217.5696
72.927073  3112.2805
71.928072  3130.8213
70.929071  3105.8104
69.93007  3183.3978
68.931069  3256.1317
67.932068  3235.0189
66.933067  3173.5879
65.934066  3162.3123
64.935065  3140.8182
63.936064  3075.1695
62.937063  3050.9923
61.938062  3018.6025
60.939061  2971.7582
59.94006  2989.6751
58.941059  2993.7667
57.942058  2987.9097
56.943057  3019.0336
55.944056  3149.5146
54.945055  3241.3358
53.946054  3103.446
52.947053  2935.2814
51.948052  2952.3352
50.949051  2938.8284
49.95005  2792.5511
48.951049  2818.0831
47.952048  2814.1513
46.953047  2922.3875
45.954046  2988.2381
44.955045  2883.8541
43.956044  2840.6574
42.957043  2836.0054
41.958042  2829.0259
40.959041  2734.0304
39.96004  2663.754
38.961039  2708.7589
37.962038  2720.7737
36.963037  2676.3918
35.964036  2711.8155
34.965035  2691.3026
33.966034  2669.0022
32.967033  2723.5971
31.968032  2823.1527
30.969031  2911.2865
29.97003  2946.9147
28.971029  3115.3003
27.972028  3212.4754
26.973027  3232.2124
25.974026  3050.9469
24.975025  2795.9086
23.976024  2635.3049
22.977023  2506.4271
21.978022  2538.4543
20.979021  2536.6625
19.98002  2454.6106
18.981019  2419.7672
17.982018  2518.0502
16.983017  2532.0748
15.984016  2512.1009
14.985015  2600.6848
13.986014  2696.6704
12.987013  2639.7869
11.988012  2612.8125
10.989011  2603.5037
9.99001  2552.9272
8.991009  2565.5509
7.992008  2454.4707
6.993007  2334.5562
5.994006  2289.5443
4.995005  2318.5191
3.996004  2343.6592
2.997003  2278.4773
1.998002  2259.0731
0.999001  2190.4693
0  2117.8481

# Region:                       Co 2p
# Spectrum ID:                  2
# Acquisition Date:             04/23/26 16:15:43 UTC
# Analysis Method:              XPS
# Analyzer:                     PHOIBOS MCD5 Analyzer
# Analyzer Lens:                LargeArea:1.5kV
# Analyzer Slit:                5:7x20\B:open
# Scan Mode:                    FixedAnalyzerTransmission
# Curves/Scan:                  1
# Values/Curve:                 951
# Dwell Time:                   0.1
# Excitation Energy:            1486.61
# Binding Energy:               825
# Pass Energy:                  50
# Bias Voltage:                 90
# Detector Voltage:             3000
# Eff. Workfunction:            4.543
# Source:                       X-Ray Dummy
# Comment:                      
#
# Cycle: 0
# Number of Scans: 20
#
# Cycle: 0, Curve: 0
# Acquisition Date:             04/23/26 16:15:43 UTC
#
# ColumnLabels:                 energy counts/s
#
825  20172.103
824.9  20190.434
824.8  20185.708
824.7  20232.87
824.6  19960.42
824.5  20156.967
824.4  20039.229
824.3  20062.012
824.2  20062.358
824.1  19947.559
824  20252.207
823.9  20106.282
823.8  20085.378
823.7  20143.479
823.6  19959.92
823.5  20025.811
823.4  19990.538
823.3  20086.157
823.2  20015.7
823.1  19930.885
823  20107.938
822.9  20299.463
822.8  20098.578
822.7  20180.422
822.6  20084.527
822.5  20053.651
822.4  20204.723
822.3  20178.249
822.2  20098.433
822.1  20122.902
822  20032.796
821.9  20048.97
821.8  20102.141
821.7  20169.295
821.6  20097.96
821.5  20067.026
821.4  19986.763
821.3  19970.868
821.2  20029.987
821.1  19897.216
821  19916.074
820.9  19990.16
820.8  20111.867
820.7  20270.009
820.6  20081.855
820.5  19933.831
820.4  19909.42
820.3  19871.849
820.2  20193.058
820.1  20078.201
820  19950.236
819.9  19963.54
819.8  19973.296
819.7  19964.073
819.6  19968.177
819.5  19985.898
819.4  20073.621
819.3  19960.907
819.2  20004.408
819.1  19904.4
819  20061.469
818.9  19979.663
818.8  19893.86
818.7  19946.778
818.6  19956.607
818.5  19937.461
818.4  19942.405
818.3  19975.641
818.2  20043.347
818.1  19874.622
818  20028.617
817.9  20058.44
817.8  19833.633
817.7  20056.745
817.6  19970.153
817.5  19935.407
817.4  19768.086
817.3  19921.047
817.2  19969.532
817.1  19824.518
817  19888.912
816.9  20053.312
816.8  19898.468
816.7  19952.313
816.6  19916.13
816.5  19876.66
816.4  19972.823
816.3  19954.994
816.2  19907.028
816.1  20052.756
816  19893.701
815.9  19873.66
815.8  20053.902
815.7  19957.159
815.6  19876.006
815.5  19999.887
815.4  19906.615
815.3  19924.891
815.2  19843.216
815.1  20005.228
815  19921.631
814.9  20033.544
814.8  19913.464
814.7  20029.481
814.6  19865.446
814.5  19861.219
814.4  19824.228
814.3  19889.396
814.2  20008.975
814.1  19839.42
814  20130.088
813.9  20100.195
813.8  19938.395
813.7  19901.212
813.6  19933.968
813.5  19941.337
813.4  19821.168
813.3  19939.901
813.2  20014.485
813.1  19933.969
813  20055.749
812.9  19907.704
812.8  19865.703
812.7  19897.281
812.6  19814.732
812.5  19915.311
812.4  20018.129
812.3  20136.431
812.2  19889.501
812.1  20006.304
812  19938.698
811.9  19833.741
811.8  19983.794
811.7  19997.321
811.6  20033.876
811.5  19918.296
811.4  19945.984
811.3  19857.091
811.2  20011.512
811.1  19962.236
811  19866.543
810.9  19996.097
810.8  20017.663
810.7  19927.245
810.6  19834.864
810.5  19886.242
810.4  19885.226
810.3  20010.81
810.2  19968.026
810.1  20054.845
810  19930.131
809.9  19871.005
809.8  20045.094
809.7  20140.269
809.6  19925.74
809.5  20035.283
809.4  20059.562
809.3  20077.622
809.2  19974.206
809.1  20236.568
809  19977.814
808.9  19956.079
808.8  19929.472
808.7  20007.077
808.6  20142.223
808.5  20136.634
808.4  19939.032
808.3  19866.785
808.2  19984.403
808.1  19994.549
808  20001.144
807.9  20061.765
807.8  19932.978
807.7  19958.255
807.6  20083.912
807.5  20063.983
807.4  20094.06
807.3  19912.083
807.2  20020.53
807.1  19982.675
807  20097.959
806.9  20174.062
806.8  20057.713
806.7  19970.621
806.6  20083.258
806.5  20116.793
806.4  20103.303
806.3  20002.749
806.2  19808.846
806.1  19965.735
806  20043.642
805.9  20050.534
805.8  19958.765
805.7  19937.771
805.6  19980.497
805.5  20034.107
805.4  20020.373
805.3  20081.058
805.2  19955.44
805.1  20150.074
805  20016.94
804.9  20154.836
804.8  19934.427
804.7  20002.49
804.6  20017.858
804.5  19951.311
804.4  19945.937
804.3  19989.486
804.2  20134.318
804.1  20116.516
804  20039.762
803.9  20042.507
803.8  20048.787
803.7  20040.05
803.6  20002.654
803.5  20038.599
803.4  20008.263
803.3  19844.021
803.2  19934.707
803.1  20131.352
803  20125.504
802.9  19968.311
802.8  19905.708
802.7  19992.996
802.6  19990.298
802.5  20032.199
802.4  20057.972
802.3  19938.241
802.2  20145.55
802.1  20091.583
802  20021.67
801.9  20102.824
801.8  20084.559
801.7  20045.382
801.6  20279.385
801.5  20198.631
801.4  20050.343
801.3  20283.106
801.2  20161.328
801.1  19976.546
801  20133.486
800.9  20172.151
800.8  20136.468
800.7  20018.074
800.6  20062.332
800.5  20096.718
800.4  20092.213
800.3  20134.61
800.2  20245.911
800.1  20085.648
800  20007.043
799.9  20120.889
799.8  20050.416
799.7  20099.086
799.6  19984.683
799.5  20056.353
799.4  20060.441
799.3  19918.685
799.2  19959.332
799.1  20104.029
799  20127.787
798.9  20091.001
798.8  19952.25
798.7  19912.079
798.6  20023.917
798.5  19942.609
798.4  19932.136
798.3  19905.007
798.2  20013.234
798.1  19926.969
798  19888.843
797.9  19934.322
797.8  19936.308
797.7  19933.305
797.6  20103.064
797.5  19951.877
797.4  19948.678
797.3  20079.599
797.2  19898.863
797.1  19839.622
797  19877.822
796.9  19854.992
796.8  19760.754
796.7  19776.731
796.6  19910.21
796.5  19888.093
796.4  19858.592
796.3  19741.097
796.2  19854.446
796.1  19795.441
796  19795.436
795.9  19792.052
795.8  19882.526
795.7  19979.764
795.6  19839.748
795.5  19768.333
795.4  19724.643
795.3  19968.009
795.2  19952.992
795.1  19825.591
795  19860.67
794.9  19910.754
794.8  19978.439
794.7  19825.942
794.6  19905.595
794.5  19978.374
794.4  19980.761
794.3  19955.82
794.2  20128.21
794.1  19998.373
794  19887.037
793.9  20062.956
793.8  20020.092
793.7  20023.821
793.6  20105.039
793.5  20062.229
793.4  19934.772
793.3  20042.381
793.2  19911.659
793.1  19961.575
793  19989.447
792.9  19993.845
792.8  19943.49
792.7  20107.424
792.6  20003.274
792.5  19980.842
792.4  19918.436
792.3  20077.158
792.2  20165.669
792.1  20157.717
792  20113.683
791.9  19991.665
791.8  20182.425
791.7  20167.351
791.6  20026.709
791.5  20264.944
791.4  20235.526
791.3  20102.312
791.2  20225.488
791.1  20224.727
791  20210.768
790.9  20062.223
790.8  20162.33
790.7  20283.267
790.6  20241.822
790.5  20190.591
790.4  20312.949
790.3  20220.007
790.2  20262.692
790.1  20030.023
790  20336.408
789.9  20477.736
789.8  20304.899
789.7  20118.089
789.6  20301.248
789.5  20133.902
789.4  20198.774
789.3  20422.486
789.2  20391.283
789.1  20391.361
789  20301.767
788.9  20256.148
788.8  20260.715
788.7  20260.7
788.6  20273.427
788.5  20274.794
788.4  20423.268
788.3  20521.933
788.2  20521.118
788.1  20216.229
788  20518.556
787.9  20374.978
787.8  20307.606
787.7  20307.887
787.6  20365.793
787.5  20355.822
787.4  20523.315
787.3  20465.223
787.2  20523.059
787.1  20536.917
787  20243.059
786.9  20419.853
786.8  20418.307
786.7  20305.193
786.6  20482.761
786.5  20489.913
786.4  20456.089
786.3  20558.831
786.2  20478.443
786.1  20521.398
786  20656.267
785.9  20636.149
785.8  20544.142
785.7  20580.132
785.6  20701.199
785.5  20647.284
785.4  20542.531
785.3  20759.91
785.2  20630.328
785.1  20763.718
785  20752.008
784.9  20704.278
784.8  20591.77
784.7  20674.549
784.6  20688.935
784.5  20732.697
784.4  20691.709
784.3  20539.61
784.2  20588.49
784.1  20514.21
784  20639.604
783.9  20631.281
783.8  20690.011
783.7  20613.513
783.6  20616.695
783.5  20535.873
783.4  20587.314
783.3  20332.672
783.2  20367.99
783.1  20454.097
783  20288.957
782.9  20495.992
782.8  20344.1
782.7  20193.711
782.6  20297.576
782.5  20310.12
782.4  20122.445
782.3  20193.974
782.2  20237.921
782.1  20043.88
782  19946.564
781.9  19963.95
781.8  20021.995
781.7  20103.611
781.6  20115.081
781.5  19883.829
781.4  20025.573
781.3  20046.913
781.2  19834.204
781.1  19767.882
781  19864.662
780.9  19777.537
780.8  19803.668
780.7  19726.537
780.6  19601.577
780.5  19613.47
780.4  19540.828
780.3  19699.754
780.2  19593.516
780.1  19469.375
780  19623.658
779.9  19541.103
779.8  19566.568
779.7  19699.498
779.6  19511.395
779.5  19588.939
779.4  19534.943
779.3  19467.136
779.2  19476.699
779.1  19534.756
779  19432.953
778.9  19419.607
778.8  19418.459
778.7  19330.358
778.6  19428.778
778.5  19369.516
778.4  19492.493
778.3  19432.038
778.2  19412.006
778.1  19404.143
778  19444.614
777.9  19407.313
777.8  19270.259
777.7  19223.378
777.6  19211.555
777.5  19367.354
777.4  19174.606
777.3  19323.078
777.2  19350.719
777.1  19185.997
777  19142.936
776.9  19156.83
776.8  19260.228
776.7  19189.988
776.6  19204.529
776.5  19141.401
776.4  19322.228
776.3  19269.132
776.2  19258.299
776.1  19224.63
776  19158.265
775.9  19135.753
775.8  19152.915
775.7  19250.342
775.6  19140.853
775.5  19186.213
775.4  19040.309
775.3  18944.373
775.2  19134.169
775.1  19075.164
775  19144.434
774.9  18994.492
774.8  19027.098
774.7  19076.122
774.6  19252.626
774.5  19056.603
774.4  18993.338
774.3  19135.767
774.2  19176.114
774.1  19092.784
774  18969.28
773.9  18970.424
773.8  19071.069
773.7  18909.863
773.6  19043.725
773.5  19062.622
773.4  18967.164
773.3  19028.291
773.2  18826.135
773.1  18955.163
773  19029.361
772.9  18865.609
772.8  19165.02
772.7  18930.977
772.6  18977.101
772.5  19018.396
772.4  19003.234
772.3  18990.472
772.2  19006.442
772.1  19011.931
772  18979.011
771.9  19079.429
771.8  18964.65
771.7  19004.702
771.6  19061.596
771.5  19072.961
771.4  18999.827
771.3  19074.414
771.2  18846.938
771.1  19042.874
771  19088.483
770.9  18958.504
770.8  19010.071
770.7  19173.493
770.6  19140.013
770.5  18911.102
770.4  18967.002
770.3  18963.364
770.2  18936.7
770.1  18978.727
770  18982.688
769.9  18909.148
769.8  18868.147
769.7  18821.301
769.6  19016.45
769.5  18992.472
769.4  19129.186
769.3  19093.985
769.2  19128.176
769.1  19289.36
769  19188.042
768.9  18972.631
768.8  19120.656
768.7  19010.395
768.6  19141.196
768.5  19335.033
768.4  19327.992
768.3  19170.717
768.2  19050.97
768.1  19153.385
768  19032.966
767.9  19172.337
767.8  19141.746
767.7  19238.255
767.6  19056.633
767.5  19191.385
767.4  19138.336
767.3  19136.789
767.2  18971.895
767.1  18992.19
767  19077.841
766.9  19110.773
766.8  19084.556
766.7  19013.561
766.6  18991.296
766.5  19018.779
766.4  19091.509
766.3  19106.71
766.2  18837.582
766.1  18799.539
766  18967.551
765.9  18916.402
765.8  18812.867
765.7  18918.139
765.6  18941.981
765.5  18979.577
765.4  18861.99
765.3  18828.951
765.2  18781.127
765.1  18839.835
765  18899.94
764.9  18885.073
764.8  18773.046
764.7  18742.062
764.6  18741.506
764.5  18874.392
764.4  18825.716
764.3  18659.674
764.2  18715.912
764.1  18822.343
764  18740.701
763.9  18771.903
763.8  18711.884
763.7  18628.652
763.6  18832.725
763.5  18789.386
763.4  18521.02
763.3  18569.798
763.2  18646.82
763.1  18791.543
763  18698.466
762.9  18656.853
762.8  18632.711
762.7  18665.479
762.6  18684.745
762.5  18637.098
762.4  18753.84
762.3  18653.216
762.2  18590.835
762.1  18633.971
762  18635.105
761.9  18672.109
761.8  18688.939
761.7  18553.682
761.6  18627.803
761.5  18580.752
761.4  18607.862
761.3  18695.873
761.2  18749.962
761.1  18575.39
761  18404.691
760.9  18664.278
760.8  18514.364
760.7  18570.241
760.6  18518.319
760.5  18571.944
760.4  18613.202
760.3  18629.689
760.2  18611.254
760.1  18562.647
760  18553.83
759.9  18476.595
759.8  18551.99
759.7  18503.996
759.6  18561.467
759.5  18281.35
759.4  18447.418
759.3  18416.938
759.2  18545.334
759.1  18375.199
759  18547.973
758.9  18493.952
758.8  18351.907
758.7  18373.797
758.6  18442.271
758.5  18627.78
758.4  18505.517
758.3  18245.05
758.2  18513.734
758.1  18512.06
758  18421.618
757.9  18392.351
757.8  18346.173
757.7  18623.56
757.6  18459.023
757.5  18482.835
757.4  18512.969
757.3  18227.452
757.2  18450.158
757.1  18417.232
757  18405.494
756.9  18458.929
756.8  18419.627
756.7  18415.613
756.6  18541.316
756.5  18287.458
756.4  18479.454
756.3  18322.255
756.2  18388.727
756.1  18369.517
756  18259.941
755.9  18391.772
755.8  18341.143
755.7  18303.332
755.6  18315.599
755.5  18330.363
755.4  18395.515
755.3  18328.368
755.2  18389.894
755.1  18342.752
755  18348.642
754.9  18258.315
754.8  18410.523
754.7  18247.875
754.6  18176.747
754.5  18332.723
754.4  18249.91
754.3  18349.204
754.2  18223.259
754.1  18205.597
754  18299.958
753.9  18335.131
753.8  18275.402
753.7  18241.583
753.6  18142.054
753.5  18197.74
753.4  18321.296
753.3  18186.595
753.2  18249.843
753.1  18222.919
753  18103.034
752.9  18166.819
752.8  18321.388
752.7  18211.448
752.6  18295.261
752.5  18160.907
752.4  18219.594
752.3  18197.335
752.2  18182.494
752.1  18104.264
752  18208.549
751.9  18102.496
751.8  18211.573
751.7  18070.488
751.6  18146.323
751.5  18184.935
751.4  18250.466
751.3  18057.561
751.2  18057.38
751.1  18065.554
751  18100.066
750.9  18112.721
750.8  18122.151
750.7  18264.806
750.6  18247.156
750.5  18169.835
750.4  18080.684
750.3  18139.185
750.2  18271.284
750.1  18259.81
750  18057.28
749.9  18086.56
749.8  18042.538
749.7  18112.017
749.6  18312.531
749.5  18149.425
749.4  18143.038
749.3  18203.298
749.2  18194.22
749.1  18151.409
749  18353.709
748.9  18286.841
748.8  18228.153
748.7  18272.335
748.6  18217.228
748.5  18118.127
748.4  18065.119
748.3  18339.477
748.2  18296.866
748.1  18331.421
748  18293.53
747.9  18443.672
747.8  18297.833
747.7  18156.927
747.6  18321.627
747.5  18292.422
747.4  18325.671
747.3  18293.566
747.2  18444.486
747.1  18379.912
747  18344.145
746.9  18569.382
746.8  18527.667
746.7  18629.992
746.6  18732.743
746.5  18696.381
746.4  18761.689
746.3  18833.553
746.2  18999.35
746.1  18902.362
746  19009.813
745.9  18870.853
745.8  19260.089
745.7  19168.963
745.6  19265.414
745.5  19253.771
745.4  19432.833
745.3  19608.926
745.2  19642.232
745.1  19706.335
745  19795.279
744.9  20104.043
744.8  20021.327
744.7  20185.54
744.6  20203.99
744.5  20039.621
744.4  20265.255
744.3  20355.79
744.2  20417.463
744.1  20379.035
744  20411.798
743.9  20588.445
743.8  20697.765
743.7  20749.369
743.6  20723.907
743.5  20658.296
743.4  20617.217
743.3  20679.694
743.2  20647.994
743.1  20521.871
743  20747.886
742.9  20672.249
742.8  20438.966
742.7  20409.566
742.6  20404.822
742.5  20243.88
742.4  20220.067
742.3  20092.814
742.2  19973.167
742.1  19983.048
742  19795.012
741.9  19628.426
741.8  19485.384
741.7  19535.727
741.6  19534.769
741.5  19440.815
741.4  19351.65
741.3  19239.292
741.2  19118.584
741.1  19017.48
741  19033.479
740.9  18836.955
740.8  18805.844
740.7  18654.085
740.6  18775.277
740.5  18599.672
740.4  18458.433
740.3  18475.778
740.2  18493.464
740.1  18415.212
740  18365.113
739.9  18339.055
739.8  18317.953
739.7  18338.432
739.6  18246.694
739.5  18291.053
739.4  18357.829
739.3  18231.196
739.2  18070.133
739.1  18132.758
739  18132.927
738.9  18098.436
738.8  18192.861
738.7  18128.429
738.6  18135.717
738.5  18129.852
738.4  18092.628
738.3  18221.027
738.2  18068.451
738.1  18020.727
738  17938.853
737.9  18090.4
737.8  18073.204
737.7  18108.343
737.6  18041.821
737.5  17999.286
737.4  18131.385
737.3  17934.526
737.2  17954.659
737.1  18001.481
737  18004.161
736.9  18186.065
736.8  18198.824
736.7  18116.671
736.6  17940.405
736.5  18035.095
736.4  18077.115
736.3  17873.258
736.2  18016.02
736.1  18170.471
736  18002.746
735.9  18003.685
735.8  17911.407
735.7  18114.809
735.6  17979.556
735.5  17907.578
735.4  18026.46
735.3  17979.41
735.2  17972.206
735.1  17854.995
735  17826.254
734.9  18035.615
734.8  17972.027
734.7  17817.787
734.6  17885.028
734.5  17869.337
734.4  17983.607
734.3  18007.4
734.2  17990.421
734.1  17914.313
734  17932.535
733.9  17992.815
733.8  17987.861
733.7  17958.766
733.6  18005.931
733.5  18036.504
733.4  17965.828
733.3  17967.657
733.2  18017.808
733.1  17968.86
733  18039.202
732.9  18056.939
732.8  18263.877
732.7  17912.925
732.6  17998.295
732.5  18132.095
732.4  18117.927
732.3  18168.268
732.2  18150.945
732.1  18039.238
732  18008.141
731.9  18076.759
731.8  18005.977
731.7  18117.331
731.6  18091.34
731.5  18179.92
731.4  17974.406
731.3  18013.369
731.2  18122.208
731.1  18105.876
731  17948.986
730.9  18101.715
730.8  18161.341
730.7  18213.939
730.6  18191.228
730.5  18179.222
730.4  18012.885
730.3  18099.962
730.2  18057.457
730.1  18094.11
730  18123.188

# Operation:                    Multi Peak Fit
# Parameter: "Peak Function" = Voigt
# Parameter: "Background Function" = Tougaard 2
# Parameter: "Baseline" = Constant
# Parameter: "LM Parameters/Max Iterations" = 200
# Parameter: "LM Parameters/Tolerance" = 2.2204459999999999e-16
# Parameter: "Baseline/BL_I/Value" = nan counts
# Parameter: "Peak 1/C/Value" = nan eV
# Parameter: "Peak 1/A/Value" = nan counts eV
# Parameter: "Peak 1/FL/Value" = nan eV
# Parameter: "Peak 1/FG/Value" = nan eV
# Parameter: "Peak 1/a/Value" = 0
# Parameter: "Peak 1/a/Constraint" = Fixed: 0
# Parameter: "Peak 1/TB/Value" = nan eV^2
# Parameter: "Peak 1/TC/Value" = 1643 eV^2
# Parameter: "Peak 1/TC/Constraint" = Fixed: 1643
# Parameter: "Peak 2/C/Value" = nan eV
# Parameter: "Peak 2/A/Value" = nan counts eV
# Parameter: "Peak 2/FL/Value" = nan eV
# Parameter: "Peak 2/FG/Value" = nan eV
# Parameter: "Peak 2/a/Value" = 0
# Parameter: "Peak 2/a/Constraint" = Fixed: 0
# Parameter: "Peak 2/TB/Value" = nan eV^2
# Parameter: "Peak 2/TC/Value" = 1643 eV^2
# Parameter: "Peak 2/TC/Constraint" = Fixed: 1643
#
# Result:
# Number of Results:            5
# Parameter: "Baseline/BL_I/Value" = 35963.403395802437 counts +- 17.249152031062877
# Parameter: "Peak 1/C/Value" = 743.14864140217992 eV +- 0.016951216448919126
# Parameter: "Peak 1/C/Constraint" = Restricted: 661.61 .. 756.61
# Parameter: "Peak 1/Relative Area/Value" = 19.54346712860433 %
# Parameter: "Peak 1/A/Value" = 22343.936632678851 counts eV +- 241.38749239878896
# Parameter: "Peak 1/FL/Value" = 0 eV +- 0
# Parameter: "Peak 1/FG/Value" = 4.0387457738248074 eV +- 0.042825242770302099
# Parameter: "Peak 1/F/Value" = 4.0387457738248074 eV
# Parameter: "Peak 1/a/Value" = 0 +- 0
# Parameter: "Peak 1/a/Constraint" = Fixed: 0
# Parameter: "Peak 1/TB/Value" = 6218.2470613211381 eV^2 +- 236.88161058350343
# Parameter: "Peak 1/TC/Value" = 1643 eV^2 +- 0
# Parameter: "Peak 1/TC/Constraint" = Fixed: 1643
# Parameter: "Peak 2/C/Value" = 700.49272904986617 eV +- 0.08478781423707063
# Parameter: "Peak 2/C/Constraint" = Restricted: 661.61 .. 756.61
# Parameter: "Peak 2/Relative Area/Value" = 80.45653287139568 %
# Parameter: "Peak 2/A/Value" = 91985.503919738199 counts eV +- 1936.5759929952724
# Parameter: "Peak 2/FL/Value" = 17.828859763563759 eV +- 0.3003165824000068
# Parameter: "Peak 2/FG/Value" = 1.8779315590890116e-11 eV +- 2.0616809231645726e-06
# Parameter: "Peak 2/F/Value" = 17.828866276036837 eV
# Parameter: "Peak 2/a/Value" = 0 +- 0
# Parameter: "Peak 2/a/Constraint" = Fixed: 0
# Parameter: "Peak 2/TB/Value" = 4299.368488705325 eV^2 +- 209.99698740343527
# Parameter: "Peak 2/TC/Value" = 1643 eV^2 +- 0
# Parameter: "Peak 2/TC/Constraint" = Fixed: 1643
# Parameter: "Fit Result/ChiSquare" = 2120.1940650298739
# Parameter: "Fit Result/Reduced ChiSquare" = 2.2579276517890032
# Parameter: "Fit Result/Abbe Factor" = 0.27378735539534915
# Parameter: "Fit Result/Q-Probability" = 5.4685284861199417e-93
# Parameter: "Termination State" = ConvergedInParameter
#
# Result Name:                  Background
# Number of Curves:             1
#
# Curve:                        0
# Values/Curve:                 472
#
825  20115.353
824.7983  20110.516
824.5966  20105.676
824.3949  20100.83
824.19321  20095.98
823.99151  20091.124
823.78981  20086.263
823.58811  20081.396
823.38641  20076.524
823.18471  20071.644
822.98301  20066.758
822.78132  20061.865
822.57962  20056.964
822.37792  20052.056
822.17622  20047.139
821.97452  20042.215
821.77282  20037.281
821.57113  20032.338
821.36943  20027.386
821.16773  20022.425
820.96603  20017.453
820.76433  20012.471
820.56263  20007.478
820.36093  20002.473
820.15924  19997.458
819.95754  19992.43
819.75584  19987.39
819.55414  19982.337
819.35244  19977.272
819.15074  19972.193
818.94904  19967.1
818.74735  19961.993
818.54565  19956.872
818.34395  19951.735
818.14225  19946.583
817.94055  19941.416
817.73885  19936.232
817.53715  19931.032
817.33546  19925.815
817.13376  19920.581
816.93206  19915.329
816.73036  19910.059
816.52866  19904.77
816.32696  19899.462
816.12527  19894.135
815.92357  19888.789
815.72187  19883.422
815.52017  19878.034
815.31847  19872.626
815.11677  19867.196
814.91507  19861.744
814.71338  19856.27
814.51168  19850.774
814.30998  19845.254
814.10828  19839.711
813.90658  19834.144
813.70488  19828.553
813.50318  19822.937
813.30149  19817.296
813.09979  19811.629
812.89809  19805.937
812.69639  19800.218
812.49469  19794.473
812.29299  19788.7
812.0913  19782.9
811.8896  19777.072
811.6879  19771.216
811.4862  19765.332
811.2845  19759.418
811.0828  19753.475
810.8811  19747.503
810.67941  19741.5
810.47771  19735.467
810.27601  19729.403
810.07431  19723.308
809.87261  19717.181
809.67091  19711.023
809.46921  19704.833
809.26752  19698.61
809.06582  19692.354
808.86412  19686.066
808.66242  19679.744
808.46072  19673.389
808.25902  19667
808.05732  19660.577
807.85563  19654.12
807.65393  19647.629
807.45223  19641.102
807.25053  19634.541
807.04883  19627.944
806.84713  19621.313
806.64544  19614.646
806.44374  19607.943
806.24204  19601.204
806.04034  19594.43
805.83864  19587.62
805.63694  19580.774
805.43524  19573.891
805.23355  19566.973
805.03185  19560.018
804.83015  19553.028
804.62845  19546.001
804.42675  19538.937
804.22505  19531.838
804.02335  19524.703
803.82166  19517.532
803.61996  19510.325
803.41826  19503.082
803.21656  19495.804
803.01486  19488.49
802.81316  19481.142
802.61146  19473.758
802.40977  19466.34
802.20807  19458.887
802.00637  19451.4
801.80467  19443.88
801.60297  19436.326
801.40127  19428.739
801.19958  19421.12
800.99788  19413.468
800.79618  19405.785
800.59448  19398.071
800.39278  19390.326
800.19108  19382.551
799.98938  19374.747
799.78769  19366.914
799.58599  19359.053
799.38429  19351.165
799.18259  19343.25
798.98089  19335.309
798.77919  19327.344
798.57749  19319.354
798.3758  19311.341
798.1741  19303.305
797.9724  19295.248
797.7707  19287.171
797.569  19279.075
797.3673  19270.96
797.16561  19262.828
796.96391  19254.681
796.76221  19246.518
796.56051  19238.343
796.35881  19230.155
796.15711  19221.956
795.95541  19213.748
795.75372  19205.531
795.55202  19197.309
795.35032  19189.081
795.14862  19180.849
794.94692  19172.616
794.74522  19164.382
794.54352  19156.15
794.34183  19147.921
794.14013  19139.697
793.93843  19131.479
793.73673  19123.27
793.53503  19115.071
793.33333  19106.885
793.13163  19098.712
792.92994  19090.556
792.72824  19082.418
792.52654  19074.301
792.32484  19066.205
792.12314  19058.135
791.92144  19050.09
791.71975  19042.075
791.51805  19034.09
791.31635  19026.138
791.11465  19018.221
790.91295  19010.342
790.71125  19002.503
790.50955  18994.705
790.30786  18986.951
790.10616  18979.244
789.90446  18971.585
789.70276  18963.976
789.50106  18956.419
789.29936  18948.918
789.09766  18941.473
788.89597  18934.086
788.69427  18926.76
788.49257  18919.497
788.29087  18912.297
788.08917  18905.164
787.88747  18898.098
787.68577  18891.101
787.48408  18884.175
787.28238  18877.321
787.08068  18870.539
786.87898  18863.832
786.67728  18857.201
786.47558  18850.646
786.27389  18844.168
786.07219  18837.768
785.87049  18831.446
785.66879  18825.203
785.46709  18819.04
785.26539  18812.956
785.06369  18806.951
784.862  18801.027
784.6603  18795.181
784.4586  18789.415
784.2569  18783.728
784.0552  18778.119
783.8535  18772.589
783.6518  18767.136
783.45011  18761.759
783.24841  18756.459
783.04671  18751.233
782.84501  18746.082
782.64331  18741.003
782.44161  18735.997
782.23992  18731.062
782.03822  18726.197
781.83652  18721.401
781.63482  18716.672
781.43312  18712.009
781.23142  18707.411
781.02972  18702.877
780.82803  18698.406
780.62633  18693.995
780.42463  18689.644
780.22293  18685.352
780.02123  18681.117
779.81953  18676.937
779.61783  18672.812
779.41614  18668.739
779.21444  18664.719
779.01274  18660.749
778.81104  18656.827
778.60934  18652.954
778.40764  18649.127
778.20594  18645.345
778.00425  18641.608
777.80255  18637.912
777.60085  18634.259
777.39915  18630.645
777.19745  18627.071
776.99575  18623.534
776.79406  18620.035
776.59236  18616.57
776.39066  18613.14
776.18896  18609.744
775.98726  18606.379
775.78556  18603.046
775.58386  18599.743
775.38217  18596.469
775.18047  18593.222
774.97877  18590.003
774.77707  18586.81
774.57537  18583.641
774.37367  18580.497
774.17197  18577.375
773.97028  18574.276
773.76858  18571.197
773.56688  18568.139
773.36518  18565.1
773.16348  18562.08
772.96178  18559.077
772.76008  18556.09
772.55839  18553.12
772.35669  18550.164
772.15499  18547.222
771.95329  18544.293
771.75159  18541.377
771.54989  18538.472
771.3482  18535.578
771.1465  18532.694
770.9448  18529.819
770.7431  18526.952
770.5414  18524.092
770.3397  18521.239
770.138  18518.393
769.93631  18515.551
769.73461  18512.714
769.53291  18509.88
769.33121  18507.049
769.12951  18504.22
768.92781  18501.393
768.72611  18498.566
768.52442  18495.739
768.32272  18492.912
768.12102  18490.082
767.91932  18487.251
767.71762  18484.416
767.51592  18481.578
767.31423  18478.735
767.11253  18475.887
766.91083  18473.033
766.70913  18470.173
766.50743  18467.305
766.30573  18464.429
766.10403  18461.545
765.90234  18458.651
765.70064  18455.747
765.49894  18452.833
765.29724  18449.907
765.09554  18446.97
764.89384  18444.019
764.69214  18441.056
764.49045  18438.078
764.28875  18435.086
764.08705  18432.078
763.88535  18429.055
763.68365  18426.015
763.48195  18422.958
763.28025  18419.883
763.07856  18416.79
762.87686  18413.677
762.67516  18410.546
762.47346  18407.394
762.27176  18404.221
762.07006  18401.028
761.86837  18397.812
761.66667  18394.574
761.46497  18391.313
761.26327  18388.029
761.06157  18384.721
760.85987  18381.388
760.65817  18378.03
760.45648  18374.647
760.25478  18371.238
760.05308  18367.803
759.85138  18364.341
759.64968  18360.851
759.44798  18357.334
759.24628  18353.789
759.04459  18350.215
758.84289  18346.613
758.64119  18342.981
758.43949  18339.32
758.23779  18335.629
758.03609  18331.908
757.83439  18328.156
757.6327  18324.373
757.431  18320.559
757.2293  18316.715
757.0276  18312.838
756.8259  18308.93
756.6242  18304.99
756.42251  18301.018
756.22081  18297.013
756.01911  18292.977
755.81741  18288.908
755.61571  18284.806
755.41401  18280.672
755.21231  18276.505
755.01062  18272.306
754.80892  18268.073
754.60722  18263.809
754.40552  18259.511
754.20382  18255.181
754.00212  18250.819
753.80042  18246.425
753.59873  18241.998
753.39703  18237.539
753.19533  18233.049
752.99363  18228.527
752.79193  18223.974
752.59023  18219.389
752.38854  18214.774
752.18684  18210.128
751.98514  18205.452
751.78344  18200.747
751.58174  18196.012
751.38004  18191.247
751.17834  18186.455
750.97665  18181.634
750.77495  18176.786
750.57325  18171.91
750.37155  18167.008
750.16985  18162.081
749.96815  18157.127
749.76645  18152.149
749.56476  18147.147
749.36306  18142.122
749.16136  18137.074
748.95966  18132.005
748.75796  18126.916
748.55626  18121.809
748.35456  18116.684
748.15287  18111.543
747.95117  18106.39
747.74947  18101.227
747.54777  18096.058
747.34607  18090.887
747.14437  18085.719
746.94268  18080.561
746.74098  18075.42
746.53928  18070.306
746.33758  18065.228
746.13588  18060.2
745.93418  18055.233
745.73248  18050.343
745.53079  18045.546
745.32909  18040.859
745.12739  18036.3
744.92569  18031.887
744.72399  18027.638
744.52229  18023.57
744.32059  18019.7
744.1189  18016.042
743.9172  18012.608
743.7155  18009.408
743.5138  18006.447
743.3121  18003.729
743.1104  18001.254
742.9087  17999.018
742.70701  17997.014
742.50531  17995.233
742.30361  17993.661
742.10191  17992.285
741.90021  17991.089
741.69851  17990.056
741.49682  17989.17
741.29512  17988.412
741.09342  17987.766
740.89172  17987.218
740.69002  17986.751
740.48832  17986.353
740.28662  17986.013
740.08493  17985.719
739.88323  17985.464
739.68153  17985.239
739.47983  17985.038
739.27813  17984.857
739.07643  17984.692
738.87473  17984.539
738.67304  17984.396
738.47134  17984.261
738.26964  17984.132
738.06794  17984.009
737.86624  17983.89
737.66454  17983.776
737.46285  17983.666
737.26115  17983.559
737.05945  17983.456
736.85775  17983.356
736.65605  17983.259
736.45435  17983.165
736.25265  17983.075
736.05096  17982.987
735.84926  17982.902
735.64756  17982.82
735.44586  17982.742
735.24416  17982.666
735.04246  17982.593
734.84076  17982.523
734.63907  17982.456
734.43737  17982.392
734.23567  17982.331
734.03397  17982.273
733.83227  17982.218
733.63057  17982.165
733.42887  17982.116
733.22718  17982.069
733.02548  17982.025
732.82378  17981.984
732.62208  17981.946
732.42038  17981.911
732.21868  17981.878
732.01699  17981.849
731.81529  17981.822
731.61359  17981.797
731.41189  17981.776
731.21019  17981.757
731.00849  17981.741
730.80679  17981.728
730.6051  17981.717
730.4034  17981.71
730.2017  17981.704
730  17981.702

# Result Name:                  Combined
# Number of Curves:             1
#
# Curve:                        0
# Values/Curve:                 472
#
825  20197.364
824.7983  20193.342
824.5966  20189.327
824.3949  20185.32
824.19321  20181.321
823.99151  20177.329
823.78981  20173.344
823.58811  20169.367
823.38641  20165.397
823.18471  20161.434
822.98301  20157.479
822.78132  20153.531
822.57962  20149.59
822.37792  20145.656
822.17622  20141.729
821.97452  20137.809
821.77282  20133.896
821.57113  20129.991
821.36943  20126.092
821.16773  20122.2
820.96603  20118.316
820.76433  20114.438
820.56263  20110.568
820.36093  20106.704
820.15924  20102.848
819.95754  20098.998
819.75584  20095.156
819.55414  20091.321
819.35244  20087.493
819.15074  20083.673
818.94904  20079.859
818.74735  20076.054
818.54565  20072.255
818.34395  20068.465
818.14225  20064.682
817.94055  20060.907
817.73885  20057.14
817.53715  20053.381
817.33546  20049.631
817.13376  20045.889
816.93206  20042.155
816.73036  20038.431
816.52866  20034.715
816.32696  20031.009
816.12527  20027.313
815.92357  20023.626
815.72187  20019.949
815.52017  20016.283
815.31847  20012.628
815.11677  20008.983
814.91507  20005.351
814.71338  20001.73
814.51168  19998.121
814.30998  19994.525
814.10828  19990.942
813.90658  19987.372
813.70488  19983.817
813.50318  19980.277
813.30149  19976.752
813.09979  19973.243
812.89809  19969.75
812.69639  19966.275
812.49469  19962.817
812.29299  19959.379
812.0913  19955.959
811.8896  19952.56
811.6879  19949.182
811.4862  19945.827
811.2845  19942.494
811.0828  19939.185
810.8811  19935.902
810.67941  19932.644
810.47771  19929.414
810.27601  19926.212
810.07431  19923.04
809.87261  19919.9
809.67091  19916.791
809.46921  19913.717
809.26752  19910.678
809.06582  19907.676
808.86412  19904.712
808.66242  19901.789
808.46072  19898.908
808.25902  19896.071
808.05732  19893.279
807.85563  19890.536
807.65393  19887.842
807.45223  19885.201
807.25053  19882.614
807.04883  19880.084
806.84713  19877.613
806.64544  19875.204
806.44374  19872.86
806.24204  19870.583
806.04034  19868.376
805.83864  19866.243
805.63694  19864.185
805.43524  19862.208
805.23355  19860.313
805.03185  19858.505
804.83015  19856.787
804.62845  19855.163
804.42675  19853.636
804.22505  19852.211
804.02335  19850.893
803.82166  19849.684
803.61996  19848.591
803.41826  19847.617
803.21656  19846.768
803.01486  19846.048
802.81316  19845.462
802.61146  19845.017
802.40977  19844.716
802.20807  19844.567
802.00637  19844.575
801.80467  19844.747
801.60297  19845.087
801.40127  19845.604
801.19958  19846.302
800.99788  19847.191
800.79618  19848.275
800.59448  19849.563
800.39278  19851.062
800.19108  19852.78
799.98938  19854.724
799.78769  19856.902
799.58599  19859.322
799.38429  19861.993
799.18259  19864.923
798.98089  19868.121
798.77919  19871.595
798.57749  19875.354
798.3758  19879.407
798.1741  19883.763
797.9724  19888.431
797.7707  19893.42
797.569  19898.738
797.3673  19904.395
797.16561  19910.4
796.96391  19916.76
796.76221  19923.485
796.56051  19930.582
796.35881  19938.06
796.15711  19945.926
795.95541  19954.186
795.75372  19962.847
795.55202  19971.915
795.35032  19981.394
795.14862  19991.288
794.94692  20001.6
794.74522  20012.332
794.54352  20023.485
794.34183  20035.056
794.14013  20047.044
793.93843  20059.444
793.73673  20072.25
793.53503  20085.452
793.33333  20099.04
793.13163  20113
792.92994  20127.316
792.72824  20141.968
792.52654  20156.933
792.32484  20172.186
792.12314  20187.696
791.92144  20203.431
791.71975  20219.352
791.51805  20235.418
791.31635  20251.583
791.11465  20267.797
790.91295  20284.007
790.71125  20300.152
790.50955  20316.17
790.30786  20331.993
790.10616  20347.551
789.90446  20362.769
789.70276  20377.568
789.50106  20391.868
789.29936  20405.584
789.09766  20418.633
788.89597  20430.926
788.69427  20442.378
788.49257  20452.903
788.29087  20462.414
788.08917  20470.83
787.88747  20478.07
787.68577  20484.06
787.48408  20488.729
787.28238  20492.013
787.08068  20493.855
786.87898  20494.204
786.67728  20493.021
786.47558  20490.272
786.27389  20485.936
786.07219  20480.001
785.87049  20472.464
785.66879  20463.332
785.46709  20452.625
785.26539  20440.369
785.06369  20426.603
784.862  20411.371
784.6603  20394.728
784.4586  20376.736
784.2569  20357.463
784.0552  20336.983
783.8535  20315.374
783.6518  20292.717
783.45011  20269.1
783.24841  20244.607
783.04671  20219.327
782.84501  20193.347
782.64331  20166.755
782.44161  20139.635
782.23992  20112.073
782.03822  20084.147
781.83652  20055.936
781.63482  20027.515
781.43312  19998.953
781.23142  19970.316
781.02972  19941.668
780.82803  19913.064
780.62633  19884.56
780.42463  19856.204
780.22293  19828.04
780.02123  19800.11
779.81953  19772.449
779.61783  19745.091
779.41614  19718.063
779.21444  19691.392
779.01274  19665.099
778.81104  19639.204
778.60934  19613.721
778.40764  19588.664
778.20594  19564.044
778.00425  19539.869
777.80255  19516.145
777.60085  19492.876
777.39915  19470.065
777.19745  19447.712
776.99575  19425.818
776.79406  19404.38
776.59236  19383.395
776.39066  19362.86
776.18896  19342.77
775.98726  19323.118
775.78556  19303.899
775.58386  19285.107
775.38217  19266.733
775.18047  19248.769
774.97877  19231.209
774.77707  19214.043
774.57537  19197.264
774.37367  19180.861
774.17197  19164.828
773.97028  19149.154
773.76858  19133.83
773.56688  19118.849
773.36518  19104.2
773.16348  19089.875
772.96178  19075.866
772.76008  19062.163
772.55839  19048.758
772.35669  19035.643
772.15499  19022.808
771.95329  19010.247
771.75159  18997.95
771.54989  18985.91
771.3482  18974.12
771.1465  18962.571
770.9448  18951.256
770.7431  18940.167
770.5414  18929.299
770.3397  18918.643
770.138  18908.193
769.93631  18897.943
769.73461  18887.885
769.53291  18878.015
769.33121  18868.325
769.12951  18858.809
768.92781  18849.463
768.72611  18840.279
768.52442  18831.253
768.32272  18822.38
768.12102  18813.654
767.91932  18805.07
767.71762  18796.623
767.51592  18788.308
767.31423  18780.121
767.11253  18772.057
766.91083  18764.112
766.70913  18756.282
766.50743  18748.562
766.30573  18740.948
766.10403  18733.436
765.90234  18726.022
765.70064  18718.704
765.49894  18711.476
765.29724  18704.336
765.09554  18697.28
764.89384  18690.305
764.69214  18683.407
764.49045  18676.583
764.28875  18669.831
764.08705  18663.146
763.88535  18656.527
763.68365  18649.971
763.48195  18643.474
763.28025  18637.034
763.07856  18630.648
762.87686  18624.314
762.67516  18618.029
762.47346  18611.791
762.27176  18605.597
762.07006  18599.446
761.86837  18593.335
761.66667  18587.261
761.46497  18581.223
761.26327  18575.219
761.06157  18569.247
760.85987  18563.304
760.65817  18557.388
760.45648  18551.499
760.25478  18545.634
760.05308  18539.792
759.85138  18533.97
759.64968  18528.168
759.44798  18522.383
759.24628  18516.614
759.04459  18510.859
758.84289  18505.118
758.64119  18499.389
758.43949  18493.67
758.23779  18487.96
758.03609  18482.258
757.83439  18476.562
757.6327  18470.872
757.431  18465.186
757.2293  18459.504
757.0276  18453.823
756.8259  18448.144
756.6242  18442.466
756.42251  18436.786
756.22081  18431.105
756.01911  18425.422
755.81741  18419.735
755.61571  18414.045
755.41401  18408.35
755.21231  18402.649
755.01062  18396.943
754.80892  18391.23
754.60722  18385.51
754.40552  18379.783
754.20382  18374.047
754.00212  18368.303
753.80042  18362.55
753.59873  18356.788
753.39703  18351.016
753.19533  18345.234
752.99363  18339.442
752.79193  18333.64
752.59023  18327.828
752.38854  18322.005
752.18684  18316.173
751.98514  18310.333
751.78344  18304.485
751.58174  18298.633
751.38004  18292.78
751.17834  18286.934
750.97665  18281.105
750.77495  18275.311
750.57325  18269.577
750.37155  18263.941
750.16985  18258.461
749.96815  18253.219
749.76645  18248.332
749.56476  18243.964
749.36306  18240.339
749.16136  18237.761
748.95966  18236.627
748.75796  18237.454
748.55626  18240.894
748.35456  18247.756
748.15287  18259.012
747.95117  18275.809
747.74947  18299.457
747.54777  18331.407
747.34607  18373.207
747.14437  18426.433
746.94268  18492.606
746.74098  18573.074
746.53928  18668.884
746.33758  18780.642
746.13588  18908.361
745.93418  19051.338
745.73248  19208.04
745.53079  19376.037
745.32909  19551.994
745.12739  19731.72
744.92569  19910.291
744.72399  20082.246
744.52229  20241.839
744.32059  20383.343
744.1189  20501.381
743.9172  20591.248
743.7155  20649.219
743.5138  20672.788
743.3121  20660.842
743.1104  20613.736
742.9087  20533.266
742.70701  20422.552
742.50531  20285.823
742.30361  20128.147
742.10191  19955.114
741.90021  19772.498
741.69851  19585.945
741.49682  19400.687
741.29512  19221.318
741.09342  19051.629
740.89172  18894.523
740.69002  18751.995
740.48832  18625.169
740.28662  18514.391
740.08493  18419.344
739.88323  18339.195
739.68153  18272.735
739.47983  18218.518
739.27813  18174.985
739.07643  18140.562
738.87473  18113.744
738.67304  18093.144
738.47134  18077.527
738.26964  18065.832
738.06794  18057.165
737.86624  18050.795
737.66454  18046.14
737.46285  18042.741
737.26115  18040.248
737.05945  18038.4
736.85775  18037.003
736.65605  18035.918
736.45435  18035.045
736.25265  18034.315
736.05096  18033.681
735.84926  18033.112
735.64756  18032.587
735.44586  18032.091
735.24416  18031.617
735.04246  18031.158
734.84076  18030.711
734.63907  18030.275
734.43737  18029.847
734.23567  18029.427
734.03397  18029.014
733.83227  18028.609
733.63057  18028.211
733.42887  18027.819
733.22718  18027.434
733.02548  18027.055
732.82378  18026.684
732.62208  18026.318
732.42038  18025.959
732.21868  18025.606
732.01699  18025.26
731.81529  18024.919
731.61359  18024.585
731.41189  18024.257
731.21019  18023.934
731.00849  18023.618
730.80679  18023.308
730.6051  18023.003
730.4034  18022.704
730.2017  18022.411
730  18022.124

# Result Name:                  Peak 1
# Number of Curves:             1
#
# Curve:                        0
# Values/Curve:                 472
#
825  20115.353
824.7983  20110.516
824.5966  20105.676
824.3949  20100.83
824.19321  20095.98
823.99151  20091.124
823.78981  20086.263
823.58811  20081.396
823.38641  20076.524
823.18471  20071.644
822.98301  20066.758
822.78132  20061.865
822.57962  20056.964
822.37792  20052.056
822.17622  20047.139
821.97452  20042.215
821.77282  20037.281
821.57113  20032.338
821.36943  20027.386
821.16773  20022.425
820.96603  20017.453
820.76433  20012.471
820.56263  20007.478
820.36093  20002.473
820.15924  19997.458
819.95754  19992.43
819.75584  19987.39
819.55414  19982.337
819.35244  19977.272
819.15074  19972.193
818.94904  19967.1
818.74735  19961.993
818.54565  19956.872
818.34395  19951.735
818.14225  19946.583
817.94055  19941.416
817.73885  19936.232
817.53715  19931.032
817.33546  19925.815
817.13376  19920.581
816.93206  19915.329
816.73036  19910.059
816.52866  19904.77
816.32696  19899.462
816.12527  19894.135
815.92357  19888.789
815.72187  19883.422
815.52017  19878.034
815.31847  19872.626
815.11677  19867.196
814.91507  19861.744
814.71338  19856.27
814.51168  19850.774
814.30998  19845.254
814.10828  19839.711
813.90658  19834.144
813.70488  19828.553
813.50318  19822.937
813.30149  19817.296
813.09979  19811.629
812.89809  19805.937
812.69639  19800.218
812.49469  19794.473
812.29299  19788.7
812.0913  19782.9
811.8896  19777.072
811.6879  19771.216
811.4862  19765.332
811.2845  19759.418
811.0828  19753.475
810.8811  19747.503
810.67941  19741.5
810.47771  19735.467
810.27601  19729.403
810.07431  19723.308
809.87261  19717.181
809.67091  19711.023
809.46921  19704.833
809.26752  19698.61
809.06582  19692.354
808.86412  19686.066
808.66242  19679.744
808.46072  19673.389
808.25902  19667
808.05732  19660.577
807.85563  19654.12
807.65393  19647.629
807.45223  19641.102
807.25053  19634.541
807.04883  19627.944
806.84713  19621.313
806.64544  19614.646
806.44374  19607.943
806.24204  19601.204
806.04034  19594.43
805.83864  19587.62
805.63694  19580.774
805.43524  19573.891
805.23355  19566.973
805.03185  19560.018
804.83015  19553.028
804.62845  19546.001
804.42675  19538.937
804.22505  19531.838
804.02335  19524.703
803.82166  19517.532
803.61996  19510.325
803.41826  19503.082
803.21656  19495.804
803.01486  19488.49
802.81316  19481.142
802.61146  19473.758
802.40977  19466.34
802.20807  19458.887
802.00637  19451.4
801.80467  19443.88
801.60297  19436.326
801.40127  19428.739
801.19958  19421.12
800.99788  19413.468
800.79618  19405.785
800.59448  19398.071
800.39278  19390.326
800.19108  19382.551
799.98938  19374.747
799.78769  19366.914
799.58599  19359.053
799.38429  19351.165
799.18259  19343.25
798.98089  19335.309
798.77919  19327.344
798.57749  19319.354
798.3758  19311.341
798.1741  19303.305
797.9724  19295.248
797.7707  19287.171
797.569  19279.075
797.3673  19270.96
797.16561  19262.828
796.96391  19254.681
796.76221  19246.518
796.56051  19238.343
796.35881  19230.155
796.15711  19221.956
795.95541  19213.748
795.75372  19205.531
795.55202  19197.309
795.35032  19189.081
795.14862  19180.849
794.94692  19172.616
794.74522  19164.382
794.54352  19156.15
794.34183  19147.921
794.14013  19139.697
793.93843  19131.479
793.73673  19123.27
793.53503  19115.071
793.33333  19106.885
793.13163  19098.712
792.92994  19090.556
792.72824  19082.418
792.52654  19074.301
792.32484  19066.205
792.12314  19058.135
791.92144  19050.09
791.71975  19042.075
791.51805  19034.09
791.31635  19026.138
791.11465  19018.221
790.91295  19010.342
790.71125  19002.503
790.50955  18994.705
790.30786  18986.951
790.10616  18979.244
789.90446  18971.585
789.70276  18963.976
789.50106  18956.419
789.29936  18948.918
789.09766  18941.473
788.89597  18934.086
788.69427  18926.76
788.49257  18919.497
788.29087  18912.297
788.08917  18905.164
787.88747  18898.098
787.68577  18891.101
787.48408  18884.175
787.28238  18877.321
787.08068  18870.539
786.87898  18863.832
786.67728  18857.201
786.47558  18850.646
786.27389  18844.168
786.07219  18837.768
785.87049  18831.446
785.66879  18825.203
785.46709  18819.04
785.26539  18812.956
785.06369  18806.951
784.862  18801.027
784.6603  18795.181
784.4586  18789.415
784.2569  18783.728
784.0552  18778.119
783.8535  18772.589
783.6518  18767.136
783.45011  18761.759
783.24841  18756.459
783.04671  18751.233
782.84501  18746.082
782.64331  18741.003
782.44161  18735.997
782.23992  18731.062
782.03822  18726.197
781.83652  18721.401
781.63482  18716.672
781.43312  18712.009
781.23142  18707.411
781.02972  18702.877
780.82803  18698.406
780.62633  18693.995
780.42463  18689.644
780.22293  18685.352
780.02123  18681.117
779.81953  18676.937
779.61783  18672.812
779.41614  18668.739
779.21444  18664.719
779.01274  18660.749
778.81104  18656.827
778.60934  18652.954
778.40764  18649.127
778.20594  18645.345
778.00425  18641.608
777.80255  18637.912
777.60085  18634.259
777.39915  18630.645
777.19745  18627.071
776.99575  18623.534
776.79406  18620.035
776.59236  18616.57
776.39066  18613.14
776.18896  18609.744
775.98726  18606.379
775.78556  18603.046
775.58386  18599.743
775.38217  18596.469
775.18047  18593.222
774.97877  18590.003
774.77707  18586.81
774.57537  18583.641
774.37367  18580.497
774.17197  18577.375
773.97028  18574.276
773.76858  18571.197
773.56688  18568.139
773.36518  18565.1
773.16348  18562.08
772.96178  18559.077
772.76008  18556.09
772.55839  18553.12
772.35669  18550.164
772.15499  18547.222
771.95329  18544.293
771.75159  18541.377
771.54989  18538.472
771.3482  18535.578
771.1465  18532.694
770.9448  18529.819
770.7431  18526.952
770.5414  18524.092
770.3397  18521.239
770.138  18518.393
769.93631  18515.551
769.73461  18512.714
769.53291  18509.88
769.33121  18507.049
769.12951  18504.22
768.92781  18501.393
768.72611  18498.566
768.52442  18495.739
768.32272  18492.912
768.12102  18490.082
767.91932  18487.251
767.71762  18484.416
767.51592  18481.578
767.31423  18478.735
767.11253  18475.887
766.91083  18473.033
766.70913  18470.173
766.50743  18467.305
766.30573  18464.429
766.10403  18461.545
765.90234  18458.651
765.70064  18455.747
765.49894  18452.833
765.29724  18449.907
765.09554  18446.97
764.89384  18444.019
764.69214  18441.056
764.49045  18438.078
764.28875  18435.086
764.08705  18432.078
763.88535  18429.055
763.68365  18426.015
763.48195  18422.958
763.28025  18419.883
763.07856  18416.79
762.87686  18413.677
762.67516  18410.546
762.47346  18407.394
762.27176  18404.221
762.07006  18401.028
761.86837  18397.812
761.66667  18394.574
761.46497  18391.313
761.26327  18388.029
761.06157  18384.721
760.85987  18381.388
760.65817  18378.03
760.45648  18374.647
760.25478  18371.238
760.05308  18367.803
759.85138  18364.341
759.64968  18360.851
759.44798  18357.334
759.24628  18353.789
759.04459  18350.215
758.84289  18346.613
758.64119  18342.981
758.43949  18339.32
758.23779  18335.629
758.03609  18331.908
757.83439  18328.156
757.6327  18324.373
757.431  18320.559
757.2293  18316.715
757.0276  18312.838
756.8259  18308.93
756.6242  18304.99
756.42251  18301.018
756.22081  18297.013
756.01911  18292.977
755.81741  18288.908
755.61571  18284.806
755.41401  18280.672
755.21231  18276.505
755.01062  18272.306
754.80892  18268.073
754.60722  18263.809
754.40552  18259.511
754.20382  18255.182
754.00212  18250.819
753.80042  18246.425
753.59873  18241.998
753.39703  18237.539
753.19533  18233.049
752.99363  18228.527
752.79193  18223.974
752.59023  18219.391
752.38854  18214.777
752.18684  18210.134
751.98514  18205.463
751.78344  18200.767
751.58174  18196.047
751.38004  18191.309
751.17834  18186.559
750.97665  18181.81
750.77495  18177.078
750.57325  18172.39
750.37155  18167.784
750.16985  18163.318
749.96815  18159.074
749.76645  18155.17
749.56476  18151.769
749.36306  18149.097
749.16136  18147.457
748.95966  18147.248
748.75796  18148.986
748.55626  18153.323
748.35456  18161.068
748.15287  18173.195
747.95117  18190.85
747.74947  18215.344
747.54777  18248.127
747.34607  18290.747
747.14437  18344.782
746.94268  18411.752
746.74098  18493.006
746.53928  18589.592
746.33758  18702.112
746.13588  18830.585
745.93418  18974.304
745.73248  19131.738
745.53079  19300.457
745.32909  19477.125
745.12739  19657.553
744.92569  19836.816
744.72399  20009.454
744.52229  20169.72
744.32059  20311.889
744.1189  20430.582
743.9172  20521.095
743.7155  20579.703
743.5138  20603.902
743.3121  20592.577
743.1104  20546.083
742.9087  20466.218
742.70701  20356.099
742.50531  20219.959
742.30361  20062.865
742.10191  19890.404
741.90021  19708.354
741.69851  19522.36
741.49682  19337.654
741.29512  19158.829
741.09342  18989.678
740.89172  18833.103
740.69002  18691.099
740.48832  18564.791
740.28662  18454.523
740.08493  18359.981
739.88323  18280.33
739.68153  18214.362
739.47983  18160.631
739.27813  18117.578
739.07643  18083.63
738.87473  18057.28
738.67304  18037.142
738.47134  18021.983
738.26964  18010.739
738.06794  18002.518
737.86624  17996.59
737.66454  17992.37
737.46285  17989.401
737.26115  17987.334
737.05945  17985.907
736.85775  17984.925
736.65605  17984.25
736.45435  17983.782
736.25265  17983.454
736.05096  17983.217
735.84926  17983.039
735.64756  17982.901
735.44586  17982.789
735.24416  17982.693
735.04246  17982.608
734.84076  17982.532
734.63907  17982.461
734.43737  17982.395
734.23567  17982.332
734.03397  17982.274
733.83227  17982.218
733.63057  17982.165
733.42887  17982.116
733.22718  17982.069
733.02548  17982.025
732.82378  17981.984
732.62208  17981.946
732.42038  17981.911
732.21868  17981.878
732.01699  17981.849
731.81529  17981.822
731.61359  17981.797
731.41189  17981.776
731.21019  17981.757
731.00849  17981.741
730.80679  17981.728
730.6051  17981.717
730.4034  17981.71
730.2017  17981.704
730  17981.702

# Result Name:                  Peak 2
# Number of Curves:             1
#
# Curve:                        0
# Values/Curve:                 472
#
825  20197.364
824.7983  20193.342
824.5966  20189.327
824.3949  20185.32
824.19321  20181.321
823.99151  20177.329
823.78981  20173.344
823.58811  20169.367
823.38641  20165.397
823.18471  20161.434
822.98301  20157.479
822.78132  20153.531
822.57962  20149.59
822.37792  20145.656
822.17622  20141.729
821.97452  20137.809
821.77282  20133.896
821.57113  20129.991
821.36943  20126.092
821.16773  20122.2
820.96603  20118.316
820.76433  20114.438
820.56263  20110.568
820.36093  20106.704
820.15924  20102.848
819.95754  20098.998
819.75584  20095.156
819.55414  20091.321
819.35244  20087.493
819.15074  20083.673
818.94904  20079.859
818.74735  20076.054
818.54565  20072.255
818.34395  20068.465
818.14225  20064.682
817.94055  20060.907
817.73885  20057.14
817.53715  20053.381
817.33546  20049.631
817.13376  20045.889
816.93206  20042.155
816.73036  20038.431
816.52866  20034.715
816.32696  20031.009
816.12527  20027.313
815.92357  20023.626
815.72187  20019.949
815.52017  20016.283
815.31847  20012.628
815.11677  20008.983
814.91507  20005.351
814.71338  20001.73
814.51168  19998.121
814.30998  19994.525
814.10828  19990.942
813.90658  19987.372
813.70488  19983.817
813.50318  19980.277
813.30149  19976.752
813.09979  19973.243
812.89809  19969.75
812.69639  19966.275
812.49469  19962.817
812.29299  19959.379
812.0913  19955.959
811.8896  19952.56
811.6879  19949.182
811.4862  19945.827
811.2845  19942.494
811.0828  19939.185
810.8811  19935.902
810.67941  19932.644
810.47771  19929.414
810.27601  19926.212
810.07431  19923.04
809.87261  19919.9
809.67091  19916.791
809.46921  19913.717
809.26752  19910.678
809.06582  19907.676
808.86412  19904.712
808.66242  19901.789
808.46072  19898.908
808.25902  19896.071
808.05732  19893.279
807.85563  19890.536
807.65393  19887.842
807.45223  19885.201
807.25053  19882.614
807.04883  19880.084
806.84713  19877.613
806.64544  19875.204
806.44374  19872.86
806.24204  19870.583
806.04034  19868.376
805.83864  19866.243
805.63694  19864.185
805.43524  19862.208
805.23355  19860.313
805.03185  19858.505
804.83015  19856.787
804.62845  19855.163
804.42675  19853.636
804.22505  19852.211
804.02335  19850.893
803.82166  19849.684
803.61996  19848.591
803.41826  19847.617
803.21656  19846.768
803.01486  19846.048
802.81316  19845.462
802.61146  19845.017
802.40977  19844.716
802.20807  19844.567
802.00637  19844.575
801.80467  19844.747
801.60297  19845.087
801.40127  19845.604
801.19958  19846.302
800.99788  19847.191
800.79618  19848.275
800.59448  19849.563
800.39278  19851.062
800.19108  19852.78
799.98938  19854.724
799.78769  19856.902
799.58599  19859.322
799.38429  19861.993
799.18259  19864.923
798.98089  19868.121
798.77919  19871.595
798.57749  19875.354
798.3758  19879.407
798.1741  19883.763
797.9724  19888.431
797.7707  19893.42
797.569  19898.738
797.3673  19904.395
797.16561  19910.4
796.96391  19916.76
796.76221  19923.485
796.56051  19930.582
796.35881  19938.06
796.15711  19945.926
795.95541  19954.186
795.75372  19962.847
795.55202  19971.915
795.35032  19981.394
795.14862  19991.288
794.94692  20001.6
794.74522  20012.332
794.54352  20023.485
794.34183  20035.056
794.14013  20047.044
793.93843  20059.444
793.73673  20072.25
793.53503  20085.452
793.33333  20099.04
793.13163  20113
792.92994  20127.316
792.72824  20141.968
792.52654  20156.933
792.32484  20172.186
792.12314  20187.696
791.92144  20203.431
791.71975  20219.352
791.51805  20235.418
791.31635  20251.583
791.11465  20267.797
790.91295  20284.007
790.71125  20300.152
790.50955  20316.17
790.30786  20331.993
790.10616  20347.551
789.90446  20362.769
789.70276  20377.568
789.50106  20391.868
789.29936  20405.584
789.09766  20418.633
788.89597  20430.926
788.69427  20442.378
788.49257  20452.903
788.29087  20462.414
788.08917  20470.83
787.88747  20478.07
787.68577  20484.06
787.48408  20488.729
787.28238  20492.013
787.08068  20493.855
786.87898  20494.204
786.67728  20493.021
786.47558  20490.272
786.27389  20485.936
786.07219  20480.001
785.87049  20472.464
785.66879  20463.332
785.46709  20452.625
785.26539  20440.369
785.06369  20426.603
784.862  20411.371
784.6603  20394.728
784.4586  20376.736
784.2569  20357.463
784.0552  20336.983
783.8535  20315.374
783.6518  20292.717
783.45011  20269.1
783.24841  20244.607
783.04671  20219.327
782.84501  20193.347
782.64331  20166.755
782.44161  20139.635
782.23992  20112.073
782.03822  20084.147
781.83652  20055.936
781.63482  20027.515
781.43312  19998.953
781.23142  19970.316
781.02972  19941.668
780.82803  19913.064
780.62633  19884.56
780.42463  19856.204
780.22293  19828.04
780.02123  19800.11
779.81953  19772.449
779.61783  19745.091
779.41614  19718.063
779.21444  19691.392
779.01274  19665.099
778.81104  19639.204
778.60934  19613.721
778.40764  19588.664
778.20594  19564.044
778.00425  19539.869
777.80255  19516.145
777.60085  19492.876
777.39915  19470.065
777.19745  19447.712
776.99575  19425.818
776.79406  19404.38
776.59236  19383.395
776.39066  19362.86
776.18896  19342.77
775.98726  19323.118
775.78556  19303.899
775.58386  19285.107
775.38217  19266.733
775.18047  19248.769
774.97877  19231.209
774.77707  19214.043
774.57537  19197.264
774.37367  19180.861
774.17197  19164.828
773.97028  19149.154
773.76858  19133.83
773.56688  19118.849
773.36518  19104.2
773.16348  19089.875
772.96178  19075.866
772.76008  19062.163
772.55839  19048.758
772.35669  19035.643
772.15499  19022.808
771.95329  19010.247
771.75159  18997.95
771.54989  18985.91
771.3482  18974.12
771.1465  18962.571
770.9448  18951.256
770.7431  18940.167
770.5414  18929.299
770.3397  18918.643
770.138  18908.193
769.93631  18897.943
769.73461  18887.885
769.53291  18878.015
769.33121  18868.325
769.12951  18858.809
768.92781  18849.463
768.72611  18840.279
768.52442  18831.253
768.32272  18822.38
768.12102  18813.654
767.91932  18805.07
767.71762  18796.623
767.51592  18788.308
767.31423  18780.121
767.11253  18772.057
766.91083  18764.112
766.70913  18756.282
766.50743  18748.562
766.30573  18740.948
766.10403  18733.436
765.90234  18726.022
765.70064  18718.704
765.49894  18711.476
765.29724  18704.336
765.09554  18697.28
764.89384  18690.305
764.69214  18683.407
764.49045  18676.583
764.28875  18669.831
764.08705  18663.146
763.88535  18656.527
763.68365  18649.971
763.48195  18643.474
763.28025  18637.034
763.07856  18630.648
762.87686  18624.314
762.67516  18618.029
762.47346  18611.791
762.27176  18605.597
762.07006  18599.446
761.86837  18593.335
761.66667  18587.261
761.46497  18581.223
761.26327  18575.219
761.06157  18569.247
760.85987  18563.304
760.65817  18557.388
760.45648  18551.499
760.25478  18545.634
760.05308  18539.792
759.85138  18533.97
759.64968  18528.168
759.44798  18522.383
759.24628  18516.614
759.04459  18510.859
758.84289  18505.118
758.64119  18499.389
758.43949  18493.67
758.23779  18487.96
758.03609  18482.258
757.83439  18476.562
757.6327  18470.872
757.431  18465.186
757.2293  18459.504
757.0276  18453.823
756.8259  18448.144
756.6242  18442.466
756.42251  18436.786
756.22081  18431.105
756.01911  18425.422
755.81741  18419.735
755.61571  18414.045
755.41401  18408.35
755.21231  18402.649
755.01062  18396.943
754.80892  18391.23
754.60722  18385.51
754.40552  18379.783
754.20382  18374.047
754.00212  18368.303
753.80042  18362.55
753.59873  18356.788
753.39703  18351.015
753.19533  18345.234
752.99363  18339.441
752.79193  18333.639
752.59023  18327.826
752.38854  18322.002
752.18684  18316.167
751.98514  18310.322
751.78344  18304.465
751.58174  18298.598
751.38004  18292.719
751.17834  18286.83
750.97665  18280.929
750.77495  18275.019
750.57325  18269.097
750.37155  18263.166
750.16985  18257.224
749.96815  18251.273
749.76645  18245.312
749.56476  18239.342
749.36306  18233.364
749.16136  18227.378
748.95966  18221.384
748.75796  18215.385
748.55626  18209.38
748.35456  18203.371
748.15287  18197.36
747.95117  18191.349
747.74947  18185.341
747.54777  18179.339
747.34607  18173.346
747.14437  18167.37
746.94268  18161.414
746.74098  18155.488
746.53928  18149.599
746.33758  18143.758
746.13588  18137.976
745.93418  18132.267
745.73248  18126.645
745.53079  18121.126
745.32909  18115.728
745.12739  18110.467
744.92569  18105.362
744.72399  18100.43
744.52229  18095.689
744.32059  18091.155
744.1189  18086.842
743.9172  18082.761
743.7155  18078.923
743.5138  18075.333
743.3121  18071.995
743.1104  18068.907
742.9087  18066.067
742.70701  18063.466
742.50531  18061.096
742.30361  18058.944
742.10191  18056.994
741.90021  18055.232
741.69851  18053.641
741.49682  18052.203
741.29512  18050.9
741.09342  18049.717
740.89172  18048.638
740.69002  18047.647
740.48832  18046.732
740.28662  18045.881
740.08493  18045.082
739.88323  18044.329
739.68153  18043.612
739.47983  18042.925
739.27813  18042.264
739.07643  18041.625
738.87473  18041.003
738.67304  18040.397
738.47134  18039.805
738.26964  18039.224
738.06794  18038.655
737.86624  18038.096
737.66454  18037.546
737.46285  18037.006
737.26115  18036.474
737.05945  18035.95
736.85775  18035.435
736.65605  18034.927
736.45435  18034.428
736.25265  18033.936
736.05096  18033.452
735.84926  18032.975
735.64756  18032.506
735.44586  18032.044
735.24416  18031.59
735.04246  18031.143
734.84076  18030.703
734.63907  18030.27
734.43737  18029.844
734.23567  18029.426
734.03397  18029.014
733.83227  18028.609
733.63057  18028.21
733.42887  18027.819
733.22718  18027.434
733.02548  18027.055
732.82378  18026.684
732.62208  18026.318
732.42038  18025.959
732.21868  18025.606
732.01699  18025.26
731.81529  18024.919
731.61359  18024.585
731.41189  18024.257
731.21019  18023.934
731.00849  18023.618
730.80679  18023.308
730.6051  18023.003
730.4034  18022.704
730.2017  18022.411
730  18022.124

# Result Name:                  Residuum
# Number of Curves:             1
#
# Curve:                        0
# Values/Curve:                 951
#
825  -25.221119
824.9  -4.8950417
824.8  -7.6277838
824.7  41.526098
824.6  -228.93499
824.5  -30.400101
824.4  -146.15197
824.3  -121.38564
824.2  -119.05744
824.1  -231.87594
824  74.750445
823.9  -69.197748
823.8  -88.12678
823.7  -28.053069
823.6  -209.64132
823.5  -141.78053
823.4  -175.08611
823.3  -77.501459
823.2  -145.99401
823.1  -228.84662
823  -49.833167
822.9  143.65034
822.8  -55.277702
822.7  28.521511
822.6  -65.420083
822.5  -94.344508
822.4  58.677577
822.3  34.151481
822.2  -43.717689
822.1  -17.304205
822  -105.4672
821.9  -87.351988
821.8  -32.24182
821.7  36.849899
821.6  -32.548382
821.5  -61.548359
821.4  -139.87901
821.3  -153.84273
821.2  -92.79432
821.1  -223.63813
821  -202.85443
820.9  -126.84448
820.8  -3.2153935
820.7  156.8471
820.6  -29.387665
820.5  -175.49549
820.4  -197.99036
820.3  -233.64852
820.2  89.472317
820.1  -23.474389
820  -149.53081
819.9  -134.31996
819.8  -122.65943
819.7  -129.97878
819.6  -123.97423
819.5  -104.35335
819.4  -14.732949
819.3  -125.55095
819.2  -80.155035
819.1  -178.27128
819  -19.311087
818.9  -99.228717
818.8  -183.14486
818.7  -128.34173
818.6  -116.62952
818.5  -133.89379
818.4  -127.07108
818.3  -91.956789
818.2  -22.375756
818.1  -189.22663
818  -33.360041
817.9  -1.6677233
817.8  -224.60645
817.7  0.37119843
817.6  -84.356509
817.5  -117.24039
817.4  -282.70194
817.3  -127.8833
817.2  -77.543163
817.1  -220.70306
817  -154.45747
816.9  11.790863
816.8  -141.20533
816.7  -85.515627
816.6  -119.8562
816.5  -157.48611
816.4  -59.485508
816.3  -75.478446
816.2  -121.61148
816.1  25.94753
816  -131.27823
815.9  -149.49399
815.8  32.572161
815.7  -62.350496
815.6  -141.6845
815.5  -15.988129
815.4  -107.44628
815.3  -87.359654
815.2  -167.22781
815.1  -3.4107809
815  -85.205225
814.9  28.507002
814.8  -89.776113
814.7  28.033345
814.6  -134.21079
814.5  -136.65076
814.4  -171.85684
814.3  -104.90869
814.2  16.448074
814.1  -151.33164
814  141.107
813.9  112.98187
813.8  -47.054672
813.7  -82.476818
813.6  -47.963494
813.5  -38.841549
813.4  -157.26058
813.3  -36.782145
813.2  39.543298
813.1  -39.234606
813  84.278978
812.9  -62.035797
812.8  -102.31141
812.7  -69.012495
812.6  -149.8447
812.5  -47.553517
812.4  56.971102
812.3  176.97653
812.2  -68.255767
812.1  50.2409
812  -15.677388
811.9  -118.95044
811.8  32.779813
811.7  47.979439
811.6  86.201909
811.5  -27.716209
811.4  1.6283342
811.3  -85.61458
811.2  70.450551
811.1  22.812947
811  -71.247991
810.9  59.932064
810.8  83.118043
810.7  -5.6872931
810.6  -96.461182
810.5  -43.483747
810.4  -42.90761
810.3  84.262298
810.2  43.056287
810.1  131.44626
810  8.2946184
809.9  -49.27567
809.8  126.3612
809.7  223.07489
809.6  10.077664
809.5  121.14269
809.4  146.93626
809.3  166.50137
809.2  64.581503
809.1  328.42989
809  71.154032
808.9  50.886289
808.8  25.73791
808.7  104.79068
808.6  241.37396
808.5  237.21302
808.4  41.027368
808.3  -29.813976
808.2  89.198542
808.1  100.72736
808  108.69373
807.9  170.67363
807.8  43.234294
807.7  69.846623
807.6  196.82566
807.5  178.20597
807.4  209.57849
807.3  28.884366
807.2  138.59921
807.1  101.99881
807  218.52311
806.9  295.8517
806.8  180.71248
806.7  94.815682
806.6  208.63226
806.5  243.33003
806.4  230.98661
806.3  131.56287
806.2  -61.226819
806.1  96.758067
806  175.74333
805.9  183.69507
805.8  92.966521
805.7  72.995517
805.6  116.72427
805.5  171.31733
805.4  158.54684
805.3  220.17486
805.2  95.478649
805.1  291.01231
805  158.75659
804.9  297.50885
804.8  77.934002
804.7  146.80671
804.6  162.96119
804.5  97.176893
804.4  92.540991
804.3  136.80189
804.2  282.32085
804.1  265.1797
804  189.05944
803.9  192.41194
803.8  199.27
803.7  191.08412
803.6  154.20923
803.5  190.64651
803.4  160.77318
803.3  -3.037874
803.2  88.048448
803.1  285.06125
803  279.54948
802.9  122.65833
802.8  60.32428
802.7  147.84604
802.6  145.34777
802.5  187.41211
802.4  213.31157
802.3  93.669599
802.2  301.03076
802.1  247.07608
802  177.13662
801.9  258.22377
801.8  239.85143
801.7  200.52515
801.6  434.3366
801.5  353.34786
801.4  204.78077
801.3  437.22006
801.2  315.07271
801.1  129.87428
801  286.35113
800.9  324.50396
800.8  288.26048
800.7  169.25586
800.6  212.85193
800.5  246.52463
800.4  241.25366
800.3  282.83112
800.2  393.25706
800.1  232.06434
800  152.47257
799.9  265.27459
799.8  193.69995
799.7  241.20731
799.6  125.58241
799.5  195.96887
799.4  198.71006
799.3  55.544571
799.2  94.717291
799.1  237.87483
799  260.0255
798.9  221.56535
798.8  81.072016
798.7  39.087194
798.6  149.04171
798.5  65.778261
798.4  53.275812
798.3  24.043918
798.2  130.09316
798.1  41.572532
798  1.1145568
797.9  44.183208
797.8  43.678345
797.7  38.10473
797.6  205.21046
797.5  51.287211
797.4  45.268663
797.3  173.28449
797.2  -10.441998
797.1  -72.761587
797  -37.727509
796.9  -63.813271
796.8  -161.3979
796.7  -148.85767
796.6  -18.907486
796.5  -44.646838
796.4  -77.864699
796.3  -199.17124
796.2  -89.72911
796.1  -152.73843
796  -156.84427
795.9  -164.42806
795.8  -78.252438
795.7  14.587748
795.6  -129.92674
795.5  -205.94183
795.4  -254.33196
795.3  -15.768123
795.2  -35.690166
795.1  -168.09893
795  -138.13034
794.9  -93.2604
794.8  -30.891966
794.7  -188.8089
794.6  -114.67898
794.5  -47.52711
794.4  -50.869622
794.3  -81.64294
794.2  84.81286
794.1  -51.060634
794  -168.53338
793.9  1.1483477
793.8  -48.05315
793.7  -50.758862
793.6  23.926933
793.5  -25.511429
793.4  -159.68984
793.3  -58.896288
793.2  -196.52388
793.1  -153.60289
793  -132.81177
792.9  -135.5802
792.8  -193.18269
792.7  -36.575786
792.6  -148.12947
792.5  -178.03794
792.4  -247.98943
792.3  -96.880303
792.2  -16.043429
792.1  -31.729268
792  -83.550317
791.9  -213.40535
791.8  -30.526747
791.7  -53.523134
791.6  -202.12188
791.5  28.128356
791.4  -9.2991739
791.3  -150.53941
791.2  -35.401258
791.1  -44.204471
791  -66.202782
790.9  -222.77802
790.8  -130.68553
790.7  -17.738026
790.6  -67.140153
790.5  -126.28909
790.4  -11.799529
790.3  -112.55349
790.2  -77.61404
790.1  -317.9538
790  -19.155826
789.9  114.67953
789.8  -65.547451
789.7  -259.63432
789.6  -83.628279
789.5  -257.99489
789.4  -200.00033
789.3  16.988064
789.2  -20.774286
789.1  -27.080825
789  -122.87418
788.9  -174.49601
788.8  -175.72599
788.7  -181.32114
788.6  -173.94629
788.5  -177.69475
788.4  -34.086817
788.3  59.970481
788.2  54.816112
788.1  -254.13424
788  44.419854
787.9  -102.63418
787.8  -173.17645
787.7  -175.74915
787.6  -120.37439
787.5  -132.54428
787.4  33.089256
787.3  -26.516625
787.2  30.160653
787.1  43.219175
787  -251.07303
786.9  -74.341669
786.8  -75.574725
786.7  -187.9948
786.6  -9.3488343
786.5  -0.7324468
786.4  -32.701409
786.3  72.287571
786.2  -5.4616538
786.1  40.5275
786  178.82347
785.9  162.5271
785.8  74.73281
785.7  115.32684
785.6  241.38664
785.5  192.84994
785.4  93.856885
785.3  317.37327
785.2  194.30215
785.1  334.57237
785  330.10352
784.9  289.97125
784.8  185.41149
784.7  276.48
784.6  299.49123
784.5  352.20531
784.4  320.48778
784.3  177.96914
784.2  236.73015
784.1  172.623
784  308.47094
783.9  310.87446
783.8  380.5933
783.7  315.33572
783.6  330.00007
783.5  260.89084
783.4  324.26593
783.3  81.767078
783.2  129.42674
783.1  228.06484
783  75.632644
782.9  295.54326
782.8  156.68266
782.7  19.471023
782.6  136.64904
782.5  162.63076
782.4  -11.491524
782.3  73.69485
782.2  131.39349
782.1  -48.809436
782  -132.21208
781.9  -100.84551
781.8  -28.763163
781.7  66.938505
781.6  92.53492
781.5  -124.55969
781.4  31.365132
781.3  66.902506
781.2  -131.6023
781.1  -183.71857
781  -72.740198
780.9  -145.67879
780.8  -105.38278
780.7  -168.37327
780.6  -279.22574
780.5  -253.26391
780.4  -311.87915
780.3  -138.97587
780.2  -231.2896
780.1  -341.56583
780  -173.48034
779.9  -242.29958
779.8  -203.17052
779.7  -56.65186
779.6  -231.24511
779.5  -140.27295
779.4  -180.92547
779.3  -235.4781
779.2  -212.75073
779.1  -141.62376
779  -230.45108
778.9  -230.9203
778.8  -219.29157
778.7  -294.71744
778.6  -183.72519
778.5  -230.51988
778.4  -95.182582
778.3  -143.38443
778.2  -151.27114
778.1  -147.09898
778  -94.703233
777.9  -120.18935
777.8  -245.54103
777.7  -280.83096
777.6  -281.17581
777.5  -114.01087
777.4  -295.50596
777.3  -135.89292
777.2  -97.224457
777.1  -251.03191
777  -283.28954
776.9  -258.70599
776.8  -144.72894
776.7  -204.5025
776.6  -179.60482
776.5  -232.48803
776.4  -41.525154
776.3  -84.594457
776.2  -85.510768
776.1  -109.37044
776  -166.03295
775.9  -178.94939
775.8  -152.29688
775.7  -45.485271
775.6  -145.69235
775.5  -91.15444
775.4  -227.98295
775.3  -314.94411
775.2  -116.27315
775.1  -166.50339
775  -88.555626
774.9  -229.91788
774.8  -188.82803
774.7  -131.41551
774.6  53.383132
774.5  -134.43877
774.4  -189.5944
774.3  -39.146135
774.2  9.1291157
774.1  -66.36012
774  -182.11242
773.9  -173.30213
773.8  -65.076588
773.7  -218.78629
773.6  -77.511317
773.5  -51.283384
773.4  -139.49196
773.3  -71.195804
773.2  -266.26119
773.1  -130.2197
773  -49.086461
772.9  -205.97835
772.8  100.21825
772.7  -127.11291
772.6  -74.349821
772.5  -26.486741
772.4  -35.151539
772.3  -41.485542
772.2  -19.156648
772.1  -7.3763327
772  -34.070938
771.9  72.505685
771.8  -36.17837
771.7  9.9055078
771.6  72.76744
771.5  90.039669
771.4  22.75212
771.3  103.12493
771.2  -118.6229
771.1  82.982044
771  134.20331
770.9  9.7805228
770.8  66.848325
770.7  235.7162
770.6  207.62863
770.5  -15.942045
770.4  45.245516
770.3  46.843695
770.2  25.366779
770.1  72.530221
770  81.579289
769.9  13.079898
769.8  -22.928398
769.7  -64.828283
769.6  135.22241
769.5  116.10003
769.4  257.62659
769.3  227.19349
769.2  266.11074
769.1  431.97853
769  335.30331
768.9  124.49448
768.8  277.08113
768.7  171.34289
768.6  306.62879
768.5  504.91197
768.4  502.27926
768.3  349.37729
768.2  233.96617
768.1  340.68211
768  224.52973
767.9  368.13189
767.8  341.73996
767.7  442.41353
767.6  264.92521
767.5  403.7779
767.4  354.7982
767.3  357.29092
767.2  196.40535
767.1  220.6798
767  310.28045
766.9  347.13361
766.8  324.81055
766.7  257.6812
766.6  239.25512
766.5  270.55018
766.4  347.06598
766.3  366.02723
766.2  100.6349
766.1  66.302422
766  238.00151
765.9  190.51495
765.8  90.619723
765.7  199.50883
765.6  226.94488
765.5  268.11295
765.4  154.07739
765.3  124.56818
765.2  80.253431
765.1  142.45016
765  206.02392
764.9  194.60678
764.8  86.010035
764.7  58.438058
764.6  61.275977
764.5  197.53718
764.4  152.21933
764.3  -10.481446
764.2  49.080922
764.1  158.81954
764  80.469133
763.9  114.94725
763.8  58.189331
763.7  -21.798076
763.6  185.50583
763.5  145.38338
763.4  -119.78016
763.3  -67.813353
763.2  12.383823
763.1  160.26919
763  70.341231
762.9  31.865262
762.8  10.848384
762.7  46.728688
762.6  69.09624
762.5  24.538907
762.4  144.35999
762.3  46.804255
762.2  -12.519302
762.1  33.664425
762  37.835841
761.9  77.86854
761.8  97.717178
761.7  -34.530078
761.6  42.591447
761.5  -1.4672343
761.4  28.626655
761.3  119.61291
761.2  176.66961
761.1  5.0579549
761  -162.68876
760.9  99.844587
760.8  -47.131099
760.7  11.677807
760.6  -37.318432
760.5  19.225908
760.4  63.396698
760.3  82.791315
760.2  67.258593
760.1  21.54731
760  15.621921
759.9  -58.727354
759.8  19.548917
759.7  -25.567548
759.6  34.775847
759.5  -242.47346
759.4  -73.541774
759.3  -101.16074
759.2  30.091673
759.1  -137.19076
759  38.433291
758.9  -12.740714
758.8  -151.94259
758.7  -127.21151
758.6  -55.899656
758.5  132.44469
758.4  13.015408
758.3  -244.62086
758.2  26.892183
758.1  28.045911
758  -59.570812
757.9  -86.01391
757.8  -129.36934
757.7  150.83963
757.6  -10.878078
757.5  15.752979
757.4  48.705479
757.3  -233.99396
757.2  -8.47153
757.1  -38.581402
757  -47.503264
756.9  8.7478362
756.8  -27.738714
756.7  -28.938075
756.6  99.580998
756.5  -151.46097
756.4  43.351051
756.3  -111.03171
756.2  -41.74312
756.1  -58.135608
756  -164.89376
755.9  -30.243824
755.8  -78.052733
755.7  -113.04296
755.6  -97.953364
755.5  -80.366152
755.4  -12.390666
755.3  -76.711403
755.2  -12.359135
755.1  -56.67266
755  -47.952275
754.9  -135.44788
754.8  19.593865
754.7  -140.21864
754.6  -208.50976
754.5  -49.695272
754.4  -129.66737
754.3  -27.53126
754.2  -150.63151
754.1  -165.44617
754  -68.236283
753.9  -30.212783
753.8  -87.088193
753.7  -118.05101
753.6  -214.7222
753.5  -156.17588
753.4  -29.756955
753.3  -161.59263
753.2  -95.476933
753.1  -119.53114
753  -236.54405
752.9  -169.88309
752.8  -12.436365
752.7  -119.49664
752.6  -32.801243
752.5  -164.27031
752.4  -102.69537
752.3  -122.06477
752.2  -134.01353
752.1  -209.34901
752  -102.16806
751.9  -205.3228
751.8  -93.3453
751.7  -231.52949
751.6  -152.79346
751.5  -111.27944
751.4  -42.846535
751.3  -232.85103
751.2  -230.13444
751.1  -219.06744
751  -181.66665
750.9  -166.13113
750.8  -153.8313
750.7  -8.3201449
750.6  -23.130502
750.5  -97.63569
750.4  -183.99884
750.3  -122.74505
750.2  12.06207
750.1  3.2409878
750  -196.70157
749.9  -164.9156
749.8  -206.53051
749.7  -134.76438
749.6  67.894801
749.5  -93.23665
749.4  -97.852773
749.3  -36.061093
749.2  -43.892344
749.1  -85.788076
749  117.03796
748.9  50.244699
748.8  -8.8931668
748.7  34.236884
748.6  -22.616052
748.5  -124.25503
748.4  -180.70084
748.3  89.1988
748.2  40.979021
748.1  68.63669
748  22.406996
747.9  162.61063
747.8  5.063126
747.7  -149.4972
747.6  -0.58377703
747.5  -47.894882
747.4  -35.264465
747.3  -90.693724
747.2  34.003883
747.1  -59.877182
747  -128.21309
746.9  61.024502
746.8  -20.270632
746.7  38.762346
746.6  94.401469
746.5  7.0315895
746.4  17.389305
746.3  30.352624
746.2  133.33033
746.1  -30.314502
746  6.7675696
745.9  -206.0962
745.8  105.93515
745.7  -65.411914
745.6  -51.855713
745.5  -148.67006
745.4  -56.603738
745.3  31.169501
745.2  -24.617738
745.1  -49.787235
745  -49.66398
744.9  171.39295
744.8  2.7702281
744.7  83.577233
744.6  21.83026
744.5  -218.82315
744.4  -64.868857
744.3  -40.741716
744.2  -39.571416
744.1  -132.00292
744  -146.20665
743.9  -9.0110936
743.8  68.78257
743.7  97.118289
743.6  56.899932
743.5  -14.788861
743.4  -53.18694
743.3  20.719468
743.2  9.0966609
743.1  -88.487621
743  174.25584
742.9  143.18468
742.8  -38.120625
742.7  -8.6234144
742.6  51.897356
742.5  -38.016064
742.4  14.322531
742.3  -32.331624
742.2  -67.627585
742.1  29.652257
742  -68.646137
741.9  -143.85223
741.8  -194.55515
741.7  -51.569171
741.6  39.796739
741.5  37.262573
741.4  38.073364
741.3  13.758114
741.2  -21.28149
741.1  -39.473875
741  56.34837
740.9  -63.714374
740.8  -21.944624
740.7  -104.57038
740.6  81.891649
740.5  -32.374881
740.4  -116.22918
740.3  -45.437802
740.2  21.809687
740.1  -10.680115
740  -18.703797
739.9  -6.2374475
739.8  7.7887155
739.7  60.170074
739.6  -2.7110471
739.5  67.647588
739.4  157.75741
739.3  51.986362
739.2  -90.49447
739.1  -11.379059
739  3.3709656
738.9  -18.273567
738.8  87.431859
738.7  32.871841
738.6  48.770552
738.5  50.393442
738.4  19.661484
738.3  153.6742
738.2  5.9389751
738.1  -37.619783
738  -115.91661
737.9  38.696948
737.8  24.125659
737.7  61.511476
737.6  -3.0898561
737.5  -43.979969
737.4  89.527205
737.3  -106.12314
737.2  -84.949198
737.1  -37.227201
737  -33.765974
736.9  148.81972
736.8  162.1792
736.7  80.558973
736.6  -95.231305
736.5  -0.11183981
736.4  42.298983
736.3  -161.19842
736.2  -18.102018
736.1  136.66218
736  -30.767301
735.9  -29.546939
735.8  -121.55504
735.7  82.107309
735.6  -52.89361
735.5  -124.62626
735.4  -5.5042684
735.3  -52.31942
735.2  -59.292379
735.1  -176.27602
735  -204.79282
734.9  4.7892169
734.8  -58.58063
734.7  -212.60427
734.6  -145.14839
734.5  -160.62791
734.4  -46.147605
734.3  -22.146794
734.2  -38.918625
734.1  -114.82217
734  -96.397986
733.9  -35.917266
733.8  -40.672044
733.7  -69.568643
733.6  -22.208399
733.5  8.5593315
733.4  -61.92396
733.3  -59.904011
733.2  -9.5639011
733.1  -58.324123
733  12.203867
732.9  30.124822
732.8  237.24621
732.7  -113.52449
732.6  -27.974638
732.5  106.00354
732.4  92.011968
732.3  142.52811
732.2  125.3784
732.1  13.843885
732  -17.08359
731.9  51.703937
731.8  -18.910637
731.7  92.608786
731.6  66.782345
731.5  155.52517
731.4  -49.826535
731.3  -10.703577
731.2  98.29349
731.1  82.118852
731  -74.615872
730.9  78.267058
730.8  138.04598
730.7  190.7952
730.6  168.23467
730.5  156.37673
730.4  -9.8134352
730.3  77.409756
730.2  35.049225
730.1  71.845112
730  101.06488

# Region:                       Al 2p
# Spectrum ID:                  3
# Acquisition Date:             04/23/26 16:19:28 UTC
# Analysis Method:              XPS
# Analyzer:                     PHOIBOS MCD5 Analyzer
# Analyzer Lens:                LargeArea:1.5kV
# Analyzer Slit:                5:7x20\B:open
# Scan Mode:                    FixedAnalyzerTransmission
# Curves/Scan:                  1
# Values/Curve:                 331
# Dwell Time:                   0.1
# Excitation Energy:            1486.61
# Binding Energy:               90
# Pass Energy:                  50
# Bias Voltage:                 90
# Detector Voltage:             3000
# Eff. Workfunction:            4.543
# Source:                       X-Ray Dummy
# Comment:                      
#
# Cycle: 0
# Number of Scans: 5
#
# Cycle: 0, Curve: 0
# Acquisition Date:             04/23/26 16:19:28 UTC
#
# ColumnLabels:                 energy counts/s
#
90  3417.5071
89.9  3400.4579
89.8  3376.7259
89.7  3454.1382
89.6  3467.7973
89.5  3467.1491
89.4  3446.4051
89.3  3389.4496
89.2  3436.6837
89.1  3476.3688
89  3549.6754
88.9  3541.883
88.8  3475.811
88.7  3509.4849
88.6  3393.3863
88.5  3436.8642
88.4  3343.6454
88.3  3410.9914
88.2  3341.1298
88.1  3444.4135
88  3506.8695
87.9  3473.5339
87.8  3385.1985
87.7  3400.6025
87.6  3354.5281
87.5  3410.2076
87.4  3372.5802
87.3  3434.0265
87.2  3345.8004
87.1  3309.6425
87  3336.6428
86.9  3342.8191
86.8  3343.6787
86.7  3356.2317
86.6  3409.2831
86.5  3287.5021
86.4  3274.0252
86.3  3451.4899
86.2  3336.015
86.1  3360.1337
86  3335.3978
85.9  3298.5914
85.8  3246.6229
85.7  3279.6689
85.6  3341.6587
85.5  3178.9502
85.4  3372.6315
85.3  3336.3939
85.2  3348.1549
85.1  3396.6617
85  3391.7564
84.9  3408.4008
84.8  3461.3892
84.7  3362.5007
84.6  3400.0643
84.5  3285.2445
84.4  3303.1883
84.3  3161.5226
84.2  3167.5947
84.1  3444.8841
84  3424.4296
83.9  3373.2418
83.8  3339.8511
83.7  3227.2894
83.6  3317.5489
83.5  3231.6736
83.4  3233.7216
83.3  3246.0244
83.2  3324.0036
83.1  3356.9071
83  3452.602
82.9  3350.7561
82.8  3325.3409
82.7  3348.3186
82.6  3269.9022
82.5  3244.8401
82.4  3418.3623
82.3  3348.2265
82.2  3250.6905
82.1  3216.5366
82  3360.9929
81.9  3426.5968
81.8  3368.3229
81.7  3395.453
81.6  3371.2719
81.5  3427.3473
81.4  3506.5673
81.3  3451.1412
81.2  3478.8315
81.1  3566.7947
81  3456.7341
80.9  3460.2892
80.8  3726.3992
80.7  3622.3723
80.6  3633.9962
80.5  3863.7743
80.4  3863.9075
80.3  3865.8296
80.2  3906.8659
80.1  3924.3156
80  4131.3435
79.9  3897.6015
79.8  4073.4178
79.7  4179.7252
79.6  4274.7134
79.5  4456.803
79.4  4386.1822
79.3  4534.3487
79.2  4440.7288
79.1  4617.0181
79  4744.1002
78.9  4911.5372
78.8  4965.7455
78.7  4946.0448
78.6  4961.8274
78.5  5127.355
78.4  5141.7192
78.3  5237.5507
78.2  5304.3842
78.1  5445.1835
78  5372.4877
77.9  5235.1532
77.8  5236.0544
77.7  5186.5743
77.6  5134.8854
77.5  5192.1095
77.4  5251.9416
77.3  5167.3805
77.2  4878.5554
77.1  4932.7966
77  4780.3363
76.9  4789.6638
76.8  4724.2078
76.7  4546.3813
76.6  4581.3259
76.5  4509.6635
76.4  4295.0749
76.3  4221.5341
76.2  4106.0464
76.1  4040.9173
76  4027.5519
75.9  3871.0971
75.8  3880.6142
75.7  3756.6336
75.6  3683.8168
75.5  3712.6427
75.4  3690.8073
75.3  3638.7877
75.2  3530.9681
75.1  3633.5024
75  3473.4302
74.9  3232.8686
74.8  3414.9817
74.7  3384.0113
74.6  3442.834
74.5  3343.8697
74.4  3338.7885
74.3  3154.1923
74.2  3249.0129
74.1  3312.304
74  3178.0028
73.9  3295.9763
73.8  3221.2455
73.7  3298.1315
73.6  3274.8947
73.5  3129.0017
73.4  3289.3281
73.3  3333.96
73.2  3176.2593
73.1  3153.2068
73  3179.2731
72.9  3216.6991
72.8  3306.9996
72.7  3223.0476
72.6  3231.3941
72.5  3170.9429
72.4  3234.8584
72.3  3170.4997
72.2  3353.0505
72.1  3283.6118
72  3390.9573
71.9  3246.7793
71.8  3211.4905
71.7  3252.6933
71.6  3188.8933
71.5  3156.6873
71.4  3293.7696
71.3  3167.2937
71.2  3223.8779
71.1  3231.9743
71  3382.1379
70.9  3246.7636
70.8  3259.2768
70.7  3109.5502
70.6  3240.1565
70.5  3246.2594
70.4  3264.4701
70.3  3291.182
70.2  3218.608
70.1  3232.3278
70  3191.0741
69.9  3256.7043
69.8  3295.7024
69.7  3341.3568
69.6  3272.0592
69.5  3359.0145
69.4  3366.5399
69.3  3232.3513
69.2  3296.0591
69.1  3319.6952
69  3442.0042
68.9  3434.6888
68.8  3301.5962
68.7  3310.3745
68.6  3497.596
68.5  3472.4238
68.4  3350.6118
68.3  3304.4424
68.2  3302.2387
68.1  3390.2742
68  3424.0216
67.9  3408.1439
67.8  3455.3397
67.7  3374.8714
67.6  3400.3928
67.5  3256.3404
67.4  3373.2155
67.3  3421.5887
67.2  3468.7991
67.1  3361.9119
67  3404.668
66.9  3378.3901
66.8  3338.293
66.7  3363.0969
66.6  3414.4404
66.5  3390.6463
66.4  3346.9487
66.3  3338.6787
66.2  3296.6408
66.1  3356.7691
66  3328.7476
65.9  3407.3723
65.8  3278.3513
65.7  3225.395
65.6  3384.5907
65.5  3347.3299
65.4  3212.5081
65.3  3317.0845
65.2  3293.2668
65.1  3293.5963
65  3389.9179
64.9  3202.8189
64.8  3290.1664
64.7  3237.3525
64.6  3399.6713
64.5  3260.1169
64.4  3222.8872
64.3  3339.3697
64.2  3258.7191
64.1  3185.1235
64  3123.1241
63.9  3205.0151
63.8  3115.98
63.7  3262.4113
63.6  3199.4757
63.5  3200.9572
63.4  3268.535
63.3  3245.1574
63.2  3193.2579
63.1  3131.3729
63  3116.6253
62.9  3105.5218
62.8  3050.9281
62.7  3121.0792
62.6  3149.7592
62.5  3018.7193
62.4  3018.6759
62.3  3166.6201
62.2  3115.22
62.1  3228.9047
62  3092.3435
61.9  3092.0398
61.8  3250.8454
61.7  3049.834
61.6  3105.104
61.5  3054.7389
61.4  3115.0412
61.3  3036.0412
61.2  3157.7645
61.1  3208.2415
61  3169.7713
60.9  3125.1573
60.8  3050.8479
60.7  3113.7538
60.6  3217.8546
60.5  3276.1773
60.4  3207.146
60.3  3157.3119
60.2  3125.7352
60.1  3036.7556
60  3082.2012
59.9  3094.4957
59.8  3060.7201
59.7  3137.6776
59.6  3067.1732
59.5  3153.0379
59.4  3128.7542
59.3  3135.6661
59.2  3168.5543
59.1  3123.5707
59  3124.3502
58.9  2998.773
58.8  3018.7342
58.7  3009.5001
58.6  3022.602
58.5  3054.0261
58.4  3232.7412
58.3  3169.324
58.2  3178.3439
58.1  3181.5157
58  3107.6095
57.9  3142.8287
57.8  3139.5886
57.7  3146.2767
57.6  3141.0376
57.5  3063.038
57.4  3149.8461
57.3  3141.0518
57.2  3138.8785
57.1  3178.3027
57  3068.1544

# Operation:                    Peak Fit
# Parameter: "Transition" = 
# Parameter: "Label" = 
# Parameter: "Background Method" = Tougaard
# Parameter: "Peak Shape" = Voigt
# Parameter: "Asymmetric Peak" = false
# Parameter: "FWHM-Annotation" = S-B = <Signal-BG:@>\nFWHM = <FWHM:@>\nArea = <Area:@>
# Parameter: "Peak-Annotation" = <Label>\n<Transition>\nE = <Center:@>
#
# Result:
# Number of Results:            2
# Parameter: "Transition" = 
# Parameter: "Label" = 
# Parameter: "Center" = 77.957336539154312 eV +- 0.018706191968577923
# Parameter: "Area" = 7753.9526901745712 cps eV +- 198.72569953458449
# Parameter: "FWHM (Lorentzian)" = 0.55511533666282098 eV +- 0.19380890352118244
# Parameter: "FWHM (Gaussian)" = 3.0090158573092745 eV +- 0.14195924852219521
# Parameter: "Asymmetry" = 0 +- 0
# Parameter: "Tougaard B" = 6648.4313205206872 eV^2 +- 487.23877107768243
# Parameter: "Tougaard C" = 1643 eV^2 +- 0
# Parameter: "FWHM" = 3.3168510165150895 eV
# Parameter: "Baseline Offset" = 3209.9421383543668 cps +- 7.4414183252122452
# Parameter: "Abbe factor" = 0.40240430175762043
# Parameter: "Reduced Chi Square" = 1.4060750443380925
# Parameter: "Q Probability" = 1.8807554822953457e-06
# Parameter: "Number of performed iterations" = 11
# Parameter: "Fit termination reason" = ConvergedInParameter
# Parameter: "Signal" = 5275.6795453324476 cps
# Parameter: "Signal-BG" = 2052.4105432438851 cps
#
# Result Name:                  Background
# Number of Curves:             1
#
# Curve:                        0
# Values/Curve:                 200
#
90  3413.6134
89.834171  3411.3382
89.668342  3409.0457
89.502513  3406.7359
89.336683  3404.4088
89.170854  3402.0645
89.005025  3399.703
88.839196  3397.3243
88.673367  3394.9286
88.507538  3392.5158
88.341709  3390.0862
88.175879  3387.6396
88.01005  3385.1763
87.844221  3382.6963
87.678392  3380.1997
87.512563  3377.6867
87.346734  3375.1574
87.180905  3372.6118
87.015075  3370.0502
86.849246  3367.4727
86.683417  3364.8795
86.517588  3362.2707
86.351759  3359.6464
86.18593  3357.007
86.020101  3354.3525
85.854271  3351.6832
85.688442  3348.9993
85.522613  3346.301
85.356784  3343.5886
85.190955  3340.8622
85.025126  3338.1223
84.859296  3335.3689
84.693467  3332.6024
84.527638  3329.8232
84.361809  3327.0314
84.19598  3324.2274
84.030151  3321.4116
83.864322  3318.5843
83.698492  3315.7458
83.532663  3312.8966
83.366834  3310.0371
83.201005  3307.1676
83.035176  3304.2888
82.869347  3301.4009
82.703518  3298.5048
82.537688  3295.6008
82.371859  3292.6898
82.20603  3289.7725
82.040201  3286.8497
81.874372  3283.9227
81.708543  3280.9925
81.542714  3278.0607
81.376884  3275.1291
81.211055  3272.1999
81.045226  3269.2755
80.879397  3266.3591
80.713568  3263.4545
80.547739  3260.566
80.38191  3257.6987
80.21608  3254.8586
80.050251  3252.0526
79.884422  3249.2881
79.718593  3246.5737
79.552764  3243.9183
79.386935  3241.3318
79.221106  3238.824
79.055276  3236.4051
78.889447  3234.085
78.723618  3231.8731
78.557789  3229.7779
78.39196  3227.807
78.226131  3225.9661
78.060302  3224.2597
77.894472  3222.6902
77.728643  3221.2579
77.562814  3219.9613
77.396985  3218.797
77.231156  3217.7598
77.065327  3216.8431
76.899497  3216.0389
76.733668  3215.3383
76.567839  3214.7319
76.40201  3214.2101
76.236181  3213.7632
76.070352  3213.3818
75.904523  3213.0571
75.738693  3212.7808
75.572864  3212.5455
75.407035  3212.3447
75.241206  3212.1724
75.075377  3212.0239
74.909548  3211.8948
74.743719  3211.7816
74.577889  3211.6816
74.41206  3211.5923
74.246231  3211.5118
74.080402  3211.4386
73.914573  3211.3716
73.748744  3211.3097
73.582915  3211.2521
73.417085  3211.1984
73.251256  3211.148
73.085427  3211.1004
72.919598  3211.0555
72.753769  3211.0128
72.58794  3210.9723
72.422111  3210.9337
72.256281  3210.8969
72.090452  3210.8616
71.924623  3210.8279
71.758794  3210.7956
71.592965  3210.7647
71.427136  3210.7349
71.261307  3210.7063
71.095477  3210.6788
70.929648  3210.6523
70.763819  3210.6268
70.59799  3210.6023
70.432161  3210.5785
70.266332  3210.5557
70.100503  3210.5336
69.934673  3210.5122
69.768844  3210.4916
69.603015  3210.4717
69.437186  3210.4524
69.271357  3210.4338
69.105528  3210.4157
68.939698  3210.3983
68.773869  3210.3814
68.60804  3210.365
68.442211  3210.3491
68.276382  3210.3338
68.110553  3210.3189
67.944724  3210.3045
67.778894  3210.2905
67.613065  3210.2769
67.447236  3210.2638
67.281407  3210.2511
67.115578  3210.2387
66.949749  3210.2268
66.78392  3210.2151
66.61809  3210.2039
66.452261  3210.193
66.286432  3210.1824
66.120603  3210.1722
65.954774  3210.1623
65.788945  3210.1526
65.623116  3210.1433
65.457286  3210.1343
65.291457  3210.1255
65.125628  3210.117
64.959799  3210.1088
64.79397  3210.1009
64.628141  3210.0932
64.462312  3210.0858
64.296482  3210.0786
64.130653  3210.0716
63.964824  3210.0649
63.798995  3210.0584
63.633166  3210.0521
63.467337  3210.0461
63.301508  3210.0402
63.135678  3210.0346
62.969849  3210.0292
62.80402  3210.0239
62.638191  3210.0189
62.472362  3210.0141
62.306533  3210.0094
62.140704  3210.005
61.974874  3210.0007
61.809045  3209.9966
61.643216  3209.9926
61.477387  3209.9889
61.311558  3209.9853
61.145729  3209.9818
60.979899  3209.9786
60.81407  3209.9755
60.648241  3209.9725
60.482412  3209.9697
60.316583  3209.967
60.150754  3209.9645
59.984925  3209.9622
59.819095  3209.96
59.653266  3209.9579
59.487437  3209.956
59.321608  3209.9542
59.155779  3209.9525
58.98995  3209.951
58.824121  3209.9496
58.658291  3209.9483
58.492462  3209.9472
58.326633  3209.9461
58.160804  3209.9452
57.994975  3209.9444
57.829146  3209.9438
57.663317  3209.9432
57.497487  3209.9428
57.331658  3209.9425
57.165829  3209.9422
57  3209.9421

# Result Name:                  Peak Fit
# Number of Curves:             1
#
# Curve:                        0
# Values/Curve:                 200
#
90  3418.5036
89.834171  3416.371
89.668342  3414.2276
89.502513  3412.0736
89.336683  3409.9097
89.170854  3407.7362
89.005025  3405.5537
88.839196  3403.3628
88.673367  3401.1642
88.507538  3398.9586
88.341709  3396.7467
88.175879  3394.5294
88.01005  3392.3077
87.844221  3390.0824
87.678392  3387.8549
87.512563  3385.6261
87.346734  3383.3976
87.180905  3381.1707
87.015075  3378.9471
86.849246  3376.7286
86.683417  3374.5172
86.517588  3372.3151
86.351759  3370.1247
86.18593  3367.9489
86.020101  3365.7907
85.854271  3363.6535
85.688442  3361.5415
85.522613  3359.459
85.356784  3357.4111
85.190955  3355.4039
85.025126  3353.4442
84.859296  3351.54
84.693467  3349.7008
84.527638  3347.9381
84.361809  3346.2656
84.19598  3344.7003
84.030151  3343.2634
83.864322  3341.9815
83.698492  3340.889
83.532663  3340.0301
83.366834  3339.463
83.201005  3339.2642
83.035176  3339.5348
82.869347  3340.4085
82.703518  3342.0613
82.537688  3344.7234
82.371859  3348.693
82.20603  3354.3518
82.040201  3362.1807
81.874372  3372.7753
81.708543  3386.8582
81.542714  3405.2858
81.376884  3429.0466
81.211055  3459.246
81.045226  3497.0763
80.879397  3543.766
80.713568  3600.5087
80.547739  3668.3695
80.38191  3748.1743
80.21608  3840.3843
80.050251  3944.9678
79.884422  4061.2797
79.718593  4187.963
79.552764  4322.889
79.386935  4463.1479
79.221106  4605.1028
79.055276  4744.5114
78.889447  4876.7151
78.723618  4996.8849
78.557789  5100.3092
78.39196  5182.6991
78.226131  5240.4828
78.060302  5271.063
77.894472  5273.0086
77.728643  5246.1632
77.562814  5191.6561
77.396985  5111.8179
77.231156  5010.0065
77.065327  4890.364
76.899497  4757.5281
76.733668  4616.3272
76.567839  4471.4862
76.40201  4327.368
76.236181  4187.7702
76.070352  4055.7862
75.904523  3933.7354
75.738693  3823.1579
75.572864  3724.8637
75.407035  3639.0227
75.241206  3565.2814
75.075377  3502.891
74.909548  3450.8335
74.743719  3407.9376
74.577889  3372.9761
74.41206  3344.7431
74.246231  3322.1088
74.080402  3304.0551
73.914573  3289.6932
73.748744  3278.269
73.582915  3269.1574
73.417085  3261.8514
73.251256  3255.9472
73.085427  3251.1281
72.919598  3247.1491
72.753769  3243.8226
72.58794  3241.006
72.422111  3238.5912
72.256281  3236.4969
72.090452  3234.6612
71.924623  3233.037
71.758794  3231.5882
71.592965  3230.2868
71.427136  3229.1105
71.261307  3228.0418
71.095477  3227.0666
70.929648  3226.173
70.763819  3225.3513
70.59799  3224.5935
70.432161  3223.8925
70.266332  3223.2426
70.100503  3222.6384
69.934673  3222.0757
69.768844  3221.5504
69.603015  3221.0593
69.437186  3220.5992
69.271357  3220.1675
69.105528  3219.7618
68.939698  3219.38
68.773869  3219.0201
68.60804  3218.6806
68.442211  3218.3597
68.276382  3218.0562
68.110553  3217.7687
67.944724  3217.4962
67.778894  3217.2376
67.613065  3216.9919
67.447236  3216.7582
67.281407  3216.5358
67.115578  3216.324
66.949749  3216.122
66.78392  3215.9293
66.61809  3215.7453
66.452261  3215.5695
66.286432  3215.4013
66.120603  3215.2404
65.954774  3215.0864
65.788945  3214.9387
65.623116  3214.7972
65.457286  3214.6614
65.291457  3214.5311
65.125628  3214.4059
64.959799  3214.2856
64.79397  3214.17
64.628141  3214.0587
64.462312  3213.9517
64.296482  3213.8487
64.130653  3213.7494
63.964824  3213.6537
63.798995  3213.5615
63.633166  3213.4726
63.467337  3213.3868
63.301508  3213.304
63.135678  3213.2241
62.969849  3213.1469
62.80402  3213.0723
62.638191  3213.0002
62.472362  3212.9305
62.306533  3212.8631
62.140704  3212.7979
61.974874  3212.7348
61.809045  3212.6738
61.643216  3212.6147
61.477387  3212.5574
61.311558  3212.502
61.145729  3212.4483
60.979899  3212.3962
60.81407  3212.3458
60.648241  3212.2969
60.482412  3212.2494
60.316583  3212.2034
60.150754  3212.1588
59.984925  3212.1155
59.819095  3212.0735
59.653266  3212.0328
59.487437  3211.9932
59.321608  3211.9548
59.155779  3211.9175
58.98995  3211.8813
58.824121  3211.8461
58.658291  3211.812
58.492462  3211.7788
58.326633  3211.7465
58.160804  3211.7152
57.994975  3211.6848
57.829146  3211.6552
57.663317  3211.6265
57.497487  3211.5985
57.331658  3211.5714
57.165829  3211.545
57  3211.5193

# Region:                       Mo 3d
# Spectrum ID:                  5
# Acquisition Date:             04/23/26 16:24:03 UTC
# Analysis Method:              XPS
# Analyzer:                     PHOIBOS MCD5 Analyzer
# Analyzer Lens:                LargeArea:1.5kV
# Analyzer Slit:                5:7x20\B:open
# Scan Mode:                    FixedAnalyzerTransmission
# Curves/Scan:                  1
# Values/Curve:                 421
# Dwell Time:                   0.1
# Excitation Energy:            1486.61
# Binding Energy:               257
# Pass Energy:                  50
# Bias Voltage:                 90
# Detector Voltage:             3000
# Eff. Workfunction:            4.543
# Source:                       X-Ray Dummy
# Comment:                      
#
# Cycle: 0
# Number of Scans: 5
#
# Cycle: 0, Curve: 0
# Acquisition Date:             04/23/26 16:24:03 UTC
#
# ColumnLabels:                 energy counts/s
#
257  6420.836
256.9  6450.0927
256.8  6489.5703
256.7  6490.2054
256.6  6460.2011
256.5  6388.5183
256.4  6359.4266
256.3  6484.4543
256.2  6391.6816
256.1  6590.9618
256  6404.4067
255.9  6289.6941
255.8  6341.0927
255.7  6444.1005
255.6  6595.9928
255.5  6470.0096
255.4  6448.7239
255.3  6568.2602
255.2  6448.0179
255.1  6356.0711
255  6369.6989
254.9  6457.976
254.8  6480.0251
254.7  6438.7352
254.6  6467.6075
254.5  6381.0329
254.4  6439.1867
254.3  6493.8979
254.2  6418.5415
254.1  6349.2246
254  6362.488
253.9  6522.1142
253.8  6475.6912
253.7  6272.035
253.6  6490.8285
253.5  6693.771
253.4  6616.7568
253.3  6401.1263
253.2  6416.1426
253.1  6393.5964
253  6531.3844
252.9  6349.8334
252.8  6384.9644
252.7  6415.5559
252.6  6445.0387
252.5  6466.1193
252.4  6368.2943
252.3  6451.1338
252.2  6338.715
252.1  6401.7951
252  6597.6852
251.9  6526.8088
251.8  6316.2411
251.7  6448.7548
251.6  6405.6881
251.5  6408.8536
251.4  6402.7099
251.3  6382.2141
251.2  6489.4544
251.1  6538.1493
251  6453.1747
250.9  6348.0302
250.8  6510.3326
250.7  6279.101
250.6  6225.5048
250.5  6318.1111
250.4  6468.6435
250.3  6553.9665
250.2  6480.3821
250.1  6470.2127
250  6298.3609
249.9  6424.5919
249.8  6356.2813
249.7  6432.5575
249.6  6385.0487
249.5  6212.3996
249.4  6305.2376
249.3  6207.548
249.2  6356.8675
249.1  6355.6286
249  6421.9517
248.9  6442.1063
248.8  6411.1957
248.7  6275.4351
248.6  6305.2728
248.5  6463.177
248.4  6372.2991
248.3  6497.1946
248.2  6400.0657
248.1  6509.1236
248  6338.2436
247.9  6407.2696
247.8  6269.7971
247.7  6195.8183
247.6  6108.6036
247.5  6222.6674
247.4  6395.2287
247.3  6352.3007
247.2  6386.1426
247.1  6215.9038
247  6417.1168
246.9  6399.0522
246.8  6425.4198
246.7  6282.3299
246.6  6300.5259
246.5  6363.4066
246.4  6220.8378
246.3  6436.8508
246.2  6258.1064
246.1  6209.0022
246  6062.1578
245.9  6238.4534
245.8  6404.3991
245.7  6359.1879
245.6  6219.0089
245.5  6201.8818
245.4  6396.0353
245.3  6215.3816
245.2  6224.9715
245.1  6488.1917
245  6302.0567
244.9  6228.9448
244.8  6317.9657
244.7  6142.9737
244.6  6170.9347
244.5  6289.5684
244.4  6274.8675
244.3  6298.8087
244.2  6092.6487
244.1  6204.2202
244  6282.4497
243.9  6417.3747
243.8  6293.7522
243.7  6212.3193
243.6  6254.9465
243.5  6232.3984
243.4  6307.8734
243.3  6128.607
243.2  6273.4417
243.1  6317.4992
243  6236.5083
242.9  6231.77
242.8  6242.6312
242.7  6273.2687
242.6  6483.0509
242.5  6287.2406
242.4  6236.909
242.3  6260.7541
242.2  6503.5081
242.1  6276.9672
242  6302.3374
241.9  6330.3246
241.8  6429.5322
241.7  6365.1982
241.6  6294.0672
241.5  6315.0097
241.4  6509.9876
241.3  6587.6548
241.2  6629.2406
241.1  6843.4563
241  6939.0827
240.9  6854.6279
240.8  6592.5619
240.7  6828.0942
240.6  6773.3609
240.5  6875.4
240.4  6860.9353
240.3  6967.3664
240.2  6967.3338
240.1  6987.5516
240  7044.6714
239.9  7205.8503
239.8  7131.3739
239.7  7209.485
239.6  7018.456
239.5  7150.6691
239.4  7259.1976
239.3  7293.8367
239.2  7258.9591
239.1  7207.9147
239  7220.4007
238.9  7329.7572
238.8  7419.5036
238.7  7410.3617
238.6  7406.7595
238.5  7355.4153
238.4  7328.8031
238.3  7292.4947
238.2  7304.8099
238.1  7401.8352
238  7409.1118
237.9  7316.6263
237.8  7290.7756
237.7  7524.2237
237.6  7440.4995
237.5  7463.576
237.4  7566.0677
237.3  7242.3704
237.2  7585.275
237.1  7893.3099
237  7479.6121
236.9  7392.3164
236.8  7552.8652
236.7  7688.4409
236.6  7808.9918
236.5  7732.0415
236.4  7596.5157
236.3  7721.3682
236.2  7791.9565
236.1  7587.4932
236  7845.3303
235.9  7594.7051
235.8  7618.9307
235.7  7528.9504
235.6  7373.0706
235.5  7222.3863
235.4  7171.0403
235.3  7149.2736
235.2  7061.0146
235.1  7101.9303
235  6982.3806
234.9  6955.4716
234.8  6956.9257
234.7  6879.5845
234.6  6691.4803
234.5  6642.6263
234.4  6727.6048
234.3  6587.6183
234.2  6455.0445
234.1  6430.8389
234  6458.0004
233.9  6295.2775
233.8  6323.8414
233.7  6370.2757
233.6  6170.6125
233.5  6208.5047
233.4  6049.7579
233.3  6060.8095
233.2  6163.2962
233.1  6165.5356
233  6167.4487
232.9  6127.9931
232.8  6022.7782
232.7  6090.7106
232.6  6316.7661
232.5  6215.9794
232.4  5994.9765
232.3  6065.3224
232.2  5982.2546
232.1  6136.0721
232  6082.3062
231.9  6093.0602
231.8  6047.8265
231.7  5949.5859
231.6  6063.0151
231.5  5936.7895
231.4  5958.8527
231.3  6055.7619
231.2  5999.9306
231.1  5960.569
231  5852.8084
230.9  5942.7492
230.8  6032.2583
230.7  5918.9336
230.6  6044.1462
230.5  5935.9499
230.4  6042.3005
230.3  5977.1207
230.2  5827.2615
230.1  6091.7543
230  6078.0235
229.9  5977.8356
229.8  5910.0354
229.7  5938.3828
229.6  6028.9613
229.5  5879.7052
229.4  5978.1154
229.3  6094.5579
229.2  5926.5431
229.1  5991.1532
229  5928.5412
228.9  5988.3043
228.8  6038.4609
228.7  6099.1103
228.6  6093.4201
228.5  6106.0933
228.4  6129.2321
228.3  6175.4756
228.2  6130.0701
228.1  5968.8388
228  5998.6951
227.9  6054.6791
227.8  6139.0183
227.7  6054.0431
227.6  5894.2566
227.5  6005.0922
227.4  6059.2462
227.3  6210.6726
227.2  5811.0669
227.1  5842.2346
227  5932.0419
226.9  6172.2142
226.8  6084.7652
226.7  6178.3339
226.6  6081.9234
226.5  5973.5187
226.4  6037.8045
226.3  6103.1368
226.2  6074.1011
226.1  5901.0545
226  5968.9461
225.9  6110.9983
225.8  5939.1026
225.7  6049.3678
225.6  6059.7103
225.5  6071.6971
225.4  5827.8525
225.3  6124.6285
225.2  5985.2387
225.1  6054.0871
225  5929.7429
224.9  6058.4663
224.8  6056.3824
224.7  6002.321
224.6  6034.2267
224.5  6062.985
224.4  5988.9171
224.3  6117.4597
224.2  5981.6352
224.1  5942.1176
224  6151.3
223.9  6088.7285
223.8  6058.5071
223.7  5982.6476
223.6  6050.7963
223.5  6107.1591
223.4  5916.6164
223.3  5885.1045
223.2  5961.0319
223.1  5885.197
223  5938.0545
222.9  6105.8336
222.8  6075.7472
222.7  6092.0836
222.6  6146.9334
222.5  5897.6792
222.4  5908.4542
222.3  5924.251
222.2  5961.2347
222.1  5976.098
222  5869.9716
221.9  6058.1788
221.8  6131.5394
221.7  5900.6278
221.6  6073.8185
221.5  5902.0652
221.4  5883.4087
221.3  5953.8257
221.2  5962.8563
221.1  5800.0753
221  6027.4586
220.9  5772.4516
220.8  5986.0355
220.7  5888.3999
220.6  5963.2602
220.5  5867.5479
220.4  5907.2583
220.3  5958.1617
220.2  5975.5445
220.1  5906.4449
220  5867.6563
219.9  5964.0959
219.8  5821.9751
219.7  6115.4861
219.6  6005.5455
219.5  5966.3695
219.4  5793.3337
219.3  5732.8526
219.2  5791.5481
219.1  5918.2557
219  5972.9354
218.9  6001.4029
218.8  5942.0995
218.7  6078.5586
218.6  6020.6177
218.5  6017.3817
218.4  5851.0179
218.3  5922.8484
218.2  5809.9822
218.1  5794.6682
218  5919.9747
217.9  5955.401
217.8  6063.254
217.7  6025.8141
217.6  5851.2375
217.5  5849.4427
217.4  5859.4276
217.3  5892.1036
217.2  5988.8286
217.1  6038.1712
217  5815.4278
216.9  5859.1258
216.8  5845.482
216.7  5914.6672
216.6  5979.434
216.5  5991.0822
216.4  5864.2237
216.3  5837.692
216.2  5988.1694
216.1  5858.5949
216  5804.7427
215.9  5963.5861
215.8  5956.8679
215.7  5786.101
215.6  5906.7568
215.5  5982.5051
215.4  5730.6734
215.3  5794.9625
215.2  5763.7471
215.1  5943.9569
215  6056.5398

# Region:                       Mo 3d Hi Res
# Spectrum ID:                  7
# Acquisition Date:             04/23/26 16:40:03 UTC
# Analysis Method:              XPS
# Analyzer:                     PHOIBOS MCD5 Analyzer
# Analyzer Lens:                LargeArea:1.5kV
# Analyzer Slit:                5:7x20\B:open
# Scan Mode:                    FixedAnalyzerTransmission
# Curves/Scan:                  1
# Values/Curve:                 421
# Dwell Time:                   0.1
# Excitation Energy:            1486.61
# Binding Energy:               257
# Pass Energy:                  10
# Bias Voltage:                 90
# Detector Voltage:             3000
# Eff. Workfunction:            4.543
# Source:                       X-Ray Dummy
# Comment:                      
#
# Cycle: 0
# Number of Scans: 20
#
# Cycle: 0, Curve: 0
# Acquisition Date:             04/23/26 16:40:03 UTC
#
# ColumnLabels:                 energy counts/s
#
257  345.96348
256.9  340.53839
256.8  347.79455
256.7  336.55041
256.6  351.1675
256.5  349.76384
256.4  349.60468
256.3  360.10596
256.2  370.9255
256.1  350.72321
256  364.89663
255.9  372.48071
255.8  348.51573
255.7  343.89047
255.6  338.03032
255.5  343.9924
255.4  361.47869
255.3  352.67245
255.2  349.51807
255.1  354.84094
255  359.62398
254.9  354.72856
254.8  346.44414
254.7  355.63595
254.6  345.90293
254.5  336.85489
254.4  360.62812
254.3  346.22166
254.2  339.17823
254.1  342.21797
254  340.53244
253.9  343.29529
253.8  343.64938
253.7  346.32159
253.6  364.96865
253.5  335.0122
253.4  342.23225
253.3  343.38477
253.2  361.34844
253.1  358.34826
253  339.84827
252.9  346.66812
252.8  361.12763
252.7  361.41497
252.6  351.67485
252.5  359.20436
252.4  367.18321
252.3  375.61012
252.2  358.97573
252.1  365.99309
252  339.36691
251.9  341.07068
251.8  362.37802
251.7  352.46314
251.6  367.51128
251.5  355.00582
251.4  350.99919
251.3  341.37666
251.2  363.75966
251.1  350.52165
251  344.41148
250.9  369.63915
250.8  364.71775
250.7  359.58059
250.6  358.06188
250.5  350.64852
250.4  349.36451
250.3  355.11542
250.2  340.68758
250.1  351.83294
250  364.74443
249.9  337.02421
249.8  360.20457
249.7  337.45956
249.6  373.32229
249.5  354.82452
249.4  335.12747
249.3  354.05128
249.2  346.58908
249.1  333.3437
249  339.17297
248.9  346.55479
248.8  358.15316
248.7  370.44668
248.6  340.13256
248.5  346.01974
248.4  337.28288
248.3  337.50499
248.2  355.22731
248.1  352.23479
248  344.05158
247.9  359.65714
247.8  351.65287
247.7  344.42763
247.6  339.36114
247.5  343.86943
247.4  351.69574
247.3  356.29776
247.2  370.09789
247.1  348.89311
247  328.48094
246.9  356.83208
246.8  362.35877
246.7  366.04432
246.6  344.11256
246.5  349.91594
246.4  338.53723
246.3  355.62607
246.2  340.58274
246.1  342.64175
246  356.76138
245.9  343.6928
245.8  344.6612
245.7  353.3636
245.6  334.9891
245.5  356.02507
245.4  334.87036
245.3  345.29905
245.2  324.41047
245.1  341.51077
245  358.96948
244.9  345.38406
244.8  341.33552
244.7  364.23106
244.6  357.56752
244.5  328.1817
244.4  321.61534
244.3  325.0134
244.2  342.33073
244.1  317.90707
244  346.31949
243.9  340.71403
243.8  342.94266
243.7  351.06971
243.6  341.22531
243.5  350.44394
243.4  342.05453
243.3  328.03446
243.2  347.09157
243.1  368.0751
243  341.34481
242.9  319.9814
242.8  327.67142
242.7  345.79261
242.6  351.27664
242.5  342.9751
242.4  341.91794
242.3  337.81309
242.2  321.76186
242.1  326.44179
242  368.58569
241.9  349.41176
241.8  332.00479
241.7  353.41206
241.6  353.2865
241.5  341.13315
241.4  356.95315
241.3  336.19542
241.2  341.1344
241.1  342.40117
241  352.82953
240.9  360.91366
240.8  358.82212
240.7  380.3271
240.6  355.99725
240.5  365.62941
240.4  361.12756
240.3  390.28855
240.2  385.85193
240.1  369.62561
240  399.14147
239.9  391.70624
239.8  396.66438
239.7  401.47305
239.6  379.12567
239.5  386.47488
239.4  396.36639
239.3  390.10832
239.2  382.86822
239.1  399.14541
239  385.79357
238.9  370.44575
238.8  382.42199
238.7  376.87027
238.6  381.63828
238.5  386.9286
238.4  379.25314
238.3  383.35629
238.2  385.96791
238.1  391.32596
238  388.51913
237.9  386.31806
237.8  353.16673
237.7  378.48342
237.6  377.1687
237.5  403.91555
237.4  382.26124
237.3  372.14511
237.2  384.0102
237.1  404.35315
237  405.0284
236.9  396.04713
236.8  398.52069
236.7  395.74943
236.6  387.88642
236.5  411.49737
236.4  416.96461
236.3  429.85575
236.2  432.69693
236.1  417.22922
236  417.78797
235.9  441.141
235.8  378.50482
235.7  393.268
235.6  388.50802
235.5  396.61428
235.4  377.91715
235.3  393.50009
235.2  384.56906
235.1  356.9478
235  355.31417
234.9  353.26654
234.8  361.13698
234.7  323.69688
234.6  337.36432
234.5  338.98328
234.4  345.91443
234.3  368.93498
234.2  337.23775
234.1  344.64818
234  351.62745
233.9  347.74426
233.8  333.98433
233.7  325.60601
233.6  341.06372
233.5  358.79163
233.4  336.25185
233.3  337.45429
233.2  328.46679
233.1  326.78229
233  326.13227
232.9  326.46038
232.8  325.09019
232.7  327.19161
232.6  319.17702
232.5  356.70424
232.4  340.52066
232.3  335.39663
232.2  332.46654
232.1  323.93694
232  319.89252
231.9  325.6437
231.8  336.88434
231.7  336.4667
231.6  315.96678
231.5  324.56125
231.4  334.40156
231.3  333.21766
231.2  322.59356
231.1  334.06374
231  332.04396
230.9  328.15613
230.8  317.23312
230.7  340.5521
230.6  328.77362
230.5  344.72693
230.4  354.79301
230.3  333.05198
230.2  334.13233
230.1  341.5092
230  339.87024
229.9  337.23672
229.8  335.38988
229.7  329.02346
229.6  332.51374
229.5  340.93607
229.4  328.61686
229.3  338.98348
229.2  324.3148
229.1  327.03364
229  354.84152
228.9  339.44693
228.8  332.80478
228.7  317.63563
228.6  346.56177
228.5  344.04711
228.4  331.06408
228.3  350.74862
228.2  349.70983
228.1  341.45819
228  339.13532
227.9  333.97753
227.8  322.37675
227.7  328.74593
227.6  327.74846
227.5  312.28867
227.4  312.43123
227.3  327.13274
227.2  341.32467
227.1  324.52382
227  336.08567
226.9  366.24778
226.8  347.61786
226.7  335.45522
226.6  351.13938
226.5  350.29588
226.4  338.23255
226.3  334.20942
226.2  320.24723
226.1  330.06657
226  333.55342
225.9  312.40498
225.8  337.94438
225.7  332.57055
225.6  341.12692
225.5  352.16686
225.4  334.07786
225.3  314.66232
225.2  335.78233
225.1  339.50957
225  324.51728
224.9  331.62366
224.8  339.00337
224.7  328.19951
224.6  329.92192
224.5  350.69859
224.4  341.16096
224.3  339.86695
224.2  337.37989
224.1  329.5084
224  338.54601
223.9  332.62511
223.8  336.81535
223.7  334.02684
223.6  348.25046
223.5  339.15079
223.4  307.11291
223.3  306.89446
223.2  326.71931
223.1  329.42642
223  345.79872
222.9  330.98777
222.8  311.08177
222.7  313.22681
222.6  316.58904
222.5  314.6884
222.4  329.70862
222.3  326.03386
222.2  350.94544
222.1  332.24445
222  333.31216
221.9  336.00265
221.8  334.16998
221.7  323.43706
221.6  323.72115
221.5  314.8388
221.4  318.75446
221.3  336.70997
221.2  346.04959
221.1  344.89409
221  329.05933
220.9  343.03602
220.8  323.05215
220.7  356.50066
220.6  338.87576
220.5  313.93483
220.4  310.72565
220.3  338.45008
220.2  335.26157
220.1  295.76676
220  336.33753
219.9  328.82255
219.8  316.64468
219.7  336.54717
219.6  319.56598
219.5  310.67259
219.4  321.66311
219.3  324.05459
219.2  320.89336
219.1  316.76711
219  323.53725
218.9  330.43652
218.8  304.31095
218.7  310.29614
218.6  340.25855
218.5  323.72414
218.4  308.90721
218.3  318.52514
218.2  310.74048
218.1  323.58911
218  315.93244
217.9  295.66743
217.8  299.60644
217.7  310.41111
217.6  307.44559
217.5  333.32907
217.4  324.22051
217.3  331.6902
217.2  296.86448
217.1  313.60836
217  326.73352
216.9  361.80539
216.8  322.16628
216.7  331.02038
216.6  317.62106
216.5  331.8997
216.4  327.21306
216.3  321.64445
216.2  319.05358
216.1  322.94541
216  310.65383
215.9  302.7452
215.8  332.99912
215.7  338.14033
215.6  337.79222
215.5  315.67739
215.4  312.59303
215.3  314.99721
215.2  336.54776
215.1  330.2274
215  311.99595

# Operation:                    Multi Peak Fit
# Parameter: "Peak Function" = Voigt
# Parameter: "Background Function" = Tougaard 2
# Parameter: "Baseline" = Constant
# Parameter: "LM Parameters/Max Iterations" = 200
# Parameter: "LM Parameters/Tolerance" = 2.2204459999999999e-16
# Parameter: "Baseline/BL_I/Value" = nan counts
# Parameter: "Peak 1/C/Value" = nan eV
# Parameter: "Peak 1/A/Value" = nan counts eV
# Parameter: "Peak 1/FL/Value" = nan eV
# Parameter: "Peak 1/FG/Value" = nan eV
# Parameter: "Peak 1/a/Value" = 0
# Parameter: "Peak 1/a/Constraint" = Fixed: 0
# Parameter: "Peak 1/TB/Value" = nan eV^2
# Parameter: "Peak 1/TC/Value" = 1643 eV^2
# Parameter: "Peak 1/TC/Constraint" = Fixed: 1643
# Parameter: "Peak 2/C/Value" = nan eV
# Parameter: "Peak 2/A/Value" = nan counts eV
# Parameter: "Peak 2/FL/Value" = nan eV
# Parameter: "Peak 2/FG/Value" = nan eV
# Parameter: "Peak 2/a/Value" = 0
# Parameter: "Peak 2/a/Constraint" = Fixed: 0
# Parameter: "Peak 2/TB/Value" = nan eV^2
# Parameter: "Peak 2/TC/Value" = 1643 eV^2
# Parameter: "Peak 2/TC/Constraint" = Fixed: 1643
#
# Result:
# Number of Results:            5
# Parameter: "Baseline/BL_I/Value" = 655.649335625341 counts +- 2.2202905531177302
# Parameter: "Peak 1/C/Value" = 1250.3848539801761 eV +- 0.070891712422414987
# Parameter: "Peak 1/C/Constraint" = Restricted: 1229.61 .. 1271.61
# Parameter: "Peak 1/Relative Area/Value" = 61.921183023913578 %
# Parameter: "Peak 1/A/Value" = 529.36458346867198 counts eV +- 96.275852818752043
# Parameter: "Peak 1/FL/Value" = 1.8720295927555746 eV +- 0.47876949217900455
# Parameter: "Peak 1/FG/Value" = 0.0015867539367752064 eV +- 288.96078364774075
# Parameter: "Peak 1/F/Value" = 1.8720317215035673 eV
# Parameter: "Peak 1/a/Value" = 0 +- 0
# Parameter: "Peak 1/a/Constraint" = Fixed: 0
# Parameter: "Peak 1/TB/Value" = 12099.553961804175 eV^2 +- 43202.011626497901
# Parameter: "Peak 1/TC/Value" = 1643 eV^2 +- 0
# Parameter: "Peak 1/TC/Constraint" = Fixed: 1643
# Parameter: "Peak 2/C/Value" = 1247.3052839422762 eV +- 0.13316066701816637
# Parameter: "Peak 2/C/Constraint" = Restricted: 1229.61 .. 1271.61
# Parameter: "Peak 2/Relative Area/Value" = 38.078816976086429 %
# Parameter: "Peak 2/A/Value" = 325.53604603679906 counts eV +- 276.92482688656685
# Parameter: "Peak 2/FL/Value" = 0.38551422518888517 eV +- 3.4490087560394489
# Parameter: "Peak 2/FG/Value" = 2.5900223794406507 eV +- 1.7227089257570074
# Parameter: "Peak 2/F/Value" = 2.8023252687349385 eV
# Parameter: "Peak 2/a/Value" = 0 +- 0
# Parameter: "Peak 2/a/Constraint" = Fixed: 0
# Parameter: "Peak 2/TB/Value" = 8324.1171914090864 eV^2 +- 94273.478193148476
# Parameter: "Peak 2/TC/Value" = 1643 eV^2 +- 0
# Parameter: "Peak 2/TC/Constraint" = Fixed: 1643
# Parameter: "Fit Result/ChiSquare" = 358.77278760159214
# Parameter: "Fit Result/Reduced ChiSquare" = 0.87719507971049426
# Parameter: "Fit Result/Abbe Factor" = 0.75102594175658099
# Parameter: "Fit Result/Q-Probability" = 0.96486111007111297
# Parameter: "Termination State" = ConvergedInChi
#
# Result Name:                  Background
# Number of Curves:             1
#
# Curve:                        0
# Values/Curve:                 450
#
257  356.69187
256.90646  356.57336
256.81292  356.45483
256.71938  356.33628
256.62584  356.2177
256.53229  356.09909
256.43875  355.98045
256.34521  355.86177
256.25167  355.74305
256.15813  355.62429
256.06459  355.50548
255.97105  355.38662
255.87751  355.26771
255.78396  355.14875
255.69042  355.02972
255.59688  354.91063
255.50334  354.79148
255.4098  354.67226
255.31626  354.55297
255.22272  354.4336
255.12918  354.31415
255.03563  354.19463
254.94209  354.07502
254.84855  353.95532
254.75501  353.83553
254.66147  353.71565
254.56793  353.59567
254.47439  353.4756
254.38085  353.35542
254.28731  353.23514
254.19376  353.11475
254.10022  352.99424
254.00668  352.87363
253.91314  352.7529
253.8196  352.63205
253.72606  352.51107
253.63252  352.38998
253.53898  352.26875
253.44543  352.1474
253.35189  352.02591
253.25835  351.90429
253.16481  351.78252
253.07127  351.66062
252.97773  351.53858
252.88419  351.41639
252.79065  351.29405
252.6971  351.17156
252.60356  351.04892
252.51002  350.92612
252.41648  350.80316
252.32294  350.68005
252.2294  350.55677
252.13586  350.43332
252.04232  350.30971
251.94878  350.18594
251.85523  350.06198
251.76169  349.93786
251.66815  349.81356
251.57461  349.68908
251.48107  349.56443
251.38753  349.43959
251.29399  349.31457
251.20045  349.18936
251.1069  349.06397
251.01336  348.93839
250.91982  348.81262
250.82628  348.68665
250.73274  348.56049
250.6392  348.43414
250.54566  348.30759
250.45212  348.18084
250.35857  348.05388
250.26503  347.92673
250.17149  347.79938
250.07795  347.67182
249.98441  347.54405
249.89087  347.41608
249.79733  347.2879
249.70379  347.15951
249.61024  347.03091
249.5167  346.9021
249.42316  346.77308
249.32962  346.64384
249.23608  346.51439
249.14254  346.38473
249.049  346.25484
248.95546  346.12475
248.86192  345.99443
248.76837  345.8639
248.67483  345.73315
248.58129  345.60218
248.48775  345.47099
248.39421  345.33958
248.30067  345.20795
248.20713  345.0761
248.11359  344.94403
248.02004  344.81174
247.9265  344.67923
247.83296  344.5465
247.73942  344.41355
247.64588  344.28038
247.55234  344.14698
247.4588  344.01337
247.36526  343.87954
247.27171  343.74548
247.17817  343.61121
247.08463  343.47672
246.99109  343.34201
246.89755  343.20709
246.80401  343.07195
246.71047  342.93659
246.61693  342.80101
246.52339  342.66523
246.42984  342.52922
246.3363  342.39301
246.24276  342.25659
246.14922  342.11995
246.05568  341.98311
245.96214  341.84606
245.8686  341.70881
245.77506  341.57135
245.68151  341.43369
245.58797  341.29582
245.49443  341.15776
245.40089  341.0195
245.30735  340.88105
245.21381  340.7424
245.12027  340.60356
245.02673  340.46453
244.93318  340.32532
244.83964  340.18592
244.7461  340.04634
244.65256  339.90658
244.55902  339.76665
244.46548  339.62654
244.37194  339.48626
244.2784  339.34581
244.18486  339.2052
244.09131  339.06443
243.99777  338.9235
243.90423  338.78242
243.81069  338.64119
243.71715  338.49981
243.62361  338.35829
243.53007  338.21664
243.43653  338.07485
243.34298  337.93294
243.24944  337.7909
243.1559  337.64875
243.06236  337.50649
242.96882  337.36413
242.87528  337.22167
242.78174  337.07913
242.6882  336.93651
242.59465  336.79382
242.50111  336.65107
242.40757  336.50828
242.31403  336.36546
242.22049  336.22262
242.12695  336.07978
242.03341  335.93696
241.93987  335.79419
241.84633  335.65148
241.75278  335.50886
241.65924  335.36637
241.5657  335.22403
241.47216  335.08188
241.37862  334.93997
241.28508  334.79834
241.19154  334.65703
241.098  334.51611
241.00445  334.37562
240.91091  334.23562
240.81737  334.09619
240.72383  333.95738
240.63029  333.81927
240.53675  333.68193
240.44321  333.54544
240.34967  333.40987
240.25612  333.27529
240.16258  333.14178
240.06904  333.00942
239.9755  332.87827
239.88196  332.7484
239.78842  332.61989
239.69488  332.49277
239.60134  332.36711
239.5078  332.24296
239.41425  332.12035
239.32071  331.99931
239.22717  331.87987
239.13363  331.76205
239.04009  331.64585
238.94655  331.53128
238.85301  331.41834
238.75947  331.30701
238.66592  331.19728
238.57238  331.08913
238.47884  330.98255
238.3853  330.87751
238.29176  330.774
238.19822  330.67199
238.10468  330.57147
238.01114  330.47242
237.91759  330.37486
237.82405  330.27877
237.73051  330.18417
237.63697  330.0911
237.54343  329.99958
237.44989  329.90967
237.35635  329.82144
237.26281  329.73498
237.16927  329.6504
237.07572  329.56782
236.98218  329.4874
236.88864  329.40931
236.7951  329.33374
236.70156  329.26088
236.60802  329.19094
236.51448  329.12414
236.42094  329.06065
236.32739  329.00061
236.23385  328.94413
236.14031  328.89123
236.04677  328.84188
235.95323  328.79597
235.85969  328.75336
235.76615  328.71383
235.67261  328.67718
235.57906  328.64317
235.48552  328.61156
235.39198  328.58214
235.29844  328.55471
235.2049  328.52907
235.11136  328.50506
235.01782  328.48252
234.92428  328.46131
234.83073  328.44131
234.73719  328.42242
234.64365  328.40453
234.55011  328.38756
234.45657  328.37144
234.36303  328.3561
234.26949  328.34147
234.17595  328.3275
234.08241  328.31415
233.98886  328.30137
233.89532  328.28911
233.80178  328.27735
233.70824  328.26605
233.6147  328.25518
233.52116  328.24472
233.42762  328.23463
233.33408  328.2249
233.24053  328.21551
233.14699  328.20644
233.05345  328.19766
232.95991  328.18917
232.86637  328.18095
232.77283  328.17299
232.67929  328.16527
232.58575  328.15778
232.4922  328.15051
232.39866  328.14344
232.30512  328.13658
232.21158  328.12991
232.11804  328.12343
232.0245  328.11711
231.93096  328.11097
231.83742  328.10498
231.74388  328.09915
231.65033  328.09347
231.55679  328.08793
231.46325  328.08252
231.36971  328.07725
231.27617  328.07211
231.18263  328.06708
231.08909  328.06218
230.99555  328.05738
230.902  328.0527
230.80846  328.04812
230.71492  328.04365
230.62138  328.03927
230.52784  328.03499
230.4343  328.03081
230.34076  328.02671
230.24722  328.0227
230.15367  328.01877
230.06013  328.01493
229.96659  328.01117
229.87305  328.00748
229.77951  328.00387
229.68597  328.00033
229.59243  327.99686
229.49889  327.99346
229.40535  327.99013
229.3118  327.98686
229.21826  327.98365
229.12472  327.98051
229.03118  327.97743
228.93764  327.9744
228.8441  327.97144
228.75056  327.96853
228.65702  327.96567
228.56347  327.96287
228.46993  327.96011
228.37639  327.95741
228.28285  327.95476
228.18931  327.95216
228.09577  327.9496
228.00223  327.94709
227.90869  327.94462
227.81514  327.9422
227.7216  327.93982
227.62806  327.93749
227.53452  327.93519
227.44098  327.93294
227.34744  327.93072
227.2539  327.92855
227.16036  327.92641
227.06682  327.9243
226.97327  327.92224
226.87973  327.92021
226.78619  327.91821
226.69265  327.91625
226.59911  327.91433
226.50557  327.91243
226.41203  327.91057
226.31849  327.90874
226.22494  327.90694
226.1314  327.90518
226.03786  327.90344
225.94432  327.90173
225.85078  327.90005
225.75724  327.8984
225.6637  327.89678
225.57016  327.89518
225.47661  327.89361
225.38307  327.89207
225.28953  327.89056
225.19599  327.88907
225.10245  327.8876
225.00891  327.88616
224.91537  327.88475
224.82183  327.88336
224.72829  327.88199
224.63474  327.88065
224.5412  327.87933
224.44766  327.87803
224.35412  327.87675
224.26058  327.8755
224.16704  327.87426
224.0735  327.87305
223.97996  327.87186
223.88641  327.87069
223.79287  327.86954
223.69933  327.86841
223.60579  327.8673
223.51225  327.86621
223.41871  327.86514
223.32517  327.86409
223.23163  327.86306
223.13808  327.86204
223.04454  327.86105
222.951  327.86007
222.85746  327.85911
222.76392  327.85816
222.67038  327.85724
222.57684  327.85633
222.4833  327.85543
222.38976  327.85456
222.29621  327.8537
222.20267  327.85285
222.10913  327.85203
222.01559  327.85122
221.92205  327.85042
221.82851  327.84964
221.73497  327.84887
221.64143  327.84812
221.54788  327.84739
221.45434  327.84666
221.3608  327.84596
221.26726  327.84527
221.17372  327.84459
221.08018  327.84392
220.98664  327.84327
220.8931  327.84263
220.79955  327.84201
220.70601  327.8414
220.61247  327.8408
220.51893  327.84022
220.42539  327.83965
220.33185  327.83909
220.23831  327.83855
220.14477  327.83801
220.05122  327.83749
219.95768  327.83698
219.86414  327.83649
219.7706  327.836
219.67706  327.83553
219.58352  327.83507
219.48998  327.83462
219.39644  327.83418
219.3029  327.83375
219.20935  327.83334
219.11581  327.83293
219.02227  327.83254
218.92873  327.83216
218.83519  327.83179
218.74165  327.83142
218.64811  327.83107
218.55457  327.83073
218.46102  327.8304
218.36748  327.83009
218.27394  327.82978
218.1804  327.82948
218.08686  327.82919
217.99332  327.82891
217.89978  327.82864
217.80624  327.82838
217.71269  327.82813
217.61915  327.82789
217.52561  327.82766
217.43207  327.82743
217.33853  327.82722
217.24499  327.82702
217.15145  327.82682
217.05791  327.82664
216.96437  327.82646
216.87082  327.82629
216.77728  327.82613
216.68374  327.82598
216.5902  327.82584
216.49666  327.82571
216.40312  327.82558
216.30958  327.82547
216.21604  327.82536
216.12249  327.82526
216.02895  327.82516
215.93541  327.82508
215.84187  327.825
215.74833  327.82494
215.65479  327.82488
215.56125  327.82482
215.46771  327.82478
215.37416  327.82474
215.28062  327.82471
215.18708  327.82469
215.09354  327.82468
215  327.82467

# Result Name:                  Combined
# Number of Curves:             1
#
# Curve:                        0
# Values/Curve:                 450
#
257  356.90649
256.90646  356.78998
256.81292  356.67347
256.71938  356.55697
256.62584  356.44048
256.53229  356.32398
256.43875  356.20748
256.34521  356.09098
256.25167  355.97447
256.15813  355.85794
256.06459  355.74141
255.97105  355.62485
255.87751  355.50828
255.78396  355.39169
255.69042  355.27508
255.59688  355.15844
255.50334  355.04177
255.4098  354.92507
255.31626  354.80833
255.22272  354.69156
255.12918  354.57475
255.03563  354.45791
254.94209  354.34102
254.84855  354.22408
254.75501  354.1071
254.66147  353.99007
254.56793  353.873
254.47439  353.75586
254.38085  353.63868
254.28731  353.52143
254.19376  353.40413
254.10022  353.28677
254.00668  353.16935
253.91314  353.05186
253.8196  352.93431
253.72606  352.81669
253.63252  352.699
253.53898  352.58125
253.44543  352.46342
253.35189  352.34552
253.25835  352.22755
253.16481  352.1095
253.07127  351.99138
252.97773  351.87318
252.88419  351.7549
252.79065  351.63654
252.6971  351.51811
252.60356  351.39959
252.51002  351.281
252.41648  351.16232
252.32294  351.04356
252.2294  350.92472
252.13586  350.8058
252.04232  350.68679
251.94878  350.56771
251.85523  350.44854
251.76169  350.32929
251.66815  350.20996
251.57461  350.09054
251.48107  349.97105
251.38753  349.85147
251.29399  349.73182
251.20045  349.61209
251.1069  349.49228
251.01336  349.3724
250.91982  349.25244
250.82628  349.1324
250.73274  349.0123
250.6392  348.89213
250.54566  348.77189
250.45212  348.65158
250.35857  348.53121
250.26503  348.41078
250.17149  348.29029
250.07795  348.16975
249.98441  348.04916
249.89087  347.92852
249.79733  347.80783
249.70379  347.68711
249.61024  347.56635
249.5167  347.44555
249.42316  347.32473
249.32962  347.20389
249.23608  347.08302
249.14254  346.96215
249.049  346.84127
248.95546  346.7204
248.86192  346.59952
248.76837  346.47867
248.67483  346.35783
248.58129  346.23703
248.48775  346.11626
248.39421  345.99554
248.30067  345.87487
248.20713  345.75427
248.11359  345.63374
248.02004  345.5133
247.9265  345.39295
247.83296  345.27272
247.73942  345.1526
247.64588  345.03263
247.55234  344.91279
247.4588  344.79313
247.36526  344.67364
247.27171  344.55435
247.17817  344.43527
247.08463  344.31643
246.99109  344.19783
246.89755  344.07951
246.80401  343.96148
246.71047  343.84378
246.61693  343.72641
246.52339  343.60942
246.42984  343.49282
246.3363  343.37665
246.24276  343.26094
246.14922  343.14572
246.05568  343.03103
245.96214  342.91692
245.8686  342.80342
245.77506  342.69057
245.68151  342.57843
245.58797  342.46705
245.49443  342.35649
245.40089  342.2468
245.30735  342.13806
245.21381  342.03035
245.12027  341.92374
245.02673  341.81832
244.93318  341.7142
244.83964  341.61149
244.7461  341.51032
244.65256  341.41083
244.55902  341.31319
244.46548  341.21759
244.37194  341.12425
244.2784  341.03344
244.18486  340.94546
244.09131  340.86067
243.99777  340.7795
243.90423  340.70247
243.81069  340.6302
243.71715  340.56342
243.62361  340.50304
243.53007  340.45012
243.43653  340.40595
243.34298  340.37208
243.24944  340.35033
243.1559  340.34289
243.06236  340.35234
242.96882  340.38172
242.87528  340.43454
242.78174  340.51492
242.6882  340.62754
242.59465  340.77774
242.50111  340.97157
242.40757  341.2157
242.31403  341.51755
242.22049  341.88512
242.12695  342.32702
242.03341  342.85229
241.93987  343.4703
241.84633  344.19054
241.75278  345.02235
241.65924  345.97465
241.5657  347.05563
241.47216  348.27232
241.37862  349.63025
241.28508  351.13297
241.19154  352.78168
241.098  354.57481
241.00445  356.50763
240.91091  358.57196
240.81737  360.75597
240.72383  363.04397
240.63029  365.41649
240.53675  367.85036
240.44321  370.31899
240.34967  372.79279
240.25612  375.23977
240.16258  377.6262
240.06904  379.9175
239.9755  382.07912
239.88196  384.07755
239.78842  385.88136
239.69488  387.46216
239.60134  388.79561
239.5078  389.86227
239.41425  390.64832
239.32071  391.14617
239.22717  391.35485
239.13363  391.28021
239.04009  390.9349
238.94655  390.3382
238.85301  389.51562
238.75947  388.49835
238.66592  387.32261
238.57238  386.02889
238.47884  384.66113
238.3853  383.26595
238.29176  381.89185
238.19822  380.58857
238.10468  379.40649
238.01114  378.39621
237.91759  377.60821
237.82405  377.09272
237.73051  376.89956
237.63697  377.07803
237.54343  377.67658
237.44989  378.74209
237.35635  380.31846
237.26281  382.44378
237.16927  385.14577
237.07572  388.43438
236.98218  392.29103
236.88864  396.65403
236.7951  401.40118
236.70156  406.33273
236.60802  411.16118
236.51448  415.51801
236.42094  418.98719
236.32739  421.16885
236.23385  421.76171
236.14031  420.63669
236.04677  417.87012
235.95323  413.72069
235.85969  408.56131
235.76615  402.796
235.67261  396.79156
235.57906  390.83851
235.48552  385.14033
235.39198  379.82164
235.29844  374.94484
235.2049  370.52821
235.11136  366.56143
235.01782  363.0175
234.92428  359.861
234.83073  357.0535
234.73719  354.55689
234.64365  352.33519
234.55011  350.35551
234.45657  348.58836
234.36303  347.00764
234.26949  345.59046
234.17595  344.31682
234.08241  343.16936
233.98886  342.13299
233.89532  341.19461
233.80178  340.34287
233.70824  339.56789
233.6147  338.86109
233.52116  338.21499
233.42762  337.62305
233.33408  337.07956
233.24053  336.57951
233.14699  336.1185
233.05345  335.69265
232.95991  335.29855
232.86637  334.93317
232.77283  334.59383
232.67929  334.27814
232.58575  333.98398
232.4922  333.70946
232.39866  333.45287
232.30512  333.21271
232.21158  332.98761
232.11804  332.77634
232.0245  332.57779
231.93096  332.39097
231.83742  332.21497
231.74388  332.04898
231.65033  331.89224
231.55679  331.74408
231.46325  331.60389
231.36971  331.47109
231.27617  331.34519
231.18263  331.22571
231.08909  331.11221
230.99555  331.0043
230.902  330.90162
230.80846  330.80384
230.71492  330.71064
230.62138  330.62173
230.52784  330.53687
230.4343  330.4558
230.34076  330.3783
230.24722  330.30416
230.15367  330.23318
230.06013  330.1652
229.96659  330.10003
229.87305  330.03753
229.77951  329.97755
229.68597  329.91995
229.59243  329.86461
229.49889  329.81141
229.40535  329.76024
229.3118  329.71099
229.21826  329.66358
229.12472  329.6179
229.03118  329.57388
228.93764  329.53143
228.8441  329.49048
228.75056  329.45096
228.65702  329.4128
228.56347  329.37593
228.46993  329.34031
228.37639  329.30587
228.28285  329.27256
228.18931  329.24034
228.09577  329.20915
228.00223  329.17895
227.90869  329.14969
227.81514  329.12135
227.7216  329.09387
227.62806  329.06723
227.53452  329.04139
227.44098  329.01633
227.34744  328.99199
227.2539  328.96837
227.16036  328.94543
227.06682  328.92315
226.97327  328.90149
226.87973  328.88044
226.78619  328.85998
226.69265  328.84008
226.59911  328.82072
226.50557  328.80188
226.41203  328.78354
226.31849  328.76569
226.22494  328.74831
226.1314  328.73138
226.03786  328.71489
225.94432  328.69882
225.85078  328.68316
225.75724  328.66789
225.6637  328.653
225.57016  328.63847
225.47661  328.62431
225.38307  328.61049
225.28953  328.597
225.19599  328.58383
225.10245  328.57098
225.00891  328.55843
224.91537  328.54617
224.82183  328.5342
224.72829  328.5225
224.63474  328.51108
224.5412  328.49991
224.44766  328.48899
224.35412  328.47832
224.26058  328.46788
224.16704  328.45767
224.0735  328.44769
223.97996  328.43793
223.88641  328.42837
223.79287  328.41903
223.69933  328.40988
223.60579  328.40092
223.51225  328.39216
223.41871  328.38358
223.32517  328.37518
223.23163  328.36695
223.13808  328.35889
223.04454  328.35099
222.951  328.34326
222.85746  328.33568
222.76392  328.32826
222.67038  328.32098
222.57684  328.31385
222.4833  328.30686
222.38976  328.30001
222.29621  328.29329
222.20267  328.28671
222.10913  328.28025
222.01559  328.27392
221.92205  328.2677
221.82851  328.26161
221.73497  328.25563
221.64143  328.24977
221.54788  328.24402
221.45434  328.23837
221.3608  328.23283
221.26726  328.2274
221.17372  328.22206
221.08018  328.21683
220.98664  328.21169
220.8931  328.20664
220.79955  328.20169
220.70601  328.19682
220.61247  328.19205
220.51893  328.18736
220.42539  328.18276
220.33185  328.17823
220.23831  328.17379
220.14477  328.16943
220.05122  328.16515
219.95768  328.16094
219.86414  328.15681
219.7706  328.15275
219.67706  328.14876
219.58352  328.14484
219.48998  328.14099
219.39644  328.13721
219.3029  328.13349
219.20935  328.12984
219.11581  328.12625
219.02227  328.12272
218.92873  328.11925
218.83519  328.11585
218.74165  328.1125
218.64811  328.10921
218.55457  328.10597
218.46102  328.10279
218.36748  328.09967
218.27394  328.0966
218.1804  328.09358
218.08686  328.09061
217.99332  328.08769
217.89978  328.08483
217.80624  328.08201
217.71269  328.07924
217.61915  328.07651
217.52561  328.07383
217.43207  328.0712
217.33853  328.06861
217.24499  328.06607
217.15145  328.06357
217.05791  328.06111
216.96437  328.05869
216.87082  328.05631
216.77728  328.05398
216.68374  328.05168
216.5902  328.04942
216.49666  328.0472
216.40312  328.04502
216.30958  328.04287
216.21604  328.04076
216.12249  328.03869
216.02895  328.03665
215.93541  328.03464
215.84187  328.03267
215.74833  328.03074
215.65479  328.02883
215.56125  328.02696
215.46771  328.02512
215.37416  328.02331
215.28062  328.02154
215.18708  328.01979
215.09354  328.01807
215  328.01639

# Result Name:                  Peak 1
# Number of Curves:             1
#
# Curve:                        0
# Values/Curve:                 450
#
257  356.87422
256.90646  356.75736
256.81292  356.6405
256.71938  356.52364
256.62584  356.40678
256.53229  356.28992
256.43875  356.17304
256.34521  356.05615
256.25167  355.93925
256.15813  355.82233
256.06459  355.70539
255.97105  355.58843
255.87751  355.47144
255.78396  355.35442
255.69042  355.23737
255.59688  355.12029
255.50334  355.00317
255.4098  354.88602
255.31626  354.76882
255.22272  354.65158
255.12918  354.53429
255.03563  354.41695
254.94209  354.29956
254.84855  354.18212
254.75501  354.06462
254.66147  353.94707
254.56793  353.82945
254.47439  353.71177
254.38085  353.59402
254.28731  353.47621
254.19376  353.35833
254.10022  353.24038
254.00668  353.12235
253.91314  353.00425
253.8196  352.88607
253.72606  352.76781
253.63252  352.64948
253.53898  352.53105
253.44543  352.41255
253.35189  352.29396
253.25835  352.17528
253.16481  352.05651
253.07127  351.93765
252.97773  351.8187
252.88419  351.69965
252.79065  351.58051
252.6971  351.46127
252.60356  351.34194
252.51002  351.2225
252.41648  351.10297
252.32294  350.98334
252.2294  350.8636
252.13586  350.74376
252.04232  350.62382
251.94878  350.50378
251.85523  350.38363
251.76169  350.26338
251.66815  350.14302
251.57461  350.02256
251.48107  349.90199
251.38753  349.78131
251.29399  349.66053
251.20045  349.53964
251.1069  349.41865
251.01336  349.29755
250.91982  349.17635
250.82628  349.05504
250.73274  348.93362
250.6392  348.81211
250.54566  348.69049
250.45212  348.56877
250.35857  348.44695
250.26503  348.32503
250.17149  348.20301
250.07795  348.08089
249.98441  347.95868
249.89087  347.83638
249.79733  347.71399
249.70379  347.5915
249.61024  347.46893
249.5167  347.34628
249.42316  347.22354
249.32962  347.10073
249.23608  346.97784
249.14254  346.85487
249.049  346.73184
248.95546  346.60874
248.86192  346.48558
248.76837  346.36236
248.67483  346.23908
248.58129  346.11576
248.48775  345.99239
248.39421  345.86898
248.30067  345.74553
248.20713  345.62206
248.11359  345.49856
248.02004  345.37505
247.9265  345.25152
247.83296  345.12799
247.73942  345.00446
247.64588  344.88094
247.55234  344.75744
247.4588  344.63397
247.36526  344.51053
247.27171  344.38713
247.17817  344.26379
247.08463  344.1405
246.99109  344.01729
246.89755  343.89416
246.80401  343.77113
246.71047  343.6482
246.61693  343.5254
246.52339  343.40272
246.42984  343.28019
246.3363  343.15782
246.24276  343.03562
246.14922  342.91361
246.05568  342.79181
245.96214  342.67023
245.8686  342.54889
245.77506  342.42781
245.68151  342.30701
245.58797  342.18651
245.49443  342.06633
245.40089  341.9465
245.30735  341.82704
245.21381  341.70797
245.12027  341.58932
245.02673  341.47112
244.93318  341.3534
244.83964  341.23619
244.7461  341.11952
244.65256  341.00342
244.55902  340.88794
244.46548  340.77311
244.37194  340.65897
244.2784  340.54555
244.18486  340.43292
244.09131  340.32111
243.99777  340.21018
243.90423  340.10017
243.81069  339.99115
243.71715  339.88317
243.62361  339.7763
243.53007  339.67061
243.43653  339.56615
243.34298  339.46302
243.24944  339.3613
243.1559  339.26106
243.06236  339.1624
242.96882  339.06542
242.87528  338.97022
242.78174  338.87692
242.6882  338.78564
242.59465  338.6965
242.50111  338.60965
242.40757  338.52524
242.31403  338.44342
242.22049  338.36438
242.12695  338.28829
242.03341  338.21537
241.93987  338.14582
241.84633  338.0799
241.75278  338.01786
241.65924  337.95998
241.5657  337.90656
241.47216  337.85794
241.37862  337.81447
241.28508  337.77655
241.19154  337.74461
241.098  337.7191
241.00445  337.70054
240.91091  337.68947
240.81737  337.68651
240.72383  337.6923
240.63029  337.70757
240.53675  337.7331
240.44321  337.76975
240.34967  337.81847
240.25612  337.88029
240.16258  337.95634
240.06904  338.04787
239.9755  338.15627
239.88196  338.28307
239.78842  338.42995
239.69488  338.59879
239.60134  338.79168
239.5078  339.01097
239.41425  339.25926
239.32071  339.5395
239.22717  339.85499
239.13363  340.20948
239.04009  340.60721
238.94655  341.05299
238.85301  341.5523
238.75947  342.1114
238.66592  342.73747
238.57238  343.43873
238.47884  344.22464
238.3853  345.10606
238.29176  346.09554
238.19822  347.20751
238.10468  348.45862
238.01114  349.86801
237.91759  351.45762
237.82405  353.25247
237.73051  355.28089
237.63697  357.57451
237.54343  360.16802
237.44989  363.09834
237.35635  366.40293
237.26281  370.11683
237.16927  374.26759
237.07572  378.86757
236.98218  383.90271
236.88864  389.31754
236.7951  394.99739
236.70156  400.75092
236.60802  406.29962
236.51448  411.28417
236.42094  415.29775
236.32739  417.94947
236.23385  418.94661
236.14031  418.16815
236.04677  415.69785
235.95323  411.80121
235.85969  406.85723
235.76615  401.27538
235.67261  395.42726
235.57906  389.60756
235.48552  384.02338
235.39198  378.80243
235.29844  374.00974
235.2049  369.66581
235.11136  365.76221
235.01782  362.27348
234.92428  359.16549
234.83073  356.4009
234.73719  353.94248
234.64365  351.75498
234.55011  349.80611
234.45657  348.06687
234.36303  346.51157
234.26949  345.11765
234.17595  343.86541
234.08241  342.7377
233.98886  341.71963
233.89532  340.79826
233.80178  339.96239
233.70824  339.20224
233.6147  338.50934
233.52116  337.87629
233.42762  337.29663
233.33408  336.76472
233.24053  336.2756
233.14699  335.82493
233.05345  335.40888
232.95991  335.02407
232.86637  334.6675
232.77283  334.33653
232.67929  334.02881
232.58575  333.74224
232.4922  333.47495
232.39866  333.22527
232.30512  332.9917
232.21158  332.77289
232.11804  332.56764
232.0245  332.37486
231.93096  332.19356
231.83742  332.02286
231.74388  331.86194
231.65033  331.71007
231.55679  331.5666
231.46325  331.4309
231.36971  331.30243
231.27617  331.18069
231.18263  331.06521
231.08909  330.95557
230.99555  330.85138
230.902  330.75229
230.80846  330.65796
230.71492  330.56809
230.62138  330.48241
230.52784  330.40065
230.4343  330.32259
230.34076  330.24799
230.24722  330.17666
230.15367  330.1084
230.06013  330.04304
229.96659  329.98042
229.87305  329.92039
229.77951  329.8628
229.68597  329.80752
229.59243  329.75442
229.49889  329.7034
229.40535  329.65434
229.3118  329.60715
229.21826  329.56172
229.12472  329.51798
229.03118  329.47584
228.93764  329.43521
228.8441  329.39604
228.75056  329.35824
228.65702  329.32176
228.56347  329.28653
228.46993  329.25249
228.37639  329.2196
228.28285  329.1878
228.18931  329.15703
228.09577  329.12727
228.00223  329.09846
227.90869  329.07056
227.81514  329.04354
227.7216  329.01735
227.62806  328.99197
227.53452  328.96735
227.44098  328.94348
227.34744  328.92031
227.2539  328.89783
227.16036  328.876
227.06682  328.8548
226.97327  328.8342
226.87973  328.81419
226.78619  328.79473
226.69265  328.77582
226.59911  328.75742
226.50557  328.73953
226.41203  328.72211
226.31849  328.70517
226.22494  328.68867
226.1314  328.6726
226.03786  328.65695
225.94432  328.64171
225.85078  328.62685
225.75724  328.61237
225.6637  328.59825
225.57016  328.58449
225.47661  328.57107
225.38307  328.55797
225.28953  328.5452
225.19599  328.53273
225.10245  328.52056
225.00891  328.50868
224.91537  328.49708
224.82183  328.48575
224.72829  328.47468
224.63474  328.46387
224.5412  328.45331
224.44766  328.44299
224.35412  328.4329
224.26058  328.42303
224.16704  328.41339
224.0735  328.40396
223.97996  328.39474
223.88641  328.38571
223.79287  328.37689
223.69933  328.36825
223.60579  328.3598
223.51225  328.35152
223.41871  328.34343
223.32517  328.3355
223.23163  328.32774
223.13808  328.32014
223.04454  328.3127
222.951  328.30541
222.85746  328.29826
222.76392  328.29127
222.67038  328.28441
222.57684  328.27769
222.4833  328.27111
222.38976  328.26466
222.29621  328.25833
222.20267  328.25213
222.10913  328.24606
222.01559  328.2401
221.92205  328.23425
221.82851  328.22852
221.73497  328.2229
221.64143  328.21738
221.54788  328.21198
221.45434  328.20667
221.3608  328.20146
221.26726  328.19636
221.17372  328.19134
221.08018  328.18643
220.98664  328.1816
220.8931  328.17686
220.79955  328.17221
220.70601  328.16765
220.61247  328.16317
220.51893  328.15877
220.42539  328.15445
220.33185  328.15021
220.23831  328.14605
220.14477  328.14196
220.05122  328.13794
219.95768  328.134
219.86414  328.13013
219.7706  328.12633
219.67706  328.12259
219.58352  328.11892
219.48998  328.11532
219.39644  328.11178
219.3029  328.1083
219.20935  328.10488
219.11581  328.10153
219.02227  328.09823
218.92873  328.09499
218.83519  328.0918
218.74165  328.08868
218.64811  328.0856
218.55457  328.08258
218.46102  328.07962
218.36748  328.0767
218.27394  328.07383
218.1804  328.07102
218.08686  328.06825
217.99332  328.06553
217.89978  328.06286
217.80624  328.06023
217.71269  328.05765
217.61915  328.05511
217.52561  328.05262
217.43207  328.05017
217.33853  328.04776
217.24499  328.04539
217.15145  328.04307
217.05791  328.04078
216.96437  328.03853
216.87082  328.03633
216.77728  328.03416
216.68374  328.03202
216.5902  328.02993
216.49666  328.02787
216.40312  328.02584
216.30958  328.02385
216.21604  328.0219
216.12249  328.01998
216.02895  328.01809
215.93541  328.01623
215.84187  328.01441
215.74833  328.01262
215.65479  328.01086
215.56125  328.00913
215.46771  328.00743
215.37416  328.00576
215.28062  328.00412
215.18708  328.00251
215.09354  328.00093
215  327.99938

# Result Name:                  Peak 2
# Number of Curves:             1
#
# Curve:                        0
# Values/Curve:                 450
#
257  356.72414
256.90646  356.60598
256.81292  356.4878
256.71938  356.36961
256.62584  356.25139
256.53229  356.13315
256.43875  356.01489
256.34521  355.89659
256.25167  355.77827
256.15813  355.6599
256.06459  355.5415
255.97105  355.42305
255.87751  355.30456
255.78396  355.18602
255.69042  355.06743
255.59688  354.94878
255.50334  354.83007
255.4098  354.71131
255.31626  354.59248
255.22272  354.47359
255.12918  354.35462
255.03563  354.23559
254.94209  354.11647
254.84855  353.99728
254.75501  353.87801
254.66147  353.75866
254.56793  353.63922
254.47439  353.51969
254.38085  353.40007
254.28731  353.28036
254.19376  353.16055
254.10022  353.04063
254.00668  352.92062
253.91314  352.80051
253.8196  352.68028
253.72606  352.55995
253.63252  352.4395
253.53898  352.31894
253.44543  352.19827
253.35189  352.07747
253.25835  351.95655
253.16481  351.83552
253.07127  351.71435
252.97773  351.59306
252.88419  351.47164
252.79065  351.35008
252.6971  351.22839
252.60356  351.10657
252.51002  350.98461
252.41648  350.86251
252.32294  350.74027
252.2294  350.61789
252.13586  350.49536
252.04232  350.37268
251.94878  350.24986
251.85523  350.12689
251.76169  350.00377
251.66815  349.8805
251.57461  349.75707
251.48107  349.63349
251.38753  349.50975
251.29399  349.38586
251.20045  349.26181
251.1069  349.1376
251.01336  349.01323
250.91982  348.88871
250.82628  348.76402
250.73274  348.63917
250.6392  348.51416
250.54566  348.38898
250.45212  348.26365
250.35857  348.13815
250.26503  348.01249
250.17149  347.88666
250.07795  347.76068
249.98441  347.63453
249.89087  347.50822
249.79733  347.38175
249.70379  347.25511
249.61024  347.12832
249.5167  347.00137
249.42316  346.87426
249.32962  346.747
249.23608  346.61958
249.14254  346.492
249.049  346.36428
248.95546  346.2364
248.86192  346.10838
248.76837  345.98021
248.67483  345.8519
248.58129  345.72345
248.48775  345.59486
248.39421  345.46614
248.30067  345.33729
248.20713  345.20831
248.11359  345.07921
248.02004  344.94999
247.9265  344.82067
247.83296  344.69123
247.73942  344.56169
247.64588  344.43206
247.55234  344.30233
247.4588  344.17253
247.36526  344.04265
247.27171  343.9127
247.17817  343.7827
247.08463  343.65265
246.99109  343.52255
246.89755  343.39243
246.80401  343.2623
246.71047  343.13216
246.61693  343.00203
246.52339  342.87192
246.42984  342.74185
246.3363  342.61184
246.24276  342.48191
246.14922  342.35207
246.05568  342.22234
245.96214  342.09276
245.8686  341.96334
245.77506  341.83411
245.68151  341.70511
245.58797  341.57636
245.49443  341.44791
245.40089  341.3198
245.30735  341.19207
245.21381  341.06478
245.12027  340.93798
245.02673  340.81173
244.93318  340.68612
244.83964  340.56122
244.7461  340.43714
244.65256  340.31399
244.55902  340.19189
244.46548  340.07102
244.37194  339.95155
244.2784  339.8337
244.18486  339.71774
244.09131  339.60398
243.99777  339.49282
243.90423  339.38472
243.81069  339.28023
243.71715  339.18006
243.62361  339.08503
243.53007  338.99616
243.43653  338.91465
243.34298  338.84199
243.24944  338.77994
243.1559  338.73059
243.06236  338.69644
242.96882  338.68043
242.87528  338.68599
242.78174  338.71712
242.6882  338.7784
242.59465  338.87506
242.50111  339.01298
242.40757  339.19874
242.31403  339.43958
242.22049  339.74336
242.12695  340.11851
242.03341  340.57388
241.93987  341.11867
241.84633  341.76211
241.75278  342.51335
241.65924  343.38104
241.5657  344.3731
241.47216  345.49627
241.37862  346.75575
241.28508  348.15476
241.19154  349.69411
241.098  351.37182
241.00445  353.1827
240.91091  355.11811
240.81737  357.16565
240.72383  359.30905
240.63029  361.5282
240.53675  363.7992
240.44321  366.09468
240.34967  368.38419
240.25612  370.63477
240.16258  372.81164
240.06904  374.87904
239.9755  376.80111
239.88196  378.54289
239.78842  380.0713
239.69488  381.35615
239.60134  382.37105
239.5078  383.09427
239.41425  383.50941
239.32071  383.60599
239.22717  383.37974
239.13363  382.83278
239.04009  381.97354
238.94655  380.8165
238.85301  379.38166
238.75947  377.69395
238.66592  375.78242
238.57238  373.67929
238.47884  371.41905
238.3853  369.0374
238.29176  366.57032
238.19822  364.05305
238.10468  361.51934
238.01114  359.00062
237.91759  356.52545
237.82405  354.11902
237.73051  351.80284
237.63697  349.59461
237.54343  347.50813
237.44989  345.55343
237.35635  343.73697
237.26281  342.06193
237.16927  340.52858
237.07572  339.13463
236.98218  337.87573
236.88864  336.7458
236.7951  335.73753
236.70156  334.84268
236.60802  334.05251
236.51448  333.35798
236.42094  332.75008
236.32739  332.21999
236.23385  331.75923
236.14031  331.35978
236.04677  331.01415
235.95323  330.71546
235.85969  330.45744
235.76615  330.23445
235.67261  330.04148
235.57906  329.87411
235.48552  329.72851
235.39198  329.60136
235.29844  329.48982
235.2049  329.39147
235.11136  329.30428
235.01782  329.22654
234.92428  329.15682
234.83073  329.09391
234.73719  329.03682
234.64365  328.98474
234.55011  328.93697
234.45657  328.89293
234.36303  328.85217
234.26949  328.81427
234.17595  328.77891
234.08241  328.74581
233.98886  328.71473
233.89532  328.68546
233.80178  328.65783
233.70824  328.6317
233.6147  328.60693
233.52116  328.58342
233.42762  328.56105
233.33408  328.53974
233.24053  328.51941
233.14699  328.5
233.05345  328.48143
232.95991  328.46366
232.86637  328.44663
232.77283  328.43029
232.67929  328.4146
232.58575  328.39952
232.4922  328.38502
232.39866  328.37105
232.30512  328.3576
232.21158  328.34463
232.11804  328.33212
232.0245  328.32004
231.93096  328.30837
231.83742  328.2971
231.74388  328.28619
231.65033  328.27563
231.55679  328.26541
231.46325  328.25551
231.36971  328.24591
231.27617  328.23661
231.18263  328.22758
231.08909  328.21881
230.99555  328.2103
230.902  328.20204
230.80846  328.19401
230.71492  328.1862
230.62138  328.1786
230.52784  328.17121
230.4343  328.16402
230.34076  328.15702
230.24722  328.1502
230.15367  328.14356
230.06013  328.13708
229.96659  328.13077
229.87305  328.12462
229.77951  328.11862
229.68597  328.11276
229.59243  328.10705
229.49889  328.10147
229.40535  328.09602
229.3118  328.0907
229.21826  328.08551
229.12472  328.08043
229.03118  328.07547
228.93764  328.07062
228.8441  328.06588
228.75056  328.06124
228.65702  328.05671
228.56347  328.05227
228.46993  328.04793
228.37639  328.04369
228.28285  328.03953
228.18931  328.03546
228.09577  328.03148
228.00223  328.02758
227.90869  328.02376
227.81514  328.02001
227.7216  328.01635
227.62806  328.01275
227.53452  328.00924
227.44098  328.00579
227.34744  328.0024
227.2539  327.99909
227.16036  327.99584
227.06682  327.99265
226.97327  327.98953
226.87973  327.98647
226.78619  327.98346
226.69265  327.98051
226.59911  327.97762
226.50557  327.97479
226.41203  327.972
226.31849  327.96927
226.22494  327.96659
226.1314  327.96396
226.03786  327.96138
225.94432  327.95885
225.85078  327.95636
225.75724  327.95392
225.6637  327.95152
225.57016  327.94917
225.47661  327.94686
225.38307  327.94459
225.28953  327.94236
225.19599  327.94017
225.10245  327.93803
225.00891  327.93592
224.91537  327.93384
224.82183  327.93181
224.72829  327.92981
224.63474  327.92785
224.5412  327.92592
224.44766  327.92403
224.35412  327.92217
224.26058  327.92034
224.16704  327.91855
224.0735  327.91679
223.97996  327.91505
223.88641  327.91335
223.79287  327.91168
223.69933  327.91004
223.60579  327.90843
223.51225  327.90685
223.41871  327.90529
223.32517  327.90377
223.23163  327.90226
223.13808  327.90079
223.04454  327.89934
222.951  327.89792
222.85746  327.89653
222.76392  327.89515
222.67038  327.89381
222.57684  327.89248
222.4833  327.89119
222.38976  327.88991
222.29621  327.88866
222.20267  327.88743
222.10913  327.88622
222.01559  327.88504
221.92205  327.88387
221.82851  327.88273
221.73497  327.88161
221.64143  327.88051
221.54788  327.87943
221.45434  327.87837
221.3608  327.87733
221.26726  327.87631
221.17372  327.8753
221.08018  327.87432
220.98664  327.87336
220.8931  327.87241
220.79955  327.87149
220.70601  327.87058
220.61247  327.86969
220.51893  327.86881
220.42539  327.86796
220.33185  327.86712
220.23831  327.86629
220.14477  327.86549
220.05122  327.8647
219.95768  327.86392
219.86414  327.86317
219.7706  327.86242
219.67706  327.8617
219.58352  327.86099
219.48998  327.86029
219.39644  327.85961
219.3029  327.85894
219.20935  327.85829
219.11581  327.85765
219.02227  327.85703
218.92873  327.85642
218.83519  327.85583
218.74165  327.85525
218.64811  327.85468
218.55457  327.85413
218.46102  327.85358
218.36748  327.85306
218.27394  327.85254
218.1804  327.85204
218.08686  327.85155
217.99332  327.85107
217.89978  327.85061
217.80624  327.85016
217.71269  327.84972
217.61915  327.84929
217.52561  327.84887
217.43207  327.84847
217.33853  327.84807
217.24499  327.84769
217.15145  327.84732
217.05791  327.84696
216.96437  327.84662
216.87082  327.84628
216.77728  327.84595
216.68374  327.84564
216.5902  327.84533
216.49666  327.84504
216.40312  327.84476
216.30958  327.84448
216.21604  327.84422
216.12249  327.84397
216.02895  327.84372
215.93541  327.84349
215.84187  327.84327
215.74833  327.84305
215.65479  327.84285
215.56125  327.84265
215.46771  327.84247
215.37416  327.84229
215.28062  327.84212
215.18708  327.84197
215.09354  327.84182
215  327.84168

# Result Name:                  Residuum
# Number of Curves:             1
#
# Curve:                        0
# Values/Curve:                 421
#
257  -10.943089
256.9  -16.243626
256.8  -8.8629145
256.7  -19.982515
256.6  -5.2408864
256.5  -6.5199994
256.4  -6.5546173
256.3  4.0712174
256.2  15.015321
256.1  -5.0623925
256  9.235624
255.9  16.944314
255.8  -6.8960313
255.7  -11.396625
255.6  -17.132078
255.5  -11.045279
255.4  6.5657745
255.3  -2.1156671
255.2  -5.1452002
255.1  0.30254861
255  5.2105214
254.9  0.44007899
254.8  -7.7193121
254.7  1.5975858
254.6  -8.010287
254.5  -16.93313
254.4  6.9653736
254.3  -7.3157579
254.2  -14.233795
254.1  -11.06859
254  -12.628591
253.9  -9.7401377
253.8  -9.2603635
253.7  -6.4623973
253.6  12.310501
253.5  -17.52003
253.4  -10.173989
253.3  -8.8953814
253.2  9.1944542
253.1  6.3205194
253  -12.053124
252.9  -5.1068456
252.8  9.4791734
252.7  9.893121
252.6  0.27970388
252.5  7.9360024
252.4  16.041735
252.3  24.595629
252.2  8.088308
252.1  15.232825
252  -11.266096
251.9  -9.4349706
251.8  11.999815
251.7  2.2124738
251.6  17.388245
251.5  5.0105125
251.4  1.1316949
251.3  -8.3629202
251.2  14.148076
251.1  1.0381459
251  -4.9438487
250.9  20.41208
250.8  15.619012
250.7  10.610273
250.6  9.2200675
250.5  1.9352818
250.4  0.77992133
250.3  6.6595472
250.2  -7.6395039
250.1  3.6347006
250  16.675103
249.9  -10.916154
249.8  12.393225
249.7  -10.222727
249.6  25.76911
249.5  7.4004744
249.4  -12.1674
249.3  6.8856024
249.2  -0.44739117
249.1  -13.563543
249  -7.6050523
248.9  -0.094011586
248.8  11.633573
248.7  24.056275
248.6  -6.1286951
248.5  -0.11239871
248.4  -8.7201956
248.3  -8.3690859
248.2  9.4821616
248.1  6.6184846
248  -1.4359893
247.9  14.298198
247.8  6.4224331
247.7  -0.67446063
247.6  -5.6127562
247.5  -0.97644605
247.4  6.977675
247.3  11.7073
247.2  25.634796
247.1  4.5571136
247  -15.728238
246.9  12.749415
246.8  18.402279
246.7  22.21363
246.6  0.40728236
246.5  6.3356528
246.4  -4.9185341
246.3  12.294328
246.2  -2.6255277
246.1  -0.44361849
246  13.798282
245.9  0.85129072
245.8  1.9405498
245.7  10.763005
245.6  -7.4922856
245.5  13.661963
245.4  -7.3754617
245.3  3.169429
245.2  -17.604133
245.1  -0.39007999
245  17.180984
244.9  3.7064029
244.8  -0.2329544
244.7  22.76994
244.6  16.211742
244.5  -13.070975
244.4  -19.536724
244.3  -16.040833
244.2  1.3711738
244.1  -22.961384
244  5.5380524
243.9  0.014877775
243.8  2.3203315
243.7  10.51781
243.6  0.73631793
243.5  10.008978
243.4  1.6630635
243.3  -12.326055
243.2  6.7470503
243.1  27.728718
243  0.97525058
242.9  -20.436739
242.8  -12.825484
242.7  5.1811883
242.6  10.508533
242.5  2.0008817
242.4  0.67999863
242.3  -3.7552506
242.2  -20.213449
242.1  -16.027654
242  25.523768
241.9  5.6474891
241.8  -12.583235
241.7  7.8676463
241.6  6.6425874
241.5  -6.7625642
241.4  7.6459008
241.3  -14.688094
241.2  -11.492175
241.1  -12.133771
241  -3.7735443
240.9  2.0927527
240.8  -2.3514782
240.7  16.685824
240.6  -10.201904
240.5  -3.1882447
240.4  -10.335377
240.3  16.191041
240.2  9.1707925
240.1  -9.5462836
240  17.614015
239.9  7.9998466
239.8  10.994762
239.7  14.09122
239.6  -9.6871395
239.5  -3.4637925
239.4  5.6234564
239.3  -1.1089183
239.2  -8.4937513
239.1  7.9590181
239  -4.9150675
238.9  -19.509563
238.8  -6.5388936
238.7  -10.89655
238.6  -4.7823362
238.5  1.9539545
238.4  -4.23195
238.3  1.3454669
238.2  5.3554519
238.1  11.974447
238  10.22934
237.9  8.8290963
237.8  -23.84358
237.7  1.5688271
237.6  -0.093070526
237.5  25.805069
237.4  2.7445643
237.3  -9.3858086
237.2  -0.18311298
237.1  16.828173
237  13.513596
236.9  -0.053529158
236.8  -2.6251639
236.7  -10.665552
236.6  -23.672408
236.5  -4.6262519
236.4  -2.6355205
236.3  8.3392138
236.2  11.143573
236.1  -2.4049486
236  1.8413079
235.9  30.258522
235.8  -26.423142
235.7  -5.2880029
235.6  -3.6465885
235.5  10.614562
235.4  -2.3436248
235.3  18.477709
235.2  14.259597
235.1  -9.1614236
235  -7.0734131
234.9  -5.8339029
234.8  4.9362368
234.7  -29.945633
234.6  -14.01881
234.5  -10.400894
234.4  -1.6972588
234.3  22.898904
234.2  -7.39391
234.1  1.2718619
234  9.3764216
233.9  6.5048376
233.8  -6.3431326
233.7  -13.897032
233.6  2.3079544
233.5  20.715019
233.4  -1.2059777
233.3  0.56163727
233.2  -7.9084323
233.1  -9.1181369
233  -9.3315388
232.9  -8.6010694
232.8  -9.5997156
232.7  -7.1545436
232.6  -14.850515
232.5  22.972568
232.4  7.0641971
232.3  2.1965772
232.2  -0.49422596
232.1  -8.8001927
232  -12.635285
231.9  -6.6879106
231.8  4.736879
231.7  4.4923101
231.6  -15.84475
231.5  -7.0968379
231.4  2.8882056
231.3  1.8409772
231.2  -8.6539131
231.1  2.9385494
231  1.0345997
230.9  -2.7433851
230.8  -13.562136
230.7  9.8558948
230.6  -1.8284042
230.5  14.214534
230.4  24.365998
230.3  2.7063551
230.2  3.8643425
230.1  11.315342
230  9.7472141
229.9  7.1814131
229.8  5.3993651
229.7  -0.90501185
229.6  2.6446951
229.5  11.124007
229.4  -1.1405413
229.3  9.2785397
229.2  -5.3397604
229.1  -2.5724988
229  25.281928
228.9  9.9321205
228.8  3.3330759
228.7  -11.794566
228.6  17.171555
228.5  14.695448
228.4  1.7495904
228.3  21.470002
228.2  20.465833
228.1  12.24762
228  9.9570526
227.9  4.8304774
227.8  -6.7401268
227.7  -0.34174977
227.6  -1.3109703
227.5  -16.743415
227.4  -16.574375
227.3  -1.8472207
227.2  12.369566
227.1  -4.4071925
227  7.1780285
226.9  37.362798
226.8  18.754864
226.7  6.6135752
226.6  22.318457
226.5  21.495082
226.4  9.4513034
226.3  5.4471712
226.2  -8.496549
226.1  1.3407474
226  4.8450563
225.9  -16.286397
225.8  9.2695357
225.7  3.9117956
225.6  12.483825
225.5  23.539014
225.4  5.4648739
225.3  -13.936199
225.2  7.1979128
225.1  10.938897
225  -4.0399913
224.9  3.0794444
224.8  10.471902
224.7  -0.31953247
224.6  1.415001
224.5  22.203501
224.4  12.677419
224.3  11.394675
224.2  8.9186246
224.1  1.0578758
224  10.105987
223.9  4.1953382
223.8  8.3955912
223.7  5.6168716
223.6  19.850059
223.5  10.75974
223.4  -21.26899
223.3  -21.478507
223.2  -1.6449198
223.1  1.0707431
223  17.451409
222.9  2.6486376
222.8  -17.249356
222.7  -15.096483
222.6  -11.726581
222.5  -13.61972
222.4  1.4078407
222.3  -2.2597187
222.2  22.658898
222.1  3.9648022
222  5.0392712
221.9  7.7363735
221.8  5.9101847
221.7  -4.8163893
221.6  -4.5260811
221.5  -13.402336
221.4  -9.4807014
221.3  8.4806668
221.2  17.826025
221.1  16.676147
221  0.84689743
220.9  14.828994
220.8  -5.1495799
220.7  28.304136
220.6  10.684326
220.5  -14.251605
220.4  -17.455885
220.3  10.273348
220.2  7.0895584
220.1  -32.400622
220  8.1746784
219.9  0.66414884
219.8  -11.509346
219.7  8.3974257
219.6  -8.5795609
219.5  -17.468819
219.4  -6.4742542
219.3  -4.0787997
219.2  -7.2361229
219.1  -11.358544
219  -4.5846521
218.9  2.3183069
218.8  -23.803641
218.7  -17.814896
218.6  12.151007
218.5  -4.3799864
218.4  -19.193548
218.3  -9.5723223
218.2  -17.353737
218.1  -4.5019247
218  -12.155473
217.9  -32.417411
217.8  -28.475386
217.7  -17.667758
217.6  -20.630374
217.5  5.2559581
217.4  -3.8498081
217.3  3.622631
217.2  -31.200385
217.1  -14.453854
217  -1.3260921
216.9  33.748338
216.8  -5.8882676
216.7  2.9682971
216.6  -10.428594
216.5  3.8524203
216.4  -0.83189068
216.3  -6.3982058
216.2  -8.9868208
216.1  -5.0927886
216  -17.382198
215.9  -25.288697
215.8  4.9673158
215.7  10.110577
215.6  9.7644878
215.5  -12.348361
215.4  -15.430783
215.3  -13.024692
215.2  8.5277278
215.1  2.2092118
215  -16.020437

# Region:                       Al 2p Hi Res
# Spectrum ID:                  8
# Acquisition Date:             04/23/26 16:56:00 UTC
# Analysis Method:              XPS
# Analyzer:                     PHOIBOS MCD5 Analyzer
# Analyzer Lens:                LargeArea:1.5kV
# Analyzer Slit:                5:7x20\B:open
# Scan Mode:                    FixedAnalyzerTransmission
# Curves/Scan:                  1
# Values/Curve:                 331
# Dwell Time:                   0.1
# Excitation Energy:            1486.61
# Binding Energy:               90
# Pass Energy:                  10
# Bias Voltage:                 90
# Detector Voltage:             3000
# Eff. Workfunction:            4.543
# Source:                       X-Ray Dummy
# Comment:                      
#
# Cycle: 0
# Number of Scans: 25
#
# Cycle: 0, Curve: 0
# Acquisition Date:             04/23/26 16:56:00 UTC
#
# ColumnLabels:                 energy counts/s
#
90  206.91199
89.9  215.33115
89.8  220.93305
89.7  210.05482
89.6  216.19804
89.5  205.14351
89.4  204.25777
89.3  215.45146
89.2  215.69912
89.1  219.85054
89  211.73173
88.9  215.76931
88.8  210.41862
88.7  216.56416
88.6  216.13382
88.5  211.56379
88.4  211.66044
88.3  213.11142
88.2  209.69085
88.1  201.04888
88  223.3761
87.9  208.72502
87.8  209.50785
87.7  214.78755
87.6  221.94683
87.5  202.05243
87.4  200.38986
87.3  212.47327
87.2  213.78256
87.1  214.92079
87  219.6886
86.9  193.99901
86.8  213.2348
86.7  188.72334
86.6  197.93685
86.5  225.83753
86.4  222.323
86.3  219.16916
86.2  201.26002
86.1  193.1379
86  194.25202
85.9  205.2193
85.8  211.13984
85.7  212.74339
85.6  210.29784
85.5  212.65802
85.4  208.32112
85.3  211.09121
85.2  226.22622
85.1  208.08308
85  225.028
84.9  204.62345
84.8  206.59037
84.7  208.31728
84.6  215.7096
84.5  199.12088
84.4  205.72349
84.3  212.404
84.2  201.93537
84.1  200.84113
84  209.1843
83.9  208.21352
83.8  210.98839
83.7  201.78255
83.6  209.13693
83.5  215.78209
83.4  202.59988
83.3  209.17832
83.2  214.41162
83.1  206.29938
83  196.78113
82.9  192.66055
82.8  216.15961
82.7  213.21783
82.6  215.17129
82.5  193.93025
82.4  209.59541
82.3  206.08957
82.2  198.49854
82.1  202.14729
82  202.40666
81.9  202.19116
81.8  201.03589
81.7  209.36288
81.6  195.5726
81.5  202.66962
81.4  191.81091
81.3  209.50972
81.2  214.92268
81.1  212.91917
81  209.01438
80.9  202.76237
80.8  200.67381
80.7  211.85968
80.6  213.35999
80.5  206.3415
80.4  196.49148
80.3  222.35547
80.2  225.36424
80.1  233.10431
80  223.86688
79.9  227.81468
79.8  230.81033
79.7  240.87119
79.6  248.72942
79.5  238.32766
79.4  238.78344
79.3  253.21719
79.2  249.3332
79.1  253.53339
79  271.60237
78.9  270.75283
78.8  300.18003
78.7  280.658
78.6  280.79288
78.5  300.22551
78.4  319.16403
78.3  324.64975
78.2  308.53351
78.1  315.54329
78  302.69053
77.9  297.57293
77.8  317.64867
77.7  300.16935
77.6  300.5967
77.5  299.81411
77.4  292.76165
77.3  282.53832
77.2  287.50173
77.1  285.41935
77  285.89106
76.9  261.05798
76.8  254.65894
76.7  270.56307
76.6  245.38799
76.5  236.64683
76.4  239.20612
76.3  237.21203
76.2  235.63877
76.1  221.48877
76  242.22325
75.9  221.15728
75.8  216.15906
75.7  209.97008
75.6  216.15642
75.5  214.27802
75.4  219.68527
75.3  211.03626
75.2  199.19366
75.1  198.74517
75  212.95982
74.9  200.20151
74.8  204.19836
74.7  208.54242
74.6  210.79009
74.5  198.32357
74.4  215.16821
74.3  195.86556
74.2  182.95715
74.1  197.34105
74  188.76538
73.9  191.50933
73.8  200.24698
73.7  211.2747
73.6  194.90996
73.5  197.64227
73.4  180.74765
73.3  197.89555
73.2  200.2322
73.1  204.78699
73  188.20468
72.9  207.70157
72.8  201.07467
72.7  191.4347
72.6  203.56649
72.5  193.07282
72.4  202.58958
72.3  212.69875
72.2  210.64054
72.1  217.86595
72  206.42283
71.9  209.9029
71.8  215.28162
71.7  204.78648
71.6  197.39218
71.5  195.31665
71.4  194.22959
71.3  207.58979
71.2  193.55071
71.1  189.99878
71  199.25894
70.9  199.94645
70.8  208.46649
70.7  193.07558
70.6  199.85226
70.5  205.32086
70.4  192.9305
70.3  205.75611
70.2  212.38337
70.1  201.90166
70  210.10585
69.9  202.81631
69.8  207.25942
69.7  198.10731
69.6  199.26016
69.5  208.22686
69.4  213.45496
69.3  201.8137
69.2  197.73485
69.1  202.31163
69  208.94696
68.9  210.08284
68.8  220.58759
68.7  222.1237
68.6  203.82544
68.5  215.71402
68.4  222.76602
68.3  211.12317
68.2  212.67588
68.1  218.33395
68  225.85996
67.9  203.70253
67.8  210.40454
67.7  211.72261
67.6  195.87945
67.5  213.70427
67.4  210.38672
67.3  202.68394
67.2  214.37843
67.1  224.54671
67  213.28873
66.9  213.18968
66.8  222.80964
66.7  195.08651
66.6  197.47818
66.5  199.11007
66.4  201.61454
66.3  225.05364
66.2  208.31111
66.1  208.71611
66  208.25861
65.9  213.10997
65.8  202.56649
65.7  211.61606
65.6  199.72605
65.5  197.65541
65.4  206.88129
65.3  199.34776
65.2  193.41031
65.1  201.17793
65  204.8448
64.9  208.84581
64.8  218.78645
64.7  209.23245
64.6  203.36077
64.5  216.52233
64.4  206.58318
64.3  202.10036
64.2  203.07279
64.1  216.76029
64  212.06616
63.9  200.52019
63.8  210.5471
63.7  207.06991
63.6  195.73648
63.5  194.66055
63.4  189.27236
63.3  204.78479
63.2  188.93926
63.1  187.15844
63  194.8845
62.9  190.97843
62.8  195.71557
62.7  204.9565
62.6  187.8812
62.5  208.43425
62.4  196.58454
62.3  204.78555
62.2  211.08907
62.1  199.18062
62  194.38865
61.9  187.96227
61.8  195.09612
61.7  189.83966
61.6  180.70168
61.5  199.34088
61.4  200.58889
61.3  200.81629
61.2  205.26767
61.1  202.07756
61  186.22371
60.9  199.05944
60.8  204.48502
60.7  221.5093
60.6  202.83918
60.5  184.49116
60.4  203.403
60.3  187.80099
60.2  205.86305
60.1  205.40163
60  203.8247
59.9  195.71928
59.8  193.69914
59.7  197.64356
59.6  201.49277
59.5  195.70916
59.4  204.62797
59.3  196.16656
59.2  208.51621
59.1  199.99264
59  203.47797
58.9  192.80546
58.8  188.80418
58.7  193.72522
58.6  205.15132
58.5  196.15807
58.4  194.92036
58.3  209.16843
58.2  201.38109
58.1  182.32468
58  195.17888
57.9  204.81647
57.8  197.83558
57.7  187.63944
57.6  200.21536
57.5  191.045
57.4  193.30713
57.3  199.58736
57.2  214.85081
57.1  206.66063
57  200.22316

# Operation:                    Peak Fit
# Parameter: "Transition" = 
# Parameter: "Label" = 
# Parameter: "Background Method" = Tougaard
# Parameter: "Peak Shape" = Voigt
# Parameter: "Asymmetric Peak" = false
# Parameter: "FWHM-Annotation" = S-B = <Signal-BG:@>\nFWHM = <FWHM:@>\nArea = <Area:@>
# Parameter: "Peak-Annotation" = <Label>\n<Transition>\nE = <Center:@>
#
# Result:
# Number of Results:            2
# Parameter: "Transition" = 
# Parameter: "Label" = 
# Parameter: "Center" = 77.961131481132497 eV +- 0.03374801642303394
# Parameter: "Area" = 293.6905375772468 cps eV +- 8.4589042210220917
# Parameter: "FWHM (Lorentzian)" = 0 eV +- 0
# Parameter: "FWHM (Gaussian)" = 2.5833578897645091 eV +- 0.079488126818782395
# Parameter: "Asymmetry" = 0 +- 0
# Parameter: "Tougaard B" = 8578.9444393272697 eV^2 +- 1306.327345633297
# Parameter: "Tougaard C" = 1643 eV^2 +- 0
# Parameter: "FWHM" = 2.5833578897645091 eV
# Parameter: "Baseline Offset" = 201.97893116118959 cps +- 0.65176311083200278
# Parameter: "Abbe factor" = 0.73543892540379974
# Parameter: "Reduced Chi Square" = 0.91265512994159181
# Parameter: "Q Probability" = 0.86852672720999391
# Parameter: "Number of performed iterations" = 9
# Parameter: "Fit termination reason" = ConvergedInParameter
# Parameter: "Signal" = 309.18675006246463 cps
# Parameter: "Signal-BG" = 106.80047100502864 cps
#
# Result Name:                  Background
# Number of Curves:             1
#
# Curve:                        0
# Values/Curve:                 257
#
90  212.24831
89.871094  212.15515
89.742188  212.06155
89.613281  211.96752
89.484375  211.87306
89.355469  211.77817
89.226563  211.68285
89.097656  211.5871
88.96875  211.49092
88.839844  211.3943
88.710938  211.29725
88.582031  211.19978
88.453125  211.10187
88.324219  211.00353
88.195313  210.90476
88.066406  210.80557
87.9375  210.70594
87.808594  210.6059
87.679688  210.50542
87.550781  210.40452
87.421875  210.3032
87.292969  210.20146
87.164063  210.09931
87.035156  209.99673
86.90625  209.89374
86.777344  209.79034
86.648438  209.68652
86.519531  209.5823
86.390625  209.47767
86.261719  209.37264
86.132813  209.26721
86.003906  209.16138
85.875  209.05516
85.746094  208.94855
85.617188  208.84155
85.488281  208.73416
85.359375  208.6264
85.230469  208.51825
85.101563  208.40974
84.972656  208.30085
84.84375  208.1916
84.714844  208.08199
84.585938  207.97202
84.457031  207.8617
84.328125  207.75103
84.199219  207.64002
84.070313  207.52867
83.941406  207.41699
83.8125  207.30498
83.683594  207.19264
83.554688  207.07999
83.425781  206.96703
83.296875  206.85376
83.167969  206.74018
83.039063  206.62631
82.910156  206.51216
82.78125  206.39772
82.652344  206.283
82.523438  206.16801
82.394531  206.05275
82.265625  205.93724
82.136719  205.82148
82.007813  205.70547
81.878906  205.58924
81.75  205.47278
81.621094  205.3561
81.492188  205.23923
81.363281  205.12218
81.234375  205.00497
81.105469  204.88763
80.976563  204.77019
80.847656  204.6527
80.71875  204.5352
80.589844  204.41778
80.460938  204.30051
80.332031  204.18352
80.203125  204.06691
80.074219  203.95087
79.945313  203.83558
79.816406  203.72127
79.6875  203.60819
79.558594  203.49663
79.429688  203.38692
79.300781  203.27943
79.171875  203.17452
79.042969  203.07259
78.914063  202.97406
78.785156  202.87934
78.65625  202.7888
78.527344  202.70282
78.398438  202.62173
78.269531  202.54581
78.140625  202.47527
78.011719  202.41026
77.882813  202.35086
77.753906  202.29705
77.625  202.24877
77.496094  202.20584
77.367188  202.16806
77.238281  202.13513
77.109375  202.10674
76.980469  202.0825
76.851563  202.06205
76.722656  202.04496
76.59375  202.03086
76.464844  202.01935
76.335938  202.01006
76.207031  202.00264
76.078125  201.9968
75.949219  201.99225
75.820313  201.98875
75.691406  201.98609
75.5625  201.98409
75.433594  201.9826
75.304688  201.98152
75.175781  201.98073
75.046875  201.98017
74.917969  201.97977
74.789063  201.9795
74.660156  201.97931
74.53125  201.97918
74.402344  201.97909
74.273438  201.97903
74.144531  201.979
74.015625  201.97897
73.886719  201.97896
73.757813  201.97895
73.628906  201.97894
73.5  201.97894
73.371094  201.97893
73.242188  201.97893
73.113281  201.97893
72.984375  201.97893
72.855469  201.97893
72.726563  201.97893
72.597656  201.97893
72.46875  201.97893
72.339844  201.97893
72.210938  201.97893
72.082031  201.97893
71.953125  201.97893
71.824219  201.97893
71.695313  201.97893
71.566406  201.97893
71.4375  201.97893
71.308594  201.97893
71.179688  201.97893
71.050781  201.97893
70.921875  201.97893
70.792969  201.97893
70.664063  201.97893
70.535156  201.97893
70.40625  201.97893
70.277344  201.97893
70.148438  201.97893
70.019531  201.97893
69.890625  201.97893
69.761719  201.97893
69.632813  201.97893
69.503906  201.97893
69.375  201.97893
69.246094  201.97893
69.117188  201.97893
68.988281  201.97893
68.859375  201.97893
68.730469  201.97893
68.601563  201.97893
68.472656  201.97893
68.34375  201.97893
68.214844  201.97893
68.085938  201.97893
67.957031  201.97893
67.828125  201.97893
67.699219  201.97893
67.570313  201.97893
67.441406  201.97893
67.3125  201.97893
67.183594  201.97893
67.054688  201.97893
66.925781  201.97893
66.796875  201.97893
66.667969  201.97893
66.539063  201.97893
66.410156  201.97893
66.28125  201.97893
66.152344  201.97893
66.023438  201.97893
65.894531  201.97893
65.765625  201.97893
65.636719  201.97893
65.507813  201.97893
65.378906  201.97893
65.25  201.97893
65.121094  201.97893
64.992188  201.97893
64.863281  201.97893
64.734375  201.97893
64.605469  201.97893
64.476563  201.97893
64.347656  201.97893
64.21875  201.97893
64.089844  201.97893
63.960938  201.97893
63.832031  201.97893
63.703125  201.97893
63.574219  201.97893
63.445313  201.97893
63.316406  201.97893
63.1875  201.97893
63.058594  201.97893
62.929688  201.97893
62.800781  201.97893
62.671875  201.97893
62.542969  201.97893
62.414063  201.97893
62.285156  201.97893
62.15625  201.97893
62.027344  201.97893
61.898438  201.97893
61.769531  201.97893
61.640625  201.97893
61.511719  201.97893
61.382813  201.97893
61.253906  201.97893
61.125  201.97893
60.996094  201.97893
60.867188  201.97893
60.738281  201.97893
60.609375  201.97893
60.480469  201.97893
60.351563  201.97893
60.222656  201.97893
60.09375  201.97893
59.964844  201.97893
59.835938  201.97893
59.707031  201.97893
59.578125  201.97893
59.449219  201.97893
59.320313  201.97893
59.191406  201.97893
59.0625  201.97893
58.933594  201.97893
58.804688  201.97893
58.675781  201.97893
58.546875  201.97893
58.417969  201.97893
58.289063  201.97893
58.160156  201.97893
58.03125  201.97893
57.902344  201.97893
57.773438  201.97893
57.644531  201.97893
57.515625  201.97893
57.386719  201.97893
57.257813  201.97893
57.128906  201.97893
57  201.97893

# Result Name:                  Peak Fit
# Number of Curves:             1
#
# Curve:                        0
# Values/Curve:                 257
#
90  212.24831
89.871094  212.15515
89.742188  212.06155
89.613281  211.96752
89.484375  211.87306
89.355469  211.77817
89.226563  211.68285
89.097656  211.5871
88.96875  211.49092
88.839844  211.3943
88.710938  211.29725
88.582031  211.19978
88.453125  211.10187
88.324219  211.00353
88.195313  210.90476
88.066406  210.80557
87.9375  210.70594
87.808594  210.6059
87.679688  210.50542
87.550781  210.40452
87.421875  210.3032
87.292969  210.20146
87.164063  210.09931
87.035156  209.99673
86.90625  209.89374
86.777344  209.79034
86.648438  209.68652
86.519531  209.5823
86.390625  209.47767
86.261719  209.37264
86.132813  209.26721
86.003906  209.16138
85.875  209.05516
85.746094  208.94855
85.617188  208.84155
85.488281  208.73416
85.359375  208.6264
85.230469  208.51825
85.101563  208.40974
84.972656  208.30085
84.84375  208.1916
84.714844  208.08199
84.585938  207.97202
84.457031  207.8617
84.328125  207.75104
84.199219  207.64003
84.070313  207.52869
83.941406  207.41703
83.8125  207.30505
83.683594  207.19277
83.554688  207.08023
83.425781  206.96746
83.296875  206.85453
83.167969  206.74155
83.039063  206.62869
82.910156  206.51623
82.78125  206.40458
82.652344  206.29442
82.523438  206.18676
82.394531  206.08311
82.265625  205.98571
82.136719  205.89782
82.007813  205.82404
81.878906  205.77088
81.75  205.74722
81.621094  205.76508
81.492188  205.84034
81.363281  205.99356
81.234375  206.25081
81.105469  206.64443
80.976563  207.21354
80.847656  208.00431
80.71875  209.06967
80.589844  210.46843
80.460938  212.26361
80.332031  214.51982
80.203125  217.29974
80.074219  220.6596
79.945313  224.64396
79.816406  229.27985
79.6875  234.5709
79.558594  240.4918
79.429688  246.98375
79.300781  253.95147
79.171875  261.26243
79.042969  268.74863
78.914063  276.21128
78.785156  283.42839
78.65625  290.16494
78.527344  296.18505
78.398438  301.26535
78.269531  305.20852
78.140625  307.85576
78.011719  309.09725
77.882813  308.87951
77.753906  307.20907
77.625  304.15196
77.496094  299.82928
77.367188  294.40909
77.238281  288.09545
77.109375  281.11557
76.980469  273.70624
76.851563  266.10069
76.722656  258.51669
76.59375  251.14694
76.464844  244.15213
76.335938  237.65684
76.207031  231.74835
76.078125  226.47797
75.949219  221.86434
75.820313  217.89833
75.691406  214.54864
75.5625  211.76773
75.433594  209.49757
75.304688  207.67473
75.175781  206.23467
75.046875  205.11511
74.917969  204.25839
74.789063  203.61299
74.660156  203.13426
74.53125  202.78459
74.402344  202.53305
74.273438  202.35481
74.144531  202.23042
74.015625  202.14488
73.886719  202.08693
73.757813  202.04826
73.628906  202.02282
73.5  202.00634
73.371094  201.99581
73.242188  201.98918
73.113281  201.98507
72.984375  201.98256
72.855469  201.98105
72.726563  201.98015
72.597656  201.97962
72.46875  201.97932
72.339844  201.97914
72.210938  201.97905
72.082031  201.97899
71.953125  201.97896
71.824219  201.97895
71.695313  201.97894
71.566406  201.97894
71.4375  201.97893
71.308594  201.97893
71.179688  201.97893
71.050781  201.97893
70.921875  201.97893
70.792969  201.97893
70.664063  201.97893
70.535156  201.97893
70.40625  201.97893
70.277344  201.97893
70.148438  201.97893
70.019531  201.97893
69.890625  201.97893
69.761719  201.97893
69.632813  201.97893
69.503906  201.97893
69.375  201.97893
69.246094  201.97893
69.117188  201.97893
68.988281  201.97893
68.859375  201.97893
68.730469  201.97893
68.601563  201.97893
68.472656  201.97893
68.34375  201.97893
68.214844  201.97893
68.085938  201.97893
67.957031  201.97893
67.828125  201.97893
67.699219  201.97893
67.570313  201.97893
67.441406  201.97893
67.3125  201.97893
67.183594  201.97893
67.054688  201.97893
66.925781  201.97893
66.796875  201.97893
66.667969  201.97893
66.539063  201.97893
66.410156  201.97893
66.28125  201.97893
66.152344  201.97893
66.023438  201.97893
65.894531  201.97893
65.765625  201.97893
65.636719  201.97893
65.507813  201.97893
65.378906  201.97893
65.25  201.97893
65.121094  201.97893
64.992188  201.97893
64.863281  201.97893
64.734375  201.97893
64.605469  201.97893
64.476563  201.97893
64.347656  201.97893
64.21875  201.97893
64.089844  201.97893
63.960938  201.97893
63.832031  201.97893
63.703125  201.97893
63.574219  201.97893
63.445313  201.97893
63.316406  201.97893
63.1875  201.97893
63.058594  201.97893
62.929688  201.97893
62.800781  201.97893
62.671875  201.97893
62.542969  201.97893
62.414063  201.97893
62.285156  201.97893
62.15625  201.97893
62.027344  201.97893
61.898438  201.97893
61.769531  201.97893
61.640625  201.97893
61.511719  201.97893
61.382813  201.97893
61.253906  201.97893
61.125  201.97893
60.996094  201.97893
60.867188  201.97893
60.738281  201.97893
60.609375  201.97893
60.480469  201.97893
60.351563  201.97893
60.222656  201.97893
60.09375  201.97893
59.964844  201.97893
59.835938  201.97893
59.707031  201.97893
59.578125  201.97893
59.449219  201.97893
59.320313  201.97893
59.191406  201.97893
59.0625  201.97893
58.933594  201.97893
58.804688  201.97893
58.675781  201.97893
58.546875  201.97893
58.417969  201.97893
58.289063  201.97893
58.160156  201.97893
58.03125  201.97893
57.902344  201.97893
57.773438  201.97893
57.644531  201.97893
57.515625  201.97893
57.386719  201.97893
57.257813  201.97893
57.128906  201.97893
57  201.97893

# Region:                       Mg 1s
# Spectrum ID:                  9
# Acquisition Date:             04/23/26 17:01:55 UTC
# Analysis Method:              XPS
# Analyzer:                     PHOIBOS MCD5 Analyzer
# Analyzer Lens:                LargeArea:1.5kV
# Analyzer Slit:                5:7x20\B:open
# Scan Mode:                    FixedAnalyzerTransmission
# Curves/Scan:                  1
# Values/Curve:                 1001
# Dwell Time:                   0.1
# Excitation Energy:            1486.61
# Binding Energy:               1350
# Pass Energy:                  50
# Bias Voltage:                 90
# Detector Voltage:             3000
# Eff. Workfunction:            4.543
# Source:                       X-Ray Dummy
# Comment:                      
#
# Cycle: 0
# Number of Scans: 3
#
# Cycle: 0, Curve: 0
# Acquisition Date:             04/23/26 17:01:55 UTC
#
# ColumnLabels:                 energy counts/s
#
1350  25772.955
1349.9  25426.371
1349.8  25862.166
1349.7  25890.198
1349.6  25769.144
1349.5  26111.122
1349.4  26152.773
1349.3  26148.728
1349.2  26279.321
1349.1  25387.445
1349  25877.323
1348.9  26082.957
1348.8  25936.448
1348.7  26347.888
1348.6  25984.243
1348.5  26469.027
1348.4  26679.134
1348.3  25973.836
1348.2  25530.725
1348.1  25951.619
1348  26097.585
1347.9  25648.256
1347.8  25852.758
1347.7  25513.481
1347.6  25820.38
1347.5  25621.72
1347.4  25776.63
1347.3  25411.717
1347.2  25709.462
1347.1  25395.389
1347  25617.93
1346.9  25958.271
1346.8  25495.945
1346.7  26053.641
1346.6  25997.493
1346.5  25327.655
1346.4  25590.182
1346.3  26003.42
1346.2  25242.596
1346.1  25479.687
1346  25609.101
1345.9  25706.226
1345.8  25856.257
1345.7  25983.565
1345.6  26035.405
1345.5  25843.613
1345.4  25637.607
1345.3  25243.516
1345.2  25784.668
1345.1  25834.452
1345  25992.588
1344.9  25858.659
1344.8  25219.259
1344.7  25488.721
1344.6  25696.986
1344.5  25331.374
1344.4  25638.409
1344.3  25519.289
1344.2  25294.266
1344.1  25184.759
1344  25701.451
1343.9  25350.325
1343.8  25030.669
1343.7  25476.889
1343.6  25613.471
1343.5  25909.281
1343.4  25940.331
1343.3  25816.419
1343.2  25607.97
1343.1  25307.253
1343  25484.861
1342.9  25371.543
1342.8  25567.46
1342.7  25528.894
1342.6  25355.941
1342.5  25699.71
1342.4  25500.089
1342.3  25529.546
1342.2  25297.504
1342.1  25506.157
1342  25932.048
1341.9  25299.692
1341.8  25407.213
1341.7  25546.457
1341.6  25732.444
1341.5  25744.115
1341.4  25504.092
1341.3  25376.055
1341.2  25554.706
1341.1  25887.123
1341  25760.402
1340.9  25305.454
1340.8  25626.042
1340.7  25548.375
1340.6  25069.606
1340.5  25234.482
1340.4  26002.219
1340.3  25246.828
1340.2  25138.501
1340.1  25552.727
1340  25449.448
1339.9  25139.663
1339.8  25356.399
1339.7  25199.7
1339.6  25478.073
1339.5  25516.165
1339.4  25145.895
1339.3  25252.723
1339.2  25699.181
1339.1  25033.91
1339  24941.8
1338.9  25629.083
1338.8  25137.689
1338.7  25157.755
1338.6  24641.316
1338.5  25114.28
1338.4  25359.244
1338.3  25318.264
1338.2  25469.919
1338.1  24728.582
1338  25037.989
1337.9  25152.003
1337.8  25609.611
1337.7  25761.237
1337.6  25226.105
1337.5  25246.877
1337.4  25100.677
1337.3  25349.354
1337.2  25295.63
1337.1  25126.939
1337  25145.972
1336.9  24952.09
1336.8  25063.581
1336.7  24992.046
1336.6  25275.928
1336.5  24810.137
1336.4  25183.285
1336.3  25012.502
1336.2  24816.147
1336.1  25251.378
1336  24833.543
1335.9  25553.589
1335.8  24751.301
1335.7  25361.988
1335.6  24823.747
1335.5  25354.607
1335.4  25687.711
1335.3  25045.125
1335.2  24946.43
1335.1  25310.834
1335  25459.691
1334.9  25279.818
1334.8  24795.703
1334.7  25406.156
1334.6  25176.296
1334.5  24761.786
1334.4  24881.102
1334.3  25015.554
1334.2  24751.357
1334.1  25444.467
1334  25344.702
1333.9  25500.974
1333.8  25123.611
1333.7  25306.52
1333.6  25298.5
1333.5  25310.712
1333.4  25047.053
1333.3  25119.626
1333.2  25008.156
1333.1  25507.939
1333  25321.42
1332.9  25366.682
1332.8  24942.928
1332.7  25158.856
1332.6  25331.385
1332.5  24808.512
1332.4  25107.034
1332.3  24828.252
1332.2  24901.411
1332.1  25283.437
1332  24769.431
1331.9  25484.641
1331.8  24914.019
1331.7  24678.892
1331.6  24783.305
1331.5  25034.992
1331.4  25242.982
1331.3  25238.232
1331.2  24851.299
1331.1  24535.989
1331  25140.924
1330.9  25078.017
1330.8  25413.862
1330.7  25149.692
1330.6  25180.873
1330.5  25409.078
1330.4  25605.122
1330.3  25527.099
1330.2  25032.701
1330.1  24767.703
1330  25262.463
1329.9  24595.155
1329.8  25180.347
1329.7  24977.42
1329.6  25231.854
1329.5  24597.41
1329.4  24905.534
1329.3  25054.696
1329.2  24924.788
1329.1  24661.097
1329  24686.791
1328.9  24725.051
1328.8  24872.727
1328.7  24787.837
1328.6  24765.156
1328.5  24711.654
1328.4  25119.04
1328.3  25207.565
1328.2  24583.695
1328.1  25010.157
1328  25213.929
1327.9  25054.915
1327.8  25159.418
1327.7  24857.962
1327.6  24967.291
1327.5  24467.062
1327.4  24997.014
1327.3  25087.882
1327.2  24594.895
1327.1  24569.463
1327  24362.099
1326.9  24563.451
1326.8  24929.851
1326.7  24751.453
1326.6  24882.636
1326.5  24865.078
1326.4  24589.35
1326.3  24698.119
1326.2  24403.907
1326.1  25029.495
1326  24642.091
1325.9  24535.796
1325.8  24076.959
1325.7  24649.178
1325.6  24642.349
1325.5  24982.469
1325.4  24892.06
1325.3  24693.311
1325.2  24896.62
1325.1  24538.452
1325  24996.435
1324.9  25143.145
1324.8  24880.578
1324.7  24880.23
1324.6  24798.811
1324.5  24765.38
1324.4  24743.316
1324.3  24476.624
1324.2  24107.997
1324.1  24720.54
1324  24910.225
1323.9  24768.989
1323.8  24834.715
1323.7  24726.688
1323.6  24595.155
1323.5  24537.378
1323.4  24949.205
1323.3  25453.734
1323.2  24814.72
1323.1  24263.513
1323  24315.856
1322.9  24636.865
1322.8  24451.975
1322.7  24127.853
1322.6  24190.936
1322.5  24244.042
1322.4  24421.701
1322.3  24707.622
1322.2  24644.209
1322.1  24518.828
1322  24285.327
1321.9  24685.143
1321.8  24204.169
1321.7  24144.121
1321.6  24409.591
1321.5  24143.228
1321.4  24691.695
1321.3  24748.61
1321.2  24483.86
1321.1  24750.425
1321  24627.589
1320.9  24477.08
1320.8  24496.289
1320.7  24381.227
1320.6  24791.021
1320.5  24681.117
1320.4  24804.812
1320.3  25000.347
1320.2  24648.537
1320.1  24391.758
1320  24321.302
1319.9  23846.764
1319.8  24802.602
1319.7  24554.183
1319.6  24091.083
1319.5  24153.195
1319.4  24490.912
1319.3  24265.189
1319.2  24026.851
1319.1  24653.767
1319  24940.356
1318.9  24739.48
1318.8  24023.369
1318.7  24558.408
1318.6  24391.927
1318.5  24568.721
1318.4  24715.994
1318.3  24210.722
1318.2  24847.13
1318.1  24738.746
1318  24947.229
1317.9  24454.532
1317.8  24579.757
1317.7  24877.178
1317.6  24362.289
1317.5  24021.604
1317.4  24160.726
1317.3  24239.833
1317.2  24297.377
1317.1  24018.066
1317  24200.479
1316.9  24517.408
1316.8  24769.836
1316.7  24698.243
1316.6  24316.427
1316.5  24584.306
1316.4  24321.699
1316.3  24394.398
1316.2  24168.846
1316.1  24233.396
1316  24264.114
1315.9  24316.961
1315.8  23963.363
1315.7  24452.573
1315.6  24442.67
1315.5  24414.569
1315.4  24291.145
1315.3  24319.512
1315.2  24267.201
1315.1  23695.337
1315  24328.19
1314.9  24190.612
1314.8  24103.201
1314.7  24384.288
1314.6  24008.298
1314.5  24180.468
1314.4  24080.057
1314.3  24117.42
1314.2  24650.419
1314.1  24257.183
1314  23783.045
1313.9  24146.792
1313.8  24224.998
1313.7  23760.122
1313.6  24483.539
1313.5  24875.173
1313.4  24203.135
1313.3  24297.847
1313.2  24781.685
1313.1  24406.932
1313  24721.407
1312.9  23904.303
1312.8  24718.265
1312.7  24228.956
1312.6  24482.027
1312.5  24326.242
1312.4  24721.237
1312.3  24573.546
1312.2  24513.399
1312.1  24458.402
1312  24356.677
1311.9  24225.385
1311.8  24584.942
1311.7  24185.852
1311.6  24073.354
1311.5  24191.179
1311.4  23956.923
1311.3  23940.636
1311.2  24497.266
1311.1  24371.021
1311  24497.397
1310.9  24507.871
1310.8  24644.23
1310.7  23990.711
1310.6  24486.43
1310.5  24572.179
1310.4  24793.265
1310.3  24671.554
1310.2  24308.261
1310.1  24353.793
1310  24333.314
1309.9  24750.818
1309.8  24528.519
1309.7  24423.456
1309.6  24518.099
1309.5  24681.523
1309.4  24619.118
1309.3  24872.243
1309.2  24772.836
1309.1  25065.379
1309  25370.815
1308.9  25261.109
1308.8  25119.385
1308.7  24813.608
1308.6  24906.257
1308.5  25265.888
1308.4  25383.385
1308.3  25646.11
1308.2  24849.581
1308.1  25500.092
1308  25597.569
1307.9  26158.468
1307.8  26055.935
1307.7  25424.305
1307.6  25612.096
1307.5  25652.698
1307.4  25857.12
1307.3  26080.647
1307.2  25273.759
1307.1  25725.485
1307  26187.735
1306.9  25874.922
1306.8  26196.254
1306.7  25458.059
1306.6  25459.773
1306.5  26014.421
1306.4  25247.701
1306.3  25713.374
1306.2  25493.626
1306.1  25157.715
1306  24820.214
1305.9  25243.624
1305.8  25131.491
1305.7  24739.912
1305.6  25181.742
1305.5  25103.728
1305.4  25288.104
1305.3  24632.488
1305.2  24543.129
1305.1  24603.131
1305  24833.191
1304.9  24636.158
1304.8  24321.451
1304.7  24645.975
1304.6  24778.06
1304.5  24402.172
1304.4  24174.255
1304.3  23769.841
1304.2  24857.907
1304.1  24483.593
1304  24260.477
1303.9  23893.719
1303.8  24078.383
1303.7  24269.134
1303.6  24004.059
1303.5  24156.766
1303.4  24239.512
1303.3  23832.436
1303.2  23910.78
1303.1  24230.405
1303  23978.028
1302.9  24086.348
1302.8  23770.747
1302.7  23373.829
1302.6  24047.404
1302.5  23844.258
1302.4  24134.797
1302.3  23912.322
1302.2  23949.384
1302.1  24396.93
1302  23883.16
1301.9  23796.251
1301.8  23848.112
1301.7  24188.057
1301.6  24316.385
1301.5  24005.859
1301.4  23396.145
1301.3  23862.432
1301.2  23953.392
1301.1  23841.723
1301  23893.474
1300.9  23934.032
1300.8  23697.208
1300.7  23896.477
1300.6  23385.905
1300.5  23921.864
1300.4  23857.899
1300.3  24150.729
1300.2  24215.28
1300.1  24477.761
1300  24283.763
1299.9  24094.972
1299.8  24023.515
1299.7  24328.897
1299.6  23716.888
1299.5  23716.897
1299.4  23903.451
1299.3  24012.311
1299.2  24000.888
1299.1  23698.789
1299  23751.529
1298.9  23630.35
1298.8  24143.977
1298.7  23709.204
1298.6  23285.401
1298.5  23551.714
1298.4  24334.68
1298.3  23947.866
1298.2  23886.409
1298.1  23698.859
1298  23660.207
1297.9  23656.136
1297.8  24226.551
1297.7  23617.573
1297.6  23849.189
1297.5  24157.891
1297.4  24052.801
1297.3  24102.061
1297.2  23973.264
1297.1  23869.778
1297  23787.073
1296.9  23588.098
1296.8  23866.855
1296.7  23683.044
1296.6  23678.132
1296.5  23657.268
1296.4  24044.622
1296.3  24034.423
1296.2  24074.355
1296.1  23551.645
1296  23198.398
1295.9  23739.286
1295.8  24047.986
1295.7  23784.142
1295.6  24080.595
1295.5  24052.735
1295.4  23738.043
1295.3  23174.984
1295.2  23965.996
1295.1  23888.579
1295  23937.748
1294.9  24048.735
1294.8  24033.81
1294.7  23574.636
1294.6  23724.28
1294.5  23578.997
1294.4  23492.25
1294.3  23587.993
1294.2  23351.128
1294.1  23910.386
1294  23474.858
1293.9  23499.322
1293.8  23506.247
1293.7  23591.985
1293.6  24097.496
1293.5  23816.297
1293.4  23336.347
1293.3  24065.928
1293.2  23947.193
1293.1  23957.103
1293  23674.18
1292.9  23550.836
1292.8  23344.029
1292.7  23943.292
1292.6  23988.56
1292.5  23503.909
1292.4  23505.908
1292.3  23691.888
1292.2  23643.689
1292.1  23822.113
1292  23409.186
1291.9  23720.737
1291.8  23499.183
1291.7  23664.548
1291.6  23796.815
1291.5  23726.215
1291.4  23478.371
1291.3  23391.672
1291.2  23536.808
1291.1  23718.3
1291  23360.595
1290.9  24017.885
1290.8  23318.435
1290.7  23423.411
1290.6  24081.924
1290.5  23299.802
1290.4  23608.929
1290.3  23584.848
1290.2  23552.59
1290.1  23544.752
1290  23866.057
1289.9  23807.832
1289.8  24258.931
1289.7  23481.12
1289.6  23547.947
1289.5  23685.752
1289.4  23605.884
1289.3  23433.445
1289.2  23705.871
1289.1  23412.56
1289  23939.13
1288.9  23764.951
1288.8  23728.031
1288.7  23360.229
1288.6  23405.538
1288.5  23433.057
1288.4  23700.884
1288.3  23756.846
1288.2  23288.547
1288.1  23430.19
1288  23998.439
1287.9  23617.565
1287.8  23519.544
1287.7  23839.667
1287.6  23886.811
1287.5  23321.261
1287.4  23655.743
1287.3  23758.333
1287.2  23319.482
1287.1  23804.912
1287  23346.038
1286.9  24105.572
1286.8  24030.245
1286.7  23755.028
1286.6  23097.859
1286.5  23868.085
1286.4  23364.881
1286.3  24476.414
1286.2  23760.037
1286.1  23681.443
1286  23601.783
1285.9  23685.809
1285.8  23848.781
1285.7  23790.988
1285.6  23736.697
1285.5  23258.586
1285.4  23829.752
1285.3  23834.717
1285.2  23591.798
1285.1  23769.49
1285  24065.691
1284.9  23663.941
1284.8  23907.479
1284.7  23750.606
1284.6  23513.323
1284.5  23681.433
1284.4  23323.451
1284.3  23490.437
1284.2  23672.944
1284.1  23960.099
1284  23655.042
1283.9  23328.944
1283.8  23479.726
1283.7  23861.37
1283.6  23692.788
1283.5  23321.584
1283.4  23705.499
1283.3  23077.855
1283.2  23397.399
1283.1  23482.22
1283  23582.896
1282.9  23656.286
1282.8  23546.463
1282.7  23568.185
1282.6  23890.341
1282.5  23758.071
1282.4  23242.686
1282.3  23582.188
1282.2  24361.719
1282.1  23655.509
1282  23469.636
1281.9  23959.885
1281.8  23730.322
1281.7  23382.505
1281.6  23413.102
1281.5  23477.351
1281.4  23515.24
1281.3  23450.505
1281.2  23507.125
1281.1  23864.994
1281  23381.198
1280.9  23421.632
1280.8  23845.299
1280.7  23523.74
1280.6  23356.409
1280.5  23317.488
1280.4  23980.611
1280.3  23365.136
1280.2  23671.209
1280.1  24065.752
1280  23523.327
1279.9  23763.704
1279.8  23823.596
1279.7  24025.681
1279.6  23991.085
1279.5  23878.656
1279.4  23420.487
1279.3  23583.873
1279.2  23988.941
1279.1  23827.354
1279  23390.866
1278.9  23423.271
1278.8  23770.346
1278.7  23549.557
1278.6  23622.796
1278.5  23678.641
1278.4  23253.753
1278.3  23130.564
1278.2  23816.574
1278.1  23737.335
1278  23649.362
1277.9  23521.126
1277.8  23372.266
1277.7  24061.75
1277.6  23571.41
1277.5  23784.66
1277.4  23608.614
1277.3  23585.694
1277.2  23458.338
1277.1  23363.767
1277  23126.365
1276.9  23611.977
1276.8  23748.178
1276.7  23604.253
1276.6  23850.233
1276.5  23779.133
1276.4  23684.273
1276.3  23650.395
1276.2  23894.212
1276.1  23825.967
1276  23840.372
1275.9  24023.111
1275.8  23560.243
1275.7  23602.624
1275.6  23617.92
1275.5  23682.822
1275.4  23603.417
1275.3  23546.195
1275.2  23514.412
1275.1  23564.024
1275  23922.868
1274.9  23244.149
1274.8  23651.824
1274.7  23327.641
1274.6  23528.444
1274.5  23607.837
1274.4  23828.76
1274.3  23418.51
1274.2  24175.769
1274.1  23321.504
1274  23679.635
1273.9  23392.122
1273.8  23703.859
1273.7  23317.193
1273.6  23232.666
1273.5  23933.702
1273.4  23820.113
1273.3  23772.792
1273.2  23791.529
1273.1  23570.108
1273  23505.945
1272.9  23808.356
1272.8  23839.203
1272.7  23395.181
1272.6  23567.313
1272.5  23606.715
1272.4  23692.359
1272.3  23883.934
1272.2  23632.139
1272.1  23326.667
1272  23624.109
1271.9  24044.888
1271.8  23644.932
1271.7  23449.01
1271.6  23853.734
1271.5  23798.049
1271.4  23540.505
1271.3  23731.34
1271.2  23468.694
1271.1  23565.356
1271  23944.496
1270.9  23905
1270.8  23668.505
1270.7  23680.123
1270.6  23901.199
1270.5  24032.416
1270.4  23769.149
1270.3  23666.056
1270.2  23817.907
1270.1  23722.368
1270  23609.872
1269.9  23201.722
1269.8  23735.524
1269.7  23692.714
1269.6  23505.747
1269.5  23710.036
1269.4  23420.151
1269.3  23737.988
1269.2  23686.908
1269.1  23868.084
1269  23760.161
1268.9  23641.375
1268.8  24019.31
1268.7  23413.671
1268.6  24158.818
1268.5  24077.264
1268.4  23759.474
1268.3  23272.626
1268.2  23921.957
1268.1  24044.46
1268  23451.371
1267.9  23580.034
1267.8  24088.064
1267.7  23802.37
1267.6  24095.587
1267.5  23858.173
1267.4  23378.846
1267.3  23554.069
1267.2  23881.992
1267.1  23911.651
1267  23944.904
1266.9  24480.724
1266.8  23857.238
1266.7  23803.116
1266.6  23534.429
1266.5  23436.026
1266.4  23481.222
1266.3  23678.138
1266.2  23971.899
1266.1  23771.072
1266  24155.108
1265.9  24188.495
1265.8  23917.993
1265.7  23603.489
1265.6  23990.822
1265.5  23526.524
1265.4  23616.938
1265.3  24294.859
1265.2  24046.118
1265.1  23860.529
1265  23721.87
1264.9  23801.341
1264.8  24105.832
1264.7  23075.545
1264.6  23646.386
1264.5  23986.548
1264.4  23692.921
1264.3  23881.29
1264.2  23556.735
1264.1  23481.7
1264  24168.598
1263.9  24156.55
1263.8  24136.239
1263.7  23779.434
1263.6  23807.166
1263.5  23551.805
1263.4  23722.706
1263.3  23317.216
1263.2  23555.393
1263.1  24069.054
1263  23845.478
1262.9  23683.327
1262.8  24107.818
1262.7  23863.004
1262.6  23643.067
1262.5  23895.353
1262.4  23362.651
1262.3  23292.529
1262.2  24051.426
1262.1  23672.477
1262  23786.531
1261.9  23851.401
1261.8  23755.294
1261.7  23731.912
1261.6  23374.58
1261.5  23952.276
1261.4  23721.679
1261.3  23711.742
1261.2  23851.731
1261.1  23770.155
1261  23859.986
1260.9  23516.797
1260.8  23417.841
1260.7  23935.581
1260.6  23861.287
1260.5  23504.739
1260.4  23659.919
1260.3  24106.215
1260.2  23899.835
1260.1  24049.906
1260  23577.022
1259.9  23521.415
1259.8  23807.55
1259.7  24040.764
1259.6  23805.613
1259.5  23713.002
1259.4  23770.174
1259.3  23257.94
1259.2  23276.373
1259.1  23602.668
1259  23561.533
1258.9  23266.259
1258.8  23496.816
1258.7  23452.82
1258.6  23582.248
1258.5  23699.606
1258.4  23560.935
1258.3  23780.467
1258.2  23968.068
1258.1  23961.307
1258  23961.863
1257.9  23866.306
1257.8  23978.297
1257.7  23971.377
1257.6  24010.32
1257.5  23997.6
1257.4  24121.692
1257.3  23857.939
1257.2  24296.322
1257.1  23611.268
1257  23918.705
1256.9  23611.111
1256.8  24154.308
1256.7  23990.029
1256.6  24367.111
1256.5  23818.853
1256.4  23928.062
1256.3  23513.709
1256.2  23844.564
1256.1  23732.065
1256  23684.912
1255.9  23494.284
1255.8  23532.413
1255.7  23657.055
1255.6  23620.923
1255.5  23529.302
1255.4  24028.232
1255.3  24331.319
1255.2  23748.978
1255.1  23698.042
1255  23540.558
1254.9  23681.808
1254.8  23706.612
1254.7  23706.366
1254.6  23339.597
1254.5  23898.552
1254.4  24236.551
1254.3  23782.823
1254.2  24088.675
1254.1  23557.959
1254  23676.81
1253.9  24128.116
1253.8  23573.538
1253.7  23830.759
1253.6  24021.764
1253.5  23680.997
1253.4  23950.996
1253.3  23771.935
1253.2  24210.256
1253.1  23837.494
1253  24433.29
1252.9  23945.65
1252.8  24297.862
1252.7  23891.039
1252.6  23936.236
1252.5  23724.973
1252.4  24075.448
1252.3  24014.287
1252.2  23980.008
1252.1  23292.815
1252  23673.665
1251.9  23914.496
1251.8  23959.166
1251.7  24136.97
1251.6  24086.886
1251.5  24016.929
1251.4  24387.49
1251.3  24331.462
1251.2  24396.663
1251.1  24149.601
1251  23923.726
1250.9  23533.28
1250.8  23989.894
1250.7  24216.787
1250.6  24358.144
1250.5  23694.869
1250.4  24353.101
1250.3  23869.546
1250.2  24549.599
1250.1  24028.358
1250  23903.382

# Operation:                    Peak Fit
# Parameter: "Transition" = 
# Parameter: "Label" = 
# Parameter: "Background Method" = Tougaard
# Parameter: "Peak Shape" = Voigt
# Parameter: "Asymmetric Peak" = false
# Parameter: "FWHM-Annotation" = S-B = <Signal-BG:@>\nFWHM = <FWHM:@>\nArea = <Area:@>
# Parameter: "Peak-Annotation" = <Label>\n<Transition>\nE = <Center:@>
#
# Result:
# Number of Results:            2
# Parameter: "Transition" = 
# Parameter: "Label" = 
# Parameter: "Center" = 1307.2129593335219 eV +- 0.071730980705199177
# Parameter: "Area" = 12551.726284698494 cps eV +- 432.37729851417549
# Parameter: "FWHM (Lorentzian)" = 3.885251023550119 eV +- 0.19035486149556788
# Parameter: "FWHM (Gaussian)" = 2.9834516841425031e-05 eV +- 9.1257149787355676
# Parameter: "Asymmetry" = 0 +- 0
# Parameter: "Tougaard B" = 11863.616456264848 eV^2 +- 207.97381543687339
# Parameter: "Tougaard C" = 1643 eV^2 +- 0
# Parameter: "FWHM" = 3.8852524429892314 eV
# Parameter: "Baseline Offset" = 23717.068994414392 cps +- 13.013484452062009
# Parameter: "Abbe factor" = 0.77573077771430266
# Parameter: "Reduced Chi Square" = 0.91362013285441768
# Parameter: "Q Probability" = 0.97552729751131406
# Parameter: "Number of performed iterations" = 10
# Parameter: "Fit termination reason" = ConvergedInParameter
# Parameter: "Signal" = 25884.904588869227 cps
# Parameter: "Signal-BG" = 2056.6694613579025 cps
#
# Result Name:                  Background
# Number of Curves:             1
#
# Curve:                        0
# Values/Curve:                 516
#
1350  26077.011
1349.8058  26060.575
1349.6117  26044.253
1349.4175  26028.045
1349.2233  26011.949
1349.0291  25995.964
1348.835  25980.09
1348.6408  25964.326
1348.4466  25948.671
1348.2524  25933.124
1348.0583  25917.685
1347.8641  25902.352
1347.6699  25887.125
1347.4757  25872.002
1347.2816  25856.984
1347.0874  25842.07
1346.8932  25827.257
1346.699  25812.547
1346.5049  25797.937
1346.3107  25783.427
1346.1165  25769.017
1345.9223  25754.705
1345.7282  25740.491
1345.534  25726.374
1345.3398  25712.352
1345.1456  25698.426
1344.9515  25684.595
1344.7573  25670.857
1344.5631  25657.212
1344.3689  25643.659
1344.1748  25630.198
1343.9806  25616.827
1343.7864  25603.545
1343.5922  25590.353
1343.3981  25577.249
1343.2039  25564.232
1343.0097  25551.302
1342.8155  25538.457
1342.6214  25525.697
1342.4272  25513.022
1342.233  25500.43
1342.0388  25487.92
1341.8447  25475.492
1341.6505  25463.145
1341.4563  25450.879
1341.2621  25438.691
1341.068  25426.583
1340.8738  25414.552
1340.6796  25402.598
1340.4854  25390.72
1340.2913  25378.917
1340.0971  25367.189
1339.9029  25355.534
1339.7087  25343.953
1339.5146  25332.443
1339.3204  25321.005
1339.1262  25309.637
1338.932  25298.338
1338.7379  25287.108
1338.5437  25275.947
1338.3495  25264.852
1338.1553  25253.823
1337.9612  25242.86
1337.767  25231.961
1337.5728  25221.126
1337.3786  25210.354
1337.1845  25199.644
1336.9903  25188.995
1336.7961  25178.406
1336.6019  25167.876
1336.4078  25157.405
1336.2136  25146.991
1336.0194  25136.634
1335.8252  25126.333
1335.6311  25116.087
1335.4369  25105.895
1335.2427  25095.756
1335.0485  25085.67
1334.8544  25075.635
1334.6602  25065.65
1334.466  25055.715
1334.2718  25045.828
1334.0777  25035.989
1333.8835  25026.197
1333.6893  25016.451
1333.4951  25006.75
1333.301  24997.093
1333.1068  24987.479
1332.9126  24977.907
1332.7184  24968.376
1332.5243  24958.886
1332.3301  24949.435
1332.1359  24940.022
1331.9417  24930.647
1331.7476  24921.308
1331.5534  24912.005
1331.3592  24902.737
1331.165  24893.502
1330.9709  24884.3
1330.7767  24875.129
1330.5825  24865.989
1330.3883  24856.879
1330.1942  24847.798
1330  24838.745
1329.8058  24829.719
1329.6117  24820.718
1329.4175  24811.743
1329.2233  24802.792
1329.0291  24793.863
1328.835  24784.957
1328.6408  24776.073
1328.4466  24767.208
1328.2524  24758.363
1328.0583  24749.536
1327.8641  24740.726
1327.6699  24731.933
1327.4757  24723.155
1327.2816  24714.392
1327.0874  24705.643
1326.8932  24696.907
1326.699  24688.182
1326.5049  24679.468
1326.3107  24670.765
1326.1165  24662.07
1325.9223  24653.384
1325.7282  24644.705
1325.534  24636.033
1325.3398  24627.367
1325.1456  24618.705
1324.9515  24610.048
1324.7573  24601.394
1324.5631  24592.742
1324.3689  24584.092
1324.1748  24575.443
1323.9806  24566.793
1323.7864  24558.144
1323.5922  24549.493
1323.3981  24540.839
1323.2039  24532.183
1323.0097  24523.524
1322.8155  24514.86
1322.6214  24506.192
1322.4272  24497.518
1322.233  24488.838
1322.0388  24480.152
1321.8447  24471.458
1321.6505  24462.757
1321.4563  24454.047
1321.2621  24445.329
1321.068  24436.602
1320.8738  24427.865
1320.6796  24419.118
1320.4854  24410.361
1320.2913  24401.593
1320.0971  24392.814
1319.9029  24384.024
1319.7087  24375.222
1319.5146  24366.408
1319.3204  24357.582
1319.1262  24348.745
1318.932  24339.894
1318.7379  24331.032
1318.5437  24322.157
1318.3495  24313.269
1318.1553  24304.369
1317.9612  24295.457
1317.767  24286.532
1317.5728  24277.596
1317.3786  24268.647
1317.1845  24259.687
1316.9903  24250.716
1316.7961  24241.733
1316.6019  24232.74
1316.4078  24223.737
1316.2136  24214.725
1316.0194  24205.703
1315.8252  24196.674
1315.6311  24187.636
1315.4369  24178.592
1315.2427  24169.542
1315.0485  24160.487
1314.8544  24151.428
1314.6602  24142.366
1314.466  24133.303
1314.2718  24124.239
1314.0777  24115.176
1313.8835  24106.116
1313.6893  24097.06
1313.4951  24088.01
1313.301  24078.969
1313.1068  24069.937
1312.9126  24060.918
1312.7184  24051.913
1312.5243  24042.927
1312.3301  24033.96
1312.1359  24025.017
1311.9417  24016.102
1311.7476  24007.217
1311.5534  23998.367
1311.3592  23989.557
1311.165  23980.791
1310.9709  23972.075
1310.7767  23963.416
1310.5825  23954.82
1310.3883  23946.294
1310.1942  23937.847
1310  23929.488
1309.8058  23921.228
1309.6117  23913.078
1309.4175  23905.052
1309.2233  23897.163
1309.0291  23889.43
1308.835  23881.868
1308.6408  23874.498
1308.4466  23867.341
1308.2524  23860.418
1308.0583  23853.753
1307.8641  23847.368
1307.6699  23841.283
1307.4757  23835.515
1307.2816  23830.076
1307.0874  23824.973
1306.8932  23820.204
1306.699  23815.763
1306.5049  23811.637
1306.3107  23807.808
1306.1165  23804.256
1305.9223  23800.96
1305.7282  23797.897
1305.534  23795.046
1305.3398  23792.389
1305.1456  23789.906
1304.9515  23787.58
1304.7573  23785.397
1304.5631  23783.344
1304.3689  23781.408
1304.1748  23779.58
1303.9806  23777.848
1303.7864  23776.206
1303.5922  23774.645
1303.3981  23773.16
1303.2039  23771.743
1303.0097  23770.39
1302.8155  23769.096
1302.6214  23767.857
1302.4272  23766.669
1302.233  23765.528
1302.0388  23764.432
1301.8447  23763.377
1301.6505  23762.36
1301.4563  23761.38
1301.2621  23760.434
1301.068  23759.521
1300.8738  23758.638
1300.6796  23757.783
1300.4854  23756.956
1300.2913  23756.155
1300.0971  23755.378
1299.9029  23754.624
1299.7087  23753.892
1299.5146  23753.182
1299.3204  23752.491
1299.1262  23751.82
1298.932  23751.166
1298.7379  23750.531
1298.5437  23749.912
1298.3495  23749.309
1298.1553  23748.721
1297.9612  23748.148
1297.767  23747.589
1297.5728  23747.044
1297.3786  23746.512
1297.1845  23745.992
1296.9903  23745.485
1296.7961  23744.989
1296.6019  23744.504
1296.4078  23744.031
1296.2136  23743.567
1296.0194  23743.114
1295.8252  23742.671
1295.6311  23742.237
1295.4369  23741.813
1295.2427  23741.397
1295.0485  23740.99
1294.8544  23740.591
1294.6602  23740.2
1294.466  23739.817
1294.2718  23739.442
1294.0777  23739.074
1293.8835  23738.713
1293.6893  23738.359
1293.4951  23738.012
1293.301  23737.672
1293.1068  23737.338
1292.9126  23737.01
1292.7184  23736.688
1292.5243  23736.372
1292.3301  23736.062
1292.1359  23735.757
1291.9417  23735.458
1291.7476  23735.165
1291.5534  23734.876
1291.3592  23734.592
1291.165  23734.314
1290.9709  23734.04
1290.7767  23733.771
1290.5825  23733.506
1290.3883  23733.246
1290.1942  23732.991
1290  23732.739
1289.8058  23732.492
1289.6117  23732.249
1289.4175  23732.01
1289.2233  23731.775
1289.0291  23731.543
1288.835  23731.316
1288.6408  23731.092
1288.4466  23730.872
1288.2524  23730.655
1288.0583  23730.441
1287.8641  23730.231
1287.6699  23730.024
1287.4757  23729.821
1287.2816  23729.621
1287.0874  23729.423
1286.8932  23729.229
1286.699  23729.038
1286.5049  23728.849
1286.3107  23728.664
1286.1165  23728.481
1285.9223  23728.301
1285.7282  23728.124
1285.534  23727.95
1285.3398  23727.778
1285.1456  23727.608
1284.9515  23727.442
1284.7573  23727.277
1284.5631  23727.115
1284.3689  23726.956
1284.1748  23726.798
1283.9806  23726.643
1283.7864  23726.49
1283.5922  23726.34
1283.3981  23726.192
1283.2039  23726.045
1283.0097  23725.901
1282.8155  23725.759
1282.6214  23725.619
1282.4272  23725.481
1282.233  23725.345
1282.0388  23725.211
1281.8447  23725.079
1281.6505  23724.948
1281.4563  23724.82
1281.2621  23724.693
1281.068  23724.568
1280.8738  23724.444
1280.6796  23724.323
1280.4854  23724.203
1280.2913  23724.085
1280.0971  23723.968
1279.9029  23723.853
1279.7087  23723.74
1279.5146  23723.628
1279.3204  23723.518
1279.1262  23723.409
1278.932  23723.302
1278.7379  23723.196
1278.5437  23723.092
1278.3495  23722.989
1278.1553  23722.887
1277.9612  23722.787
1277.767  23722.689
1277.5728  23722.591
1277.3786  23722.495
1277.1845  23722.4
1276.9903  23722.307
1276.7961  23722.214
1276.6019  23722.123
1276.4078  23722.034
1276.2136  23721.945
1276.0194  23721.858
1275.8252  23721.772
1275.6311  23721.687
1275.4369  23721.603
1275.2427  23721.52
1275.0485  23721.438
1274.8544  23721.358
1274.6602  23721.279
1274.466  23721.2
1274.2718  23721.123
1274.0777  23721.047
1273.8835  23720.971
1273.6893  23720.897
1273.4951  23720.824
1273.301  23720.752
1273.1068  23720.681
1272.9126  23720.61
1272.7184  23720.541
1272.5243  23720.473
1272.3301  23720.405
1272.1359  23720.339
1271.9417  23720.273
1271.7476  23720.209
1271.5534  23720.145
1271.3592  23720.082
1271.165  23720.02
1270.9709  23719.959
1270.7767  23719.899
1270.5825  23719.839
1270.3883  23719.78
1270.1942  23719.723
1270  23719.665
1269.8058  23719.609
1269.6117  23719.554
1269.4175  23719.499
1269.2233  23719.445
1269.0291  23719.392
1268.835  23719.34
1268.6408  23719.288
1268.4466  23719.237
1268.2524  23719.187
1268.0583  23719.138
1267.8641  23719.089
1267.6699  23719.041
1267.4757  23718.994
1267.2816  23718.948
1267.0874  23718.902
1266.8932  23718.857
1266.699  23718.812
1266.5049  23718.768
1266.3107  23718.725
1266.1165  23718.683
1265.9223  23718.641
1265.7282  23718.6
1265.534  23718.559
1265.3398  23718.519
1265.1456  23718.48
1264.9515  23718.442
1264.7573  23718.404
1264.5631  23718.366
1264.3689  23718.33
1264.1748  23718.294
1263.9806  23718.258
1263.7864  23718.223
1263.5922  23718.189
1263.3981  23718.155
1263.2039  23718.122
1263.0097  23718.089
1262.8155  23718.057
1262.6214  23718.026
1262.4272  23717.995
1262.233  23717.965
1262.0388  23717.935
1261.8447  23717.906
1261.6505  23717.877
1261.4563  23717.849
1261.2621  23717.822
1261.068  23717.795
1260.8738  23717.769
1260.6796  23717.743
1260.4854  23717.718
1260.2913  23717.693
1260.0971  23717.668
1259.9029  23717.645
1259.7087  23717.622
1259.5146  23717.599
1259.3204  23717.577
1259.1262  23717.555
1258.932  23717.534
1258.7379  23717.513
1258.5437  23717.493
1258.3495  23717.473
1258.1553  23717.454
1257.9612  23717.436
1257.767  23717.418
1257.5728  23717.4
1257.3786  23717.383
1257.1845  23717.366
1256.9903  23717.35
1256.7961  23717.334
1256.6019  23717.319
1256.4078  23717.304
1256.2136  23717.29
1256.0194  23717.276
1255.8252  23717.263
1255.6311  23717.25
1255.4369  23717.238
1255.2427  23717.226
1255.0485  23717.214
1254.8544  23717.203
1254.6602  23717.193
1254.466  23717.182
1254.2718  23717.173
1254.0777  23717.164
1253.8835  23717.155
1253.6893  23717.146
1253.4951  23717.139
1253.301  23717.131
1253.1068  23717.124
1252.9126  23717.118
1252.7184  23717.111
1252.5243  23717.106
1252.3301  23717.1
1252.1359  23717.095
1251.9417  23717.091
1251.7476  23717.087
1251.5534  23717.083
1251.3592  23717.08
1251.165  23717.077
1250.9709  23717.075
1250.7767  23717.073
1250.5825  23717.071
1250.3883  23717.07
1250.1942  23717.069
1250  23717.069

# Result Name:                  Peak Fit
# Number of Curves:             1
#
# Curve:                        0
# Values/Curve:                 516
#
1350  26081.242
1349.8058  26064.844
1349.6117  26048.562
1349.4175  26032.393
1349.2233  26016.337
1349.0291  26000.393
1348.835  25984.56
1348.6408  25968.838
1348.4466  25953.226
1348.2524  25937.722
1348.0583  25922.326
1347.8641  25907.038
1347.6699  25891.856
1347.4757  25876.779
1347.2816  25861.807
1347.0874  25846.94
1346.8932  25832.175
1346.699  25817.513
1346.5049  25802.952
1346.3107  25788.492
1346.1165  25774.132
1345.9223  25759.872
1345.7282  25745.71
1345.534  25731.645
1345.3398  25717.678
1345.1456  25703.806
1344.9515  25690.03
1344.7573  25676.348
1344.5631  25662.761
1344.3689  25649.266
1344.1748  25635.863
1343.9806  25622.552
1343.7864  25609.331
1343.5922  25596.201
1343.3981  25583.159
1343.2039  25570.206
1343.0097  25557.341
1342.8155  25544.562
1342.6214  25531.869
1342.4272  25519.262
1342.233  25506.739
1342.0388  25494.3
1341.8447  25481.943
1341.6505  25469.669
1341.4563  25457.476
1341.2621  25445.364
1341.068  25433.332
1340.8738  25421.379
1340.6796  25409.504
1340.4854  25397.707
1340.2913  25385.986
1340.0971  25374.341
1339.9029  25362.772
1339.7087  25351.276
1339.5146  25339.855
1339.3204  25328.506
1339.1262  25317.229
1338.932  25306.024
1338.7379  25294.889
1338.5437  25283.823
1338.3495  25272.827
1338.1553  25261.898
1337.9612  25251.037
1337.767  25240.242
1337.5728  25229.513
1337.3786  25218.848
1337.1845  25208.248
1336.9903  25197.711
1336.7961  25187.236
1336.6019  25176.823
1336.4078  25166.471
1336.2136  25156.178
1336.0194  25145.945
1335.8252  25135.77
1335.6311  25125.653
1335.4369  25115.593
1335.2427  25105.588
1335.0485  25095.638
1334.8544  25085.743
1334.6602  25075.901
1334.466  25066.112
1334.2718  25056.374
1334.0777  25046.688
1333.8835  25037.051
1333.6893  25027.464
1333.4951  25017.925
1333.301  25008.434
1333.1068  24998.99
1332.9126  24989.592
1332.7184  24980.238
1332.5243  24970.93
1332.3301  24961.665
1332.1359  24952.442
1331.9417  24943.261
1331.7476  24934.122
1331.5534  24925.023
1331.3592  24915.963
1331.165  24906.942
1330.9709  24897.959
1330.7767  24889.013
1330.5825  24880.103
1330.3883  24871.229
1330.1942  24862.39
1330  24853.585
1329.8058  24844.813
1329.6117  24836.073
1329.4175  24827.365
1329.2233  24818.689
1329.0291  24810.043
1328.835  24801.426
1328.6408  24792.839
1328.4466  24784.28
1328.2524  24775.748
1328.0583  24767.244
1327.8641  24758.766
1327.6699  24750.314
1327.4757  24741.887
1327.2816  24733.485
1327.0874  24725.107
1326.8932  24716.752
1326.699  24708.421
1326.5049  24700.113
1326.3107  24691.827
1326.1165  24683.563
1325.9223  24675.321
1325.7282  24667.099
1325.534  24658.899
1325.3398  24650.72
1325.1456  24642.561
1324.9515  24634.422
1324.7573  24626.304
1324.5631  24618.206
1324.3689  24610.128
1324.1748  24602.071
1323.9806  24594.034
1323.7864  24586.017
1323.5922  24578.022
1323.3981  24570.047
1323.2039  24562.094
1323.0097  24554.164
1322.8155  24546.256
1322.6214  24538.371
1322.4272  24530.511
1322.233  24522.675
1322.0388  24514.866
1321.8447  24507.084
1321.6505  24499.33
1321.4563  24491.606
1321.2621  24483.914
1321.068  24476.255
1320.8738  24468.631
1320.6796  24461.044
1320.4854  24453.496
1320.2913  24445.991
1320.0971  24438.53
1319.9029  24431.118
1319.7087  24423.756
1319.5146  24416.449
1319.3204  24409.2
1319.1262  24402.015
1318.932  24394.897
1318.7379  24387.852
1318.5437  24380.885
1318.3495  24374.002
1318.1553  24367.21
1317.9612  24360.516
1317.767  24353.928
1317.5728  24347.455
1317.3786  24341.106
1317.1845  24334.891
1316.9903  24328.822
1316.7961  24322.911
1316.6019  24317.171
1316.4078  24311.618
1316.2136  24306.267
1316.0194  24301.138
1315.8252  24296.249
1315.6311  24291.624
1315.4369  24287.285
1315.2427  24283.262
1315.0485  24279.582
1314.8544  24276.281
1314.6602  24273.394
1314.466  24270.964
1314.2718  24269.037
1314.0777  24267.666
1313.8835  24266.909
1313.6893  24266.832
1313.4951  24267.509
1313.301  24269.025
1313.1068  24271.475
1312.9126  24274.968
1312.7184  24279.627
1312.5243  24285.594
1312.3301  24293.03
1312.1359  24302.119
1311.9417  24313.074
1311.7476  24326.139
1311.5534  24341.593
1311.3592  24359.761
1311.165  24381.014
1310.9709  24405.78
1310.7767  24434.548
1310.5825  24467.879
1310.3883  24506.408
1310.1942  24550.845
1310  24601.976
1309.8058  24660.642
1309.6117  24727.713
1309.4175  24804.024
1309.2233  24890.277
1309.0291  24986.879
1308.835  25093.713
1308.6408  25209.811
1308.4466  25332.962
1308.2524  25459.303
1308.0583  25583.01
1307.8641  25696.323
1307.6699  25790.127
1307.4757  25855.231
1307.2816  25884.185
1307.0874  25873.083
1306.8932  25822.622
1306.699  25737.904
1306.5049  25627.093
1306.3107  25499.528
1306.1165  25364.03
1305.9223  25227.823
1305.7282  25096.137
1305.534  24972.314
1305.3398  24858.156
1305.1456  24754.343
1304.9515  24660.812
1304.7573  24577.047
1304.5631  24502.295
1304.3689  24435.705
1304.1748  24376.409
1303.9806  24323.581
1303.7864  24276.459
1303.5922  24234.353
1303.3981  24196.651
1303.2039  24162.817
1303.0097  24132.379
1302.8155  24104.928
1302.6214  24080.106
1302.4272  24057.606
1302.233  24037.157
1302.0388  24018.527
1301.8447  24001.513
1301.6505  23985.937
1301.4563  23971.645
1301.2621  23958.501
1301.068  23946.387
1300.8738  23935.199
1300.6796  23924.846
1300.4854  23915.245
1300.2913  23906.327
1300.0971  23898.027
1299.9029  23890.289
1299.7087  23883.062
1299.5146  23876.303
1299.3204  23869.971
1299.1262  23864.029
1298.932  23858.447
1298.7379  23853.194
1298.5437  23848.245
1298.3495  23843.576
1298.1553  23839.166
1297.9612  23834.995
1297.767  23831.045
1297.5728  23827.302
1297.3786  23823.75
1297.1845  23820.375
1296.9903  23817.166
1296.7961  23814.112
1296.6019  23811.202
1296.4078  23808.427
1296.2136  23805.779
1296.0194  23803.248
1295.8252  23800.829
1295.6311  23798.515
1295.4369  23796.298
1295.2427  23794.174
1295.0485  23792.137
1294.8544  23790.182
1294.6602  23788.305
1294.466  23786.5
1294.2718  23784.765
1294.0777  23783.096
1293.8835  23781.488
1293.6893  23779.939
1293.4951  23778.447
1293.301  23777.007
1293.1068  23775.617
1292.9126  23774.275
1292.7184  23772.979
1292.5243  23771.727
1292.3301  23770.515
1292.1359  23769.344
1291.9417  23768.209
1291.7476  23767.111
1291.5534  23766.047
1291.3592  23765.016
1291.165  23764.016
1290.9709  23763.046
1290.7767  23762.105
1290.5825  23761.192
1290.3883  23760.305
1290.1942  23759.443
1290  23758.606
1289.8058  23757.792
1289.6117  23757
1289.4175  23756.23
1289.2233  23755.481
1289.0291  23754.752
1288.835  23754.042
1288.6408  23753.35
1288.4466  23752.676
1288.2524  23752.02
1288.0583  23751.38
1287.8641  23750.756
1287.6699  23750.147
1287.4757  23749.553
1287.2816  23748.974
1287.0874  23748.409
1286.8932  23747.857
1286.699  23747.317
1286.5049  23746.791
1286.3107  23746.276
1286.1165  23745.774
1285.9223  23745.283
1285.7282  23744.802
1285.534  23744.333
1285.3398  23743.873
1285.1456  23743.424
1284.9515  23742.985
1284.7573  23742.555
1284.5631  23742.134
1284.3689  23741.722
1284.1748  23741.318
1283.9806  23740.923
1283.7864  23740.536
1283.5922  23740.157
1283.3981  23739.786
1283.2039  23739.422
1283.0097  23739.066
1282.8155  23738.716
1282.6214  23738.374
1282.4272  23738.038
1282.233  23737.708
1282.0388  23737.385
1281.8447  23737.069
1281.6505  23736.758
1281.4563  23736.453
1281.2621  23736.154
1281.068  23735.86
1280.8738  23735.572
1280.6796  23735.289
1280.4854  23735.011
1280.2913  23734.738
1280.0971  23734.47
1279.9029  23734.207
1279.7087  23733.949
1279.5146  23733.695
1279.3204  23733.446
1279.1262  23733.201
1278.932  23732.96
1278.7379  23732.724
1278.5437  23732.492
1278.3495  23732.263
1278.1553  23732.039
1277.9612  23731.818
1277.767  23731.601
1277.5728  23731.388
1277.3786  23731.178
1277.1845  23730.972
1276.9903  23730.769
1276.7961  23730.569
1276.6019  23730.373
1276.4078  23730.18
1276.2136  23729.99
1276.0194  23729.803
1275.8252  23729.62
1275.6311  23729.439
1275.4369  23729.261
1275.2427  23729.086
1275.0485  23728.913
1274.8544  23728.744
1274.6602  23728.577
1274.466  23728.412
1274.2718  23728.251
1274.0777  23728.091
1273.8835  23727.935
1273.6893  23727.78
1273.4951  23727.628
1273.301  23727.479
1273.1068  23727.331
1272.9126  23727.186
1272.7184  23727.043
1272.5243  23726.903
1272.3301  23726.764
1272.1359  23726.628
1271.9417  23726.493
1271.7476  23726.361
1271.5534  23726.231
1271.3592  23726.102
1271.165  23725.976
1270.9709  23725.851
1270.7767  23725.728
1270.5825  23725.607
1270.3883  23725.488
1270.1942  23725.371
1270  23725.255
1269.8058  23725.141
1269.6117  23725.029
1269.4175  23724.918
1269.2233  23724.809
1269.0291  23724.702
1268.835  23724.596
1268.6408  23724.492
1268.4466  23724.389
1268.2524  23724.288
1268.0583  23724.188
1267.8641  23724.09
1267.6699  23723.993
1267.4757  23723.898
1267.2816  23723.804
1267.0874  23723.711
1266.8932  23723.62
1266.699  23723.53
1266.5049  23723.441
1266.3107  23723.354
1266.1165  23723.268
1265.9223  23723.183
1265.7282  23723.1
1265.534  23723.018
1265.3398  23722.937
1265.1456  23722.857
1264.9515  23722.778
1264.7573  23722.701
1264.5631  23722.624
1264.3689  23722.549
1264.1748  23722.475
1263.9806  23722.402
1263.7864  23722.33
1263.5922  23722.26
1263.3981  23722.19
1263.2039  23722.121
1263.0097  23722.054
1262.8155  23721.987
1262.6214  23721.922
1262.4272  23721.857
1262.233  23721.794
1262.0388  23721.732
1261.8447  23721.67
1261.6505  23721.609
1261.4563  23721.55
1261.2621  23721.491
1261.068  23721.434
1260.8738  23721.377
1260.6796  23721.321
1260.4854  23721.266
1260.2913  23721.212
1260.0971  23721.159
1259.9029  23721.107
1259.7087  23721.055
1259.5146  23721.005
1259.3204  23720.955
1259.1262  23720.906
1258.932  23720.858
1258.7379  23720.811
1258.5437  23720.765
1258.3495  23720.719
1258.1553  23720.674
1257.9612  23720.63
1257.767  23720.587
1257.5728  23720.545
1257.3786  23720.503
1257.1845  23720.463
1256.9903  23720.422
1256.7961  23720.383
1256.6019  23720.345
1256.4078  23720.307
1256.2136  23720.27
1256.0194  23720.233
1255.8252  23720.198
1255.6311  23720.163
1255.4369  23720.129
1255.2427  23720.095
1255.0485  23720.063
1254.8544  23720.03
1254.6602  23719.999
1254.466  23719.968
1254.2718  23719.938
1254.0777  23719.909
1253.8835  23719.88
1253.6893  23719.852
1253.4951  23719.825
1253.301  23719.798
1253.1068  23719.772
1252.9126  23719.746
1252.7184  23719.722
1252.5243  23719.697
1252.3301  23719.674
1252.1359  23719.651
1251.9417  23719.629
1251.7476  23719.607
1251.5534  23719.586
1251.3592  23719.565
1251.165  23719.545
1250.9709  23719.526
1250.7767  23719.507
1250.5825  23719.489
1250.3883  23719.471
1250.1942  23719.454
1250  23719.437

