# Created by:        SpecsLab Prodigy, Version 4.79.1-r98952 
#
# XY-Serializer Export Settings:
#   Comment Prefix:           #
#   Output Meta Data:         yes
#   Energy Axis:              Binding Energy
#   Count Rate:               Counts per Second
#   Separate Scan Data:       no
#   Separate Channel Data:    no
#   External Channel Data:    yes
#   Transmission Function:    no
#   Error Bar:                no
#   Operation Results:        yes
#   Time Zone Format:         UTC
#
# Group:                        Spectrum Group
#
# Region:                       Overall
# Spectrum ID:                  1
# Acquisition Date:             04/23/26 17:22:54 UTC
# Analysis Method:              XPS
# Analyzer:                     PHOIBOS MCD5 Analyzer
# Analyzer Lens:                LargeArea:1.5kV
# Analyzer Slit:                5:7x20\B:open
# Scan Mode:                    FixedAnalyzerTransmission
# Curves/Scan:                  1
# Values/Curve:                 1002
# Dwell Time:                   0.5
# Excitation Energy:            1486.61
# Binding Energy:               1000
# Pass Energy:                  50
# Bias Voltage:                 90
# Detector Voltage:             3000
# Eff. Workfunction:            4.543
# Source:                       X-Ray Dummy
# Comment:                      y = 14.5
#                               z = 6.0
#
# Cycle: 0
# Number of Scans: 1
#
# Cycle: 0, Curve: 0
# Acquisition Date:             04/23/26 17:22:54 UTC
#
# ColumnLabels:                 energy counts/s
#
1000  34588.04
999.001  34050.359
998.002  33383.068
997.003  32801.136
996.004  32305.606
995.005  31954.068
994.00599  31298.321
993.00699  30795.925
992.00799  30677.075
991.00899  30615.204
990.00999  30836.353
989.01099  31293.788
988.01199  31982.423
987.01299  33362.136
986.01399  35642.359
985.01499  38116.277
984.01598  40118.226
983.01698  41434.504
982.01798  41304.065
981.01898  40333.304
980.01998  38692.545
979.02098  37045.727
978.02198  35345.135
977.02298  33957.776
976.02398  32756.062
975.02498  31435.163
974.02597  30249.579
973.02697  29112.323
972.02797  27689.407
971.02897  26545.881
970.02997  25837.72
969.03097  25042.112
968.03197  24277.271
967.03297  23838.767
966.03397  23603.982
965.03497  23715.754
964.03596  23812.203
963.03696  23976.744
962.03796  23649.934
961.03896  23517.319
960.03996  23663.095
959.04096  23745.52
958.04196  23895.976
957.04296  23845.003
956.04396  23717.019
955.04496  23675.689
954.04595  23479.865
953.04695  23290.925
952.04795  23263.276
951.04895  23439.803
950.04995  23387.72
949.05095  23149.793
948.05195  23290.828
947.05295  23570.854
946.05395  23554.31
945.05495  23367.159
944.05594  23420.99
943.05694  23476.02
942.05794  23433.612
941.05894  23247.857
940.05994  23309.924
939.06094  23567.991
938.06194  23526.467
937.06294  23402.077
936.06394  23368.532
935.06494  23397.661
934.06593  23481.411
933.06693  23433.446
932.06793  23225.387
931.06893  23333.277
930.06993  23467.353
929.07093  23545.374
928.07193  23321.988
927.07293  23513.504
926.07393  23265.584
925.07493  23055.085
924.07592  23359.802
923.07692  23469.642
922.07792  23342.728
921.07892  23331.886
920.07992  23166.196
919.08092  23145.036
918.08192  23217.459
917.08292  23414.464
916.08392  22888.422
915.08492  22881.607
914.08591  23139.107
913.08691  23075.562
912.08791  23173.199
911.08891  23042.945
910.08991  22909.946
909.09091  23235.801
908.09191  23228.699
907.09291  23073.907
906.09391  23025.391
905.09491  23027.508
904.0959  23038.521
903.0969  23270.16
902.0979  23301.385
901.0989  23270.938
900.0999  22809.096
899.1009  22848.964
898.1019  22863.599
897.1029  22821.461
896.1039  23125.832
895.1049  23281.717
894.10589  23100.975
893.10689  23055.785
892.10789  23386.916
891.10889  23430.356
890.10989  23227.978
889.11089  23006.44
888.11189  22924.357
887.11289  22866.548
886.11389  22785.566
885.11489  22908.683
884.11588  23124.141
883.11688  23265.854
882.11788  23198.218
881.11888  23088.535
880.11988  22769.202
879.12088  22773.281
878.12188  23040.51
877.12288  22966.325
876.12388  22800.611
875.12488  22711.444
874.12587  22669.469
873.12687  22919.302
872.12787  22947.949
871.12887  22810.506
870.12987  22798.299
869.13087  22814.828
868.13187  22804.415
867.13287  22868.273
866.13387  22716.382
865.13487  22217.041
864.13586  22320.79
863.13686  22404.195
862.13786  22483.395
861.13886  22498.802
860.13986  22701.732
859.14086  22525.59
858.14186  22558.013
857.14286  22725.904
856.14386  22502.15
855.14486  22569.172
854.14585  22761.988
853.14685  22596.7
852.14785  22377.731
851.14885  22491.297
850.14985  22219.472
849.15085  21977.057
848.15185  21976.564
847.15285  22071.525
846.15385  22123.42
845.15485  21954.261
844.15584  22209.948
843.15684  21892.362
842.15784  21691.989
841.15884  22090.655
840.15984  22014.503
839.16084  21730.976
838.16184  21814.232
837.16284  21907.674
836.16384  21707.907
835.16484  21693.614
834.16583  21599.41
833.16683  21350.875
832.16783  21192.164
831.16883  21153.742
830.16983  21201.4
829.17083  21244.478
828.17183  21124.103
827.17283  21052.855
826.17383  21320.391
825.17483  21375.001
824.17582  21293.762
823.17682  21352.848
822.17782  21265.186
821.17882  21038.751
820.17982  20873.543
819.18082  20789.794
818.18182  20677.85
817.18282  20900.165
816.18382  21219.629
815.18482  21010.298
814.18581  21045.19
813.18681  21324.764
812.18781  20932.314
811.18881  21118.802
810.18981  21215.688
809.19081  21242.2
808.19181  21431.145
807.19281  21499.267
806.19381  21230.898
805.19481  21073.478
804.1958  20999.873
803.1968  21137.235
802.1978  21235.49
801.1988  21435.641
800.1998  21199.823
799.2008  20796.931
798.2018  20950.315
797.2028  21016.032
796.2038  21077.627
795.2048  21339.507
794.20579  21408.446
793.20679  21360.52
792.20779  21365.926
791.20879  21498.608
790.20979  21468.584
789.21079  21573.649
788.21179  21662.575
787.21279  21747.65
786.21379  22136.332
785.21479  21971.302
784.21578  21473.841
783.21678  21037.67
782.21778  20856.745
781.21878  20567.52
780.21978  20661.216
779.22078  20670.225
778.22178  20557.515
777.22278  20482.913
776.22378  20335.032
775.22478  20435.211
774.22577  20467.139
773.22677  20408.995
772.22777  20274.1
771.22877  20232.066
770.22977  20164.155
769.23077  20248.851
768.23177  20183.86
767.23277  19972.874
766.23377  19724.302
765.23477  19413.05
764.23576  19328.84
763.23676  19214.386
762.23776  19123.935
761.23876  19086.978
760.23976  19349.847
759.24076  19430.961
758.24176  19214.81
757.24276  19172.45
756.24376  18923.253
755.24476  18919.535
754.24575  18801.444
753.24675  18808.895
752.24775  18774.344
751.24875  18685.588
750.24975  18803.963
749.25075  18737.043
748.25175  18827.264
747.25275  19465.15
746.25375  20588.852
745.25475  21972.61
744.25574  23008.357
743.25674  22728.463
742.25774  21394.644
741.25874  19896.644
740.25974  18889.436
739.26074  18570.693
738.26174  18399.299
737.26274  18562.346
736.26374  18695.521
735.26474  18360.619
734.26573  18154.892
733.26673  18436.898
732.26773  18714.613
731.26873  18568.794
730.26973  18321.484
729.27073  18241.393
728.27173  18423.75
727.27273  18551.501
726.27373  18697.945
725.27473  18482.415
724.27572  18667.781
723.27672  18536.149
722.27772  18299.927
721.27872  18690.553
720.27972  18658.144
719.28072  18440.76
718.28172  18345.215
717.28272  18502.939
716.28372  18239.953
715.28472  17966.208
714.28571  17911.576
713.28671  17915.208
712.28771  17966.68
711.28871  17894.393
710.28971  17795.798
709.29071  17795.011
708.29171  17875.987
707.29271  17905.579
706.29371  17868.189
705.29471  17817.147
704.2957  17806.756
703.2967  17478.709
702.2977  17220.752
701.2987  17325.929
700.2997  17332.593
699.3007  17193.028
698.3017  17210.772
697.3027  17364.819
696.3037  17426.024
695.3047  17148.533
694.30569  17023.916
693.30669  17204.065
692.30769  17287.385
691.30869  17248.483
690.30969  17232.809
689.31069  17260.365
688.31169  17023.872
687.31269  16905.197
686.31369  16967.46
685.31469  17111.999
684.31568  17182.306
683.31668  17059.372
682.31768  17078.805
681.31868  17142.899
680.31968  17073.542
679.32068  17140.608
678.32168  17297.874
677.32268  17309.763
676.32368  17230.11
675.32468  16970.359
674.32567  16975.579
673.32667  17138.931
672.32767  17168.637
671.32867  17042.412
670.32967  17022.851
669.33067  17107.979
668.33167  17220.7
667.33267  16949.903
666.33367  17045.999
665.33467  17169.116
664.33566  17163.866
663.33666  17015.178
662.33766  16942.917
661.33866  17065.437
660.33966  17223.613
659.34066  17213.095
658.34166  17242.7
657.34266  17144.487
656.34366  17139.934
655.34466  17051.716
654.34565  16922.415
653.34665  16998.147
652.34765  16993.562
651.34865  16873.825
650.34965  17014.685
649.35065  17001.385
648.35165  17027.225
647.35265  17076.539
646.35365  16973.534
645.35465  16933.778
644.35564  17021.346
643.35664  16960.056
642.35764  17093.752
641.35864  17076.255
640.35964  17318.113
639.36064  17293.347
638.36164  17162.687
637.36264  17034.706
636.36364  17102.376
635.36464  16970.452
634.36563  16684.446
633.36663  16664.329
632.36763  16600.255
631.36863  16542.818
630.36963  16318.413
629.37063  16366.795
628.37163  16463.708
627.37263  16547.51
626.37363  16544.669
625.37463  16723.902
624.37562  16725.013
623.37662  16483.989
622.37762  16521.068
621.37862  16751.92
620.37962  16853.872
619.38062  16731.494
618.38162  16659.021
617.38262  16828.27
616.38362  16723.969
615.38462  16486.186
614.38561  16599.726
613.38661  16711.964
612.38761  16845.244
611.38861  16847.896
610.38961  16899.063
609.39061  16705.067
608.39161  16691.06
607.39261  16522.56
606.39361  16383.907
605.39461  16673.925
604.3956  16817.944
603.3966  17000.67
602.3976  16854.6
601.3986  16763.294
600.3996  16878.812
599.4006  16767.324
598.4016  16430.446
597.4026  16662.17
596.4036  16721.116
595.4046  16452.683
594.40559  16308.195
593.40659  16503.87
592.40759  16718.163
591.40859  16742.435
590.40959  16631.401
589.41059  16777.715
588.41159  17077.422
587.41259  17083.568
586.41359  17089.4
585.41459  17027.333
584.41558  16833.176
583.41658  16959.255
582.41758  16987.355
581.41858  16939.402
580.41958  16937.235
579.42058  16629.848
578.42158  16759.414
577.42258  16861.927
576.42358  16824.845
575.42458  16585.99
574.42557  16827.736
573.42657  16609.272
572.42757  16213.797
571.42857  16129.158
570.42957  16277.769
569.43057  16171.832
568.43157  15932.033
567.43257  16132.121
566.43357  16285.352
565.43457  16577.83
564.43556  16935.527
563.43656  17513.553
562.43756  17762.426
561.43856  18049.275
560.43956  18514.678
559.44056  18406.73
558.44156  17958.903
557.44256  17713.395
556.44356  17412.929
555.44456  16646.832
554.44555  16045.847
553.44655  15737.767
552.44755  15430.971
551.44855  15236.074
550.44955  15107.042
549.45055  14818.007
548.45155  14550.125
547.45255  14321.766
546.45355  13826.158
545.45455  13647.547
544.45554  13193.013
543.45654  12513.089
542.45754  12206.757
541.45854  12083.626
540.45954  12218.005
539.46054  13080.985
538.46154  16332.909
537.46254  23747.838
536.46354  34464.484
535.46454  42801.742
534.46553  41404.923
533.46653  31156.532
532.46753  20631.386
531.46853  14716.478
530.46953  12441.332
529.47053  11533.834
528.47153  11270.123
527.47253  11577.418
526.47353  12131.789
525.47453  12768.95
524.47552  12847.61
523.47652  12257.528
522.47752  11555.777
521.47852  10845.695
520.47952  10317.97
519.48052  9874.7499
518.48152  9762.438
517.48252  9755.2497
516.48352  9754.0663
515.48452  9932.0295
514.48551  10055.786
513.48651  10026.968
512.48751  9874.4604
511.48851  9662.1076
510.48951  9597.4357
509.49051  9633.5083
508.49151  9522.7479
507.49251  9440.7031
506.49351  9409.0737
505.49451  9311.2776
504.4955  9202.3512
503.4965  9352.4465
502.4975  9299.7876
501.4985  9255.7561
500.4995  9262.7525
499.5005  9282.5027
498.5015  9333.4249
497.5025  9339.1609
496.5035  9091.0614
495.5045  9013.5393
494.50549  9107.6197
493.50649  9174.6929
492.50749  9137.4581
491.50849  9231.3703
490.50949  9028.8242
489.51049  9098.2227
488.51149  9123.313
487.51249  9158.5617
486.51349  9215.1949
485.51449  9145.4822
484.51548  9099.8626
483.51648  9147.3959
482.51748  9060.2116
481.51848  9003.9577
480.51948  9058.6565
479.52048  9021.9667
478.52148  9062.8948
477.52248  9047.4535
476.52348  9009.0325
475.52448  9037.5584
474.52547  9091.3828
473.52647  9102.5348
472.52747  9160.3579
471.52847  9199.2684
470.52947  9086.8048
469.53047  9139.7091
468.53147  9222.4413
467.53247  9310.0615
466.53347  9282.9684
465.53447  9152.6541
464.53546  9199.8222
463.53646  9006.5262
462.53746  8870.1849
461.53846  8841.1836
460.53946  8705.3571
459.54046  8669.045
458.54146  8728.5518
457.54246  8858.6559
456.54346  8954.5524
455.54446  8767.5267
454.54545  8794.3676
453.54645  8969.4449
452.54745  8825.3349
451.54845  8789.703
450.54945  8795.426
449.55045  8617.9107
448.55145  8673.5175
447.55245  8902.365
446.55345  8843.5443
445.55445  8836.692
444.55544  8882.412
443.55644  8826.6781
442.55744  8812.7516
441.55844  8680.2222
440.55944  8721.4691
439.56044  8951.8579
438.56144  8857.115
437.56244  8891.9586
436.56344  8770.4097
435.56444  8765.8271
434.56543  8827.5078
433.56643  8732.4272
432.56743  8824.0839
431.56843  9050.1715
430.56943  9160.0339
429.57043  9251.1103
428.57143  9170.953
427.57243  9213.9331
426.57343  9183.7069
425.57443  8948.4522
424.57542  8791.5749
423.57642  8958.221
422.57742  9209.3043
421.57842  9642.8961
420.57942  9828.8792
419.58042  9650.8424
418.58142  9316.2231
417.58242  9126.9242
416.58342  8877.0605
415.58442  8654.0192
414.58541  8652.7806
413.58641  8538.1967
412.58741  8569.2841
411.58841  8675.7489
410.58941  8449.1731
409.59041  8499.7937
408.59141  8608.3542
407.59241  8594.4078
406.59341  8630.9626
405.59441  8869.3486
404.5954  9404.5138
403.5964  9921.2085
402.5974  10166.737
401.5984  10073.902
400.5994  9453.5791
399.6004  8725.0528
398.6014  8439.0571
397.6024  8309.8463
396.6034  8244.2273
395.6044  8258.1253
394.60539  8232.0847
393.60639  8147.8291
392.60739  7940.4902
391.60839  7922.3926
390.60939  7902.8874
389.61039  7978.6536
388.61139  7997.1094
387.61239  7922.1973
386.61339  7872.3877
385.61439  7704.6665
384.61538  7784.6108
383.61638  7883.2707
382.61738  7889.9447
381.61838  7796.7237
380.61938  7666.7035
379.62038  7615.718
378.62138  7677.5122
377.62238  7695.3605
376.62338  7702.9054
375.62438  7730.2814
374.62537  7744.346
373.62637  7854.5982
372.62737  7695.6212
371.62837  7664.7475
370.62937  7664.5349
369.63037  7657.6652
368.63137  7613.5133
367.63237  7694.3801
366.63337  7836.8299
365.63437  7669.3914
364.63536  7688.4194
363.63636  7701.4384
362.63736  7668.3886
361.63836  7845.94
360.63936  7804.228
359.64036  7595.1991
358.64136  7562.1633
357.64236  7618.1725
356.64336  7589.242
355.64436  7713.0083
354.64535  7758.8129
353.64635  7709.038
352.64735  7723.2931
351.64835  7605.7168
350.64935  7704.9463
349.65035  7897.9779
348.65135  7695.0357
347.65235  7502.0999
346.65335  7733.8143
345.65435  7722.6461
344.65534  7560.9589
343.65634  7622.4691
342.65734  7564.8971
341.65834  7572.6885
340.65934  7580.0521
339.66034  7620.9367
338.66134  7675.9124
337.66234  7668.3893
336.66334  7625.1231
335.66434  7610.0999
334.66533  7612.8966
333.66633  7689.0444
332.66733  7744.4917
331.66833  7719.3467
330.66933  7605.6934
329.67033  7551.5869
328.67133  7475.3747
327.67233  7543.7559
326.67333  7552.6444
325.67433  7607.6128
324.67532  7610.7104
323.67632  7517.076
322.67732  7647.7259
321.67832  7570.7348
320.67932  7404.7909
319.68032  7411.3541
318.68132  7471.4638
317.68232  7391.5864
316.68332  7439.6418
315.68432  7502.357
314.68531  7463.7656
313.68631  7357.2718
312.68731  7451.8731
311.68831  7516.4161
310.68931  7651.3993
309.69031  7515.8338
308.69131  7416.9396
307.69231  7495.3618
306.69331  7656.331
305.69431  7652.4305
304.6953  7593.0941
303.6963  7639.7162
302.6973  7480.098
301.6983  7543.4426
300.6993  7555.817
299.7003  7422.2737
298.7013  7442.4392
297.7023  7444.5997
296.7033  7434.884
295.7043  7619.6622
294.70529  7684.8077
293.70629  7527.5263
292.70729  7433.4114
291.70829  7551.7756
290.70929  7726.9718
289.71029  7961.6816
288.71129  7875.9461
287.71229  7800.2835
286.71329  7854.061
285.71429  7895.5779
284.71528  7834.1029
283.71628  7674.5246
282.71728  7397.2168
281.71828  7344.3838
280.71928  7393.3658
279.72028  7435.5031
278.72128  7515.2784
277.72228  7381.1434
276.72328  7321.6775
275.72428  7502.0583
274.72527  7512.4675
273.72627  7444.6364
272.72727  7444.1415
271.72827  7465.1888
270.72927  7291.5466
269.73027  7298.5371
268.73127  7429.7317
267.73227  7440.9844
266.73327  7555.3975
265.73427  7581.6374
264.73526  7405.7249
263.73626  7471.8321
262.73726  7524.513
261.73826  7349.9614
260.73926  7530.9473
259.74026  7569.9769
258.74126  7511.8661
257.74226  7598.4002
256.74326  7486.2775
255.74426  7468.3997
254.74525  7572.1995
253.74625  7424.9674
252.74725  7499.8313
251.74825  7565.8314
250.74925  7510.5598
249.75025  7366.3767
248.75125  7190.8913
247.75225  7250.1157
246.75325  7249.6197
245.75425  7134.639
244.75524  7129.2109
243.75624  7402.9636
242.75724  7656.5393
241.75824  8261.8494
240.75924  8874.737
239.76024  9334.142
238.76124  9636.3001
237.76224  9894.0754
236.76324  9954.2747
235.76424  9169.3958
234.76523  7957.4523
233.76623  7394.9909
232.76723  7119.1022
231.76823  7054.6215
230.76923  6930.7012
229.77023  6805.3604
228.77123  6922.4304
227.77223  6998.116
226.77323  6940.2723
225.77423  6863.9575
224.77522  6687.7695
223.77622  6733.4015
222.77722  6615.5293
221.77822  6584.9214
220.77922  6726.2946
219.78022  6705.6004
218.78122  6679.3885
217.78222  6650.2762
216.78322  6530.0963
215.78422  6506.3929
214.78521  6579.7922
213.78621  6677.6918
212.78721  6585.8561
211.78821  6455.073
210.78921  6483.0291
209.79021  6516.4904
208.79121  6665.5595
207.79221  6683.2841
206.79321  6527.6905
205.79421  6435.6118
204.7952  6339.5358
203.7962  6494.3618
202.7972  6607.4141
201.7982  6729.8299
200.7992  6696.3049
199.8002  6623.7289
198.8012  6577.5985
197.8022  6588.1908
196.8032  6776.8891
195.8042  6876.0102
194.80519  6960.585
193.80619  6950.9368
192.80719  6846.4886
191.80819  6806.2854
190.80919  6693.6445
189.81019  6748.8691
188.81119  6661.3364
187.81219  6638.1385
186.81319  6605.9593
185.81419  6624.3582
184.81518  6538.9263
183.81618  6556.765
182.81718  6631.2362
181.81818  6550.6901
180.81918  6474.7531
179.82018  6524.2117
178.82118  6610.8046
177.82218  6601.7264
176.82318  6555.418
175.82418  6551.3421
174.82517  6498.947
173.82617  6439.4615
172.82717  6577.0974
171.82817  6544.1802
170.82917  6474.6931
169.83017  6565.5305
168.83117  6567.5609
167.83217  6590.2391
166.83317  6495.2801
165.83417  6331.1078
164.83516  6379.8854
163.83616  6477.7342
162.83716  6437.7519
161.83816  6355.9141
160.83916  6539.3678
159.84016  6675.2069
158.84116  6725.5407
157.84216  7183.0014
156.84316  7834.0549
155.84416  8230.5555
154.84515  8226.599
153.84615  7917.0889
152.84715  7467.9436
151.84815  6933.7699
150.84915  6662.0166
149.85015  6715.269
148.85115  6646.7673
147.85215  6453.2193
146.85315  6469.6018
145.85415  6507.9647
144.85514  6488.2378
143.85614  6385.1106
142.85714  6414.453
141.85814  6564.2215
140.85914  6752.8828
139.86014  6904.9115
138.86114  6774.3926
137.86214  6557.6414
136.86314  6298.7577
135.86414  6128.6203
134.86513  6166.1988
133.86613  6113.3943
132.86713  6001.2366
131.86813  6058.6045
130.86913  6218.5182
129.87013  6099.3411
128.87113  6051.1902
127.87213  6194.9181
126.87313  6610.9277
125.87413  7604.3809
124.87512  9142.3441
123.87612  10483.983
122.87712  10302.46
121.87812  8770.26
120.87912  7155.0538
119.88012  6271.1886
118.88112  5631.7283
117.88212  5335.8106
116.88312  5168.6474
115.88412  5230.951
114.88511  5133.7849
113.88611  5123.8406
112.88711  5379.9024
111.88811  5498.2314
110.88911  5603.9305
109.89011  5776.0988
108.89111  5731.9337
107.89211  5673.8575
106.89311  6468.4483
105.89411  8219.6571
104.8951  11211.596
103.8961  13090.817
102.8971  12081.698
101.8981  9175.3882
100.8991  6522.5325
99.9001  4938.4698
98.901099  4190.8613
97.902098  3805.5763
96.903097  3682.1178
95.904096  3567.7371
94.905095  3522.1092
93.906094  3508.1924
92.907093  3378.459
91.908092  3313.2141
90.909091  3312.5574
89.91009  3265.884
88.911089  3195.9808
87.912088  3147.3937
86.913087  2989.2928
85.914086  2835.9344
84.915085  2931.3231
83.916084  3032.3365
82.917083  3006.7077
81.918082  3315.1409
80.919081  4048.5863
79.92008  5397.2085
78.921079  6603.0932
77.922078  6379.3225
76.923077  5077.1425
75.924076  3796.3879
74.925075  3190.4594
73.926074  3039.8197
72.927073  2992.5913
71.928072  3010.2668
70.929071  3094.6109
69.93007  3194.2625
68.931069  3226.5271
67.932068  3164.4569
66.933067  3183.95
65.934066  3042.9622
64.935065  2901.336
63.936064  2898.2634
62.937063  2881.8452
61.938062  2712.9591
60.939061  2697.5394
59.94006  2756.5509
58.941059  2681.7249
57.942058  2665.6696
56.943057  2708.2253
55.944056  2720.7852
54.945055  2762.4367
53.946054  2736.6341
52.947053  2713.7835
51.948052  2653.1808
50.949051  2650.7999
49.95005  2691.4208
48.951049  2583.1027
47.952048  2569.8977
46.953047  2715.6188
45.954046  2711.6597
44.955045  2698.305
43.956044  2750.2885
42.957043  2764.167
41.958042  2624.8847
40.959041  2485.1242
39.96004  2478.7151
38.961039  2357.2583
37.962038  2277.5095
36.963037  2389.2752
35.964036  2417.0052
34.965035  2371.8406
33.966034  2376.752
32.967033  2458.9013
31.968032  2430.4295
30.969031  2441.9718
29.97003  2620.3799
28.971029  2884.4785
27.972028  3143.7911
26.973027  3070.464
25.974026  2769.3471
24.975025  2500.1803
23.976024  2237.9448
22.977023  2072.2091
21.978022  1933.814
20.979021  1970.8906
19.98002  2060.1153
18.981019  2201.9761
17.982018  2275.7266
16.983017  2412.9218
15.984016  2414.1891
14.985015  2456.6668
13.986014  2431.1403
12.987013  2340.9424
11.988012  2383.7356
10.989011  2353.4631
9.99001  2344.2016
8.991009  2157.7808
7.992008  2061.2488
6.993007  1956.8623
5.994006  1941.8546
4.995005  1886.7069
3.996004  1721.4455
2.997003  1787.4814
1.998002  1838.737
0.999001  1725.0947
0  1775.4305

# Region:                       Co 2p
# Spectrum ID:                  2
# Acquisition Date:             04/23/26 18:00:32 UTC
# Analysis Method:              XPS
# Analyzer:                     PHOIBOS MCD5 Analyzer
# Analyzer Lens:                LargeArea:1.5kV
# Analyzer Slit:                5:7x20\B:open
# Scan Mode:                    FixedAnalyzerTransmission
# Curves/Scan:                  1
# Values/Curve:                 951
# Dwell Time:                   0.1
# Excitation Energy:            1486.61
# Binding Energy:               825
# Pass Energy:                  50
# Bias Voltage:                 90
# Detector Voltage:             3000
# Eff. Workfunction:            4.543
# Source:                       X-Ray Dummy
# Comment:                      
#
# Cycle: 0
# Number of Scans: 20
#
# Cycle: 0, Curve: 0
# Acquisition Date:             04/23/26 18:00:32 UTC
#
# ColumnLabels:                 energy counts/s
#
825  21394.583
824.9  21388.536
824.8  21428.808
824.7  21250.804
824.6  21158.307
824.5  21334.146
824.4  21310.601
824.3  21358.391
824.2  21298.098
824.1  21291.333
824  21096.157
823.9  21191.388
823.8  21370.815
823.7  21275.942
823.6  21285.894
823.5  21195.707
823.4  21249.727
823.3  21103.861
823.2  21120.966
823.1  21109.364
823  21438.159
822.9  21398.095
822.8  21292.804
822.7  21321.238
822.6  21407.137
822.5  21363.824
822.4  21314.168
822.3  21075.144
822.2  21298.158
822.1  21282.317
822  21306.829
821.9  21457.062
821.8  21326.059
821.7  21184.891
821.6  21289.8
821.5  21169.553
821.4  21150.859
821.3  21369.871
821.2  21272.548
821.1  21292.639
821  21194.784
820.9  21329.392
820.8  21297.92
820.7  21320.975
820.6  21340.174
820.5  21061.886
820.4  21242.88
820.3  21242.19
820.2  21141.577
820.1  21173.083
820  21226.443
819.9  21438.375
819.8  21173.807
819.7  21178.966
819.6  21334.803
819.5  21147.94
819.4  21320.767
819.3  21206.646
819.2  21248.525
819.1  21262.82
819  21336.984
818.9  21186.4
818.8  21091.889
818.7  21037.011
818.6  21225.901
818.5  21085.134
818.4  21129.115
818.3  21148.179
818.2  21073.987
818.1  21268.791
818  21330.476
817.9  21348.565
817.8  21109.156
817.7  21278.492
817.6  21271.957
817.5  21205.306
817.4  21274.376
817.3  21254.077
817.2  21023.126
817.1  21063.973
817  21237.734
816.9  21097.488
816.8  20962.859
816.7  21141.576
816.6  21166.31
816.5  20949.618
816.4  21251.653
816.3  21280.965
816.2  21100.85
816.1  20966.896
816  21176.745
815.9  21144.977
815.8  21318.779
815.7  21218.116
815.6  21111.611
815.5  21253.28
815.4  21317.45
815.3  21241.979
815.2  21216.142
815.1  21226.614
815  21195.826
814.9  21180.032
814.8  21199.703
814.7  21214.21
814.6  21059.366
814.5  21287.218
814.4  21171.128
814.3  21087.597
814.2  21228.443
814.1  21188.913
814  21282.145
813.9  21059.154
813.8  21101.436
813.7  21095.895
813.6  21209.635
813.5  21185.049
813.4  21023.701
813.3  21191.418
813.2  21156.162
813.1  21340.477
813  21177.672
812.9  21145.156
812.8  21074.038
812.7  21072.705
812.6  21272.024
812.5  21255.237
812.4  21220.668
812.3  21294.53
812.2  21262.235
812.1  21240.323
812  21363.272
811.9  21091.03
811.8  21128.403
811.7  21211.332
811.6  21230.563
811.5  21170.989
811.4  21241.741
811.3  21391.76
811.2  21263.46
811.1  21255.958
811  21202.794
810.9  21139.253
810.8  21191.785
810.7  21392.737
810.6  21261.403
810.5  21233.028
810.4  21298.419
810.3  21138.25
810.2  21244.362
810.1  21214.522
810  21379.005
809.9  21229.937
809.8  21422.542
809.7  21318.219
809.6  21343.059
809.5  21393.304
809.4  21143.609
809.3  21321.476
809.2  21362.431
809.1  21444.814
809  21268.896
808.9  21370.059
808.8  21406.734
808.7  21380.232
808.6  21307.167
808.5  21260.686
808.4  21433.015
808.3  21428.84
808.2  21610.518
808.1  21405.325
808  21257.136
807.9  21224.034
807.8  21309.9
807.7  21452.156
807.6  21438.751
807.5  21316.484
807.4  21382.368
807.3  21449.773
807.2  21337.549
807.1  21381.334
807  21333.349
806.9  21394.492
806.8  21365.688
806.7  21442.356
806.6  21310.369
806.5  21345.595
806.4  21401.078
806.3  21330.095
806.2  21411.927
806.1  21349.918
806  21261.039
805.9  21555.004
805.8  21650.718
805.7  21493.856
805.6  21287.143
805.5  21310.214
805.4  21455.052
805.3  21435.432
805.2  21313.073
805.1  21287.725
805  21348.993
804.9  21249.933
804.8  21299.319
804.7  21278.554
804.6  21396.242
804.5  21265.621
804.4  21417.509
804.3  21313.205
804.2  21426.751
804.1  21519.205
804  21288.791
803.9  21350.733
803.8  21340.155
803.7  21361.01
803.6  21465.578
803.5  21369.882
803.4  21347.231
803.3  21427.526
803.2  21455.786
803.1  21486.489
803  21575.068
802.9  21428.798
802.8  21318.916
802.7  21474.273
802.6  21551.987
802.5  21522.94
802.4  21724.423
802.3  21580.694
802.2  21290.34
802.1  21451.423
802  21554.343
801.9  21589.346
801.8  21648.602
801.7  21513.774
801.6  21635.209
801.5  21806.073
801.4  21887.923
801.3  21759.221
801.2  21683.965
801.1  21387.164
801  21427.525
800.9  21597.171
800.8  21611.763
800.7  21539.121
800.6  21277.427
800.5  21523.308
800.4  21700.507
800.3  21566.472
800.2  21580.534
800.1  21472.636
800  21390.712
799.9  21444.049
799.8  21481.82
799.7  21403.558
799.6  21370.29
799.5  21354.327
799.4  21367.971
799.3  21327.502
799.2  21361.278
799.1  21280.092
799  21281.455
798.9  21300.507
798.8  21230.104
798.7  21284.241
798.6  21260.483
798.5  21138.469
798.4  21173.525
798.3  21082.86
798.2  21089.069
798.1  21069.266
798  21200.694
797.9  21261.955
797.8  21192.14
797.7  20978.866
797.6  21061.097
797.5  21071.365
797.4  21069.028
797.3  21026.939
797.2  21104.617
797.1  21024.107
797  21152.639
796.9  21036.944
796.8  20836.404
796.7  21082.444
796.6  21080.325
796.5  21100.571
796.4  21117.298
796.3  21057.933
796.2  21002.011
796.1  21184.95
796  21072.267
795.9  21036.888
795.8  21079.727
795.7  21195.746
795.6  21023.653
795.5  21023.235
795.4  21047.73
795.3  21162.409
795.2  21036.1
795.1  21286.539
795  21141.372
794.9  21163.044
794.8  21237.85
794.7  21066.964
794.6  21031.578
794.5  21192.677
794.4  21042.307
794.3  21223.03
794.2  21313.473
794.1  21143.21
794  21270.914
793.9  21323.324
793.8  21318.206
793.7  21359.685
793.6  21223.51
793.5  21350.407
793.4  21208.006
793.3  21228.741
793.2  21466.856
793.1  21267.568
793  21411.858
792.9  21285.91
792.8  21347.426
792.7  21442.349
792.6  21437.085
792.5  21333.834
792.4  21334.809
792.3  21489.259
792.2  21501.654
792.1  21489.444
792  21418.61
791.9  21280.97
791.8  21329.494
791.7  21404.101
791.6  21560.372
791.5  21587.303
791.4  21538.047
791.3  21425.412
791.2  21390.515
791.1  21488.68
791  21454.406
790.9  21500.194
790.8  21434.824
790.7  21465.149
790.6  21429.08
790.5  21628.386
790.4  21712.002
790.3  21700.058
790.2  21510.415
790.1  21625.088
790  21494.896
789.9  21589.847
789.8  21400.468
789.7  21603.851
789.6  21732.976
789.5  21561.53
789.4  21660.18
789.3  21643.621
789.2  21624.448
789.1  21649.32
789  21680.416
788.9  21581.377
788.8  21476.807
788.7  21538.403
788.6  21565.664
788.5  21571.127
788.4  21567.913
788.3  21579.784
788.2  21719.386
788.1  21625.818
788  21635.127
787.9  21873.957
787.8  21884.887
787.7  21636.286
787.6  21682.435
787.5  21660.963
787.4  21735.747
787.3  21927.986
787.2  21908.65
787.1  22003.421
787  21938.312
786.9  22162.171
786.8  21951.027
786.7  21935.523
786.6  22085.912
786.5  21981.908
786.4  22026.657
786.3  22090.816
786.2  22156.316
786.1  22028.452
786  22185.095
785.9  22007.854
785.8  22101.137
785.7  21987.761
785.6  21980.617
785.5  22229.783
785.4  21998.58
785.3  22068.312
785.2  22190.426
785.1  22132.18
785  22014.103
784.9  22013.253
784.8  21961.818
784.7  21941.467
784.6  21879.804
784.5  21939.928
784.4  21759.081
784.3  21918.034
784.2  21647.951
784.1  21739.875
784  21759.512
783.9  21704.712
783.8  21537.761
783.7  21558.815
783.6  21641.121
783.5  21470.398
783.4  21484.741
783.3  21351.597
783.2  21345.287
783.1  21232.279
783  21156.329
782.9  21201.969
782.8  21179.487
782.7  21101.515
782.6  21168.01
782.5  20958.949
782.4  20988.493
782.3  21068.686
782.2  21112.796
782.1  20946.372
782  20910.774
781.9  20859.186
781.8  20929.144
781.7  20865.205
781.6  20873.344
781.5  20782.598
781.4  20808.394
781.3  20742.709
781.2  20617.679
781.1  20699.316
781  20794.037
780.9  20701.399
780.8  20693.544
780.7  20763.111
780.6  20721.807
780.5  20676.771
780.4  20715.672
780.3  20700.376
780.2  20711.36
780.1  20689.846
780  20632.074
779.9  20745.559
779.8  20535.656
779.7  20697.801
779.6  20646.143
779.5  20616.577
779.4  20813.758
779.3  20718.58
779.2  20642.577
779.1  20529.201
779  20495.091
778.9  20491.825
778.8  20717.033
778.7  20598.197
778.6  20454.753
778.5  20534.571
778.4  20689.282
778.3  20643.194
778.2  20550.56
778.1  20408.283
778  20623.408
777.9  20635.715
777.8  20573.222
777.7  20550.687
777.6  20714.496
777.5  20604.81
777.4  20521.584
777.3  20616.972
777.2  20476.105
777.1  20551.263
777  20603.52
776.9  20461.888
776.8  20505.854
776.7  20490.692
776.6  20687.666
776.5  20363.654
776.4  20379.436
776.3  20589.588
776.2  20427.148
776.1  20477.129
776  20392.832
775.9  20503.304
775.8  20462.594
775.7  20501.26
775.6  20388.598
775.5  20464.092
775.4  20280.217
775.3  20402.681
775.2  20400.196
775.1  20287.201
775  20334.726
774.9  20460.5
774.8  20317.904
774.7  20195.537
774.6  20319.273
774.5  20149.936
774.4  20123.22
774.3  20280.702
774.2  20137.48
774.1  20244.532
774  20240.921
773.9  20228.731
773.8  20091.016
773.7  20190.66
773.6  20191.575
773.5  20095.083
773.4  20218.78
773.3  20218.23
773.2  20120.713
773.1  20117.798
773  20153.624
772.9  20118.98
772.8  20127.329
772.7  20084.598
772.6  20250.518
772.5  20082.086
772.4  19977.753
772.3  20002.997
772.2  20039.58
772.1  20100.292
772  20272.779
771.9  20179.219
771.8  19932.352
771.7  20121.776
771.6  20131.768
771.5  20074.379
771.4  20018.169
771.3  20181.311
771.2  20062.288
771.1  19910.001
771  20016.517
770.9  20098.064
770.8  19984.14
770.7  20121.105
770.6  20161.689
770.5  20105.597
770.4  20228.042
770.3  20069.952
770.2  20026.438
770.1  19993.611
770  20268.161
769.9  20196.253
769.8  20153.681
769.7  20121.54
769.6  20084.367
769.5  20249.344
769.4  20074.441
769.3  20158.612
769.2  20136.14
769.1  20149.93
769  20126.364
768.9  20211.472
768.8  20292.06
768.7  20192.944
768.6  20248.221
768.5  20130.875
768.4  20339.736
768.3  20316.842
768.2  20306.526
768.1  20253.482
768  20256.301
767.9  20242.166
767.8  20231.199
767.7  20157.554
767.6  20212.365
767.5  20213.526
767.4  20104.637
767.3  20275.892
767.2  20118.067
767.1  20157.733
767  19968.385
766.9  20233.472
766.8  20238.386
766.7  20249.911
766.6  20033.916
766.5  20056.699
766.4  20071.026
766.3  19975.198
766.2  19894.572
766.1  19850.066
766  19958.716
765.9  19725.093
765.8  19779.078
765.7  19876.793
765.6  19860.914
765.5  19896.36
765.4  19825.763
765.3  19751.813
765.2  19840.361
765.1  19921.838
765  19795.992
764.9  19799.885
764.8  19957.062
764.7  19798.626
764.6  19830.595
764.5  19680.109
764.4  19557.685
764.3  19716.902
764.2  19515.729
764.1  19631.125
764  19678.991
763.9  19616.534
763.8  19672.698
763.7  19757.229
763.6  19656.788
763.5  19704.237
763.4  19576.958
763.3  19603.453
763.2  19658.37
763.1  19476.007
763  19491.865
762.9  19792.501
762.8  19606.085
762.7  19586.189
762.6  19528.196
762.5  19534.205
762.4  19481.055
762.3  19460.786
762.2  19589.219
762.1  19541.95
762  19568.444
761.9  19502.973
761.8  19504.379
761.7  19749.675
761.6  19524.633
761.5  19554.187
761.4  19321.957
761.3  19358.802
761.2  19523.217
761.1  19261.059
761  19339.107
760.9  19447.738
760.8  19471.43
760.7  19533.436
760.6  19380.807
760.5  19451.966
760.4  19447.413
760.3  19324.857
760.2  19363.85
760.1  19410.824
760  19519.842
759.9  19365.987
759.8  19351.843
759.7  19097.628
759.6  19318.423
759.5  19401.573
759.4  19449.075
759.3  19402.45
759.2  19432.826
759.1  19144.654
759  19386.165
758.9  19390.272
758.8  19404.172
758.7  19260.739
758.6  19317.272
758.5  19474.768
758.4  19238.289
758.3  19263.863
758.2  19197.202
758.1  19223.357
758  19351.445
757.9  19346.581
757.8  19298.174
757.7  19141.069
757.6  19228.561
757.5  19178.501
757.4  19349.509
757.3  19103.775
757.2  19141.07
757.1  19131.749
757  19140.643
756.9  19152.549
756.8  19187.384
756.7  19065.545
756.6  19160.573
756.5  19044.153
756.4  19114.346
756.3  19005.206
756.2  18946.029
756.1  18879.116
756  19051.343
755.9  19182.11
755.8  19237.318
755.7  19012.829
755.6  19249.891
755.5  19089.532
755.4  19055.536
755.3  19054.816
755.2  19056.261
755.1  19154.173
755  18969.955
754.9  18986.137
754.8  19082.531
754.7  18935.393
754.6  18818.253
754.5  18982.656
754.4  18911.168
754.3  18801.784
754.2  19023.967
754.1  19058.762
754  18878.971
753.9  18971.623
753.8  18886.995
753.7  19013.726
753.6  18825.262
753.5  18888.974
753.4  18936.834
753.3  18842.377
753.2  18978.3
753.1  18912.208
753  18949.478
752.9  18834.847
752.8  18809.224
752.7  18850.934
752.6  18895.143
752.5  18837.859
752.4  18735.346
752.3  18706.234
752.2  18856.615
752.1  18832.105
752  18727.03
751.9  18887.287
751.8  18887.445
751.7  18793.384
751.6  18806.741
751.5  18679.303
751.4  18682.77
751.3  18783.969
751.2  18861.043
751.1  18889.904
751  18882.731
750.9  18727.298
750.8  18715.127
750.7  18788.785
750.6  18706.672
750.5  18845.686
750.4  18680.578
750.3  18790.23
750.2  18887.118
750.1  18751.356
750  18912.121
749.9  18820.717
749.8  18842.712
749.7  18824.568
749.6  18724.093
749.5  18776.866
749.4  18806.489
749.3  18754.797
749.2  18718.91
749.1  18617.725
749  18854.747
748.9  18816.501
748.8  19018.271
748.7  18968.319
748.6  19046.207
748.5  18955.059
748.4  18921.961
748.3  19042.172
748.2  18953.504
748.1  19014.668
748  19248.617
747.9  19143.952
747.8  19089.55
747.7  19294.188
747.6  19201.588
747.5  19326.56
747.4  19376.244
747.3  19533.124
747.2  19514.364
747.1  19518.188
747  19643.501
746.9  19788.678
746.8  20066.763
746.7  20049.662
746.6  20286.858
746.5  20441.363
746.4  20414.823
746.3  20568.714
746.2  20799.082
746.1  20896.096
746  21143.72
745.9  21228.284
745.8  21416.668
745.7  21631.771
745.6  21842.89
745.5  21866.912
745.4  22121.383
745.3  22345.532
745.2  22429.603
745.1  22532.089
745  22739.304
744.9  22756.841
744.8  22995.277
744.7  23178.107
744.6  23263.175
744.5  23373.379
744.4  23410.355
744.3  23626.311
744.2  23427.38
744.1  23530.733
744  23391.065
743.9  23305.882
743.8  23542.371
743.7  23391.211
743.6  23406.598
743.5  23348.54
743.4  23091.046
743.3  23013.38
743.2  22715.985
743.1  22817.478
743  22606.981
742.9  22564.563
742.8  22165.29
742.7  22160.249
742.6  21966.441
742.5  21829.211
742.4  21709.642
742.3  21280.365
742.2  21295.478
742.1  21152.152
742  20904.655
741.9  20740.631
741.8  20493.957
741.7  20485.185
741.6  20290.534
741.5  20164.881
741.4  20229.131
741.3  19909.065
741.2  19657.44
741.1  19617.325
741  19708.13
740.9  19436.298
740.8  19517.719
740.7  19414.52
740.6  19188.701
740.5  19037.087
740.4  19189.85
740.3  19022.995
740.2  19117.965
740.1  18993.009
740  18967.328
739.9  18880.636
739.8  18813.207
739.7  18818.803
739.6  18791.978
739.5  18760.684
739.4  18771.895
739.3  18616.896
739.2  18737.394
739.1  18626.295
739  18658.781
738.9  18665.68
738.8  18750.658
738.7  18711.62
738.6  18691.145
738.5  18650.816
738.4  18553.072
738.3  18471.393
738.2  18421.099
738.1  18687.813
738  18504.127
737.9  18647.19
737.8  18511.894
737.7  18473.253
737.6  18555.689
737.5  18438.168
737.4  18647.993
737.3  18541.731
737.2  18542.635
737.1  18512.034
737  18469.868
736.9  18312.459
736.8  18522.725
736.7  18412.646
736.6  18460.106
736.5  18524.547
736.4  18627.166
736.3  18392.108
736.2  18393.152
736.1  18503.676
736  18558.11
735.9  18566.295
735.8  18467.661
735.7  18545.867
735.6  18637.16
735.5  18531.34
735.4  18436.691
735.3  18459.019
735.2  18450.04
735.1  18490.418
735  18266.109
734.9  18424.193
734.8  18305.787
734.7  18425.255
734.6  18446.872
734.5  18427.927
734.4  18341.844
734.3  18595.777
734.2  18696.538
734.1  18598.853
734  18399.076
733.9  18300.254
733.8  18448.658
733.7  18423.405
733.6  18446.357
733.5  18410.004
733.4  18493.775
733.3  18420.084
733.2  18442.639
733.1  18416.786
733  18433.869
732.9  18438.782
732.8  18338.83
732.7  18234.158
732.6  18503.999
732.5  18437.197
732.4  18580.737
732.3  18409.579
732.2  18559.664
732.1  18460.923
732  18352.349
731.9  18509.293
731.8  18507.109
731.7  18480.423
731.6  18506.663
731.5  18488.712
731.4  18562.375
731.3  18457.564
731.2  18531.351
731.1  18487.468
731  18414.691
730.9  18509.191
730.8  18460.622
730.7  18475.061
730.6  18549.53
730.5  18510.549
730.4  18620.86
730.3  18614.964
730.2  18489.311
730.1  18608.975
730  18517.336

# Operation:                    Peak Fit
# Range Start:                  800.177
# Range End:                    775.884
# Parameter: "Transition" = 
# Parameter: "Label" = 
# Parameter: "Background Method" = Tougaard
# Parameter: "Peak Shape" = Voigt
# Parameter: "Asymmetric Peak" = false
# Parameter: "FWHM-Annotation" = S-B = <Signal-BG:@>\nFWHM = <FWHM:@>\nArea = <Area:@>
# Parameter: "Peak-Annotation" = <Label>\n<Transition>\nE = <Center:@>
#
# Result:
# Number of Results:            2
# Parameter: "Transition" = 
# Parameter: "Label" = 
# Parameter: "Center" = 786.2979825791125 eV +- 0.056273809042337468
# Parameter: "Area" = 24813.120749670248 cps eV +- 1043.5759348877682
# Parameter: "FWHM (Lorentzian)" = 8.960593581071171 eV +- 0.28563168179616988
# Parameter: "FWHM (Gaussian)" = 6.8872247629824131e-06 eV +- 0.72308527223651242
# Parameter: "Asymmetry" = 0 +- 0
# Parameter: "Tougaard B" = 11762.295172266795 eV^2 +- 272.9430844669269
# Parameter: "Tougaard C" = 1643 eV^2 +- 0
# Parameter: "FWHM" = 8.960596854175936 eV
# Parameter: "Baseline Offset" = 20127.264904487489 cps +- 35.709599675066691
# Parameter: "Abbe factor" = 0.32263858593421268
# Parameter: "Reduced Chi Square" = 1.8164331613404363
# Parameter: "Q Probability" = 2.4631661301145699e-13
# Parameter: "Number of performed iterations" = 21
# Parameter: "Fit termination reason" = ConvergedInParameter
# Parameter: "Signal" = 22033.117430619735 cps
# Parameter: "Signal-BG" = 1762.8880431255195 cps
#
# Result Name:                  Background
# Number of Curves:             1
#
# Curve:                        0
# Values/Curve:                 56
#
800.1  21156.521
799.66  21125.352
799.22  21094.166
798.78  21062.963
798.34  21031.748
797.9  21000.525
797.46  20969.302
797.02  20938.087
796.58  20906.893
796.14  20875.733
795.7  20844.623
795.26  20813.583
794.82  20782.636
794.38  20751.807
793.94  20721.126
793.5  20690.627
793.06  20660.348
792.62  20630.333
792.18  20600.629
791.74  20571.293
791.3  20542.386
790.86  20513.976
790.42  20486.138
789.98  20458.957
789.54  20432.523
789.1  20406.933
788.66  20382.289
788.22  20358.695
787.78  20336.252
787.34  20315.054
786.9  20295.178
786.46  20276.684
786.02  20259.604
785.58  20243.94
785.14  20229.67
784.7  20216.743
784.26  20205.09
783.82  20194.63
783.38  20185.274
782.94  20176.933
782.5  20169.517
782.06  20162.945
781.62  20157.139
781.18  20152.028
780.74  20147.548
780.3  20143.643
779.86  20140.262
779.42  20137.359
778.98  20134.893
778.54  20132.828
778.1  20131.132
777.66  20129.776
777.22  20128.733
776.78  20127.981
776.34  20127.498
775.9  20127.265

# Result Name:                  Peak Fit
# Number of Curves:             1
#
# Curve:                        0
# Values/Curve:                 56
#
800.1  21324.573
799.66  21303.517
799.22  21283.346
798.78  21264.167
798.34  21246.103
797.9  21229.298
797.46  21213.914
797.02  21200.142
796.58  21188.201
796.14  21178.341
795.7  21170.854
795.26  21166.071
794.82  21164.377
794.38  21166.208
793.94  21172.063
793.5  21182.502
793.06  21198.155
792.62  21219.706
792.18  21247.891
791.74  21283.46
791.3  21327.128
790.86  21379.489
790.42  21440.878
789.98  21511.179
789.54  21589.561
789.1  21674.162
788.66  21761.764
788.22  21847.577
787.78  21925.271
787.34  21987.476
786.9  22026.801
786.46  22037.27
786.02  22015.731
785.58  21962.689
785.14  21882.168
784.7  21780.678
784.26  21665.749
783.82  21544.569
783.38  21423.1
782.94  21305.723
782.5  21195.282
782.06  21093.349
781.62  21000.548
781.18  20916.864
780.74  20841.889
780.3  20774.995
779.86  20715.46
779.42  20662.54
778.98  20615.519
778.54  20573.731
778.1  20536.569
777.66  20503.494
777.22  20474.025
776.78  20447.743
776.34  20424.279
775.9  20403.31

# Region:                       Al 2p
# Spectrum ID:                  3
# Acquisition Date:             04/23/26 18:04:18 UTC
# Analysis Method:              XPS
# Analyzer:                     PHOIBOS MCD5 Analyzer
# Analyzer Lens:                LargeArea:1.5kV
# Analyzer Slit:                5:7x20\B:open
# Scan Mode:                    FixedAnalyzerTransmission
# Curves/Scan:                  1
# Values/Curve:                 331
# Dwell Time:                   0.1
# Excitation Energy:            1486.61
# Binding Energy:               90
# Pass Energy:                  50
# Bias Voltage:                 90
# Detector Voltage:             3000
# Eff. Workfunction:            4.543
# Source:                       X-Ray Dummy
# Comment:                      
#
# Cycle: 0
# Number of Scans: 5
#
# Cycle: 0, Curve: 0
# Acquisition Date:             04/23/26 18:04:18 UTC
#
# ColumnLabels:                 energy counts/s
#
90  3283.1982
89.9  3430.1925
89.8  3245.3269
89.7  3296.4187
89.6  3154.8241
89.5  3120.9727
89.4  3252.2147
89.3  3169.1953
89.2  3154.5605
89.1  2979.6191
89  3181.6855
88.9  3063.3155
88.8  3274.5679
88.7  3185.8946
88.6  3149.9352
88.5  3193.801
88.4  3113.6656
88.3  3076.106
88.2  3144.9411
88.1  3136.9265
88  3106.0231
87.9  3006.7908
87.8  3057.1579
87.7  3067.6852
87.6  3117.6538
87.5  3138.9565
87.4  2923.1212
87.3  3163.1208
87.2  3028.1508
87.1  3139.9017
87  3112.1167
86.9  2979.6324
86.8  2861.2414
86.7  2963.9723
86.6  3110.5236
86.5  3024.8392
86.4  3007.2704
86.3  3232.9171
86.2  3094.2506
86.1  3064.9791
86  3038.5252
85.9  3112.5928
85.8  3061.1594
85.7  3071.7436
85.6  3021.9073
85.5  3013.6145
85.4  2930.4434
85.3  2945.7686
85.2  2963.9952
85.1  2939.8639
85  3094.6971
84.9  2920.3705
84.8  3027.0163
84.7  3012.2578
84.6  3097.4594
84.5  2893.1676
84.4  2985.8041
84.3  3009.7664
84.2  2904.6502
84.1  2984.2678
84  3024.7028
83.9  2999.2765
83.8  2934.2823
83.7  2949.9144
83.6  3062.8145
83.5  3187.4324
83.4  2952.8226
83.3  3016.2132
83.2  2827.5408
83.1  2935.8473
83  2970.1222
82.9  2914.8661
82.8  2967.8375
82.7  3017.6454
82.6  3104.4449
82.5  3061.5716
82.4  3100.6318
82.3  3051.538
82.2  3028.3741
82.1  3161.0319
82  3266.4908
81.9  3408.2538
81.8  3386.474
81.7  3408.0552
81.6  3510.052
81.5  3491.5819
81.4  3486.2325
81.3  3727.9554
81.2  3693.7117
81.1  3793.4342
81  3848.965
80.9  4016.4296
80.8  4206.4329
80.7  4344.731
80.6  4471.5889
80.5  4375.8207
80.4  4742.0745
80.3  4830.525
80.2  5065.4124
80.1  5241.3313
80  5506.5013
79.9  5600.4841
79.8  5597.2254
79.7  5749.2434
79.6  6162.8115
79.5  6289.2453
79.4  6400.5914
79.3  6347.4768
79.2  6462.7006
79.1  6790.9866
79  6661.027
78.9  6847.1656
78.8  6848.7582
78.7  6804.758
78.6  6993.9686
78.5  7068.3562
78.4  6950.1016
78.3  6685.4516
78.2  6922.9052
78.1  6771.6592
78  6708.4206
77.9  6643.9585
77.8  6648.1945
77.7  6460.2596
77.6  6302.4087
77.5  5943.2408
77.4  6031.4196
77.3  5829.9142
77.2  5536.1137
77.1  5351.0869
77  5379.8552
76.9  5072.9996
76.8  4962.8741
76.7  4698.0737
76.6  4563.2733
76.5  4379.9932
76.4  4385.9884
76.3  4290.2952
76.2  4075.4554
76.1  3908.8346
76  3844.0554
75.9  3723.1846
75.8  3525.1607
75.7  3545.0728
75.6  3444.675
75.5  3476.5048
75.4  3405.1067
75.3  3203.2287
75.2  3203.8457
75.1  3218.3227
75  3261.9869
74.9  3190.2994
74.8  3142.7859
74.7  2986.8827
74.6  3004.9697
74.5  3082.2365
74.4  3003.8058
74.3  3175.2466
74.2  3065.8423
74.1  3011.2732
74  2929.5622
73.9  2912.4499
73.8  3077.4298
73.7  2956.5337
73.6  2948.1204
73.5  2924.5797
73.4  3022.873
73.3  3017.6223
73.2  2918.3241
73.1  2956.5731
73  2870.3088
72.9  2987.0992
72.8  2961.9744
72.7  2967.2015
72.6  3084.1113
72.5  2971.0066
72.4  2975.6989
72.3  2954.4342
72.2  3006.9152
72.1  2962.0502
72  2945.419
71.9  2977.3482
71.8  3084.9651
71.7  3008.0949
71.6  3108.398
71.5  2928.3208
71.4  2832.3867
71.3  2887.1512
71.2  3012.3832
71.1  3009.6227
71  3000.383
70.9  3065.1822
70.8  2999.7876
70.7  3023.5286
70.6  2972.8416
70.5  3002.3036
70.4  2981.6422
70.3  3129.2187
70.2  3175.1602
70.1  3176.7158
70  3092.9331
69.9  3136.2723
69.8  3146.6324
69.7  3121.1559
69.6  3144.0056
69.5  3107.6897
69.4  3334.9541
69.3  3358.1493
69.2  3317.2176
69.1  3228.2632
69  3414.6111
68.9  3334.0098
68.8  3202.8088
68.7  3101.5454
68.6  3328.776
68.5  3345.2613
68.4  3486.1745
68.3  3301.2738
68.2  3396.133
68.1  3292.8145
68  3320.3379
67.9  3360.7549
67.8  3326.2775
67.7  3280.5351
67.6  3320.9292
67.5  3272.2005
67.4  3256.1348
67.3  3314.1334
67.2  3262.0675
67.1  3240.8041
67  3308.9317
66.9  3188.7856
66.8  3115.815
66.7  3229.8735
66.6  3250.041
66.5  3193.8403
66.4  3136.0816
66.3  2995.6852
66.2  3037.1146
66.1  3038.1219
66  3223.6621
65.9  3049.0741
65.8  3071.0154
65.7  3180.3386
65.6  3134.6274
65.5  3110.1869
65.4  3004.163
65.3  2921.4178
65.2  3005.5855
65.1  2932.2798
65  2981.6255
64.9  2939.2692
64.8  3021.3845
64.7  3011.8983
64.6  2825.1757
64.5  2818.8411
64.4  3036.0412
64.3  2884.2617
64.2  2808.2303
64.1  2869.5784
64  2787.2695
63.9  2870.2291
63.8  2882.0028
63.7  2691.4271
63.6  2869.4439
63.5  2830.8918
63.4  2859.7363
63.3  2773.7583
63.2  2764.2612
63.1  2764.3573
63  2797.6885
62.9  2787.08
62.8  2883.0313
62.7  2896.9857
62.6  2766.5708
62.5  2745.2163
62.4  2699.6036
62.3  2754.3092
62.2  2734.0859
62.1  2780.6063
62  2758.5425
61.9  2811.8622
61.8  2761.7526
61.7  2778.4623
61.6  2846.3503
61.5  2745.4238
61.4  2598.715
61.3  2728.2404
61.2  2567.6254
61.1  2679.7719
61  2641.82
60.9  2689.4256
60.8  2620.9358
60.7  2756.5116
60.6  2699.7659
60.5  2693.7924
60.4  2700.8335
60.3  2705.5337
60.2  2696.4308
60.1  2674.462
60  2661.5731
59.9  2708.1272
59.8  2753.2251
59.7  2671.2482
59.6  2715.9954
59.5  2757.7939
59.4  2733.0795
59.3  2679.7193
59.2  2645.8272
59.1  2568.0901
59  2676.1136
58.9  2715.0384
58.8  2605.7787
58.7  2700.9096
58.6  2777.8291
58.5  2673.383
58.4  2787.2592
58.3  2703.5563
58.2  2706.1654
58.1  2800.5658
58  2755.0959
57.9  2747.4906
57.8  2732.8853
57.7  2698.539
57.6  2740.9008
57.5  2745.1603
57.4  2701.2242
57.3  2739.3549
57.2  2694.289
57.1  2702.6949
57  2714.5206

# Operation:                    Peak Fit
# Range Start:                  90
# Range End:                    70.5317
# Parameter: "Transition" = 
# Parameter: "Label" = 
# Parameter: "Background Method" = Tougaard
# Parameter: "Peak Shape" = Voigt
# Parameter: "Asymmetric Peak" = false
# Parameter: "FWHM-Annotation" = S-B = <Signal-BG:@>\nFWHM = <FWHM:@>\nArea = <Area:@>
# Parameter: "Peak-Annotation" = <Label>\n<Transition>\nE = <Center:@>
#
# Result:
# Number of Results:            2
# Parameter: "Transition" = 
# Parameter: "Label" = 
# Parameter: "Center" = 78.5234721880081 eV +- 0.010217284475212999
# Parameter: "Area" = 14571.113645274427 cps eV +- 117.17771052905083
# Parameter: "FWHM (Lorentzian)" = 0 eV +- 0
# Parameter: "FWHM (Gaussian)" = 3.4117726026786639 eV +- 0.025579293976133524
# Parameter: "Asymmetry" = 0 +- 0
# Parameter: "Tougaard B" = 2955.6818059764514 eV^2 +- 341.89184882739266
# Parameter: "Tougaard C" = 1643 eV^2 +- 0
# Parameter: "FWHM" = 3.4117726026786639 eV
# Parameter: "Baseline Offset" = 2952.1437687880666 cps +- 11.458897207210633
# Parameter: "Abbe factor" = 0.73561298990535406
# Parameter: "Reduced Chi Square" = 1.1007467556603203
# Parameter: "Q Probability" = 0.16357124956424235
# Parameter: "Number of performed iterations" = 9
# Parameter: "Fit termination reason" = ConvergedInParameter
# Parameter: "Signal" = 6973.4954537779904 cps
# Parameter: "Signal-BG" = 4012.1804541699767 cps
#
# Result Name:                  Background
# Number of Curves:             1
#
# Curve:                        0
# Values/Curve:                 115
#
90  3112.3205
89.829825  3110.5066
89.659649  3108.6713
89.489474  3106.8145
89.319298  3104.9363
89.149123  3103.037
88.978947  3101.1165
88.808772  3099.175
88.638596  3097.2126
88.468421  3095.2294
88.298246  3093.2256
88.12807  3091.2014
87.957895  3089.1568
87.787719  3087.092
87.617544  3085.0072
87.447368  3082.9026
87.277193  3080.7784
87.107018  3078.6348
86.936842  3076.4719
86.766667  3074.29
86.596491  3072.0894
86.426316  3069.8702
86.25614  3067.6326
86.085965  3065.377
85.915789  3063.1036
85.745614  3060.8126
85.575439  3058.5044
85.405263  3056.1792
85.235088  3053.8372
85.064912  3051.4789
84.894737  3049.1044
84.724561  3046.7142
84.554386  3044.3085
84.384211  3041.8877
84.214035  3039.4521
84.04386  3037.002
83.873684  3034.538
83.703509  3032.0603
83.533333  3029.5695
83.363158  3027.0659
83.192982  3024.5502
83.022807  3022.0229
82.852632  3019.4848
82.682456  3016.9366
82.512281  3014.3794
82.342105  3011.8145
82.17193  3009.2432
82.001754  3006.6673
81.831579  3004.0892
81.661404  3001.5115
81.491228  2998.9374
81.321053  2996.3707
81.150877  2993.816
80.980702  2991.2787
80.810526  2988.7646
80.640351  2986.2808
80.470175  2983.8347
80.3  2981.4345
80.129825  2979.0893
79.959649  2976.808
79.789474  2974.6002
79.619298  2972.4753
79.449123  2970.4424
79.278947  2968.51
79.108772  2966.6856
78.938596  2964.976
78.768421  2963.3862
78.598246  2961.9197
78.42807  2960.5786
78.257895  2959.363
78.087719  2958.2711
77.917544  2957.2997
77.747368  2956.444
77.577193  2955.6977
77.407018  2955.0536
77.236842  2954.5034
77.066667  2954.0387
76.896491  2953.6503
76.726316  2953.3293
76.55614  2953.0671
76.385965  2952.8554
76.215789  2952.6863
76.045614  2952.553
75.875439  2952.449
75.705263  2952.3689
75.535088  2952.308
75.364912  2952.2622
75.194737  2952.2282
75.024561  2952.2032
74.854386  2952.1852
74.684211  2952.1723
74.514035  2952.1631
74.34386  2952.1568
74.173684  2952.1524
74.003509  2952.1494
73.833333  2952.1474
73.663158  2952.1461
73.492982  2952.1453
73.322807  2952.1447
73.152632  2952.1443
72.982456  2952.1441
72.812281  2952.144
72.642105  2952.1439
72.47193  2952.1438
72.301754  2952.1438
72.131579  2952.1438
71.961404  2952.1438
71.791228  2952.1438
71.621053  2952.1438
71.450877  2952.1438
71.280702  2952.1438
71.110526  2952.1438
70.940351  2952.1438
70.770175  2952.1438
70.6  2952.1438

# Result Name:                  Peak Fit
# Number of Curves:             1
#
# Curve:                        0
# Values/Curve:                 115
#
90  3112.3205
89.829825  3110.5066
89.659649  3108.6713
89.489474  3106.8145
89.319298  3104.9363
89.149123  3103.037
88.978947  3101.1165
88.808772  3099.175
88.638596  3097.2126
88.468421  3095.2294
88.298246  3093.2256
88.12807  3091.2014
87.957895  3089.1568
87.787719  3087.092
87.617544  3085.0072
87.447368  3082.9026
87.277193  3080.7785
87.107018  3078.6349
86.936842  3076.4721
86.766667  3074.2904
86.596491  3072.0901
86.426316  3069.8715
86.25614  3067.6352
86.085965  3065.3819
85.915789  3063.1125
85.745614  3060.8288
85.575439  3058.5332
85.405263  3056.2298
85.235088  3053.925
85.064912  3051.6291
84.894737  3049.3581
84.724561  3047.1364
84.554386  3045.0017
84.384211  3043.0102
84.214035  3041.245
84.04386  3039.8264
83.873684  3038.9262
83.703509  3038.7849
83.533333  3039.733
83.363158  3042.2167
83.192982  3046.8259
83.022807  3054.3256
82.852632  3065.686
82.682456  3082.111
82.512281  3105.0589
82.342105  3136.2514
82.17193  3177.6651
82.001754  3231.4984
81.831579  3300.1102
81.661404  3385.9238
81.491228  3491.295
81.321053  3618.3451
81.150877  3768.7646
80.980702  3943.5962
80.810526  4143.0128
80.640351  4366.1094
80.470175  4610.7301
80.3  4873.3541
80.129825  5149.0618
79.959649  5431.5978
79.789474  5713.5428
79.619298  5986.5921
79.449123  6241.9336
79.278947  6470.702
79.108772  6664.4795
78.938596  6815.8026
78.768421  6918.6346
78.598246  6968.7606
78.42807  6964.0705
78.257895  6904.7021
78.087719  6793.0317
77.917544  6633.513
77.747368  6432.3793
77.577193  6197.2363
77.407018  5936.5839
77.236842  5659.3075
77.066667  5374.181
76.896491  5089.4206
76.726316  4812.3178
76.55614  4548.9735
76.385965  4304.1393
76.215789  4081.1676
76.045614  3882.0557
75.875439  3707.5681
75.705263  3557.4155
75.535088  3430.4652
75.364912  3324.9636
75.194737  3238.7515
75.024561  3169.4571
74.854386  3114.659
74.684211  3072.014
74.514035  3039.348
74.34386  3014.7148
74.173684  2996.4248
74.003509  2983.0518
73.833333  2973.4219
73.663158  2966.5917
73.492982  2961.8195
73.322807  2958.5348
73.152632  2956.3074
72.982456  2954.8191
72.812281  2953.8393
72.642105  2953.2036
72.47193  2952.7971
72.301754  2952.541
72.131579  2952.382
71.961404  2952.2847
71.791228  2952.226
71.621053  2952.1911
71.450877  2952.1706
71.280702  2952.1588
71.110526  2952.1521
70.940351  2952.1483
70.770175  2952.1462
70.6  2952.1451

# Region:                       Mo 3d
# Spectrum ID:                  4
# Acquisition Date:             04/23/26 18:08:52 UTC
# Analysis Method:              XPS
# Analyzer:                     PHOIBOS MCD5 Analyzer
# Analyzer Lens:                LargeArea:1.5kV
# Analyzer Slit:                5:7x20\B:open
# Scan Mode:                    FixedAnalyzerTransmission
# Curves/Scan:                  1
# Values/Curve:                 421
# Dwell Time:                   0.1
# Excitation Energy:            1486.61
# Binding Energy:               257
# Pass Energy:                  50
# Bias Voltage:                 90
# Detector Voltage:             3000
# Eff. Workfunction:            4.543
# Source:                       X-Ray Dummy
# Comment:                      
#
# Cycle: 0
# Number of Scans: 5
#
# Cycle: 0, Curve: 0
# Acquisition Date:             04/23/26 18:08:52 UTC
#
# ColumnLabels:                 energy counts/s
#
257  7549.2242
256.9  7494.3722
256.8  7294.8424
256.7  7302.125
256.6  7372.6203
256.5  7502.0292
256.4  7442.0592
256.3  7400.3826
256.2  7296.2737
256.1  7684.3565
256  7399.585
255.9  7678.4669
255.8  7555.3661
255.7  7580.6358
255.6  7483.4744
255.5  7424.6582
255.4  7388.0122
255.3  7652.6576
255.2  7647.8618
255.1  7259.2492
255  7547.3605
254.9  7527.8414
254.8  7507.6287
254.7  7579.6837
254.6  7519.8343
254.5  7752.7847
254.4  7535.8445
254.3  7502.466
254.2  7429.4056
254.1  7481.1491
254  7310.159
253.9  7658.9881
253.8  7463.4263
253.7  7416.495
253.6  7435.665
253.5  7487.0437
253.4  7439.1326
253.3  7549.4433
253.2  7461.9079
253.1  7498.9128
253  7291.4713
252.9  7284.1442
252.8  7457.2418
252.7  7622.0675
252.6  7443.3443
252.5  7579.6595
252.4  7656.2818
252.3  7671.8898
252.2  7470.5557
252.1  7527.4829
252  7469.0745
251.9  7509.5185
251.8  7496.2715
251.7  7549.5425
251.6  7580.3376
251.5  7363.0954
251.4  7427.4563
251.3  7281.978
251.2  7387.2759
251.1  7315.2744
251  7365.6176
250.9  7557.1458
250.8  7451.6917
250.7  7415.3629
250.6  7557.4382
250.5  7480.3904
250.4  7609.7671
250.3  7424.5256
250.2  7513.657
250.1  7410.3332
250  7300.4576
249.9  7263.3656
249.8  7264.788
249.7  7256.9698
249.6  7439.7738
249.5  7456.817
249.4  7463.2261
249.3  7446.3297
249.2  7359.8209
249.1  7326.0805
249  7252.0664
248.9  7333.7472
248.8  7248.0324
248.7  7278.5185
248.6  7043.4631
248.5  7219.2737
248.4  7247.3342
248.3  7320.093
248.2  7308.6627
248.1  7271.2464
248  7234.9902
247.9  7142.345
247.8  7066.7012
247.7  7178.4124
247.6  7288.0508
247.5  7382.2971
247.4  7297.081
247.3  7220.7615
247.2  7309.6701
247.1  7217.982
247  7058.9167
246.9  7277.8323
246.8  7324.1386
246.7  7415.1558
246.6  7273.334
246.5  7212.1331
246.4  7211.7054
246.3  7013.2873
246.2  7081.5494
246.1  7100.1244
246  7157.5948
245.9  7092.7021
245.8  6980.2085
245.7  7307.5864
245.6  7148.6152
245.5  7065.6378
245.4  7070.8593
245.3  7201.0672
245.2  7235.7419
245.1  7132.1035
245  7248.5277
244.9  7362.9549
244.8  7261.5455
244.7  7456.4843
244.6  7369.9501
244.5  7216.2189
244.4  7470.2674
244.3  7264.8109
244.2  7346.9752
244.1  7270.9009
244  7392.2982
243.9  7243.8661
243.8  7287.5648
243.7  7322.841
243.6  7267.8196
243.5  7204.9888
243.4  7296.8241
243.3  7251.7925
243.2  7364.8079
243.1  7280.7755
243  7521.41
242.9  7273.5877
242.8  7401.2168
242.7  7536.1941
242.6  7569.4043
242.5  7479.6685
242.4  7733.7316
242.3  7889.4118
242.2  7782.2775
242.1  7839.3195
242  8033.3621
241.9  8074.31
241.8  8197.6067
241.7  8124.7819
241.6  8243.9022
241.5  8323.9546
241.4  8552.5465
241.3  8548.8048
241.2  8535.4408
241.1  8569.4525
241  8812.9785
240.9  8893.6133
240.8  8616.2407
240.7  8962.6193
240.6  8881.0786
240.5  9069.1285
240.4  9087.2001
240.3  9120.0756
240.2  9230.312
240.1  9401.9197
240  9455.2582
239.9  9534.5793
239.8  9337.775
239.7  9421.666
239.6  9449.0378
239.5  9450.5368
239.4  9522.7951
239.3  9464.8954
239.2  9500.0748
239.1  9446.7887
239  9470.8491
238.9  9594.5932
238.8  9695.3613
238.7  9555.1457
238.6  9525.6105
238.5  9689.3023
238.4  9608.2763
238.3  9801.5204
238.2  9870.1739
238.1  10042.185
238  9722.2654
237.9  9810.4634
237.8  10027.155
237.7  9826.068
237.6  9854.4575
237.5  10177.859
237.4  10196.189
237.3  10229.184
237.2  9966.6826
237.1  9981.1231
237  9934.722
236.9  10019.453
236.8  10130.282
236.7  10081.344
236.6  9942.3435
236.5  9924.3493
236.4  9904.3668
236.3  9530.8308
236.2  9701.4793
236.1  9705.5826
236  9642.1437
235.9  9545.8466
235.8  9254.3909
235.7  9224.5085
235.6  9051.7836
235.5  9083.1884
235.4  8651.4454
235.3  8420.7482
235.2  8412.2445
235.1  8220.9143
235  8171.1041
234.9  7963.9111
234.8  8030.8286
234.7  7717.3147
234.6  7605.8778
234.5  7635.2988
234.4  7627.2224
234.3  7419.6856
234.2  7599.7353
234.1  7291.6415
234  7399.1059
233.9  7382.7916
233.8  7212.9666
233.7  7217.0421
233.6  7277.9402
233.5  7022.5553
233.4  7074.1242
233.3  7154.2204
233.2  7115.0569
233.1  6900.7541
233  7144.8506
232.9  6898.7401
232.8  7154.655
232.7  7177.4766
232.6  7116.3218
232.5  7070.9505
232.4  7083.9264
232.3  6999.9788
232.2  6918.0371
232.1  7114.3475
232  6998.2009
231.9  6978.3911
231.8  7042.1005
231.7  6781.2979
231.6  6882.8677
231.5  7001.513
231.4  6732.3406
231.3  7033.5179
231.2  7132.9362
231.1  7096.2249
231  6957.1573
230.9  6876.3645
230.8  7044.5624
230.7  7063.9203
230.6  7072.2373
230.5  6982.5831
230.4  6828.1451
230.3  6848.3154
230.2  6868.3667
230.1  6946.2618
230  6887.6223
229.9  6782.8028
229.8  6854.8691
229.7  6784.7237
229.6  6838.3936
229.5  6973.7384
229.4  6902.757
229.3  6738.8864
229.2  7083.6339
229.1  7051.5535
229  6904.9947
228.9  6787.8078
228.8  6826.5518
228.7  7171.4099
228.6  7006.4984
228.5  6929.4355
228.4  7102.222
228.3  6992.9244
228.2  6946.2729
228.1  6799.0357
228  6966.6167
227.9  7058.8384
227.8  6913.6924
227.7  6858.3706
227.6  7039.8219
227.5  7047.2868
227.4  7080.4927
227.3  6996.8076
227.2  7088.6221
227.1  6833.9591
227  6884.9945
226.9  6887.0225
226.8  7002.3523
226.7  6913.0555
226.6  6985.0891
226.5  6949.9438
226.4  6948.2546
226.3  6974.5168
226.2  6998.819
226.1  6861.4774
226  6837.9343
225.9  6832.5229
225.8  6947.7999
225.7  6993.5708
225.6  7064.5166
225.5  6861.6408
225.4  6828.3218
225.3  6831.308
225.2  6801.2317
225.1  6925.5768
225  6742.4403
224.9  6797.1252
224.8  6891.5104
224.7  6700.2841
224.6  6720.4439
224.5  6848.3742
224.4  6800.9691
224.3  6940.8661
224.2  6797.1842
224.1  6656.3107
224  6619.7626
223.9  6849.6192
223.8  6699.5465
223.7  6621.6881
223.6  6730.9388
223.5  6790.1985
223.4  6712.121
223.3  6817.8654
223.2  6678.8826
223.1  6762.4427
223  6753.4951
222.9  6696.7428
222.8  6552.1318
222.7  6658.5434
222.6  6692.2604
222.5  6570.1982
222.4  6545.2151
222.3  6591.8029
222.2  6562.6764
222.1  6480.2671
222  6493.6777
221.9  6715.2352
221.8  6697.8895
221.7  6639.8716
221.6  6440.0852
221.5  6436.6059
221.4  6552.3158
221.3  6570.0363
221.2  6446.1505
221.1  6626.7314
221  6792.8643
220.9  6697.791
220.8  6660.5326
220.7  6916.6713
220.6  6525.1511
220.5  6434.8903
220.4  6484.18
220.3  6643.8889
220.2  6632.8475
220.1  6568.2377
220  6596.8331
219.9  6549.1517
219.8  6871.2696
219.7  6577.6488
219.6  6617.684
219.5  6635.9517
219.4  6648.129
219.3  6670.0837
219.2  6601.3753
219.1  6626.592
219  6665.359
218.9  6623.471
218.8  6660.3959
218.7  6485.8122
218.6  6480.6811
218.5  6459.7637
218.4  6675.5054
218.3  6632.8806
218.2  6576.017
218.1  6519.0093
218  6586.5888
217.9  6793.4184
217.8  6671.4046
217.7  6676.9372
217.6  6691.2662
217.5  6717.1786
217.4  6672.5084
217.3  6666.9187
217.2  6601.9498
217.1  6574.4783
217  6696.9684
216.9  6588.0538
216.8  6469.6685
216.7  6583.1564
216.6  6542.8284
216.5  6633.018
216.4  6521.3757
216.3  6595.0763
216.2  6484.9247
216.1  6450.4043
216  6485.7996
215.9  6637.9978
215.8  6524.5437
215.7  6663.5312
215.6  6500.1378
215.5  6621.4247
215.4  6621.0006
215.3  6500.6108
215.2  6546.9784
215.1  6563.0147
215  6375.0203

# Region:                       Mo 3d Hi Res
# Spectrum ID:                  5
# Acquisition Date:             04/23/26 18:24:52 UTC
# Analysis Method:              XPS
# Analyzer:                     PHOIBOS MCD5 Analyzer
# Analyzer Lens:                LargeArea:1.5kV
# Analyzer Slit:                5:7x20\B:open
# Scan Mode:                    FixedAnalyzerTransmission
# Curves/Scan:                  1
# Values/Curve:                 421
# Dwell Time:                   0.1
# Excitation Energy:            1486.61
# Binding Energy:               257
# Pass Energy:                  10
# Bias Voltage:                 90
# Detector Voltage:             3000
# Eff. Workfunction:            4.543
# Source:                       X-Ray Dummy
# Comment:                      
#
# Cycle: 0
# Number of Scans: 20
#
# Cycle: 0, Curve: 0
# Acquisition Date:             04/23/26 18:24:52 UTC
#
# ColumnLabels:                 energy counts/s
#
257  456.39391
256.9  417.41616
256.8  436.39913
256.7  417.05869
256.6  433.99296
256.5  444.97007
256.4  414.69393
256.3  432.18704
256.2  432.97873
256.1  438.97445
256  422.99308
255.9  439.15774
255.8  440.07496
255.7  448.04171
255.6  434.86387
255.5  418.99469
255.4  411.75676
255.3  436.06139
255.2  433.09672
255.1  436.43511
255  430.08447
254.9  449.23763
254.8  439.54291
254.7  432.05794
254.6  428.99688
254.5  427.08857
254.4  429.03323
254.3  440.53412
254.2  435.56901
254.1  459.4496
254  438.98962
253.9  422.24947
253.8  430.87907
253.7  424.64653
253.6  436.96798
253.5  449.04126
253.4  424.69608
253.3  433.70886
253.2  433.07063
253.1  417.02524
253  420.30035
252.9  414.38261
252.8  413.46785
252.7  420.07029
252.6  432.52546
252.5  424.60688
252.4  427.80754
252.3  410.64964
252.2  423.32005
252.1  443.78466
252  437.25712
251.9  430.85374
251.8  453.80791
251.7  428.5518
251.6  441.01015
251.5  425.4237
251.4  438.77342
251.3  469.32075
251.2  448.28156
251.1  411.13486
251  420.29491
250.9  410.95324
250.8  422.01245
250.7  408.05534
250.6  415.20511
250.5  407.08214
250.4  410.27678
250.3  420.48788
250.2  416.51357
250.1  414.67778
250  436.14168
249.9  416.94377
249.8  431.73668
249.7  431.33225
249.6  419.03216
249.5  431.62801
249.4  421.26375
249.3  401.11655
249.2  428.07715
249.1  420.08737
249  414.72167
248.9  413.07479
248.8  428.86439
248.7  415.41079
248.6  412.93651
248.5  459.45298
248.4  414.75734
248.3  432.71827
248.2  430.25678
248.1  435.65035
248  424.28636
247.9  415.24512
247.8  430.63411
247.7  424.69778
247.6  425.07771
247.5  432.84413
247.4  439.09539
247.3  396.08868
247.2  435.17831
247.1  417.58613
247  426.48199
246.9  419.13581
246.8  422.0591
246.7  407.64923
246.6  408.54483
246.5  415.7787
246.4  431.50723
246.3  430.60211
246.2  423.84456
246.1  411.57566
246  405.25423
245.9  436.96994
245.8  410.70005
245.7  428.18927
245.6  398.7519
245.5  407.3438
245.4  422.99812
245.3  413.94618
245.2  415.34427
245.1  392.8801
245  413.28547
244.9  413.76752
244.8  447.18002
244.7  425.74715
244.6  437.97605
244.5  432.56231
244.4  410.72025
244.3  417.76149
244.2  412.64824
244.1  416.33855
244  414.03183
243.9  416.0714
243.8  415.07168
243.7  416.67277
243.6  419.17407
243.5  401.15278
243.4  434.50231
243.3  405.93949
243.2  393.12935
243.1  418.28952
243  414.51384
242.9  411.08353
242.8  418.40122
242.7  424.30294
242.6  438.45857
242.5  414.39145
242.4  417.60098
242.3  427.24875
242.2  421.32127
242.1  455.47192
242  418.39454
241.9  403.5316
241.8  424.76075
241.7  457.10204
241.6  461.96761
241.5  450.29736
241.4  456.45977
241.3  452.77132
241.2  454.54706
241.1  468.15568
241  473.29485
240.9  479.78537
240.8  491.33461
240.7  506.31118
240.6  471.06142
240.5  503.50044
240.4  488.19337
240.3  506.98034
240.2  523.94334
240.1  520.388
240  494.8243
239.9  528.21867
239.8  520.66614
239.7  520.88382
239.6  514.31972
239.5  505.46183
239.4  516.26469
239.3  504.11484
239.2  514.04789
239.1  488.08585
239  486.59258
238.9  507.45952
238.8  502.06215
238.7  500.23056
238.6  502.28391
238.5  505.04993
238.4  498.26705
238.3  503.07311
238.2  492.06266
238.1  517.76567
238  507.66099
237.9  517.946
237.8  524.36061
237.7  536.56025
237.6  541.11897
237.5  551.19938
237.4  566.78583
237.3  545.83397
237.2  566.10449
237.1  555.18778
237  559.3605
236.9  583.71717
236.8  597.93116
236.7  531.62941
236.6  556.02283
236.5  571.53646
236.4  550.85337
236.3  506.68485
236.2  495.33759
236.1  517.02373
236  508.83857
235.9  478.35731
235.8  487.54525
235.7  475.2252
235.6  473.96762
235.5  470.20697
235.4  459.96117
235.3  470.45805
235.2  459.08761
235.1  447.33254
235  458.52727
234.9  428.46921
234.8  414.42999
234.7  436.88008
234.6  445.58223
234.5  433.6251
234.4  415.73507
234.3  423.6766
234.2  422.78687
234.1  408.34276
234  386.72532
233.9  411.35717
233.8  416.36156
233.7  416.0133
233.6  397.66013
233.5  400.05263
233.4  400.94761
233.3  405.11904
233.2  400.86563
233.1  386.09092
233  389.86093
232.9  392.55185
232.8  376.96371
232.7  388.10895
232.6  378.76347
232.5  397.85722
232.4  412.85264
232.3  369.52014
232.2  391.46852
232.1  382.40171
232  396.21713
231.9  401.09318
231.8  399.37661
231.7  387.90903
231.6  384.00886
231.5  372.04629
231.4  413.51563
231.3  405.59529
231.2  395.10835
231.1  419.07638
231  396.21214
230.9  385.9563
230.8  364.31402
230.7  394.02909
230.6  416.9603
230.5  391.0832
230.4  395.22214
230.3  407.09764
230.2  388.29933
230.1  412.79446
230  397.96507
229.9  391.19979
229.8  393.31379
229.7  414.64711
229.6  419.71765
229.5  380.67414
229.4  404.0953
229.3  409.31044
229.2  426.58702
229.1  383.62687
229  383.97972
228.9  369.8242
228.8  410.00136
228.7  404.17882
228.6  404.22408
228.5  402.60999
228.4  389.50267
228.3  378.12496
228.2  380.53534
228.1  377.75389
228  394.65014
227.9  407.32257
227.8  410.21948
227.7  401.23376
227.6  390.13009
227.5  365.19896
227.4  394.09769
227.3  406.28816
227.2  385.40272
227.1  407.88683
227  402.50918
226.9  395.66032
226.8  400.40056
226.7  412.7578
226.6  424.716
226.5  393.10312
226.4  390.44168
226.3  384.44761
226.2  397.4796
226.1  387.11182
226  398.72651
225.9  411.75519
225.8  403.16196
225.7  373.35052
225.6  380.51231
225.5  391.31581
225.4  391.2891
225.3  383.14183
225.2  357.68383
225.1  387.45887
225  402.03052
224.9  390.20611
224.8  412.86365
224.7  388.61726
224.6  404.5048
224.5  361.30066
224.4  385.46432
224.3  391.38932
224.2  388.3265
224.1  392.23359
224  390.96954
223.9  385.16205
223.8  373.72238
223.7  364.59855
223.6  375.85344
223.5  375.72184
223.4  388.87254
223.3  409.28804
223.2  398.55703
223.1  387.49329
223  382.76103
222.9  390.26741
222.8  396.6287
222.7  383.87621
222.6  393.56576
222.5  364.96323
222.4  385.55535
222.3  397.11833
222.2  381.3433
222.1  382.24712
222  374.5011
221.9  392.21522
221.8  384.98832
221.7  408.60849
221.6  407.79392
221.5  391.13276
221.4  386.90868
221.3  380.6228
221.2  405.20994
221.1  381.46792
221  400.7925
220.9  373.59408
220.8  384.34733
220.7  388.03943
220.6  384.64525
220.5  395.67052
220.4  369.87709
220.3  403.73707
220.2  378.8162
220.1  400.83403
220  397.14126
219.9  387.10981
219.8  386.90347
219.7  382.86926
219.6  378.11897
219.5  398.61217
219.4  371.14698
219.3  379.65683
219.2  398.85276
219.1  385.37923
219  379.12086
218.9  387.02491
218.8  388.30078
218.7  382.27869
218.6  409.41205
218.5  377.19468
218.4  397.0211
218.3  381.87377
218.2  371.46653
218.1  373.31548
218  393.28389
217.9  383.64671
217.8  414.32005
217.7  392.01549
217.6  384.96039
217.5  395.49181
217.4  368.57538
217.3  373.60574
217.2  393.53472
217.1  390.1986
217  389.83881
216.9  388.19987
216.8  387.15017
216.7  346.48735
216.6  386.39205
216.5  390.62688
216.4  374.95053
216.3  387.60722
216.2  375.64023
216.1  386.50251
216  374.53521
215.9  370.42912
215.8  377.35707
215.7  372.34671
215.6  372.96716
215.5  399.21826
215.4  366.24458
215.3  378.74103
215.2  388.89854
215.1  387.58043
215  363.97061

# Operation:                    Multi Peak Fit
# Parameter: "Peak Function" = Voigt
# Parameter: "Background Function" = Tougaard 2
# Parameter: "Baseline" = Constant
# Parameter: "LM Parameters/Max Iterations" = 200
# Parameter: "LM Parameters/Tolerance" = 2.2204459999999999e-16
# Parameter: "Baseline/BL_I/Value" = nan counts
# Parameter: "Peak 1/C/Value" = nan eV
# Parameter: "Peak 1/A/Value" = nan counts eV
# Parameter: "Peak 1/FL/Value" = nan eV
# Parameter: "Peak 1/FG/Value" = nan eV
# Parameter: "Peak 1/a/Value" = 0
# Parameter: "Peak 1/a/Constraint" = Fixed: 0
# Parameter: "Peak 1/TB/Value" = nan eV^2
# Parameter: "Peak 1/TC/Value" = 1643 eV^2
# Parameter: "Peak 1/TC/Constraint" = Fixed: 1643
# Parameter: "Peak 2/C/Value" = nan eV
# Parameter: "Peak 2/A/Value" = nan counts eV
# Parameter: "Peak 2/FL/Value" = nan eV
# Parameter: "Peak 2/FG/Value" = nan eV
# Parameter: "Peak 2/a/Value" = 0
# Parameter: "Peak 2/a/Constraint" = Fixed: 0
# Parameter: "Peak 2/TB/Value" = nan eV^2
# Parameter: "Peak 2/TC/Value" = 1643 eV^2
# Parameter: "Peak 2/TC/Constraint" = Fixed: 1643
#
# Result:
# Number of Results:            5
# Parameter: "Baseline/BL_I/Value" = 772.37999115540879 counts +- 2.5060362274127836
# Parameter: "Peak 1/C/Value" = 1249.6609407592823 eV +- 0.05303571755757553
# Parameter: "Peak 1/C/Constraint" = Restricted: 1229.61 .. 1271.61
# Parameter: "Peak 1/Relative Area/Value" = 67.587683058011976 %
# Parameter: "Peak 1/A/Value" = 1313.1402211037005 counts eV +- 107.42546582721425
# Parameter: "Peak 1/FL/Value" = 2.3174896072390658 eV +- 0.35376908798173196
# Parameter: "Peak 1/FG/Value" = 0.67319607219424005 eV +- 0.71388481993993702
# Parameter: "Peak 1/F/Value" = 2.5103408629610726 eV
# Parameter: "Peak 1/a/Value" = 0 +- 0
# Parameter: "Peak 1/a/Constraint" = Fixed: 0
# Parameter: "Peak 1/TB/Value" = 12142.82247590059 eV^2 +- 729.97239042752244
# Parameter: "Peak 1/TC/Value" = 1643 eV^2 +- 0
# Parameter: "Peak 1/TC/Constraint" = Fixed: 1643
# Parameter: "Peak 2/C/Value" = 1246.6307874681881 eV +- 0.083512829319549925
# Parameter: "Peak 2/C/Constraint" = Restricted: 1229.61 .. 1271.61
# Parameter: "Peak 2/Relative Area/Value" = 32.412316941988017 %
# Parameter: "Peak 2/A/Value" = 629.72889600540884 counts eV +- 103.19770088374915
# Parameter: "Peak 2/FL/Value" = 1.2485672530968575 eV +- 0.75203157766514428
# Parameter: "Peak 2/FG/Value" = 1.7619089690012362 eV +- 0.62305546525714539
# Parameter: "Peak 2/F/Value" = 2.5227418334184142 eV
# Parameter: "Peak 2/a/Value" = 0 +- 0
# Parameter: "Peak 2/a/Constraint" = Fixed: 0
# Parameter: "Peak 2/TB/Value" = 1.8189894035458565e-12 eV^2 +- 0
# Parameter: "Peak 2/TC/Value" = 1643 eV^2 +- 0
# Parameter: "Peak 2/TC/Constraint" = Fixed: 1643
# Parameter: "Fit Result/ChiSquare" = 332.03135200819219
# Parameter: "Fit Result/Reduced ChiSquare" = 0.81181259659704696
# Parameter: "Fit Result/Abbe Factor" = 0.87133662953551394
# Parameter: "Fit Result/Q-Probability" = 0.99786586337228778
# Parameter: "Termination State" = ConvergedInChi
#
# Result Name:                  Background
# Number of Curves:             1
#
# Curve:                        0
# Values/Curve:                 336
#
257  437.6668
256.87463  437.36969
256.74925  437.07284
256.62388  436.77621
256.49851  436.47982
256.37313  436.18363
256.24776  435.88764
256.12239  435.59182
255.99701  435.29617
255.87164  435.00068
255.74627  434.70532
255.6209  434.41008
255.49552  434.11496
255.37015  433.81993
255.24478  433.52498
255.1194  433.2301
254.99403  432.93527
254.86866  432.64048
254.74328  432.34572
254.61791  432.05097
254.49254  431.75622
254.36716  431.46146
254.24179  431.16668
254.11642  430.87185
253.99104  430.57697
253.86567  430.28203
253.7403  429.98701
253.61493  429.6919
253.48955  429.39669
253.36418  429.10136
253.23881  428.80591
253.11343  428.51032
252.98806  428.21457
252.86269  427.91867
252.73731  427.6226
252.61194  427.32634
252.48657  427.02988
252.36119  426.73322
252.23582  426.43634
252.11045  426.13923
251.98507  425.84189
251.8597  425.5443
251.73433  425.24645
251.60896  424.94833
251.48358  424.64993
251.35821  424.35125
251.23284  424.05227
251.10746  423.75299
250.98209  423.45339
250.85672  423.15348
250.73134  422.85323
250.60597  422.55264
250.4806  422.25171
250.35522  421.95042
250.22985  421.64878
250.10448  421.34676
249.9791  421.04437
249.85373  420.7416
249.72836  420.43845
249.60299  420.1349
249.47761  419.83095
249.35224  419.5266
249.22687  419.22184
249.10149  418.91666
248.97612  418.61107
248.85075  418.30506
248.72537  417.99862
248.6  417.69175
248.47463  417.38445
248.34925  417.07671
248.22388  416.76853
248.09851  416.45992
247.97313  416.15086
247.84776  415.84136
247.72239  415.53142
247.59701  415.22103
247.47164  414.91019
247.34627  414.59891
247.2209  414.28719
247.09552  413.97502
246.97015  413.66241
246.84478  413.34936
246.7194  413.03587
246.59403  412.72194
246.46866  412.40758
246.34328  412.09279
246.21791  411.77758
246.09254  411.46194
245.96716  411.14589
245.84179  410.82942
245.71642  410.51256
245.59104  410.19529
245.46567  409.87763
245.3403  409.55958
245.21493  409.24116
245.08955  408.92237
244.96418  408.60322
244.83881  408.28373
244.71343  407.96389
244.58806  407.64373
244.46269  407.32325
244.33731  407.00247
244.21194  406.6814
244.08657  406.36006
243.96119  406.03845
243.83582  405.7166
243.71045  405.39453
243.58507  405.07224
243.4597  404.74975
243.33433  404.4271
243.20896  404.10429
243.08358  403.78136
242.95821  403.45831
242.83284  403.13518
242.70746  402.812
242.58209  402.48878
242.45672  402.16556
242.33134  401.84237
242.20597  401.51924
242.0806  401.1962
241.95522  400.87329
241.82985  400.55055
241.70448  400.22802
241.5791  399.90574
241.45373  399.58375
241.32836  399.26211
241.20299  398.94088
241.07761  398.62009
240.95224  398.29983
240.82687  397.98014
240.70149  397.66111
240.57612  397.34281
240.45075  397.02532
240.32537  396.70873
240.2  396.39314
240.07463  396.07865
239.94925  395.76539
239.82388  395.45347
239.69851  395.14306
239.57313  394.83429
239.44776  394.52735
239.32239  394.22242
239.19701  393.91974
239.07164  393.61953
238.94627  393.32208
238.8209  393.02769
238.69552  392.7367
238.57015  392.44951
238.44478  392.16656
238.3194  391.88834
238.19403  391.61541
238.06866  391.34839
237.94328  391.08796
237.81791  390.83485
237.69254  390.58984
237.56716  390.35372
237.44179  390.1273
237.31642  389.91131
237.19104  389.70639
237.06567  389.51304
236.9403  389.33157
236.81493  389.16208
236.68955  389.00446
236.56418  388.85838
236.43881  388.72332
236.31343  388.59865
236.18806  388.48363
236.06269  388.37748
235.93731  388.27941
235.81194  388.18866
235.68657  388.10452
235.56119  388.02633
235.43582  387.9535
235.31045  387.88549
235.18507  387.82182
235.0597  387.76207
234.93433  387.70588
234.80896  387.65291
234.68358  387.60288
234.55821  387.55552
234.43284  387.51061
234.30746  387.46796
234.18209  387.42737
234.05672  387.38869
233.93134  387.35178
233.80597  387.31651
233.6806  387.28276
233.55522  387.25043
233.42985  387.21942
233.30448  387.18965
233.1791  387.16104
233.05373  387.13352
232.92836  387.10702
232.80299  387.08149
232.67761  387.05687
232.55224  387.0331
232.42687  387.01015
232.30149  386.98797
232.17612  386.96652
232.05075  386.94576
231.92537  386.92567
231.8  386.9062
231.67463  386.88733
231.54925  386.86904
231.42388  386.85129
231.29851  386.83406
231.17313  386.81733
231.04776  386.80108
230.92239  386.78529
230.79701  386.76993
230.67164  386.755
230.54627  386.74048
230.4209  386.72635
230.29552  386.71259
230.17015  386.69919
230.04478  386.68614
229.9194  386.67343
229.79403  386.66104
229.66866  386.64897
229.54328  386.6372
229.41791  386.62572
229.29254  386.61452
229.16716  386.60359
229.04179  386.59293
228.91642  386.58253
228.79104  386.57238
228.66567  386.56247
228.5403  386.55279
228.41493  386.54333
228.28955  386.5341
228.16418  386.52508
228.03881  386.51627
227.91343  386.50767
227.78806  386.49925
227.66269  386.49103
227.53731  386.483
227.41194  386.47515
227.28657  386.46747
227.16119  386.45997
227.03582  386.45263
226.91045  386.44546
226.78507  386.43845
226.6597  386.43159
226.53433  386.42488
226.40896  386.41833
226.28358  386.41191
226.15821  386.40564
226.03284  386.39951
225.90746  386.39351
225.78209  386.38765
225.65672  386.38191
225.53134  386.3763
225.40597  386.37081
225.2806  386.36545
225.15522  386.3602
225.02985  386.35507
224.90448  386.35005
224.7791  386.34515
224.65373  386.34035
224.52836  386.33566
224.40299  386.33107
224.27761  386.32659
224.15224  386.32221
224.02687  386.31793
223.90149  386.31374
223.77612  386.30965
223.65075  386.30566
223.52537  386.30175
223.4  386.29794
223.27463  386.29421
223.14925  386.29057
223.02388  386.28702
222.89851  386.28355
222.77313  386.28016
222.64776  386.27686
222.52239  386.27363
222.39701  386.27049
222.27164  386.26742
222.14627  386.26442
222.0209  386.26151
221.89552  386.25866
221.77015  386.25589
221.64478  386.25319
221.5194  386.25056
221.39403  386.24799
221.26866  386.2455
221.14328  386.24307
221.01791  386.24071
220.89254  386.23842
220.76716  386.23619
220.64179  386.23402
220.51642  386.23191
220.39104  386.22987
220.26567  386.22789
220.1403  386.22596
220.01493  386.2241
219.88955  386.22229
219.76418  386.22054
219.63881  386.21885
219.51343  386.21721
219.38806  386.21563
219.26269  386.2141
219.13731  386.21262
219.01194  386.2112
218.88657  386.20983
218.76119  386.20851
218.63582  386.20724
218.51045  386.20603
218.38507  386.20486
218.2597  386.20374
218.13433  386.20267
218.00896  386.20165
217.88358  386.20067
217.75821  386.19974
217.63284  386.19886
217.50746  386.19802
217.38209  386.19723
217.25672  386.19648
217.13134  386.19577
217.00597  386.19511
216.8806  386.19449
216.75522  386.19391
216.62985  386.19338
216.50448  386.19288
216.3791  386.19243
216.25373  386.19201
216.12836  386.19164
216.00299  386.19131
215.87761  386.19101
215.75224  386.19075
215.62687  386.19054
215.50149  386.19035
215.37612  386.19021
215.25075  386.1901
215.12537  386.19003
215  386.19

# Result Name:                  Combined
# Number of Curves:             1
#
# Curve:                        0
# Values/Curve:                 336
#
257  438.48445
256.87463  438.19815
256.74925  437.91232
256.62388  437.62695
256.49851  437.34203
256.37313  437.05755
256.24776  436.77351
256.12239  436.4899
255.99701  436.20672
255.87164  435.92394
255.74627  435.64158
255.6209  435.35961
255.49552  435.07804
255.37015  434.79686
255.24478  434.51607
255.1194  434.23566
254.99403  433.95562
254.86866  433.67595
254.74328  433.39665
254.61791  433.11772
254.49254  432.83915
254.36716  432.56094
254.24179  432.28309
254.11642  432.0056
253.99104  431.72846
253.86567  431.45169
253.7403  431.17528
253.61493  430.89923
253.48955  430.62354
253.36418  430.34822
253.23881  430.07328
253.11343  429.79871
252.98806  429.52453
252.86269  429.25073
252.73731  428.97733
252.61194  428.70434
252.48657  428.43177
252.36119  428.15963
252.23582  427.88792
252.11045  427.61667
251.98507  427.34589
251.8597  427.07559
251.73433  426.80579
251.60896  426.53651
251.48358  426.26778
251.35821  425.99961
251.23284  425.73203
251.10746  425.46506
250.98209  425.19874
250.85672  424.93309
250.73134  424.66815
250.60597  424.40395
250.4806  424.14053
250.35522  423.87793
250.22985  423.61619
250.10448  423.35536
249.9791  423.09549
249.85373  422.83663
249.72836  422.57883
249.60299  422.32217
249.47761  422.0667
249.35224  421.8125
249.22687  421.55963
249.10149  421.30818
248.97612  421.05823
248.85075  420.80988
248.72537  420.56321
248.6  420.31835
248.47463  420.07539
248.34925  419.83446
248.22388  419.59569
248.09851  419.35922
247.97313  419.12519
247.84776  418.89377
247.72239  418.66514
247.59701  418.43947
247.47164  418.21697
247.34627  417.99785
247.2209  417.78236
247.09552  417.57074
246.97015  417.36328
246.84478  417.16027
246.7194  416.96204
246.59403  416.76895
246.46866  416.58139
246.34328  416.39978
246.21791  416.22458
246.09254  416.05631
245.96716  415.89553
245.84179  415.74286
245.71642  415.599
245.59104  415.46469
245.46567  415.34079
245.3403  415.22825
245.21493  415.12812
245.08955  415.04158
244.96418  414.96999
244.83881  414.91486
244.71343  414.87792
244.58806  414.86114
244.46269  414.86679
244.33731  414.89748
244.21194  414.95627
244.08657  415.04671
243.96119  415.17299
243.83582  415.34007
243.71045  415.55387
243.58507  415.82152
243.4597  416.15161
243.33433  416.55458
243.20896  417.04318
243.08358  417.63296
242.95821  418.34292
242.83284  419.19616
242.70746  420.22056
242.58209  421.44944
242.45672  422.92193
242.33134  424.68304
242.20597  426.78315
242.0806  429.27658
241.95522  432.21915
241.82985  435.66436
241.70448  439.65821
241.5791  444.23272
241.45373  449.39854
241.32836  455.1372
241.20299  461.39411
241.07761  468.0733
240.95224  475.03528
240.82687  482.09907
240.70149  489.04905
240.57612  495.64701
240.45075  501.64853
240.32537  506.82253
240.2  510.97184
240.07463  513.95241
239.94925  515.68877
239.82388  516.18362
239.69851  515.52031
239.57313  513.85798
239.44776  511.42008
239.32239  508.47788
239.19701  505.33139
239.07164  502.28979
238.94627  499.65375
238.8209  497.70091
238.69552  496.67522
238.57015  496.77961
238.44478  498.17063
238.3194  500.95307
238.19403  505.17199
238.06866  510.80039
237.94328  517.72162
237.81791  525.70836
237.69254  534.4035
237.56716  543.31181
237.44179  551.81327
237.31642  559.20709
237.19104  564.78824
237.06567  567.94639
236.9403  568.26571
236.81493  565.59804
236.68955  560.08692
236.56418  552.13446
236.43881  542.32178
236.31343  531.30696
236.18806  519.72797
236.06269  508.13115
235.93731  496.93353
235.81194  486.41631
235.68657  476.73988
235.56119  467.96965
235.43582  460.10385
235.31045  453.09812
235.18507  446.88454
235.0597  441.38507
234.93433  436.52018
234.80896  432.21396
234.68358  428.39676
234.55821  425.00622
234.43284  421.98743
234.30746  419.29253
234.18209  416.88007
234.05672  414.71429
233.93134  412.76439
233.80597  411.00386
233.6806  409.40989
233.55522  407.96277
233.42985  406.64551
233.30448  405.44338
233.1791  404.34362
233.05373  403.33512
232.92836  402.40819
232.80299  401.55437
232.67761  400.76624
232.55224  400.03728
232.42687  399.36173
232.30149  398.73453
232.17612  398.15117
232.05075  397.60766
231.92537  397.10045
231.8  396.62638
231.67463  396.1826
231.54925  395.76657
231.42388  395.37603
231.29851  395.00891
231.17313  394.66336
231.04776  394.33772
230.92239  394.03047
230.79701  393.74023
230.67164  393.46577
230.54627  393.20594
230.4209  392.95972
230.29552  392.72615
230.17015  392.50438
230.04478  392.29362
229.9194  392.09313
229.79403  391.90225
229.66866  391.72038
229.54328  391.54694
229.41791  391.38141
229.29254  391.22331
229.16716  391.07221
229.04179  390.92768
228.91642  390.78934
228.79104  390.65685
228.66567  390.52987
228.5403  390.40809
228.41493  390.29124
228.28955  390.17905
228.16418  390.07126
228.03881  389.96765
227.91343  389.868
227.78806  389.77212
227.66269  389.6798
227.53731  389.59088
227.41194  389.50519
227.28657  389.42257
227.16119  389.34288
227.03582  389.26597
226.91045  389.19172
226.78507  389.12001
226.6597  389.05072
226.53433  388.98374
226.40896  388.91897
226.28358  388.85631
226.15821  388.79568
226.03284  388.73699
225.90746  388.68015
225.78209  388.62508
225.65672  388.57172
225.53134  388.52
225.40597  388.46984
225.2806  388.42119
225.15522  388.37399
225.02985  388.32818
224.90448  388.2837
224.7791  388.24051
224.65373  388.19856
224.52836  388.1578
224.40299  388.11819
224.27761  388.07968
224.15224  388.04224
224.02687  388.00583
223.90149  387.9704
223.77612  387.93594
223.65075  387.9024
223.52537  387.86975
223.4  387.83796
223.27463  387.807
223.14925  387.77685
223.02388  387.74747
222.89851  387.71885
222.77313  387.69096
222.64776  387.66377
222.52239  387.63727
222.39701  387.61142
222.27164  387.58622
222.14627  387.56164
222.0209  387.53765
221.89552  387.51426
221.77015  387.49142
221.64478  387.46914
221.5194  387.44739
221.39403  387.42616
221.26866  387.40543
221.14328  387.38519
221.01791  387.36542
220.89254  387.34612
220.76716  387.32726
220.64179  387.30884
220.51642  387.29084
220.39104  387.27325
220.26567  387.25606
220.1403  387.23927
220.01493  387.22285
219.88955  387.20681
219.76418  387.19112
219.63881  387.17578
219.51343  387.16079
219.38806  387.14613
219.26269  387.13179
219.13731  387.11778
219.01194  387.10407
218.88657  387.09066
218.76119  387.07754
218.63582  387.06471
218.51045  387.05216
218.38507  387.03989
218.2597  387.02788
218.13433  387.01613
218.00896  387.00464
217.88358  386.99339
217.75821  386.98238
217.63284  386.97162
217.50746  386.96108
217.38209  386.95077
217.25672  386.94069
217.13134  386.93082
217.00597  386.92116
216.8806  386.91171
216.75522  386.90246
216.62985  386.89341
216.50448  386.88455
216.3791  386.87588
216.25373  386.8674
216.12836  386.8591
216.00299  386.85098
215.87761  386.84304
215.75224  386.83526
215.62687  386.82765
215.50149  386.82021
215.37612  386.81293
215.25075  386.8058
215.12537  386.79883
215  386.79201

# Result Name:                  Peak 1
# Number of Curves:             1
#
# Curve:                        0
# Values/Curve:                 336
#
257  438.26751
256.87463  437.97797
256.74925  437.68881
256.62388  437.40005
256.49851  437.11165
256.37313  436.82362
256.24776  436.53595
256.12239  436.24861
255.99701  435.96161
255.87164  435.67494
255.74627  435.38858
255.6209  435.10252
255.49552  434.81676
255.37015  434.53128
255.24478  434.24608
255.1194  433.96115
254.99403  433.67648
254.86866  433.39207
254.74328  433.1079
254.61791  432.82397
254.49254  432.54027
254.36716  432.25679
254.24179  431.97354
254.11642  431.69049
253.99104  431.40766
253.86567  431.12503
253.7403  430.8426
253.61493  430.56036
253.48955  430.27831
253.36418  429.99644
253.23881  429.71476
253.11343  429.43327
252.98806  429.15195
252.86269  428.87081
252.73731  428.58985
252.61194  428.30907
252.48657  428.02846
252.36119  427.74804
252.23582  427.46779
252.11045  427.18774
251.98507  426.90786
251.8597  426.62819
251.73433  426.3487
251.60896  426.06942
251.48358  425.79035
251.35821  425.51149
251.23284  425.23286
251.10746  424.95447
250.98209  424.67631
250.85672  424.39842
250.73134  424.12079
250.60597  423.84345
250.4806  423.5664
250.35522  423.28967
250.22985  423.01327
250.10448  422.73722
249.9791  422.46155
249.85373  422.18627
249.72836  421.9114
249.60299  421.63699
249.47761  421.36304
249.35224  421.0896
249.22687  420.81669
249.10149  420.54434
248.97612  420.27261
248.85075  420.00151
248.72537  419.7311
248.6  419.46141
248.47463  419.1925
248.34925  418.92441
248.22388  418.6572
248.09851  418.39092
247.97313  418.12564
247.84776  417.86142
247.72239  417.59832
247.59701  417.33641
247.47164  417.07579
247.34627  416.81652
247.2209  416.55869
247.09552  416.30241
246.97015  416.04776
246.84478  415.79485
246.7194  415.5438
246.59403  415.29473
246.46866  415.04776
246.34328  414.80303
246.21791  414.56069
246.09254  414.3209
245.96716  414.08382
245.84179  413.84962
245.71642  413.61851
245.59104  413.39069
245.46567  413.16638
245.3403  412.94581
245.21493  412.72923
245.08955  412.51693
244.96418  412.30919
244.83881  412.10633
244.71343  411.90869
244.58806  411.71664
244.46269  411.53057
244.33731  411.35092
244.21194  411.17814
244.08657  411.01275
243.96119  410.85529
243.83582  410.70636
243.71045  410.5666
243.58507  410.43671
243.4597  410.31747
243.33433  410.20972
243.20896  410.11438
243.08358  410.03245
242.95821  409.96505
242.83284  409.91339
242.70746  409.87881
242.58209  409.8628
242.45672  409.867
242.33134  409.89322
242.20597  409.94347
242.0806  410.02001
241.95522  410.12532
241.82985  410.2622
241.70448  410.43378
241.5791  410.64357
241.45373  410.8955
241.32836  411.19404
241.20299  411.54421
241.07761  411.95172
240.95224  412.42304
240.82687  412.96556
240.70149  413.58769
240.57612  414.2991
240.45075  415.11086
240.32537  416.03573
240.2  417.08844
240.07463  418.286
239.94925  419.64814
239.82388  421.19776
239.69851  422.96146
239.57313  424.97016
239.44776  427.25979
239.32239  429.87197
239.19701  432.85477
239.07164  436.26325
238.94627  440.15982
238.8209  444.61398
238.69552  449.70104
238.57015  455.49917
238.44478  462.08385
238.3194  469.51858
238.19403  477.84062
238.06866  487.04107
237.94328  497.03952
237.81791  507.65603
237.69254  518.586
237.56716  529.38733
237.44179  539.49053
237.31642  548.24083
237.19104  554.9737
237.06567  559.11356
236.9403  560.27381
236.81493  558.33055
236.68955  553.44718
236.56418  546.04203
236.43881  536.70941
236.31343  526.11808
236.18806  514.91473
236.06269  503.65281
235.93731  492.75518
235.81194  482.50786
235.68657  473.07525
235.56119  464.52609
235.43582  456.86144
235.31045  450.03931
235.18507  443.99382
235.0597  438.64866
234.93433  433.92581
234.80896  429.75064
234.68358  426.05463
234.55821  422.77641
234.43284  419.86191
234.30746  417.26405
234.18209  414.94203
234.05672  412.86069
233.93134  410.98976
233.80597  409.30321
233.6806  407.77861
233.55522  406.39667
233.42985  405.14071
233.30448  403.99632
233.1791  402.951
233.05373  401.99389
232.92836  401.11554
232.80299  400.30769
232.67761  399.56309
232.55224  398.8754
232.42687  398.23902
232.30149  397.64902
232.17612  397.10103
232.05075  396.59118
231.92537  396.11603
231.8  395.6725
231.67463  395.25787
231.54925  394.86966
231.42388  394.50569
231.29851  394.16397
231.17313  393.84272
231.04776  393.54034
230.92239  393.25537
230.79701  392.98649
230.67164  392.73251
230.54627  392.49233
230.4209  392.26498
230.29552  392.04954
230.17015  391.84519
230.04478  391.65118
229.9194  391.46682
229.79403  391.29146
229.66866  391.12453
229.54328  390.9655
229.41791  390.81385
229.29254  390.66915
229.16716  390.53097
229.04179  390.39891
228.91642  390.27262
228.79104  390.15176
228.66567  390.03603
228.5403  389.92513
228.41493  389.8188
228.28955  389.71678
228.16418  389.61884
228.03881  389.52477
227.91343  389.43436
227.78806  389.34743
227.66269  389.26379
227.53731  389.18328
227.41194  389.10575
227.28657  389.03105
227.16119  388.95903
227.03582  388.88959
226.91045  388.82258
226.78507  388.7579
226.6597  388.69544
226.53433  388.63511
226.40896  388.5768
226.28358  388.52042
226.15821  388.4659
226.03284  388.41314
225.90746  388.36209
225.78209  388.31265
225.65672  388.26477
225.53134  388.21838
225.40597  388.17343
225.2806  388.12984
225.15522  388.08758
225.02985  388.04658
224.90448  388.00679
224.7791  387.96818
224.65373  387.93069
224.52836  387.89428
224.40299  387.85892
224.27761  387.82456
224.15224  387.79116
224.02687  387.7587
223.90149  387.72714
223.77612  387.69644
223.65075  387.66658
223.52537  387.63753
223.4  387.60925
223.27463  387.58173
223.14925  387.55494
223.02388  387.52885
222.89851  387.50344
222.77313  387.47869
222.64776  387.45457
222.52239  387.43107
222.39701  387.40817
222.27164  387.38585
222.14627  387.36408
222.0209  387.34286
221.89552  387.32217
221.77015  387.30198
221.64478  387.28229
221.5194  387.26308
221.39403  387.24434
221.26866  387.22605
221.14328  387.20819
221.01791  387.19077
220.89254  387.17376
220.76716  387.15715
220.64179  387.14093
220.51642  387.1251
220.39104  387.10963
220.26567  387.09453
220.1403  387.07977
220.01493  387.06536
219.88955  387.05128
219.76418  387.03752
219.63881  387.02408
219.51343  387.01095
219.38806  386.99811
219.26269  386.98557
219.13731  386.97331
219.01194  386.96132
218.88657  386.94961
218.76119  386.93816
218.63582  386.92697
218.51045  386.91603
218.38507  386.90534
218.2597  386.89488
218.13433  386.88466
218.00896  386.87466
217.88358  386.86489
217.75821  386.85534
217.63284  386.846
217.50746  386.83686
217.38209  386.82793
217.25672  386.8192
217.13134  386.81066
217.00597  386.80231
216.8806  386.79415
216.75522  386.78617
216.62985  386.77837
216.50448  386.77074
216.3791  386.76328
216.25373  386.75599
216.12836  386.74886
216.00299  386.7419
215.87761  386.73508
215.75224  386.72843
215.62687  386.72192
215.50149  386.71556
215.37612  386.70934
215.25075  386.70327
215.12537  386.69733
215  386.69153

# Result Name:                  Peak 2
# Number of Curves:             1
#
# Curve:                        0
# Values/Curve:                 336
#
257  437.88374
256.87463  437.58988
256.74925  437.29634
256.62388  437.00312
256.49851  436.71019
256.37313  436.41756
256.24776  436.1252
256.12239  435.83311
255.99701  435.54128
255.87164  435.24968
255.74627  434.95832
255.6209  434.66718
255.49552  434.37625
255.37015  434.08551
255.24478  433.79497
255.1194  433.5046
254.99403  433.2144
254.86866  432.92436
254.74328  432.63447
254.61791  432.34472
254.49254  432.0551
254.36716  431.76561
254.24179  431.47623
254.11642  431.18695
253.99104  430.89778
253.86567  430.60869
253.7403  430.31969
253.61493  430.03077
253.48955  429.74192
253.36418  429.45314
253.23881  429.16442
253.11343  428.87576
252.98806  428.58715
252.86269  428.29859
252.73731  428.01008
252.61194  427.72161
252.48657  427.43319
252.36119  427.14481
252.23582  426.85647
252.11045  426.56817
251.98507  426.27991
251.8597  425.9917
251.73433  425.70353
251.60896  425.41542
251.48358  425.12736
251.35821  424.83937
251.23284  424.55144
251.10746  424.26359
250.98209  423.97582
250.85672  423.68815
250.73134  423.40059
250.60597  423.11314
250.4806  422.82584
250.35522  422.53868
250.22985  422.25169
250.10448  421.9649
249.9791  421.67831
249.85373  421.39197
249.72836  421.10588
249.60299  420.82008
249.47761  420.53461
249.35224  420.2495
249.22687  419.96478
249.10149  419.6805
248.97612  419.3967
248.85075  419.11342
248.72537  418.83073
248.6  418.54868
248.47463  418.26734
248.34925  417.98676
248.22388  417.70702
248.09851  417.42821
247.97313  417.15041
247.84776  416.87372
247.72239  416.59824
247.59701  416.32408
247.47164  416.05137
247.34627  415.78025
247.2209  415.51085
247.09552  415.24336
246.97015  414.97793
246.84478  414.71478
246.7194  414.45411
246.59403  414.19617
246.46866  413.94121
246.34328  413.68954
246.21791  413.44146
246.09254  413.19735
245.96716  412.9576
245.84179  412.72266
245.71642  412.49304
245.59104  412.26929
245.46567  412.05204
245.3403  411.84202
245.21493  411.64004
245.08955  411.44703
244.96418  411.26403
244.83881  411.09226
244.71343  410.93313
244.58806  410.78824
244.46269  410.65947
244.33731  410.54904
244.21194  410.45953
244.08657  410.39402
243.96119  410.35615
243.83582  410.35031
243.71045  410.3818
243.58507  410.45705
243.4597  410.58389
243.33433  410.77196
243.20896  411.0331
243.08358  411.38187
242.95821  411.83619
242.83284  412.41796
242.70746  413.15375
242.58209  414.07542
242.45672  415.22049
242.33134  416.63219
242.20597  418.35891
242.0806  420.45278
241.95522  422.96713
241.82985  425.95271
241.70448  429.45245
241.5791  433.49489
241.45373  438.08679
241.32836  443.20527
241.20299  448.79077
241.07761  454.74167
240.95224  460.91207
240.82687  467.11366
240.70149  473.12247
240.57612  478.69072
240.45075  483.56299
240.32537  487.49552
240.2  490.27653
240.07463  491.74505
239.94925  491.80602
239.82388  490.43934
239.69851  487.70191
239.57313  483.72211
239.44776  478.68764
239.32239  472.82834
239.19701  466.39637
239.07164  459.64608
238.94627  452.816
238.8209  446.11461
238.69552  439.71087
238.57015  433.72995
238.44478  428.25334
238.3194  423.32283
238.19403  418.94678
238.06866  415.10772
237.94328  411.77006
237.81791  408.88717
237.69254  406.40733
237.56716  404.2782
237.44179  402.45004
237.31642  400.87757
237.19104  399.52093
237.06567  398.34587
236.9403  397.32347
236.81493  396.42958
236.68955  395.64421
236.56418  394.95081
236.43881  394.3357
236.31343  393.78753
236.18806  393.29687
236.06269  392.85582
235.93731  392.45776
235.81194  392.09711
235.68657  391.76916
235.56119  391.4699
235.43582  391.19591
235.31045  390.9443
235.18507  390.71254
235.0597  390.49848
234.93433  390.30025
234.80896  390.11623
234.68358  389.94501
234.55821  389.78534
234.43284  389.63613
234.30746  389.49644
234.18209  389.36541
234.05672  389.24229
233.93134  389.12641
233.80597  389.01717
233.6806  388.91403
233.55522  388.81653
233.42985  388.72422
233.30448  388.63671
233.1791  388.55366
233.05373  388.47474
232.92836  388.39967
232.80299  388.32817
232.67761  388.26002
232.55224  388.19498
232.42687  388.13286
232.30149  388.07348
232.17612  388.01666
232.05075  387.96224
231.92537  387.91009
231.8  387.86008
231.67463  387.81207
231.54925  387.76595
231.42388  387.72163
231.29851  387.679
231.17313  387.63797
231.04776  387.59845
230.92239  387.56038
230.79701  387.52367
230.67164  387.48827
230.54627  387.45409
230.4209  387.42109
230.29552  387.3892
230.17015  387.35838
230.04478  387.32858
229.9194  387.29974
229.79403  387.27184
229.66866  387.24481
229.54328  387.21864
229.41791  387.19327
229.29254  387.16868
229.16716  387.14484
229.04179  387.1217
228.91642  387.09925
228.79104  387.07746
228.66567  387.0563
228.5403  387.03575
228.41493  387.01578
228.28955  386.99637
228.16418  386.9775
228.03881  386.95915
227.91343  386.94131
227.78806  386.92394
227.66269  386.90705
227.53731  386.8906
227.41194  386.87459
227.28657  386.859
227.16119  386.84381
227.03582  386.82902
226.91045  386.8146
226.78507  386.80056
226.6597  386.78686
226.53433  386.77351
226.40896  386.7605
226.28358  386.74781
226.15821  386.73543
226.03284  386.72335
225.90746  386.71157
225.78209  386.70008
225.65672  386.68886
225.53134  386.67791
225.40597  386.66723
225.2806  386.6568
225.15522  386.64661
225.02985  386.63667
224.90448  386.62696
224.7791  386.61748
224.65373  386.60822
224.52836  386.59918
224.40299  386.59034
224.27761  386.58172
224.15224  386.57329
224.02687  386.56505
223.90149  386.55701
223.77612  386.54915
223.65075  386.54147
223.52537  386.53397
223.4  386.52664
223.27463  386.51948
223.14925  386.51248
223.02388  386.50565
222.89851  386.49896
222.77313  386.49244
222.64776  386.48606
222.52239  386.47983
222.39701  386.47374
222.27164  386.46779
222.14627  386.46197
222.0209  386.4563
221.89552  386.45075
221.77015  386.44533
221.64478  386.44004
221.5194  386.43487
221.39403  386.42982
221.26866  386.42489
221.14328  386.42007
221.01791  386.41537
220.89254  386.41078
220.76716  386.4063
220.64179  386.40192
220.51642  386.39765
220.39104  386.39349
220.26567  386.38942
220.1403  386.38546
220.01493  386.38159
219.88955  386.37782
219.76418  386.37414
219.63881  386.37055
219.51343  386.36705
219.38806  386.36365
219.26269  386.36033
219.13731  386.35709
219.01194  386.35394
218.88657  386.35088
218.76119  386.34789
218.63582  386.34499
218.51045  386.34216
218.38507  386.33941
218.2597  386.33674
218.13433  386.33414
218.00896  386.33162
217.88358  386.32917
217.75821  386.32679
217.63284  386.32448
217.50746  386.32224
217.38209  386.32007
217.25672  386.31796
217.13134  386.31593
217.00597  386.31395
216.8806  386.31204
216.75522  386.3102
216.62985  386.30841
216.50448  386.30669
216.3791  386.30503
216.25373  386.30342
216.12836  386.30188
216.00299  386.30039
215.87761  386.29896
215.75224  386.29759
215.62687  386.29627
215.50149  386.29501
215.37612  386.2938
215.25075  386.29264
215.12537  386.29153
215  386.29048

# Result Name:                  Residuum
# Number of Curves:             1
#
# Curve:                        0
# Values/Curve:                 421
#
257  17.910384
256.9  -20.838968
256.8  -1.6279006
256.7  -20.740548
256.6  -3.5787662
256.5  7.6255701
256.4  -22.423628
256.3  -4.703864
256.2  -3.685782
256.1  2.536049
256  -13.219477
255.9  3.1707756
255.8  4.3133101
255.7  12.505131
255.6  -0.4478981
255.5  -16.092516
255.4  -23.106131
255.3  1.4225627
255.2  -1.3182801
255.1  2.2436979
255  -3.8836046
254.9  15.49267
254.8  6.0208259
254.7  -1.2415011
254.6  -4.0801524
254.5  -5.7662904
254.4  -3.5996825
254.3  8.1229339
254.2  3.3793164
254.1  27.481161
254  7.2422233
253.9  -9.2771281
253.8  -0.42694388
253.7  -6.4391415
253.6  6.1024345
253.5  18.395593
253.4  -5.7299337
253.3  3.5022599
253.2  3.0832056
253.1  -12.743253
253  -9.2494532
252.9  -14.948742
252.8  -15.645317
252.7  -8.8249367
252.6  3.8479068
252.5  -3.8532664
252.4  -0.43546199
252.3  -17.376505
252.2  -4.4895213
252.1  16.191376
252  9.8798196
251.9  3.6921206
251.8  26.861659
251.7  1.8205877
251.6  14.493643
251.5  -0.87845373
251.4  12.685273
251.3  43.446237
251.2  22.620294
251.1  -14.313551
251  -4.941058
250.9  -14.070708
250.8  -2.7999275
250.7  -16.545921
250.6  -9.1855131
250.5  -17.098338
250.4  -13.694073
250.3  -3.2738916
250.2  -7.0396763
250.1  -8.6675259
250  13.003705
249.9  -5.9875172
249.8  9.0114192
249.7  8.8123193
249.6  -3.2831684
249.5  9.5165205
249.4  -0.64469021
249.3  -20.589678
249.2  6.5722596
249.1  -1.2170878
249  -6.3833211
248.9  -7.8317264
248.8  8.1552887
248.7  -5.1019936
248.6  -7.3811126
248.5  39.329307
248.4  -5.17367
248.3  12.978596
248.2  10.707026
248.1  16.289047
248  5.1119485
247.9  -3.7440422
247.8  11.828481
247.7  6.073876
247.6  6.6336075
247.5  14.577831
247.4  21.004765
247.3  -21.828506
247.2  17.432194
247.1  0.008599047
247  9.0703951
246.9  1.8873741
246.8  4.9708843
246.7  -9.2818946
246.6  -8.2325157
246.5  -0.84835132
246.4  15.026744
246.3  14.264249
246.2  7.6451377
246.1  -4.4897807
246  -10.681976
245.9  21.157923
245.8  -4.9931752
245.7  12.609095
245.6  -16.721378
245.5  -8.029161
245.4  7.7184254
245.3  -1.2478136
245.2  0.22785263
245.1  -22.167483
245  -1.7027079
244.9  -1.1714427
244.8  32.279277
244.7  10.872683
244.6  23.114884
244.5  17.70034
244.4  -4.1579271
244.3  2.8502429
244.2  -2.3145821
244.1  1.3038017
244  -1.0973249
243.9  0.82294154
243.8  -0.32378611
243.7  1.0993878
243.6  3.3881312
243.5  -14.884695
243.4  18.169252
243.3  -10.73914
243.2  -23.951773
243.1  0.74080115
243  -3.5771268
242.9  -7.63553
242.8  -1.0448177
242.7  4.0159273
242.6  17.19923
242.5  -7.9912917
242.4  -6.0783736
242.3  2.0751374
242.2  -5.570647
242.1  26.609806
242  -12.718076
241.9  -30.139593
241.8  -11.80269
241.7  17.291181
241.6  18.53899
241.5  2.8742269
241.4  4.6702474
241.3  -3.7379481
241.2  -7.0010571
241.1  1.3010004
241  0.93501079
240.9  1.8080931
240.8  7.7293819
240.7  17.181594
240.6  -23.366843
240.5  4.1237705
240.4  -15.660641
240.3  -0.76962594
240.2  12.972049
240.1  6.9402766
240  -20.312647
239.9  12.190801
239.8  4.5239777
239.7  5.3498744
239.6  0.032283319
239.5  -7.0512444
239.4  5.922358
239.3  -3.8067528
239.2  8.6420773
239.1  -14.866429
239  -14.122284
238.9  8.620253
238.8  4.6030573
238.7  3.5375407
238.6  5.641244
238.5  7.6589694
238.4  -0.73345541
238.3  1.5616959
238.2  -12.875552
238.1  8.5002276
238  -6.7808288
237.9  -2.4274244
237.8  -2.5562887
237.7  2.6861146
237.6  0.12834235
237.5  3.2393766
237.4  12.349493
237.3  -14.221416
237.2  1.6410801
237.1  -12.162795
237  -9.1232238
236.9  15.984445
236.8  32.846004
236.7  -29.016829
236.6  1.3988564
236.5  24.233832
236.4  11.843642
236.3  -23.397645
236.2  -25.501344
236.1  5.466955
236  6.3770811
235.9  -15.365301
235.8  2.0886987
235.7  -2.5082554
235.6  3.3814984
235.5  6.1879271
235.4  1.9444217
235.3  17.907324
235.2  11.50276
235.1  4.2531716
235  19.533582
234.9  -6.8190037
234.8  -17.495466
234.7  8.0094027
234.6  19.49011
234.5  10.064053
234.4  -5.5166239
234.3  4.5356231
234.2  5.5784685
234.1  -7.0929405
234  -27.081379
233.9  -0.94985111
233.8  5.4376469
233.7  6.3672265
233.6  -10.803298
233.5  -7.3144017
233.4  -5.4013036
233.3  -0.28293707
233.2  -3.6542321
233.1  -17.60596
233  -13.067027
232.9  -9.6566618
232.8  -24.570736
232.7  -12.79309
232.6  -21.544491
232.5  -1.8919667
232.4  13.629639
232.3  -29.206766
232.2  -6.7901579
232.1  -15.414539
232  -1.1806317
231.9  4.0916638
231.8  2.7506474
231.7  -8.3606435
231.6  -11.922494
231.5  -23.563527
231.4  18.211688
231.3  10.582549
231.2  0.37307752
231.1  24.605696
231  1.9939683
230.9  -8.02073
230.8  -29.432532
230.7  0.50295368
230.6  23.645124
230.5  -2.0299507
230.4  2.3025989
230.3  14.363743
230.2  -4.2564397
230.1  20.409704
230  5.7445814
229.9  -0.86280287
229.8  1.4030316
229.7  22.882457
229.6  28.09364
229.5  -10.814404
229.4  12.737293
229.3  18.078281
229.2  35.476257
229.1  -7.3667501
229  -6.9008133
228.9  -20.947105
228.8  19.335594
228.7  13.615072
228.6  13.758983
228.5  12.240335
228.4  -0.77462122
228.3  -12.062917
228.2  -9.565929
228.1  -12.263479
228  4.7140861
227.9  17.465352
227.8  20.438723
227.7  11.527174
227.6  0.49549204
227.5  -24.365765
227.4  4.6008219
227.3  16.857203
227.2  -3.9642014
227.1  18.582153
227  13.265013
226.9  6.4749826
226.8  11.272457
226.7  23.685378
226.6  35.697774
226.5  4.1376374
226.4  1.5275605
226.3  -4.4164934
226.2  8.6642221
226.1  -1.6560821
226  10.004885
225.9  23.078665
225.8  14.529406
225.7  -15.239149
225.6  -8.035527
225.5  2.80878
225.4  2.821893
225.3  -5.2865168
225.2  -30.706576
225.1  -0.89449837
225  13.713324
224.9  1.9242446
224.8  24.616296
224.7  0.4036188
224.6  16.32411
224.5  -26.847826
224.4  -2.6526841
224.3  3.3030916
224.2  0.27036885
224.1  4.2068948
224  2.9716278
223.9  -2.807696
223.8  -14.219815
223.7  -23.31668
223.6  -12.035399
223.5  -12.141176
223.4  1.0348169
223.3  21.475067
223.2  10.768295
223.1  -0.27170868
223  -4.9807179
222.9  2.5484395
222.8  8.9320385
222.7  -3.7985922
222.6  5.912372
222.5  -22.669167
222.4  -2.0564744
222.3  9.5266713
222.2  -6.2285922
222.1  -5.3053978
222  -13.032417
221.9  4.7003303
221.8  -2.5083047
221.7  21.129789
221.6  20.332792
221.5  3.6888706
221.4  -0.51829911
221.3  -6.7875949
221.2  17.815829
221.1  -5.9102197
221  13.430029
220.9  -13.753013
220.8  -2.9846614
220.7  0.72225615
220.6  -2.6573873
220.5  8.3821642
220.4  -17.397254
220.3  16.476485
220.2  -8.430876
220.1  13.600218
220  9.9204832
219.9  -0.098176526
219.8  -0.2919624
219.7  -4.3138307
219.6  -9.0520117
219.5  11.453096
219.4  -16.000406
219.3  -7.4790809
219.2  11.728135
219.1  -1.7343157
219  -7.9818008
218.9  -0.067060426
218.8  1.2193205
218.7  -4.7924463
218.6  22.35105
218.5  -9.856352
218.4  9.9798625
218.3  -5.1578487
218.2  -15.55563
218.1  -13.697392
218  6.2801516
217.9  -3.3480606
217.8  27.334106
217.7  5.0382089
217.6  -2.0083713
217.5  8.5314215
217.4  -18.376785
217.3  -13.338343
217.2  6.598591
217.1  3.2702774
217  2.9181647
216.9  1.2867694
216.8  0.24448179
216.7  -40.411051
216.6  -0.49918219
216.5  3.7426838
216.4  -11.926741
216.3  0.73674558
216.2  -11.223555
216.1  -0.35471095
216  -12.315551
215.9  -16.415294
215.8  -9.4811143
215.7  -14.485342
215.6  -13.858869
215.5  12.398148
215.4  -20.56971
215.3  -8.0675445
215.2  2.0955848
215.1  0.7829987
215  -22.821406

# Region:                       Al 2p Hi Res
# Spectrum ID:                  6
# Acquisition Date:             04/23/26 18:40:46 UTC
# Analysis Method:              XPS
# Analyzer:                     PHOIBOS MCD5 Analyzer
# Analyzer Lens:                LargeArea:1.5kV
# Analyzer Slit:                5:7x20\B:open
# Scan Mode:                    FixedAnalyzerTransmission
# Curves/Scan:                  1
# Values/Curve:                 331
# Dwell Time:                   0.1
# Excitation Energy:            1486.61
# Binding Energy:               90
# Pass Energy:                  10
# Bias Voltage:                 90
# Detector Voltage:             3000
# Eff. Workfunction:            4.543
# Source:                       X-Ray Dummy
# Comment:                      
#
# Cycle: 0
# Number of Scans: 25
#
# Cycle: 0, Curve: 0
# Acquisition Date:             04/23/26 18:40:46 UTC
#
# ColumnLabels:                 energy counts/s
#
90  207.57585
89.9  228.07402
89.8  216.89376
89.7  221.21268
89.6  227.58245
89.5  212.46964
89.4  217.12821
89.3  216.91043
89.2  204.49269
89.1  202.20884
89  224.22773
88.9  218.23914
88.8  227.1997
88.7  218.45719
88.6  214.86151
88.5  226.59087
88.4  221.56851
88.3  219.35893
88.2  215.09248
88.1  201.29555
88  204.96764
87.9  212.23242
87.8  226.39616
87.7  224.96458
87.6  214.00707
87.5  215.50324
87.4  200.04316
87.3  208.49422
87.2  214.15696
87.1  217.96769
87  205.45381
86.9  203.13566
86.8  199.05227
86.7  207.97454
86.6  215.99938
86.5  212.88742
86.4  205.76134
86.3  213.20663
86.2  193.3884
86.1  214.38932
86  231.18708
85.9  204.02643
85.8  198.27861
85.7  200.93492
85.6  199.99725
85.5  214.34744
85.4  204.59577
85.3  206.8542
85.2  212.34443
85.1  215.41506
85  200.20381
84.9  211.51049
84.8  211.39519
84.7  216.15447
84.6  213.5757
84.5  214.6269
84.4  215.19301
84.3  196.9602
84.2  217.81606
84.1  207.34099
84  191.30528
83.9  193.95831
83.8  218.96563
83.7  210.73168
83.6  207.86479
83.5  229.12898
83.4  202.46014
83.3  214.25192
83.2  205.21316
83.1  211.75878
83  210.39036
82.9  213.79481
82.8  203.51119
82.7  221.83838
82.6  195.84493
82.5  204.27138
82.4  199.67682
82.3  206.78594
82.2  200.71156
82.1  203.63609
82  208.23771
81.9  199.67793
81.8  208.31649
81.7  227.41645
81.6  224.08869
81.5  226.39709
81.4  222.83829
81.3  214.91733
81.2  213.98671
81.1  235.17
81  226.04801
80.9  234.44477
80.8  236.72111
80.7  256.19366
80.6  270.89828
80.5  262.29988
80.4  254.78937
80.3  278.78217
80.2  277.67888
80.1  290.28216
80  315.78717
79.9  305.56241
79.8  326.96461
79.7  344.99545
79.6  338.04068
79.5  352.05522
79.4  368.92376
79.3  390.00732
79.2  397.27079
79.1  404.40544
79  414.19035
78.9  422.03744
78.8  414.34832
78.7  410.8847
78.6  416.54984
78.5  433.19887
78.4  449.84294
78.3  425.88825
78.2  416.70118
78.1  424.29678
78  401.3372
77.9  382.81695
77.8  375.59717
77.7  349.03101
77.6  363.72191
77.5  357.23217
77.4  334.48107
77.3  340.80152
77.2  317.00205
77.1  294.12366
77  298.24898
76.9  299.63154
76.8  274.80502
76.7  239.04579
76.6  251.18092
76.5  256.87238
76.4  223.55158
76.3  227.41853
76.2  226.82891
76.1  225.44671
76  226.68769
75.9  237.75622
75.8  217.5406
75.7  206.23625
75.6  223.52952
75.5  216.70004
75.4  214.44774
75.3  222.75352
75.2  213.15165
75.1  224.10607
75  217.1032
74.9  215.29028
74.8  215.30984
74.7  211.90597
74.6  216.95579
74.5  220.4018
74.4  208.14828
74.3  196.19658
74.2  203.79231
74.1  192.20865
74  214.59738
73.9  203.466
73.8  215.50731
73.7  195.84917
73.6  213.24107
73.5  189.50852
73.4  192.10452
73.3  213.22427
73.2  203.64812
73.1  209.15558
73  208.60595
72.9  206.36933
72.8  204.38695
72.7  201.6217
72.6  201.18672
72.5  217.57796
72.4  217.37386
72.3  219.25319
72.2  213.88002
72.1  208.45422
72  204.37517
71.9  197.80268
71.8  205.06963
71.7  207.54994
71.6  214.04145
71.5  217.16891
71.4  214.81693
71.3  204.88491
71.2  201.3394
71.1  199.85318
71  194.27798
70.9  202.41731
70.8  206.51297
70.7  213.89514
70.6  206.48027
70.5  228.61968
70.4  220.94128
70.3  215.28325
70.2  225.33069
70.1  213.02739
70  207.6796
69.9  211.15217
69.8  226.87629
69.7  234.19721
69.6  212.07602
69.5  231.88453
69.4  217.22646
69.3  227.15496
69.2  221.47781
69.1  214.04523
69  226.80581
68.9  215.90372
68.8  230.64968
68.7  208.86131
68.6  226.80699
68.5  219.44319
68.4  219.82929
68.3  235.46818
68.2  223.28579
68.1  212.85533
68  239.85639
67.9  233.2111
67.8  218.5748
67.7  220.80583
67.6  212.603
67.5  219.72361
67.4  223.41267
67.3  211.15882
67.2  210.19795
67.1  216.82878
67  216.31719
66.9  213.35999
66.8  238.27967
66.7  225.49221
66.6  220.5206
66.5  204.1777
66.4  214.14531
66.3  219.79441
66.2  208.3967
66.1  205.41264
66  196.50809
65.9  220.85061
65.8  210.95647
65.7  217.90165
65.6  213.26464
65.5  214.15542
65.4  213.54415
65.3  189.99368
65.2  213.29534
65.1  216.88698
65  208.3394
64.9  204.45794
64.8  202.49899
64.7  203.16341
64.6  198.83978
64.5  205.26587
64.4  207.70704
64.3  206.31953
64.2  192.61273
64.1  197.61998
64  221.37148
63.9  198.46842
63.8  197.89827
63.7  200.09052
63.6  204.01688
63.5  208.36401
63.4  200.55673
63.3  203.04971
63.2  208.4025
63.1  203.86794
63  205.04582
62.9  197.11074
62.8  207.61048
62.7  189.9413
62.6  187.52899
62.5  204.28358
62.4  191.48537
62.3  199.83682
62.2  198.58806
62.1  189.05954
62  202.00467
61.9  200.30269
61.8  190.22304
61.7  181.21378
61.6  194.88024
61.5  194.39702
61.4  186.53191
61.3  184.49884
61.2  201.10643
61.1  207.00307
61  200.17193
60.9  203.83475
60.8  203.43501
60.7  198.29526
60.6  205.47625
60.5  193.61512
60.4  188.75469
60.3  188.56629
60.2  198.78054
60.1  197.95358
60  196.94492
59.9  197.44417
59.8  199.10199
59.7  198.7328
59.6  190.02453
59.5  194.41018
59.4  190.13034
59.3  197.55106
59.2  208.56653
59.1  200.88836
59  210.46503
58.9  206.3062
58.8  197.45683
58.7  186.56194
58.6  192.78514
58.5  193.22229
58.4  215.44196
58.3  191.62185
58.2  213.84624
58.1  186.77569
58  190.23988
57.9  192.07946
57.8  189.54487
57.7  206.093
57.6  210.89623
57.5  201.39021
57.4  192.89391
57.3  192.58082
57.2  183.30205
57.1  195.84584
57  185.42038

# Operation:                    Peak Fit
# Parameter: "Transition" = 
# Parameter: "Label" = 
# Parameter: "Background Method" = Tougaard
# Parameter: "Peak Shape" = Voigt
# Parameter: "Asymmetric Peak" = false
# Parameter: "FWHM-Annotation" = S-B = <Signal-BG:@>\nFWHM = <FWHM:@>\nArea = <Area:@>
# Parameter: "Peak-Annotation" = <Label>\n<Transition>\nE = <Center:@>
#
# Result:
# Number of Results:            2
# Parameter: "Transition" = 
# Parameter: "Label" = 
# Parameter: "Center" = 78.555147437693904 eV +- 0.018473263823179261
# Parameter: "Area" = 659.61062551447253 cps eV +- 18.990261874422142
# Parameter: "FWHM (Lorentzian)" = 0.37635594241526971 eV +- 0.17358040130325597
# Parameter: "FWHM (Gaussian)" = 2.415791912822582 eV +- 0.12978964718830546
# Parameter: "Asymmetry" = 0 +- 0
# Parameter: "Tougaard B" = 3116.0298401563196 eV^2 +- 682.00004650746769
# Parameter: "Tougaard C" = 1643 eV^2 +- 0
# Parameter: "FWHM" = 2.6233332972679086 eV
# Parameter: "Baseline Offset" = 205.11412778598879 cps +- 0.77128621827236299
# Parameter: "Abbe factor" = 0.5463221800826229
# Parameter: "Reduced Chi Square" = 1.3593657570699311
# Parameter: "Q Probability" = 1.7079186792447365e-05
# Parameter: "Number of performed iterations" = 8
# Parameter: "Fit termination reason" = ConvergedInChi
# Parameter: "Signal" = 428.42476968426746 cps
# Parameter: "Signal-BG" = 222.89210506323329 cps
#
# Result Name:                  Background
# Number of Curves:             1
#
# Curve:                        0
# Values/Curve:                 253
#
90  212.69784
89.869048  212.63154
89.738095  212.56464
89.607143  212.49716
89.47619  212.42909
89.345238  212.36045
89.214286  212.29122
89.083333  212.22141
88.952381  212.15103
88.821429  212.08007
88.690476  212.00855
88.559524  211.93646
88.428571  211.8638
88.297619  211.79059
88.166667  211.71681
88.035714  211.64248
87.904762  211.56761
87.77381  211.49218
87.642857  211.41621
87.511905  211.33971
87.380952  211.26267
87.25  211.1851
87.119048  211.107
86.988095  211.02839
86.857143  210.94926
86.72619  210.86962
86.595238  210.78947
86.464286  210.70882
86.333333  210.62768
86.202381  210.54605
86.071429  210.46394
85.940476  210.38135
85.809524  210.29828
85.678571  210.21476
85.547619  210.13077
85.416667  210.04634
85.285714  209.96146
85.154762  209.87614
85.02381  209.79039
84.892857  209.70422
84.761905  209.61764
84.630952  209.53064
84.5  209.44325
84.369048  209.35547
84.238095  209.2673
84.107143  209.17876
83.97619  209.08985
83.845238  209.00058
83.714286  208.91097
83.583333  208.82102
83.452381  208.73074
83.321429  208.64015
83.190476  208.54924
83.059524  208.45805
82.928571  208.36656
82.797619  208.27481
82.666667  208.1828
82.535714  208.09054
82.404762  207.99805
82.27381  207.90535
82.142857  207.81245
82.011905  207.71938
81.880952  207.62616
81.75  207.53282
81.619048  207.43939
81.488095  207.3459
81.357143  207.25242
81.22619  207.15899
81.095238  207.06568
80.964286  206.97258
80.833333  206.8798
80.702381  206.78745
80.571429  206.69568
80.440476  206.60466
80.309524  206.51458
80.178571  206.42566
80.047619  206.33816
79.916667  206.25234
79.785714  206.16849
79.654762  206.08693
79.52381  206.00797
79.392857  205.93194
79.261905  205.85913
79.130952  205.78984
79  205.72434
78.869048  205.66284
78.738095  205.60552
78.607143  205.55251
78.47619  205.50385
78.345238  205.45956
78.214286  205.41957
78.083333  205.38375
77.952381  205.35193
77.821429  205.3239
77.690476  205.29938
77.559524  205.27809
77.428571  205.25974
77.297619  205.24401
77.166667  205.2306
77.035714  205.21921
76.904762  205.20956
76.77381  205.2014
76.642857  205.1945
76.511905  205.18864
76.380952  205.18364
76.25  205.17936
76.119048  205.17567
75.988095  205.17245
75.857143  205.16961
75.72619  205.16709
75.595238  205.16483
75.464286  205.16278
75.333333  205.1609
75.202381  205.15917
75.071429  205.15756
74.940476  205.15606
74.809524  205.15464
74.678571  205.15331
74.547619  205.15204
74.416667  205.15084
74.285714  205.1497
74.154762  205.14861
74.02381  205.14756
73.892857  205.14656
73.761905  205.1456
73.630952  205.14468
73.5  205.14379
73.369048  205.14293
73.238095  205.14211
73.107143  205.14131
72.97619  205.14055
72.845238  205.1398
72.714286  205.13909
72.583333  205.13839
72.452381  205.13772
72.321429  205.13707
72.190476  205.13644
72.059524  205.13583
71.928571  205.13523
71.797619  205.13465
71.666667  205.13409
71.535714  205.13355
71.404762  205.13302
71.27381  205.13251
71.142857  205.13201
71.011905  205.13152
70.880952  205.13104
70.75  205.13058
70.619048  205.13013
70.488095  205.1297
70.357143  205.12927
70.22619  205.12885
70.095238  205.12845
69.964286  205.12805
69.833333  205.12767
69.702381  205.12729
69.571429  205.12692
69.440476  205.12657
69.309524  205.12622
69.178571  205.12588
69.047619  205.12554
68.916667  205.12522
68.785714  205.1249
68.654762  205.12459
68.52381  205.12429
68.392857  205.12399
68.261905  205.12371
68.130952  205.12342
68  205.12315
67.869048  205.12288
67.738095  205.12262
67.607143  205.12236
67.47619  205.12211
67.345238  205.12186
67.214286  205.12163
67.083333  205.12139
66.952381  205.12116
66.821429  205.12094
66.690476  205.12072
66.559524  205.12051
66.428571  205.1203
66.297619  205.1201
66.166667  205.1199
66.035714  205.11971
65.904762  205.11952
65.77381  205.11933
65.642857  205.11915
65.511905  205.11898
65.380952  205.1188
65.25  205.11864
65.119048  205.11847
64.988095  205.11831
64.857143  205.11816
64.72619  205.118
64.595238  205.11786
64.464286  205.11771
64.333333  205.11757
64.202381  205.11743
64.071429  205.1173
63.940476  205.11717
63.809524  205.11704
63.678571  205.11692
63.547619  205.1168
63.416667  205.11668
63.285714  205.11657
63.154762  205.11646
63.02381  205.11635
62.892857  205.11625
62.761905  205.11614
62.630952  205.11605
62.5  205.11595
62.369048  205.11586
62.238095  205.11577
62.107143  205.11568
61.97619  205.1156
61.845238  205.11551
61.714286  205.11544
61.583333  205.11536
61.452381  205.11529
61.321429  205.11522
61.190476  205.11515
61.059524  205.11508
60.928571  205.11502
60.797619  205.11496
60.666667  205.1149
60.535714  205.11484
60.404762  205.11479
60.27381  205.11474
60.142857  205.11469
60.011905  205.11464
59.880952  205.1146
59.75  205.11455
59.619048  205.11451
59.488095  205.11447
59.357143  205.11444
59.22619  205.1144
59.095238  205.11437
58.964286  205.11434
58.833333  205.11432
58.702381  205.11429
58.571429  205.11427
58.440476  205.11424
58.309524  205.11422
58.178571  205.11421
58.047619  205.11419
57.916667  205.11418
57.785714  205.11416
57.654762  205.11415
57.52381  205.11414
57.392857  205.11414
57.261905  205.11413
57.130952  205.11413
57  205.11413

# Result Name:                  Peak Fit
# Number of Curves:             1
#
# Curve:                        0
# Values/Curve:                 253
#
90  213.00697
89.869048  212.94805
89.738095  212.88881
89.607143  212.82927
89.47619  212.76944
89.345238  212.70934
89.214286  212.64899
89.083333  212.58841
88.952381  212.52762
88.821429  212.46664
88.690476  212.4055
88.559524  212.34422
88.428571  212.28283
88.297619  212.22136
88.166667  212.15983
88.035714  212.0983
87.904762  212.03678
87.77381  211.97532
87.642857  211.91396
87.511905  211.85274
87.380952  211.79172
87.25  211.73094
87.119048  211.67047
86.988095  211.61036
86.857143  211.55067
86.72619  211.49149
86.595238  211.43288
86.464286  211.37494
86.333333  211.31775
86.202381  211.26142
86.071429  211.20606
85.940476  211.15179
85.809524  211.09875
85.678571  211.04708
85.547619  210.99695
85.416667  210.94855
85.285714  210.90207
85.154762  210.85775
85.02381  210.81584
84.892857  210.77664
84.761905  210.74047
84.630952  210.7077
84.5  210.67876
84.369048  210.65414
84.238095  210.63442
84.107143  210.62026
83.97619  210.61246
83.845238  210.61198
83.714286  210.61996
83.583333  210.63785
83.452381  210.66743
83.321429  210.71096
83.190476  210.77139
83.059524  210.85253
82.928571  210.95944
82.797619  211.09884
82.666667  211.27967
82.535714  211.51387
82.404762  211.81731
82.27381  212.21097
82.142857  212.7223
82.011905  213.3868
81.880952  214.24974
81.75  215.36783
81.619048  216.8108
81.488095  218.66251
81.357143  221.02133
81.22619  223.9994
81.095238  227.72049
80.964286  232.31585
80.833333  237.91802
80.702381  244.65232
80.571429  252.62619
80.440476  261.9167
80.309524  272.55708
80.178571  284.52324
80.047619  297.72163
79.916667  311.98013
79.785714  327.04328
79.654762  342.57341
79.52381  358.1586
79.392857  373.32774
79.261905  387.57243
79.130952  400.37447
79  411.23692
78.869048  419.71636
78.738095  425.45315
78.607143  428.19706
78.47619  427.82555
78.345238  424.35283
78.214286  417.9288
78.083333  408.82801
77.952381  397.42962
77.821429  384.19069
77.690476  369.61516
77.559524  354.2217
77.428571  338.51313
77.297619  322.94995
77.166667  307.92981
77.035714  293.77387
76.904762  280.72033
76.77381  268.9246
76.642857  258.46504
76.511905  249.35292
76.380952  241.54486
76.25  234.95647
76.119048  229.47566
75.988095  224.97484
75.857143  221.32112
75.72619  218.38436
75.595238  216.04294
75.464286  214.18742
75.333333  212.72242
75.202381  211.56706
75.071429  210.65442
74.940476  209.93026
74.809524  209.3515
74.678571  208.88443
74.547619  208.50307
74.416667  208.1876
74.285714  207.92306
74.154762  207.69821
74.02381  207.50462
73.892857  207.33597
73.761905  207.1875
73.630952  207.0556
73.5  206.9375
73.369048  206.83105
73.238095  206.73455
73.107143  206.64664
72.97619  206.56621
72.845238  206.49237
72.714286  206.42434
72.583333  206.3615
72.452381  206.30328
72.321429  206.24922
72.190476  206.19891
72.059524  206.152
71.928571  206.10817
71.797619  206.06715
71.666667  206.02869
71.535714  205.99258
71.404762  205.95862
71.27381  205.92664
71.142857  205.89648
71.011905  205.86801
70.880952  205.84109
70.75  205.81561
70.619048  205.79147
70.488095  205.76858
70.357143  205.74684
70.22619  205.72618
70.095238  205.70653
69.964286  205.68782
69.833333  205.66999
69.702381  205.65299
69.571429  205.63675
69.440476  205.62125
69.309524  205.60643
69.178571  205.59225
69.047619  205.57868
68.916667  205.56568
68.785714  205.55321
68.654762  205.54126
68.52381  205.52979
68.392857  205.51877
68.261905  205.50818
68.130952  205.498
68  205.48822
67.869048  205.47879
67.738095  205.46972
67.607143  205.46098
67.47619  205.45256
67.345238  205.44443
67.214286  205.4366
67.083333  205.42903
66.952381  205.42173
66.821429  205.41468
66.690476  205.40786
66.559524  205.40127
66.428571  205.39489
66.297619  205.38873
66.166667  205.38276
66.035714  205.37698
65.904762  205.37138
65.77381  205.36596
65.642857  205.36071
65.511905  205.35561
65.380952  205.35067
65.25  205.34588
65.119048  205.34123
64.988095  205.33671
64.857143  205.33233
64.72619  205.32807
64.595238  205.32394
64.464286  205.31992
64.333333  205.31601
64.202381  205.31221
64.071429  205.30852
63.940476  205.30492
63.809524  205.30143
63.678571  205.29802
63.547619  205.29471
63.416667  205.29149
63.285714  205.28835
63.154762  205.28529
63.02381  205.28231
62.892857  205.2794
62.761905  205.27657
62.630952  205.27381
62.5  205.27112
62.369048  205.2685
62.238095  205.26594
62.107143  205.26344
61.97619  205.26101
61.845238  205.25863
61.714286  205.25631
61.583333  205.25404
61.452381  205.25183
61.321429  205.24967
61.190476  205.24756
61.059524  205.2455
60.928571  205.24348
60.797619  205.24151
60.666667  205.23959
60.535714  205.23771
60.404762  205.23587
60.27381  205.23408
60.142857  205.23232
60.011905  205.2306
59.880952  205.22892
59.75  205.22728
59.619048  205.22567
59.488095  205.2241
59.357143  205.22256
59.22619  205.22105
59.095238  205.21958
58.964286  205.21814
58.833333  205.21672
58.702381  205.21534
58.571429  205.21399
58.440476  205.21266
58.309524  205.21136
58.178571  205.21009
58.047619  205.20884
57.916667  205.20762
57.785714  205.20643
57.654762  205.20526
57.52381  205.20411
57.392857  205.20298
57.261905  205.20188
57.130952  205.2008
57  205.19974

# Region:                       Mg 1s
# Spectrum ID:                  7
# Acquisition Date:             04/23/26 18:46:42 UTC
# Analysis Method:              XPS
# Analyzer:                     PHOIBOS MCD5 Analyzer
# Analyzer Lens:                LargeArea:1.5kV
# Analyzer Slit:                5:7x20\B:open
# Scan Mode:                    FixedAnalyzerTransmission
# Curves/Scan:                  1
# Values/Curve:                 1001
# Dwell Time:                   0.1
# Excitation Energy:            1486.61
# Binding Energy:               1350
# Pass Energy:                  50
# Bias Voltage:                 90
# Detector Voltage:             3000
# Eff. Workfunction:            4.543
# Source:                       X-Ray Dummy
# Comment:                      
#
# Cycle: 0
# Number of Scans: 3
#
# Cycle: 0, Curve: 0
# Acquisition Date:             04/23/26 18:46:42 UTC
#
# ColumnLabels:                 energy counts/s
#
1350  27067.524
1349.9  27461.787
1349.8  27112.004
1349.7  26817.504
1349.6  27311.047
1349.5  27379.219
1349.4  28019.294
1349.3  27805.683
1349.2  27391.72
1349.1  27441.517
1349  27295.008
1348.9  27748.292
1348.8  26688.492
1348.7  26834.003
1348.6  27243.299
1348.5  27044.967
1348.4  27272.213
1348.3  27378.444
1348.2  27162.168
1348.1  27280.581
1348  27472.473
1347.9  27136.897
1347.8  27316.551
1347.7  27062.565
1347.6  27368.719
1347.5  27271.718
1347.4  27330.849
1347.3  27156.842
1347.2  26921.364
1347.1  27133.521
1347  27397.358
1346.9  27117.158
1346.8  27315.704
1346.7  27444.319
1346.6  27395.46
1346.5  27320.819
1346.4  26866.752
1346.3  27303.585
1346.2  27327.457
1346.1  27694.862
1346  27174.215
1345.9  27438.125
1345.8  27023.985
1345.7  27205.85
1345.6  27502.718
1345.5  26794.069
1345.4  26957.412
1345.3  27010.021
1345.2  27128.065
1345.1  27297.585
1345  26945.134
1344.9  27251.951
1344.8  27210.344
1344.7  27451.618
1344.6  27317.441
1344.5  27067.54
1344.4  27164.228
1344.3  26878.416
1344.2  27222.627
1344.1  26883.597
1344  26744.841
1343.9  26909.338
1343.8  27110.796
1343.7  27474.174
1343.6  27054.005
1343.5  27176.573
1343.4  27066.151
1343.3  27006.268
1343.2  26853.888
1343.1  27056.753
1343  27380.079
1342.9  26757.365
1342.8  26882.223
1342.7  26797.456
1342.6  27161.073
1342.5  27034.467
1342.4  26756.772
1342.3  26869.169
1342.2  26909.814
1342.1  26290.472
1342  26296.559
1341.9  26350.859
1341.8  26555.432
1341.7  27108.002
1341.6  26502.355
1341.5  26681.32
1341.4  26593.16
1341.3  26817.551
1341.2  26629.972
1341.1  26481.227
1341  26522.053
1340.9  26903.955
1340.8  26870.9
1340.7  26840.89
1340.6  26105.485
1340.5  26499.057
1340.4  26487.958
1340.3  26784.987
1340.2  27139.981
1340.1  26700.679
1340  26751.771
1339.9  26541.479
1339.8  26707.263
1339.7  26569.01
1339.6  26289.507
1339.5  26906.118
1339.4  26593.634
1339.3  26915.697
1339.2  27013.993
1339.1  26883.642
1339  26810.584
1338.9  26388.521
1338.8  26607.589
1338.7  26078.205
1338.6  26922.564
1338.5  26754.098
1338.4  26647.44
1338.3  26523.548
1338.2  26553.043
1338.1  26876.669
1338  26668.13
1337.9  26581.351
1337.8  27058.485
1337.7  26809.225
1337.6  26697.762
1337.5  26344.379
1337.4  26544.982
1337.3  26121.627
1337.2  26402.597
1337.1  26944.973
1337  26634.785
1336.9  26887.992
1336.8  26893.148
1336.7  26264.309
1336.6  26839.317
1336.5  26931.701
1336.4  27009.242
1336.3  26944.452
1336.2  27093.742
1336.1  27098.62
1336  26474.468
1335.9  26416.011
1335.8  26923.669
1335.7  26477.358
1335.6  26766.698
1335.5  26664.736
1335.4  26862.277
1335.3  26810.785
1335.2  27147.383
1335.1  26879.512
1335  26684.832
1334.9  27187.218
1334.8  26123.556
1334.7  26502.48
1334.6  26678.176
1334.5  26141.882
1334.4  26339.27
1334.3  26699.922
1334.2  26679.428
1334.1  26077.207
1334  26302.114
1333.9  26618.104
1333.8  26910.444
1333.7  26636.654
1333.6  26558.63
1333.5  26200.092
1333.4  26054.307
1333.3  26613.468
1333.2  26290.083
1333.1  26337.597
1333  26709.534
1332.9  27030.933
1332.8  26214.584
1332.7  26516.326
1332.6  26433
1332.5  26355.673
1332.4  26472.059
1332.3  26837.043
1332.2  26669.769
1332.1  26622.312
1332  26163.257
1331.9  26159.858
1331.8  26541.976
1331.7  26421.69
1331.6  26505.142
1331.5  26408.194
1331.4  26404.577
1331.3  26255.014
1331.2  26108.036
1331.1  26462.271
1331  26024.242
1330.9  26093.845
1330.8  26291.92
1330.7  26512.868
1330.6  25887.139
1330.5  26148
1330.4  26202.316
1330.3  26199.258
1330.2  26650.124
1330.1  26222.71
1330  26440.249
1329.9  26131.713
1329.8  26719.024
1329.7  25806.37
1329.6  26025.567
1329.5  25979.005
1329.4  26479.246
1329.3  26656.138
1329.2  26383.369
1329.1  25465.91
1329  25759.002
1328.9  26395.643
1328.8  26524.698
1328.7  26244.43
1328.6  26364.86
1328.5  26024.052
1328.4  25883.304
1328.3  26287.289
1328.2  25837.634
1328.1  26042.934
1328  26096.568
1327.9  25997.059
1327.8  26253.561
1327.7  26035.727
1327.6  26065.912
1327.5  26155.63
1327.4  25836.467
1327.3  26148.576
1327.2  26183.457
1327.1  25963.286
1327  25808.16
1326.9  26019.094
1326.8  25977.259
1326.7  25949.62
1326.6  25653.21
1326.5  25687.658
1326.4  26173.521
1326.3  25821.108
1326.2  25708.586
1326.1  25948.16
1326  26000.252
1325.9  25482.457
1325.8  25980.402
1325.7  25686.688
1325.6  25855.626
1325.5  25609.382
1325.4  26561.215
1325.3  25790.973
1325.2  26008.283
1325.1  26013.614
1325  25806.788
1324.9  25945.542
1324.8  26019.845
1324.7  25770.201
1324.6  25969.953
1324.5  25907.14
1324.4  25828.895
1324.3  25664.189
1324.2  25817.029
1324.1  25868.909
1324  26394.244
1323.9  25593.732
1323.8  25454.588
1323.7  25679.312
1323.6  25711.676
1323.5  26019.844
1323.4  25850.495
1323.3  26120.178
1323.2  25812.255
1323.1  25785.52
1323  26116.813
1322.9  25609.695
1322.8  25549.528
1322.7  25968.607
1322.6  26401.782
1322.5  25961.831
1322.4  25225.047
1322.3  25927.066
1322.2  25933.398
1322.1  25950.122
1322  25707.286
1321.9  25446.074
1321.8  25381.828
1321.7  25838.611
1321.6  25924.34
1321.5  25781.881
1321.4  25476.646
1321.3  25622.352
1321.2  25854.433
1321.1  25532.994
1321  25526.238
1320.9  25644.255
1320.8  25556.896
1320.7  26144.531
1320.6  25456.394
1320.5  25207.72
1320.4  26018.004
1320.3  25498.97
1320.2  25375.968
1320.1  25656.97
1320  25584.693
1319.9  25823.252
1319.8  25600.455
1319.7  25529.774
1319.6  25370.557
1319.5  25490.101
1319.4  25572.814
1319.3  25101.93
1319.2  25863.906
1319.1  25748.333
1319  25621.636
1318.9  26495.113
1318.8  25867.968
1318.7  25588.401
1318.6  25906.616
1318.5  25799.129
1318.4  25624.561
1318.3  25468.913
1318.2  25345.046
1318.1  25280.16
1318  25414.307
1317.9  25229.769
1317.8  25948.418
1317.7  25431.889
1317.6  25830.552
1317.5  25543.986
1317.4  25990.228
1317.3  25636.05
1317.2  25396.928
1317.1  25163.723
1317  25282.885
1316.9  26033.632
1316.8  25830.35
1316.7  25484.484
1316.6  25855.981
1316.5  25260.2
1316.4  25346.868
1316.3  25491.861
1316.2  25372.795
1316.1  25292.089
1316  24954.091
1315.9  25367.557
1315.8  25490.108
1315.7  25724.247
1315.6  25351.916
1315.5  25148.185
1315.4  25009.561
1315.3  26166.179
1315.2  25914.187
1315.1  25755.111
1315  25264.248
1314.9  25834.036
1314.8  26027.792
1314.7  26114.617
1314.6  25666.583
1314.5  26355.566
1314.4  25893.988
1314.3  25476.25
1314.2  25587.94
1314.1  25946.014
1314  25527.983
1313.9  26032.089
1313.8  25536.521
1313.7  25605.029
1313.6  26297.773
1313.5  25950.221
1313.4  25648.393
1313.3  25873.682
1313.2  25928.468
1313.1  25775.235
1313  25804.774
1312.9  25449.37
1312.8  25725.055
1312.7  26236.329
1312.6  25832.221
1312.5  25741.691
1312.4  25951.96
1312.3  25677.694
1312.2  25689.871
1312.1  25888.444
1312  25955.647
1311.9  25846.542
1311.8  25090.686
1311.7  25341.971
1311.6  25701.166
1311.5  24952.876
1311.4  25708.855
1311.3  25597.684
1311.2  25231.572
1311.1  25535.158
1311  26053.157
1310.9  25754.513
1310.8  25712.322
1310.7  25837.146
1310.6  25634.812
1310.5  26027.31
1310.4  25970.215
1310.3  25889.871
1310.2  25814.643
1310.1  25489.176
1310  26606.578
1309.9  25863.521
1309.8  26382.877
1309.7  25974.9
1309.6  25944.976
1309.5  26361.546
1309.4  26236.846
1309.3  26279.597
1309.2  25763.811
1309.1  26087.309
1309  25839.746
1308.9  25869.527
1308.8  25452.243
1308.7  25736.517
1308.6  25608.437
1308.5  25829.244
1308.4  25668.166
1308.3  25833.583
1308.2  25704.622
1308.1  25672.843
1308  25880.272
1307.9  25643.652
1307.8  25642.375
1307.7  25961.541
1307.6  25845.805
1307.5  26378.419
1307.4  26123.636
1307.3  26356.791
1307.2  25812.438
1307.1  26287.729
1307  25672.668
1306.9  25730.152
1306.8  26308.158
1306.7  25831.107
1306.6  25580.871
1306.5  25915.391
1306.4  25776.659
1306.3  25505.03
1306.2  25688.802
1306.1  25668.416
1306  25737.951
1305.9  26046.873
1305.8  25456.647
1305.7  25773.724
1305.6  25827.844
1305.5  25594.401
1305.4  25934.451
1305.3  25858.536
1305.2  25381.995
1305.1  25741.11
1305  25695.996
1304.9  25367.743
1304.8  25289.37
1304.7  25861.573
1304.6  25928.091
1304.5  25421.921
1304.4  25586.482
1304.3  25074.237
1304.2  25386.597
1304.1  25505.566
1304  26066.957
1303.9  25367.428
1303.8  25789.917
1303.7  25276.996
1303.6  25443.52
1303.5  25262.342
1303.4  25124.546
1303.3  25909.549
1303.2  25225.226
1303.1  25549.892
1303  25362.274
1302.9  25411.181
1302.8  25362.463
1302.7  25457.163
1302.6  25668.377
1302.5  24713.741
1302.4  25773.477
1302.3  25477.727
1302.2  24852.879
1302.1  25579.131
1302  25825.601
1301.9  25563.311
1301.8  25387.551
1301.7  25360.689
1301.6  25535.992
1301.5  25570.071
1301.4  25355.785
1301.3  25497.7
1301.2  25474.58
1301.1  25533.855
1301  25985.615
1300.9  25156.346
1300.8  25198.667
1300.7  25135.479
1300.6  24932.711
1300.5  25186.871
1300.4  25274.509
1300.3  24957.409
1300.2  25331.554
1300.1  24991.414
1300  24985.428
1299.9  25839.8
1299.8  25005.709
1299.7  24994.175
1299.6  25584.64
1299.5  25259.973
1299.4  25329.848
1299.3  24847.498
1299.2  24933.026
1299.1  24946.56
1299  25359.085
1298.9  24971.968
1298.8  25155.824
1298.7  25454.172
1298.6  25171.733
1298.5  25750.769
1298.4  25293.346
1298.3  25320.549
1298.2  25350.425
1298.1  25253.326
1298  25300.434
1297.9  25121.59
1297.8  25122.872
1297.7  25031.913
1297.6  24803.692
1297.5  24806.838
1297.4  25077.279
1297.3  25214.398
1297.2  25498.871
1297.1  25379.455
1297  25025.233
1296.9  25196.728
1296.8  25606.651
1296.7  24887.538
1296.6  24997.95
1296.5  25320.718
1296.4  25295.962
1296.3  25043.982
1296.2  25242.853
1296.1  24910.082
1296  24674.445
1295.9  25277.616
1295.8  25169.351
1295.7  25162.63
1295.6  25285.634
1295.5  25146.902
1295.4  24240.084
1295.3  25146.811
1295.2  24956.447
1295.1  25023.301
1295  24994.52
1294.9  25265.6
1294.8  24391.76
1294.7  24908.975
1294.6  25558.884
1294.5  25169.099
1294.4  25124.865
1294.3  24786.806
1294.2  24835.278
1294.1  25053.963
1294  24801
1293.9  25143.831
1293.8  25201.123
1293.7  25136.909
1293.6  24944.189
1293.5  25136.725
1293.4  25259.916
1293.3  25591.573
1293.2  24377.459
1293.1  24791.208
1293  24672.178
1292.9  25011.698
1292.8  25238.251
1292.7  25325.411
1292.6  25320.47
1292.5  25284.295
1292.4  25027.857
1292.3  25337.203
1292.2  25170.374
1292.1  24715.708
1292  25631.541
1291.9  24762.078
1291.8  24847.613
1291.7  24887.424
1291.6  25454.561
1291.5  25134.852
1291.4  25260.344
1291.3  25430.532
1291.2  25140.658
1291.1  24696.95
1291  24427.126
1290.9  25027.108
1290.8  24794.051
1290.7  24891.471
1290.6  24731.19
1290.5  25019.151
1290.4  24533.095
1290.3  24868.55
1290.2  24861.077
1290.1  24935.036
1290  25178.863
1289.9  25131.228
1289.8  24824.218
1289.7  24907.863
1289.6  24797.637
1289.5  24680.216
1289.4  24599.473
1289.3  25003.183
1289.2  25318.5
1289.1  25493.533
1289  24787.85
1288.9  24996.108
1288.8  24762.945
1288.7  25081.953
1288.6  24862.809
1288.5  25283.425
1288.4  24846.915
1288.3  25163.47
1288.2  25405.397
1288.1  25123.716
1288  25180.544
1287.9  25584.676
1287.8  24930.397
1287.7  24804.063
1287.6  25114.92
1287.5  24905.25
1287.4  25255.128
1287.3  24790.283
1287.2  25036.262
1287.1  25029.168
1287  25045.444
1286.9  25139.259
1286.8  24950.11
1286.7  25323.015
1286.6  24981.657
1286.5  24777.9
1286.4  25153.699
1286.3  24968.556
1286.2  25118.728
1286.1  24504.092
1286  24969.297
1285.9  24988.58
1285.8  25161.638
1285.7  25023.17
1285.6  24627.793
1285.5  24850.479
1285.4  25221.282
1285.3  25071.424
1285.2  25306.242
1285.1  25109.122
1285  25157.454
1284.9  24870.594
1284.8  24937.866
1284.7  25303.625
1284.6  25205.981
1284.5  24811.896
1284.4  25056.522
1284.3  25238.103
1284.2  25085.326
1284.1  24982.178
1284  24963.387
1283.9  25028.89
1283.8  25101.295
1283.7  25315.685
1283.6  24751.65
1283.5  24907.1
1283.4  24986.894
1283.3  24914.976
1283.2  24722.128
1283.1  25229.791
1283  25030.41
1282.9  25028.687
1282.8  24958.329
1282.7  24776.483
1282.6  25381.601
1282.5  24925.632
1282.4  24608.15
1282.3  24669.692
1282.2  24640.931
1282.1  24875.845
1282  24707.339
1281.9  24270.97
1281.8  24806.004
1281.7  24892.803
1281.6  25015.714
1281.5  25048.852
1281.4  24882.273
1281.3  25247.537
1281.2  24653.322
1281.1  25011.869
1281  24885.579
1280.9  24810.04
1280.8  24840.304
1280.7  24901.864
1280.6  24819.276
1280.5  24901.455
1280.4  24942.55
1280.3  25255.764
1280.2  25323.104
1280.1  24881.231
1280  24908.075
1279.9  24965.831
1279.8  24662.394
1279.7  24957.443
1279.6  24979.269
1279.5  24836.745
1279.4  25413.791
1279.3  24845.237
1279.2  24758.736
1279.1  24952.633
1279  24946.784
1278.9  24910.151
1278.8  25207.224
1278.7  25326.541
1278.6  25274.56
1278.5  25094
1278.4  25779.249
1278.3  25027.928
1278.2  24784.913
1278.1  24984.458
1278  24867.97
1277.9  24499.977
1277.8  25147.868
1277.7  24958.505
1277.6  24986.657
1277.5  24749.279
1277.4  25207.553
1277.3  24567.929
1277.2  24792.001
1277.1  24951.638
1277  24934.016
1276.9  24673.158
1276.8  25020.909
1276.7  25194.975
1276.6  25518.153
1276.5  25339.352
1276.4  24858.888
1276.3  24773.342
1276.2  24709.034
1276.1  24874.498
1276  25001.637
1275.9  25191.632
1275.8  24918.339
1275.7  24291.845
1275.6  24743.602
1275.5  25049.008
1275.4  25264.932
1275.3  24924.432
1275.2  24975.033
1275.1  25049.771
1275  25150.59
1274.9  24658.29
1274.8  24895.704
1274.7  25113.347
1274.6  25106.639
1274.5  25098.556
1274.4  24952.11
1274.3  24800.512
1274.2  24804.481
1274.1  24851.129
1274  24447.868
1273.9  25061.284
1273.8  25130.659
1273.7  25509.514
1273.6  25223.532
1273.5  25301.145
1273.4  24843.069
1273.3  25434.873
1273.2  25304.383
1273.1  25402.261
1273  24500.615
1272.9  24711.125
1272.8  25179.069
1272.7  25243.044
1272.6  25795.463
1272.5  25174.667
1272.4  24997.376
1272.3  25237.36
1272.2  25281.387
1272.1  25135.576
1272  24741.511
1271.9  24822.592
1271.8  24926.033
1271.7  24531.862
1271.6  24940.162
1271.5  25445.395
1271.4  25602.119
1271.3  24666.402
1271.2  24530.925
1271.1  24996.033
1271  25063.553
1270.9  24756.171
1270.8  24968.637
1270.7  25004.268
1270.6  25540.467
1270.5  25608.653
1270.4  25083.153
1270.3  24896.685
1270.2  25316.578
1270.1  24575.519
1270  24958.889
1269.9  25534.04
1269.8  25155.292
1269.7  24785.612
1269.6  24932.977
1269.5  25240.876
1269.4  24797.504
1269.3  24559.224
1269.2  25213.117
1269.1  25168.495
1269  25267.994
1268.9  25132.06
1268.8  25251.351
1268.7  24924.297
1268.6  25181.334
1268.5  25355.737
1268.4  25001.279
1268.3  25149.049
1268.2  24603.424
1268.1  24964.947
1268  24601.671
1267.9  24786.973
1267.8  24761.789
1267.7  24908.69
1267.6  25018.817
1267.5  25112.196
1267.4  24905.204
1267.3  24546.446
1267.2  24652.264
1267.1  25319.016
1267  25121.237
1266.9  24851.612
1266.8  25586.016
1266.7  25343.87
1266.6  24824.989
1266.5  24784.234
1266.4  24730.038
1266.3  24562.139
1266.2  25131.969
1266.1  25139.679
1266  25112.351
1265.9  25044.405
1265.8  24847.039
1265.7  24711.243
1265.6  24921.113
1265.5  24756.515
1265.4  24847.92
1265.3  25355.512
1265.2  24770.659
1265.1  24708.33
1265  24960.383
1264.9  25122.186
1264.8  25335.252
1264.7  25139.801
1264.6  25220.36
1264.5  24996.678
1264.4  24860.571
1264.3  25026.98
1264.2  24713.809
1264.1  25135.417
1264  25182.726
1263.9  25070.136
1263.8  24794.3
1263.7  24749.382
1263.6  25371.1
1263.5  25428.256
1263.4  24510.297
1263.3  24822.963
1263.2  24824.523
1263.1  24941.041
1263  25202.344
1262.9  25209.773
1262.8  24927.113
1262.7  24780.123
1262.6  24730.334
1262.5  25550.464
1262.4  25254.885
1262.3  24604.747
1262.2  24753.029
1262.1  25074.409
1262  24619.028
1261.9  24814.09
1261.8  25095.211
1261.7  25320.057
1261.6  24863.837
1261.5  25298.15
1261.4  24597.336
1261.3  25036.788
1261.2  24954.621
1261.1  25142.711
1261  24917.903
1260.9  25339.87
1260.8  25638.888
1260.7  25079.369
1260.6  24855.63
1260.5  24742.495
1260.4  25183.241
1260.3  24916.517
1260.2  24825.779
1260.1  24610.306
1260  25024.357
1259.9  24969.428
1259.8  24962.08
1259.7  24529.923
1259.6  25144.154
1259.5  25322.145
1259.4  24823.426
1259.3  25005.565
1259.2  24834.516
1259.1  25629.121
1259  25141.401
1258.9  25127.232
1258.8  25477.19
1258.7  25199.679
1258.6  24844.566
1258.5  25053.884
1258.4  24496.153
1258.3  24783.48
1258.2  24894.652
1258.1  24877.613
1258  25181.199
1257.9  24944.429
1257.8  25149.218
1257.7  24495.385
1257.6  24695.02
1257.5  25061.602
1257.4  25323.262
1257.3  25408.852
1257.2  24903.894
1257.1  24765.467
1257  24705.684
1256.9  25240.437
1256.8  24887.817
1256.7  25023.783
1256.6  25114.338
1256.5  25109.451
1256.4  24835.443
1256.3  25051.757
1256.2  25029.534
1256.1  25407.809
1256  25180.419
1255.9  25001.541
1255.8  25230.4
1255.7  25357.278
1255.6  24938.156
1255.5  25028.415
1255.4  25113.987
1255.3  24759.054
1255.2  25231.355
1255.1  24739.618
1255  24943.171
1254.9  25270.419
1254.8  24865.138
1254.7  25192.756
1254.6  24877.493
1254.5  24996.353
1254.4  25119.915
1254.3  25561.187
1254.2  24951.754
1254.1  25465.978
1254  25432.781
1253.9  24984.698
1253.8  24312.299
1253.7  25156.953
1253.6  25572.938
1253.5  24778.879
1253.4  25707.184
1253.3  25148.327
1253.2  25075.999
1253.1  24696.818
1253  24926.167
1252.9  25092.621
1252.8  25180.62
1252.7  24821.615
1252.6  24998.352
1252.5  25295.168
1252.4  25061.827
1252.3  25556.309
1252.2  25406.115
1252.1  25146.152
1252  25020.653
1251.9  24831.575
1251.8  25469.292
1251.7  24991.335
1251.6  25034.859
1251.5  24700
1251.4  24652.633
1251.3  24610.998
1251.2  24957.434
1251.1  25135.954
1251  25442.518
1250.9  25248.491
1250.8  25001.401
1250.7  25399.075
1250.6  25283.467
1250.5  25118.101
1250.4  24958.002
1250.3  25043.634
1250.2  25480.155
1250.1  25263.928
1250  25623.985

