# Created by:        SpecsLab Prodigy, Version 4.79.1-r98952 
#
# XY-Serializer Export Settings:
#   Comment Prefix:           #
#   Output Meta Data:         yes
#   Energy Axis:              Binding Energy
#   Count Rate:               Counts per Second
#   Separate Scan Data:       no
#   Separate Channel Data:    no
#   External Channel Data:    yes
#   Transmission Function:    no
#   Error Bar:                no
#   Operation Results:        yes
#   Time Zone Format:         UTC
#
# Group:                        Spectrum Group
#
# Region:                       Overall
# Spectrum ID:                  1
# Acquisition Date:             06/26/26 15:00:39 UTC
# Analysis Method:              XPS
# Analyzer:                     PHOIBOS MCD5 Analyzer
# Analyzer Lens:                LargeArea:1.5kV
# Analyzer Slit:                5:7x20\B:open
# Scan Mode:                    FixedAnalyzerTransmission
# Curves/Scan:                  1
# Values/Curve:                 1002
# Dwell Time:                   0.5
# Excitation Energy:            1253.64
# Binding Energy:               767.03
# Pass Energy:                  50
# Bias Voltage:                 90
# Detector Voltage:             3000
# Eff. Workfunction:            4.543
# Source:                       X-Ray Dummy
# Comment:                      
#
# Cycle: 0
# Number of Scans: 1
#
# Cycle: 0, Curve: 0
# Acquisition Date:             06/26/26 15:00:39 UTC
#
# ColumnLabels:                 energy counts/s
#
767.03  29233.479
766.031  28784.122
765.032  28522.105
764.033  28058.621
763.034  27701.934
762.035  27746.91
761.03599  27345.989
760.03699  26725.381
759.03799  26599.055
758.03899  26841.05
757.03999  27598.553
756.04099  28442.391
755.04199  29845.399
754.04299  31940.887
753.04399  34046.751
752.04499  35267.201
751.04598  35803.691
750.04698  35186.413
749.04798  33745.46
748.04898  32166.939
747.04998  31100.971
746.05098  29805.795
745.05198  28781.418
744.05298  28020.045
743.05398  27079.405
742.05498  26074.697
741.05597  24799.499
740.05697  23786.897
739.05797  22787.141
738.05897  21976.308
737.05997  21377.582
736.06097  21144.851
735.06197  20883.845
734.06297  20494.346
733.06397  20514.895
732.06497  20514.553
731.06596  20275.635
730.06696  20337.396
729.06796  20458.911
728.06896  20636.811
727.06996  20550.215
726.07096  20503.786
725.07196  20473.385
724.07296  20449.737
723.07396  20319.926
722.07496  20258.446
721.07595  20367.939
720.07695  20110.962
719.07795  20079.265
718.07895  20349.157
717.07995  20150.311
716.08095  20035.231
715.08195  20159.287
714.08295  20107.518
713.08395  20103.569
712.08495  20223.504
711.08594  20224.424
710.08694  20149.89
709.08794  19860.501
708.08894  19733.425
707.08994  19690.803
706.09094  19756.266
705.09194  19929.054
704.09294  19851.85
703.09394  19549.944
702.09494  19605.324
701.09593  19841.849
700.09693  19874.653
699.09793  19848.759
698.09893  19827.922
697.09993  19783.326
696.10093  19766.408
695.10193  20094.005
694.10293  19953.827
693.10393  19866.319
692.10493  19732.522
691.10592  19746.604
690.10692  19873.191
689.10792  19920.78
688.10892  19887.186
687.10992  19792.419
686.11092  19703.122
685.11192  19590.599
684.11292  19469.096
683.11392  19323.879
682.11492  19439.789
681.11591  19500.891
680.11691  19670.352
679.11791  19613.448
678.11891  19650.826
677.11991  19506.201
676.12091  19489.928
675.12191  19454.514
674.12291  19411.145
673.12391  19780.556
672.12491  19789.713
671.1259  19572.009
670.1269  19534.339
669.1279  19779.42
668.1289  19555.699
667.1299  19511.475
666.1309  19606.675
665.1319  19572.633
664.1329  19587.048
663.1339  19575.404
662.1349  19637.078
661.13589  19599.218
660.13689  19437.081
659.13789  19693.752
658.13889  19675.053
657.13989  19661.616
656.14089  19748.961
655.14189  19573.608
654.14289  19597.411
653.14389  19426.361
652.14489  19370.849
651.14588  19462.975
650.14688  19316.08
649.14788  19582.956
648.14888  19502.603
647.14988  19312.709
646.15088  19647.652
645.15188  19533.642
644.15288  19336.766
643.15388  19509.529
642.15488  19558.879
641.15587  19450.192
640.15687  19466.916
639.15787  19503.299
638.15887  19310.081
637.15987  19321.006
636.16087  19262.948
635.16187  19277.124
634.16287  19436.221
633.16387  19482.347
632.16487  19451.525
631.16586  19448.628
630.16686  19342.711
629.16786  19447.107
628.16886  19344.577
627.16986  19188.427
626.17086  19080.144
625.17186  19218.817
624.17286  19294.543
623.17386  19422.797
622.17486  19308.18
621.17585  19367.787
620.17685  19452.003
619.17785  19358.151
618.17885  19306.348
617.17985  19430.641
616.18085  19321.312
615.18185  19261.811
614.18285  19244.092
613.18385  19244.983
612.18485  19359.86
611.18584  19509.221
610.18684  19408.754
609.18784  19348.276
608.18884  19285.127
607.18984  19114.917
606.19084  19198.738
605.19184  19186.074
604.19284  19188.233
603.19384  19227.009
602.19484  19083.09
601.19583  18788.205
600.19683  18871.509
599.19783  18818.552
598.19883  18632.833
597.19983  18481.345
596.20083  18539.64
595.20183  18741.651
594.20283  18827.479
593.20383  18843.064
592.20483  18640.311
591.20582  18845.324
590.20682  19156.166
589.20782  19117.855
588.20882  19045.293
587.20982  18846.818
586.21082  18885.887
585.21182  19085.142
584.21282  19078.754
583.21382  19083.944
582.21482  18782.147
581.21581  18904.943
580.21681  18802.744
579.21781  18877.464
578.21881  18983.293
577.21981  18870.31
576.22081  18877.214
575.22181  18926.896
574.22281  18478.922
573.22381  18228.092
572.22481  18340.547
571.2258  18358.67
570.2268  18408.35
569.2278  18593.864
568.2288  18594.918
567.2298  18684.764
566.2308  18962.986
565.2318  19447.558
564.2328  19995.391
563.2338  20304.537
562.2348  20507.403
561.23579  20606.172
560.23679  20345.988
559.23779  20109.728
558.23879  19941.207
557.23979  19601.61
556.24079  19053.291
555.24179  18715.035
554.24279  18469.465
553.24379  17927.333
552.24479  17790.813
551.24578  17614.887
550.24678  17310.048
549.24778  17165.02
548.24878  16675.42
547.24978  16054.613
546.25078  15548.745
545.25178  14928.714
544.25278  14606.658
543.25378  14293.431
542.25478  14352.539
541.25577  15115.531
540.25677  17444.184
539.25777  23305.738
538.25877  32689.885
537.25977  41302.624
536.26077  42120.349
535.26177  34677.196
534.26277  25392.681
533.26377  18868.361
532.26477  16021.881
531.26576  14971.985
530.26676  14758.919
529.26776  15111.284
528.26876  15360.663
527.26976  15213.576
526.27076  14632.202
525.27176  13593.366
524.27276  12540.293
523.27376  11846.153
522.27476  11584.114
521.27575  11394.321
520.27675  11212.768
519.27775  11262.162
518.27875  11369.029
517.27975  11413.829
516.28075  11870.495
515.28175  12374.442
514.28275  13176.229
513.28375  13914.295
512.28475  13790.312
511.28574  12947.963
510.28674  12132.438
509.28774  11296.397
508.28874  10786.178
507.28974  10660.03
506.29074  10756.491
505.29174  10816.573
504.29274  10596.629
503.29374  10626.212
502.29474  10612.597
501.29573  10422.853
500.29673  10329.51
499.29773  10371.489
498.29873  10517.445
497.29973  10642.115
496.30073  10655.127
495.30173  10629.011
494.30273  10682.658
493.30373  10683.512
492.30473  10703.183
491.30572  10615.646
490.30672  10664.7
489.30772  10814.068
488.30872  10692.593
487.30972  10524.851
486.31072  10527.282
485.31172  10490.292
484.31272  10360.616
483.31372  10398.284
482.31472  10273.13
481.31571  10161.805
480.31671  10300.937
479.31771  10230.122
478.31871  10066.399
477.31971  9990.6794
476.32071  9944.8437
475.32171  10074.345
474.32271  10158.203
473.32371  10077.94
472.32471  9971.1531
471.3257  9981.2632
470.3267  10033.924
469.3277  10036.976
468.3287  10006.069
467.3297  10137.655
466.3307  10031.414
465.3317  9833.6052
464.3327  9762.9563
463.3337  9916.4211
462.3347  10108.082
461.33569  9983.9893
460.33669  9683.8597
459.33769  9724.1171
458.33869  9870.6709
457.33969  9927.3167
456.34069  9741.8068
455.34169  9699.6542
454.34269  9731.5425
453.34369  9715.0268
452.34469  9639.4903
451.34568  9645.3996
450.34668  9687.3976
449.34768  9675.6157
448.34868  9687.1772
447.34968  9764.7179
446.35068  9796.9932
445.35168  9858.6366
444.35268  9904.3397
443.35368  9861.9409
442.35468  9816.9543
441.35567  9749.6953
440.35667  9708.7002
439.35767  9806.277
438.35867  9857.8741
437.35967  9867.2997
436.36067  9795.6353
435.36167  9572.0511
434.36267  9568.1146
433.36367  9604.7749
432.36467  9687.9117
431.36566  9728.5519
430.36666  9864.5991
429.36766  9815.9514
428.36866  9783.2221
427.36966  10000.975
426.37066  10066.955
425.37166  10100.292
424.37266  10053.899
423.37366  10106.664
422.37466  10375.657
421.37565  10388.824
420.37665  10221.728
419.37765  10153.893
418.37865  9917.8067
417.37965  9477.3692
416.38065  9468.0797
415.38165  9555.2446
414.38265  9547.5991
413.38365  9523.2964
412.38465  9575.0231
411.38564  9594.4471
410.38664  9738.6323
409.38764  9603.0018
408.38864  9573.6323
407.38964  10086.316
406.39064  10421.155
405.39164  10469.082
404.39264  11102.343
403.39364  11013.675
402.39464  10378.763
401.39563  9764.0167
400.39663  9454.7386
399.39763  9227.2899
398.39863  9198.9588
397.39963  9260.8114
396.40063  9243.4232
395.40163  9242.0897
394.40263  9210.247
393.40363  9076.5698
392.40463  9206.4674
391.40562  9275.7144
390.40662  9088.1079
389.40762  8979.3855
388.40862  8961.581
387.40962  8906.5906
386.41062  8905.2382
385.41162  8905.6978
384.41262  8937.6781
383.41362  8909.4884
382.41462  8880.1204
381.41561  9010.2832
380.41661  8889.4012
379.41761  8974.1023
378.41861  9030.059
377.41961  8906.4171
376.42061  8884.8449
375.42161  8928.6051
374.42261  8989.4227
373.42361  8875.9769
372.42461  8790.6601
371.4256  8896.8611
370.4266  8944.9641
369.4276  8921.9185
368.4286  8928.3975
367.4296  8896.2562
366.4306  8928.8076
365.4316  9042.067
364.4326  9042.9846
363.4336  8980.985
362.4346  8891.0902
361.43559  8808.8758
360.43659  8746.9114
359.43759  8823.0959
358.43859  8971.1648
357.43959  8949.2591
356.44059  8940.3578
355.44159  9156.067
354.44259  9154.553
353.44359  9108.761
352.44459  8980.0835
351.44558  9001.1582
350.44658  9060.1488
349.44758  8894.9355
348.44858  8838.4256
347.44958  8902.2241
346.45058  8932.4691
345.45158  8862.5618
344.45258  9026.3617
343.45358  8955.4666
342.45458  8733.5037
341.45557  8803.7248
340.45657  8955.3595
339.45757  8990.2006
338.45857  8942.2624
337.45957  8940.8857
336.46057  8920.0136
335.46157  8911.5152
334.46257  8843.5707
333.46357  8816.2232
332.46457  8937.0639
331.46556  8771.932
330.46656  8697.2622
329.46756  8693.6346
328.46856  8836.633
327.46956  8902.0251
326.47056  8881.291
325.47156  8904.858
324.47256  8788.3662
323.47356  8771.139
322.47456  8682.405
321.47555  8800.7454
320.47655  8815.1758
319.47755  8794.6814
318.47855  8889.5404
317.47955  8761.2852
316.48055  8780.5557
315.48155  8936.814
314.48255  8831.8835
313.48355  8746.5996
312.48455  8788.7927
311.48554  8882.1249
310.48654  8924.3738
309.48754  8946.4365
308.48854  8809.6476
307.48954  8819.3407
306.49054  8924.5413
305.49154  9029.9217
304.49254  8942.418
303.49354  8792.4176
302.49454  8731.336
301.49553  8804.0938
300.49653  8820.0846
299.49753  8584.4113
298.49853  8390.2036
297.49953  8491.7263
296.50053  8538.3644
295.50153  8610.0024
294.50253  8625.5793
293.50353  8768.3289
292.50453  9150.3943
291.50552  9496.5236
290.50652  9689.4422
289.50752  9793.2839
288.50852  9643.7377
287.50952  9777.664
286.51052  10713.227
285.51152  10845.104
284.51252  9628.8072
283.51352  8692.3343
282.51452  8411.5565
281.51551  8432.2679
280.51651  8307.0831
279.51751  8287.7233
278.51851  8381.9232
277.51951  8335.697
276.52051  8285.9708
275.52151  8232.9085
274.52251  8288.9447
273.52351  8249.5398
272.52451  8047.0288
271.5255  8074.7425
270.5265  8149.8982
269.5275  8122.0014
268.5285  8030.366
267.5295  8075.8871
266.5305  8106.5334
265.5315  8081.8296
264.5325  8233.8478
263.5335  8149.8849
262.5345  7912.735
261.53549  7907.2746
260.53649  7953.6588
259.53749  7939.3397
258.53849  7871.6518
257.53949  7891.5856
256.54049  7859.0664
255.54149  7892.3789
254.54249  7997.319
253.54349  7970.9856
252.54449  8055.4718
251.54548  8014.6665
250.54648  7722.7597
249.54748  7771.3703
248.54848  7807.9451
247.54948  7710.838
246.55048  7749.2199
245.55148  7720.6745
244.55248  7972.32
243.55348  8653.8828
242.55448  9365.1818
241.55547  9836.6142
240.55647  10000.314
239.55747  10397.037
238.55847  10552.12
237.55947  9955.8791
236.56047  8766.7002
235.56147  7895.7473
234.56247  7585.4794
233.56347  7503.2784
232.56447  7479.1477
231.56546  7563.323
230.56646  7648.8148
229.56746  7492.8793
228.56846  7353.8276
227.56946  7280.741
226.57046  7085.3815
225.57146  6963.0675
224.57246  6934.5722
223.57346  7025.0971
222.57446  6948.1283
221.57545  6866.872
220.57645  7060.7585
219.57745  7234.2813
218.57845  7126.5284
217.57945  7067.1173
216.58045  7017.4081
215.58145  6936.5573
214.58245  6740.6652
213.58345  6925.4735
212.58445  6987.2313
211.58544  6744.0662
210.58644  6782.3476
209.58744  6886.178
208.58844  6878.4303
207.58944  6856.3257
206.59044  6830.0648
205.59144  6864.562
204.59244  6940.2218
203.59344  6867.437
202.59444  6901.3729
201.59543  7024.1405
200.59643  6951.4795
199.59743  7049.6011
198.59843  6996.5443
197.59943  6747.8665
196.60043  6971.3937
195.60143  6964.2911
194.60243  6934.6341
193.60343  7033.1877
192.60443  6854.1807
191.60542  6778.9465
190.60642  6855.3351
189.60742  6870.0329
188.60842  6860.1847
187.60942  6794.019
186.61042  6914.084
185.61142  6771.048
184.61242  6811.8975
183.61342  6957.0092
182.61442  6910.5977
181.61541  6895.4435
180.61641  6971.2461
179.61741  6917.2018
178.61841  6820.4751
177.61941  6785.6738
176.62041  6783.4237
175.62141  6825.7192
174.62241  6819.388
173.62341  6888.6609
172.62441  6851.3314
171.6254  6850.1991
170.6264  7002.9224
169.6274  6923.4741
168.6284  6789.765
167.6294  6913.7135
166.6304  6844.2742
165.6314  6777.735
164.6324  6766.2573
163.6334  6739.7201
162.6344  6756.8635
161.63539  6852.8471
160.63639  6873.4485
159.63739  6888.5467
158.63839  6857.1266
157.63939  6994.386
156.64039  7026.1084
155.64139  7007.6627
154.64239  6998.9369
153.64339  6804.0578
152.64439  6951.3822
151.64538  7209.8824
150.64638  7197.2295
149.64738  7099.1998
148.64838  6959.2861
147.64938  6965.9858
146.65038  7140.7814
145.65138  7174.8896
144.65238  7050.1521
143.65338  6863.0954
142.65438  6891.4766
141.65537  6872.0041
140.65637  6868.4385
139.65737  6836.4456
138.65837  6810.4761
137.65937  6746.9
136.66037  6516.9424
135.66137  6425.1214
134.66237  6348.4226
133.66337  6299.9374
132.66437  6364.2698
131.66536  6301.9013
130.66636  6252.6461
129.66736  6442.5585
128.66836  6818.8155
127.66936  7679.9537
126.67036  9198.1305
125.67136  10719.083
124.67236  11029.33
123.67336  9951.8394
122.67436  8500.0697
121.67535  7319.2956
120.67635  6662.3998
119.67735  6353.6123
118.67835  6264.4588
117.67935  6388.9286
116.68035  6539.3762
115.68135  6469.6862
114.68235  6608.1711
113.68335  6477.5904
112.68435  6196.0206
111.68534  6120.6618
110.68634  6167.6848
109.68734  6214.533
108.68834  6147.1726
107.68934  6047.4344
106.69034  6063.0431
105.69134  6224.3882
104.69234  6166.7336
103.69334  6208.3533
102.69434  6246.4436
101.69533  6132.4988
100.69633  6003.324
99.697333  5895.6776
98.698332  5833.0057
97.699331  5818.2286
96.70033  5911.0004
95.701329  5841.5409
94.702328  5736.5949
93.703327  5760.684
92.704326  5666.4988
91.705325  5603.3104
90.706324  5665.033
89.707323  5551.1263
88.708322  5450.7045
87.709321  5263.3405
86.71032  5241.2571
85.711319  5218.7494
84.712318  5201.6632
83.713317  5633.7549
82.714316  6584.0297
81.715315  8115.2402
80.716314  9590.2868
79.717313  9712.6091
78.718312  8226.2748
77.719311  6520.5342
76.72031  5587.871
75.721309  5239.7928
74.722308  5258.7731
73.723307  5409.9213
72.724306  5412.3669
71.725305  5579.3147
70.726304  5563.6384
69.727303  5380.4504
68.728302  5387.6586
67.729301  5214.1764
66.7303  5069.5294
65.731299  4936.8098
64.732298  4914.5322
63.733297  4965.2769
62.734296  4974.9379
61.735295  4868.2889
60.736294  4726.2339
59.737293  4739.9334
58.738292  4912.2479
57.739291  4949.0391
56.74029  4937.3291
55.741289  4915.056
54.742288  4907.6087
53.743287  4912.2594
52.744286  4961.9193
51.745285  4913.4366
50.746284  4854.9456
49.747283  4937.6822
48.748282  5002.8916
47.749281  4876.9691
46.75028  4917.7998
45.751279  4921.9817
44.752278  4800.7801
43.753277  4703.6943
42.754276  4573.8494
41.755275  4534.5238
40.756274  4615.068
39.757273  4562.7322
38.758272  4495.6787
37.759271  4495.4086
36.76027  4638.9603
35.761269  4711.9285
34.762268  4674.1449
33.763267  4643.8432
32.764266  4618.7012
31.765265  4904.3006
30.766264  5301.6539
29.767263  5457.5775
28.768262  5393.1595
27.769261  5185.3094
26.77026  4893.1494
25.771259  4648.0392
24.772258  4559.1523
23.773257  4372.1662
22.774256  4282.5032
21.775255  4406.034
20.776254  4458.2332
19.777253  4335.7058
18.778252  4191.8578
17.779251  4243.3621
16.78025  4285.3557
15.781249  4270.6443
14.782248  4326.85
13.783247  4403.0846
12.784246  4492.9707
11.785245  4454.6043
10.786244  4373.9387
9.7872428  4304.4979
8.7882418  4221.4851
7.7892408  4135.5211
6.7902398  4090.7359
5.7912388  4124.8422
4.7922378  4121.1786
3.7932368  4056.5339
2.7942358  3972.3921
1.7952348  3907.9383
0.79623377  3960.8973
-0.20276723  3957.3439
-1.2017682  3870.583
-2.2007692  3932.8502
-3.1997702  3984.7194
-4.1987712  3954.9273
-5.1977722  3953.5473
-6.1967732  3981.5293
-7.1957742  3903.5864
-8.1947752  3864.5069
-9.1937762  3982.7938
-10.192777  3898.7997
-11.191778  3841.3584
-12.190779  3896.2355
-13.18978  3845.9536
-14.188781  3944.6393
-15.187782  4048.5097
-16.186783  4015.1018
-17.185784  3836.5984
-18.184785  3862.1485
-19.183786  3902.2068
-20.182787  3762.1438
-21.181788  3765.652
-22.180789  3956.9737
-23.17979  3882.443
-24.178791  3858.5758
-25.177792  3860.7621
-26.176793  3822.3058
-27.175794  3904.5788
-28.174795  3834.7041
-29.173796  3833.502
-30.172797  3830.7472
-31.171798  3920.0912
-32.170799  4013.9034
-33.1698  3930.1484
-34.168801  4023.9954
-35.167802  4056.2701
-36.166803  4126.2112
-37.165804  4197.1232
-38.164805  4152.8038
-39.163806  4099.5488
-40.162807  4032.1314
-41.161808  3868.8343
-42.160809  3785.1539
-43.15981  3826.4087
-44.158811  3782.7789
-45.157812  3877.0532
-46.156813  3909.6329
-47.155814  3766.9225
-48.154815  3771.2633
-49.153816  3881.0481
-50.152817  3919.01
-51.151818  3950.9363
-52.150819  3867.1997
-53.14982  3900.3962
-54.148821  3923.0478
-55.147822  3978.2122
-56.146823  3901.0245
-57.145824  3840.4635
-58.144825  3788.6609
-59.143826  3802.8846
-60.142827  3737.3869
-61.141828  3749.1826
-62.140829  3737.4414
-63.13983  3758.8032
-64.138831  3813.786
-65.137832  3803.2751
-66.136833  3707.4232
-67.135834  3703.1903
-68.134835  3708.3686
-69.133836  3713.5373
-70.132837  3684.6382
-71.131838  3749.0621
-72.130839  3900.8537
-73.12984  4256.8156
-74.128841  4682.5768
-75.127842  4947.6785
-76.126843  4962.5739
-77.125844  4970.2752
-78.124845  4587.6729
-79.123846  4001.6384
-80.122847  3755.7959
-81.121848  3694.3423
-82.120849  3619.8189
-83.11985  3559.5134
-84.118851  3610.8854
-85.117852  3563.2635
-86.116853  3554.5917
-87.115854  3537.2168
-88.114855  3609.6045
-89.113856  3772.5183
-90.112857  3876.6056
-91.111858  3884.4877
-92.110859  3992.0028
-93.10986  3940.9929
-94.108861  3693.9919
-95.107862  3659.1631
-96.106863  3661.3751
-97.105864  3623.6597
-98.104865  3607.5152
-99.103866  3753.3071
-100.10287  3738.416
-101.10187  3778.9758
-102.10087  3848.4512
-103.09987  3810.1949
-104.09887  3737.4401
-105.09787  3749.6562
-106.09687  3779.8721
-107.09587  3589.5416
-108.09488  3486.8711
-109.09388  3377.687
-110.09288  3375.8034
-111.09188  3267.7284
-112.09088  3213.0652
-113.08988  3107.9454
-114.08888  3065.9689
-115.08788  2943.2841
-116.08688  2840.2553
-117.08588  2919.2301
-118.08489  3044.8786
-119.08389  2945.4164
-120.08289  3113.3437
-121.08189  3308.9315
-122.08089  3460.3044
-123.07989  3568.0194
-124.07889  3852.4793
-125.07789  5009.5809
-126.07689  7084.1131
-127.07589  8526.2
-128.0749  8350.1951
-129.0739  6846.732
-130.0729  4892.3489
-131.0719  3465.473
-132.0709  2696.6454
-133.0699  2405.7645
-134.0689  2166.4233
-135.0679  2034.5303
-136.0669  2066.309
-137.0659  2096.6046
-138.06491  2072.3042
-139.06391  2043.8287
-140.06291  1959.0044
-141.06191  1911.4195
-142.06091  1976.1603
-143.05991  1965.4105
-144.05891  1946.7738
-145.05791  1888.1161
-146.05691  1879.8434
-147.05591  1899.6584
-148.05492  1936.4425
-149.05392  1946.2613
-150.05292  2000.9505
-151.05192  1931.8477
-152.05092  1857.6608
-153.04992  1920.162
-154.04892  1920.5946
-155.04792  1878.9302
-156.04692  1843.1365
-157.04592  1867.8101
-158.04493  1851.7845
-159.04393  1826.2048
-160.04293  1813.2791
-161.04193  1872.547
-162.04093  1875.6064
-163.03993  1819.0835
-164.03893  1800.743
-165.03793  1908.4761
-166.03693  1987.237
-167.03593  1944.2184
-168.03494  1883.7141
-169.03394  1898.6841
-170.03294  2006.669
-171.03194  2013.1531
-172.03094  1835.4781
-173.02994  1810.9982
-174.02894  1795.7893
-175.02794  1802.9927
-176.02694  1861.2051
-177.02594  1804.3332
-178.02495  1837.7164
-179.02395  1822.6392
-180.02295  1868.2439
-181.02195  1843.7602
-182.02095  1762.5149
-183.01995  1757.7813
-184.01895  1784.6347
-185.01795  1823.7927
-186.01695  1758.3264
-187.01595  1796.8689
-188.01496  1831.515
-189.01396  1853.2208
-190.01296  1829.145
-191.01196  1751.4239
-192.01096  1752.1885
-193.00996  1758.4309
-194.00896  1722.8802
-195.00796  1766.2614
-196.00696  1880.6444
-197.00596  1917.9764
-198.00497  1866.3637
-199.00397  1830.2125
-200.00297  1845.8315
-201.00197  1782.1961
-202.00097  1774.2494
-202.99997  1827.867
-203.99897  1715.543
-204.99797  1750.6874
-205.99697  1779.8039
-206.99597  1787.0535
-207.99498  1785.0013
-208.99398  1755.2613
-209.99298  1740.2532
-210.99198  1748.7698
-211.99098  1866.874
-212.98998  1864.6365
-213.98898  1909.0733
-214.98798  1985.5992
-215.98698  1959.5031
-216.98598  1888.7809
-217.98499  1785.7371
-218.98399  1775.3967
-219.98299  1746.195
-220.98199  1666.5512
-221.98099  1698.6733
-222.97999  1724.4203
-223.97899  1726.7908
-224.97799  1747.9281
-225.97699  1707.3439
-226.97599  1652.2911
-227.975  1600.2323
-228.974  1676.8328
-229.973  1683.1468
-230.972  1622.6496
-231.971  1697.3374
-232.97  1732.6922

# Region:                       Co 2p
# Spectrum ID:                  2
# Acquisition Date:             06/26/26 15:17:36 UTC
# Analysis Method:              XPS
# Analyzer:                     PHOIBOS MCD5 Analyzer
# Analyzer Lens:                LargeArea:1.5kV
# Analyzer Slit:                5:7x20\B:open
# Scan Mode:                    FixedAnalyzerTransmission
# Curves/Scan:                  1
# Values/Curve:                 951
# Dwell Time:                   0.1
# Excitation Energy:            1253.64
# Binding Energy:               592.03
# Pass Energy:                  50
# Bias Voltage:                 90
# Detector Voltage:             3000
# Eff. Workfunction:            4.543
# Source:                       X-Ray Dummy
# Comment:                      
#
# Cycle: 0
# Number of Scans: 20
#
# Cycle: 0, Curve: 0
# Acquisition Date:             06/26/26 15:17:36 UTC
#
# ColumnLabels:                 energy counts/s
#
592.03  19823.777
591.93  19889.591
591.83  19861.594
591.73  19803.529
591.63  19900.296
591.53  19945.924
591.43  19853.668
591.33  19798.549
591.23  19880.014
591.13  19899.682
591.03  19876.549
590.93  19814.873
590.83  19836.516
590.73  19884.082
590.63  19909.036
590.53  19835.671
590.43  19795.764
590.33  20006.331
590.23  19870.594
590.13  19996.996
590.03  19945.787
589.93  19970.721
589.83  19991.52
589.73  19957.594
589.63  19883.358
589.53  19889.424
589.43  19899.272
589.33  19991.243
589.23  19951.125
589.13  19821.285
589.03  20012.931
588.93  19950.14
588.83  20056.221
588.73  20046.813
588.63  20003.234
588.53  20041.989
588.43  19961.264
588.33  19960.741
588.23  20044.667
588.13  19984.391
588.03  20075.594
587.93  20052.288
587.83  19948.74
587.73  20032.848
587.63  19978.945
587.53  19981.598
587.43  19908.258
587.33  19970.141
587.23  19875.783
587.13  19970.973
587.03  19970.858
586.93  20088.799
586.83  20082.909
586.73  20015.067
586.63  20069.144
586.53  20129.614
586.43  20031.752
586.33  19970.94
586.23  19896.945
586.13  19921.54
586.03  20047.476
585.93  19986.225
585.83  19954.45
585.73  19984.372
585.63  20014.245
585.53  20195.202
585.43  20035.059
585.33  20188.134
585.23  20086.046
585.13  19949.839
585.03  19848.556
584.93  19920.89
584.83  19839.294
584.73  19997.608
584.63  20015.405
584.53  19960.025
584.43  19971.754
584.33  19848.197
584.23  19846.927
584.13  19935.145
584.03  19859.072
583.93  19903.637
583.83  19756.946
583.73  19842.409
583.63  19800.641
583.53  19784.34
583.43  19892.286
583.33  20003.781
583.23  19819.514
583.13  19835.631
583.03  19875.686
582.93  19824.353
582.83  19831.034
582.73  19784.701
582.63  19839.64
582.53  20014.685
582.43  19770.108
582.33  19792.208
582.23  19855.674
582.13  19839.346
582.03  19870.631
581.93  19849.115
581.83  19775.4
581.73  19833.556
581.63  19753.153
581.53  19743.33
581.43  19780.619
581.33  19882.331
581.23  19927.45
581.13  19759.214
581.03  19820.169
580.93  19823.523
580.83  19884.495
580.73  19743.087
580.63  19653.362
580.53  19649.294
580.43  19786.639
580.33  19786.515
580.23  19708.2
580.13  19719.253
580.03  19772.203
579.93  19800.003
579.83  19616.15
579.73  19692.639
579.63  19663.766
579.53  19738.405
579.43  19681.784
579.33  19801.985
579.23  19696.138
579.13  19844.651
579.03  19751.757
578.93  19738.584
578.83  19652.579
578.73  19755.668
578.63  19744.576
578.53  19683.537
578.43  19794.755
578.33  19811.648
578.23  19752.519
578.13  19711.341
578.03  19882.725
577.93  19754.186
577.83  19800.113
577.73  19732.442
577.63  19790.247
577.53  19856.073
577.43  19958.096
577.33  19697.049
577.23  19847.204
577.13  19897.475
577.03  19778.877
576.93  19719.197
576.83  19960.796
576.73  19781.728
576.63  19779.013
576.53  20050.992
576.43  19742.087
576.33  19713.446
576.23  19734.663
576.13  19777.677
576.03  19861.859
575.93  19687.668
575.83  19758.259
575.73  19730.209
575.63  19802.367
575.53  19833.119
575.43  19785.672
575.33  19609.779
575.23  19642.747
575.13  19783.149
575.03  19777.087
574.93  19652.862
574.83  19547.953
574.73  19510.394
574.63  19696.244
574.53  19646.898
574.43  19774.571
574.33  19666.472
574.23  19506.169
574.13  19495.783
574.03  19493.731
573.93  19646.626
573.83  19576.685
573.73  19468.39
573.63  19516.793
573.53  19490.482
573.43  19546.531
573.33  19658.337
573.23  19381.08
573.13  19584.312
573.03  19433.887
572.93  19491.928
572.83  19490.565
572.73  19491.886
572.63  19389.608
572.53  19347.296
572.43  19488.59
572.33  19406.876
572.23  19379.777
572.13  19508.961
572.03  19552.671
571.93  19415.427
571.83  19436.706
571.73  19513.603
571.63  19450.415
571.53  19475.172
571.43  19607.046
571.33  19384.343
571.23  19395.286
571.13  19366.617
571.03  19308.773
570.93  19516.687
570.83  19438.617
570.73  19515.647
570.63  19448.266
570.53  19496.434
570.43  19489.2
570.33  19312.44
570.23  19249.393
570.13  19351.128
570.03  19246.592
569.93  19326.898
569.83  19439.418
569.73  19498.876
569.63  19261.861
569.53  19281.653
569.43  19369.228
569.33  19303.823
569.23  19391.627
569.13  19305.918
569.03  19375.194
568.93  19410.408
568.83  19429.435
568.73  19546.425
568.63  19417.849
568.53  19439.745
568.43  19383.761
568.33  19628.16
568.23  19618.919
568.13  19284.371
568.03  19451.145
567.93  19639.193
567.83  19580.273
567.73  19635.486
567.63  19718.338
567.53  19595.892
567.43  19616.437
567.33  19599.432
567.23  19751.37
567.13  19593.609
567.03  19728.946
566.93  19743.526
566.83  19906.441
566.73  20021.585
566.63  20033.79
566.53  19846.834
566.43  20011.654
566.33  20100.873
566.23  19979.386
566.13  19981.79
566.03  20151.345
565.93  20196.588
565.83  20247.748
565.73  20210.974
565.63  20213.607
565.53  20477.492
565.43  20428.627
565.33  20374.029
565.23  20591.914
565.13  20527.646
565.03  20672.925
564.93  20676.868
564.83  20670.964
564.73  20624.558
564.63  20800.293
564.53  20810.752
564.43  20718.825
564.33  21012.154
564.23  21046.718
564.13  21151.968
564.03  21198.451
563.93  21054.667
563.83  21318.936
563.73  21405.754
563.63  21334.826
563.53  21292.12
563.43  21147.299
563.33  21256.501
563.23  21606.302
563.13  21541.963
563.03  21623.8
562.93  21486.669
562.83  21589.817
562.73  21629.392
562.63  21403.46
562.53  21566.778
562.43  21716.826
562.33  21641.71
562.23  21669.381
562.13  21678.525
562.03  21761.635
561.93  21619.407
561.83  21546.132
561.73  21737.833
561.63  21681.14
561.53  21848.661
561.43  21546.523
561.33  21737.215
561.23  21648.608
561.13  21634.005
561.03  21556.824
560.93  21663.813
560.83  21648.129
560.73  21668.945
560.63  21586.97
560.53  21536.643
560.43  21516.401
560.33  21606.303
560.23  21506.024
560.13  21688.396
560.03  21597.116
559.93  21462.804
559.83  21403.428
559.73  21451.875
559.63  21324.396
559.53  21188.91
559.43  21132.266
559.33  21130.942
559.23  21260.988
559.13  21056.253
559.03  21122.096
558.93  20976.649
558.83  21195.093
558.73  21093.996
558.63  20839.737
558.53  20936.346
558.43  21055.152
558.33  20854.07
558.23  20738.038
558.13  20771.786
558.03  20677.919
557.93  20509.819
557.83  20686.552
557.73  20549.283
557.63  20295.029
557.53  20349.325
557.43  20531.488
557.33  20407.629
557.23  20391.654
557.13  20230.205
557.03  20182.164
556.93  20209.787
556.83  20238.131
556.73  20147.029
556.63  20047.854
556.53  19965.836
556.43  19912.509
556.33  20006.782
556.23  20049.845
556.13  19927.914
556.03  19854.253
555.93  19846.095
555.83  19744.691
555.73  19787.028
555.63  19824.856
555.53  19701.626
555.43  19643.344
555.33  19599.959
555.23  19596.819
555.13  19658.754
555.03  19409.935
554.93  19449.502
554.83  19438.001
554.73  19485.837
554.63  19406.16
554.53  19167.219
554.43  19255.323
554.33  19103.905
554.23  19171.644
554.13  19426.479
554.03  19287.08
553.93  19100.851
553.83  19171.872
553.73  19142.362
553.63  19236.82
553.53  18983.143
553.43  18822.531
553.33  18958.969
553.23  18985.355
553.13  18897.338
553.03  18931.773
552.93  18929.83
552.83  18902.748
552.73  18803.84
552.63  18751.781
552.53  18697.429
552.43  18713.511
552.33  18828.896
552.23  18571.121
552.13  18641.564
552.03  18644.402
551.93  18499.077
551.83  18692.689
551.73  18705.94
551.63  18572.492
551.53  18389.765
551.43  18460.849
551.33  18524.94
551.23  18358.765
551.13  18397.796
551.03  18276.115
550.93  18317.372
550.83  18311.418
550.73  18047.628
550.63  18095.042
550.53  18233.724
550.43  18178.731
550.33  18113.358
550.23  18074.269
550.13  18011.659
550.03  18029.897
549.93  17968.121
549.83  17955.815
549.73  17893.487
549.63  17672.955
549.53  17854.047
549.43  17838.596
549.33  17911.278
549.23  17781.259
549.13  17782.089
549.03  17604.672
548.93  17455.09
548.83  17498.733
548.73  17538.306
548.63  17482.859
548.53  17260.66
548.43  17350.935
548.33  17362.923
548.23  17256.533
548.13  17153.917
548.03  17175.101
547.93  17169.371
547.83  17075.483
547.73  16915.136
547.63  16920.378
547.53  16688.666
547.43  16606.92
547.33  16706.526
547.23  16677.232
547.13  16588.522
547.03  16653.182
546.93  16415.366
546.83  16484.541
546.73  16463.938
546.63  16458.215
546.53  16245.726
546.43  16191.097
546.33  16203.766
546.23  16166.712
546.13  16036.165
546.03  16146.307
545.93  15940.682
545.83  15992.183
545.73  15894.666
545.63  15818.337
545.53  15703.835
545.43  15671.673
545.33  15773.737
545.23  15657.634
545.13  15548.24
545.03  15626.033
544.93  15495.727
544.83  15548.307
544.73  15314.51
544.63  15270.828
544.53  15471.43
544.43  15222.271
544.33  15332.263
544.23  15157.427
544.13  15076.911
544.03  14994.378
543.93  15081.471
543.83  15082.619
543.73  15043.563
543.63  14807.067
543.53  14922.898
543.43  14854.93
543.33  14809.462
543.23  14896.533
543.13  14913.649
543.03  14956.47
542.93  14867.746
542.83  15007.595
542.73  14818.731
542.63  14886.263
542.53  14893.33
542.43  14764.553
542.33  14969.658
542.23  14984.496
542.13  14898.237
542.03  15007.747
541.93  14935.978
541.83  14949.027
541.73  15082.215
541.63  15173.937
541.53  15231.754
541.43  15274.659
541.33  15354.576
541.23  15529.203
541.13  15757.795
541.03  15807.074
540.93  15887.938
540.83  16143.316
540.73  16393.574
540.63  16685.649
540.53  16918.25
540.43  17216.097
540.33  17561.753
540.23  17888.381
540.13  18247.972
540.03  18898.865
539.93  19260.605
539.83  19965.835
539.73  20592.133
539.63  21233.455
539.53  21707.211
539.43  22619.811
539.33  23393.587
539.23  24289.155
539.13  24998.991
539.03  26137.465
538.93  27254.553
538.83  28243.193
538.73  29344.591
538.63  30179.279
538.53  31611.25
538.43  32762.721
538.33  33891.61
538.23  35188.371
538.13  36214.382
538.03  37454.472
537.93  38816.381
537.83  39943.433
537.73  40954.589
537.63  42175.525
537.53  42937.591
537.43  43875.168
537.33  44727.921
537.23  45310.46
537.13  45888.276
537.03  46347.5
536.93  47001.635
536.83  47195.913
536.73  47060.519
536.63  47227.467
536.53  47032.539
536.43  46698.449
536.33  46224.976
536.23  45893.784
536.13  44951.344
536.03  44631.522
535.93  43975.586
535.83  43082.803
535.73  42011.789
535.63  41025.042
535.53  39905.352
535.43  39058.698
535.33  37728.173
535.23  36645.843
535.13  35491.044
535.03  34552.365
534.93  33296.146
534.83  32112.077
534.73  30894.072
534.63  29756.768
534.53  28653.414
534.43  27858.39
534.33  26788.544
534.23  25950.207
534.13  24920.49
534.03  24244.863
533.93  23246.901
533.83  22704.58
533.73  22113.937
533.63  21476.39
533.53  20870.643
533.43  20302.434
533.33  19724.881
533.23  19259.515
533.13  18745.141
533.03  18335.082
532.93  18014.088
532.83  17672.753
532.73  17359.792
532.63  17121.259
532.53  16903.164
532.43  16739.612
532.33  16518.362
532.23  16257.081
532.13  16043.472
532.03  15950.322
531.93  15911.144
531.83  15906.868
531.73  15624.796
531.63  15527.287
531.53  15605.132
531.43  15298.017
531.33  15333.016
531.23  15286.009
531.13  15343.555
531.03  15175.944
530.93  15211.816
530.83  15241.863
530.73  15198.129
530.63  15160.183
530.53  15193.19
530.43  15134.359
530.33  15226.68
530.23  15216.131
530.13  15259.563
530.03  15508.626
529.93  15337.994
529.83  15304.049
529.73  15510.761
529.63  15444.888
529.53  15537.414
529.43  15652.078
529.33  15636.083
529.23  15723.695
529.13  15785.014
529.03  15721.666
528.93  15945.552
528.83  15943.513
528.73  16085.822
528.63  16132.391
528.53  16099.147
528.43  16180.563
528.33  16348.257
528.23  16264.987
528.13  16371.75
528.03  16357.437
527.93  16381.063
527.83  16433.357
527.73  16192.082
527.63  16426.546
527.53  16323.795
527.43  16285.454
527.33  16251.468
527.23  16201.864
527.13  16084.792
527.03  16153.339
526.93  16123.337
526.83  16051.32
526.73  15926.297
526.63  15899.92
526.53  15693.682
526.43  15602.74
526.33  15480.672
526.23  15396.983
526.13  15235.554
526.03  15148.233
525.93  15077.436
525.83  15003.121
525.73  14835.136
525.63  14626.884
525.53  14588.521
525.43  14334.572
525.33  14180.813
525.23  14016.441
525.13  13830.325
525.03  13790.717
524.93  13667.176
524.83  13675.129
524.73  13494.425
524.63  13291.602
524.53  13150.08
524.43  13076.241
524.33  13082.136
524.23  12857.29
524.13  12802.353
524.03  12750.039
523.93  12678.2
523.83  12710.324
523.73  12501.06
523.63  12510.775
523.53  12437.334
523.43  12320.897
523.33  12105.493
523.23  12185.557
523.13  12220.039
523.03  12254.874
522.93  12149.56
522.83  12107.154
522.73  12047.278
522.63  12010.294
522.53  11989.599
522.43  11917.428
522.33  11748.197
522.23  11899.616
522.13  11931.111
522.03  11876.249
521.93  11936.226
521.83  11737.958
521.73  11787.072
521.63  11876.685
521.53  11932.874
521.43  11914.431
521.33  11831.06
521.23  11855.204
521.13  11751.986
521.03  11759.691
520.93  11817.129
520.83  11735.069
520.73  11823.394
520.63  11795.851
520.53  11770.096
520.43  11747.789
520.33  11770.408
520.23  11683.426
520.13  11595.477
520.03  11714.36
519.93  11727.869
519.83  11823.292
519.73  11836.005
519.63  11786.364
519.53  11725.161
519.43  11778.797
519.33  11739.791
519.23  11758.868
519.13  11657.858
519.03  11840.418
518.93  11718.948
518.83  11808.08
518.73  11830.784
518.63  11954.418
518.53  11758.793
518.43  11795.087
518.33  11778.439
518.23  11851.037
518.13  11926.518
518.03  11846.408
517.93  11864.964
517.83  11906.632
517.73  12009.737
517.63  11851.197
517.53  11887.72
517.43  11849.254
517.33  11896.162
517.23  11951.594
517.13  11923.853
517.03  12038.95
516.93  12024.389
516.83  11975.391
516.73  12033.346
516.63  11989.617
516.53  12187.927
516.43  12197.724
516.33  12255.032
516.23  12207.584
516.13  12171.7
516.03  12288.645
515.93  12361.98
515.83  12405.18
515.73  12359.616
515.63  12583.354
515.53  12619.481
515.43  12626.1
515.33  12608.096
515.23  12783.207
515.13  12930.712
515.03  13087.725
514.93  13031.617
514.83  13023.019
514.73  13201.717
514.63  13259.527
514.53  13395.656
514.43  13472.702
514.33  13556.833
514.23  13783.121
514.13  13759.281
514.03  13827.902
513.93  13857.603
513.83  13871.156
513.73  14052.921
513.63  14227.053
513.53  14310.983
513.43  14214.076
513.33  14405.444
513.23  14480.04
513.13  14506.874
513.03  14386.323
512.93  14459.073
512.83  14434.446
512.73  14451.644
512.63  14371.352
512.53  14447.674
512.43  14426.942
512.33  14287.094
512.23  14397.531
512.13  14330.765
512.03  14266.678
511.93  14077.559
511.83  13944.839
511.73  13931.657
511.63  13863.97
511.53  13722.307
511.43  13617.066
511.33  13598.738
511.23  13518.889
511.13  13344.916
511.03  13184.129
510.93  13040.296
510.83  13039.459
510.73  12962.899
510.63  12855.482
510.53  12643.612
510.43  12466.125
510.33  12518.536
510.23  12306.527
510.13  12281.343
510.03  12100.84
509.93  12106.798
509.83  12099.612
509.73  12022.255
509.63  12020.117
509.53  11878.937
509.43  11900.869
509.33  11717.881
509.23  11722.625
509.13  11572.614
509.03  11490.906
508.93  11473.071
508.83  11542.301
508.73  11489.327
508.63  11495.445
508.53  11368.836
508.43  11298.668
508.33  11207.668
508.23  11409.435
508.13  11342.103
508.03  11246.703
507.93  11246.291
507.83  11236.571
507.73  11094.029
507.63  11027.884
507.53  11219.724
507.43  11001.664
507.33  10991.55
507.23  10971.2
507.13  10937.424
507.03  11084.616
506.93  10911.54
506.83  10991.566
506.73  11045.944
506.63  11043.572
506.53  11003.712
506.43  11003.048
506.33  11102.076
506.23  11010.405
506.13  10897.452
506.03  10947.806
505.93  10773.851
505.83  10886.696
505.73  10964.782
505.63  10829.561
505.53  10857.701
505.43  10934.381
505.33  10996.379
505.23  10936.385
505.13  10931.298
505.03  10807.611
504.93  10902.98
504.83  10924.203
504.73  10826.899
504.63  10819.636
504.53  10851.508
504.43  10917.618
504.33  10850.438
504.23  10802.802
504.13  10842.118
504.03  10867.223
503.93  10832.268
503.83  10881.841
503.73  10794.505
503.63  10703.945
503.53  10944.655
503.43  10796.585
503.33  10973.682
503.23  10955.021
503.13  10738.305
503.03  10752.022
502.93  10872.249
502.83  10860.723
502.73  10754.626
502.63  10752.109
502.53  10777.657
502.43  10816.253
502.33  10731.105
502.23  10835.545
502.13  10876.98
502.03  10844.264
501.93  10755.025
501.83  10779.333
501.73  10929.845
501.63  10726.456
501.53  10704.241
501.43  10828.968
501.33  10790.297
501.23  10881.816
501.13  10859.324
501.03  10807.154
500.93  10825.156
500.83  10910.177
500.73  10843.246
500.63  10679.043
500.53  10763.007
500.43  10864.953
500.33  10806.687
500.23  10860.777
500.13  10769.988
500.03  10793.863
499.93  10849.025
499.83  10776.538
499.73  10714.766
499.63  10735.145
499.53  10862.586
499.43  10869.836
499.33  10762.515
499.23  10738.028
499.13  10889.792
499.03  10888.024
498.93  10955.444
498.83  10960.349
498.73  10886.825
498.63  10960.742
498.53  10864.859
498.43  10984.735
498.33  10924.497
498.23  10826.986
498.13  10864.468
498.03  10862.455
497.93  11004.657
497.83  10808.637
497.73  10826.75
497.63  10808.888
497.53  10853.231
497.43  10793.361
497.33  10892.775
497.23  10704.012
497.13  10848.774
497.03  10881.076

# Operation:                    Peak Fit
# Range Start:                  563.322
# Range End:                    542.91
# Parameter: "Transition" = 
# Parameter: "Label" = 
# Parameter: "Background Method" = Shirley
# Parameter: "Peak Shape" = Voigt
# Parameter: "Asymmetric Peak" = false
# Parameter: "FWHM-Annotation" = S-B = <Signal-BG:@>\nFWHM = <FWHM:@>\nArea = <Area:@>
# Parameter: "Peak-Annotation" = <Label>\n<Transition>\nE = <Center:@>
#
# Result:
# Number of Results:            0
# Parameter: "<Error>" = Initial value of 1.59433 1/eV for parameter k1 is not in valid range [0 .. 1] 1/eV.
#

# Region:                       Al 2p
# Spectrum ID:                  3
# Acquisition Date:             06/26/26 15:42:03 UTC
# Analysis Method:              XPS
# Analyzer:                     PHOIBOS MCD5 Analyzer
# Analyzer Lens:                LargeArea:1.5kV
# Analyzer Slit:                5:7x20\B:open
# Scan Mode:                    FixedAnalyzerTransmission
# Curves/Scan:                  1
# Values/Curve:                 331
# Dwell Time:                   0.1
# Excitation Energy:            1253.64
# Binding Energy:               -142.97
# Pass Energy:                  50
# Bias Voltage:                 90
# Detector Voltage:             3000
# Eff. Workfunction:            4.543
# Source:                       X-Ray Dummy
# Comment:                      
#
# Cycle: 0
# Number of Scans: 5
#
# Cycle: 0, Curve: 0
# Acquisition Date:             06/26/26 15:42:03 UTC
#
# ColumnLabels:                 energy counts/s
#
-142.97  1948.0378
-143.07  2020.5825
-143.17  1997.9331
-143.27  2020.8691
-143.37  1975.726
-143.47  1913.0649
-143.57  2044.5342
-143.67  2070.1525
-143.77  2053.526
-143.87  1904.9839
-143.97  1921.8431
-144.07  1960.2482
-144.17  1961.1007
-144.27  2002.5668
-144.37  1993.9635
-144.47  2021.7663
-144.57  1971.0268
-144.67  1945.8161
-144.77  2042.686
-144.87  1968.8808
-144.97  1959.3964
-145.07  1913.2797
-145.17  1869.0576
-145.27  1967.6766
-145.37  1923.2353
-145.47  1942.8844
-145.57  1965.9046
-145.67  1942.087
-145.77  1981.4239
-145.87  1958.2689
-145.97  1950.4343
-146.07  1898.8862
-146.17  1917.1654
-146.27  1972.5231
-146.37  1999.1581
-146.47  1956.5499
-146.57  1906.035
-146.67  1977.4701
-146.77  1999.7807
-146.87  2027.3697
-146.97  2010.573
-147.07  1953.6869
-147.17  1888.2355
-147.27  1957.8271
-147.37  1951.5808
-147.47  1979.0856
-147.57  1929.4486
-147.67  2034.6556
-147.77  1931.8426
-147.87  2006.0544
-147.97  2008.0403
-148.07  1914.7297
-148.17  1894.0303
-148.27  1939.5143
-148.37  1956.9822
-148.47  1949.5272
-148.57  1800.6847
-148.67  1875.1995
-148.77  1951.3151
-148.87  1902.6655
-148.97  1963.0739
-149.07  1978.6795
-149.17  1986.9142
-149.27  1972.7694
-149.37  1933.7726
-149.47  1917.2981
-149.57  1904.3074
-149.67  1884.4765
-149.77  1887.4821
-149.87  1943.2899
-149.97  1965.4695
-150.07  1937.7169
-150.17  1972.4476
-150.27  1830.238
-150.37  1804.7635
-150.47  1904.2572
-150.57  1922.7419
-150.67  1982.2995
-150.77  1899.2998
-150.87  1938.2845
-150.97  1922.7447
-151.07  1946.2903
-151.17  2051.8263
-151.27  2018.1779
-151.37  1970.7945
-151.47  1946.813
-151.57  1970.3262
-151.67  2029.966
-151.77  1981.7458
-151.87  1959.1272
-151.97  1953.887
-152.07  1977.0834
-152.17  1862.475
-152.27  2030.2174
-152.37  2014.222
-152.47  1924.2824
-152.57  1968.9439
-152.67  2008.023
-152.77  2029.8429
-152.87  2062.8334
-152.97  1959.6972
-153.07  1859.4846
-153.17  1908.2556
-153.27  1923.6798
-153.37  1910.5274
-153.47  1896.6148
-153.57  1927.7817
-153.67  2039.9407
-153.77  1855.1639
-153.87  1919.6871
-153.97  1898.5784
-154.07  1816.6099
-154.17  1923.377
-154.27  2045.6471
-154.37  1974.4233
-154.47  1933.9223
-154.57  1939.6318
-154.67  1960.5361
-154.77  1947.2914
-154.87  1863.1174
-154.97  1834.0765
-155.07  1934.4777
-155.17  1978.7218
-155.27  1915.169
-155.37  1902.4604
-155.47  1922.0803
-155.57  1958.5973
-155.67  2000.2976
-155.77  1980.0574
-155.87  1907.1236
-155.97  1853.5037
-156.07  1894.2246
-156.17  1916.4515
-156.27  1931.8538
-156.37  1835.9176
-156.47  1821.8983
-156.57  1907.809
-156.67  1990.6706
-156.77  1952.3865
-156.87  1950.3237
-156.97  1975.8028
-157.07  1964.6894
-157.17  1963.0546
-157.27  1937.234
-157.37  1905.5198
-157.47  1835.982
-157.57  1919.4531
-157.67  1993.7859
-157.77  1898.7973
-157.87  1855.6214
-157.97  1949.8733
-158.07  1865.9443
-158.17  1853.4216
-158.27  1860.4317
-158.37  1859.9254
-158.47  1934.1961
-158.57  1951.4914
-158.67  1904.9083
-158.77  1860.3836
-158.87  1903.6341
-158.97  1901.1679
-159.07  1941.6241
-159.17  1863.5285
-159.27  1961.5677
-159.37  1956.5054
-159.47  1834.3635
-159.57  1988.2497
-159.67  1899.4788
-159.77  1876.3337
-159.87  1842.7279
-159.97  1875.1352
-160.07  1864.4479
-160.17  1837.0529
-160.27  1865.415
-160.37  1923.6578
-160.47  1886.2575
-160.57  1798.342
-160.67  1972.8039
-160.77  1989.9851
-160.87  1947.5254
-160.97  1884.7924
-161.07  1967.5072
-161.17  1830.9736
-161.27  1786.6254
-161.37  1933.8685
-161.47  1923.4324
-161.57  1735.9458
-161.67  1825.718
-161.77  1877.1336
-161.87  1944.6675
-161.97  1946.7926
-162.07  1860.8795
-162.17  1898.8898
-162.27  1868.7698
-162.37  1872.6741
-162.47  1892.3335
-162.57  1913.0388
-162.67  1767.6259
-162.77  1834.9428
-162.87  1940.9046
-162.97  1942.139
-163.07  1845.3536
-163.17  1907.413
-163.27  1881.9443
-163.37  1916.4234
-163.47  1931.2843
-163.57  1989.5554
-163.67  1856.2098
-163.77  1886.0646
-163.87  1869.268
-163.97  1832.4714
-164.07  1867.5724
-164.17  1854.7898
-164.27  1908.5819
-164.37  1876.314
-164.47  1839.9092
-164.57  1811.2333
-164.67  1911.0572
-164.77  1940.7509
-164.87  1878.6215
-164.97  1940.906
-165.07  1981.4448
-165.17  1872.5112
-165.27  1916.7179
-165.37  1868.2309
-165.47  1894.5251
-165.57  1882.7863
-165.67  1945.2119
-165.77  1885.0252
-165.87  1862.9878
-165.97  1963.247
-166.07  1925.8784
-166.17  1943.8586
-166.27  1904.5604
-166.37  1916.5918
-166.47  2047.0218
-166.57  1935.8469
-166.67  1842.3697
-166.77  1828.9568
-166.87  1887.5977
-166.97  1923.4956
-167.07  1930.1265
-167.17  1901.4267
-167.27  1931.3868
-167.37  1925.5335
-167.47  1881.9818
-167.57  1915.9125
-167.67  1997.8713
-167.77  1903.9378
-167.87  1909.6461
-167.97  1951.8298
-168.07  1951.3318
-168.17  1925.0942
-168.27  1893.3481
-168.37  1920.2496
-168.47  1889.5857
-168.57  2060.2271
-168.67  1965.122
-168.77  1976.1343
-168.87  1985.5377
-168.97  1938.0508
-169.07  1878.3763
-169.17  1886.9583
-169.27  1919.4312
-169.37  1962.4179
-169.47  1910.5552
-169.57  1865.4133
-169.67  1941.3552
-169.77  1942.2854
-169.87  2073.0059
-169.97  1925.8
-170.07  1917.7204
-170.17  1954.5575
-170.27  1981.0274
-170.37  1969.5579
-170.47  1887.2329
-170.57  1964.802
-170.67  1897.5277
-170.77  1900.4253
-170.87  1929.6136
-170.97  1999.83
-171.07  1914.8293
-171.17  1893.1432
-171.27  1918.1162
-171.37  1942.634
-171.47  1836.2437
-171.57  1867.3687
-171.67  1957.4971
-171.77  1907.463
-171.87  1932.0465
-171.97  1914.8423
-172.07  1861.4039
-172.17  1864.3914
-172.27  1884.209
-172.37  2010.5806
-172.47  1955.5545
-172.57  1987.0244
-172.67  1832.6533
-172.77  1794.9594
-172.87  1874.0824
-172.97  1947.4241
-173.07  1856.1172
-173.17  1854.5207
-173.27  1885.8781
-173.37  1913.9267
-173.47  1942.3487
-173.57  1900.6088
-173.67  1940.0706
-173.77  1853.6115
-173.87  1961.4703
-173.97  1833.1238
-174.07  1940.93
-174.17  1845.4268
-174.27  1847.3919
-174.37  1892.9
-174.47  1852.3385
-174.57  1818.5173
-174.67  1865.1036
-174.77  1841.4266
-174.87  1936.843
-174.97  1931.9598
-175.07  1943.1131
-175.17  1875.9164
-175.27  1866.7007
-175.37  1955.8449
-175.47  1876.2191
-175.57  1892.8007
-175.67  1765.8421
-175.77  1727.3772
-175.87  1847.9998
-175.97  1780.3053

# Operation:                    Peak Fit
# Range Start:                  -142.97
# Range End:                    -162.438
# Parameter: "Transition" = 
# Parameter: "Label" = 
# Parameter: "Background Method" = Tougaard
# Parameter: "Peak Shape" = Voigt
# Parameter: "Asymmetric Peak" = false
# Parameter: "FWHM-Annotation" = S-B = <Signal-BG:@>\nFWHM = <FWHM:@>\nArea = <Area:@>
# Parameter: "Peak-Annotation" = <Label>\n<Transition>\nE = <Center:@>
#
# Result:
# Number of Results:            2
# Parameter: "Transition" = 
# Parameter: "Label" = 
# Parameter: "Center" = -152.22115734628301 eV +- 0.34093330488140505
# Parameter: "Area" = 277.19901872701479 cps eV +- 138.59476682262297
# Parameter: "FWHM (Lorentzian)" = 2.259552496480278 eV +- 2.7052576478648258
# Parameter: "FWHM (Gaussian)" = 0.560518911028002 eV +- 6.6781480962007969
# Parameter: "Asymmetry" = 0 +- 0
# Parameter: "Tougaard B" = 75510.462959654964 eV^2 +- 25552.5000381762
# Parameter: "Tougaard C" = 1643 eV^2 +- 0
# Parameter: "FWHM" = 2.3996097211399152 eV
# Parameter: "Baseline Offset" = 1897.6439551004721 cps +- 9.8807386906172407
# Parameter: "Abbe factor" = 0.75843173051115087
# Parameter: "Reduced Chi Square" = 0.73337178216740195
# Parameter: "Q Probability" = 0.99762599161476073
# Parameter: "Number of performed iterations" = 48
# Parameter: "Fit termination reason" = ConvergedInChiAndParameter
# Parameter: "Signal" = 1979.377717844596 cps
# Parameter: "Signal-BG" = 75.015233053982627 cps
#
# Result Name:                  Background
# Number of Curves:             1
#
# Curve:                        0
# Values/Curve:                 163
#
-142.97  1993.0043
-143.08975  1991.1138
-143.20951  1989.2527
-143.32926  1987.4205
-143.44901  1985.6164
-143.56877  1983.8401
-143.68852  1982.0909
-143.80827  1980.3683
-143.92802  1978.6717
-144.04778  1977.0007
-144.16753  1975.3548
-144.28728  1973.7333
-144.40704  1972.1359
-144.52679  1970.562
-144.64654  1969.0112
-144.7663  1967.483
-144.88605  1965.9769
-145.0058  1964.4926
-145.12556  1963.0294
-145.24531  1961.5871
-145.36506  1960.1652
-145.48481  1958.7632
-145.60457  1957.3807
-145.72432  1956.0174
-145.84407  1954.6729
-145.96383  1953.3467
-146.08358  1952.0386
-146.20333  1950.748
-146.32309  1949.4747
-146.44284  1948.2183
-146.56259  1946.9784
-146.68235  1945.7548
-146.8021  1944.5471
-146.92185  1943.3549
-147.0416  1942.178
-147.16136  1941.016
-147.28111  1939.8687
-147.40086  1938.7357
-147.52062  1937.6169
-147.64037  1936.5118
-147.76012  1935.4204
-147.87988  1934.3423
-147.99963  1933.2773
-148.11938  1932.2252
-148.23914  1931.1858
-148.35889  1930.1588
-148.47864  1929.1442
-148.5984  1928.1417
-148.71815  1927.1512
-148.8379  1926.1726
-148.95765  1925.2058
-149.07741  1924.2507
-149.19716  1923.3072
-149.31691  1922.3754
-149.43667  1921.4552
-149.55642  1920.5466
-149.67617  1919.6498
-149.79593  1918.7648
-149.91568  1917.8919
-150.03543  1917.0313
-150.15519  1916.1832
-150.27494  1915.348
-150.39469  1914.5263
-150.51444  1913.7185
-150.6342  1912.9253
-150.75395  1912.1475
-150.8737  1911.386
-150.99346  1910.6418
-151.11321  1909.9163
-151.23296  1909.2107
-151.35272  1908.5266
-151.47247  1907.8657
-151.59222  1907.2297
-151.71198  1906.6204
-151.83173  1906.0395
-151.95148  1905.4884
-152.07123  1904.9685
-152.19099  1904.4804
-152.31074  1904.0244
-152.43049  1903.6003
-152.55025  1903.2072
-152.67  1902.8439
-152.78975  1902.5087
-152.90951  1902.1997
-153.02926  1901.915
-153.14901  1901.6524
-153.26877  1901.41
-153.38852  1901.1859
-153.50827  1900.9783
-153.62802  1900.7856
-153.74778  1900.6065
-153.86753  1900.4397
-153.98728  1900.2839
-154.10704  1900.1383
-154.22679  1900.0018
-154.34654  1899.8738
-154.4663  1899.7535
-154.58605  1899.6403
-154.7058  1899.5337
-154.82556  1899.433
-154.94531  1899.338
-155.06506  1899.2481
-155.18481  1899.1631
-155.30457  1899.0825
-155.42432  1899.0061
-155.54407  1898.9336
-155.66383  1898.8648
-155.78358  1898.7995
-155.90333  1898.7374
-156.02309  1898.6783
-156.14284  1898.6222
-156.26259  1898.5687
-156.38235  1898.5178
-156.5021  1898.4693
-156.62185  1898.4232
-156.7416  1898.3792
-156.86136  1898.3373
-156.98111  1898.2973
-157.10086  1898.2593
-157.22062  1898.223
-157.34037  1898.1885
-157.46012  1898.1555
-157.57988  1898.1241
-157.69963  1898.0942
-157.81938  1898.0658
-157.93914  1898.0386
-158.05889  1898.0128
-158.17864  1897.9882
-158.2984  1897.9649
-158.41815  1897.9426
-158.5379  1897.9215
-158.65765  1897.9014
-158.77741  1897.8824
-158.89716  1897.8643
-159.01691  1897.8471
-159.13667  1897.8309
-159.25642  1897.8155
-159.37617  1897.801
-159.49593  1897.7873
-159.61568  1897.7744
-159.73543  1897.7622
-159.85519  1897.7508
-159.97494  1897.74
-160.09469  1897.73
-160.21444  1897.7206
-160.3342  1897.7118
-160.45395  1897.7037
-160.5737  1897.6961
-160.69346  1897.6892
-160.81321  1897.6828
-160.93296  1897.6769
-161.05272  1897.6716
-161.17247  1897.6668
-161.29222  1897.6624
-161.41198  1897.6586
-161.53173  1897.6553
-161.65148  1897.6524
-161.77123  1897.6499
-161.89099  1897.6479
-162.01074  1897.6463
-162.13049  1897.6451
-162.25025  1897.6443
-162.37  1897.644

# Result Name:                  Peak Fit
# Number of Curves:             1
#
# Curve:                        0
# Values/Curve:                 163
#
-142.97  1994.1542
-143.08975  1992.2937
-143.20951  1990.4637
-143.32926  1988.6638
-143.44901  1986.8935
-143.56877  1985.1522
-143.68852  1983.4395
-143.80827  1981.755
-143.92802  1980.0981
-144.04778  1978.4686
-144.16753  1976.8658
-144.28728  1975.2895
-144.40704  1973.7393
-144.52679  1972.2148
-144.64654  1970.7157
-144.7663  1969.2416
-144.88605  1967.7922
-145.0058  1966.3673
-145.12556  1964.9666
-145.24531  1963.5899
-145.36506  1962.2368
-145.48481  1960.9074
-145.60457  1959.6013
-145.72432  1958.3185
-145.84407  1957.0589
-145.96383  1955.8224
-146.08358  1954.6089
-146.20333  1953.4186
-146.32309  1952.2514
-146.44284  1951.1075
-146.56259  1949.987
-146.68235  1948.8902
-146.8021  1947.8174
-146.92185  1946.769
-147.0416  1945.7453
-147.16136  1944.747
-147.28111  1943.7747
-147.40086  1942.8291
-147.52062  1941.9112
-147.64037  1941.022
-147.76012  1940.1628
-147.87988  1939.3349
-147.99963  1938.5399
-148.11938  1937.7799
-148.23914  1937.0568
-148.35889  1936.3734
-148.47864  1935.7323
-148.5984  1935.1371
-148.71815  1934.5915
-148.8379  1934.1
-148.95765  1933.6678
-149.07741  1933.3009
-149.19716  1933.0061
-149.31691  1932.7916
-149.43667  1932.6668
-149.55642  1932.6425
-149.67617  1932.7314
-149.79593  1932.9482
-149.91568  1933.3101
-150.03543  1933.8367
-150.15519  1934.5507
-150.27494  1935.478
-150.39469  1936.6475
-150.51444  1938.091
-150.6342  1939.8423
-150.75395  1941.9353
-150.8737  1944.4008
-150.99346  1947.2617
-151.11321  1950.5251
-151.23296  1954.1722
-151.35272  1958.1463
-151.47247  1962.3395
-151.59222  1966.5837
-151.71198  1970.6487
-151.83173  1974.2543
-151.95148  1977.0986
-152.07123  1978.9011
-152.19099  1979.4512
-152.31074  1978.6499
-152.43049  1976.5302
-152.55025  1973.2504
-152.67  1969.0615
-152.78975  1964.2604
-152.90951  1959.1424
-153.02926  1953.9652
-153.14901  1948.9284
-153.26877  1944.1691
-153.38852  1939.7682
-153.50827  1935.7615
-153.62802  1932.1533
-153.74778  1928.9272
-153.86753  1926.0555
-153.98728  1923.5049
-154.10704  1921.2411
-154.22679  1919.2307
-154.34654  1917.443
-154.4663  1915.8503
-154.58605  1914.4281
-154.7058  1913.1549
-154.82556  1912.0121
-154.94531  1910.9833
-155.06506  1910.0547
-155.18481  1909.2143
-155.30457  1908.4515
-155.42432  1907.7573
-155.54407  1907.1241
-155.66383  1906.545
-155.78358  1906.0141
-155.90333  1905.5263
-156.02309  1905.0772
-156.14284  1904.6627
-156.26259  1904.2796
-156.38235  1903.9247
-156.5021  1903.5954
-156.62185  1903.2892
-156.7416  1903.0042
-156.86136  1902.7384
-156.98111  1902.4902
-157.10086  1902.2581
-157.22062  1902.0407
-157.34037  1901.8369
-157.46012  1901.6456
-157.57988  1901.4658
-157.69963  1901.2966
-157.81938  1901.1373
-157.93914  1900.9871
-158.05889  1900.8453
-158.17864  1900.7115
-158.2984  1900.585
-158.41815  1900.4653
-158.5379  1900.352
-158.65765  1900.2447
-158.77741  1900.143
-158.89716  1900.0465
-159.01691  1899.9549
-159.13667  1899.868
-159.25642  1899.7853
-159.37617  1899.7068
-159.49593  1899.6322
-159.61568  1899.5612
-159.73543  1899.4936
-159.85519  1899.4293
-159.97494  1899.368
-160.09469  1899.3097
-160.21444  1899.2541
-160.3342  1899.2012
-160.45395  1899.1507
-160.5737  1899.1026
-160.69346  1899.0568
-160.81321  1899.0131
-160.93296  1898.9714
-161.05272  1898.9317
-161.17247  1898.8939
-161.29222  1898.8578
-161.41198  1898.8234
-161.53173  1898.7907
-161.65148  1898.7595
-161.77123  1898.7298
-161.89099  1898.7015
-162.01074  1898.6746
-162.13049  1898.649
-162.25025  1898.6246
-162.37  1898.6015

# Region:                       Mn 2p
# Spectrum ID:                  8
# Acquisition Date:             06/26/26 15:47:58 UTC
# Analysis Method:              XPS
# Analyzer:                     PHOIBOS MCD5 Analyzer
# Analyzer Lens:                LargeArea:1.5kV
# Analyzer Slit:                5:7x20\B:open
# Scan Mode:                    FixedAnalyzerTransmission
# Curves/Scan:                  1
# Values/Curve:                 1001
# Dwell Time:                   0.1
# Excitation Energy:            1253.64
# Binding Energy:               467.03
# Pass Energy:                  50
# Bias Voltage:                 90
# Detector Voltage:             3000
# Eff. Workfunction:            4.543
# Source:                       X-Ray Dummy
# Comment:                      
#
# Cycle: 0
# Number of Scans: 3
#
# Cycle: 0, Curve: 0
# Acquisition Date:             06/26/26 15:47:58 UTC
#
# ColumnLabels:                 energy counts/s
#
467.03  10503.937
466.93  10473.971
466.83  10371.131
466.73  10633.509
466.63  10524.945
466.53  10356.686
466.43  10231.097
466.33  10522.123
466.23  10183.262
466.13  10277.191
466.03  10260.468
465.93  10366.672
465.83  10441.081
465.73  10208.43
465.63  10178.475
465.53  10479.135
465.43  10300.368
465.33  10479.775
465.23  10404.778
465.13  10224.275
465.03  10285.02
464.93  10247.059
464.83  10300.234
464.73  10137.059
464.63  10351.428
464.53  10345.578
464.43  10371.101
464.33  10232.648
464.23  10496.002
464.13  10141.908
464.03  10707.224
463.93  10473.495
463.83  10382.641
463.73  10459.358
463.63  10468.19
463.53  10366.792
463.43  10417.901
463.33  10419.098
463.23  10676.153
463.13  10676.255
463.03  10310.271
462.93  10456.117
462.83  10352.551
462.73  10323.08
462.63  10651.563
462.53  10623.255
462.43  10566.269
462.33  10488.314
462.23  10312.511
462.13  10157.163
462.03  10374.258
461.93  10558.466
461.83  10288.937
461.73  10543.851
461.63  10224.23
461.53  10361.778
461.43  10274.402
461.33  10364.012
461.23  10428.918
461.13  10480.507
461.03  10304.945
460.93  10293.479
460.83  10381.904
460.73  10227.128
460.63  10098.448
460.53  10373.505
460.43  10448.501
460.33  10646.976
460.23  10375.296
460.13  10208.102
460.03  10099.708
459.93  10382.092
459.83  10158.169
459.73  10095.03
459.63  10248.055
459.53  10156.212
459.43  10270.236
459.33  9899.103
459.23  10319.952
459.13  10294.63
459.03  10132.618
458.93  10124.606
458.83  10163.85
458.73  10163.447
458.63  10244.062
458.53  10242.47
458.43  10059.469
458.33  10225.313
458.23  10228.533
458.13  10194.361
458.03  10199.333
457.93  10016.598
457.83  10184.752
457.73  9957.8785
457.63  10124.791
457.53  9994.707
457.43  9922.9703
457.33  10144.235
457.23  10363.575
457.13  10241.995
457.03  9972.6533
456.93  9903.9899
456.83  10116.61
456.73  9997.4302
456.63  9840.1186
456.53  9856.9828
456.43  10059.337
456.33  10032.32
456.23  9837.8581
456.13  10044.795
456.03  10144.125
455.93  9968.5511
455.83  10122.182
455.73  10285.772
455.63  10221.735
455.53  10091.809
455.43  10648.885
455.33  9836.3248
455.23  10055.576
455.13  10292.295
455.03  10103.577
454.93  10062.547
454.83  9914.6761
454.73  10030.404
454.63  10314.806
454.53  10251.598
454.43  10256.43
454.33  10306.805
454.23  10049.551
454.13  10090.681
454.03  10113.045
453.93  10070.316
453.83  10120.124
453.73  10170.048
453.63  10352.532
453.53  9999.5617
453.43  10110.547
453.33  10160.035
453.23  10345.471
453.13  10292.085
453.03  10026.038
452.93  10162.537
452.83  10030.072
452.73  10131.412
452.63  10387.525
452.53  10281.148
452.43  10279.797
452.33  9978.2559
452.23  10096.149
452.13  10166.949
452.03  10243.985
451.93  9806.8473
451.83  10066.887
451.73  10114.431
451.63  9872.199
451.53  10036.64
451.43  10228.241
451.33  10218.595
451.23  9882.6775
451.13  10125.526
451.03  10147.732
450.93  10211.757
450.83  9900.5605
450.73  9978.412
450.63  10104.098
450.53  10156.029
450.43  9917.967
450.33  10316.731
450.23  10126.655
450.13  10055.617
450.03  9942.0292
449.93  10158.904
449.83  9972.4398
449.73  9822.8441
449.63  10135.248
449.53  10224.146
449.43  9931.3877
449.33  9957.3655
449.23  9958.7172
449.13  10177.535
449.03  10337.681
448.93  10042.457
448.83  10188.65
448.73  10219.05
448.63  10029.503
448.53  10283.014
448.43  10500.906
448.33  10150.509
448.23  10157.929
448.13  10072.149
448.03  10243.375
447.93  10006.073
447.83  10077.477
447.73  10128.431
447.63  10214.586
447.53  10195.031
447.43  10064.215
447.33  10451.001
447.23  10381.775
447.13  10156.642
447.03  9998.4164
446.93  10049.073
446.83  10163.169
446.73  10202.173
446.63  10443.26
446.53  9944.2632
446.43  10147.258
446.33  10430.203
446.23  10214.38
446.13  10000.083
446.03  10101.27
445.93  10084.692
445.83  10192.773
445.73  10076.417
445.63  10132.952
445.53  10204.088
445.43  10079.29
445.33  10352.671
445.23  10078.851
445.13  9966.5445
445.03  10179.157
444.93  9868.0227
444.83  10263.497
444.73  9837.786
444.63  10300.317
444.53  10213.503
444.43  9743.0484
444.33  9980.6899
444.23  10051.532
444.13  10294.199
444.03  9989.0203
443.93  10031.593
443.83  10186.728
443.73  10450.39
443.63  10120.679
443.53  10464.52
443.43  9970.5618
443.33  10123.603
443.23  10265.206
443.13  10181.163
443.03  9871.2293
442.93  10161.815
442.83  10242.646
442.73  10252.947
442.63  10054.615
442.53  10320.605
442.43  10239.409
442.33  10008.81
442.23  9908.6278
442.13  10382.157
442.03  10260.736
441.93  9928.4952
441.83  10019.31
441.73  10082.33
441.63  10006.537
441.53  10319.889
441.43  10093.732
441.33  10206.104
441.23  10200.486
441.13  10191.145
441.03  10121.637
440.93  10409.843
440.83  10395.635
440.73  9896.5104
440.63  10082.862
440.53  10089.318
440.43  10103.911
440.33  9897.3701
440.23  10076.88
440.13  10433.84
440.03  10222.558
439.93  10116.054
439.83  10317.947
439.73  10256.14
439.63  10256.498
439.53  10392.571
439.43  10283.99
439.33  10109.248
439.23  10339.377
439.13  9981.733
439.03  10003.289
438.93  9924.2378
438.83  10059.723
438.73  10206.227
438.63  10079.76
438.53  10346.24
438.43  9872.1523
438.33  10286.187
438.23  10332.211
438.13  10146.164
438.03  10120.239
437.93  10268.186
437.83  10004.251
437.73  10274.887
437.63  10305.202
437.53  10074.868
437.43  10127.253
437.33  9889.9179
437.23  10067.143
437.13  10085.031
437.03  10046.72
436.93  10152.815
436.83  10508.729
436.73  10125.753
436.63  9887.0137
436.53  10028.139
436.43  9819.364
436.33  10156.391
436.23  10297.074
436.13  9972.582
436.03  9834.9373
435.93  10111.525
435.83  10032.248
435.73  10016.641
435.63  10250.943
435.53  10040.313
435.43  9957.5804
435.33  10121.396
435.23  10262.16
435.13  10455.346
435.03  10203.739
434.93  10142.376
434.83  10169.17
434.73  9946.8048
434.63  10179.193
434.53  9925.4685
434.43  10106.169
434.33  10362.335
434.23  10209.725
434.13  10058.293
434.03  10243.567
433.93  9738.9475
433.83  10097.38
433.73  9950.9959
433.63  10189.774
433.53  10379.001
433.43  9964.9619
433.33  10140.017
433.23  10206.34
433.13  10197.374
433.03  10308.063
432.93  10077.784
432.83  9979.2584
432.73  9926.1157
432.63  10227.841
432.53  10149.323
432.43  10037.219
432.33  10395.433
432.23  10241.292
432.13  10053.741
432.03  9849.2095
431.93  10116.1
431.83  10062.746
431.73  10014.404
431.63  10308.162
431.53  10042.727
431.43  10404.765
431.33  10166.088
431.23  10173.7
431.13  10069.696
431.03  10052.362
430.93  10243.408
430.83  10142.791
430.73  10197.332
430.63  10126.219
430.53  10453.123
430.43  10173.255
430.33  9960.6233
430.23  10279.666
430.13  10385.617
430.03  10333.97
429.93  10378.388
429.83  10183.693
429.73  10139.113
429.63  9977.0639
429.53  9958.3891
429.43  10058.605
429.33  10072.397
429.23  10425.858
429.13  9961.7292
429.03  10150.684
428.93  10116.33
428.83  10179.742
428.73  10203.415
428.63  9903.3193
428.53  9989.6598
428.43  9832.5965
428.33  10017.766
428.23  10356.045
428.13  10008.514
428.03  10121.935
427.93  9901.7231
427.83  10319.015
427.73  10129.563
427.63  10299.724
427.53  10287.696
427.43  10283.284
427.33  10148.127
427.23  9890.9726
427.13  10153.669
427.03  10023.186
426.93  9980.6923
426.83  9940.921
426.73  10061.058
426.63  10071.028
426.53  10023.003
426.43  10254.737
426.33  10427.502
426.23  10112.25
426.13  10156.935
426.03  9921.7305
425.93  10020.348
425.83  10106.313
425.73  10130.024
425.63  10323.766
425.53  10408.07
425.43  10562.407
425.33  10337.173
425.23  10240.73
425.13  10330.246
425.03  10753.264
424.93  10440.395
424.83  10250.519
424.73  10419.557
424.63  10611.365
424.53  10254.061
424.43  10171.771
424.33  10518.698
424.23  10591.722
424.13  10549.149
424.03  10446.838
423.93  10406.182
423.83  10178.589
423.73  10328.311
423.63  10412.753
423.53  10773.727
423.43  10702.117
423.33  10781.174
423.23  10707.766
423.13  10608.517
423.03  10491.663
422.93  10541.504
422.83  10804.532
422.73  11125.619
422.63  10835.365
422.53  10942.3
422.43  11096.127
422.33  11250.605
422.23  11189.454
422.13  10567.877
422.03  10868.143
421.93  10940.215
421.83  10745.416
421.73  10818.664
421.63  10781.351
421.53  11057.296
421.43  10941.096
421.33  10668.173
421.23  10726.155
421.13  11102.89
421.03  10733.184
420.93  10797.258
420.83  10912.442
420.73  10770.703
420.63  10612.371
420.53  10771.345
420.43  10782.591
420.33  10810.992
420.23  10188.371
420.13  10623.338
420.03  11007.477
419.93  10685.626
419.83  10677.248
419.73  10589.142
419.63  10663.475
419.53  10425.726
419.43  10344.301
419.33  10706.157
419.23  10449.097
419.13  10633.914
419.03  10428.609
418.93  10632.019
418.83  10530.777
418.73  10423.865
418.63  10493.222
418.53  10295.072
418.43  10503.519
418.33  10402.405
418.23  10193.104
418.13  10333.299
418.03  10394.353
417.93  10459.799
417.83  10345.59
417.73  10439.116
417.63  10393.854
417.53  10238.633
417.43  10306.309
417.33  9905.5951
417.23  10296.735
417.13  10247.945
417.03  10000.459
416.93  10070.252
416.83  9899.1838
416.73  10046.136
416.63  9920.8388
416.53  9885.485
416.43  9851.737
416.33  10106.001
416.23  10110.214
416.13  10459.816
416.03  10093.044
415.93  9870.705
415.83  10077.118
415.73  10243.725
415.63  10301.475
415.53  10165.12
415.43  9904.622
415.33  9765.4354
415.23  9798.052
415.13  10017.833
415.03  10080.276
414.93  10104.888
414.83  9915.2322
414.73  9873.3057
414.63  10120.703
414.53  9986.1635
414.43  9894.642
414.33  9900.3757
414.23  9964.8088
414.13  9864.3787
414.03  9937.0051
413.93  9956.5667
413.83  9856.4879
413.73  9981.369
413.63  10029.95
413.53  10078.923
413.43  10049.452
413.33  9788.2337
413.23  10027.936
413.13  10006.091
413.03  9889.6232
412.93  9919.6441
412.83  9664.2877
412.73  10282.903
412.63  9850.8256
412.53  9825.1604
412.43  9906.9894
412.33  9884.1497
412.23  9997.6555
412.13  9889.5065
412.03  10121.08
411.93  9898.6607
411.83  10122.181
411.73  9955.8274
411.63  9922.8733
411.53  9910.4454
411.43  10060.398
411.33  9938.0277
411.23  10098.208
411.13  9888.8054
411.03  9801.763
410.93  9828.8521
410.83  10181.762
410.73  10333.319
410.63  9832.5205
410.53  9882.4557
410.43  9684.4341
410.33  9942.3299
410.23  9872.3673
410.13  9897.5316
410.03  9977.5091
409.93  9575.98
409.83  9947.849
409.73  9988.603
409.63  9958.2362
409.53  9900.2516
409.43  9999.6334
409.33  9838.258
409.23  10179.055
409.13  9999.3203
409.03  9767.8
408.93  9934.1333
408.83  9959.445
408.73  9849.4901
408.63  10092.181
408.53  10127.372
408.43  10216.091
408.33  9908.3425
408.23  9872.4963
408.13  10079.189
408.03  9992.4551
407.93  10298.242
407.83  10095.098
407.73  10289.248
407.63  10319.325
407.53  10479.433
407.43  10360.3
407.33  10213.768
407.23  10210.26
407.13  10449.456
407.03  10528.694
406.93  10593.123
406.83  10639.19
406.73  10779.57
406.63  10264.938
406.53  10293.062
406.43  10603.172
406.33  10617.619
406.23  10701.366
406.13  11051.468
406.03  10983.286
405.93  10990.771
405.83  10784.217
405.73  11226.766
405.63  10815.924
405.53  10821.86
405.43  10895.179
405.33  11446.953
405.23  11083.948
405.13  11075.386
405.03  11444.048
404.93  11568.179
404.83  11568.504
404.73  11233.497
404.63  11676.966
404.53  11645.618
404.43  11460.501
404.33  11192.768
404.23  11244.749
404.13  11191.583
404.03  11429.408
403.93  11485.248
403.83  11221.538
403.73  11435.495
403.63  11353.76
403.53  11277.257
403.43  11416.573
403.33  11203.643
403.23  11553.871
403.13  10965.299
403.03  11085.221
402.93  11331.429
402.83  11078.422
402.73  11071.446
402.63  11249.479
402.53  11295.977
402.43  10668.797
402.33  10722.164
402.23  10506.126
402.13  10353.713
402.03  10829.099
401.93  10979.498
401.83  10436.78
401.73  10430.602
401.63  10667.394
401.53  10790.43
401.43  10600.179
401.33  10439.754
401.23  10532.473
401.13  10499.977
401.03  10328.468
400.93  10262.035
400.83  10045.693
400.73  10041.724
400.63  9930.9345
400.53  9974.9824
400.43  10108.633
400.33  10087.262
400.23  9955.6913
400.13  9743.3607
400.03  9655.598
399.93  9818.7303
399.83  9713.2132
399.73  9826.5437
399.63  9986.2002
399.53  9984.5758
399.43  9680.7128
399.33  9488.9713
399.23  9799.0535
399.13  9518.7763
399.03  9652.6233
398.93  9261.2461
398.83  9703.5949
398.73  9691.2693
398.63  9564.8747
398.53  9636.8556
398.43  9523.7105
398.33  9837.5454
398.23  9619.9764
398.13  9643.1791
398.03  9624.6027
397.93  9719.6311
397.83  9718.9036
397.73  9450.5852
397.63  9581.2246
397.53  9633.6724
397.43  9649.1095
397.33  9599.1757
397.23  9648.4535
397.13  9712.2993
397.03  9724.6117
396.93  9615.3864
396.83  9640.8295
396.73  9856.2906
396.63  9431.3973
396.53  9314.7144
396.43  9642.0782
396.33  9729.3119
396.23  9487.4319
396.13  9385.4797
396.03  9446.8842
395.93  9457.7451
395.83  9770.9438
395.73  9698.9391
395.63  9797.0049
395.53  9438.0396
395.43  9598.0236
395.33  9959.5578
395.23  9774.6014
395.13  9590.9986
395.03  9634.2291
394.93  9655.4729
394.83  9615.8372
394.73  9685.7217
394.63  9584.4564
394.53  9777.8729
394.43  9656.5019
394.33  9829.8132
394.23  9602.0793
394.13  9544.115
394.03  9760.043
393.93  9847.3414
393.83  9534.0191
393.73  9599.3223
393.63  9350.749
393.53  9262.1727
393.43  9264.1879
393.33  9364.3817
393.23  9344.0272
393.13  9520.9065
393.03  9678.1389
392.93  9324.7399
392.83  9330.8156
392.73  9455.5591
392.63  9357.9611
392.53  9300.5576
392.43  9550.9213
392.33  9496.5516
392.23  9440.6985
392.13  9423.7702
392.03  9430.5581
391.93  9577.1278
391.83  9401.5202
391.73  9486.1092
391.63  9453.4764
391.53  9591.111
391.43  9569.2355
391.33  9558.0712
391.23  9474.0477
391.13  9226.5322
391.03  9210.6063
390.93  9428.3109
390.83  9471.0772
390.73  9142.7184
390.63  9137.3389
390.53  9451.2613
390.43  9283.7964
390.33  9312.858
390.23  9022.5932
390.13  9494.4259
390.03  9422.2824
389.93  9368.3147
389.83  9155.5611
389.73  9409.4722
389.63  9303.7635
389.53  9413.2923
389.43  9289.0577
389.33  9403.4217
389.23  9189.5272
389.13  9351.0304
389.03  9275.8344
388.93  9256.4491
388.83  9444.0341
388.73  8978.1438
388.63  8950.3093
388.53  9209.3886
388.43  9396.5005
388.33  9207.3452
388.23  9403.4295
388.13  9268.4105
388.03  9346.4483
387.93  9292.2028
387.83  9171.7863
387.73  9405.0891
387.63  9246.6886
387.53  9033.9185
387.43  9337.0388
387.33  9198.9541
387.23  9485.7613
387.13  9489.2008
387.03  9233.3205
386.93  9331.304
386.83  9177.7639
386.73  9411.7217
386.63  9163.8545
386.53  9208.6644
386.43  9435.3327
386.33  9470.4223
386.23  9097.6207
386.13  9011.6416
386.03  9182.1543
385.93  9200.2379
385.83  9003.2741
385.73  8883.0024
385.63  9099.3844
385.53  9171.0666
385.43  9165.9073
385.33  9187.0646
385.23  8929.8153
385.13  9249.3457
385.03  9143.7816
384.93  9541.8485
384.83  9335.3023
384.73  9502.1031
384.63  9378.229
384.53  9281.7329
384.43  9368.9867
384.33  9115.0518
384.23  9349.0201
384.13  9625.9606
384.03  9441.9951
383.93  9176.6743
383.83  9099.6807
383.73  9220.6365
383.63  9125.0274
383.53  9057.3785
383.43  9264.9523
383.33  9418.4051
383.23  9363.0675
383.13  9461.9451
383.03  9298.1068
382.93  9369.7025
382.83  9470.4597
382.73  9350.3616
382.63  9158.3216
382.53  9292.7259
382.43  9327.1239
382.33  9074.4732
382.23  9530.0172
382.13  9391.5129
382.03  9225.8972
381.93  9327.8289
381.83  9108.0152
381.73  8833.3316
381.63  9388.9531
381.53  9747.8327
381.43  9598.1066
381.33  9516.8354
381.23  9357.8072
381.13  9403.4417
381.03  9243.758
380.93  9257.3535
380.83  9383.982
380.73  9041.4248
380.63  9016.0363
380.53  9195.5456
380.43  8963.2078
380.33  9181.8503
380.23  9435.9591
380.13  9249.7117
380.03  9529.0077
379.93  9337.0179
379.83  9310.0981
379.73  9330.2549
379.63  9500.7498
379.53  9367.2088
379.43  9279.0839
379.33  9229.9596
379.23  9478.7471
379.13  9317.1646
379.03  9291.4579
378.93  9384.0611
378.83  9321.3677
378.73  8926.4012
378.63  9347.3086
378.53  9244.5913
378.43  9153.0279
378.33  9104.3391
378.23  9270.7207
378.13  9157.244
378.03  9167.0495
377.93  9375.1805
377.83  9158.3017
377.73  9312.0212
377.63  9013.9946
377.53  9114.6955
377.43  9110.135
377.33  9081.7702
377.23  9266.2193
377.13  9258.8846
377.03  9026.0693
376.93  9370.5691
376.83  9122.5715
376.73  9355.1923
376.63  9484.8609
376.53  9162.0519
376.43  9246.1837
376.33  9357.3954
376.23  9337.4332
376.13  9319.5989
376.03  9137.0529
375.93  9192.4835
375.83  8868.997
375.73  9468.0017
375.63  9349.8235
375.53  9329.0322
375.43  9381.6138
375.33  9186.9339
375.23  9385.9688
375.13  9146.2491
375.03  9050.9828
374.93  9247.7977
374.83  9343.6942
374.73  9295.0135
374.63  9033.162
374.53  9188.7999
374.43  9430.9752
374.33  9303.6159
374.23  9208.5671
374.13  9389.3126
374.03  9397.7474
373.93  9265.7127
373.83  9123.2208
373.73  9369.8336
373.63  9249.7121
373.53  9134.7266
373.43  9258.7894
373.33  8931.0706
373.23  9331.7754
373.13  9182.8424
373.03  9153.1693
372.93  9209.4002
372.83  9323.9084
372.73  9138.1489
372.63  9387.5327
372.53  9397.1004
372.43  9129.6457
372.33  9213.9382
372.23  9283.4603
372.13  9252.325
372.03  9614.9582
371.93  9145.677
371.83  9473.8412
371.73  8992.5154
371.63  9181.5742
371.53  9155.3486
371.43  8890.8382
371.33  9558.0209
371.23  9095.8913
371.13  9301.1432
371.03  9334.9411
370.93  9318.9108
370.83  9048.6453
370.73  9160.7241
370.63  9276.1976
370.53  9106.6107
370.43  9147.9835
370.33  8944.3292
370.23  9303.6103
370.13  9266.8447
370.03  8915.7419
369.93  9355.3893
369.83  9159.6854
369.73  9256.7249
369.63  9566.3509
369.53  9101.7452
369.43  9269.9844
369.33  8892.1061
369.23  9274.5468
369.13  9004.3352
369.03  9162.2731
368.93  9259.0038
368.83  9361.8301
368.73  9063.5934
368.63  9139.6293
368.53  9185.1642
368.43  9077.2007
368.33  9504.498
368.23  9387.6279
368.13  9408.0318
368.03  9136.5174
367.93  9172.9524
367.83  9125.3774
367.73  9129.5222
367.63  9065.2363
367.53  9107.471
367.43  9246.5465
367.33  9335.814
367.23  8955.9865
367.13  8842.9174
367.03  9109.6092

# Region:                       Mo 3d
# Spectrum ID:                  4
# Acquisition Date:             06/26/26 15:52:33 UTC
# Analysis Method:              XPS
# Analyzer:                     PHOIBOS MCD5 Analyzer
# Analyzer Lens:                LargeArea:1.5kV
# Analyzer Slit:                5:7x20\B:open
# Scan Mode:                    FixedAnalyzerTransmission
# Curves/Scan:                  1
# Values/Curve:                 421
# Dwell Time:                   0.1
# Excitation Energy:            1253.64
# Binding Energy:               24.03
# Pass Energy:                  50
# Bias Voltage:                 90
# Detector Voltage:             3000
# Eff. Workfunction:            4.543
# Source:                       X-Ray Dummy
# Comment:                      
#
# Cycle: 0
# Number of Scans: 5
#
# Cycle: 0, Curve: 0
# Acquisition Date:             06/26/26 15:52:33 UTC
#
# ColumnLabels:                 energy counts/s
#
24.03  4315.2995
23.93  4272.2526
23.83  4571.9797
23.73  4529.4267
23.63  4456.6286
23.53  4416.4911
23.43  4484.2352
23.33  4385.8105
23.23  4395.2952
23.13  4407.1011
23.03  4321.8632
22.93  4483.7485
22.83  4411.2318
22.73  4306.2007
22.63  4245.0654
22.53  4456.6197
22.43  4270.6735
22.33  4413.6777
22.23  4361.3989
22.13  4346.0688
22.03  4448.0267
21.93  4235.9227
21.83  4286.0077
21.73  4328.4261
21.63  4500.3125
21.53  4272.5344
21.43  4330.745
21.33  4304.427
21.23  4415.2074
21.13  4292.8445
21.03  4385.3569
20.93  4432.026
20.83  4394.0425
20.73  4255.1448
20.63  4267.754
20.53  4287.7627
20.43  4304.6518
20.33  4421.3146
20.23  4444.8269
20.13  4239.4532
20.03  4408.3263
19.93  4428.3265
19.83  4407.7041
19.73  4248.5806
19.63  4260.2307
19.53  4170.1596
19.43  4201.9197
19.33  4357.9177
19.23  4379.8847
19.13  4330.5181
19.03  4415.0964
18.93  4439.7578
18.83  4444.5986
18.73  4415.8048
18.63  4486.293
18.53  4544.5507
18.43  4353.2537
18.33  4302.1956
18.23  4400.0677
18.13  4467.2289
18.03  4413.7808
17.93  4440.0272
17.83  4454.7024
17.73  4397.6443
17.63  4366.5588
17.53  4461.9578
17.43  4425.035
17.33  4407.1058
17.23  4501.7858
17.13  4506.7342
17.03  4452.8655
16.93  4498.911
16.83  4373.7112
16.73  4503.9352
16.63  4454.8233
16.53  4431.5059
16.43  4455.6489
16.33  4532.6351
16.23  4537.139
16.13  4459.0719
16.03  4654.3156
15.93  4484.6942
15.83  4435.9258
15.73  4357.4417
15.63  4438.2531
15.53  4460.5953
15.43  4727.2978
15.33  4490.2316
15.23  4477.4851
15.13  4521.6631
15.03  4774.1811
14.93  4449.9524
14.83  4608.702
14.73  4627.8355
14.63  4582.6975
14.53  4651.7182
14.43  4547.6746
14.33  4581.1963
14.23  4615.7835
14.13  4544.6151
14.03  4664.3206
13.93  4562.3857
13.83  4683.5291
13.73  4619.0503
13.63  4647.5163
13.53  4633.3749
13.43  4486.3336
13.33  4657.8424
13.23  4505.2994
13.13  4677.2267
13.03  4562.2273
12.93  4508.0871
12.83  4654.199
12.73  4616.5209
12.63  4683.169
12.53  4730.0895
12.43  4668.9879
12.33  4511.6605
12.23  4546.6247
12.13  4553.5682
12.03  4578.4113
11.93  4633.8854
11.83  4621.9812
11.73  4590.3066
11.63  4629.1126
11.53  4658.9778
11.43  4562.7504
11.33  4574.7491
11.23  4478.0678
11.13  4516.8644
11.03  4539.9771
10.93  4567.4099
10.83  4483.5665
10.73  4457.002
10.63  4577.6952
10.53  4408.3057
10.43  4383.3997
10.33  4394.4497
10.23  4248.0854
10.13  4318.364
10.03  4388.9716
9.93  4396.1407
9.83  4342.0739
9.73  4385.5984
9.63  4273.4816
9.53  4423.5132
9.43  4316.8861
9.33  4170.913
9.23  4302.9863
9.13  4364.4849
9.03  4307.6319
8.93  4286.484
8.83  4197.3472
8.73  4256.178
8.63  4227.3498
8.53  4254.312
8.43  4255.1956
8.33  4165.4132
8.23  4219.989
8.13  4270.5764
8.03  4212.8259
7.93  4288.1084
7.83  4171.3144
7.73  4094.8772
7.63  4337.3843
7.53  4186.5873
7.43  4110.5614
7.33  4291.008
7.23  4140.6834
7.13  4161.2011
7.03  4133.9934
6.93  4188.3898
6.83  4184.5924
6.73  4203.7028
6.63  4106.3065
6.53  4222.6398
6.43  4197.9349
6.33  4127.7959
6.23  4062.615
6.13  3948.0881
6.03  4037.814
5.93  4174.2288
5.83  4039.6095
5.73  4134.5155
5.63  4137.9733
5.53  4243.4376
5.43  4176.6597
5.33  4084.2138
5.23  4083.2924
5.13  4065.0061
5.03  4197.7204
4.93  4108.7892
4.83  4194.7361
4.73  4130.8873
4.63  4200.379
4.53  4072.6674
4.43  4026.2629
4.33  4015.2171
4.23  4170.5998
4.13  4095.2105
4.03  4059.7306
3.93  4282.7224
3.83  4157.943
3.73  4104.2908
3.63  4114.7908
3.53  4074.6497
3.43  4078.3099
3.33  4140.2881
3.23  4154.2361
3.13  3965.0183
3.03  4029.9435
2.93  3994.2511
2.83  3879.0282
2.73  4109.3649
2.63  4080.3774
2.53  3838.2407
2.43  4045.5063
2.33  4165.9024
2.23  4014.4233
2.13  4192.7868
2.03  4049.4898
1.93  3951.7169
1.83  3928.6252
1.73  3931.9078
1.63  3908.5308
1.53  4117.115
1.43  4102.2122
1.33  4133.5779
1.23  4046.2822
1.13  3990.8177
1.03  3978.0055
0.93  4030.1456
0.83  4157.506
0.73  3996.7588
0.63  3943.6339
0.53  3947.0608
0.43  4107.8732
0.33  4071.1051
0.23  4109.1759
0.13  4124.4052
0.03  4065.5353
-0.07  4208.3818
-0.17  3954.8768
-0.27  3956.8657
-0.37  3859.0317
-0.47  4052.4072
-0.57  3907.4137
-0.67  3892.4158
-0.77  3906.7483
-0.87  4015.5237
-0.97  4121.5774
-1.07  3974.7372
-1.17  4162.2031
-1.27  3852.5491
-1.37  3935.1276
-1.47  3962.9748
-1.57  3910.9845
-1.67  4087.6309
-1.77  3944.7558
-1.87  3975.4773
-1.97  3968.5656
-2.07  3921.9154
-2.17  3951.6813
-2.27  3883.0455
-2.37  3858.4924
-2.47  3925.4891
-2.57  4033.1641
-2.67  4040.8379
-2.77  3988.4074
-2.87  3840.1871
-2.97  3864.5794
-3.07  3944.1767
-3.17  4028.0848
-3.27  3872.3056
-3.37  3899.2485
-3.47  4028.6764
-3.57  3942.2018
-3.67  4021.9243
-3.77  4097.7863
-3.87  3911.4782
-3.97  3998.8419
-4.07  3916.7391
-4.17  3902.1647
-4.27  3867.8659
-4.37  4007.1996
-4.47  3955.7152
-4.57  3884.2141
-4.67  3752.4928
-4.77  3847.6022
-4.87  3906.3251
-4.97  4055.7949
-5.07  3945.2611
-5.17  3932.9278
-5.27  4066.7821
-5.37  4079.7006
-5.47  4033.2415
-5.57  3995.9041
-5.67  3950.1533
-5.77  3976.4863
-5.87  3962.3791
-5.97  4083.6744
-6.07  4072.3102
-6.17  3901.43
-6.27  3881.1965
-6.37  3868.5824
-6.47  3934.996
-6.57  4069.7032
-6.67  4123.968
-6.77  4029.5495
-6.87  4036.8645
-6.97  4059.9293
-7.07  4039.8815
-7.17  4024.8281
-7.27  4021.2357
-7.37  3887.6256
-7.47  3996.502
-7.57  4102.2555
-7.67  4082.8289
-7.77  3891.3142
-7.87  3785.5833
-7.97  3799.637
-8.07  3964.4311
-8.17  3996.6987
-8.27  3988.1741
-8.37  3958.4684
-8.47  4016.1753
-8.57  3939.6152
-8.67  3964.6902
-8.77  3926.7069
-8.87  3911.8055
-8.97  3889.8826
-9.07  4000.7817
-9.17  3969.6714
-9.27  3911.3997
-9.37  3920.9084
-9.47  3924.555
-9.57  3993.5958
-9.67  3986.4785
-9.77  3917.8545
-9.87  3932.9648
-9.97  3924.5875
-10.07  3972.8527
-10.17  3933.9186
-10.27  4002.9983
-10.37  3922.3863
-10.47  3948.4679
-10.57  4112.1158
-10.67  3834.0949
-10.77  3977.3569
-10.87  3822.9406
-10.97  4009.7885
-11.07  4084.2206
-11.17  4083.3727
-11.27  4017.7826
-11.37  3932.3059
-11.47  3941.9947
-11.57  3897.1646
-11.67  3855.0694
-11.77  4013.107
-11.87  4097.7016
-11.97  3988.535
-12.07  3963.9349
-12.17  4032.384
-12.27  4026.3574
-12.37  3959.3651
-12.47  3891.2536
-12.57  3755.9529
-12.67  3850.6146
-12.77  3858.4753
-12.87  3779.0394
-12.97  3905.71
-13.07  4002.243
-13.17  3983.7182
-13.27  3943.4959
-13.37  3907.8029
-13.47  4059.4505
-13.57  3958.7645
-13.67  3996.7653
-13.77  3951.3371
-13.87  3899.7803
-13.97  3925.1785
-14.07  3846.5361
-14.17  3980.3645
-14.27  3974.3734
-14.37  4008.4311
-14.47  3975.5535
-14.57  3897.3436
-14.67  3928.8781
-14.77  3959.6443
-14.87  3935.5542
-14.97  3870.8059
-15.07  3883.2679
-15.17  3916.6688
-15.27  3827.7204
-15.37  4032.6926
-15.47  4058.5263
-15.57  3897.761
-15.67  3846.6814
-15.77  3817.8807
-15.87  3859.2119
-15.97  4036.4555
-16.07  3997.5703
-16.17  4002.9784
-16.27  3911.7978
-16.37  3828.1816
-16.47  3959.664
-16.57  3863.4764
-16.67  4003.3879
-16.77  3916.7403
-16.87  3908.5343
-16.97  3985.9173
-17.07  4029.8364
-17.17  3877.2483
-17.27  3900.859
-17.37  3911.8368
-17.47  3895.7916
-17.57  3887.0394
-17.67  3978.8909
-17.77  3882.5914
-17.87  4060.1092
-17.97  3845.3139

# Region:                       Mo 3d Hi Res
# Spectrum ID:                  5
# Acquisition Date:             06/26/26 15:59:48 UTC
# Analysis Method:              XPS
# Analyzer:                     PHOIBOS MCD5 Analyzer
# Analyzer Lens:                LargeArea:1.5kV
# Analyzer Slit:                5:7x20\B:open
# Scan Mode:                    FixedAnalyzerTransmission
# Curves/Scan:                  1
# Values/Curve:                 421
# Dwell Time:                   0.1
# Excitation Energy:            1253.64
# Binding Energy:               24.03
# Pass Energy:                  10
# Bias Voltage:                 90
# Detector Voltage:             3000
# Eff. Workfunction:            4.543
# Source:                       X-Ray Dummy
# Comment:                      
#
# Cycle: 0
# Number of Scans: 20
#
# Cycle: 0, Curve: 0
# Acquisition Date:             06/26/26 15:59:48 UTC
#
# ColumnLabels:                 energy counts/s
#
24.03  279.73658
23.93  266.41625
23.83  270.81521
23.73  284.92772
23.63  288.85391
23.53  260.74495
23.43  275.8042
23.33  281.94183
23.23  257.26299
23.13  279.35507
23.03  283.26147
22.93  300.80268
22.83  277.35853
22.73  273.68926
22.63  279.8989
22.53  271.44925
22.43  260.71525
22.33  248.20886
22.23  279.35634
22.13  286.35512
22.03  268.12426
21.93  274.39583
21.83  280.15469
21.73  274.79555
21.63  291.38501
21.53  277.90754
21.43  278.84064
21.33  280.51785
21.23  284.17502
21.13  278.22536
21.03  272.18619
20.93  273.31647
20.83  266.53569
20.73  258.75436
20.63  272.73669
20.53  275.57203
20.43  270.81054
20.33  269.74225
20.23  275.91565
20.13  250.20411
20.03  278.39768
19.93  281.62192
19.83  272.48737
19.73  275.24466
19.63  277.32615
19.53  276.88929
19.43  268.2967
19.33  265.72722
19.23  279.82066
19.13  288.67325
19.03  283.21009
18.93  275.7291
18.83  276.43825
18.73  247.93653
18.63  274.79318
18.53  275.12036
18.43  291.96241
18.33  277.17082
18.23  284.31678
18.13  268.74513
18.03  270.30109
17.93  282.75582
17.83  271.7983
17.73  268.69124
17.63  285.63573
17.53  266.01024
17.43  260.21229
17.33  259.27162
17.23  287.78305
17.13  285.69155
17.03  293.85709
16.93  282.73816
16.83  295.01381
16.73  271.993
16.63  274.0835
16.53  272.07089
16.43  266.66202
16.33  280.95411
16.23  293.87548
16.13  266.34786
16.03  296.66131
15.93  270.45553
15.83  275.86947
15.73  300.57842
15.63  283.64904
15.53  278.52927
15.43  296.46984
15.33  288.58932
15.23  304.30657
15.13  277.33543
15.03  282.96329
14.93  288.74246
14.83  304.67044
14.73  273.48914
14.63  267.71189
14.53  283.33871
14.43  270.29223
14.33  272.33444
14.23  283.48878
14.13  268.97491
14.03  297.31221
13.93  282.42983
13.83  277.29272
13.73  292.71163
13.63  276.01045
13.53  276.6938
13.43  290.69879
13.33  287.85537
13.23  264.85599
13.13  282.31568
13.03  303.10501
12.93  287.75001
12.83  285.03453
12.73  289.88137
12.63  297.71945
12.53  276.66339
12.43  292.59538
12.33  303.40805
12.23  297.87405
12.13  274.4623
12.03  294.64768
11.93  280.40622
11.83  301.87593
11.73  274.01419
11.63  288.21544
11.53  270.60019
11.43  265.30179
11.33  315.47391
11.23  281.97454
11.13  275.12188
11.03  295.65354
10.93  288.24337
10.83  263.65097
10.73  274.55621
10.63  270.76456
10.53  262.34717
10.43  273.63206
10.33  285.8086
10.23  286.43438
10.13  276.07636
10.03  280.55096
9.93  286.86903
9.83  281.92154
9.73  257.0345
9.63  270.9349
9.53  251.67463
9.43  259.59318
9.33  283.31525
9.23  273.98197
9.13  284.47947
9.03  261.66455
8.93  273.07528
8.83  259.03826
8.73  270.60405
8.63  283.97576
8.53  269.90359
8.43  275.48906
8.33  285.00511
8.23  264.61566
8.13  273.31531
8.03  253.74837
7.93  265.84302
7.83  266.52474
7.73  279.93381
7.63  263.97956
7.53  266.78512
7.43  280.25167
7.33  271.25409
7.23  257.55363
7.13  245.09585
7.03  257.91583
6.93  271.05828
6.83  275.91951
6.73  252.94986
6.63  237.60513
6.53  250.6132
6.43  246.56132
6.33  260.08991
6.23  257.78328
6.13  263.87449
6.03  252.24839
5.93  260.81331
5.83  278.2061
5.73  265.42937
5.63  273.53938
5.53  276.00723
5.43  273.23423
5.33  265.17896
5.23  280.30955
5.13  272.10115
5.03  265.29773
4.93  271.36577
4.83  270.52891
4.73  271.21601
4.63  262.25194
4.53  258.46321
4.43  265.45651
4.33  273.80686
4.23  257.65742
4.13  262.10474
4.03  251.73587
3.93  256.25174
3.83  264.5818
3.73  257.89637
3.63  259.41278
3.53  246.36344
3.43  246.4654
3.33  268.51011
3.23  252.12923
3.13  240.30202
3.03  251.01074
2.93  275.68365
2.83  256.04081
2.73  254.84316
2.63  247.24206
2.53  266.26648
2.43  259.63194
2.33  267.45498
2.23  248.00164
2.13  268.19078
2.03  273.69678
1.93  272.96469
1.83  255.67198
1.73  266.05443
1.63  266.58675
1.53  261.67025
1.43  242.3688
1.33  267.42114
1.23  270.42959
1.13  245.76858
1.03  258.69175
0.93  269.36276
0.83  271.59677
0.73  252.7748
0.63  273.70251
0.53  261.08994
0.43  248.09248
0.33  251.6686
0.23  270.61705
0.13  254.47252
0.03  271.24111
-0.07  257.25714
-0.17  267.0323
-0.27  270.77276
-0.37  262.19064
-0.47  242.57583
-0.57  248.28384
-0.67  236.3557
-0.77  254.29509
-0.87  250.21032
-0.97  261.6615
-1.07  264.57411
-1.17  275.96005
-1.27  261.96194
-1.37  243.76353
-1.47  249.39121
-1.57  254.04732
-1.67  258.71705
-1.77  239.0471
-1.87  240.17821
-1.97  267.21336
-2.07  247.1682
-2.17  253.59139
-2.27  249.96037
-2.37  247.73755
-2.47  245.6509
-2.57  260.1721
-2.67  262.81152
-2.77  286.50462
-2.87  257.42253
-2.97  249.97775
-3.07  251.09869
-3.17  242.40732
-3.27  264.54063
-3.37  263.09998
-3.47  259.10842
-3.57  249.8411
-3.67  258.91332
-3.77  260.23792
-3.87  257.1347
-3.97  246.41783
-4.07  246.35043
-4.17  265.75383
-4.27  247.67487
-4.37  257.65572
-4.47  257.72399
-4.57  242.90406
-4.67  258.87486
-4.77  263.28552
-4.87  257.55932
-4.97  252.5221
-5.07  253.91848
-5.17  273.18891
-5.27  264.65375
-5.37  261.04153
-5.47  259.40282
-5.57  268.2566
-5.67  265.20769
-5.77  268.14511
-5.87  258.49874
-5.97  256.78075
-6.07  268.83179
-6.17  247.64781
-6.27  271.88008
-6.37  275.88821
-6.47  273.81346
-6.57  269.1355
-6.67  259.39372
-6.77  246.83211
-6.87  261.44486
-6.97  273.40153
-7.07  258.27221
-7.17  259.3112
-7.27  253.30735
-7.37  249.31315
-7.47  254.22636
-7.57  251.17459
-7.67  271.33054
-7.77  250.34773
-7.87  244.88139
-7.97  255.37258
-8.07  251.07894
-8.17  243.65277
-8.27  263.27872
-8.37  245.97061
-8.47  259.81327
-8.57  260.51456
-8.67  267.29726
-8.77  261.89056
-8.87  233.789
-8.97  254.35035
-9.07  256.35914
-9.17  261.09636
-9.27  236.84327
-9.37  247.03221
-9.47  249.84045
-9.57  249.43605
-9.67  245.72183
-9.77  266.38325
-9.87  257.00096
-9.97  254.29151
-10.07  249.65917
-10.17  262.07119
-10.27  251.46869
-10.37  251.94768
-10.47  260.24173
-10.57  266.85063
-10.67  230.53603
-10.77  241.69028
-10.87  253.35589
-10.97  266.61635
-11.07  251.18082
-11.17  254.58642
-11.27  255.73708
-11.37  240.76981
-11.47  271.4922
-11.57  263.706
-11.67  266.82013
-11.77  274.60986
-11.87  257.09643
-11.97  251.1132
-12.07  269.11978
-12.17  240.43876
-12.27  269.56123
-12.37  255.27079
-12.47  266.06424
-12.57  265.63187
-12.67  270.039
-12.77  265.35764
-12.87  238.17114
-12.97  249.85746
-13.07  258.57071
-13.17  268.35309
-13.27  252.43496
-13.37  260.20257
-13.47  264.47624
-13.57  252.49723
-13.67  244.24467
-13.77  260.19319
-13.87  271.106
-13.97  274.23479
-14.07  252.28114
-14.17  248.04126
-14.27  253.1677
-14.37  245.33418
-14.47  238.62408
-14.57  257.22692
-14.67  263.17749
-14.77  269.12795
-14.87  263.70791
-14.97  242.83809
-15.07  258.71959
-15.17  270.77968
-15.27  266.43525
-15.37  247.95235
-15.47  257.98215
-15.57  254.92419
-15.67  254.63056
-15.77  261.56139
-15.87  242.08174
-15.97  257.43223
-16.07  259.5842
-16.17  267.63944
-16.27  254.7039
-16.37  243.93755
-16.47  244.77296
-16.57  254.28263
-16.67  268.44022
-16.77  266.35074
-16.87  249.48008
-16.97  273.95631
-17.07  257.29095
-17.17  250.11303
-17.27  262.85539
-17.37  253.25023
-17.47  256.35542
-17.57  256.17473
-17.67  250.63144
-17.77  251.14153
-17.87  252.24682
-17.97  252.81168

# Operation:                    Multi Peak Fit
# Parameter: "Peak Function" = Voigt
# Parameter: "Background Function" = Tougaard 2
# Parameter: "Baseline" = Constant
# Parameter: "LM Parameters/Max Iterations" = 200
# Parameter: "LM Parameters/Tolerance" = 2.2204459999999999e-16
# Parameter: "Baseline/BL_I/Value" = nan counts
# Parameter: "Peak 1/C/Value" = nan eV
# Parameter: "Peak 1/A/Value" = nan counts eV
# Parameter: "Peak 1/FL/Value" = nan eV
# Parameter: "Peak 1/FG/Value" = nan eV
# Parameter: "Peak 1/a/Value" = 0
# Parameter: "Peak 1/a/Constraint" = Fixed: 0
# Parameter: "Peak 1/TB/Value" = nan eV^2
# Parameter: "Peak 1/TC/Value" = 1643 eV^2
# Parameter: "Peak 1/TC/Constraint" = Fixed: 1643
# Parameter: "Peak 2/C/Value" = nan eV
# Parameter: "Peak 2/A/Value" = nan counts eV
# Parameter: "Peak 2/FL/Value" = nan eV
# Parameter: "Peak 2/FG/Value" = nan eV
# Parameter: "Peak 2/a/Value" = 0
# Parameter: "Peak 2/a/Constraint" = Fixed: 0
# Parameter: "Peak 2/TB/Value" = nan eV^2
# Parameter: "Peak 2/TC/Value" = 1643 eV^2
# Parameter: "Peak 2/TC/Constraint" = Fixed: 1643
#
# Result:
# Number of Results:            5
# Parameter: "Baseline/BL_I/Value" = 511.4120883752812 counts +- 1.8550331087944276
# Parameter: "Peak 1/C/Value" = 1241.1359187642911 eV +- 0.45686557633989705
# Parameter: "Peak 1/C/Constraint" = Restricted: 1229.61 .. 1271.61
# Parameter: "Peak 1/Relative Area/Value" = 95.704240444483432 %
# Parameter: "Peak 1/A/Value" = 568.21225048185124 counts eV +- 94.907825136587761
# Parameter: "Peak 1/FL/Value" = 6.9902454701585013 eV +- 1.2232810879364928
# Parameter: "Peak 1/FG/Value" = 1.9060184617451875e-12 eV +- 2.6119064282678915e-06
# Parameter: "Peak 1/F/Value" = 6.990248023534658 eV
# Parameter: "Peak 1/a/Value" = 0 +- 0
# Parameter: "Peak 1/a/Constraint" = Fixed: 0
# Parameter: "Peak 1/TB/Value" = 16385.158082781876 eV^2 +- 3035.8651875859296
# Parameter: "Peak 1/TC/Value" = 1643 eV^2 +- 0
# Parameter: "Peak 1/TC/Constraint" = Fixed: 1643
# Parameter: "Peak 2/C/Value" = 1238.2925703237677 eV +- 0.16346174866479352
# Parameter: "Peak 2/C/Constraint" = Restricted: 1229.61 .. 1271.61
# Parameter: "Peak 2/Relative Area/Value" = 4.2957595555165682 %
# Parameter: "Peak 2/A/Value" = 25.504650506942973 counts eV +- 22.270548955077352
# Parameter: "Peak 2/FL/Value" = 0.52895075098597211 eV +- 0.50932078551730797
# Parameter: "Peak 2/FG/Value" = 3.8641424446082649e-11 eV +- 0.00014797787642793225
# Parameter: "Peak 2/F/Value" = 0.52895094419953548 eV
# Parameter: "Peak 2/a/Value" = 0 +- 0
# Parameter: "Peak 2/a/Constraint" = Fixed: 0
# Parameter: "Peak 2/TB/Value" = 7.8055820228690605e-06 eV^2 +- 0
# Parameter: "Peak 2/TC/Value" = 1643 eV^2 +- 0
# Parameter: "Peak 2/TC/Constraint" = Fixed: 1643
# Parameter: "Fit Result/ChiSquare" = 332.08034902220294
# Parameter: "Fit Result/Reduced ChiSquare" = 0.81193239369731773
# Parameter: "Fit Result/Abbe Factor" = 0.88868315267506004
# Parameter: "Fit Result/Q-Probability" = 0.99785257384923964
# Parameter: "Termination State" = ConvergedInParameter
#
# Result Name:                  Background
# Number of Curves:             1
#
# Curve:                        0
# Values/Curve:                 1590
#
24.03  274.99366
24.003568  274.95254
23.977137  274.91144
23.950705  274.87036
23.924273  274.8293
23.897841  274.78826
23.87141  274.74724
23.844978  274.70624
23.818546  274.66526
23.792115  274.6243
23.765683  274.58336
23.739251  274.54244
23.712819  274.50154
23.686388  274.46066
23.659956  274.4198
23.633524  274.37896
23.607093  274.33813
23.580661  274.29733
23.554229  274.25655
23.527797  274.21579
23.501366  274.17504
23.474934  274.13432
23.448502  274.09362
23.42207  274.05293
23.395639  274.01227
23.369207  273.97162
23.342775  273.931
23.316344  273.89039
23.289912  273.8498
23.26348  273.80924
23.237048  273.76869
23.210617  273.72816
23.184185  273.68765
23.157753  273.64716
23.131322  273.60669
23.10489  273.56624
23.078458  273.52581
23.052026  273.4854
23.025595  273.44501
22.999163  273.40463
22.972731  273.36428
22.9463  273.32395
22.919868  273.28363
22.893436  273.24334
22.867004  273.20306
22.840573  273.1628
22.814141  273.12257
22.787709  273.08235
22.761278  273.04215
22.734846  273.00197
22.708414  272.96181
22.681982  272.92167
22.655551  272.88155
22.629119  272.84144
22.602687  272.80136
22.576256  272.7613
22.549824  272.72125
22.523392  272.68123
22.49696  272.64122
22.470529  272.60124
22.444097  272.56127
22.417665  272.52132
22.391233  272.48139
22.364802  272.44148
22.33837  272.40159
22.311938  272.36172
22.285507  272.32187
22.259075  272.28204
22.232643  272.24223
22.206211  272.20244
22.17978  272.16266
22.153348  272.12291
22.126916  272.08317
22.100485  272.04346
22.074053  272.00376
22.047621  271.96409
22.021189  271.92443
21.994758  271.88479
21.968326  271.84518
21.941894  271.80558
21.915463  271.766
21.889031  271.72644
21.862599  271.6869
21.836167  271.64738
21.809736  271.60788
21.783304  271.5684
21.756872  271.52894
21.730441  271.4895
21.704009  271.45008
21.677577  271.41067
21.651145  271.37129
21.624714  271.33193
21.598282  271.29259
21.57185  271.25326
21.545419  271.21396
21.518987  271.17468
21.492555  271.13542
21.466123  271.09617
21.439692  271.05695
21.41326  271.01775
21.386828  270.97856
21.360396  270.9394
21.333965  270.90026
21.307533  270.86113
21.281101  270.82203
21.25467  270.78295
21.228238  270.74389
21.201806  270.70484
21.175374  270.66582
21.148943  270.62682
21.122511  270.58784
21.096079  270.54888
21.069648  270.50994
21.043216  270.47102
21.016784  270.43212
20.990352  270.39324
20.963921  270.35439
20.937489  270.31555
20.911057  270.27673
20.884626  270.23794
20.858194  270.19916
20.831762  270.16041
20.80533  270.12168
20.778899  270.08296
20.752467  270.04427
20.726035  270.0056
20.699604  269.96695
20.673172  269.92833
20.64674  269.88972
20.620308  269.85114
20.593877  269.81257
20.567445  269.77403
20.541013  269.73551
20.514581  269.69701
20.48815  269.65853
20.461718  269.62008
20.435286  269.58164
20.408855  269.54323
20.382423  269.50484
20.355991  269.46647
20.329559  269.42812
20.303128  269.3898
20.276696  269.3515
20.250264  269.31322
20.223833  269.27496
20.197401  269.23672
20.170969  269.19851
20.144537  269.16032
20.118106  269.12215
20.091674  269.084
20.065242  269.04588
20.038811  269.00778
20.012379  268.9697
19.985947  268.93165
19.959515  268.89362
19.933084  268.85561
19.906652  268.81762
19.88022  268.77966
19.853789  268.74172
19.827357  268.70381
19.800925  268.66592
19.774493  268.62805
19.748062  268.5902
19.72163  268.55238
19.695198  268.51459
19.668767  268.47681
19.642335  268.43907
19.615903  268.40134
19.589471  268.36364
19.56304  268.32597
19.536608  268.28831
19.510176  268.25069
19.483744  268.21309
19.457313  268.17551
19.430881  268.13796
19.404449  268.10043
19.378018  268.06293
19.351586  268.02545
19.325154  267.988
19.298722  267.95057
19.272291  267.91317
19.245859  267.8758
19.219427  267.83845
19.192996  267.80113
19.166564  267.76383
19.140132  267.72656
19.1137  267.68932
19.087269  267.6521
19.060837  267.61491
19.034405  267.57774
19.007974  267.5406
18.981542  267.50349
18.95511  267.46641
18.928678  267.42935
18.902247  267.39232
18.875815  267.35532
18.849383  267.31835
18.822952  267.2814
18.79652  267.24448
18.770088  267.20759
18.743656  267.17073
18.717225  267.13389
18.690793  267.09709
18.664361  267.06031
18.63793  267.02356
18.611498  266.98684
18.585066  266.95015
18.558634  266.91349
18.532203  266.87686
18.505771  266.84026
18.479339  266.80368
18.452907  266.76714
18.426476  266.73063
18.400044  266.69415
18.373612  266.65769
18.347181  266.62127
18.320749  266.58488
18.294317  266.54852
18.267885  266.51219
18.241454  266.47589
18.215022  266.43963
18.18859  266.40339
18.162159  266.36719
18.135727  266.33102
18.109295  266.29488
18.082863  266.25877
18.056432  266.2227
18.03  266.18666
18.003568  266.15065
17.977137  266.11467
17.950705  266.07873
17.924273  266.04282
17.897841  266.00695
17.87141  265.97111
17.844978  265.9353
17.818546  265.89953
17.792115  265.86379
17.765683  265.82809
17.739251  265.79242
17.712819  265.75679
17.686388  265.72119
17.659956  265.68563
17.633524  265.65011
17.607093  265.61462
17.580661  265.57916
17.554229  265.54375
17.527797  265.50837
17.501366  265.47303
17.474934  265.43772
17.448502  265.40245
17.42207  265.36722
17.395639  265.33203
17.369207  265.29688
17.342775  265.26176
17.316344  265.22669
17.289912  265.19165
17.26348  265.15665
17.237048  265.12169
17.210617  265.08678
17.184185  265.0519
17.157753  265.01706
17.131322  264.98226
17.10489  264.94751
17.078458  264.91279
17.052026  264.87812
17.025595  264.84349
16.999163  264.8089
16.972731  264.77435
16.9463  264.73985
16.919868  264.70539
16.893436  264.67097
16.867004  264.63659
16.840573  264.60226
16.814141  264.56798
16.787709  264.53373
16.761278  264.49954
16.734846  264.46538
16.708414  264.43128
16.681982  264.39722
16.655551  264.3632
16.629119  264.32923
16.602687  264.29531
16.576256  264.26144
16.549824  264.22761
16.523392  264.19383
16.49696  264.1601
16.470529  264.12642
16.444097  264.09278
16.417665  264.0592
16.391233  264.02566
16.364802  263.99218
16.33837  263.95874
16.311938  263.92536
16.285507  263.89202
16.259075  263.85874
16.232643  263.82551
16.206211  263.79233
16.17978  263.75921
16.153348  263.72613
16.126916  263.69312
16.100485  263.66015
16.074053  263.62724
16.047621  263.59438
16.021189  263.56158
15.994758  263.52883
15.968326  263.49614
15.941894  263.4635
15.915463  263.43092
15.889031  263.3984
15.862599  263.36594
15.836167  263.33353
15.809736  263.30118
15.783304  263.26889
15.756872  263.23666
15.730441  263.20449
15.704009  263.17237
15.677577  263.14032
15.651145  263.10833
15.624714  263.0764
15.598282  263.04453
15.57185  263.01273
15.545419  262.98098
15.518987  262.9493
15.492555  262.91769
15.466123  262.88614
15.439692  262.85465
15.41326  262.82322
15.386828  262.79187
15.360396  262.76058
15.333965  262.72935
15.307533  262.69819
15.281101  262.6671
15.25467  262.63608
15.228238  262.60512
15.201806  262.57424
15.175374  262.54342
15.148943  262.51267
15.122511  262.482
15.096079  262.45139
15.069648  262.42086
15.043216  262.3904
15.016784  262.36001
14.990352  262.32969
14.963921  262.29945
14.937489  262.26928
14.911057  262.23918
14.884626  262.20916
14.858194  262.17922
14.831762  262.14935
14.80533  262.11956
14.778899  262.08985
14.752467  262.06021
14.726035  262.03065
14.699604  262.00117
14.673172  261.97177
14.64674  261.94245
14.620308  261.91321
14.593877  261.88405
14.567445  261.85497
14.541013  261.82597
14.514581  261.79706
14.48815  261.76823
14.461718  261.73948
14.435286  261.71082
14.408855  261.68224
14.382423  261.65375
14.355991  261.62534
14.329559  261.59702
14.303128  261.56878
14.276696  261.54063
14.250264  261.51257
14.223833  261.4846
14.197401  261.45672
14.170969  261.42893
14.144537  261.40122
14.118106  261.37361
14.091674  261.34609
14.065242  261.31866
14.038811  261.29132
14.012379  261.26408
13.985947  261.23692
13.959515  261.20987
13.933084  261.1829
13.906652  261.15603
13.88022  261.12925
13.853789  261.10257
13.827357  261.07599
13.800925  261.0495
13.774493  261.02311
13.748062  260.99682
13.72163  260.97063
13.695198  260.94453
13.668767  260.91853
13.642335  260.89263
13.615903  260.86684
13.589471  260.84114
13.56304  260.81554
13.536608  260.79004
13.510176  260.76465
13.483744  260.73936
13.457313  260.71416
13.430881  260.68908
13.404449  260.66409
13.378018  260.63921
13.351586  260.61443
13.325154  260.58976
13.298722  260.56519
13.272291  260.54072
13.245859  260.51637
13.219427  260.49211
13.192996  260.46796
13.166564  260.44392
13.140132  260.41999
13.1137  260.39616
13.087269  260.37244
13.060837  260.34883
13.034405  260.32532
13.007974  260.30192
12.981542  260.27863
12.95511  260.25545
12.928678  260.23238
12.902247  260.20941
12.875815  260.18655
12.849383  260.16381
12.822952  260.14117
12.79652  260.11864
12.770088  260.09622
12.743656  260.07391
12.717225  260.05172
12.690793  260.02963
12.664361  260.00765
12.63793  259.98578
12.611498  259.96402
12.585066  259.94237
12.558634  259.92083
12.532203  259.8994
12.505771  259.87808
12.479339  259.85688
12.452907  259.83578
12.426476  259.81479
12.400044  259.79391
12.373612  259.77315
12.347181  259.75249
12.320749  259.73194
12.294317  259.71151
12.267885  259.69118
12.241454  259.67096
12.215022  259.65086
12.18859  259.63086
12.162159  259.61097
12.135727  259.59119
12.109295  259.57152
12.082863  259.55196
12.056432  259.53251
12.03  259.51317
12.003568  259.49393
11.977137  259.4748
11.950705  259.45579
11.924273  259.43687
11.897841  259.41807
11.87141  259.39937
11.844978  259.38078
11.818546  259.3623
11.792115  259.34392
11.765683  259.32565
11.739251  259.30748
11.712819  259.28942
11.686388  259.27147
11.659956  259.25362
11.633524  259.23587
11.607093  259.21823
11.580661  259.20069
11.554229  259.18325
11.527797  259.16592
11.501366  259.14869
11.474934  259.13156
11.448502  259.11453
11.42207  259.0976
11.395639  259.08078
11.369207  259.06405
11.342775  259.04743
11.316344  259.0309
11.289912  259.01447
11.26348  258.99815
11.237048  258.98191
11.210617  258.96578
11.184185  258.94975
11.157753  258.93381
11.131322  258.91796
11.10489  258.90222
11.078458  258.88656
11.052026  258.87101
11.025595  258.85554
10.999163  258.84017
10.972731  258.82489
10.9463  258.80971
10.919868  258.79462
10.893436  258.77962
10.867004  258.76471
10.840573  258.74989
10.814141  258.73516
10.787709  258.72052
10.761278  258.70597
10.734846  258.69151
10.708414  258.67714
10.681982  258.66285
10.655551  258.64865
10.629119  258.63454
10.602687  258.62051
10.576256  258.60657
10.549824  258.59271
10.523392  258.57894
10.49696  258.56525
10.470529  258.55164
10.444097  258.53811
10.417665  258.52467
10.391233  258.51131
10.364802  258.49803
10.33837  258.48483
10.311938  258.47171
10.285507  258.45867
10.259075  258.44571
10.232643  258.43283
10.206211  258.42002
10.17978  258.40729
10.153348  258.39464
10.126916  258.38207
10.100485  258.36957
10.074053  258.35714
10.047621  258.34479
10.021189  258.33251
9.9947577  258.32031
9.968326  258.30818
9.9418943  258.29612
9.9154626  258.28414
9.8890308  258.27222
9.8625991  258.26038
9.8361674  258.24861
9.8097357  258.2369
9.783304  258.22527
9.7568722  258.2137
9.7304405  258.20221
9.7040088  258.19078
9.6775771  258.17942
9.6511454  258.16812
9.6247137  258.15689
9.5982819  258.14573
9.5718502  258.13463
9.5454185  258.1236
9.5189868  258.11263
9.4925551  258.10173
9.4661233  258.09089
9.4396916  258.08011
9.4132599  258.0694
9.3868282  258.05875
9.3603965  258.04816
9.3339648  258.03763
9.307533  258.02716
9.2811013  258.01675
9.2546696  258.0064
9.2282379  257.99611
9.2018062  257.98588
9.1753744  257.97571
9.1489427  257.96559
9.122511  257.95554
9.0960793  257.94554
9.0696476  257.9356
9.0432159  257.92571
9.0167841  257.91588
8.9903524  257.90611
8.9639207  257.89639
8.937489  257.88672
8.9110573  257.87711
8.8846256  257.86755
8.8581938  257.85805
8.8317621  257.8486
8.8053304  257.8392
8.7788987  257.82986
8.752467  257.82056
8.7260352  257.81132
8.6996035  257.80213
8.6731718  257.79299
8.6467401  257.7839
8.6203084  257.77486
8.5938767  257.76587
8.5674449  257.75693
8.5410132  257.74803
8.5145815  257.73919
8.4881498  257.73039
8.4617181  257.72164
8.4352863  257.71294
8.4088546  257.70429
8.3824229  257.69568
8.3559912  257.68712
8.3295595  257.67861
8.3031278  257.67014
8.276696  257.66171
8.2502643  257.65333
8.2238326  257.645
8.1974009  257.63671
8.1709692  257.62846
8.1445374  257.62026
8.1181057  257.6121
8.091674  257.60399
8.0652423  257.59591
8.0388106  257.58788
8.0123789  257.5799
7.9859471  257.57195
7.9595154  257.56404
7.9330837  257.55618
7.906652  257.54836
7.8802203  257.54057
7.8537885  257.53283
7.8273568  257.52513
7.8009251  257.51747
7.7744934  257.50985
7.7480617  257.50226
7.72163  257.49472
7.6951982  257.48721
7.6687665  257.47974
7.6423348  257.47231
7.6159031  257.46492
7.5894714  257.45757
7.5630396  257.45025
7.5366079  257.44297
7.5101762  257.43573
7.4837445  257.42852
7.4573128  257.42135
7.4308811  257.41421
7.4044493  257.40711
7.3780176  257.40005
7.3515859  257.39302
7.3251542  257.38603
7.2987225  257.37907
7.2722907  257.37215
7.245859  257.36526
7.2194273  257.3584
7.1929956  257.35158
7.1665639  257.34479
7.1401322  257.33803
7.1137004  257.33131
7.0872687  257.32462
7.060837  257.31796
7.0344053  257.31134
7.0079736  257.30475
6.9815419  257.29819
6.9551101  257.29166
6.9286784  257.28516
6.9022467  257.27869
6.875815  257.27226
6.8493833  257.26586
6.8229515  257.25948
6.7965198  257.25314
6.7700881  257.24683
6.7436564  257.24054
6.7172247  257.23429
6.690793  257.22807
6.6643612  257.22188
6.6379295  257.21571
6.6114978  257.20958
6.5850661  257.20347
6.5586344  257.19739
6.5322026  257.19134
6.5057709  257.18532
6.4793392  257.17933
6.4529075  257.17337
6.4264758  257.16743
6.4000441  257.16152
6.3736123  257.15564
6.3471806  257.14978
6.3207489  257.14396
6.2943172  257.13816
6.2678855  257.13238
6.2414537  257.12663
6.215022  257.12091
6.1885903  257.11522
6.1621586  257.10955
6.1357269  257.10391
6.1092952  257.09829
6.0828634  257.0927
6.0564317  257.08713
6.03  257.08159
6.0035683  257.07608
5.9771366  257.07058
5.9507048  257.06512
5.9242731  257.05968
5.8978414  257.05426
5.8714097  257.04887
5.844978  257.0435
5.8185463  257.03815
5.7921145  257.03283
5.7656828  257.02753
5.7392511  257.02226
5.7128194  257.01701
5.6863877  257.01178
5.6599559  257.00658
5.6335242  257.0014
5.6070925  256.99624
5.5806608  256.9911
5.5542291  256.98599
5.5277974  256.9809
5.5013656  256.97583
5.4749339  256.97078
5.4485022  256.96576
5.4220705  256.96076
5.3956388  256.95578
5.369207  256.95082
5.3427753  256.94588
5.3163436  256.94096
5.2899119  256.93607
5.2634802  256.93119
5.2370485  256.92634
5.2106167  256.92151
5.184185  256.9167
5.1577533  256.91191
5.1313216  256.90714
5.1048899  256.90239
5.0784581  256.89766
5.0520264  256.89295
5.0255947  256.88826
4.999163  256.88359
4.9727313  256.87894
4.9462996  256.87431
4.9198678  256.8697
4.8934361  256.86511
4.8670044  256.86053
4.8405727  256.85598
4.814141  256.85145
4.7877093  256.84693
4.7612775  256.84244
4.7348458  256.83796
4.7084141  256.8335
4.6819824  256.82906
4.6555507  256.82464
4.6291189  256.82024
4.6026872  256.81586
4.5762555  256.81149
4.5498238  256.80714
4.5233921  256.80281
4.4969604  256.7985
4.4705286  256.7942
4.4440969  256.78993
4.4176652  256.78567
4.3912335  256.78142
4.3648018  256.7772
4.33837  256.77299
4.3119383  256.7688
4.2855066  256.76463
4.2590749  256.76047
4.2326432  256.75633
4.2062115  256.75221
4.1797797  256.74811
4.153348  256.74402
4.1269163  256.73994
4.1004846  256.73589
4.0740529  256.73185
4.0476211  256.72782
4.0211894  256.72382
3.9947577  256.71983
3.968326  256.71585
3.9418943  256.71189
3.9154626  256.70795
3.8890308  256.70402
3.8625991  256.70011
3.8361674  256.69621
3.8097357  256.69233
3.783304  256.68847
3.7568722  256.68461
3.7304405  256.68078
3.7040088  256.67696
3.6775771  256.67316
3.6511454  256.66937
3.6247137  256.66559
3.5982819  256.66183
3.5718502  256.65809
3.5454185  256.65436
3.5189868  256.65064
3.4925551  256.64694
3.4661233  256.64325
3.4396916  256.63958
3.4132599  256.63592
3.3868282  256.63228
3.3603965  256.62865
3.3339648  256.62503
3.307533  256.62143
3.2811013  256.61785
3.2546696  256.61427
3.2282379  256.61071
3.2018062  256.60717
3.1753744  256.60363
3.1489427  256.60012
3.122511  256.59661
3.0960793  256.59312
3.0696476  256.58964
3.0432159  256.58618
3.0167841  256.58273
2.9903524  256.57929
2.9639207  256.57586
2.937489  256.57245
2.9110573  256.56905
2.8846256  256.56567
2.8581938  256.56229
2.8317621  256.55893
2.8053304  256.55559
2.7788987  256.55225
2.752467  256.54893
2.7260352  256.54562
2.6996035  256.54232
2.6731718  256.53904
2.6467401  256.53577
2.6203084  256.53251
2.5938767  256.52926
2.5674449  256.52602
2.5410132  256.5228
2.5145815  256.51959
2.4881498  256.51639
2.4617181  256.51321
2.4352863  256.51003
2.4088546  256.50687
2.3824229  256.50372
2.3559912  256.50058
2.3295595  256.49745
2.3031278  256.49433
2.276696  256.49123
2.2502643  256.48814
2.2238326  256.48506
2.1974009  256.48199
2.1709692  256.47893
2.1445374  256.47588
2.1181057  256.47285
2.091674  256.46982
2.0652423  256.46681
2.0388106  256.46381
2.0123789  256.46081
1.9859471  256.45783
1.9595154  256.45486
1.9330837  256.45191
1.906652  256.44896
1.8802203  256.44602
1.8537885  256.4431
1.8273568  256.44018
1.8009251  256.43728
1.7744934  256.43438
1.7480617  256.4315
1.72163  256.42863
1.6951982  256.42577
1.6687665  256.42292
1.6423348  256.42007
1.6159031  256.41724
1.5894714  256.41442
1.5630396  256.41161
1.5366079  256.40881
1.5101762  256.40602
1.4837445  256.40324
1.4573128  256.40047
1.4308811  256.39771
1.4044493  256.39496
1.3780176  256.39222
1.3515859  256.38949
1.3251542  256.38677
1.2987225  256.38406
1.2722907  256.38136
1.245859  256.37867
1.2194273  256.37599
1.1929956  256.37332
1.1665639  256.37066
1.1401322  256.36801
1.1137004  256.36536
1.0872687  256.36273
1.060837  256.36011
1.0344053  256.35749
1.0079736  256.35489
0.98154185  256.35229
0.95511013  256.34971
0.92867841  256.34713
0.9022467  256.34456
0.87581498  256.342
0.84938326  256.33945
0.82295154  256.33691
0.79651982  256.33438
0.77008811  256.33186
0.74365639  256.32934
0.71722467  256.32684
0.69079295  256.32434
0.66436123  256.32186
0.63792952  256.31938
0.6114978  256.31691
0.58506608  256.31445
0.55863436  256.312
0.53220264  256.30955
0.50577093  256.30712
0.47933921  256.30469
0.45290749  256.30227
0.42647577  256.29987
0.40004405  256.29746
0.37361233  256.29507
0.34718062  256.29269
0.3207489  256.29031
0.29431718  256.28795
0.26788546  256.28559
0.24145374  256.28324
0.21502203  256.2809
0.18859031  256.27856
0.16215859  256.27624
0.13572687  256.27392
0.10929515  256.27161
0.082863436  256.26931
0.056431718  256.26702
0.03  256.26473
0.0035682819  256.26245
-0.022863436  256.26018
-0.049295154  256.25792
-0.075726872  256.25567
-0.10215859  256.25342
-0.12859031  256.25119
-0.15502203  256.24896
-0.18145374  256.24673
-0.20788546  256.24452
-0.23431718  256.24231
-0.2607489  256.24011
-0.28718062  256.23792
-0.31361233  256.23574
-0.34004405  256.23356
-0.36647577  256.23139
-0.39290749  256.22923
-0.41933921  256.22708
-0.44577093  256.22493
-0.47220264  256.22279
-0.49863436  256.22066
-0.52506608  256.21854
-0.5514978  256.21642
-0.57792952  256.21431
-0.60436123  256.21221
-0.63079295  256.21012
-0.65722467  256.20803
-0.68365639  256.20595
-0.71008811  256.20388
-0.73651982  256.20181
-0.76295154  256.19975
-0.78938326  256.1977
-0.81581498  256.19565
-0.8422467  256.19362
-0.86867841  256.19159
-0.89511013  256.18956
-0.92154185  256.18755
-0.94797357  256.18554
-0.97440529  256.18353
-1.000837  256.18154
-1.0272687  256.17955
-1.0537004  256.17757
-1.0801322  256.17559
-1.1065639  256.17362
-1.1329956  256.17166
-1.1594273  256.16971
-1.185859  256.16776
-1.2122907  256.16582
-1.2387225  256.16388
-1.2651542  256.16195
-1.2915859  256.16003
-1.3180176  256.15812
-1.3444493  256.15621
-1.3708811  256.1543
-1.3973128  256.15241
-1.4237445  256.15052
-1.4501762  256.14864
-1.4766079  256.14676
-1.5030396  256.14489
-1.5294714  256.14303
-1.5559031  256.14117
-1.5823348  256.13932
-1.6087665  256.13748
-1.6351982  256.13564
-1.66163  256.13381
-1.6880617  256.13198
-1.7144934  256.13016
-1.7409251  256.12835
-1.7673568  256.12654
-1.7937885  256.12474
-1.8202203  256.12295
-1.846652  256.12116
-1.8730837  256.11937
-1.8995154  256.1176
-1.9259471  256.11583
-1.9523789  256.11406
-1.9788106  256.11231
-2.0052423  256.11055
-2.031674  256.10881
-2.0581057  256.10707
-2.0845374  256.10533
-2.1109692  256.1036
-2.1374009  256.10188
-2.1638326  256.10017
-2.1902643  256.09846
-2.216696  256.09675
-2.2431278  256.09505
-2.2695595  256.09336
-2.2959912  256.09167
-2.3224229  256.08999
-2.3488546  256.08831
-2.3752863  256.08664
-2.4017181  256.08498
-2.4281498  256.08332
-2.4545815  256.08166
-2.4810132  256.08002
-2.5074449  256.07837
-2.5338767  256.07674
-2.5603084  256.07511
-2.5867401  256.07348
-2.6131718  256.07186
-2.6396035  256.07025
-2.6660352  256.06864
-2.692467  256.06703
-2.7188987  256.06544
-2.7453304  256.06384
-2.7717621  256.06226
-2.7981938  256.06067
-2.8246256  256.0591
-2.8510573  256.05753
-2.877489  256.05596
-2.9039207  256.0544
-2.9303524  256.05285
-2.9567841  256.0513
-2.9832159  256.04975
-3.0096476  256.04821
-3.0360793  256.04668
-3.062511  256.04515
-3.0889427  256.04363
-3.1153744  256.04211
-3.1418062  256.0406
-3.1682379  256.03909
-3.1946696  256.03758
-3.2211013  256.03609
-3.247533  256.03459
-3.2739648  256.03311
-3.3003965  256.03162
-3.3268282  256.03015
-3.3532599  256.02867
-3.3796916  256.02721
-3.4061233  256.02574
-3.4325551  256.02429
-3.4589868  256.02284
-3.4854185  256.02139
-3.5118502  256.01995
-3.5382819  256.01851
-3.5647137  256.01707
-3.5911454  256.01565
-3.6175771  256.01422
-3.6440088  256.01281
-3.6704405  256.01139
-3.6968722  256.00998
-3.723304  256.00858
-3.7497357  256.00718
-3.7761674  256.00579
-3.8025991  256.0044
-3.8290308  256.00301
-3.8554626  256.00164
-3.8818943  256.00026
-3.908326  255.99889
-3.9347577  255.99752
-3.9611894  255.99616
-3.9876211  255.99481
-4.0140529  255.99346
-4.0404846  255.99211
-4.0669163  255.99077
-4.093348  255.98943
-4.1197797  255.9881
-4.1462115  255.98677
-4.1726432  255.98544
-4.1990749  255.98412
-4.2255066  255.98281
-4.2519383  255.9815
-4.27837  255.98019
-4.3048018  255.97889
-4.3312335  255.97759
-4.3576652  255.9763
-4.3840969  255.97501
-4.4105286  255.97373
-4.4369604  255.97245
-4.4633921  255.97118
-4.4898238  255.96991
-4.5162555  255.96864
-4.5426872  255.96738
-4.5691189  255.96612
-4.5955507  255.96487
-4.6219824  255.96362
-4.6484141  255.96238
-4.6748458  255.96114
-4.7012775  255.9599
-4.7277093  255.95867
-4.754141  255.95744
-4.7805727  255.95622
-4.8070044  255.955
-4.8334361  255.95379
-4.8598678  255.95257
-4.8862996  255.95137
-4.9127313  255.95017
-4.939163  255.94897
-4.9655947  255.94778
-4.9920264  255.94659
-5.0184581  255.9454
-5.0448899  255.94422
-5.0713216  255.94304
-5.0977533  255.94187
-5.124185  255.9407
-5.1506167  255.93954
-5.1770485  255.93838
-5.2034802  255.93722
-5.2299119  255.93607
-5.2563436  255.93492
-5.2827753  255.93378
-5.309207  255.93263
-5.3356388  255.9315
-5.3620705  255.93037
-5.3885022  255.92924
-5.4149339  255.92811
-5.4413656  255.92699
-5.4677974  255.92588
-5.4942291  255.92476
-5.5206608  255.92365
-5.5470925  255.92255
-5.5735242  255.92145
-5.5999559  255.92035
-5.6263877  255.91926
-5.6528194  255.91817
-5.6792511  255.91708
-5.7056828  255.916
-5.7321145  255.91492
-5.7585463  255.91385
-5.784978  255.91278
-5.8114097  255.91171
-5.8378414  255.91065
-5.8642731  255.90959
-5.8907048  255.90854
-5.9171366  255.90749
-5.9435683  255.90644
-5.97  255.90539
-5.9964317  255.90435
-6.0228634  255.90332
-6.0492952  255.90228
-6.0757269  255.90125
-6.1021586  255.90023
-6.1285903  255.89921
-6.155022  255.89819
-6.1814537  255.89718
-6.2078855  255.89616
-6.2343172  255.89516
-6.2607489  255.89415
-6.2871806  255.89315
-6.3136123  255.89216
-6.3400441  255.89116
-6.3664758  255.89018
-6.3929075  255.88919
-6.4193392  255.88821
-6.4457709  255.88723
-6.4722026  255.88625
-6.4986344  255.88528
-6.5250661  255.88432
-6.5514978  255.88335
-6.5779295  255.88239
-6.6043612  255.88143
-6.630793  255.88048
-6.6572247  255.87953
-6.6836564  255.87858
-6.7100881  255.87764
-6.7365198  255.8767
-6.7629515  255.87576
-6.7893833  255.87483
-6.815815  255.8739
-6.8422467  255.87297
-6.8686784  255.87205
-6.8951101  255.87113
-6.9215419  255.87021
-6.9479736  255.8693
-6.9744053  255.86839
-7.000837  255.86748
-7.0272687  255.86658
-7.0537004  255.86568
-7.0801322  255.86479
-7.1065639  255.86389
-7.1329956  255.863
-7.1594273  255.86212
-7.185859  255.86123
-7.2122907  255.86035
-7.2387225  255.85948
-7.2651542  255.85861
-7.2915859  255.85774
-7.3180176  255.85687
-7.3444493  255.85601
-7.3708811  255.85515
-7.3973128  255.85429
-7.4237445  255.85343
-7.4501762  255.85258
-7.4766079  255.85174
-7.5030396  255.85089
-7.5294714  255.85005
-7.5559031  255.84921
-7.5823348  255.84838
-7.6087665  255.84755
-7.6351982  255.84672
-7.66163  255.84589
-7.6880617  255.84507
-7.7144934  255.84425
-7.7409251  255.84344
-7.7673568  255.84263
-7.7937885  255.84182
-7.8202203  255.84101
-7.846652  255.84021
-7.8730837  255.83941
-7.8995154  255.83861
-7.9259471  255.83782
-7.9523789  255.83702
-7.9788106  255.83624
-8.0052423  255.83545
-8.031674  255.83467
-8.0581057  255.83389
-8.0845374  255.83311
-8.1109692  255.83234
-8.1374009  255.83157
-8.1638326  255.8308
-8.1902643  255.83004
-8.216696  255.82928
-8.2431278  255.82852
-8.2695595  255.82777
-8.2959912  255.82702
-8.3224229  255.82627
-8.3488546  255.82552
-8.3752863  255.82478
-8.4017181  255.82404
-8.4281498  255.8233
-8.4545815  255.82256
-8.4810132  255.82183
-8.5074449  255.8211
-8.5338767  255.82038
-8.5603084  255.81966
-8.5867401  255.81894
-8.6131718  255.81822
-8.6396035  255.81751
-8.6660352  255.81679
-8.692467  255.81609
-8.7188987  255.81538
-8.7453304  255.81468
-8.7717621  255.81398
-8.7981938  255.81328
-8.8246256  255.81259
-8.8510573  255.81189
-8.877489  255.81121
-8.9039207  255.81052
-8.9303524  255.80984
-8.9567841  255.80916
-8.9832159  255.80848
-9.0096476  255.8078
-9.0360793  255.80713
-9.062511  255.80646
-9.0889427  255.8058
-9.1153744  255.80513
-9.1418062  255.80447
-9.1682379  255.80381
-9.1946696  255.80316
-9.2211013  255.8025
-9.247533  255.80185
-9.2739648  255.80121
-9.3003965  255.80056
-9.3268282  255.79992
-9.3532599  255.79928
-9.3796916  255.79864
-9.4061233  255.79801
-9.4325551  255.79738
-9.4589868  255.79675
-9.4854185  255.79612
-9.5118502  255.7955
-9.5382819  255.79488
-9.5647137  255.79426
-9.5911454  255.79365
-9.6175771  255.79303
-9.6440088  255.79242
-9.6704405  255.79182
-9.6968722  255.79121
-9.723304  255.79061
-9.7497357  255.79001
-9.7761674  255.78941
-9.8025991  255.78882
-9.8290308  255.78823
-9.8554626  255.78764
-9.8818943  255.78705
-9.908326  255.78647
-9.9347577  255.78588
-9.9611894  255.7853
-9.9876211  255.78473
-10.014053  255.78415
-10.040485  255.78358
-10.066916  255.78301
-10.093348  255.78245
-10.11978  255.78188
-10.146211  255.78132
-10.172643  255.78076
-10.199075  255.78021
-10.225507  255.77965
-10.251938  255.7791
-10.27837  255.77855
-10.304802  255.778
-10.331233  255.77746
-10.357665  255.77692
-10.384097  255.77638
-10.410529  255.77584
-10.43696  255.77531
-10.463392  255.77478
-10.489824  255.77425
-10.516256  255.77372
-10.542687  255.7732
-10.569119  255.77267
-10.595551  255.77216
-10.621982  255.77164
-10.648414  255.77112
-10.674846  255.77061
-10.701278  255.7701
-10.727709  255.76959
-10.754141  255.76909
-10.780573  255.76859
-10.807004  255.76808
-10.833436  255.76759
-10.859868  255.76709
-10.8863  255.7666
-10.912731  255.76611
-10.939163  255.76562
-10.965595  255.76513
-10.992026  255.76465
-11.018458  255.76417
-11.04489  255.76369
-11.071322  255.76321
-11.097753  255.76274
-11.124185  255.76226
-11.150617  255.76179
-11.177048  255.76133
-11.20348  255.76086
-11.229912  255.7604
-11.256344  255.75994
-11.282775  255.75948
-11.309207  255.75902
-11.335639  255.75857
-11.36207  255.75812
-11.388502  255.75767
-11.414934  255.75722
-11.441366  255.75677
-11.467797  255.75633
-11.494229  255.75589
-11.520661  255.75545
-11.547093  255.75502
-11.573524  255.75458
-11.599956  255.75415
-11.626388  255.75372
-11.652819  255.7533
-11.679251  255.75287
-11.705683  255.75245
-11.732115  255.75203
-11.758546  255.75161
-11.784978  255.75119
-11.81141  255.75078
-11.837841  255.75037
-11.864273  255.74996
-11.890705  255.74955
-11.917137  255.74915
-11.943568  255.74874
-11.97  255.74834
-11.996432  255.74794
-12.022863  255.74755
-12.049295  255.74715
-12.075727  255.74676
-12.102159  255.74637
-12.12859  255.74598
-12.155022  255.7456
-12.181454  255.74522
-12.207885  255.74483
-12.234317  255.74445
-12.260749  255.74408
-12.287181  255.7437
-12.313612  255.74333
-12.340044  255.74296
-12.366476  255.74259
-12.392907  255.74222
-12.419339  255.74186
-12.445771  255.7415
-12.472203  255.74114
-12.498634  255.74078
-12.525066  255.74042
-12.551498  255.74007
-12.57793  255.73972
-12.604361  255.73937
-12.630793  255.73902
-12.657225  255.73867
-12.683656  255.73833
-12.710088  255.73799
-12.73652  255.73765
-12.762952  255.73731
-12.789383  255.73697
-12.815815  255.73664
-12.842247  255.73631
-12.868678  255.73598
-12.89511  255.73565
-12.921542  255.73533
-12.947974  255.735
-12.974405  255.73468
-13.000837  255.73436
-13.027269  255.73404
-13.0537  255.73373
-13.080132  255.73341
-13.106564  255.7331
-13.132996  255.73279
-13.159427  255.73249
-13.185859  255.73218
-13.212291  255.73188
-13.238722  255.73158
-13.265154  255.73128
-13.291586  255.73098
-13.318018  255.73068
-13.344449  255.73039
-13.370881  255.7301
-13.397313  255.72981
-13.423744  255.72952
-13.450176  255.72923
-13.476608  255.72895
-13.50304  255.72867
-13.529471  255.72839
-13.555903  255.72811
-13.582335  255.72783
-13.608767  255.72756
-13.635198  255.72729
-13.66163  255.72701
-13.688062  255.72675
-13.714493  255.72648
-13.740925  255.72621
-13.767357  255.72595
-13.793789  255.72569
-13.82022  255.72543
-13.846652  255.72517
-13.873084  255.72492
-13.899515  255.72466
-13.925947  255.72441
-13.952379  255.72416
-13.978811  255.72392
-14.005242  255.72367
-14.031674  255.72342
-14.058106  255.72318
-14.084537  255.72294
-14.110969  255.7227
-14.137401  255.72247
-14.163833  255.72223
-14.190264  255.722
-14.216696  255.72177
-14.243128  255.72154
-14.269559  255.72131
-14.295991  255.72108
-14.322423  255.72086
-14.348855  255.72064
-14.375286  255.72042
-14.401718  255.7202
-14.42815  255.71998
-14.454581  255.71977
-14.481013  255.71955
-14.507445  255.71934
-14.533877  255.71913
-14.560308  255.71893
-14.58674  255.71872
-14.613172  255.71852
-14.639604  255.71831
-14.666035  255.71811
-14.692467  255.71791
-14.718899  255.71772
-14.74533  255.71752
-14.771762  255.71733
-14.798194  255.71714
-14.824626  255.71695
-14.851057  255.71676
-14.877489  255.71657
-14.903921  255.71639
-14.930352  255.7162
-14.956784  255.71602
-14.983216  255.71584
-15.009648  255.71567
-15.036079  255.71549
-15.062511  255.71532
-15.088943  255.71514
-15.115374  255.71497
-15.141806  255.7148
-15.168238  255.71464
-15.19467  255.71447
-15.221101  255.71431
-15.247533  255.71414
-15.273965  255.71398
-15.300396  255.71382
-15.326828  255.71367
-15.35326  255.71351
-15.379692  255.71336
-15.406123  255.71321
-15.432555  255.71306
-15.458987  255.71291
-15.485419  255.71276
-15.51185  255.71261
-15.538282  255.71247
-15.564714  255.71233
-15.591145  255.71219
-15.617577  255.71205
-15.644009  255.71191
-15.670441  255.71178
-15.696872  255.71164
-15.723304  255.71151
-15.749736  255.71138
-15.776167  255.71125
-15.802599  255.71113
-15.829031  255.711
-15.855463  255.71088
-15.881894  255.71075
-15.908326  255.71063
-15.934758  255.71052
-15.961189  255.7104
-15.987621  255.71028
-16.014053  255.71017
-16.040485  255.71006
-16.066916  255.70995
-16.093348  255.70984
-16.11978  255.70973
-16.146211  255.70962
-16.172643  255.70952
-16.199075  255.70942
-16.225507  255.70931
-16.251938  255.70922
-16.27837  255.70912
-16.304802  255.70902
-16.331233  255.70893
-16.357665  255.70883
-16.384097  255.70874
-16.410529  255.70865
-16.43696  255.70856
-16.463392  255.70848
-16.489824  255.70839
-16.516256  255.70831
-16.542687  255.70823
-16.569119  255.70814
-16.595551  255.70807
-16.621982  255.70799
-16.648414  255.70791
-16.674846  255.70784
-16.701278  255.70777
-16.727709  255.70769
-16.754141  255.70762
-16.780573  255.70756
-16.807004  255.70749
-16.833436  255.70742
-16.859868  255.70736
-16.8863  255.7073
-16.912731  255.70724
-16.939163  255.70718
-16.965595  255.70712
-16.992026  255.70707
-17.018458  255.70701
-17.04489  255.70696
-17.071322  255.70691
-17.097753  255.70686
-17.124185  255.70681
-17.150617  255.70676
-17.177048  255.70672
-17.20348  255.70667
-17.229912  255.70663
-17.256344  255.70659
-17.282775  255.70655
-17.309207  255.70651
-17.335639  255.70648
-17.36207  255.70644
-17.388502  255.70641
-17.414934  255.70638
-17.441366  255.70635
-17.467797  255.70632
-17.494229  255.70629
-17.520661  255.70626
-17.547093  255.70624
-17.573524  255.70622
-17.599956  255.70619
-17.626388  255.70617
-17.652819  255.70616
-17.679251  255.70614
-17.705683  255.70612
-17.732115  255.70611
-17.758546  255.7061
-17.784978  255.70608
-17.81141  255.70607
-17.837841  255.70607
-17.864273  255.70606
-17.890705  255.70605
-17.917137  255.70605
-17.943568  255.70605
-17.97  255.70604

# Result Name:                  Combined
# Number of Curves:             1
#
# Curve:                        0
# Values/Curve:                 1590
#
24.03  277.18678
24.003568  277.15493
23.977137  277.12316
23.950705  277.09146
23.924273  277.05984
23.897841  277.0283
23.87141  276.99683
23.844978  276.96545
23.818546  276.93415
23.792115  276.90293
23.765683  276.87178
23.739251  276.84072
23.712819  276.80974
23.686388  276.77885
23.659956  276.74803
23.633524  276.7173
23.607093  276.68665
23.580661  276.65609
23.554229  276.62561
23.527797  276.59522
23.501366  276.56491
23.474934  276.53469
23.448502  276.50455
23.42207  276.4745
23.395639  276.44454
23.369207  276.41467
23.342775  276.38489
23.316344  276.35519
23.289912  276.32559
23.26348  276.29608
23.237048  276.26666
23.210617  276.23733
23.184185  276.20809
23.157753  276.17895
23.131322  276.14989
23.10489  276.12094
23.078458  276.09208
23.052026  276.06331
23.025595  276.03464
22.999163  276.00607
22.972731  275.97759
22.9463  275.94921
22.919868  275.92093
22.893436  275.89275
22.867004  275.86467
22.840573  275.8367
22.814141  275.80882
22.787709  275.78104
22.761278  275.75337
22.734846  275.7258
22.708414  275.69834
22.681982  275.67098
22.655551  275.64372
22.629119  275.61657
22.602687  275.58953
22.576256  275.5626
22.549824  275.53578
22.523392  275.50907
22.49696  275.48246
22.470529  275.45597
22.444097  275.42959
22.417665  275.40332
22.391233  275.37717
22.364802  275.35113
22.33837  275.32521
22.311938  275.2994
22.285507  275.27371
22.259075  275.24814
22.232643  275.22268
22.206211  275.19735
22.17978  275.17213
22.153348  275.14704
22.126916  275.12207
22.100485  275.09723
22.074053  275.07251
22.047621  275.04791
22.021189  275.02344
21.994758  274.9991
21.968326  274.97488
21.941894  274.9508
21.915463  274.92684
21.889031  274.90302
21.862599  274.87933
21.836167  274.85577
21.809736  274.83235
21.783304  274.80906
21.756872  274.78591
21.730441  274.76289
21.704009  274.74002
21.677577  274.71729
21.651145  274.69469
21.624714  274.67224
21.598282  274.64993
21.57185  274.62777
21.545419  274.60575
21.518987  274.58388
21.492555  274.56216
21.466123  274.54059
21.439692  274.51916
21.41326  274.49789
21.386828  274.47678
21.360396  274.45581
21.333965  274.43501
21.307533  274.41436
21.281101  274.39387
21.25467  274.37353
21.228238  274.35336
21.201806  274.33336
21.175374  274.31351
21.148943  274.29383
21.122511  274.27432
21.096079  274.25498
21.069648  274.2358
21.043216  274.2168
21.016784  274.19797
20.990352  274.17931
20.963921  274.16083
20.937489  274.14253
20.911057  274.12441
20.884626  274.10646
20.858194  274.0887
20.831762  274.07112
20.80533  274.05373
20.778899  274.03652
20.752467  274.0195
20.726035  274.00268
20.699604  273.98604
20.673172  273.9696
20.64674  273.95335
20.620308  273.9373
20.593877  273.92145
20.567445  273.9058
20.541013  273.89036
20.514581  273.87512
20.48815  273.86008
20.461718  273.84525
20.435286  273.83064
20.408855  273.81623
20.382423  273.80204
20.355991  273.78807
20.329559  273.77432
20.303128  273.76078
20.276696  273.74747
20.250264  273.73438
20.223833  273.72152
20.197401  273.70889
20.170969  273.69649
20.144537  273.68432
20.118106  273.67239
20.091674  273.66069
20.065242  273.64924
20.038811  273.63803
20.012379  273.62706
19.985947  273.61634
19.959515  273.60587
19.933084  273.59565
19.906652  273.58569
19.88022  273.57598
19.853789  273.56653
19.827357  273.55734
19.800925  273.54842
19.774493  273.53977
19.748062  273.53138
19.72163  273.52327
19.695198  273.51543
19.668767  273.50788
19.642335  273.5006
19.615903  273.4936
19.589471  273.4869
19.56304  273.48048
19.536608  273.47435
19.510176  273.46852
19.483744  273.46299
19.457313  273.45776
19.430881  273.45283
19.404449  273.44822
19.378018  273.44391
19.351586  273.43991
19.325154  273.43624
19.298722  273.43288
19.272291  273.42985
19.245859  273.42715
19.219427  273.42478
19.192996  273.42274
19.166564  273.42104
19.140132  273.41968
19.1137  273.41866
19.087269  273.418
19.060837  273.41769
19.034405  273.41773
19.007974  273.41813
18.981542  273.4189
18.95511  273.42004
18.928678  273.42155
18.902247  273.42343
18.875815  273.4257
18.849383  273.42835
18.822952  273.43139
18.79652  273.43482
18.770088  273.43865
18.743656  273.44288
18.717225  273.44752
18.690793  273.45257
18.664361  273.45803
18.63793  273.46392
18.611498  273.47023
18.585066  273.47697
18.558634  273.48415
18.532203  273.49177
18.505771  273.49983
18.479339  273.50835
18.452907  273.51732
18.426476  273.52675
18.400044  273.53665
18.373612  273.54703
18.347181  273.55788
18.320749  273.56922
18.294317  273.58105
18.267885  273.59337
18.241454  273.6062
18.215022  273.61954
18.18859  273.63339
18.162159  273.64777
18.135727  273.66268
18.109295  273.67812
18.082863  273.69411
18.056432  273.71064
18.03  273.72774
18.003568  273.7454
17.977137  273.76363
17.950705  273.78245
17.924273  273.80186
17.897841  273.82186
17.87141  273.84247
17.844978  273.8637
17.818546  273.88555
17.792115  273.90804
17.765683  273.93117
17.739251  273.95495
17.712819  273.9794
17.686388  274.00452
17.659956  274.03033
17.633524  274.05684
17.607093  274.08406
17.580661  274.11199
17.554229  274.14066
17.527797  274.17008
17.501366  274.20026
17.474934  274.23121
17.448502  274.26295
17.42207  274.2955
17.395639  274.32887
17.369207  274.36307
17.342775  274.39814
17.316344  274.43407
17.289912  274.4709
17.26348  274.50863
17.237048  274.54731
17.210617  274.58694
17.184185  274.62755
17.157753  274.66916
17.131322  274.7118
17.10489  274.75551
17.078458  274.8003
17.052026  274.84621
17.025595  274.89327
16.999163  274.94152
16.972731  274.99099
16.9463  275.04173
16.919868  275.09378
16.893436  275.14719
16.867004  275.202
16.840573  275.25826
16.814141  275.31605
16.787709  275.37541
16.761278  275.43641
16.734846  275.49913
16.708414  275.56364
16.681982  275.63003
16.655551  275.6984
16.629119  275.76884
16.602687  275.84147
16.576256  275.9164
16.549824  275.99377
16.523392  276.07373
16.49696  276.15643
16.470529  276.24205
16.444097  276.3308
16.417665  276.42288
16.391233  276.51854
16.364802  276.61804
16.33837  276.7217
16.311938  276.82983
16.285507  276.94283
16.259075  277.0611
16.232643  277.18513
16.206211  277.31545
16.17978  277.45267
16.153348  277.59747
16.126916  277.75064
16.100485  277.91306
16.074053  278.08575
16.047621  278.26987
16.021189  278.46676
15.994758  278.67794
15.968326  278.90516
15.941894  279.15046
15.915463  279.41616
15.889031  279.70495
15.862599  280.01992
15.836167  280.36461
15.809736  280.74308
15.783304  281.15993
15.756872  281.62032
15.730441  282.12996
15.704009  282.69501
15.677577  283.32186
15.651145  284.01671
15.624714  284.78488
15.598282  285.62967
15.57185  286.55072
15.545419  287.54169
15.518987  288.58739
15.492555  289.66066
15.466123  290.71995
15.439692  291.70903
15.41326  292.56067
15.386828  293.20553
15.360396  293.58529
15.333965  293.66648
15.307533  293.44942
15.281101  292.96815
15.25467  292.28129
15.228238  291.45825
15.201806  290.56611
15.175374  289.6608
15.148943  288.78358
15.122511  287.96133
15.096079  287.20904
15.069648  286.53289
15.043216  285.93312
15.016784  285.40637
14.990352  284.94727
14.963921  284.54958
14.937489  284.20691
14.911057  283.91307
14.884626  283.66235
14.858194  283.44957
14.831762  283.27011
14.80533  283.11992
14.778899  282.99542
14.752467  282.89352
14.726035  282.81151
14.699604  282.74704
14.673172  282.69807
14.64674  282.66282
14.620308  282.63974
14.593877  282.62746
14.567445  282.62481
14.541013  282.63075
14.514581  282.64434
14.48815  282.6648
14.461718  282.6914
14.435286  282.7235
14.408855  282.76054
14.382423  282.80201
14.355991  282.84745
14.329559  282.89647
14.303128  282.94868
14.276696  283.00375
14.250264  283.06138
14.223833  283.12129
14.197401  283.18323
14.170969  283.24696
14.144537  283.31226
14.118106  283.37894
14.091674  283.4468
14.065242  283.51568
14.038811  283.58542
14.012379  283.65585
13.985947  283.72685
13.959515  283.79826
13.933084  283.86996
13.906652  283.94184
13.88022  284.01377
13.853789  284.08563
13.827357  284.15734
13.800925  284.22877
13.774493  284.29984
13.748062  284.37044
13.72163  284.44049
13.695198  284.50989
13.668767  284.57856
13.642335  284.64641
13.615903  284.71336
13.589471  284.77933
13.56304  284.84424
13.536608  284.90802
13.510176  284.97059
13.483744  285.03188
13.457313  285.09182
13.430881  285.15034
13.404449  285.20737
13.378018  285.26285
13.351586  285.31671
13.325154  285.36889
13.298722  285.41932
13.272291  285.46795
13.245859  285.51472
13.219427  285.55957
13.192996  285.60245
13.166564  285.6433
13.140132  285.68207
13.1137  285.71871
13.087269  285.75318
13.060837  285.78541
13.034405  285.81538
13.007974  285.84303
12.981542  285.86833
12.95511  285.89123
12.928678  285.91169
12.902247  285.92968
12.875815  285.94517
12.849383  285.95811
12.822952  285.96849
12.79652  285.97627
12.770088  285.98142
12.743656  285.98393
12.717225  285.98376
12.690793  285.9809
12.664361  285.97532
12.63793  285.96702
12.611498  285.95598
12.585066  285.94218
12.558634  285.92562
12.532203  285.90628
12.505771  285.88417
12.479339  285.85927
12.452907  285.83159
12.426476  285.80113
12.400044  285.76788
12.373612  285.73187
12.347181  285.69308
12.320749  285.65153
12.294317  285.60724
12.267885  285.56021
12.241454  285.51046
12.215022  285.458
12.18859  285.40286
12.162159  285.34506
12.135727  285.28462
12.109295  285.22155
12.082863  285.1559
12.056432  285.08768
12.03  285.01694
12.003568  284.94368
11.977137  284.86796
11.950705  284.7898
11.924273  284.70925
11.897841  284.62632
11.87141  284.54108
11.844978  284.45355
11.818546  284.36377
11.792115  284.27179
11.765683  284.17765
11.739251  284.0814
11.712819  283.98307
11.686388  283.88272
11.659956  283.78039
11.633524  283.67613
11.607093  283.56998
11.580661  283.462
11.554229  283.35224
11.527797  283.24074
11.501366  283.12755
11.474934  283.01272
11.448502  282.89631
11.42207  282.77837
11.395639  282.65894
11.369207  282.53809
11.342775  282.41585
11.316344  282.29228
11.289912  282.16743
11.26348  282.04136
11.237048  281.91412
11.210617  281.78574
11.184185  281.6563
11.157753  281.52583
11.131322  281.39438
11.10489  281.26202
11.078458  281.12877
11.052026  280.9947
11.025595  280.85986
10.999163  280.72428
10.972731  280.58802
10.9463  280.45112
10.919868  280.31364
10.893436  280.1756
10.867004  280.03707
10.840573  279.89808
10.814141  279.75868
10.787709  279.61891
10.761278  279.4788
10.734846  279.33841
10.708414  279.19778
10.681982  279.05693
10.655551  278.91592
10.629119  278.77477
10.602687  278.63353
10.576256  278.49223
10.549824  278.35091
10.523392  278.2096
10.49696  278.06833
10.470529  277.92714
10.444097  277.78606
10.417665  277.64512
10.391233  277.50435
10.364802  277.36379
10.33837  277.22345
10.311938  277.08336
10.285507  276.94356
10.259075  276.80407
10.232643  276.66492
10.206211  276.52612
10.17978  276.38771
10.153348  276.2497
10.126916  276.11212
10.100485  275.97498
10.074053  275.83832
10.047621  275.70214
10.021189  275.56647
9.9947577  275.43133
9.968326  275.29672
9.9418943  275.16268
9.9154626  275.02922
9.8890308  274.89634
9.8625991  274.76407
9.8361674  274.63242
9.8097357  274.50141
9.783304  274.37104
9.7568722  274.24132
9.7304405  274.11228
9.7040088  273.98392
9.6775771  273.85625
9.6511454  273.72927
9.6247137  273.60301
9.5982819  273.47747
9.5718502  273.35265
9.5454185  273.22857
9.5189868  273.10522
9.4925551  272.98263
9.4661233  272.86079
9.4396916  272.7397
9.4132599  272.61939
9.3868282  272.49984
9.3603965  272.38107
9.3339648  272.26307
9.307533  272.14586
9.2811013  272.02943
9.2546696  271.91379
9.2282379  271.79894
9.2018062  271.68488
9.1753744  271.57161
9.1489427  271.45914
9.122511  271.34747
9.0960793  271.2366
9.0696476  271.12652
9.0432159  271.01724
9.0167841  270.90876
8.9903524  270.80108
8.9639207  270.69419
8.937489  270.58811
8.9110573  270.48282
8.8846256  270.37832
8.8581938  270.27461
8.8317621  270.1717
8.8053304  270.06958
8.7788987  269.96824
8.752467  269.8677
8.7260352  269.76793
8.6996035  269.66894
8.6731718  269.57074
8.6467401  269.4733
8.6203084  269.37664
8.5938767  269.28075
8.5674449  269.18562
8.5410132  269.09126
8.5145815  268.99766
8.4881498  268.90481
8.4617181  268.81271
8.4352863  268.72135
8.4088546  268.63075
8.3824229  268.54088
8.3559912  268.45174
8.3295595  268.36334
8.3031278  268.27567
8.276696  268.18871
8.2502643  268.10248
8.2238326  268.01696
8.1974009  267.93214
8.1709692  267.84804
8.1445374  267.76463
8.1181057  267.68192
8.091674  267.59989
8.0652423  267.51856
8.0388106  267.4379
8.0123789  267.35792
7.9859471  267.27861
7.9595154  267.19997
7.9330837  267.12199
7.906652  267.04466
7.8802203  266.96799
7.8537885  266.89196
7.8273568  266.81658
7.8009251  266.74183
7.7744934  266.66771
7.7480617  266.59422
7.72163  266.52135
7.6951982  266.4491
7.6687665  266.37746
7.6423348  266.30643
7.6159031  266.236
7.5894714  266.16616
7.5630396  266.09691
7.5366079  266.02826
7.5101762  265.96018
7.4837445  265.89268
7.4573128  265.82575
7.4308811  265.75939
7.4044493  265.69359
7.3780176  265.62835
7.3515859  265.56366
7.3251542  265.49952
7.2987225  265.43592
7.2722907  265.37286
7.245859  265.31033
7.2194273  265.24832
7.1929956  265.18685
7.1665639  265.12589
7.1401322  265.06544
7.1137004  265.00551
7.0872687  264.94607
7.060837  264.88714
7.0344053  264.82871
7.0079736  264.77076
6.9815419  264.7133
6.9551101  264.65633
6.9286784  264.59983
6.9022467  264.5438
6.875815  264.48824
6.8493833  264.43315
6.8229515  264.37852
6.7965198  264.32434
6.7700881  264.27061
6.7436564  264.21734
6.7172247  264.1645
6.690793  264.1121
6.6643612  264.06014
6.6379295  264.00861
6.6114978  263.9575
6.5850661  263.90682
6.5586344  263.85655
6.5322026  263.8067
6.5057709  263.75726
6.4793392  263.70823
6.4529075  263.65959
6.4264758  263.61136
6.4000441  263.56352
6.3736123  263.51608
6.3471806  263.46902
6.3207489  263.42234
6.2943172  263.37605
6.2678855  263.33013
6.2414537  263.28458
6.215022  263.23941
6.1885903  263.19459
6.1621586  263.15015
6.1357269  263.10606
6.1092952  263.06232
6.0828634  263.01894
6.0564317  262.9759
6.03  262.93321
6.0035683  262.89087
5.9771366  262.84886
5.9507048  262.80718
5.9242731  262.76584
5.8978414  262.72483
5.8714097  262.68414
5.844978  262.64377
5.8185463  262.60373
5.7921145  262.564
5.7656828  262.52458
5.7392511  262.48548
5.7128194  262.44668
5.6863877  262.40819
5.6599559  262.36999
5.6335242  262.3321
5.6070925  262.2945
5.5806608  262.2572
5.5542291  262.22018
5.5277974  262.18345
5.5013656  262.14701
5.4749339  262.11085
5.4485022  262.07497
5.4220705  262.03936
5.3956388  262.00403
5.369207  261.96897
5.3427753  261.93418
5.3163436  261.89965
5.2899119  261.86539
5.2634802  261.83139
5.2370485  261.79764
5.2106167  261.76416
5.184185  261.73092
5.1577533  261.69794
5.1313216  261.66521
5.1048899  261.63272
5.0784581  261.60048
5.0520264  261.56848
5.0255947  261.53672
4.999163  261.5052
4.9727313  261.47391
4.9462996  261.44286
4.9198678  261.41204
4.8934361  261.38144
4.8670044  261.35107
4.8405727  261.32093
4.814141  261.29101
4.7877093  261.2613
4.7612775  261.23182
4.7348458  261.20255
4.7084141  261.1735
4.6819824  261.14466
4.6555507  261.11603
4.6291189  261.08761
4.6026872  261.05939
4.5762555  261.03138
4.5498238  261.00357
4.5233921  260.97596
4.4969604  260.94855
4.4705286  260.92134
4.4440969  260.89432
4.4176652  260.86749
4.3912335  260.84086
4.3648018  260.81442
4.33837  260.78816
4.3119383  260.76209
4.2855066  260.73621
4.2590749  260.71051
4.2326432  260.68499
4.2062115  260.65965
4.1797797  260.63449
4.153348  260.6095
4.1269163  260.58469
4.1004846  260.56005
4.0740529  260.53559
4.0476211  260.51129
4.0211894  260.48717
3.9947577  260.46321
3.968326  260.43941
3.9418943  260.41579
3.9154626  260.39232
3.8890308  260.36901
3.8625991  260.34587
3.8361674  260.32288
3.8097357  260.30005
3.783304  260.27738
3.7568722  260.25486
3.7304405  260.23249
3.7040088  260.21027
3.6775771  260.18821
3.6511454  260.16629
3.6247137  260.14452
3.5982819  260.1229
3.5718502  260.10142
3.5454185  260.08009
3.5189868  260.0589
3.4925551  260.03785
3.4661233  260.01694
3.4396916  259.99617
3.4132599  259.97553
3.3868282  259.95504
3.3603965  259.93467
3.3339648  259.91445
3.307533  259.89435
3.2811013  259.87439
3.2546696  259.85456
3.2282379  259.83485
3.2018062  259.81528
3.1753744  259.79583
3.1489427  259.77651
3.122511  259.75732
3.0960793  259.73825
3.0696476  259.7193
3.0432159  259.70047
3.0167841  259.68177
2.9903524  259.66318
2.9639207  259.64472
2.937489  259.62637
2.9110573  259.60814
2.8846256  259.59002
2.8581938  259.57202
2.8317621  259.55414
2.8053304  259.53637
2.7788987  259.51871
2.752467  259.50116
2.7260352  259.48372
2.6996035  259.46639
2.6731718  259.44917
2.6467401  259.43206
2.6203084  259.41505
2.5938767  259.39815
2.5674449  259.38135
2.5410132  259.36466
2.5145815  259.34807
2.4881498  259.33159
2.4617181  259.31521
2.4352863  259.29892
2.4088546  259.28274
2.3824229  259.26666
2.3559912  259.25067
2.3295595  259.23478
2.3031278  259.21899
2.276696  259.2033
2.2502643  259.1877
2.2238326  259.17219
2.1974009  259.15678
2.1709692  259.14146
2.1445374  259.12624
2.1181057  259.1111
2.091674  259.09606
2.0652423  259.08111
2.0388106  259.06624
2.0123789  259.05147
1.9859471  259.03678
1.9595154  259.02218
1.9330837  259.00766
1.906652  258.99324
1.8802203  258.97889
1.8537885  258.96464
1.8273568  258.95046
1.8009251  258.93637
1.7744934  258.92236
1.7480617  258.90844
1.72163  258.89459
1.6951982  258.88083
1.6687665  258.86714
1.6423348  258.85354
1.6159031  258.84001
1.5894714  258.82657
1.5630396  258.8132
1.5366079  258.7999
1.5101762  258.78669
1.4837445  258.77355
1.4573128  258.76048
1.4308811  258.74749
1.4044493  258.73457
1.3780176  258.72173
1.3515859  258.70896
1.3251542  258.69627
1.2987225  258.68364
1.2722907  258.67109
1.245859  258.6586
1.2194273  258.64619
1.1929956  258.63385
1.1665639  258.62158
1.1401322  258.60937
1.1137004  258.59724
1.0872687  258.58517
1.060837  258.57317
1.0344053  258.56123
1.0079736  258.54937
0.98154185  258.53756
0.95511013  258.52583
0.92867841  258.51415
0.9022467  258.50255
0.87581498  258.491
0.84938326  258.47952
0.82295154  258.46811
0.79651982  258.45675
0.77008811  258.44546
0.74365639  258.43423
0.71722467  258.42306
0.69079295  258.41195
0.66436123  258.4009
0.63792952  258.38991
0.6114978  258.37898
0.58506608  258.36811
0.55863436  258.3573
0.53220264  258.34655
0.50577093  258.33585
0.47933921  258.32521
0.45290749  258.31463
0.42647577  258.30411
0.40004405  258.29364
0.37361233  258.28322
0.34718062  258.27287
0.3207489  258.26256
0.29431718  258.25231
0.26788546  258.24212
0.24145374  258.23198
0.21502203  258.22189
0.18859031  258.21186
0.16215859  258.20188
0.13572687  258.19195
0.10929515  258.18207
0.082863436  258.17225
0.056431718  258.16247
0.03  258.15275
0.0035682819  258.14308
-0.022863436  258.13346
-0.049295154  258.12388
-0.075726872  258.11436
-0.10215859  258.10489
-0.12859031  258.09546
-0.15502203  258.08609
-0.18145374  258.07676
-0.20788546  258.06748
-0.23431718  258.05824
-0.2607489  258.04906
-0.28718062  258.03992
-0.31361233  258.03083
-0.34004405  258.02178
-0.36647577  258.01278
-0.39290749  258.00383
-0.41933921  257.99492
-0.44577093  257.98605
-0.47220264  257.97723
-0.49863436  257.96846
-0.52506608  257.95973
-0.5514978  257.95104
-0.57792952  257.9424
-0.60436123  257.9338
-0.63079295  257.92524
-0.65722467  257.91673
-0.68365639  257.90826
-0.71008811  257.89983
-0.73651982  257.89144
-0.76295154  257.88309
-0.78938326  257.87479
-0.81581498  257.86652
-0.8422467  257.8583
-0.86867841  257.85012
-0.89511013  257.84198
-0.92154185  257.83387
-0.94797357  257.82581
-0.97440529  257.81779
-1.000837  257.8098
-1.0272687  257.80186
-1.0537004  257.79395
-1.0801322  257.78609
-1.1065639  257.77826
-1.1329956  257.77047
-1.1594273  257.76271
-1.185859  257.755
-1.2122907  257.74732
-1.2387225  257.73968
-1.2651542  257.73207
-1.2915859  257.7245
-1.3180176  257.71697
-1.3444493  257.70947
-1.3708811  257.70201
-1.3973128  257.69459
-1.4237445  257.6872
-1.4501762  257.67985
-1.4766079  257.67253
-1.5030396  257.66524
-1.5294714  257.658
-1.5559031  257.65078
-1.5823348  257.6436
-1.6087665  257.63645
-1.6351982  257.62934
-1.66163  257.62226
-1.6880617  257.61521
-1.7144934  257.6082
-1.7409251  257.60122
-1.7673568  257.59427
-1.7937885  257.58736
-1.8202203  257.58047
-1.846652  257.57362
-1.8730837  257.5668
-1.8995154  257.56002
-1.9259471  257.55326
-1.9523789  257.54654
-1.9788106  257.53984
-2.0052423  257.53318
-2.031674  257.52655
-2.0581057  257.51995
-2.0845374  257.51338
-2.1109692  257.50684
-2.1374009  257.50033
-2.1638326  257.49385
-2.1902643  257.4874
-2.216696  257.48098
-2.2431278  257.47459
-2.2695595  257.46822
-2.2959912  257.46189
-2.3224229  257.45559
-2.3488546  257.44931
-2.3752863  257.44306
-2.4017181  257.43684
-2.4281498  257.43065
-2.4545815  257.42449
-2.4810132  257.41835
-2.5074449  257.41225
-2.5338767  257.40617
-2.5603084  257.40011
-2.5867401  257.39409
-2.6131718  257.38809
-2.6396035  257.38212
-2.6660352  257.37617
-2.692467  257.37025
-2.7188987  257.36436
-2.7453304  257.3585
-2.7717621  257.35266
-2.7981938  257.34684
-2.8246256  257.34106
-2.8510573  257.33529
-2.877489  257.32956
-2.9039207  257.32384
-2.9303524  257.31816
-2.9567841  257.3125
-2.9832159  257.30686
-3.0096476  257.30125
-3.0360793  257.29566
-3.062511  257.2901
-3.0889427  257.28456
-3.1153744  257.27905
-3.1418062  257.27356
-3.1682379  257.2681
-3.1946696  257.26265
-3.2211013  257.25724
-3.247533  257.25184
-3.2739648  257.24647
-3.3003965  257.24112
-3.3268282  257.2358
-3.3532599  257.2305
-3.3796916  257.22522
-3.4061233  257.21997
-3.4325551  257.21473
-3.4589868  257.20952
-3.4854185  257.20433
-3.5118502  257.19917
-3.5382819  257.19403
-3.5647137  257.18891
-3.5911454  257.18381
-3.6175771  257.17873
-3.6440088  257.17367
-3.6704405  257.16864
-3.6968722  257.16363
-3.723304  257.15864
-3.7497357  257.15367
-3.7761674  257.14872
-3.8025991  257.14379
-3.8290308  257.13888
-3.8554626  257.134
-3.8818943  257.12913
-3.908326  257.12429
-3.9347577  257.11946
-3.9611894  257.11466
-3.9876211  257.10987
-4.0140529  257.10511
-4.0404846  257.10037
-4.0669163  257.09564
-4.093348  257.09094
-4.1197797  257.08626
-4.1462115  257.08159
-4.1726432  257.07695
-4.1990749  257.07232
-4.2255066  257.06771
-4.2519383  257.06313
-4.27837  257.05856
-4.3048018  257.05401
-4.3312335  257.04948
-4.3576652  257.04497
-4.3840969  257.04048
-4.4105286  257.036
-4.4369604  257.03155
-4.4633921  257.02711
-4.4898238  257.02269
-4.5162555  257.01829
-4.5426872  257.01391
-4.5691189  257.00955
-4.5955507  257.0052
-4.6219824  257.00087
-4.6484141  256.99656
-4.6748458  256.99227
-4.7012775  256.98799
-4.7277093  256.98374
-4.754141  256.9795
-4.7805727  256.97527
-4.8070044  256.97107
-4.8334361  256.96688
-4.8598678  256.96271
-4.8862996  256.95855
-4.9127313  256.95442
-4.939163  256.9503
-4.9655947  256.94619
-4.9920264  256.94211
-5.0184581  256.93803
-5.0448899  256.93398
-5.0713216  256.92994
-5.0977533  256.92592
-5.124185  256.92192
-5.1506167  256.91793
-5.1770485  256.91395
-5.2034802  256.91
-5.2299119  256.90606
-5.2563436  256.90213
-5.2827753  256.89822
-5.309207  256.89433
-5.3356388  256.89045
-5.3620705  256.88659
-5.3885022  256.88274
-5.4149339  256.87891
-5.4413656  256.87509
-5.4677974  256.87129
-5.4942291  256.86751
-5.5206608  256.86374
-5.5470925  256.85998
-5.5735242  256.85624
-5.5999559  256.85251
-5.6263877  256.8488
-5.6528194  256.84511
-5.6792511  256.84142
-5.7056828  256.83776
-5.7321145  256.8341
-5.7585463  256.83047
-5.784978  256.82684
-5.8114097  256.82323
-5.8378414  256.81964
-5.8642731  256.81606
-5.8907048  256.81249
-5.9171366  256.80894
-5.9435683  256.8054
-5.97  256.80187
-5.9964317  256.79836
-6.0228634  256.79486
-6.0492952  256.79138
-6.0757269  256.78791
-6.1021586  256.78445
-6.1285903  256.78101
-6.155022  256.77758
-6.1814537  256.77417
-6.2078855  256.77076
-6.2343172  256.76737
-6.2607489  256.764
-6.2871806  256.76064
-6.3136123  256.75729
-6.3400441  256.75395
-6.3664758  256.75063
-6.3929075  256.74732
-6.4193392  256.74402
-6.4457709  256.74073
-6.4722026  256.73746
-6.4986344  256.7342
-6.5250661  256.73095
-6.5514978  256.72772
-6.5779295  256.7245
-6.6043612  256.72129
-6.630793  256.71809
-6.6572247  256.7149
-6.6836564  256.71173
-6.7100881  256.70857
-6.7365198  256.70542
-6.7629515  256.70229
-6.7893833  256.69916
-6.815815  256.69605
-6.8422467  256.69295
-6.8686784  256.68986
-6.8951101  256.68679
-6.9215419  256.68372
-6.9479736  256.68067
-6.9744053  256.67763
-7.000837  256.6746
-7.0272687  256.67158
-7.0537004  256.66858
-7.0801322  256.66558
-7.1065639  256.6626
-7.1329956  256.65963
-7.1594273  256.65667
-7.185859  256.65372
-7.2122907  256.65078
-7.2387225  256.64786
-7.2651542  256.64494
-7.2915859  256.64204
-7.3180176  256.63914
-7.3444493  256.63626
-7.3708811  256.63339
-7.3973128  256.63053
-7.4237445  256.62768
-7.4501762  256.62484
-7.4766079  256.62201
-7.5030396  256.61919
-7.5294714  256.61639
-7.5559031  256.61359
-7.5823348  256.61081
-7.6087665  256.60803
-7.6351982  256.60527
-7.66163  256.60251
-7.6880617  256.59977
-7.7144934  256.59704
-7.7409251  256.59432
-7.7673568  256.5916
-7.7937885  256.5889
-7.8202203  256.58621
-7.846652  256.58353
-7.8730837  256.58085
-7.8995154  256.57819
-7.9259471  256.57554
-7.9523789  256.5729
-7.9788106  256.57027
-8.0052423  256.56765
-8.031674  256.56503
-8.0581057  256.56243
-8.0845374  256.55984
-8.1109692  256.55726
-8.1374009  256.55468
-8.1638326  256.55212
-8.1902643  256.54957
-8.216696  256.54702
-8.2431278  256.54449
-8.2695595  256.54196
-8.2959912  256.53945
-8.3224229  256.53694
-8.3488546  256.53444
-8.3752863  256.53196
-8.4017181  256.52948
-8.4281498  256.52701
-8.4545815  256.52455
-8.4810132  256.5221
-8.5074449  256.51966
-8.5338767  256.51722
-8.5603084  256.5148
-8.5867401  256.51239
-8.6131718  256.50998
-8.6396035  256.50759
-8.6660352  256.5052
-8.692467  256.50282
-8.7188987  256.50045
-8.7453304  256.49809
-8.7717621  256.49574
-8.7981938  256.49339
-8.8246256  256.49106
-8.8510573  256.48873
-8.877489  256.48642
-8.9039207  256.48411
-8.9303524  256.48181
-8.9567841  256.47952
-8.9832159  256.47723
-9.0096476  256.47496
-9.0360793  256.47269
-9.062511  256.47044
-9.0889427  256.46819
-9.1153744  256.46595
-9.1418062  256.46371
-9.1682379  256.46149
-9.1946696  256.45927
-9.2211013  256.45707
-9.247533  256.45487
-9.2739648  256.45267
-9.3003965  256.45049
-9.3268282  256.44832
-9.3532599  256.44615
-9.3796916  256.44399
-9.4061233  256.44184
-9.4325551  256.4397
-9.4589868  256.43756
-9.4854185  256.43543
-9.5118502  256.43331
-9.5382819  256.4312
-9.5647137  256.4291
-9.5911454  256.427
-9.6175771  256.42491
-9.6440088  256.42283
-9.6704405  256.42076
-9.6968722  256.4187
-9.723304  256.41664
-9.7497357  256.41459
-9.7761674  256.41255
-9.8025991  256.41051
-9.8290308  256.40849
-9.8554626  256.40647
-9.8818943  256.40445
-9.908326  256.40245
-9.9347577  256.40045
-9.9611894  256.39846
-9.9876211  256.39648
-10.014053  256.3945
-10.040485  256.39254
-10.066916  256.39057
-10.093348  256.38862
-10.11978  256.38668
-10.146211  256.38474
-10.172643  256.3828
-10.199075  256.38088
-10.225507  256.37896
-10.251938  256.37705
-10.27837  256.37515
-10.304802  256.37325
-10.331233  256.37136
-10.357665  256.36948
-10.384097  256.3676
-10.410529  256.36574
-10.43696  256.36387
-10.463392  256.36202
-10.489824  256.36017
-10.516256  256.35833
-10.542687  256.3565
-10.569119  256.35467
-10.595551  256.35285
-10.621982  256.35103
-10.648414  256.34923
-10.674846  256.34743
-10.701278  256.34563
-10.727709  256.34385
-10.754141  256.34207
-10.780573  256.34029
-10.807004  256.33852
-10.833436  256.33676
-10.859868  256.33501
-10.8863  256.33326
-10.912731  256.33152
-10.939163  256.32979
-10.965595  256.32806
-10.992026  256.32633
-11.018458  256.32462
-11.04489  256.32291
-11.071322  256.32121
-11.097753  256.31951
-11.124185  256.31782
-11.150617  256.31614
-11.177048  256.31446
-11.20348  256.31279
-11.229912  256.31112
-11.256344  256.30946
-11.282775  256.30781
-11.309207  256.30616
-11.335639  256.30452
-11.36207  256.30289
-11.388502  256.30126
-11.414934  256.29964
-11.441366  256.29802
-11.467797  256.29641
-11.494229  256.2948
-11.520661  256.29321
-11.547093  256.29161
-11.573524  256.29003
-11.599956  256.28845
-11.626388  256.28687
-11.652819  256.2853
-11.679251  256.28374
-11.705683  256.28218
-11.732115  256.28063
-11.758546  256.27908
-11.784978  256.27755
-11.81141  256.27601
-11.837841  256.27448
-11.864273  256.27296
-11.890705  256.27144
-11.917137  256.26993
-11.943568  256.26843
-11.97  256.26693
-11.996432  256.26543
-12.022863  256.26394
-12.049295  256.26246
-12.075727  256.26098
-12.102159  256.25951
-12.12859  256.25804
-12.155022  256.25658
-12.181454  256.25513
-12.207885  256.25368
-12.234317  256.25223
-12.260749  256.25079
-12.287181  256.24936
-12.313612  256.24793
-12.340044  256.24651
-12.366476  256.24509
-12.392907  256.24368
-12.419339  256.24227
-12.445771  256.24087
-12.472203  256.23948
-12.498634  256.23808
-12.525066  256.2367
-12.551498  256.23532
-12.57793  256.23394
-12.604361  256.23257
-12.630793  256.23121
-12.657225  256.22985
-12.683656  256.22849
-12.710088  256.22715
-12.73652  256.2258
-12.762952  256.22446
-12.789383  256.22313
-12.815815  256.2218
-12.842247  256.22048
-12.868678  256.21916
-12.89511  256.21784
-12.921542  256.21653
-12.947974  256.21523
-12.974405  256.21393
-13.000837  256.21264
-13.027269  256.21135
-13.0537  256.21007
-13.080132  256.20879
-13.106564  256.20751
-13.132996  256.20624
-13.159427  256.20498
-13.185859  256.20372
-13.212291  256.20247
-13.238722  256.20122
-13.265154  256.19997
-13.291586  256.19873
-13.318018  256.19749
-13.344449  256.19626
-13.370881  256.19504
-13.397313  256.19382
-13.423744  256.1926
-13.450176  256.19139
-13.476608  256.19018
-13.50304  256.18898
-13.529471  256.18778
-13.555903  256.18659
-13.582335  256.1854
-13.608767  256.18422
-13.635198  256.18304
-13.66163  256.18186
-13.688062  256.18069
-13.714493  256.17953
-13.740925  256.17837
-13.767357  256.17721
-13.793789  256.17606
-13.82022  256.17491
-13.846652  256.17377
-13.873084  256.17263
-13.899515  256.1715
-13.925947  256.17037
-13.952379  256.16924
-13.978811  256.16812
-14.005242  256.16701
-14.031674  256.16589
-14.058106  256.16479
-14.084537  256.16368
-14.110969  256.16259
-14.137401  256.16149
-14.163833  256.1604
-14.190264  256.15932
-14.216696  256.15823
-14.243128  256.15716
-14.269559  256.15608
-14.295991  256.15502
-14.322423  256.15395
-14.348855  256.15289
-14.375286  256.15184
-14.401718  256.15078
-14.42815  256.14974
-14.454581  256.14869
-14.481013  256.14766
-14.507445  256.14662
-14.533877  256.14559
-14.560308  256.14456
-14.58674  256.14354
-14.613172  256.14252
-14.639604  256.14151
-14.666035  256.1405
-14.692467  256.13949
-14.718899  256.13849
-14.74533  256.13749
-14.771762  256.1365
-14.798194  256.13551
-14.824626  256.13452
-14.851057  256.13354
-14.877489  256.13256
-14.903921  256.13159
-14.930352  256.13062
-14.956784  256.12966
-14.983216  256.12869
-15.009648  256.12774
-15.036079  256.12678
-15.062511  256.12583
-15.088943  256.12489
-15.115374  256.12394
-15.141806  256.12301
-15.168238  256.12207
-15.19467  256.12114
-15.221101  256.12021
-15.247533  256.11929
-15.273965  256.11837
-15.300396  256.11746
-15.326828  256.11655
-15.35326  256.11564
-15.379692  256.11473
-15.406123  256.11383
-15.432555  256.11294
-15.458987  256.11205
-15.485419  256.11116
-15.51185  256.11027
-15.538282  256.10939
-15.564714  256.10851
-15.591145  256.10764
-15.617577  256.10677
-15.644009  256.1059
-15.670441  256.10504
-15.696872  256.10418
-15.723304  256.10332
-15.749736  256.10247
-15.776167  256.10162
-15.802599  256.10078
-15.829031  256.09994
-15.855463  256.0991
-15.881894  256.09827
-15.908326  256.09744
-15.934758  256.09661
-15.961189  256.09579
-15.987621  256.09497
-16.014053  256.09415
-16.040485  256.09334
-16.066916  256.09253
-16.093348  256.09173
-16.11978  256.09092
-16.146211  256.09012
-16.172643  256.08933
-16.199075  256.08854
-16.225507  256.08775
-16.251938  256.08697
-16.27837  256.08618
-16.304802  256.08541
-16.331233  256.08463
-16.357665  256.08386
-16.384097  256.08309
-16.410529  256.08233
-16.43696  256.08157
-16.463392  256.08081
-16.489824  256.08006
-16.516256  256.07931
-16.542687  256.07856
-16.569119  256.07782
-16.595551  256.07708
-16.621982  256.07634
-16.648414  256.0756
-16.674846  256.07487
-16.701278  256.07415
-16.727709  256.07342
-16.754141  256.0727
-16.780573  256.07198
-16.807004  256.07127
-16.833436  256.07056
-16.859868  256.06985
-16.8863  256.06915
-16.912731  256.06845
-16.939163  256.06775
-16.965595  256.06705
-16.992026  256.06636
-17.018458  256.06567
-17.04489  256.06499
-17.071322  256.06431
-17.097753  256.06363
-17.124185  256.06295
-17.150617  256.06228
-17.177048  256.06161
-17.20348  256.06094
-17.229912  256.06028
-17.256344  256.05962
-17.282775  256.05896
-17.309207  256.05831
-17.335639  256.05766
-17.36207  256.05701
-17.388502  256.05637
-17.414934  256.05572
-17.441366  256.05509
-17.467797  256.05445
-17.494229  256.05382
-17.520661  256.05319
-17.547093  256.05256
-17.573524  256.05194
-17.599956  256.05132
-17.626388  256.0507
-17.652819  256.05009
-17.679251  256.04948
-17.705683  256.04887
-17.732115  256.04826
-17.758546  256.04766
-17.784978  256.04706
-17.81141  256.04646
-17.837841  256.04587
-17.864273  256.04528
-17.890705  256.04469
-17.917137  256.04411
-17.943568  256.04353
-17.97  256.04295

# Result Name:                  Peak 1
# Number of Curves:             1
#
# Curve:                        0
# Values/Curve:                 1590
#
24.03  277.17256
24.003568  277.14062
23.977137  277.10875
23.950705  277.07697
23.924273  277.04526
23.897841  277.01363
23.87141  276.98207
23.844978  276.9506
23.818546  276.9192
23.792115  276.88789
23.765683  276.85665
23.739251  276.82549
23.712819  276.79442
23.686388  276.76342
23.659956  276.73251
23.633524  276.70168
23.607093  276.67093
23.580661  276.64027
23.554229  276.60969
23.527797  276.57919
23.501366  276.54878
23.474934  276.51845
23.448502  276.48821
23.42207  276.45805
23.395639  276.42799
23.369207  276.39801
23.342775  276.36811
23.316344  276.33831
23.289912  276.30859
23.26348  276.27897
23.237048  276.24943
23.210617  276.21998
23.184185  276.19063
23.157753  276.16137
23.131322  276.1322
23.10489  276.10312
23.078458  276.07414
23.052026  276.04525
23.025595  276.01645
22.999163  275.98775
22.972731  275.95915
22.9463  275.93064
22.919868  275.90223
22.893436  275.87392
22.867004  275.84571
22.840573  275.8176
22.814141  275.78959
22.787709  275.76167
22.761278  275.73386
22.734846  275.70615
22.708414  275.67855
22.681982  275.65105
22.655551  275.62365
22.629119  275.59635
22.602687  275.56917
22.576256  275.54209
22.549824  275.51511
22.523392  275.48825
22.49696  275.46149
22.470529  275.43484
22.444097  275.4083
22.417665  275.38188
22.391233  275.35556
22.364802  275.32936
22.33837  275.30327
22.311938  275.2773
22.285507  275.25144
22.259075  275.2257
22.232643  275.20007
22.206211  275.17456
22.17978  275.14917
22.153348  275.1239
22.126916  275.09875
22.100485  275.07372
22.074053  275.04882
22.047621  275.02403
22.021189  274.99937
21.994758  274.97484
21.968326  274.95043
21.941894  274.92615
21.915463  274.902
21.889031  274.87797
21.862599  274.85408
21.836167  274.83031
21.809736  274.80668
21.783304  274.78318
21.756872  274.75982
21.730441  274.73659
21.704009  274.7135
21.677577  274.69054
21.651145  274.66772
21.624714  274.64504
21.598282  274.62251
21.57185  274.60011
21.545419  274.57786
21.518987  274.55575
21.492555  274.53378
21.466123  274.51196
21.439692  274.49029
21.41326  274.46877
21.386828  274.4474
21.360396  274.42618
21.333965  274.40511
21.307533  274.38419
21.281101  274.36343
21.25467  274.34283
21.228238  274.32238
21.201806  274.3021
21.175374  274.28197
21.148943  274.262
21.122511  274.2422
21.096079  274.22256
21.069648  274.20309
21.043216  274.18378
21.016784  274.16464
20.990352  274.14567
20.963921  274.12688
20.937489  274.10825
20.911057  274.0898
20.884626  274.07153
20.858194  274.05343
20.831762  274.03551
20.80533  274.01777
20.778899  274.00022
20.752467  273.98284
20.726035  273.96566
20.699604  273.94865
20.673172  273.93184
20.64674  273.91522
20.620308  273.89879
20.593877  273.88255
20.567445  273.86651
20.541013  273.85066
20.514581  273.83501
20.48815  273.81956
20.461718  273.80432
20.435286  273.78928
20.408855  273.77444
20.382423  273.75981
20.355991  273.74539
20.329559  273.73119
20.303128  273.71719
20.276696  273.70341
20.250264  273.68985
20.223833  273.67651
20.197401  273.66338
20.170969  273.65048
20.144537  273.63781
20.118106  273.62536
20.091674  273.61314
20.065242  273.60116
20.038811  273.5894
20.012379  273.57789
19.985947  273.5666
19.959515  273.55556
19.933084  273.54477
19.906652  273.53421
19.88022  273.5239
19.853789  273.51385
19.827357  273.50404
19.800925  273.49448
19.774493  273.48519
19.748062  273.47615
19.72163  273.46737
19.695198  273.45885
19.668767  273.4506
19.642335  273.44262
19.615903  273.43491
19.589471  273.42747
19.56304  273.42031
19.536608  273.41342
19.510176  273.40682
19.483744  273.4005
19.457313  273.39446
19.430881  273.38872
19.404449  273.38327
19.378018  273.37811
19.351586  273.37325
19.325154  273.36869
19.298722  273.36443
19.272291  273.36048
19.245859  273.35683
19.219427  273.3535
19.192996  273.35048
19.166564  273.34778
19.140132  273.34541
19.1137  273.34335
19.087269  273.34162
19.060837  273.34022
19.034405  273.33916
19.007974  273.33843
18.981542  273.33804
18.95511  273.33799
18.928678  273.33829
18.902247  273.33894
18.875815  273.33995
18.849383  273.3413
18.822952  273.34302
18.79652  273.3451
18.770088  273.34755
18.743656  273.35036
18.717225  273.35355
18.690793  273.35712
18.664361  273.36107
18.63793  273.3654
18.611498  273.37012
18.585066  273.37523
18.558634  273.38074
18.532203  273.38665
18.505771  273.39296
18.479339  273.39967
18.452907  273.4068
18.426476  273.41434
18.400044  273.4223
18.373612  273.43069
18.347181  273.4395
18.320749  273.44874
18.294317  273.45841
18.267885  273.46853
18.241454  273.47908
18.215022  273.49009
18.18859  273.50154
18.162159  273.51345
18.135727  273.52582
18.109295  273.53866
18.082863  273.55196
18.056432  273.56574
18.03  273.57999
18.003568  273.59472
17.977137  273.60995
17.950705  273.62566
17.924273  273.64186
17.897841  273.65857
17.87141  273.67578
17.844978  273.6935
17.818546  273.71173
17.792115  273.73048
17.765683  273.74976
17.739251  273.76956
17.712819  273.78989
17.686388  273.81076
17.659956  273.83218
17.633524  273.85414
17.607093  273.87665
17.580661  273.89971
17.554229  273.92334
17.527797  273.94753
17.501366  273.9723
17.474934  273.99764
17.448502  274.02356
17.42207  274.05007
17.395639  274.07716
17.369207  274.10486
17.342775  274.13315
17.316344  274.16205
17.289912  274.19156
17.26348  274.22168
17.237048  274.25242
17.210617  274.28379
17.184185  274.31579
17.157753  274.34843
17.131322  274.3817
17.10489  274.41562
17.078458  274.45019
17.052026  274.48542
17.025595  274.5213
16.999163  274.55785
16.972731  274.59507
16.9463  274.63297
16.919868  274.67154
16.893436  274.7108
16.867004  274.75074
16.840573  274.79138
16.814141  274.83272
16.787709  274.87476
16.761278  274.91751
16.734846  274.96097
16.708414  275.00514
16.681982  275.05004
16.655551  275.09566
16.629119  275.14201
16.602687  275.1891
16.576256  275.23692
16.549824  275.28548
16.523392  275.33479
16.49696  275.38484
16.470529  275.43565
16.444097  275.48722
16.417665  275.53955
16.391233  275.59264
16.364802  275.64649
16.33837  275.70112
16.311938  275.75652
16.285507  275.81269
16.259075  275.86964
16.232643  275.92738
16.206211  275.98589
16.17978  276.04519
16.153348  276.10528
16.126916  276.16616
16.100485  276.22783
16.074053  276.29029
16.047621  276.35355
16.021189  276.41759
15.994758  276.48244
15.968326  276.54808
15.941894  276.61451
15.915463  276.68174
15.889031  276.74977
15.862599  276.81859
15.836167  276.8882
15.809736  276.95861
15.783304  277.02981
15.756872  277.1018
15.730441  277.17458
15.704009  277.24814
15.677577  277.32248
15.651145  277.3976
15.624714  277.4735
15.598282  277.55017
15.57185  277.6276
15.545419  277.7058
15.518987  277.78475
15.492555  277.86446
15.466123  277.9449
15.439692  278.02609
15.41326  278.10801
15.386828  278.19065
15.360396  278.27401
15.333965  278.35807
15.307533  278.44283
15.281101  278.52828
15.25467  278.61441
15.228238  278.7012
15.201806  278.78864
15.175374  278.87673
15.148943  278.96545
15.122511  279.05479
15.096079  279.14473
15.069648  279.23525
15.043216  279.32635
15.016784  279.41801
14.990352  279.5102
14.963921  279.60292
14.937489  279.69614
14.911057  279.78985
14.884626  279.88402
14.858194  279.97864
14.831762  280.07368
14.80533  280.16912
14.778899  280.26494
14.752467  280.36112
14.726035  280.45762
14.699604  280.55444
14.673172  280.65153
14.64674  280.74888
14.620308  280.84645
14.593877  280.94422
14.567445  281.04215
14.541013  281.14022
14.514581  281.2384
14.48815  281.33665
14.461718  281.43494
14.435286  281.53324
14.408855  281.63151
14.382423  281.72972
14.355991  281.82783
14.329559  281.92581
14.303128  282.02361
14.276696  282.12119
14.250264  282.21853
14.223833  282.31557
14.197401  282.41228
14.170969  282.50861
14.144537  282.60453
14.118106  282.69998
14.091674  282.79493
14.065242  282.88932
14.038811  282.98312
14.012379  283.07628
13.985947  283.16874
13.959515  283.26047
13.933084  283.35142
13.906652  283.44153
13.88022  283.53076
13.853789  283.61906
13.827357  283.70637
13.800925  283.79265
13.774493  283.87786
13.748062  283.96192
13.72163  284.0448
13.695198  284.12645
13.668767  284.20681
13.642335  284.28583
13.615903  284.36345
13.589471  284.43963
13.56304  284.51432
13.536608  284.58746
13.510176  284.65901
13.483744  284.7289
13.457313  284.79709
13.430881  284.86353
13.404449  284.92817
13.378018  284.99096
13.351586  285.05185
13.325154  285.11079
13.298722  285.16773
13.272291  285.22263
13.245859  285.27544
13.219427  285.3261
13.192996  285.37459
13.166564  285.42085
13.140132  285.46484
13.1137  285.50653
13.087269  285.54586
13.060837  285.5828
13.034405  285.61731
13.007974  285.64936
12.981542  285.6789
12.95511  285.70591
12.928678  285.73036
12.902247  285.7522
12.875815  285.77142
12.849383  285.78798
12.822952  285.80187
12.79652  285.81304
12.770088  285.82149
12.743656  285.82719
12.717225  285.83013
12.690793  285.83028
12.664361  285.82763
12.63793  285.82217
12.611498  285.81388
12.585066  285.80277
12.558634  285.78881
12.532203  285.77201
12.505771  285.75236
12.479339  285.72986
12.452907  285.70451
12.426476  285.67632
12.400044  285.64529
12.373612  285.61142
12.347181  285.57473
12.320749  285.53523
12.294317  285.49293
12.267885  285.44784
12.241454  285.39998
12.215022  285.34936
12.18859  285.29602
12.162159  285.23997
12.135727  285.18124
12.109295  285.11985
12.082863  285.05582
12.056432  284.9892
12.03  284.92
12.003568  284.84827
11.977137  284.77403
11.950705  284.69732
11.924273  284.61817
11.897841  284.53663
11.87141  284.45274
11.844978  284.36653
11.818546  284.27804
11.792115  284.18733
11.765683  284.09442
11.739251  283.99938
11.712819  283.90223
11.686388  283.80304
11.659956  283.70184
11.633524  283.59869
11.607093  283.49363
11.580661  283.38671
11.554229  283.27799
11.527797  283.1675
11.501366  283.05531
11.474934  282.94147
11.448502  282.82602
11.42207  282.70901
11.395639  282.59051
11.369207  282.47055
11.342775  282.3492
11.316344  282.2265
11.289912  282.1025
11.26348  281.97726
11.237048  281.85084
11.210617  281.72327
11.184185  281.59461
11.157753  281.46491
11.131322  281.33423
11.10489  281.2026
11.078458  281.07009
11.052026  280.93674
11.025595  280.80259
10.999163  280.66771
10.972731  280.53213
10.9463  280.3959
10.919868  280.25907
10.893436  280.12168
10.867004  279.98378
10.840573  279.84541
10.814141  279.70662
10.787709  279.56744
10.761278  279.42793
10.734846  279.28812
10.708414  279.14805
10.681982  279.00777
10.655551  278.8673
10.629119  278.7267
10.602687  278.58599
10.576256  278.44522
10.549824  278.30441
10.523392  278.1636
10.49696  278.02283
10.470529  277.88214
10.444097  277.74154
10.417665  277.60107
10.391233  277.46077
10.364802  277.32067
10.33837  277.18078
10.311938  277.04114
10.285507  276.90178
10.259075  276.76272
10.232643  276.62399
10.206211  276.48561
10.17978  276.34761
10.153348  276.21001
10.126916  276.07282
10.100485  275.93608
10.074053  275.79981
10.047621  275.66401
10.021189  275.52872
9.9947577  275.39395
9.968326  275.25971
9.9418943  275.12603
9.9154626  274.99292
9.8890308  274.86039
9.8625991  274.72847
9.8361674  274.59716
9.8097357  274.46648
9.783304  274.33644
9.7568722  274.20705
9.7304405  274.07833
9.7040088  273.95028
9.6775771  273.82292
9.6511454  273.69626
9.6247137  273.5703
9.5982819  273.44506
9.5718502  273.32053
9.5454185  273.19674
9.5189868  273.07368
9.4925551  272.95137
9.4661233  272.82981
9.4396916  272.70901
9.4132599  272.58896
9.3868282  272.46968
9.3603965  272.35117
9.3339648  272.23344
9.307533  272.11649
9.2811013  272.00031
9.2546696  271.88492
9.2282379  271.77032
9.2018062  271.65651
9.1753744  271.54348
9.1489427  271.43125
9.122511  271.31982
9.0960793  271.20917
9.0696476  271.09933
9.0432159  270.99028
9.0167841  270.88202
8.9903524  270.77456
8.9639207  270.66789
8.937489  270.56202
8.9110573  270.45694
8.8846256  270.35266
8.8581938  270.24916
8.8317621  270.14646
8.8053304  270.04454
8.7788987  269.9434
8.752467  269.84305
8.7260352  269.74348
8.6996035  269.64469
8.6731718  269.54667
8.6467401  269.44943
8.6203084  269.35296
8.5938767  269.25725
8.5674449  269.16231
8.5410132  269.06812
8.5145815  268.9747
8.4881498  268.88202
8.4617181  268.7901
8.4352863  268.69892
8.4088546  268.60848
8.3824229  268.51878
8.3559912  268.42981
8.3295595  268.34157
8.3031278  268.25406
8.276696  268.16727
8.2502643  268.08119
8.2238326  267.99583
8.1974009  267.91117
8.1709692  267.82722
8.1445374  267.74396
8.1181057  267.6614
8.091674  267.57953
8.0652423  267.49834
8.0388106  267.41783
8.0123789  267.33799
7.9859471  267.25883
7.9595154  267.18033
7.9330837  267.10248
7.906652  267.0253
7.8802203  266.94876
7.8537885  266.87287
7.8273568  266.79762
7.8009251  266.723
7.7744934  266.64902
7.7480617  266.57566
7.72163  266.50292
7.6951982  266.43079
7.6687665  266.35928
7.6423348  266.28837
7.6159031  266.21806
7.5894714  266.14834
7.5630396  266.07922
7.5366079  266.01068
7.5101762  265.94272
7.4837445  265.87534
7.4573128  265.80853
7.4308811  265.74228
7.4044493  265.6766
7.3780176  265.61147
7.3515859  265.54689
7.3251542  265.48286
7.2987225  265.41936
7.2722907  265.35641
7.245859  265.29399
7.2194273  265.23209
7.1929956  265.17072
7.1665639  265.10986
7.1401322  265.04952
7.1137004  264.98969
7.0872687  264.93036
7.060837  264.87152
7.0344053  264.81319
7.0079736  264.75534
6.9815419  264.69798
6.9551101  264.6411
6.9286784  264.5847
6.9022467  264.52876
6.875815  264.4733
6.8493833  264.4183
6.8229515  264.36376
6.7965198  264.30967
6.7700881  264.25604
6.7436564  264.20285
6.7172247  264.1501
6.690793  264.09779
6.6643612  264.04591
6.6379295  263.99447
6.6114978  263.94345
6.5850661  263.89285
6.5586344  263.84267
6.5322026  263.7929
6.5057709  263.74354
6.4793392  263.69459
6.4529075  263.64604
6.4264758  263.59788
6.4000441  263.55013
6.3736123  263.50276
6.3471806  263.45578
6.3207489  263.40918
6.2943172  263.36296
6.2678855  263.31712
6.2414537  263.27165
6.215022  263.22654
6.1885903  263.18181
6.1621586  263.13743
6.1357269  263.09341
6.1092952  263.04975
6.0828634  263.00644
6.0564317  262.96348
6.03  262.92086
6.0035683  262.87858
5.9771366  262.83664
5.9507048  262.79503
5.9242731  262.75376
5.8978414  262.71281
5.8714097  262.67219
5.844978  262.63189
5.8185463  262.59191
5.7921145  262.55225
5.7656828  262.5129
5.7392511  262.47386
5.7128194  262.43512
5.6863877  262.39669
5.6599559  262.35856
5.6335242  262.32073
5.6070925  262.28319
5.5806608  262.24595
5.5542291  262.209
5.5277974  262.17233
5.5013656  262.13594
5.4749339  262.09984
5.4485022  262.06402
5.4220705  262.02847
5.3956388  261.9932
5.369207  261.95819
5.3427753  261.92346
5.3163436  261.88899
5.2899119  261.85478
5.2634802  261.82084
5.2370485  261.78715
5.2106167  261.75372
5.184185  261.72054
5.1577533  261.68761
5.1313216  261.65493
5.1048899  261.6225
5.0784581  261.59031
5.0520264  261.55836
5.0255947  261.52665
4.999163  261.49518
4.9727313  261.46395
4.9462996  261.43294
4.9198678  261.40217
4.8934361  261.37162
4.8670044  261.3413
4.8405727  261.31121
4.814141  261.28134
4.7877093  261.25168
4.7612775  261.22225
4.7348458  261.19303
4.7084141  261.16402
4.6819824  261.13523
4.6555507  261.10664
4.6291189  261.07827
4.6026872  261.0501
4.5762555  261.02213
4.5498238  260.99436
4.5233921  260.9668
4.4969604  260.93944
4.4705286  260.91227
4.4440969  260.88529
4.4176652  260.85851
4.3912335  260.83192
4.3648018  260.80552
4.33837  260.77931
4.3119383  260.75328
4.2855066  260.72744
4.2590749  260.70178
4.2326432  260.6763
4.2062115  260.651
4.1797797  260.62588
4.153348  260.60094
4.1269163  260.57617
4.1004846  260.55157
4.0740529  260.52715
4.0476211  260.50289
4.0211894  260.4788
3.9947577  260.45488
3.968326  260.43113
3.9418943  260.40754
3.9154626  260.38411
3.8890308  260.36084
3.8625991  260.33773
3.8361674  260.31478
3.8097357  260.29199
3.783304  260.26935
3.7568722  260.24687
3.7304405  260.22454
3.7040088  260.20236
3.6775771  260.18033
3.6511454  260.15845
3.6247137  260.13671
3.5982819  260.11513
3.5718502  260.09368
3.5454185  260.07239
3.5189868  260.05123
3.4925551  260.03021
3.4661233  260.00934
3.4396916  259.9886
3.4132599  259.968
3.3868282  259.94754
3.3603965  259.92721
3.3339648  259.90701
3.307533  259.88695
3.2811013  259.86702
3.2546696  259.84722
3.2282379  259.82755
3.2018062  259.80801
3.1753744  259.78859
3.1489427  259.7693
3.122511  259.75014
3.0960793  259.7311
3.0696476  259.71218
3.0432159  259.69339
3.0167841  259.67471
2.9903524  259.65616
2.9639207  259.63772
2.937489  259.6194
2.9110573  259.6012
2.8846256  259.58312
2.8581938  259.56514
2.8317621  259.54729
2.8053304  259.52954
2.7788987  259.51191
2.752467  259.49439
2.7260352  259.47698
2.6996035  259.45968
2.6731718  259.44249
2.6467401  259.4254
2.6203084  259.40842
2.5938767  259.39155
2.5674449  259.37478
2.5410132  259.35812
2.5145815  259.34156
2.4881498  259.3251
2.4617181  259.30874
2.4352863  259.29249
2.4088546  259.27633
2.3824229  259.26027
2.3559912  259.24431
2.3295595  259.22845
2.3031278  259.21269
2.276696  259.19702
2.2502643  259.18144
2.2238326  259.16596
2.1974009  259.15058
2.1709692  259.13528
2.1445374  259.12008
2.1181057  259.10497
2.091674  259.08995
2.0652423  259.07502
2.0388106  259.06018
2.0123789  259.04543
1.9859471  259.03077
1.9595154  259.01619
1.9330837  259.0017
1.906652  258.9873
1.8802203  258.97298
1.8537885  258.95874
1.8273568  258.94459
1.8009251  258.93052
1.7744934  258.91654
1.7480617  258.90263
1.72163  258.88881
1.6951982  258.87507
1.6687665  258.86141
1.6423348  258.84782
1.6159031  258.83432
1.5894714  258.8209
1.5630396  258.80755
1.5366079  258.79428
1.5101762  258.78108
1.4837445  258.76796
1.4573128  258.75492
1.4308811  258.74195
1.4044493  258.72905
1.3780176  258.71623
1.3515859  258.70348
1.3251542  258.69081
1.2987225  258.6782
1.2722907  258.66567
1.245859  258.65321
1.2194273  258.64082
1.1929956  258.62849
1.1665639  258.61624
1.1401322  258.60406
1.1137004  258.59194
1.0872687  258.57989
1.060837  258.56791
1.0344053  258.55599
1.0079736  258.54415
0.98154185  258.53236
0.95511013  258.52065
0.92867841  258.50899
0.9022467  258.4974
0.87581498  258.48588
0.84938326  258.47442
0.82295154  258.46302
0.79651982  258.45168
0.77008811  258.44041
0.74365639  258.4292
0.71722467  258.41804
0.69079295  258.40695
0.66436123  258.39592
0.63792952  258.38495
0.6114978  258.37404
0.58506608  258.36319
0.55863436  258.35239
0.53220264  258.34166
0.50577093  258.33098
0.47933921  258.32036
0.45290749  258.30979
0.42647577  258.29929
0.40004405  258.28883
0.37361233  258.27844
0.34718062  258.2681
0.3207489  258.25781
0.29431718  258.24758
0.26788546  258.2374
0.24145374  258.22728
0.21502203  258.21721
0.18859031  258.20719
0.16215859  258.19722
0.13572687  258.18731
0.10929515  258.17745
0.082863436  258.16764
0.056431718  258.15788
0.03  258.14818
0.0035682819  258.13852
-0.022863436  258.12891
-0.049295154  258.11936
-0.075726872  258.10985
-0.10215859  258.10039
-0.12859031  258.09098
-0.15502203  258.08162
-0.18145374  258.07231
-0.20788546  258.06304
-0.23431718  258.05382
-0.2607489  258.04465
-0.28718062  258.03553
-0.31361233  258.02645
-0.34004405  258.01742
-0.36647577  258.00843
-0.39290749  257.9995
-0.41933921  257.9906
-0.44577093  257.98175
-0.47220264  257.97295
-0.49863436  257.96419
-0.52506608  257.95547
-0.5514978  257.9468
-0.57792952  257.93817
-0.60436123  257.92958
-0.63079295  257.92104
-0.65722467  257.91254
-0.68365639  257.90408
-0.71008811  257.89566
-0.73651982  257.88729
-0.76295154  257.87896
-0.78938326  257.87067
-0.81581498  257.86242
-0.8422467  257.85421
-0.86867841  257.84604
-0.89511013  257.83791
-0.92154185  257.82982
-0.94797357  257.82177
-0.97440529  257.81376
-1.000837  257.80579
-1.0272687  257.79786
-1.0537004  257.78996
-1.0801322  257.78211
-1.1065639  257.77429
-1.1329956  257.76651
-1.1594273  257.75877
-1.185859  257.75107
-1.2122907  257.7434
-1.2387225  257.73577
-1.2651542  257.72818
-1.2915859  257.72063
-1.3180176  257.71311
-1.3444493  257.70562
-1.3708811  257.69817
-1.3973128  257.69076
-1.4237445  257.68339
-1.4501762  257.67604
-1.4766079  257.66874
-1.5030396  257.66146
-1.5294714  257.65423
-1.5559031  257.64702
-1.5823348  257.63985
-1.6087665  257.63272
-1.6351982  257.62562
-1.66163  257.61855
-1.6880617  257.61152
-1.7144934  257.60451
-1.7409251  257.59754
-1.7673568  257.59061
-1.7937885  257.5837
-1.8202203  257.57683
-1.846652  257.56999
-1.8730837  257.56319
-1.8995154  257.55641
-1.9259471  257.54966
-1.9523789  257.54295
-1.9788106  257.53627
-2.0052423  257.52962
-2.031674  257.523
-2.0581057  257.51641
-2.0845374  257.50985
-2.1109692  257.50332
-2.1374009  257.49682
-2.1638326  257.49035
-2.1902643  257.48391
-2.216696  257.4775
-2.2431278  257.47112
-2.2695595  257.46477
-2.2959912  257.45844
-2.3224229  257.45215
-2.3488546  257.44588
-2.3752863  257.43965
-2.4017181  257.43344
-2.4281498  257.42726
-2.4545815  257.4211
-2.4810132  257.41498
-2.5074449  257.40888
-2.5338767  257.40281
-2.5603084  257.39677
-2.5867401  257.39075
-2.6131718  257.38476
-2.6396035  257.3788
-2.6660352  257.37286
-2.692467  257.36696
-2.7188987  257.36107
-2.7453304  257.35522
-2.7717621  257.34939
-2.7981938  257.34358
-2.8246256  257.3378
-2.8510573  257.33205
-2.877489  257.32632
-2.9039207  257.32062
-2.9303524  257.31495
-2.9567841  257.30929
-2.9832159  257.30367
-3.0096476  257.29807
-3.0360793  257.29249
-3.062511  257.28694
-3.0889427  257.28141
-3.1153744  257.2759
-3.1418062  257.27042
-3.1682379  257.26497
-3.1946696  257.25953
-3.2211013  257.25412
-3.247533  257.24874
-3.2739648  257.24338
-3.3003965  257.23804
-3.3268282  257.23272
-3.3532599  257.22743
-3.3796916  257.22216
-3.4061233  257.21691
-3.4325551  257.21169
-3.4589868  257.20649
-3.4854185  257.20131
-3.5118502  257.19615
-3.5382819  257.19102
-3.5647137  257.1859
-3.5911454  257.18081
-3.6175771  257.17574
-3.6440088  257.1707
-3.6704405  257.16567
-3.6968722  257.16067
-3.723304  257.15568
-3.7497357  257.15072
-3.7761674  257.14578
-3.8025991  257.14086
-3.8290308  257.13596
-3.8554626  257.13109
-3.8818943  257.12623
-3.908326  257.12139
-3.9347577  257.11657
-3.9611894  257.11178
-3.9876211  257.107
-4.0140529  257.10225
-4.0404846  257.09751
-4.0669163  257.0928
-4.093348  257.0881
-4.1197797  257.08342
-4.1462115  257.07877
-4.1726432  257.07413
-4.1990749  257.06951
-4.2255066  257.06491
-4.2519383  257.06033
-4.27837  257.05577
-4.3048018  257.05123
-4.3312335  257.04671
-4.3576652  257.04221
-4.3840969  257.03772
-4.4105286  257.03325
-4.4369604  257.02881
-4.4633921  257.02438
-4.4898238  257.01997
-4.5162555  257.01557
-4.5426872  257.0112
-4.5691189  257.00684
-4.5955507  257.0025
-4.6219824  256.99818
-4.6484141  256.99388
-4.6748458  256.98959
-4.7012775  256.98532
-4.7277093  256.98107
-4.754141  256.97684
-4.7805727  256.97262
-4.8070044  256.96843
-4.8334361  256.96424
-4.8598678  256.96008
-4.8862996  256.95593
-4.9127313  256.9518
-4.939163  256.94769
-4.9655947  256.94359
-4.9920264  256.93951
-5.0184581  256.93545
-5.0448899  256.9314
-5.0713216  256.92737
-5.0977533  256.92335
-5.124185  256.91936
-5.1506167  256.91537
-5.1770485  256.91141
-5.2034802  256.90746
-5.2299119  256.90352
-5.2563436  256.8996
-5.2827753  256.8957
-5.309207  256.89181
-5.3356388  256.88794
-5.3620705  256.88409
-5.3885022  256.88024
-5.4149339  256.87642
-5.4413656  256.87261
-5.4677974  256.86881
-5.4942291  256.86504
-5.5206608  256.86127
-5.5470925  256.85752
-5.5735242  256.85379
-5.5999559  256.85007
-5.6263877  256.84636
-5.6528194  256.84267
-5.6792511  256.839
-5.7056828  256.83533
-5.7321145  256.83169
-5.7585463  256.82806
-5.784978  256.82444
-5.8114097  256.82083
-5.8378414  256.81725
-5.8642731  256.81367
-5.8907048  256.81011
-5.9171366  256.80656
-5.9435683  256.80303
-5.97  256.79951
-5.9964317  256.79601
-6.0228634  256.79251
-6.0492952  256.78904
-6.0757269  256.78557
-6.1021586  256.78212
-6.1285903  256.77868
-6.155022  256.77526
-6.1814537  256.77185
-6.2078855  256.76845
-6.2343172  256.76507
-6.2607489  256.7617
-6.2871806  256.75834
-6.3136123  256.755
-6.3400441  256.75167
-6.3664758  256.74835
-6.3929075  256.74504
-6.4193392  256.74175
-6.4457709  256.73847
-6.4722026  256.7352
-6.4986344  256.73195
-6.5250661  256.72871
-6.5514978  256.72548
-6.5779295  256.72226
-6.6043612  256.71906
-6.630793  256.71587
-6.6572247  256.71269
-6.6836564  256.70952
-6.7100881  256.70637
-6.7365198  256.70322
-6.7629515  256.70009
-6.7893833  256.69697
-6.815815  256.69387
-6.8422467  256.69077
-6.8686784  256.68769
-6.8951101  256.68462
-6.9215419  256.68156
-6.9479736  256.67851
-6.9744053  256.67548
-7.000837  256.67245
-7.0272687  256.66944
-7.0537004  256.66644
-7.0801322  256.66345
-7.1065639  256.66047
-7.1329956  256.65751
-7.1594273  256.65455
-7.185859  256.65161
-7.2122907  256.64867
-7.2387225  256.64575
-7.2651542  256.64284
-7.2915859  256.63994
-7.3180176  256.63705
-7.3444493  256.63418
-7.3708811  256.63131
-7.3973128  256.62845
-7.4237445  256.62561
-7.4501762  256.62277
-7.4766079  256.61995
-7.5030396  256.61714
-7.5294714  256.61434
-7.5559031  256.61155
-7.5823348  256.60877
-7.6087665  256.606
-7.6351982  256.60324
-7.66163  256.60049
-7.6880617  256.59775
-7.7144934  256.59502
-7.7409251  256.5923
-7.7673568  256.58959
-7.7937885  256.5869
-7.8202203  256.58421
-7.846652  256.58153
-7.8730837  256.57886
-7.8995154  256.57621
-7.9259471  256.57356
-7.9523789  256.57092
-7.9788106  256.56829
-8.0052423  256.56568
-8.031674  256.56307
-8.0581057  256.56047
-8.0845374  256.55788
-8.1109692  256.55531
-8.1374009  256.55274
-8.1638326  256.55018
-8.1902643  256.54763
-8.216696  256.54509
-8.2431278  256.54256
-8.2695595  256.54004
-8.2959912  256.53753
-8.3224229  256.53502
-8.3488546  256.53253
-8.3752863  256.53005
-8.4017181  256.52757
-8.4281498  256.52511
-8.4545815  256.52265
-8.4810132  256.52021
-8.5074449  256.51777
-8.5338767  256.51534
-8.5603084  256.51292
-8.5867401  256.51051
-8.6131718  256.50811
-8.6396035  256.50572
-8.6660352  256.50334
-8.692467  256.50096
-8.7188987  256.4986
-8.7453304  256.49624
-8.7717621  256.49389
-8.7981938  256.49155
-8.8246256  256.48922
-8.8510573  256.4869
-8.877489  256.48459
-8.9039207  256.48228
-8.9303524  256.47999
-8.9567841  256.4777
-8.9832159  256.47542
-9.0096476  256.47315
-9.0360793  256.47089
-9.062511  256.46863
-9.0889427  256.46639
-9.1153744  256.46415
-9.1418062  256.46192
-9.1682379  256.4597
-9.1946696  256.45749
-9.2211013  256.45529
-9.247533  256.45309
-9.2739648  256.4509
-9.3003965  256.44872
-9.3268282  256.44655
-9.3532599  256.44439
-9.3796916  256.44223
-9.4061233  256.44009
-9.4325551  256.43795
-9.4589868  256.43582
-9.4854185  256.43369
-9.5118502  256.43158
-9.5382819  256.42947
-9.5647137  256.42737
-9.5911454  256.42528
-9.6175771  256.42319
-9.6440088  256.42112
-9.6704405  256.41905
-9.6968722  256.41699
-9.723304  256.41493
-9.7497357  256.41289
-9.7761674  256.41085
-9.8025991  256.40882
-9.8290308  256.40679
-9.8554626  256.40478
-9.8818943  256.40277
-9.908326  256.40077
-9.9347577  256.39877
-9.9611894  256.39679
-9.9876211  256.39481
-10.014053  256.39283
-10.040485  256.39087
-10.066916  256.38891
-10.093348  256.38696
-10.11978  256.38502
-10.146211  256.38308
-10.172643  256.38116
-10.199075  256.37923
-10.225507  256.37732
-10.251938  256.37541
-10.27837  256.37351
-10.304802  256.37162
-10.331233  256.36973
-10.357665  256.36786
-10.384097  256.36598
-10.410529  256.36412
-10.43696  256.36226
-10.463392  256.36041
-10.489824  256.35856
-10.516256  256.35673
-10.542687  256.3549
-10.569119  256.35307
-10.595551  256.35125
-10.621982  256.34944
-10.648414  256.34764
-10.674846  256.34584
-10.701278  256.34405
-10.727709  256.34227
-10.754141  256.34049
-10.780573  256.33872
-10.807004  256.33696
-10.833436  256.3352
-10.859868  256.33345
-10.8863  256.3317
-10.912731  256.32996
-10.939163  256.32823
-10.965595  256.32651
-10.992026  256.32479
-11.018458  256.32307
-11.04489  256.32137
-11.071322  256.31967
-11.097753  256.31798
-11.124185  256.31629
-11.150617  256.31461
-11.177048  256.31293
-11.20348  256.31126
-11.229912  256.3096
-11.256344  256.30794
-11.282775  256.30629
-11.309207  256.30465
-11.335639  256.30301
-11.36207  256.30138
-11.388502  256.29976
-11.414934  256.29814
-11.441366  256.29652
-11.467797  256.29492
-11.494229  256.29331
-11.520661  256.29172
-11.547093  256.29013
-11.573524  256.28855
-11.599956  256.28697
-11.626388  256.2854
-11.652819  256.28383
-11.679251  256.28227
-11.705683  256.28072
-11.732115  256.27917
-11.758546  256.27762
-11.784978  256.27609
-11.81141  256.27456
-11.837841  256.27303
-11.864273  256.27151
-11.890705  256.27
-11.917137  256.26849
-11.943568  256.26699
-11.97  256.26549
-11.996432  256.264
-12.022863  256.26251
-12.049295  256.26103
-12.075727  256.25956
-12.102159  256.25809
-12.12859  256.25662
-12.155022  256.25516
-12.181454  256.25371
-12.207885  256.25226
-12.234317  256.25082
-12.260749  256.24939
-12.287181  256.24796
-12.313612  256.24653
-12.340044  256.24511
-12.366476  256.24369
-12.392907  256.24229
-12.419339  256.24088
-12.445771  256.23948
-12.472203  256.23809
-12.498634  256.2367
-12.525066  256.23532
-12.551498  256.23394
-12.57793  256.23257
-12.604361  256.2312
-12.630793  256.22984
-12.657225  256.22848
-12.683656  256.22713
-12.710088  256.22578
-12.73652  256.22444
-12.762952  256.2231
-12.789383  256.22177
-12.815815  256.22045
-12.842247  256.21913
-12.868678  256.21781
-12.89511  256.2165
-12.921542  256.21519
-12.947974  256.21389
-12.974405  256.21259
-13.000837  256.2113
-13.027269  256.21002
-13.0537  256.20873
-13.080132  256.20746
-13.106564  256.20619
-13.132996  256.20492
-13.159427  256.20366
-13.185859  256.2024
-13.212291  256.20115
-13.238722  256.1999
-13.265154  256.19866
-13.291586  256.19742
-13.318018  256.19619
-13.344449  256.19496
-13.370881  256.19374
-13.397313  256.19252
-13.423744  256.1913
-13.450176  256.19009
-13.476608  256.18889
-13.50304  256.18769
-13.529471  256.18649
-13.555903  256.1853
-13.582335  256.18412
-13.608767  256.18294
-13.635198  256.18176
-13.66163  256.18059
-13.688062  256.17942
-13.714493  256.17826
-13.740925  256.1771
-13.767357  256.17594
-13.793789  256.17479
-13.82022  256.17365
-13.846652  256.17251
-13.873084  256.17137
-13.899515  256.17024
-13.925947  256.16911
-13.952379  256.16799
-13.978811  256.16687
-14.005242  256.16576
-14.031674  256.16465
-14.058106  256.16355
-14.084537  256.16244
-14.110969  256.16135
-14.137401  256.16026
-14.163833  256.15917
-14.190264  256.15808
-14.216696  256.15701
-14.243128  256.15593
-14.269559  256.15486
-14.295991  256.15379
-14.322423  256.15273
-14.348855  256.15167
-14.375286  256.15062
-14.401718  256.14957
-14.42815  256.14853
-14.454581  256.14749
-14.481013  256.14645
-14.507445  256.14542
-14.533877  256.14439
-14.560308  256.14336
-14.58674  256.14234
-14.613172  256.14133
-14.639604  256.14032
-14.666035  256.13931
-14.692467  256.1383
-14.718899  256.1373
-14.74533  256.13631
-14.771762  256.13532
-14.798194  256.13433
-14.824626  256.13334
-14.851057  256.13237
-14.877489  256.13139
-14.903921  256.13042
-14.930352  256.12945
-14.956784  256.12849
-14.983216  256.12753
-15.009648  256.12657
-15.036079  256.12562
-15.062511  256.12467
-15.088943  256.12373
-15.115374  256.12279
-15.141806  256.12185
-15.168238  256.12092
-15.19467  256.11999
-15.221101  256.11907
-15.247533  256.11814
-15.273965  256.11723
-15.300396  256.11631
-15.326828  256.1154
-15.35326  256.1145
-15.379692  256.1136
-15.406123  256.1127
-15.432555  256.1118
-15.458987  256.11091
-15.485419  256.11003
-15.51185  256.10914
-15.538282  256.10827
-15.564714  256.10739
-15.591145  256.10652
-15.617577  256.10565
-15.644009  256.10478
-15.670441  256.10392
-15.696872  256.10307
-15.723304  256.10221
-15.749736  256.10136
-15.776167  256.10052
-15.802599  256.09967
-15.829031  256.09883
-15.855463  256.098
-15.881894  256.09717
-15.908326  256.09634
-15.934758  256.09551
-15.961189  256.09469
-15.987621  256.09387
-16.014053  256.09306
-16.040485  256.09225
-16.066916  256.09144
-16.093348  256.09064
-16.11978  256.08984
-16.146211  256.08904
-16.172643  256.08825
-16.199075  256.08746
-16.225507  256.08667
-16.251938  256.08589
-16.27837  256.08511
-16.304802  256.08434
-16.331233  256.08356
-16.357665  256.08279
-16.384097  256.08203
-16.410529  256.08127
-16.43696  256.08051
-16.463392  256.07975
-16.489824  256.079
-16.516256  256.07825
-16.542687  256.0775
-16.569119  256.07676
-16.595551  256.07602
-16.621982  256.07529
-16.648414  256.07456
-16.674846  256.07383
-16.701278  256.0731
-16.727709  256.07238
-16.754141  256.07166
-16.780573  256.07094
-16.807004  256.07023
-16.833436  256.06952
-16.859868  256.06882
-16.8863  256.06811
-16.912731  256.06741
-16.939163  256.06672
-16.965595  256.06602
-16.992026  256.06533
-17.018458  256.06465
-17.04489  256.06396
-17.071322  256.06328
-17.097753  256.06261
-17.124185  256.06193
-17.150617  256.06126
-17.177048  256.06059
-17.20348  256.05993
-17.229912  256.05927
-17.256344  256.05861
-17.282775  256.05795
-17.309207  256.0573
-17.335639  256.05665
-17.36207  256.05601
-17.388502  256.05536
-17.414934  256.05472
-17.441366  256.05409
-17.467797  256.05345
-17.494229  256.05282
-17.520661  256.05219
-17.547093  256.05157
-17.573524  256.05095
-17.599956  256.05033
-17.626388  256.04971
-17.652819  256.0491
-17.679251  256.04849
-17.705683  256.04789
-17.732115  256.04728
-17.758546  256.04668
-17.784978  256.04608
-17.81141  256.04549
-17.837841  256.0449
-17.864273  256.04431
-17.890705  256.04372
-17.917137  256.04314
-17.943568  256.04256
-17.97  256.04198

# Result Name:                  Peak 2
# Number of Curves:             1
#
# Curve:                        0
# Values/Curve:                 1590
#
24.03  275.00788
24.003568  274.96685
23.977137  274.92584
23.950705  274.88485
23.924273  274.84388
23.897841  274.80293
23.87141  274.762
23.844978  274.72109
23.818546  274.68021
23.792115  274.63934
23.765683  274.59849
23.739251  274.55767
23.712819  274.51686
23.686388  274.47608
23.659956  274.43532
23.633524  274.39458
23.607093  274.35385
23.580661  274.31315
23.554229  274.27247
23.527797  274.23181
23.501366  274.19117
23.474934  274.15056
23.448502  274.10996
23.42207  274.06938
23.395639  274.02882
23.369207  273.98829
23.342775  273.94777
23.316344  273.90728
23.289912  273.8668
23.26348  273.82635
23.237048  273.78592
23.210617  273.7455
23.184185  273.70511
23.157753  273.66474
23.131322  273.62439
23.10489  273.58406
23.078458  273.54375
23.052026  273.50346
23.025595  273.4632
22.999163  273.42295
22.972731  273.38272
22.9463  273.34252
22.919868  273.30233
22.893436  273.26217
22.867004  273.22202
22.840573  273.1819
22.814141  273.1418
22.787709  273.10172
22.761278  273.06165
22.734846  273.02161
22.708414  272.9816
22.681982  272.9416
22.655551  272.90162
22.629119  272.86166
22.602687  272.82173
22.576256  272.78181
22.549824  272.74192
22.523392  272.70205
22.49696  272.6622
22.470529  272.62236
22.444097  272.58256
22.417665  272.54277
22.391233  272.503
22.364802  272.46325
22.33837  272.42353
22.311938  272.38382
22.285507  272.34414
22.259075  272.30448
22.232643  272.26484
22.206211  272.22522
22.17978  272.18563
22.153348  272.14605
22.126916  272.1065
22.100485  272.06696
22.074053  272.02745
22.047621  271.98796
22.021189  271.9485
21.994758  271.90905
21.968326  271.86963
21.941894  271.83022
21.915463  271.79084
21.889031  271.75149
21.862599  271.71215
21.836167  271.67284
21.809736  271.63354
21.783304  271.59427
21.756872  271.55503
21.730441  271.5158
21.704009  271.4766
21.677577  271.43742
21.651145  271.39826
21.624714  271.35913
21.598282  271.32001
21.57185  271.28092
21.545419  271.24186
21.518987  271.20281
21.492555  271.16379
21.466123  271.12479
21.439692  271.08582
21.41326  271.04687
21.386828  271.00794
21.360396  270.96904
21.333965  270.93015
21.307533  270.8913
21.281101  270.85246
21.25467  270.81365
21.228238  270.77487
21.201806  270.7361
21.175374  270.69737
21.148943  270.65865
21.122511  270.61996
21.096079  270.5813
21.069648  270.54266
21.043216  270.50404
21.016784  270.46545
20.990352  270.42688
20.963921  270.38834
20.937489  270.34983
20.911057  270.31134
20.884626  270.27287
20.858194  270.23443
20.831762  270.19602
20.80533  270.15763
20.778899  270.11927
20.752467  270.08093
20.726035  270.04262
20.699604  270.00434
20.673172  269.96608
20.64674  269.92785
20.620308  269.88965
20.593877  269.85148
20.567445  269.81333
20.541013  269.77521
20.514581  269.73711
20.48815  269.69905
20.461718  269.66101
20.435286  269.623
20.408855  269.58502
20.382423  269.54707
20.355991  269.50915
20.329559  269.47125
20.303128  269.43339
20.276696  269.39555
20.250264  269.35775
20.223833  269.31997
20.197401  269.28223
20.170969  269.24451
20.144537  269.20683
20.118106  269.16917
20.091674  269.13155
20.065242  269.09396
20.038811  269.0564
20.012379  269.01888
19.985947  268.98138
19.959515  268.94392
19.933084  268.90649
19.906652  268.8691
19.88022  268.83173
19.853789  268.79441
19.827357  268.75711
19.800925  268.71985
19.774493  268.68263
19.748062  268.64544
19.72163  268.60829
19.695198  268.57117
19.668767  268.53409
19.642335  268.49705
19.615903  268.46004
19.589471  268.42307
19.56304  268.38614
19.536608  268.34925
19.510176  268.31239
19.483744  268.27558
19.457313  268.23881
19.430881  268.20207
19.404449  268.16538
19.378018  268.12873
19.351586  268.09212
19.325154  268.05555
19.298722  268.01903
19.272291  267.98255
19.245859  267.94612
19.219427  267.90973
19.192996  267.87338
19.166564  267.83708
19.140132  267.80083
19.1137  267.76463
19.087269  267.72847
19.060837  267.69237
19.034405  267.65631
19.007974  267.62031
18.981542  267.58435
18.95511  267.54845
18.928678  267.5126
18.902247  267.47681
18.875815  267.44107
18.849383  267.40539
18.822952  267.36976
18.79652  267.3342
18.770088  267.29869
18.743656  267.26324
18.717225  267.22785
18.690793  267.19253
18.664361  267.15727
18.63793  267.12208
18.611498  267.08695
18.585066  267.05189
18.558634  267.0169
18.532203  266.98198
18.505771  266.94713
18.479339  266.91236
18.452907  266.87766
18.426476  266.84304
18.400044  266.80849
18.373612  266.77403
18.347181  266.73966
18.320749  266.70536
18.294317  266.67116
18.267885  266.63704
18.241454  266.60301
18.215022  266.56908
18.18859  266.53524
18.162159  266.50151
18.135727  266.46787
18.109295  266.43434
18.082863  266.40092
18.056432  266.36761
18.03  266.33441
18.003568  266.30132
17.977137  266.26836
17.950705  266.23553
17.924273  266.20282
17.897841  266.17024
17.87141  266.1378
17.844978  266.1055
17.818546  266.07335
17.792115  266.04135
17.765683  266.0095
17.739251  265.97781
17.712819  265.9463
17.686388  265.91495
17.659956  265.88379
17.633524  265.85281
17.607093  265.82203
17.580661  265.79144
17.554229  265.76107
17.527797  265.73092
17.501366  265.70099
17.474934  265.67129
17.448502  265.64185
17.42207  265.61266
17.395639  265.58374
17.369207  265.5551
17.342775  265.52675
17.316344  265.49871
17.289912  265.47099
17.26348  265.44361
17.237048  265.41658
17.210617  265.38992
17.184185  265.36365
17.157753  265.33779
17.131322  265.31236
17.10489  265.28739
17.078458  265.26289
17.052026  265.23891
17.025595  265.21545
16.999163  265.19256
16.972731  265.17027
16.9463  265.14861
16.919868  265.12763
16.893436  265.10736
16.867004  265.08785
16.840573  265.06914
16.814141  265.0513
16.787709  265.03438
16.761278  265.01843
16.734846  265.00354
16.708414  264.98977
16.681982  264.97721
16.655551  264.96594
16.629119  264.95606
16.602687  264.94768
16.576256  264.94092
16.549824  264.9359
16.523392  264.93277
16.49696  264.93168
16.470529  264.93281
16.444097  264.93636
16.417665  264.94253
16.391233  264.95156
16.364802  264.96373
16.33837  264.97932
16.311938  264.99867
16.285507  265.02216
16.259075  265.0502
16.232643  265.08327
16.206211  265.12189
16.17978  265.16668
16.153348  265.21832
16.126916  265.27759
16.100485  265.34538
16.074053  265.4227
16.047621  265.51071
16.021189  265.61074
15.994758  265.72433
15.968326  265.85322
15.941894  265.99945
15.915463  266.16534
15.889031  266.35358
15.862599  266.56727
15.836167  266.80994
15.809736  267.08565
15.783304  267.399
15.756872  267.75517
15.730441  268.15987
15.704009  268.61924
15.677577  269.1397
15.651145  269.72744
15.624714  270.38778
15.598282  271.12403
15.57185  271.93584
15.545419  272.81688
15.518987  273.75194
15.492555  274.71389
15.466123  275.66118
15.439692  276.53758
15.41326  277.27589
15.386828  277.80675
15.360396  278.07186
15.333965  278.03776
15.307533  277.70478
15.281101  277.10697
15.25467  276.30296
15.228238  275.36218
15.201806  274.3517
15.175374  273.32749
15.148943  272.3308
15.122511  271.38854
15.096079  270.51571
15.069648  269.7185
15.043216  268.99717
15.016784  268.34837
14.990352  267.76676
14.963921  267.24611
14.937489  266.78005
14.911057  266.36241
14.884626  265.9875
14.858194  265.65015
14.831762  265.34579
14.80533  265.07036
14.778899  264.82033
14.752467  264.59261
14.726035  264.38454
14.699604  264.19378
14.673172  264.01831
14.64674  263.85639
14.620308  263.7065
14.593877  263.56729
14.567445  263.43763
14.541013  263.3165
14.514581  263.20301
14.48815  263.09638
14.461718  262.99594
14.435286  262.90108
14.408855  262.81126
14.382423  262.72603
14.355991  262.64496
14.329559  262.56768
14.303128  262.49385
14.276696  262.42319
14.250264  262.35543
14.223833  262.29032
14.197401  262.22767
14.170969  262.16727
14.144537  262.10896
14.118106  262.05257
14.091674  261.99797
14.065242  261.94502
14.038811  261.89362
14.012379  261.84365
13.985947  261.79503
13.959515  261.74765
13.933084  261.70145
13.906652  261.65634
13.88022  261.61226
13.853789  261.56915
13.827357  261.52696
13.800925  261.48562
13.774493  261.4451
13.748062  261.40534
13.72163  261.36631
13.695198  261.32797
13.668767  261.29028
13.642335  261.25322
13.615903  261.21674
13.589471  261.18083
13.56304  261.14546
13.536608  261.1106
13.510176  261.07624
13.483744  261.04234
13.457313  261.0089
13.430881  260.97589
13.404449  260.94329
13.378018  260.9111
13.351586  260.87929
13.325154  260.84785
13.298722  260.81678
13.272291  260.78604
13.245859  260.75565
13.219427  260.72558
13.192996  260.69582
13.166564  260.66637
13.140132  260.63721
13.1137  260.60835
13.087269  260.57976
13.060837  260.55144
13.034405  260.52339
13.007974  260.4956
12.981542  260.46806
12.95511  260.44076
12.928678  260.41371
12.902247  260.38689
12.875815  260.3603
12.849383  260.33394
12.822952  260.3078
12.79652  260.28187
12.770088  260.25615
12.743656  260.23065
12.717225  260.20535
12.690793  260.18024
12.664361  260.15534
12.63793  260.13063
12.611498  260.10611
12.585066  260.08178
12.558634  260.05764
12.532203  260.03367
12.505771  260.00989
12.479339  259.98628
12.452907  259.96285
12.426476  259.9396
12.400044  259.91651
12.373612  259.89359
12.347181  259.87084
12.320749  259.84825
12.294317  259.82582
12.267885  259.80355
12.241454  259.78145
12.215022  259.7595
12.18859  259.7377
12.162159  259.71606
12.135727  259.69457
12.109295  259.67323
12.082863  259.65204
12.056432  259.631
12.03  259.6101
12.003568  259.58935
11.977137  259.56874
11.950705  259.54827
11.924273  259.52795
11.897841  259.50776
11.87141  259.48771
11.844978  259.4678
11.818546  259.44803
11.792115  259.42839
11.765683  259.40888
11.739251  259.3895
11.712819  259.37026
11.686388  259.35115
11.659956  259.33217
11.633524  259.31331
11.607093  259.29458
11.580661  259.27598
11.554229  259.2575
11.527797  259.23915
11.501366  259.22092
11.474934  259.20281
11.448502  259.18483
11.42207  259.16696
11.395639  259.14922
11.369207  259.13159
11.342775  259.11408
11.316344  259.09668
11.289912  259.07941
11.26348  259.06224
11.237048  259.04519
11.210617  259.02826
11.184185  259.01144
11.157753  258.99472
11.131322  258.97812
11.10489  258.96163
11.078458  258.94525
11.052026  258.92897
11.025595  258.9128
10.999163  258.89674
10.972731  258.88079
10.9463  258.86493
10.919868  258.84919
10.893436  258.83354
10.867004  258.818
10.840573  258.80256
10.814141  258.78722
10.787709  258.77198
10.761278  258.75684
10.734846  258.7418
10.708414  258.72686
10.681982  258.71201
10.655551  258.69726
10.629119  258.68261
10.602687  258.66805
10.576256  258.65358
10.549824  258.63921
10.523392  258.62493
10.49696  258.61074
10.470529  258.59664
10.444097  258.58264
10.417665  258.56872
10.391233  258.55489
10.364802  258.54115
10.33837  258.5275
10.311938  258.51393
10.285507  258.50046
10.259075  258.48706
10.232643  258.47375
10.206211  258.46053
10.17978  258.44739
10.153348  258.43433
10.126916  258.42136
10.100485  258.40846
10.074053  258.39565
10.047621  258.38292
10.021189  258.37026
9.9947577  258.35769
9.968326  258.34519
9.9418943  258.33278
9.9154626  258.32043
9.8890308  258.30817
9.8625991  258.29598
9.8361674  258.28387
9.8097357  258.27183
9.783304  258.25987
9.7568722  258.24798
9.7304405  258.23616
9.7040088  258.22441
9.6775771  258.21274
9.6511454  258.20114
9.6247137  258.1896
9.5982819  258.17814
9.5718502  258.16675
9.5454185  258.15543
9.5189868  258.14417
9.4925551  258.13299
9.4661233  258.12187
9.4396916  258.11081
9.4132599  258.09983
9.3868282  258.0889
9.3603965  258.07805
9.3339648  258.06726
9.307533  258.05653
9.2811013  258.04587
9.2546696  258.03527
9.2282379  258.02473
9.2018062  258.01425
9.1753744  258.00384
9.1489427  257.99349
9.122511  257.98319
9.0960793  257.97296
9.0696476  257.96279
9.0432159  257.95268
9.0167841  257.94262
8.9903524  257.93262
8.9639207  257.92269
8.937489  257.91281
8.9110573  257.90298
8.8846256  257.89321
8.8581938  257.8835
8.8317621  257.87385
8.8053304  257.86424
8.7788987  257.8547
8.752467  257.84521
8.7260352  257.83577
8.6996035  257.82638
8.6731718  257.81705
8.6467401  257.80777
8.6203084  257.79854
8.5938767  257.78937
8.5674449  257.78024
8.5410132  257.77117
8.5145815  257.76215
8.4881498  257.75318
8.4617181  257.74425
8.4352863  257.73538
8.4088546  257.72656
8.3824229  257.71778
8.3559912  257.70905
8.3295595  257.70037
8.3031278  257.69174
8.276696  257.68316
8.2502643  257.67462
8.2238326  257.66613
8.1974009  257.65768
8.1709692  257.64928
8.1445374  257.64093
8.1181057  257.63262
8.091674  257.62435
8.0652423  257.61613
8.0388106  257.60796
8.0123789  257.59982
7.9859471  257.59173
7.9595154  257.58369
7.9330837  257.57568
7.906652  257.56772
7.8802203  257.5598
7.8537885  257.55193
7.8273568  257.54409
7.8009251  257.5363
7.7744934  257.52854
7.7480617  257.52083
7.72163  257.51316
7.6951982  257.50552
7.6687665  257.49793
7.6423348  257.49037
7.6159031  257.48286
7.5894714  257.47538
7.5630396  257.46795
7.5366079  257.46055
7.5101762  257.45318
7.4837445  257.44586
7.4573128  257.43857
7.4308811  257.43132
7.4044493  257.42411
7.3780176  257.41693
7.3515859  257.4098
7.3251542  257.40269
7.2987225  257.39562
7.2722907  257.38859
7.245859  257.38159
7.2194273  257.37463
7.1929956  257.3677
7.1665639  257.36081
7.1401322  257.35395
7.1137004  257.34713
7.0872687  257.34034
7.060837  257.33358
7.0344053  257.32686
7.0079736  257.32017
6.9815419  257.31351
6.9551101  257.30688
6.9286784  257.30029
6.9022467  257.29373
6.875815  257.2872
6.8493833  257.28071
6.8229515  257.27424
6.7965198  257.26781
6.7700881  257.26141
6.7436564  257.25503
6.7172247  257.24869
6.690793  257.24238
6.6643612  257.2361
6.6379295  257.22985
6.6114978  257.22363
6.5850661  257.21744
6.5586344  257.21128
6.5322026  257.20515
6.5057709  257.19904
6.4793392  257.19297
6.4529075  257.18692
6.4264758  257.18091
6.4000441  257.17492
6.3736123  257.16896
6.3471806  257.16303
6.3207489  257.15712
6.2943172  257.15124
6.2678855  257.14539
6.2414537  257.13957
6.215022  257.13378
6.1885903  257.12801
6.1621586  257.12226
6.1357269  257.11655
6.1092952  257.11086
6.0828634  257.1052
6.0564317  257.09956
6.03  257.09395
6.0035683  257.08836
5.9771366  257.0828
5.9507048  257.07727
5.9242731  257.07176
5.8978414  257.06627
5.8714097  257.06081
5.844978  257.05538
5.8185463  257.04997
5.7921145  257.04458
5.7656828  257.03922
5.7392511  257.03388
5.7128194  257.02857
5.6863877  257.02327
5.6599559  257.01801
5.6335242  257.01276
5.6070925  257.00754
5.5806608  257.00235
5.5542291  256.99717
5.5277974  256.99202
5.5013656  256.9869
5.4749339  256.98179
5.4485022  256.97671
5.4220705  256.97165
5.3956388  256.96661
5.369207  256.96159
5.3427753  256.9566
5.3163436  256.95162
5.2899119  256.94667
5.2634802  256.94174
5.2370485  256.93684
5.2106167  256.93195
5.184185  256.92708
5.1577533  256.92224
5.1313216  256.91742
5.1048899  256.91261
5.0784581  256.90783
5.0520264  256.90307
5.0255947  256.89833
4.999163  256.89361
4.9727313  256.88891
4.9462996  256.88423
4.9198678  256.87956
4.8934361  256.87492
4.8670044  256.8703
4.8405727  256.8657
4.814141  256.86112
4.7877093  256.85656
4.7612775  256.85201
4.7348458  256.84749
4.7084141  256.84298
4.6819824  256.8385
4.6555507  256.83403
4.6291189  256.82958
4.6026872  256.82515
4.5762555  256.82074
4.5498238  256.81634
4.5233921  256.81197
4.4969604  256.80761
4.4705286  256.80327
4.4440969  256.79895
4.4176652  256.79465
4.3912335  256.79036
4.3648018  256.7861
4.33837  256.78185
4.3119383  256.77761
4.2855066  256.7734
4.2590749  256.7692
4.2326432  256.76502
4.2062115  256.76086
4.1797797  256.75671
4.153348  256.75258
4.1269163  256.74847
4.1004846  256.74437
4.0740529  256.74029
4.0476211  256.73623
4.0211894  256.73218
3.9947577  256.72815
3.968326  256.72414
3.9418943  256.72014
3.9154626  256.71616
3.8890308  256.71219
3.8625991  256.70824
3.8361674  256.70431
3.8097357  256.70039
3.783304  256.69649
3.7568722  256.6926
3.7304405  256.68873
3.7040088  256.68488
3.6775771  256.68103
3.6511454  256.67721
3.6247137  256.6734
3.5982819  256.6696
3.5718502  256.66582
3.5454185  256.66206
3.5189868  256.65831
3.4925551  256.65457
3.4661233  256.65085
3.4396916  256.64715
3.4132599  256.64346
3.3868282  256.63978
3.3603965  256.63612
3.3339648  256.63247
3.307533  256.62883
3.2811013  256.62522
3.2546696  256.62161
3.2282379  256.61802
3.2018062  256.61444
3.1753744  256.61088
3.1489427  256.60733
3.122511  256.60379
3.0960793  256.60027
3.0696476  256.59676
3.0432159  256.59326
3.0167841  256.58978
2.9903524  256.58632
2.9639207  256.58286
2.937489  256.57942
2.9110573  256.57599
2.8846256  256.57257
2.8581938  256.56917
2.8317621  256.56578
2.8053304  256.56241
2.7788987  256.55904
2.752467  256.55569
2.7260352  256.55236
2.6996035  256.54903
2.6731718  256.54572
2.6467401  256.54242
2.6203084  256.53913
2.5938767  256.53586
2.5674449  256.5326
2.5410132  256.52935
2.5145815  256.52611
2.4881498  256.52288
2.4617181  256.51967
2.4352863  256.51647
2.4088546  256.51328
2.3824229  256.5101
2.3559912  256.50694
2.3295595  256.50378
2.3031278  256.50064
2.276696  256.49751
2.2502643  256.49439
2.2238326  256.49129
2.1974009  256.48819
2.1709692  256.48511
2.1445374  256.48204
2.1181057  256.47898
2.091674  256.47593
2.0652423  256.47289
2.0388106  256.46986
2.0123789  256.46685
1.9859471  256.46385
1.9595154  256.46085
1.9330837  256.45787
1.906652  256.4549
1.8802203  256.45194
1.8537885  256.44899
1.8273568  256.44605
1.8009251  256.44313
1.7744934  256.44021
1.7480617  256.4373
1.72163  256.43441
1.6951982  256.43152
1.6687665  256.42865
1.6423348  256.42579
1.6159031  256.42293
1.5894714  256.42009
1.5630396  256.41726
1.5366079  256.41444
1.5101762  256.41163
1.4837445  256.40883
1.4573128  256.40604
1.4308811  256.40325
1.4044493  256.40048
1.3780176  256.39772
1.3515859  256.39497
1.3251542  256.39223
1.2987225  256.3895
1.2722907  256.38678
1.245859  256.38407
1.2194273  256.38137
1.1929956  256.37868
1.1665639  256.376
1.1401322  256.37332
1.1137004  256.37066
1.0872687  256.36801
1.060837  256.36536
1.0344053  256.36273
1.0079736  256.36011
0.98154185  256.35749
0.95511013  256.35489
0.92867841  256.35229
0.9022467  256.3497
0.87581498  256.34713
0.84938326  256.34456
0.82295154  256.342
0.79651982  256.33945
0.77008811  256.33691
0.74365639  256.33438
0.71722467  256.33185
0.69079295  256.32934
0.66436123  256.32683
0.63792952  256.32434
0.6114978  256.32185
0.58506608  256.31937
0.55863436  256.3169
0.53220264  256.31444
0.50577093  256.31199
0.47933921  256.30955
0.45290749  256.30711
0.42647577  256.30469
0.40004405  256.30227
0.37361233  256.29986
0.34718062  256.29746
0.3207489  256.29507
0.29431718  256.29268
0.26788546  256.29031
0.24145374  256.28794
0.21502203  256.28558
0.18859031  256.28323
0.16215859  256.28089
0.13572687  256.27856
0.10929515  256.27623
0.082863436  256.27391
0.056431718  256.27161
0.03  256.2693
0.0035682819  256.26701
-0.022863436  256.26473
-0.049295154  256.26245
-0.075726872  256.26018
-0.10215859  256.25792
-0.12859031  256.25567
-0.15502203  256.25342
-0.18145374  256.25118
-0.20788546  256.24896
-0.23431718  256.24673
-0.2607489  256.24452
-0.28718062  256.24231
-0.31361233  256.24011
-0.34004405  256.23792
-0.36647577  256.23574
-0.39290749  256.23356
-0.41933921  256.2314
-0.44577093  256.22924
-0.47220264  256.22708
-0.49863436  256.22494
-0.52506608  256.2228
-0.5514978  256.22067
-0.57792952  256.21854
-0.60436123  256.21643
-0.63079295  256.21432
-0.65722467  256.21222
-0.68365639  256.21012
-0.71008811  256.20804
-0.73651982  256.20596
-0.76295154  256.20389
-0.78938326  256.20182
-0.81581498  256.19976
-0.8422467  256.19771
-0.86867841  256.19567
-0.89511013  256.19363
-0.92154185  256.1916
-0.94797357  256.18958
-0.97440529  256.18756
-1.000837  256.18555
-1.0272687  256.18355
-1.0537004  256.18156
-1.0801322  256.17957
-1.1065639  256.17759
-1.1329956  256.17561
-1.1594273  256.17364
-1.185859  256.17168
-1.2122907  256.16973
-1.2387225  256.16778
-1.2651542  256.16584
-1.2915859  256.16391
-1.3180176  256.16198
-1.3444493  256.16006
-1.3708811  256.15814
-1.3973128  256.15624
-1.4237445  256.15434
-1.4501762  256.15244
-1.4766079  256.15055
-1.5030396  256.14867
-1.5294714  256.1468
-1.5559031  256.14493
-1.5823348  256.14306
-1.6087665  256.14121
-1.6351982  256.13936
-1.66163  256.13752
-1.6880617  256.13568
-1.7144934  256.13385
-1.7409251  256.13202
-1.7673568  256.13021
-1.7937885  256.12839
-1.8202203  256.12659
-1.846652  256.12479
-1.8730837  256.12299
-1.8995154  256.12121
-1.9259471  256.11943
-1.9523789  256.11765
-1.9788106  256.11588
-2.0052423  256.11412
-2.031674  256.11236
-2.0581057  256.11061
-2.0845374  256.10887
-2.1109692  256.10713
-2.1374009  256.10539
-2.1638326  256.10367
-2.1902643  256.10194
-2.216696  256.10023
-2.2431278  256.09852
-2.2695595  256.09682
-2.2959912  256.09512
-2.3224229  256.09343
-2.3488546  256.09174
-2.3752863  256.09006
-2.4017181  256.08838
-2.4281498  256.08671
-2.4545815  256.08505
-2.4810132  256.08339
-2.5074449  256.08174
-2.5338767  256.08009
-2.5603084  256.07845
-2.5867401  256.07682
-2.6131718  256.07519
-2.6396035  256.07356
-2.6660352  256.07195
-2.692467  256.07033
-2.7188987  256.06872
-2.7453304  256.06712
-2.7717621  256.06553
-2.7981938  256.06393
-2.8246256  256.06235
-2.8510573  256.06077
-2.877489  256.05919
-2.9039207  256.05762
-2.9303524  256.05606
-2.9567841  256.0545
-2.9832159  256.05295
-3.0096476  256.0514
-3.0360793  256.04986
-3.062511  256.04832
-3.0889427  256.04678
-3.1153744  256.04526
-3.1418062  256.04374
-3.1682379  256.04222
-3.1946696  256.04071
-3.2211013  256.0392
-3.247533  256.0377
-3.2739648  256.0362
-3.3003965  256.03471
-3.3268282  256.03322
-3.3532599  256.03174
-3.3796916  256.03027
-3.4061233  256.0288
-3.4325551  256.02733
-3.4589868  256.02587
-3.4854185  256.02441
-3.5118502  256.02296
-3.5382819  256.02152
-3.5647137  256.02008
-3.5911454  256.01864
-3.6175771  256.01721
-3.6440088  256.01578
-3.6704405  256.01436
-3.6968722  256.01294
-3.723304  256.01153
-3.7497357  256.01013
-3.7761674  256.00872
-3.8025991  256.00733
-3.8290308  256.00593
-3.8554626  256.00455
-3.8818943  256.00316
-3.908326  256.00178
-3.9347577  256.00041
-3.9611894  255.99904
-3.9876211  255.99768
-4.0140529  255.99632
-4.0404846  255.99496
-4.0669163  255.99361
-4.093348  255.99227
-4.1197797  255.99093
-4.1462115  255.98959
-4.1726432  255.98826
-4.1990749  255.98693
-4.2255066  255.98561
-4.2519383  255.98429
-4.27837  255.98298
-4.3048018  255.98167
-4.3312335  255.98037
-4.3576652  255.97907
-4.3840969  255.97777
-4.4105286  255.97648
-4.4369604  255.97519
-4.4633921  255.97391
-4.4898238  255.97263
-4.5162555  255.97136
-4.5426872  255.97009
-4.5691189  255.96883
-4.5955507  255.96757
-4.6219824  255.96631
-4.6484141  255.96506
-4.6748458  255.96381
-4.7012775  255.96257
-4.7277093  255.96133
-4.754141  255.9601
-4.7805727  255.95887
-4.8070044  255.95764
-4.8334361  255.95642
-4.8598678  255.9552
-4.8862996  255.95399
-4.9127313  255.95278
-4.939163  255.95158
-4.9655947  255.95038
-4.9920264  255.94918
-5.0184581  255.94799
-5.0448899  255.9468
-5.0713216  255.94562
-5.0977533  255.94444
-5.124185  255.94326
-5.1506167  255.94209
-5.1770485  255.94093
-5.2034802  255.93976
-5.2299119  255.9386
-5.2563436  255.93745
-5.2827753  255.9363
-5.309207  255.93515
-5.3356388  255.93401
-5.3620705  255.93287
-5.3885022  255.93173
-5.4149339  255.9306
-5.4413656  255.92948
-5.4677974  255.92835
-5.4942291  255.92723
-5.5206608  255.92612
-5.5470925  255.92501
-5.5735242  255.9239
-5.5999559  255.9228
-5.6263877  255.9217
-5.6528194  255.9206
-5.6792511  255.91951
-5.7056828  255.91842
-5.7321145  255.91734
-5.7585463  255.91626
-5.784978  255.91518
-5.8114097  255.91411
-5.8378414  255.91304
-5.8642731  255.91198
-5.8907048  255.91092
-5.9171366  255.90986
-5.9435683  255.90881
-5.97  255.90776
-5.9964317  255.90671
-6.0228634  255.90567
-6.0492952  255.90463
-6.0757269  255.90359
-6.1021586  255.90256
-6.1285903  255.90154
-6.155022  255.90051
-6.1814537  255.89949
-6.2078855  255.89847
-6.2343172  255.89746
-6.2607489  255.89645
-6.2871806  255.89545
-6.3136123  255.89445
-6.3400441  255.89345
-6.3664758  255.89245
-6.3929075  255.89146
-6.4193392  255.89047
-6.4457709  255.88949
-6.4722026  255.88851
-6.4986344  255.88753
-6.5250661  255.88656
-6.5514978  255.88559
-6.5779295  255.88462
-6.6043612  255.88366
-6.630793  255.8827
-6.6572247  255.88174
-6.6836564  255.88079
-6.7100881  255.87984
-6.7365198  255.8789
-6.7629515  255.87796
-6.7893833  255.87702
-6.815815  255.87608
-6.8422467  255.87515
-6.8686784  255.87422
-6.8951101  255.8733
-6.9215419  255.87238
-6.9479736  255.87146
-6.9744053  255.87054
-7.000837  255.86963
-7.0272687  255.86873
-7.0537004  255.86782
-7.0801322  255.86692
-7.1065639  255.86602
-7.1329956  255.86513
-7.1594273  255.86424
-7.185859  255.86335
-7.2122907  255.86246
-7.2387225  255.86158
-7.2651542  255.8607
-7.2915859  255.85983
-7.3180176  255.85896
-7.3444493  255.85809
-7.3708811  255.85722
-7.3973128  255.85636
-7.4237445  255.8555
-7.4501762  255.85465
-7.4766079  255.8538
-7.5030396  255.85295
-7.5294714  255.8521
-7.5559031  255.85126
-7.5823348  255.85042
-7.6087665  255.84959
-7.6351982  255.84875
-7.66163  255.84792
-7.6880617  255.8471
-7.7144934  255.84627
-7.7409251  255.84545
-7.7673568  255.84463
-7.7937885  255.84382
-7.8202203  255.84301
-7.846652  255.8422
-7.8730837  255.8414
-7.8995154  255.8406
-7.9259471  255.8398
-7.9523789  255.839
-7.9788106  255.83821
-8.0052423  255.83742
-8.031674  255.83663
-8.0581057  255.83585
-8.0845374  255.83507
-8.1109692  255.83429
-8.1374009  255.83352
-8.1638326  255.83275
-8.1902643  255.83198
-8.216696  255.83121
-8.2431278  255.83045
-8.2695595  255.82969
-8.2959912  255.82894
-8.3224229  255.82818
-8.3488546  255.82743
-8.3752863  255.82668
-8.4017181  255.82594
-8.4281498  255.8252
-8.4545815  255.82446
-8.4810132  255.82372
-8.5074449  255.82299
-8.5338767  255.82226
-8.5603084  255.82153
-8.5867401  255.82081
-8.6131718  255.82009
-8.6396035  255.81937
-8.6660352  255.81866
-8.692467  255.81794
-8.7188987  255.81723
-8.7453304  255.81653
-8.7717621  255.81582
-8.7981938  255.81512
-8.8246256  255.81442
-8.8510573  255.81373
-8.877489  255.81303
-8.9039207  255.81234
-8.9303524  255.81166
-8.9567841  255.81097
-8.9832159  255.81029
-9.0096476  255.80961
-9.0360793  255.80894
-9.062511  255.80826
-9.0889427  255.80759
-9.1153744  255.80693
-9.1418062  255.80626
-9.1682379  255.8056
-9.1946696  255.80494
-9.2211013  255.80428
-9.247533  255.80363
-9.2739648  255.80298
-9.3003965  255.80233
-9.3268282  255.80168
-9.3532599  255.80104
-9.3796916  255.8004
-9.4061233  255.79976
-9.4325551  255.79913
-9.4589868  255.79849
-9.4854185  255.79787
-9.5118502  255.79724
-9.5382819  255.79661
-9.5647137  255.79599
-9.5911454  255.79537
-9.6175771  255.79476
-9.6440088  255.79414
-9.6704405  255.79353
-9.6968722  255.79292
-9.723304  255.79232
-9.7497357  255.79171
-9.7761674  255.79111
-9.8025991  255.79051
-9.8290308  255.78992
-9.8554626  255.78933
-9.8818943  255.78874
-9.908326  255.78815
-9.9347577  255.78756
-9.9611894  255.78698
-9.9876211  255.7864
-10.014053  255.78582
-10.040485  255.78525
-10.066916  255.78468
-10.093348  255.78411
-10.11978  255.78354
-10.146211  255.78297
-10.172643  255.78241
-10.199075  255.78185
-10.225507  255.78129
-10.251938  255.78074
-10.27837  255.78019
-10.304802  255.77964
-10.331233  255.77909
-10.357665  255.77854
-10.384097  255.778
-10.410529  255.77746
-10.43696  255.77692
-10.463392  255.77639
-10.489824  255.77586
-10.516256  255.77533
-10.542687  255.7748
-10.569119  255.77427
-10.595551  255.77375
-10.621982  255.77323
-10.648414  255.77271
-10.674846  255.7722
-10.701278  255.77168
-10.727709  255.77117
-10.754141  255.77066
-10.780573  255.77016
-10.807004  255.76965
-10.833436  255.76915
-10.859868  255.76865
-10.8863  255.76816
-10.912731  255.76766
-10.939163  255.76717
-10.965595  255.76668
-10.992026  255.7662
-11.018458  255.76571
-11.04489  255.76523
-11.071322  255.76475
-11.097753  255.76427
-11.124185  255.76379
-11.150617  255.76332
-11.177048  255.76285
-11.20348  255.76238
-11.229912  255.76192
-11.256344  255.76145
-11.282775  255.76099
-11.309207  255.76053
-11.335639  255.76007
-11.36207  255.75962
-11.388502  255.75917
-11.414934  255.75872
-11.441366  255.75827
-11.467797  255.75782
-11.494229  255.75738
-11.520661  255.75694
-11.547093  255.7565
-11.573524  255.75606
-11.599956  255.75563
-11.626388  255.7552
-11.652819  255.75477
-11.679251  255.75434
-11.705683  255.75391
-11.732115  255.75349
-11.758546  255.75307
-11.784978  255.75265
-11.81141  255.75224
-11.837841  255.75182
-11.864273  255.75141
-11.890705  255.751
-11.917137  255.75059
-11.943568  255.75019
-11.97  255.74978
-11.996432  255.74938
-12.022863  255.74898
-12.049295  255.74858
-12.075727  255.74819
-12.102159  255.7478
-12.12859  255.74741
-12.155022  255.74702
-12.181454  255.74663
-12.207885  255.74625
-12.234317  255.74587
-12.260749  255.74549
-12.287181  255.74511
-12.313612  255.74473
-12.340044  255.74436
-12.366476  255.74399
-12.392907  255.74362
-12.419339  255.74325
-12.445771  255.74289
-12.472203  255.74252
-12.498634  255.74216
-12.525066  255.7418
-12.551498  255.74145
-12.57793  255.74109
-12.604361  255.74074
-12.630793  255.74039
-12.657225  255.74004
-12.683656  255.73969
-12.710088  255.73935
-12.73652  255.73901
-12.762952  255.73867
-12.789383  255.73833
-12.815815  255.73799
-12.842247  255.73766
-12.868678  255.73733
-12.89511  255.737
-12.921542  255.73667
-12.947974  255.73634
-12.974405  255.73602
-13.000837  255.7357
-13.027269  255.73538
-13.0537  255.73506
-13.080132  255.73474
-13.106564  255.73443
-13.132996  255.73412
-13.159427  255.73381
-13.185859  255.7335
-13.212291  255.73319
-13.238722  255.73289
-13.265154  255.73259
-13.291586  255.73229
-13.318018  255.73199
-13.344449  255.73169
-13.370881  255.7314
-13.397313  255.73111
-13.423744  255.73082
-13.450176  255.73053
-13.476608  255.73024
-13.50304  255.72996
-13.529471  255.72967
-13.555903  255.72939
-13.582335  255.72911
-13.608767  255.72884
-13.635198  255.72856
-13.66163  255.72829
-13.688062  255.72802
-13.714493  255.72775
-13.740925  255.72748
-13.767357  255.72722
-13.793789  255.72695
-13.82022  255.72669
-13.846652  255.72643
-13.873084  255.72618
-13.899515  255.72592
-13.925947  255.72567
-13.952379  255.72541
-13.978811  255.72516
-14.005242  255.72492
-14.031674  255.72467
-14.058106  255.72442
-14.084537  255.72418
-14.110969  255.72394
-14.137401  255.7237
-14.163833  255.72346
-14.190264  255.72323
-14.216696  255.723
-14.243128  255.72276
-14.269559  255.72253
-14.295991  255.72231
-14.322423  255.72208
-14.348855  255.72186
-14.375286  255.72163
-14.401718  255.72141
-14.42815  255.72119
-14.454581  255.72098
-14.481013  255.72076
-14.507445  255.72055
-14.533877  255.72034
-14.560308  255.72013
-14.58674  255.71992
-14.613172  255.71971
-14.639604  255.71951
-14.666035  255.7193
-14.692467  255.7191
-14.718899  255.7189
-14.74533  255.71871
-14.771762  255.71851
-14.798194  255.71832
-14.824626  255.71813
-14.851057  255.71794
-14.877489  255.71775
-14.903921  255.71756
-14.930352  255.71738
-14.956784  255.71719
-14.983216  255.71701
-15.009648  255.71683
-15.036079  255.71665
-15.062511  255.71648
-15.088943  255.7163
-15.115374  255.71613
-15.141806  255.71596
-15.168238  255.71579
-15.19467  255.71562
-15.221101  255.71545
-15.247533  255.71529
-15.273965  255.71513
-15.300396  255.71497
-15.326828  255.71481
-15.35326  255.71465
-15.379692  255.7145
-15.406123  255.71434
-15.432555  255.71419
-15.458987  255.71404
-15.485419  255.71389
-15.51185  255.71374
-15.538282  255.7136
-15.564714  255.71345
-15.591145  255.71331
-15.617577  255.71317
-15.644009  255.71303
-15.670441  255.71289
-15.696872  255.71276
-15.723304  255.71262
-15.749736  255.71249
-15.776167  255.71236
-15.802599  255.71223
-15.829031  255.71211
-15.855463  255.71198
-15.881894  255.71186
-15.908326  255.71173
-15.934758  255.71161
-15.961189  255.71149
-15.987621  255.71138
-16.014053  255.71126
-16.040485  255.71115
-16.066916  255.71103
-16.093348  255.71092
-16.11978  255.71081
-16.146211  255.71071
-16.172643  255.7106
-16.199075  255.71049
-16.225507  255.71039
-16.251938  255.71029
-16.27837  255.71019
-16.304802  255.71009
-16.331233  255.71
-16.357665  255.7099
-16.384097  255.70981
-16.410529  255.70972
-16.43696  255.70963
-16.463392  255.70954
-16.489824  255.70945
-16.516256  255.70936
-16.542687  255.70928
-16.569119  255.7092
-16.595551  255.70912
-16.621982  255.70904
-16.648414  255.70896
-16.674846  255.70889
-16.701278  255.70881
-16.727709  255.70874
-16.754141  255.70867
-16.780573  255.7086
-16.807004  255.70853
-16.833436  255.70846
-16.859868  255.7084
-16.8863  255.70833
-16.912731  255.70827
-16.939163  255.70821
-16.965595  255.70815
-16.992026  255.70809
-17.018458  255.70804
-17.04489  255.70798
-17.071322  255.70793
-17.097753  255.70788
-17.124185  255.70783
-17.150617  255.70778
-17.177048  255.70773
-17.20348  255.70769
-17.229912  255.70764
-17.256344  255.7076
-17.282775  255.70756
-17.309207  255.70752
-17.335639  255.70748
-17.36207  255.70745
-17.388502  255.70741
-17.414934  255.70738
-17.441366  255.70735
-17.467797  255.70731
-17.494229  255.70729
-17.520661  255.70726
-17.547093  255.70723
-17.573524  255.70721
-17.599956  255.70718
-17.626388  255.70716
-17.652819  255.70714
-17.679251  255.70712
-17.705683  255.70711
-17.732115  255.70709
-17.758546  255.70708
-17.784978  255.70706
-17.81141  255.70705
-17.837841  255.70704
-17.864273  255.70703
-17.890705  255.70702
-17.917137  255.70702
-17.943568  255.70701
-17.97  255.70701

# Result Name:                  Residuum
# Number of Curves:             1
#
# Curve:                        0
# Values/Curve:                 421
#
24.03  2.5454907
23.93  -10.65472
23.83  -6.1367553
23.73  8.0936048
23.63  12.136476
23.53  -15.856995
23.43  -0.68349446
23.33  5.567143
23.23  -18.999981
23.13  3.2024976
23.03  7.2179565
22.93  24.866837
22.83  1.5289378
22.73  -2.0355411
22.63  4.2773925
22.53  -4.0704903
22.43  -14.704302
22.33  -27.112126
22.23  4.1322458
22.13  11.226211
22.03  -6.9112307
21.93  -0.548068
21.83  5.3005225
21.73  0.029179418
21.63  16.704452
21.53  3.3107493
21.43  4.3254904
21.33  6.082169
21.23  9.8165508
21.13  3.9417814
21.03  -2.0249056
20.93  -0.82461667
20.83  -7.5379622
20.73  -15.2545
20.63  -1.210127
20.53  1.6844045
20.43  -3.020821
20.33  -4.0358952
20.23  2.187562
20.13  -23.477182
20.03  4.7597836
19.93  8.023911
19.83  -1.0743942
19.73  1.7153502
19.63  3.8253667
19.53  3.4129596
19.43  -5.1594196
19.33  -7.7131052
19.23  6.3915617
19.13  15.250599
19.03  9.7889339
18.93  2.3042681
18.83  3.0043628
18.73  -25.512024
18.63  1.3240938
18.53  1.6246402
18.43  18.433659
18.33  3.6023547
18.23  10.70161
18.13  -4.9240856
18.03  -3.4298656
17.93  8.9550119
17.83  -2.0808884
17.73  -5.2753603
17.63  11.572149
17.53  -8.1605051
17.43  -14.076488
17.33  -15.146882
17.23  13.22218
17.13  10.974513
17.03  18.968686
16.93  7.6614433
16.83  19.729585
16.73  -3.5208346
16.63  -1.6859611
16.53  -3.9855798
16.43  -9.7204221
16.33  4.1957197
16.23  16.674673
16.13  -11.387366
16.03  18.258778
15.93  -8.8147041
15.83  -4.5831457
15.73  18.436659
15.63  -0.97898133
15.53  -9.6200266
15.43  4.4260313
15.33  -5.0659328
15.23  12.78782
15.13  -10.854994
15.03  -2.7003847
14.93  4.6207752
14.83  21.408493
14.73  -9.3362032
14.63  -14.937673
14.53  0.70050971
14.43  -12.440957
14.33  -10.56383
14.23  0.3790261
14.13  -14.376476
14.03  13.700788
13.93  -1.4511015
13.83  -6.8600282
13.73  8.290704
13.63  -8.6698596
13.53  -8.2325118
13.43  5.5440034
13.33  2.4934229
13.23  -20.688358
13.13  -3.3831646
13.03  17.282403
12.93  1.8368378
12.83  -0.93387977
12.73  3.8947754
12.63  11.753045
12.53  -9.2435515
12.43  6.7876502
12.33  17.739292
12.23  12.383633
12.13  -10.811223
12.03  9.6284073
11.93  -4.3230092
11.83  17.470665
11.73  -10.035332
11.63  4.5510588
11.53  -12.65219
11.43  -17.514405
11.33  33.115349
11.23  0.09228913
11.13  -6.2681629
11.03  14.768919
10.93  7.8747266
10.83  -16.193619
10.73  -4.7586562
10.63  -8.0171231
10.53  -15.89995
10.43  -4.081005
10.33  8.6273575
10.23  9.7811897
10.13  -0.053946188
10.03  4.9371686
9.93  11.764333
9.83  7.3176109
9.73  -17.07776
9.63  -2.6954264
9.53  -21.484004
9.43  -13.10442
9.33  11.067715
9.23  2.1733199
9.13  13.098359
9.03  -9.300422
8.93  2.5150232
8.83  -11.128664
8.73  0.81916028
8.63  14.561728
8.53  0.84939863
8.43  6.7838684
8.33  16.638289
8.23  -3.4231891
8.13  5.5942723
8.03  -13.664779
7.93  -1.271885
7.83  -0.3013137
7.73  13.387493
7.63  -2.2958667
7.53  0.77199942
7.43  14.492554
7.33  5.7409382
7.23  -7.7213448
7.13  -19.948457
7.03  -6.9050816
6.93  6.4537525
6.83  11.524594
6.73  -11.24199
6.63  -26.38996
6.53  -13.191213
6.43  -17.058294
6.33  -3.3505545
6.23  -5.4835036
6.13  0.77611971
6.03  -10.686631
5.93  -1.9632557
5.83  15.583266
5.73  2.9557259
5.63  11.210539
5.53  13.818963
5.43  11.182461
5.33  3.2597568
5.23  18.519123
5.13  10.435843
5.03  3.7540051
4.93  9.9402379
4.83  9.2182768
4.73  10.017106
4.63  1.1616991
4.53  -2.521309
4.43  4.5748565
4.33  13.025308
4.23  -3.0266851
4.13  1.5155223
4.03  -8.7609534
3.93  -4.1550969
3.83  4.2626372
3.73  -2.3373599
3.63  -0.73768628
3.53  -13.705866
3.43  -13.524771
3.33  8.5971028
3.23  -7.7085075
3.13  -19.462284
3.03  -8.6819247
2.93  16.060912
2.83  -3.5136749
2.73  -4.6447
2.63  -12.180732
2.53  6.9072237
2.43  0.33475723
2.33  8.2184306
2.23  -11.175649
2.13  9.0713971
2.03  14.633999
1.93  13.957248
1.83  -3.2813587
1.73  7.1540102
1.63  7.7380947
1.53  2.8722229
1.43  -16.379681
1.33  8.7211302
1.23  11.777033
1.13  -12.837532
1.03  0.13110697
0.93  10.846634
0.83  13.124241
0.73  -5.6550226
0.63  15.314519
0.53  2.7429332
0.43  -10.21438
0.33  -6.5989038
0.23  12.388112
0.13  -3.7186165
0.03  13.087042
-0.07  -0.86059245
-0.17  8.9502008
-0.27  12.725612
-0.37  4.177769
-0.47  -15.40342
-0.57  -9.662422
-0.67  -21.558196
-0.77  -3.5870431
-0.87  -7.6406414
-0.97  3.8411286
-1.07  6.7837768
-1.17  18.199204
-1.27  4.2300377
-1.37  -13.939945
-1.47  -8.2843502
-1.57  -3.6008262
-1.67  1.0958327
-1.77  -18.547666
-1.87  -17.390565
-1.97  9.6701169
-2.07  -10.349948
-2.17  -3.9021046
-2.27  -7.5088905
-2.37  -9.7079024
-2.47  -11.771135
-2.57  2.7730737
-2.67  5.4351153
-2.77  29.150467
-2.87  0.090250876
-2.97  -7.3330234
-3.07  -6.1909253
-3.17  -14.861494
-3.27  7.2922792
-3.37  5.8717609
-3.47  1.8999979
-3.57  -7.3478365
-3.67  1.7435557
-3.77  3.0870133
-3.87  0.0023505259
-3.97  -10.696252
-4.07  -10.745676
-4.17  8.6754125
-4.27  -9.3861311
-4.37  0.61185856
-4.47  0.69699745
-4.57  -14.106324
-4.67  1.8808303
-4.77  6.3075937
-4.87  0.59724415
-4.97  -4.4243616
-5.07  -3.0126071
-5.17  16.272964
-5.27  7.752713
-5.37  4.1551767
-5.47  2.5309268
-5.57  11.398958
-5.67  8.3640807
-5.77  11.315328
-5.87  1.6825694
-5.97  -0.022002976
-6.07  12.042259
-6.17  -9.1286997
-6.27  15.116404
-6.37  19.137176
-6.47  17.074882
-6.57  12.409205
-6.67  2.6795239
-6.77  -9.8701689
-6.87  4.7543326
-6.97  16.722583
-7.07  1.6046763
-7.17  2.6549181
-7.27  -3.3378435
-7.37  -7.321115
-7.47  -2.3971271
-7.57  -5.438281
-7.67  14.728136
-7.77  -6.2443483
-7.87  -11.700517
-7.97  -1.1992984
-8.07  -5.4830566
-8.17  -12.899475
-8.27  6.7360863
-8.37  -10.562546
-8.47  3.289449
-8.57  3.9999494
-8.67  10.791732
-8.77  5.3939932
-8.87  -22.698741
-8.97  -2.1286849
-9.07  -0.11131538
-9.17  4.6343723
-9.27  -19.61037
-9.37  -9.4132082
-9.47  -6.5968506
-9.57  -6.993246
-9.67  -10.699578
-9.77  9.9696172
-9.87  0.5950014
-9.97  -2.1068851
-10.07  -6.7317627
-10.17  5.6876154
-10.27  -4.9076318
-10.37  -4.4214813
-10.47  3.8796171
-10.57  10.495479
-10.67  -25.812269
-10.77  -14.651251
-10.87  -2.9789694
-10.97  10.288061
-11.07  -5.1409861
-11.17  -1.7289897
-11.27  -0.57202166
-11.37  -15.533072
-11.47  15.195441
-11.57  7.4152845
-11.67  10.535374
-11.77  18.330981
-11.87  0.82334245
-11.97  -5.1541683
-12.07  12.858042
-12.17  -15.817429
-12.27  13.310519
-12.37  -0.97453028
-12.47  9.8242429
-12.57  9.3971131
-12.67  13.809407
-12.77  9.1331472
-12.87  -18.048334
-12.97  -6.3570586
-13.07  2.3610706
-13.17  12.148261
-13.27  -3.7651285
-13.37  4.0071489
-13.47  8.2854195
-13.57  -3.6890479
-13.67  -11.937147
-13.77  4.0157823
-13.87  14.93293
-13.97  18.066
-14.07  -3.8834444
-14.17  -8.1191714
-14.27  -2.9886387
-14.37  -10.818132
-14.47  -17.524267
-14.57  1.0824774
-14.67  7.0369002
-14.77  12.991145
-14.87  7.5748333
-14.97  -13.291309
-15.07  2.5938107
-15.17  14.657462
-15.27  10.31654
-15.37  -8.1629063
-15.47  1.8702926
-15.57  -1.184327
-15.67  -1.474663
-15.77  5.459401
-15.87  -14.017054
-15.97  1.3365681
-16.07  3.4916172
-16.17  11.549894
-16.27  -1.3826593
-16.37  -12.146071
-16.47  -11.307772
-16.57  -1.7952615
-16.67  12.365113
-16.77  10.278375
-16.87  -6.5895872
-16.97  17.889297
-17.07  1.2265461
-17.17  -5.9488164
-17.27  6.7960626
-17.37  -2.8066323
-17.47  0.30098224
-17.57  0.12267823
-17.67  -5.4182719
-17.77  -4.9058843
-17.87  -3.79834
-17.97  -3.2312716

# Region:                       Al 2p Hi Res
# Spectrum ID:                  6
# Acquisition Date:             06/26/26 16:14:24 UTC
# Analysis Method:              XPS
# Analyzer:                     PHOIBOS MCD5 Analyzer
# Analyzer Lens:                LargeArea:1.5kV
# Analyzer Slit:                5:7x20\B:open
# Scan Mode:                    FixedAnalyzerTransmission
# Curves/Scan:                  1
# Values/Curve:                 331
# Dwell Time:                   0.1
# Excitation Energy:            1253.64
# Binding Energy:               -142.97
# Pass Energy:                  10
# Bias Voltage:                 90
# Detector Voltage:             3000
# Eff. Workfunction:            4.543
# Source:                       X-Ray Dummy
# Comment:                      
#
# Cycle: 0
# Number of Scans: 22
#
# Cycle: 0, Curve: 0
# Acquisition Date:             06/26/26 16:14:24 UTC
#
# ColumnLabels:                 energy counts/s
#
-142.97  142.70891
-143.07  152.26343
-143.17  156.01714
-143.27  158.15622
-143.37  147.86898
-143.47  149.85567
-143.57  148.29244
-143.67  148.55879
-143.77  163.70607
-143.87  160.99923
-143.97  158.43211
-144.07  152.67593
-144.17  150.38662
-144.27  161.97059
-144.37  154.36896
-144.47  150.39444
-144.57  155.35989
-144.67  156.8864
-144.77  170.87792
-144.87  162.73976
-144.97  177.24229
-145.07  158.71972
-145.17  150.98276
-145.27  158.19029
-145.37  158.17882
-145.47  151.51178
-145.57  166.11946
-145.67  152.19113
-145.77  153.33141
-145.87  164.0549
-145.97  154.00459
-146.07  154.07191
-146.17  157.76894
-146.27  160.53333
-146.37  152.32316
-146.47  159.27415
-146.57  166.87306
-146.67  157.33467
-146.77  171.42157
-146.87  165.14553
-146.97  148.91685
-147.07  154.91272
-147.17  158.73823
-147.27  158.12766
-147.37  158.33712
-147.47  144.46511
-147.57  155.28685
-147.67  172.35007
-147.77  150.10902
-147.87  157.87477
-147.97  152.19969
-148.07  152.56328
-148.17  162.20011
-148.27  146.45773
-148.37  153.87118
-148.47  165.86127
-148.57  147.62841
-148.67  155.22449
-148.77  153.19352
-148.87  145.66459
-148.97  149.34917
-149.07  154.56164
-149.17  156.73474
-149.27  147.84417
-149.37  142.38417
-149.47  163.07902
-149.57  161.41476
-149.67  149.01114
-149.77  157.92931
-149.87  151.0218
-149.97  150.87628
-150.07  148.27696
-150.17  155.83749
-150.27  164.24727
-150.37  166.70853
-150.47  151.83326
-150.57  155.05083
-150.67  169.14364
-150.77  160.66335
-150.87  158.35661
-150.97  161.77656
-151.07  159.84112
-151.17  154.29847
-151.27  156.42425
-151.37  140.25159
-151.47  151.28914
-151.57  158.14453
-151.67  154.5137
-151.77  156.40299
-151.87  155.21239
-151.97  150.2653
-152.07  147.72302
-152.17  155.52097
-152.27  158.2315
-152.37  169.74173
-152.47  157.00007
-152.57  166.98108
-152.67  161.00445
-152.77  149.52736
-152.87  145.82962
-152.97  173.41152
-153.07  161.1412
-153.17  157.43298
-153.27  161.29949
-153.37  164.15707
-153.47  157.38653
-153.57  145.31449
-153.67  163.78395
-153.77  153.01047
-153.87  165.13349
-153.97  160.30604
-154.07  156.75234
-154.17  156.85415
-154.27  144.32554
-154.37  166.86986
-154.47  160.53897
-154.57  164.60274
-154.67  163.6922
-154.77  163.71069
-154.87  158.48603
-154.97  147.66271
-155.07  160.42681
-155.17  162.45759
-155.27  157.4164
-155.37  159.53558
-155.47  152.35688
-155.57  139.18381
-155.67  167.75319
-155.77  157.5692
-155.87  155.60628
-155.97  161.21451
-156.07  160.30086
-156.17  133.29775
-156.27  154.67579
-156.37  152.20944
-156.47  146.8481
-156.57  160.09211
-156.67  163.58296
-156.77  157.07584
-156.87  153.69627
-156.97  160.81378
-157.07  158.81597
-157.17  152.50739
-157.27  150.7514
-157.37  157.47352
-157.47  161.61685
-157.57  153.03155
-157.67  153.13543
-157.77  154.75654
-157.87  143.20843
-157.97  144.31181
-158.07  150.34786
-158.17  167.5748
-158.27  150.73087
-158.37  146.28807
-158.47  146.24765
-158.57  152.66179
-158.67  150.44723
-158.77  156.0023
-158.87  145.36255
-158.97  140.02908
-159.07  152.30657
-159.17  151.79263
-159.27  155.31206
-159.37  146.63777
-159.47  151.41813
-159.57  149.2774
-159.67  152.44291
-159.77  153.84218
-159.87  162.12113
-159.97  153.35473
-160.07  156.70401
-160.17  147.41856
-160.27  153.26283
-160.37  164.48593
-160.47  153.29417
-160.57  149.51896
-160.67  156.35964
-160.77  147.04958
-160.87  159.15315
-160.97  144.41969
-161.07  160.69608
-161.17  151.6672
-161.27  145.08038
-161.37  157.84739
-161.47  150.50936
-161.57  162.40572
-161.67  147.36929
-161.77  148.96041
-161.87  155.87748
-161.97  157.68952
-162.07  159.80577
-162.17  168.60448
-162.27  163.60617
-162.37  173.03721
-162.47  156.01226
-162.57  153.85002
-162.67  154.67645
-162.77  156.54264
-162.87  149.96581
-162.97  145.67238
-163.07  163.09555
-163.17  150.20879
-163.27  165.5784
-163.37  149.43615
-163.47  154.42188
-163.57  156.6631
-163.67  157.04509
-163.77  160.53476
-163.87  173.4895
-163.97  150.64165
-164.07  154.35376
-164.17  164.08792
-164.27  159.81287
-164.37  153.85553
-164.47  145.64341
-164.57  162.65
-164.67  165.86195
-164.77  162.99335
-164.87  156.84716
-164.97  150.43929
-165.07  154.87804
-165.17  158.17144
-165.27  150.97506
-165.37  158.37163
-165.47  151.2871
-165.57  159.09372
-165.67  149.73292
-165.77  156.12829
-165.87  162.31188
-165.97  151.93931
-166.07  157.83598
-166.17  159.38401
-166.27  167.08142
-166.37  159.53025
-166.47  148.21743
-166.57  147.37234
-166.67  161.2107
-166.77  157.20168
-166.87  154.46136
-166.97  152.85002
-167.07  153.70492
-167.17  156.87209
-167.27  158.92845
-167.37  164.47183
-167.47  157.85896
-167.57  169.47891
-167.67  149.23936
-167.77  150.62659
-167.87  156.19754
-167.97  154.59022
-168.07  159.02162
-168.17  154.06402
-168.27  163.85346
-168.37  154.25651
-168.47  154.27769
-168.57  161.15563
-168.67  172.89725
-168.77  162.04223
-168.87  166.41359
-168.97  166.26986
-169.07  168.17823
-169.17  145.67798
-169.27  150.4073
-169.37  151.40956
-169.47  147.89296
-169.57  149.78461
-169.67  159.83159
-169.77  148.53942
-169.87  151.41144
-169.97  157.67527
-170.07  154.93097
-170.17  159.27035
-170.27  168.02165
-170.37  151.25307
-170.47  163.51006
-170.57  145.76113
-170.67  156.78181
-170.77  153.24824
-170.87  157.38428
-170.97  157.88596
-171.07  141.00676
-171.17  153.37543
-171.27  150.08754
-171.37  156.33956
-171.47  163.49136
-171.57  146.75132
-171.67  154.38578
-171.77  154.47526
-171.87  150.35349
-171.97  144.2674
-172.07  148.81513
-172.17  149.7792
-172.27  147.93458
-172.37  158.73468
-172.47  158.9203
-172.57  153.93695
-172.67  147.9301
-172.77  160.0233
-172.87  167.02494
-172.97  161.39317
-173.07  163.90521
-173.17  135.55672
-173.27  143.35718
-173.37  160.95268
-173.47  155.88624
-173.57  160.90124
-173.67  144.63281
-173.77  167.12061
-173.87  154.28676
-173.97  152.02913
-174.07  155.82276
-174.17  155.88451
-174.27  164.81819
-174.37  148.72576
-174.47  141.23562
-174.57  157.52304
-174.67  160.74741
-174.77  160.6678
-174.87  161.95727
-174.97  159.99251
-175.07  157.29844
-175.17  157.95935
-175.27  146.91623
-175.37  154.97595
-175.47  153.35485
-175.57  161.76548
-175.67  152.48714
-175.77  153.88235
-175.87  154.63742
-175.97  162.71708

# Operation:                    Peak Fit
# Parameter: "Transition" = 
# Parameter: "Label" = 
# Parameter: "Background Method" = Tougaard
# Parameter: "Peak Shape" = Voigt
# Parameter: "Asymmetric Peak" = false
# Parameter: "FWHM-Annotation" = S-B = <Signal-BG:@>\nFWHM = <FWHM:@>\nArea = <Area:@>
# Parameter: "Peak-Annotation" = <Label>\n<Transition>\nE = <Center:@>
#
# Result:
# Number of Results:            2
# Parameter: "Transition" = 
# Parameter: "Label" = 
# Parameter: "Center" = -144.94583905695413 eV +- 0.050174911304462916
# Parameter: "Area" = 4.8210162276972559 cps eV +- 2.5371380540874946
# Parameter: "FWHM (Lorentzian)" = 0.12523752310466463 eV +- 0.13645812778885785
# Parameter: "FWHM (Gaussian)" = 0 eV +- 0
# Parameter: "Asymmetry" = 0 +- 0
# Parameter: "Tougaard B" = 0 eV^2 +- 0
# Parameter: "Tougaard C" = 1643 eV^2 +- 0
# Parameter: "FWHM" = 0.12523752310466463 eV
# Parameter: "Baseline Offset" = 155.37875316091601 cps +- 0.46845686911148016
# Parameter: "Abbe factor" = 0.89885683909763525
# Parameter: "Reduced Chi Square" = 0.68630972564874793
# Parameter: "Q Probability" = 0.99999629454688244
# Parameter: "Number of performed iterations" = 26
# Parameter: "Fit termination reason" = ConvergedInChi
# Parameter: "Signal" = 179.88541999184704 cps
# Parameter: "Signal-BG" = 24.506666830931028 cps
#
# Result Name:                  Background
# Number of Curves:             1
#
# Curve:                        0
# Values/Curve:                 5271
#
-142.97  155.37875
-142.97626  155.37875
-142.98252  155.37875
-142.98879  155.37875
-142.99505  155.37875
-143.00131  155.37875
-143.00757  155.37875
-143.01383  155.37875
-143.02009  155.37875
-143.02636  155.37875
-143.03262  155.37875
-143.03888  155.37875
-143.04514  155.37875
-143.0514  155.37875
-143.05767  155.37875
-143.06393  155.37875
-143.07019  155.37875
-143.07645  155.37875
-143.08271  155.37875
-143.08898  155.37875
-143.09524  155.37875
-143.1015  155.37875
-143.10776  155.37875
-143.11402  155.37875
-143.12028  155.37875
-143.12655  155.37875
-143.13281  155.37875
-143.13907  155.37875
-143.14533  155.37875
-143.15159  155.37875
-143.15786  155.37875
-143.16412  155.37875
-143.17038  155.37875
-143.17664  155.37875
-143.1829  155.37875
-143.18917  155.37875
-143.19543  155.37875
-143.20169  155.37875
-143.20795  155.37875
-143.21421  155.37875
-143.22047  155.37875
-143.22674  155.37875
-143.233  155.37875
-143.23926  155.37875
-143.24552  155.37875
-143.25178  155.37875
-143.25805  155.37875
-143.26431  155.37875
-143.27057  155.37875
-143.27683  155.37875
-143.28309  155.37875
-143.28935  155.37875
-143.29562  155.37875
-143.30188  155.37875
-143.30814  155.37875
-143.3144  155.37875
-143.32066  155.37875
-143.32693  155.37875
-143.33319  155.37875
-143.33945  155.37875
-143.34571  155.37875
-143.35197  155.37875
-143.35824  155.37875
-143.3645  155.37875
-143.37076  155.37875
-143.37702  155.37875
-143.38328  155.37875
-143.38954  155.37875
-143.39581  155.37875
-143.40207  155.37875
-143.40833  155.37875
-143.41459  155.37875
-143.42085  155.37875
-143.42712  155.37875
-143.43338  155.37875
-143.43964  155.37875
-143.4459  155.37875
-143.45216  155.37875
-143.45843  155.37875
-143.46469  155.37875
-143.47095  155.37875
-143.47721  155.37875
-143.48347  155.37875
-143.48973  155.37875
-143.496  155.37875
-143.50226  155.37875
-143.50852  155.37875
-143.51478  155.37875
-143.52104  155.37875
-143.52731  155.37875
-143.53357  155.37875
-143.53983  155.37875
-143.54609  155.37875
-143.55235  155.37875
-143.55861  155.37875
-143.56488  155.37875
-143.57114  155.37875
-143.5774  155.37875
-143.58366  155.37875
-143.58992  155.37875
-143.59619  155.37875
-143.60245  155.37875
-143.60871  155.37875
-143.61497  155.37875
-143.62123  155.37875
-143.6275  155.37875
-143.63376  155.37875
-143.64002  155.37875
-143.64628  155.37875
-143.65254  155.37875
-143.6588  155.37875
-143.66507  155.37875
-143.67133  155.37875
-143.67759  155.37875
-143.68385  155.37875
-143.69011  155.37875
-143.69638  155.37875
-143.70264  155.37875
-143.7089  155.37875
-143.71516  155.37875
-143.72142  155.37875
-143.72769  155.37875
-143.73395  155.37875
-143.74021  155.37875
-143.74647  155.37875
-143.75273  155.37875
-143.75899  155.37875
-143.76526  155.37875
-143.77152  155.37875
-143.77778  155.37875
-143.78404  155.37875
-143.7903  155.37875
-143.79657  155.37875
-143.80283  155.37875
-143.80909  155.37875
-143.81535  155.37875
-143.82161  155.37875
-143.82787  155.37875
-143.83414  155.37875
-143.8404  155.37875
-143.84666  155.37875
-143.85292  155.37875
-143.85918  155.37875
-143.86545  155.37875
-143.87171  155.37875
-143.87797  155.37875
-143.88423  155.37875
-143.89049  155.37875
-143.89676  155.37875
-143.90302  155.37875
-143.90928  155.37875
-143.91554  155.37875
-143.9218  155.37875
-143.92806  155.37875
-143.93433  155.37875
-143.94059  155.37875
-143.94685  155.37875
-143.95311  155.37875
-143.95937  155.37875
-143.96564  155.37875
-143.9719  155.37875
-143.97816  155.37875
-143.98442  155.37875
-143.99068  155.37875
-143.99694  155.37875
-144.00321  155.37875
-144.00947  155.37875
-144.01573  155.37875
-144.02199  155.37875
-144.02825  155.37875
-144.03452  155.37875
-144.04078  155.37875
-144.04704  155.37875
-144.0533  155.37875
-144.05956  155.37875
-144.06583  155.37875
-144.07209  155.37875
-144.07835  155.37875
-144.08461  155.37875
-144.09087  155.37875
-144.09713  155.37875
-144.1034  155.37875
-144.10966  155.37875
-144.11592  155.37875
-144.12218  155.37875
-144.12844  155.37875
-144.13471  155.37875
-144.14097  155.37875
-144.14723  155.37875
-144.15349  155.37875
-144.15975  155.37875
-144.16602  155.37875
-144.17228  155.37875
-144.17854  155.37875
-144.1848  155.37875
-144.19106  155.37875
-144.19732  155.37875
-144.20359  155.37875
-144.20985  155.37875
-144.21611  155.37875
-144.22237  155.37875
-144.22863  155.37875
-144.2349  155.37875
-144.24116  155.37875
-144.24742  155.37875
-144.25368  155.37875
-144.25994  155.37875
-144.2662  155.37875
-144.27247  155.37875
-144.27873  155.37875
-144.28499  155.37875
-144.29125  155.37875
-144.29751  155.37875
-144.30378  155.37875
-144.31004  155.37875
-144.3163  155.37875
-144.32256  155.37875
-144.32882  155.37875
-144.33509  155.37875
-144.34135  155.37875
-144.34761  155.37875
-144.35387  155.37875
-144.36013  155.37875
-144.36639  155.37875
-144.37266  155.37875
-144.37892  155.37875
-144.38518  155.37875
-144.39144  155.37875
-144.3977  155.37875
-144.40397  155.37875
-144.41023  155.37875
-144.41649  155.37875
-144.42275  155.37875
-144.42901  155.37875
-144.43528  155.37875
-144.44154  155.37875
-144.4478  155.37875
-144.45406  155.37875
-144.46032  155.37875
-144.46658  155.37875
-144.47285  155.37875
-144.47911  155.37875
-144.48537  155.37875
-144.49163  155.37875
-144.49789  155.37875
-144.50416  155.37875
-144.51042  155.37875
-144.51668  155.37875
-144.52294  155.37875
-144.5292  155.37875
-144.53546  155.37875
-144.54173  155.37875
-144.54799  155.37875
-144.55425  155.37875
-144.56051  155.37875
-144.56677  155.37875
-144.57304  155.37875
-144.5793  155.37875
-144.58556  155.37875
-144.59182  155.37875
-144.59808  155.37875
-144.60435  155.37875
-144.61061  155.37875
-144.61687  155.37875
-144.62313  155.37875
-144.62939  155.37875
-144.63565  155.37875
-144.64192  155.37875
-144.64818  155.37875
-144.65444  155.37875
-144.6607  155.37875
-144.66696  155.37875
-144.67323  155.37875
-144.67949  155.37875
-144.68575  155.37875
-144.69201  155.37875
-144.69827  155.37875
-144.70454  155.37875
-144.7108  155.37875
-144.71706  155.37875
-144.72332  155.37875
-144.72958  155.37875
-144.73584  155.37875
-144.74211  155.37875
-144.74837  155.37875
-144.75463  155.37875
-144.76089  155.37875
-144.76715  155.37875
-144.77342  155.37875
-144.77968  155.37875
-144.78594  155.37875
-144.7922  155.37875
-144.79846  155.37875
-144.80472  155.37875
-144.81099  155.37875
-144.81725  155.37875
-144.82351  155.37875
-144.82977  155.37875
-144.83603  155.37875
-144.8423  155.37875
-144.84856  155.37875
-144.85482  155.37875
-144.86108  155.37875
-144.86734  155.37875
-144.87361  155.37875
-144.87987  155.37875
-144.88613  155.37875
-144.89239  155.37875
-144.89865  155.37875
-144.90491  155.37875
-144.91118  155.37875
-144.91744  155.37875
-144.9237  155.37875
-144.92996  155.37875
-144.93622  155.37875
-144.94249  155.37875
-144.94875  155.37875
-144.95501  155.37875
-144.96127  155.37875
-144.96753  155.37875
-144.9738  155.37875
-144.98006  155.37875
-144.98632  155.37875
-144.99258  155.37875
-144.99884  155.37875
-145.0051  155.37875
-145.01137  155.37875
-145.01763  155.37875
-145.02389  155.37875
-145.03015  155.37875
-145.03641  155.37875
-145.04268  155.37875
-145.04894  155.37875
-145.0552  155.37875
-145.06146  155.37875
-145.06772  155.37875
-145.07398  155.37875
-145.08025  155.37875
-145.08651  155.37875
-145.09277  155.37875
-145.09903  155.37875
-145.10529  155.37875
-145.11156  155.37875
-145.11782  155.37875
-145.12408  155.37875
-145.13034  155.37875
-145.1366  155.37875
-145.14287  155.37875
-145.14913  155.37875
-145.15539  155.37875
-145.16165  155.37875
-145.16791  155.37875
-145.17417  155.37875
-145.18044  155.37875
-145.1867  155.37875
-145.19296  155.37875
-145.19922  155.37875
-145.20548  155.37875
-145.21175  155.37875
-145.21801  155.37875
-145.22427  155.37875
-145.23053  155.37875
-145.23679  155.37875
-145.24306  155.37875
-145.24932  155.37875
-145.25558  155.37875
-145.26184  155.37875
-145.2681  155.37875
-145.27436  155.37875
-145.28063  155.37875
-145.28689  155.37875
-145.29315  155.37875
-145.29941  155.37875
-145.30567  155.37875
-145.31194  155.37875
-145.3182  155.37875
-145.32446  155.37875
-145.33072  155.37875
-145.33698  155.37875
-145.34324  155.37875
-145.34951  155.37875
-145.35577  155.37875
-145.36203  155.37875
-145.36829  155.37875
-145.37455  155.37875
-145.38082  155.37875
-145.38708  155.37875
-145.39334  155.37875
-145.3996  155.37875
-145.40586  155.37875
-145.41213  155.37875
-145.41839  155.37875
-145.42465  155.37875
-145.43091  155.37875
-145.43717  155.37875
-145.44343  155.37875
-145.4497  155.37875
-145.45596  155.37875
-145.46222  155.37875
-145.46848  155.37875
-145.47474  155.37875
-145.48101  155.37875
-145.48727  155.37875
-145.49353  155.37875
-145.49979  155.37875
-145.50605  155.37875
-145.51231  155.37875
-145.51858  155.37875
-145.52484  155.37875
-145.5311  155.37875
-145.53736  155.37875
-145.54362  155.37875
-145.54989  155.37875
-145.55615  155.37875
-145.56241  155.37875
-145.56867  155.37875
-145.57493  155.37875
-145.5812  155.37875
-145.58746  155.37875
-145.59372  155.37875
-145.59998  155.37875
-145.60624  155.37875
-145.6125  155.37875
-145.61877  155.37875
-145.62503  155.37875
-145.63129  155.37875
-145.63755  155.37875
-145.64381  155.37875
-145.65008  155.37875
-145.65634  155.37875
-145.6626  155.37875
-145.66886  155.37875
-145.67512  155.37875
-145.68139  155.37875
-145.68765  155.37875
-145.69391  155.37875
-145.70017  155.37875
-145.70643  155.37875
-145.71269  155.37875
-145.71896  155.37875
-145.72522  155.37875
-145.73148  155.37875
-145.73774  155.37875
-145.744  155.37875
-145.75027  155.37875
-145.75653  155.37875
-145.76279  155.37875
-145.76905  155.37875
-145.77531  155.37875
-145.78157  155.37875
-145.78784  155.37875
-145.7941  155.37875
-145.80036  155.37875
-145.80662  155.37875
-145.81288  155.37875
-145.81915  155.37875
-145.82541  155.37875
-145.83167  155.37875
-145.83793  155.37875
-145.84419  155.37875
-145.85046  155.37875
-145.85672  155.37875
-145.86298  155.37875
-145.86924  155.37875
-145.8755  155.37875
-145.88176  155.37875
-145.88803  155.37875
-145.89429  155.37875
-145.90055  155.37875
-145.90681  155.37875
-145.91307  155.37875
-145.91934  155.37875
-145.9256  155.37875
-145.93186  155.37875
-145.93812  155.37875
-145.94438  155.37875
-145.95065  155.37875
-145.95691  155.37875
-145.96317  155.37875
-145.96943  155.37875
-145.97569  155.37875
-145.98195  155.37875
-145.98822  155.37875
-145.99448  155.37875
-146.00074  155.37875
-146.007  155.37875
-146.01326  155.37875
-146.01953  155.37875
-146.02579  155.37875
-146.03205  155.37875
-146.03831  155.37875
-146.04457  155.37875
-146.05083  155.37875
-146.0571  155.37875
-146.06336  155.37875
-146.06962  155.37875
-146.07588  155.37875
-146.08214  155.37875
-146.08841  155.37875
-146.09467  155.37875
-146.10093  155.37875
-146.10719  155.37875
-146.11345  155.37875
-146.11972  155.37875
-146.12598  155.37875
-146.13224  155.37875
-146.1385  155.37875
-146.14476  155.37875
-146.15102  155.37875
-146.15729  155.37875
-146.16355  155.37875
-146.16981  155.37875
-146.17607  155.37875
-146.18233  155.37875
-146.1886  155.37875
-146.19486  155.37875
-146.20112  155.37875
-146.20738  155.37875
-146.21364  155.37875
-146.21991  155.37875
-146.22617  155.37875
-146.23243  155.37875
-146.23869  155.37875
-146.24495  155.37875
-146.25121  155.37875
-146.25748  155.37875
-146.26374  155.37875
-146.27  155.37875
-146.27626  155.37875
-146.28252  155.37875
-146.28879  155.37875
-146.29505  155.37875
-146.30131  155.37875
-146.30757  155.37875
-146.31383  155.37875
-146.32009  155.37875
-146.32636  155.37875
-146.33262  155.37875
-146.33888  155.37875
-146.34514  155.37875
-146.3514  155.37875
-146.35767  155.37875
-146.36393  155.37875
-146.37019  155.37875
-146.37645  155.37875
-146.38271  155.37875
-146.38898  155.37875
-146.39524  155.37875
-146.4015  155.37875
-146.40776  155.37875
-146.41402  155.37875
-146.42028  155.37875
-146.42655  155.37875
-146.43281  155.37875
-146.43907  155.37875
-146.44533  155.37875
-146.45159  155.37875
-146.45786  155.37875
-146.46412  155.37875
-146.47038  155.37875
-146.47664  155.37875
-146.4829  155.37875
-146.48917  155.37875
-146.49543  155.37875
-146.50169  155.37875
-146.50795  155.37875
-146.51421  155.37875
-146.52047  155.37875
-146.52674  155.37875
-146.533  155.37875
-146.53926  155.37875
-146.54552  155.37875
-146.55178  155.37875
-146.55805  155.37875
-146.56431  155.37875
-146.57057  155.37875
-146.57683  155.37875
-146.58309  155.37875
-146.58935  155.37875
-146.59562  155.37875
-146.60188  155.37875
-146.60814  155.37875
-146.6144  155.37875
-146.62066  155.37875
-146.62693  155.37875
-146.63319  155.37875
-146.63945  155.37875
-146.64571  155.37875
-146.65197  155.37875
-146.65824  155.37875
-146.6645  155.37875
-146.67076  155.37875
-146.67702  155.37875
-146.68328  155.37875
-146.68954  155.37875
-146.69581  155.37875
-146.70207  155.37875
-146.70833  155.37875
-146.71459  155.37875
-146.72085  155.37875
-146.72712  155.37875
-146.73338  155.37875
-146.73964  155.37875
-146.7459  155.37875
-146.75216  155.37875
-146.75843  155.37875
-146.76469  155.37875
-146.77095  155.37875
-146.77721  155.37875
-146.78347  155.37875
-146.78973  155.37875
-146.796  155.37875
-146.80226  155.37875
-146.80852  155.37875
-146.81478  155.37875
-146.82104  155.37875
-146.82731  155.37875
-146.83357  155.37875
-146.83983  155.37875
-146.84609  155.37875
-146.85235  155.37875
-146.85861  155.37875
-146.86488  155.37875
-146.87114  155.37875
-146.8774  155.37875
-146.88366  155.37875
-146.88992  155.37875
-146.89619  155.37875
-146.90245  155.37875
-146.90871  155.37875
-146.91497  155.37875
-146.92123  155.37875
-146.9275  155.37875
-146.93376  155.37875
-146.94002  155.37875
-146.94628  155.37875
-146.95254  155.37875
-146.9588  155.37875
-146.96507  155.37875
-146.97133  155.37875
-146.97759  155.37875
-146.98385  155.37875
-146.99011  155.37875
-146.99638  155.37875
-147.00264  155.37875
-147.0089  155.37875
-147.01516  155.37875
-147.02142  155.37875
-147.02769  155.37875
-147.03395  155.37875
-147.04021  155.37875
-147.04647  155.37875
-147.05273  155.37875
-147.05899  155.37875
-147.06526  155.37875
-147.07152  155.37875
-147.07778  155.37875
-147.08404  155.37875
-147.0903  155.37875
-147.09657  155.37875
-147.10283  155.37875
-147.10909  155.37875
-147.11535  155.37875
-147.12161  155.37875
-147.12787  155.37875
-147.13414  155.37875
-147.1404  155.37875
-147.14666  155.37875
-147.15292  155.37875
-147.15918  155.37875
-147.16545  155.37875
-147.17171  155.37875
-147.17797  155.37875
-147.18423  155.37875
-147.19049  155.37875
-147.19676  155.37875
-147.20302  155.37875
-147.20928  155.37875
-147.21554  155.37875
-147.2218  155.37875
-147.22806  155.37875
-147.23433  155.37875
-147.24059  155.37875
-147.24685  155.37875
-147.25311  155.37875
-147.25937  155.37875
-147.26564  155.37875
-147.2719  155.37875
-147.27816  155.37875
-147.28442  155.37875
-147.29068  155.37875
-147.29694  155.37875
-147.30321  155.37875
-147.30947  155.37875
-147.31573  155.37875
-147.32199  155.37875
-147.32825  155.37875
-147.33452  155.37875
-147.34078  155.37875
-147.34704  155.37875
-147.3533  155.37875
-147.35956  155.37875
-147.36583  155.37875
-147.37209  155.37875
-147.37835  155.37875
-147.38461  155.37875
-147.39087  155.37875
-147.39713  155.37875
-147.4034  155.37875
-147.40966  155.37875
-147.41592  155.37875
-147.42218  155.37875
-147.42844  155.37875
-147.43471  155.37875
-147.44097  155.37875
-147.44723  155.37875
-147.45349  155.37875
-147.45975  155.37875
-147.46602  155.37875
-147.47228  155.37875
-147.47854  155.37875
-147.4848  155.37875
-147.49106  155.37875
-147.49732  155.37875
-147.50359  155.37875
-147.50985  155.37875
-147.51611  155.37875
-147.52237  155.37875
-147.52863  155.37875
-147.5349  155.37875
-147.54116  155.37875
-147.54742  155.37875
-147.55368  155.37875
-147.55994  155.37875
-147.5662  155.37875
-147.57247  155.37875
-147.57873  155.37875
-147.58499  155.37875
-147.59125  155.37875
-147.59751  155.37875
-147.60378  155.37875
-147.61004  155.37875
-147.6163  155.37875
-147.62256  155.37875
-147.62882  155.37875
-147.63509  155.37875
-147.64135  155.37875
-147.64761  155.37875
-147.65387  155.37875
-147.66013  155.37875
-147.66639  155.37875
-147.67266  155.37875
-147.67892  155.37875
-147.68518  155.37875
-147.69144  155.37875
-147.6977  155.37875
-147.70397  155.37875
-147.71023  155.37875
-147.71649  155.37875
-147.72275  155.37875
-147.72901  155.37875
-147.73528  155.37875
-147.74154  155.37875
-147.7478  155.37875
-147.75406  155.37875
-147.76032  155.37875
-147.76658  155.37875
-147.77285  155.37875
-147.77911  155.37875
-147.78537  155.37875
-147.79163  155.37875
-147.79789  155.37875
-147.80416  155.37875
-147.81042  155.37875
-147.81668  155.37875
-147.82294  155.37875
-147.8292  155.37875
-147.83546  155.37875
-147.84173  155.37875
-147.84799  155.37875
-147.85425  155.37875
-147.86051  155.37875
-147.86677  155.37875
-147.87304  155.37875
-147.8793  155.37875
-147.88556  155.37875
-147.89182  155.37875
-147.89808  155.37875
-147.90435  155.37875
-147.91061  155.37875
-147.91687  155.37875
-147.92313  155.37875
-147.92939  155.37875
-147.93565  155.37875
-147.94192  155.37875
-147.94818  155.37875
-147.95444  155.37875
-147.9607  155.37875
-147.96696  155.37875
-147.97323  155.37875
-147.97949  155.37875
-147.98575  155.37875
-147.99201  155.37875
-147.99827  155.37875
-148.00454  155.37875
-148.0108  155.37875
-148.01706  155.37875
-148.02332  155.37875
-148.02958  155.37875
-148.03584  155.37875
-148.04211  155.37875
-148.04837  155.37875
-148.05463  155.37875
-148.06089  155.37875
-148.06715  155.37875
-148.07342  155.37875
-148.07968  155.37875
-148.08594  155.37875
-148.0922  155.37875
-148.09846  155.37875
-148.10472  155.37875
-148.11099  155.37875
-148.11725  155.37875
-148.12351  155.37875
-148.12977  155.37875
-148.13603  155.37875
-148.1423  155.37875
-148.14856  155.37875
-148.15482  155.37875
-148.16108  155.37875
-148.16734  155.37875
-148.17361  155.37875
-148.17987  155.37875
-148.18613  155.37875
-148.19239  155.37875
-148.19865  155.37875
-148.20491  155.37875
-148.21118  155.37875
-148.21744  155.37875
-148.2237  155.37875
-148.22996  155.37875
-148.23622  155.37875
-148.24249  155.37875
-148.24875  155.37875
-148.25501  155.37875
-148.26127  155.37875
-148.26753  155.37875
-148.2738  155.37875
-148.28006  155.37875
-148.28632  155.37875
-148.29258  155.37875
-148.29884  155.37875
-148.3051  155.37875
-148.31137  155.37875
-148.31763  155.37875
-148.32389  155.37875
-148.33015  155.37875
-148.33641  155.37875
-148.34268  155.37875
-148.34894  155.37875
-148.3552  155.37875
-148.36146  155.37875
-148.36772  155.37875
-148.37398  155.37875
-148.38025  155.37875
-148.38651  155.37875
-148.39277  155.37875
-148.39903  155.37875
-148.40529  155.37875
-148.41156  155.37875
-148.41782  155.37875
-148.42408  155.37875
-148.43034  155.37875
-148.4366  155.37875
-148.44287  155.37875
-148.44913  155.37875
-148.45539  155.37875
-148.46165  155.37875
-148.46791  155.37875
-148.47417  155.37875
-148.48044  155.37875
-148.4867  155.37875
-148.49296  155.37875
-148.49922  155.37875
-148.50548  155.37875
-148.51175  155.37875
-148.51801  155.37875
-148.52427  155.37875
-148.53053  155.37875
-148.53679  155.37875
-148.54306  155.37875
-148.54932  155.37875
-148.55558  155.37875
-148.56184  155.37875
-148.5681  155.37875
-148.57436  155.37875
-148.58063  155.37875
-148.58689  155.37875
-148.59315  155.37875
-148.59941  155.37875
-148.60567  155.37875
-148.61194  155.37875
-148.6182  155.37875
-148.62446  155.37875
-148.63072  155.37875
-148.63698  155.37875
-148.64324  155.37875
-148.64951  155.37875
-148.65577  155.37875
-148.66203  155.37875
-148.66829  155.37875
-148.67455  155.37875
-148.68082  155.37875
-148.68708  155.37875
-148.69334  155.37875
-148.6996  155.37875
-148.70586  155.37875
-148.71213  155.37875
-148.71839  155.37875
-148.72465  155.37875
-148.73091  155.37875
-148.73717  155.37875
-148.74343  155.37875
-148.7497  155.37875
-148.75596  155.37875
-148.76222  155.37875
-148.76848  155.37875
-148.77474  155.37875
-148.78101  155.37875
-148.78727  155.37875
-148.79353  155.37875
-148.79979  155.37875
-148.80605  155.37875
-148.81231  155.37875
-148.81858  155.37875
-148.82484  155.37875
-148.8311  155.37875
-148.83736  155.37875
-148.84362  155.37875
-148.84989  155.37875
-148.85615  155.37875
-148.86241  155.37875
-148.86867  155.37875
-148.87493  155.37875
-148.8812  155.37875
-148.88746  155.37875
-148.89372  155.37875
-148.89998  155.37875
-148.90624  155.37875
-148.9125  155.37875
-148.91877  155.37875
-148.92503  155.37875
-148.93129  155.37875
-148.93755  155.37875
-148.94381  155.37875
-148.95008  155.37875
-148.95634  155.37875
-148.9626  155.37875
-148.96886  155.37875
-148.97512  155.37875
-148.98139  155.37875
-148.98765  155.37875
-148.99391  155.37875
-149.00017  155.37875
-149.00643  155.37875
-149.01269  155.37875
-149.01896  155.37875
-149.02522  155.37875
-149.03148  155.37875
-149.03774  155.37875
-149.044  155.37875
-149.05027  155.37875
-149.05653  155.37875
-149.06279  155.37875
-149.06905  155.37875
-149.07531  155.37875
-149.08157  155.37875
-149.08784  155.37875
-149.0941  155.37875
-149.10036  155.37875
-149.10662  155.37875
-149.11288  155.37875
-149.11915  155.37875
-149.12541  155.37875
-149.13167  155.37875
-149.13793  155.37875
-149.14419  155.37875
-149.15046  155.37875
-149.15672  155.37875
-149.16298  155.37875
-149.16924  155.37875
-149.1755  155.37875
-149.18176  155.37875
-149.18803  155.37875
-149.19429  155.37875
-149.20055  155.37875
-149.20681  155.37875
-149.21307  155.37875
-149.21934  155.37875
-149.2256  155.37875
-149.23186  155.37875
-149.23812  155.37875
-149.24438  155.37875
-149.25065  155.37875
-149.25691  155.37875
-149.26317  155.37875
-149.26943  155.37875
-149.27569  155.37875
-149.28195  155.37875
-149.28822  155.37875
-149.29448  155.37875
-149.30074  155.37875
-149.307  155.37875
-149.31326  155.37875
-149.31953  155.37875
-149.32579  155.37875
-149.33205  155.37875
-149.33831  155.37875
-149.34457  155.37875
-149.35083  155.37875
-149.3571  155.37875
-149.36336  155.37875
-149.36962  155.37875
-149.37588  155.37875
-149.38214  155.37875
-149.38841  155.37875
-149.39467  155.37875
-149.40093  155.37875
-149.40719  155.37875
-149.41345  155.37875
-149.41972  155.37875
-149.42598  155.37875
-149.43224  155.37875
-149.4385  155.37875
-149.44476  155.37875
-149.45102  155.37875
-149.45729  155.37875
-149.46355  155.37875
-149.46981  155.37875
-149.47607  155.37875
-149.48233  155.37875
-149.4886  155.37875
-149.49486  155.37875
-149.50112  155.37875
-149.50738  155.37875
-149.51364  155.37875
-149.51991  155.37875
-149.52617  155.37875
-149.53243  155.37875
-149.53869  155.37875
-149.54495  155.37875
-149.55121  155.37875
-149.55748  155.37875
-149.56374  155.37875
-149.57  155.37875
-149.57626  155.37875
-149.58252  155.37875
-149.58879  155.37875
-149.59505  155.37875
-149.60131  155.37875
-149.60757  155.37875
-149.61383  155.37875
-149.62009  155.37875
-149.62636  155.37875
-149.63262  155.37875
-149.63888  155.37875
-149.64514  155.37875
-149.6514  155.37875
-149.65767  155.37875
-149.66393  155.37875
-149.67019  155.37875
-149.67645  155.37875
-149.68271  155.37875
-149.68898  155.37875
-149.69524  155.37875
-149.7015  155.37875
-149.70776  155.37875
-149.71402  155.37875
-149.72028  155.37875
-149.72655  155.37875
-149.73281  155.37875
-149.73907  155.37875
-149.74533  155.37875
-149.75159  155.37875
-149.75786  155.37875
-149.76412  155.37875
-149.77038  155.37875
-149.77664  155.37875
-149.7829  155.37875
-149.78917  155.37875
-149.79543  155.37875
-149.80169  155.37875
-149.80795  155.37875
-149.81421  155.37875
-149.82047  155.37875
-149.82674  155.37875
-149.833  155.37875
-149.83926  155.37875
-149.84552  155.37875
-149.85178  155.37875
-149.85805  155.37875
-149.86431  155.37875
-149.87057  155.37875
-149.87683  155.37875
-149.88309  155.37875
-149.88935  155.37875
-149.89562  155.37875
-149.90188  155.37875
-149.90814  155.37875
-149.9144  155.37875
-149.92066  155.37875
-149.92693  155.37875
-149.93319  155.37875
-149.93945  155.37875
-149.94571  155.37875
-149.95197  155.37875
-149.95824  155.37875
-149.9645  155.37875
-149.97076  155.37875
-149.97702  155.37875
-149.98328  155.37875
-149.98954  155.37875
-149.99581  155.37875
-150.00207  155.37875
-150.00833  155.37875
-150.01459  155.37875
-150.02085  155.37875
-150.02712  155.37875
-150.03338  155.37875
-150.03964  155.37875
-150.0459  155.37875
-150.05216  155.37875
-150.05843  155.37875
-150.06469  155.37875
-150.07095  155.37875
-150.07721  155.37875
-150.08347  155.37875
-150.08973  155.37875
-150.096  155.37875
-150.10226  155.37875
-150.10852  155.37875
-150.11478  155.37875
-150.12104  155.37875
-150.12731  155.37875
-150.13357  155.37875
-150.13983  155.37875
-150.14609  155.37875
-150.15235  155.37875
-150.15861  155.37875
-150.16488  155.37875
-150.17114  155.37875
-150.1774  155.37875
-150.18366  155.37875
-150.18992  155.37875
-150.19619  155.37875
-150.20245  155.37875
-150.20871  155.37875
-150.21497  155.37875
-150.22123  155.37875
-150.2275  155.37875
-150.23376  155.37875
-150.24002  155.37875
-150.24628  155.37875
-150.25254  155.37875
-150.2588  155.37875
-150.26507  155.37875
-150.27133  155.37875
-150.27759  155.37875
-150.28385  155.37875
-150.29011  155.37875
-150.29638  155.37875
-150.30264  155.37875
-150.3089  155.37875
-150.31516  155.37875
-150.32142  155.37875
-150.32769  155.37875
-150.33395  155.37875
-150.34021  155.37875
-150.34647  155.37875
-150.35273  155.37875
-150.35899  155.37875
-150.36526  155.37875
-150.37152  155.37875
-150.37778  155.37875
-150.38404  155.37875
-150.3903  155.37875
-150.39657  155.37875
-150.40283  155.37875
-150.40909  155.37875
-150.41535  155.37875
-150.42161  155.37875
-150.42787  155.37875
-150.43414  155.37875
-150.4404  155.37875
-150.44666  155.37875
-150.45292  155.37875
-150.45918  155.37875
-150.46545  155.37875
-150.47171  155.37875
-150.47797  155.37875
-150.48423  155.37875
-150.49049  155.37875
-150.49676  155.37875
-150.50302  155.37875
-150.50928  155.37875
-150.51554  155.37875
-150.5218  155.37875
-150.52806  155.37875
-150.53433  155.37875
-150.54059  155.37875
-150.54685  155.37875
-150.55311  155.37875
-150.55937  155.37875
-150.56564  155.37875
-150.5719  155.37875
-150.57816  155.37875
-150.58442  155.37875
-150.59068  155.37875
-150.59694  155.37875
-150.60321  155.37875
-150.60947  155.37875
-150.61573  155.37875
-150.62199  155.37875
-150.62825  155.37875
-150.63452  155.37875
-150.64078  155.37875
-150.64704  155.37875
-150.6533  155.37875
-150.65956  155.37875
-150.66583  155.37875
-150.67209  155.37875
-150.67835  155.37875
-150.68461  155.37875
-150.69087  155.37875
-150.69713  155.37875
-150.7034  155.37875
-150.70966  155.37875
-150.71592  155.37875
-150.72218  155.37875
-150.72844  155.37875
-150.73471  155.37875
-150.74097  155.37875
-150.74723  155.37875
-150.75349  155.37875
-150.75975  155.37875
-150.76602  155.37875
-150.77228  155.37875
-150.77854  155.37875
-150.7848  155.37875
-150.79106  155.37875
-150.79732  155.37875
-150.80359  155.37875
-150.80985  155.37875
-150.81611  155.37875
-150.82237  155.37875
-150.82863  155.37875
-150.8349  155.37875
-150.84116  155.37875
-150.84742  155.37875
-150.85368  155.37875
-150.85994  155.37875
-150.8662  155.37875
-150.87247  155.37875
-150.87873  155.37875
-150.88499  155.37875
-150.89125  155.37875
-150.89751  155.37875
-150.90378  155.37875
-150.91004  155.37875
-150.9163  155.37875
-150.92256  155.37875
-150.92882  155.37875
-150.93509  155.37875
-150.94135  155.37875
-150.94761  155.37875
-150.95387  155.37875
-150.96013  155.37875
-150.96639  155.37875
-150.97266  155.37875
-150.97892  155.37875
-150.98518  155.37875
-150.99144  155.37875
-150.9977  155.37875
-151.00397  155.37875
-151.01023  155.37875
-151.01649  155.37875
-151.02275  155.37875
-151.02901  155.37875
-151.03528  155.37875
-151.04154  155.37875
-151.0478  155.37875
-151.05406  155.37875
-151.06032  155.37875
-151.06658  155.37875
-151.07285  155.37875
-151.07911  155.37875
-151.08537  155.37875
-151.09163  155.37875
-151.09789  155.37875
-151.10416  155.37875
-151.11042  155.37875
-151.11668  155.37875
-151.12294  155.37875
-151.1292  155.37875
-151.13546  155.37875
-151.14173  155.37875
-151.14799  155.37875
-151.15425  155.37875
-151.16051  155.37875
-151.16677  155.37875
-151.17304  155.37875
-151.1793  155.37875
-151.18556  155.37875
-151.19182  155.37875
-151.19808  155.37875
-151.20435  155.37875
-151.21061  155.37875
-151.21687  155.37875
-151.22313  155.37875
-151.22939  155.37875
-151.23565  155.37875
-151.24192  155.37875
-151.24818  155.37875
-151.25444  155.37875
-151.2607  155.37875
-151.26696  155.37875
-151.27323  155.37875
-151.27949  155.37875
-151.28575  155.37875
-151.29201  155.37875
-151.29827  155.37875
-151.30454  155.37875
-151.3108  155.37875
-151.31706  155.37875
-151.32332  155.37875
-151.32958  155.37875
-151.33584  155.37875
-151.34211  155.37875
-151.34837  155.37875
-151.35463  155.37875
-151.36089  155.37875
-151.36715  155.37875
-151.37342  155.37875
-151.37968  155.37875
-151.38594  155.37875
-151.3922  155.37875
-151.39846  155.37875
-151.40472  155.37875
-151.41099  155.37875
-151.41725  155.37875
-151.42351  155.37875
-151.42977  155.37875
-151.43603  155.37875
-151.4423  155.37875
-151.44856  155.37875
-151.45482  155.37875
-151.46108  155.37875
-151.46734  155.37875
-151.47361  155.37875
-151.47987  155.37875
-151.48613  155.37875
-151.49239  155.37875
-151.49865  155.37875
-151.50491  155.37875
-151.51118  155.37875
-151.51744  155.37875
-151.5237  155.37875
-151.52996  155.37875
-151.53622  155.37875
-151.54249  155.37875
-151.54875  155.37875
-151.55501  155.37875
-151.56127  155.37875
-151.56753  155.37875
-151.5738  155.37875
-151.58006  155.37875
-151.58632  155.37875
-151.59258  155.37875
-151.59884  155.37875
-151.6051  155.37875
-151.61137  155.37875
-151.61763  155.37875
-151.62389  155.37875
-151.63015  155.37875
-151.63641  155.37875
-151.64268  155.37875
-151.64894  155.37875
-151.6552  155.37875
-151.66146  155.37875
-151.66772  155.37875
-151.67398  155.37875
-151.68025  155.37875
-151.68651  155.37875
-151.69277  155.37875
-151.69903  155.37875
-151.70529  155.37875
-151.71156  155.37875
-151.71782  155.37875
-151.72408  155.37875
-151.73034  155.37875
-151.7366  155.37875
-151.74287  155.37875
-151.74913  155.37875
-151.75539  155.37875
-151.76165  155.37875
-151.76791  155.37875
-151.77417  155.37875
-151.78044  155.37875
-151.7867  155.37875
-151.79296  155.37875
-151.79922  155.37875
-151.80548  155.37875
-151.81175  155.37875
-151.81801  155.37875
-151.82427  155.37875
-151.83053  155.37875
-151.83679  155.37875
-151.84306  155.37875
-151.84932  155.37875
-151.85558  155.37875
-151.86184  155.37875
-151.8681  155.37875
-151.87436  155.37875
-151.88063  155.37875
-151.88689  155.37875
-151.89315  155.37875
-151.89941  155.37875
-151.90567  155.37875
-151.91194  155.37875
-151.9182  155.37875
-151.92446  155.37875
-151.93072  155.37875
-151.93698  155.37875
-151.94324  155.37875
-151.94951  155.37875
-151.95577  155.37875
-151.96203  155.37875
-151.96829  155.37875
-151.97455  155.37875
-151.98082  155.37875
-151.98708  155.37875
-151.99334  155.37875
-151.9996  155.37875
-152.00586  155.37875
-152.01213  155.37875
-152.01839  155.37875
-152.02465  155.37875
-152.03091  155.37875
-152.03717  155.37875
-152.04343  155.37875
-152.0497  155.37875
-152.05596  155.37875
-152.06222  155.37875
-152.06848  155.37875
-152.07474  155.37875
-152.08101  155.37875
-152.08727  155.37875
-152.09353  155.37875
-152.09979  155.37875
-152.10605  155.37875
-152.11231  155.37875
-152.11858  155.37875
-152.12484  155.37875
-152.1311  155.37875
-152.13736  155.37875
-152.14362  155.37875
-152.14989  155.37875
-152.15615  155.37875
-152.16241  155.37875
-152.16867  155.37875
-152.17493  155.37875
-152.1812  155.37875
-152.18746  155.37875
-152.19372  155.37875
-152.19998  155.37875
-152.20624  155.37875
-152.2125  155.37875
-152.21877  155.37875
-152.22503  155.37875
-152.23129  155.37875
-152.23755  155.37875
-152.24381  155.37875
-152.25008  155.37875
-152.25634  155.37875
-152.2626  155.37875
-152.26886  155.37875
-152.27512  155.37875
-152.28139  155.37875
-152.28765  155.37875
-152.29391  155.37875
-152.30017  155.37875
-152.30643  155.37875
-152.31269  155.37875
-152.31896  155.37875
-152.32522  155.37875
-152.33148  155.37875
-152.33774  155.37875
-152.344  155.37875
-152.35027  155.37875
-152.35653  155.37875
-152.36279  155.37875
-152.36905  155.37875
-152.37531  155.37875
-152.38157  155.37875
-152.38784  155.37875
-152.3941  155.37875
-152.40036  155.37875
-152.40662  155.37875
-152.41288  155.37875
-152.41915  155.37875
-152.42541  155.37875
-152.43167  155.37875
-152.43793  155.37875
-152.44419  155.37875
-152.45046  155.37875
-152.45672  155.37875
-152.46298  155.37875
-152.46924  155.37875
-152.4755  155.37875
-152.48176  155.37875
-152.48803  155.37875
-152.49429  155.37875
-152.50055  155.37875
-152.50681  155.37875
-152.51307  155.37875
-152.51934  155.37875
-152.5256  155.37875
-152.53186  155.37875
-152.53812  155.37875
-152.54438  155.37875
-152.55065  155.37875
-152.55691  155.37875
-152.56317  155.37875
-152.56943  155.37875
-152.57569  155.37875
-152.58195  155.37875
-152.58822  155.37875
-152.59448  155.37875
-152.60074  155.37875
-152.607  155.37875
-152.61326  155.37875
-152.61953  155.37875
-152.62579  155.37875
-152.63205  155.37875
-152.63831  155.37875
-152.64457  155.37875
-152.65083  155.37875
-152.6571  155.37875
-152.66336  155.37875
-152.66962  155.37875
-152.67588  155.37875
-152.68214  155.37875
-152.68841  155.37875
-152.69467  155.37875
-152.70093  155.37875
-152.70719  155.37875
-152.71345  155.37875
-152.71972  155.37875
-152.72598  155.37875
-152.73224  155.37875
-152.7385  155.37875
-152.74476  155.37875
-152.75102  155.37875
-152.75729  155.37875
-152.76355  155.37875
-152.76981  155.37875
-152.77607  155.37875
-152.78233  155.37875
-152.7886  155.37875
-152.79486  155.37875
-152.80112  155.37875
-152.80738  155.37875
-152.81364  155.37875
-152.81991  155.37875
-152.82617  155.37875
-152.83243  155.37875
-152.83869  155.37875
-152.84495  155.37875
-152.85121  155.37875
-152.85748  155.37875
-152.86374  155.37875
-152.87  155.37875
-152.87626  155.37875
-152.88252  155.37875
-152.88879  155.37875
-152.89505  155.37875
-152.90131  155.37875
-152.90757  155.37875
-152.91383  155.37875
-152.92009  155.37875
-152.92636  155.37875
-152.93262  155.37875
-152.93888  155.37875
-152.94514  155.37875
-152.9514  155.37875
-152.95767  155.37875
-152.96393  155.37875
-152.97019  155.37875
-152.97645  155.37875
-152.98271  155.37875
-152.98898  155.37875
-152.99524  155.37875
-153.0015  155.37875
-153.00776  155.37875
-153.01402  155.37875
-153.02028  155.37875
-153.02655  155.37875
-153.03281  155.37875
-153.03907  155.37875
-153.04533  155.37875
-153.05159  155.37875
-153.05786  155.37875
-153.06412  155.37875
-153.07038  155.37875
-153.07664  155.37875
-153.0829  155.37875
-153.08917  155.37875
-153.09543  155.37875
-153.10169  155.37875
-153.10795  155.37875
-153.11421  155.37875
-153.12047  155.37875
-153.12674  155.37875
-153.133  155.37875
-153.13926  155.37875
-153.14552  155.37875
-153.15178  155.37875
-153.15805  155.37875
-153.16431  155.37875
-153.17057  155.37875
-153.17683  155.37875
-153.18309  155.37875
-153.18935  155.37875
-153.19562  155.37875
-153.20188  155.37875
-153.20814  155.37875
-153.2144  155.37875
-153.22066  155.37875
-153.22693  155.37875
-153.23319  155.37875
-153.23945  155.37875
-153.24571  155.37875
-153.25197  155.37875
-153.25824  155.37875
-153.2645  155.37875
-153.27076  155.37875
-153.27702  155.37875
-153.28328  155.37875
-153.28954  155.37875
-153.29581  155.37875
-153.30207  155.37875
-153.30833  155.37875
-153.31459  155.37875
-153.32085  155.37875
-153.32712  155.37875
-153.33338  155.37875
-153.33964  155.37875
-153.3459  155.37875
-153.35216  155.37875
-153.35843  155.37875
-153.36469  155.37875
-153.37095  155.37875
-153.37721  155.37875
-153.38347  155.37875
-153.38973  155.37875
-153.396  155.37875
-153.40226  155.37875
-153.40852  155.37875
-153.41478  155.37875
-153.42104  155.37875
-153.42731  155.37875
-153.43357  155.37875
-153.43983  155.37875
-153.44609  155.37875
-153.45235  155.37875
-153.45861  155.37875
-153.46488  155.37875
-153.47114  155.37875
-153.4774  155.37875
-153.48366  155.37875
-153.48992  155.37875
-153.49619  155.37875
-153.50245  155.37875
-153.50871  155.37875
-153.51497  155.37875
-153.52123  155.37875
-153.5275  155.37875
-153.53376  155.37875
-153.54002  155.37875
-153.54628  155.37875
-153.55254  155.37875
-153.5588  155.37875
-153.56507  155.37875
-153.57133  155.37875
-153.57759  155.37875
-153.58385  155.37875
-153.59011  155.37875
-153.59638  155.37875
-153.60264  155.37875
-153.6089  155.37875
-153.61516  155.37875
-153.62142  155.37875
-153.62769  155.37875
-153.63395  155.37875
-153.64021  155.37875
-153.64647  155.37875
-153.65273  155.37875
-153.65899  155.37875
-153.66526  155.37875
-153.67152  155.37875
-153.67778  155.37875
-153.68404  155.37875
-153.6903  155.37875
-153.69657  155.37875
-153.70283  155.37875
-153.70909  155.37875
-153.71535  155.37875
-153.72161  155.37875
-153.72787  155.37875
-153.73414  155.37875
-153.7404  155.37875
-153.74666  155.37875
-153.75292  155.37875
-153.75918  155.37875
-153.76545  155.37875
-153.77171  155.37875
-153.77797  155.37875
-153.78423  155.37875
-153.79049  155.37875
-153.79676  155.37875
-153.80302  155.37875
-153.80928  155.37875
-153.81554  155.37875
-153.8218  155.37875
-153.82806  155.37875
-153.83433  155.37875
-153.84059  155.37875
-153.84685  155.37875
-153.85311  155.37875
-153.85937  155.37875
-153.86564  155.37875
-153.8719  155.37875
-153.87816  155.37875
-153.88442  155.37875
-153.89068  155.37875
-153.89694  155.37875
-153.90321  155.37875
-153.90947  155.37875
-153.91573  155.37875
-153.92199  155.37875
-153.92825  155.37875
-153.93452  155.37875
-153.94078  155.37875
-153.94704  155.37875
-153.9533  155.37875
-153.95956  155.37875
-153.96583  155.37875
-153.97209  155.37875
-153.97835  155.37875
-153.98461  155.37875
-153.99087  155.37875
-153.99713  155.37875
-154.0034  155.37875
-154.00966  155.37875
-154.01592  155.37875
-154.02218  155.37875
-154.02844  155.37875
-154.03471  155.37875
-154.04097  155.37875
-154.04723  155.37875
-154.05349  155.37875
-154.05975  155.37875
-154.06602  155.37875
-154.07228  155.37875
-154.07854  155.37875
-154.0848  155.37875
-154.09106  155.37875
-154.09732  155.37875
-154.10359  155.37875
-154.10985  155.37875
-154.11611  155.37875
-154.12237  155.37875
-154.12863  155.37875
-154.1349  155.37875
-154.14116  155.37875
-154.14742  155.37875
-154.15368  155.37875
-154.15994  155.37875
-154.1662  155.37875
-154.17247  155.37875
-154.17873  155.37875
-154.18499  155.37875
-154.19125  155.37875
-154.19751  155.37875
-154.20378  155.37875
-154.21004  155.37875
-154.2163  155.37875
-154.22256  155.37875
-154.22882  155.37875
-154.23509  155.37875
-154.24135  155.37875
-154.24761  155.37875
-154.25387  155.37875
-154.26013  155.37875
-154.26639  155.37875
-154.27266  155.37875
-154.27892  155.37875
-154.28518  155.37875
-154.29144  155.37875
-154.2977  155.37875
-154.30397  155.37875
-154.31023  155.37875
-154.31649  155.37875
-154.32275  155.37875
-154.32901  155.37875
-154.33528  155.37875
-154.34154  155.37875
-154.3478  155.37875
-154.35406  155.37875
-154.36032  155.37875
-154.36658  155.37875
-154.37285  155.37875
-154.37911  155.37875
-154.38537  155.37875
-154.39163  155.37875
-154.39789  155.37875
-154.40416  155.37875
-154.41042  155.37875
-154.41668  155.37875
-154.42294  155.37875
-154.4292  155.37875
-154.43546  155.37875
-154.44173  155.37875
-154.44799  155.37875
-154.45425  155.37875
-154.46051  155.37875
-154.46677  155.37875
-154.47304  155.37875
-154.4793  155.37875
-154.48556  155.37875
-154.49182  155.37875
-154.49808  155.37875
-154.50435  155.37875
-154.51061  155.37875
-154.51687  155.37875
-154.52313  155.37875
-154.52939  155.37875
-154.53565  155.37875
-154.54192  155.37875
-154.54818  155.37875
-154.55444  155.37875
-154.5607  155.37875
-154.56696  155.37875
-154.57323  155.37875
-154.57949  155.37875
-154.58575  155.37875
-154.59201  155.37875
-154.59827  155.37875
-154.60454  155.37875
-154.6108  155.37875
-154.61706  155.37875
-154.62332  155.37875
-154.62958  155.37875
-154.63584  155.37875
-154.64211  155.37875
-154.64837  155.37875
-154.65463  155.37875
-154.66089  155.37875
-154.66715  155.37875
-154.67342  155.37875
-154.67968  155.37875
-154.68594  155.37875
-154.6922  155.37875
-154.69846  155.37875
-154.70472  155.37875
-154.71099  155.37875
-154.71725  155.37875
-154.72351  155.37875
-154.72977  155.37875
-154.73603  155.37875
-154.7423  155.37875
-154.74856  155.37875
-154.75482  155.37875
-154.76108  155.37875
-154.76734  155.37875
-154.77361  155.37875
-154.77987  155.37875
-154.78613  155.37875
-154.79239  155.37875
-154.79865  155.37875
-154.80491  155.37875
-154.81118  155.37875
-154.81744  155.37875
-154.8237  155.37875
-154.82996  155.37875
-154.83622  155.37875
-154.84249  155.37875
-154.84875  155.37875
-154.85501  155.37875
-154.86127  155.37875
-154.86753  155.37875
-154.8738  155.37875
-154.88006  155.37875
-154.88632  155.37875
-154.89258  155.37875
-154.89884  155.37875
-154.9051  155.37875
-154.91137  155.37875
-154.91763  155.37875
-154.92389  155.37875
-154.93015  155.37875
-154.93641  155.37875
-154.94268  155.37875
-154.94894  155.37875
-154.9552  155.37875
-154.96146  155.37875
-154.96772  155.37875
-154.97398  155.37875
-154.98025  155.37875
-154.98651  155.37875
-154.99277  155.37875
-154.99903  155.37875
-155.00529  155.37875
-155.01156  155.37875
-155.01782  155.37875
-155.02408  155.37875
-155.03034  155.37875
-155.0366  155.37875
-155.04287  155.37875
-155.04913  155.37875
-155.05539  155.37875
-155.06165  155.37875
-155.06791  155.37875
-155.07417  155.37875
-155.08044  155.37875
-155.0867  155.37875
-155.09296  155.37875
-155.09922  155.37875
-155.10548  155.37875
-155.11175  155.37875
-155.11801  155.37875
-155.12427  155.37875
-155.13053  155.37875
-155.13679  155.37875
-155.14306  155.37875
-155.14932  155.37875
-155.15558  155.37875
-155.16184  155.37875
-155.1681  155.37875
-155.17436  155.37875
-155.18063  155.37875
-155.18689  155.37875
-155.19315  155.37875
-155.19941  155.37875
-155.20567  155.37875
-155.21194  155.37875
-155.2182  155.37875
-155.22446  155.37875
-155.23072  155.37875
-155.23698  155.37875
-155.24324  155.37875
-155.24951  155.37875
-155.25577  155.37875
-155.26203  155.37875
-155.26829  155.37875
-155.27455  155.37875
-155.28082  155.37875
-155.28708  155.37875
-155.29334  155.37875
-155.2996  155.37875
-155.30586  155.37875
-155.31213  155.37875
-155.31839  155.37875
-155.32465  155.37875
-155.33091  155.37875
-155.33717  155.37875
-155.34343  155.37875
-155.3497  155.37875
-155.35596  155.37875
-155.36222  155.37875
-155.36848  155.37875
-155.37474  155.37875
-155.38101  155.37875
-155.38727  155.37875
-155.39353  155.37875
-155.39979  155.37875
-155.40605  155.37875
-155.41231  155.37875
-155.41858  155.37875
-155.42484  155.37875
-155.4311  155.37875
-155.43736  155.37875
-155.44362  155.37875
-155.44989  155.37875
-155.45615  155.37875
-155.46241  155.37875
-155.46867  155.37875
-155.47493  155.37875
-155.4812  155.37875
-155.48746  155.37875
-155.49372  155.37875
-155.49998  155.37875
-155.50624  155.37875
-155.5125  155.37875
-155.51877  155.37875
-155.52503  155.37875
-155.53129  155.37875
-155.53755  155.37875
-155.54381  155.37875
-155.55008  155.37875
-155.55634  155.37875
-155.5626  155.37875
-155.56886  155.37875
-155.57512  155.37875
-155.58139  155.37875
-155.58765  155.37875
-155.59391  155.37875
-155.60017  155.37875
-155.60643  155.37875
-155.61269  155.37875
-155.61896  155.37875
-155.62522  155.37875
-155.63148  155.37875
-155.63774  155.37875
-155.644  155.37875
-155.65027  155.37875
-155.65653  155.37875
-155.66279  155.37875
-155.66905  155.37875
-155.67531  155.37875
-155.68157  155.37875
-155.68784  155.37875
-155.6941  155.37875
-155.70036  155.37875
-155.70662  155.37875
-155.71288  155.37875
-155.71915  155.37875
-155.72541  155.37875
-155.73167  155.37875
-155.73793  155.37875
-155.74419  155.37875
-155.75046  155.37875
-155.75672  155.37875
-155.76298  155.37875
-155.76924  155.37875
-155.7755  155.37875
-155.78176  155.37875
-155.78803  155.37875
-155.79429  155.37875
-155.80055  155.37875
-155.80681  155.37875
-155.81307  155.37875
-155.81934  155.37875
-155.8256  155.37875
-155.83186  155.37875
-155.83812  155.37875
-155.84438  155.37875
-155.85065  155.37875
-155.85691  155.37875
-155.86317  155.37875
-155.86943  155.37875
-155.87569  155.37875
-155.88195  155.37875
-155.88822  155.37875
-155.89448  155.37875
-155.90074  155.37875
-155.907  155.37875
-155.91326  155.37875
-155.91953  155.37875
-155.92579  155.37875
-155.93205  155.37875
-155.93831  155.37875
-155.94457  155.37875
-155.95083  155.37875
-155.9571  155.37875
-155.96336  155.37875
-155.96962  155.37875
-155.97588  155.37875
-155.98214  155.37875
-155.98841  155.37875
-155.99467  155.37875
-156.00093  155.37875
-156.00719  155.37875
-156.01345  155.37875
-156.01972  155.37875
-156.02598  155.37875
-156.03224  155.37875
-156.0385  155.37875
-156.04476  155.37875
-156.05102  155.37875
-156.05729  155.37875
-156.06355  155.37875
-156.06981  155.37875
-156.07607  155.37875
-156.08233  155.37875
-156.0886  155.37875
-156.09486  155.37875
-156.10112  155.37875
-156.10738  155.37875
-156.11364  155.37875
-156.11991  155.37875
-156.12617  155.37875
-156.13243  155.37875
-156.13869  155.37875
-156.14495  155.37875
-156.15121  155.37875
-156.15748  155.37875
-156.16374  155.37875
-156.17  155.37875
-156.17626  155.37875
-156.18252  155.37875
-156.18879  155.37875
-156.19505  155.37875
-156.20131  155.37875
-156.20757  155.37875
-156.21383  155.37875
-156.22009  155.37875
-156.22636  155.37875
-156.23262  155.37875
-156.23888  155.37875
-156.24514  155.37875
-156.2514  155.37875
-156.25767  155.37875
-156.26393  155.37875
-156.27019  155.37875
-156.27645  155.37875
-156.28271  155.37875
-156.28898  155.37875
-156.29524  155.37875
-156.3015  155.37875
-156.30776  155.37875
-156.31402  155.37875
-156.32028  155.37875
-156.32655  155.37875
-156.33281  155.37875
-156.33907  155.37875
-156.34533  155.37875
-156.35159  155.37875
-156.35786  155.37875
-156.36412  155.37875
-156.37038  155.37875
-156.37664  155.37875
-156.3829  155.37875
-156.38917  155.37875
-156.39543  155.37875
-156.40169  155.37875
-156.40795  155.37875
-156.41421  155.37875
-156.42047  155.37875
-156.42674  155.37875
-156.433  155.37875
-156.43926  155.37875
-156.44552  155.37875
-156.45178  155.37875
-156.45805  155.37875
-156.46431  155.37875
-156.47057  155.37875
-156.47683  155.37875
-156.48309  155.37875
-156.48935  155.37875
-156.49562  155.37875
-156.50188  155.37875
-156.50814  155.37875
-156.5144  155.37875
-156.52066  155.37875
-156.52693  155.37875
-156.53319  155.37875
-156.53945  155.37875
-156.54571  155.37875
-156.55197  155.37875
-156.55824  155.37875
-156.5645  155.37875
-156.57076  155.37875
-156.57702  155.37875
-156.58328  155.37875
-156.58954  155.37875
-156.59581  155.37875
-156.60207  155.37875
-156.60833  155.37875
-156.61459  155.37875
-156.62085  155.37875
-156.62712  155.37875
-156.63338  155.37875
-156.63964  155.37875
-156.6459  155.37875
-156.65216  155.37875
-156.65843  155.37875
-156.66469  155.37875
-156.67095  155.37875
-156.67721  155.37875
-156.68347  155.37875
-156.68973  155.37875
-156.696  155.37875
-156.70226  155.37875
-156.70852  155.37875
-156.71478  155.37875
-156.72104  155.37875
-156.72731  155.37875
-156.73357  155.37875
-156.73983  155.37875
-156.74609  155.37875
-156.75235  155.37875
-156.75861  155.37875
-156.76488  155.37875
-156.77114  155.37875
-156.7774  155.37875
-156.78366  155.37875
-156.78992  155.37875
-156.79619  155.37875
-156.80245  155.37875
-156.80871  155.37875
-156.81497  155.37875
-156.82123  155.37875
-156.8275  155.37875
-156.83376  155.37875
-156.84002  155.37875
-156.84628  155.37875
-156.85254  155.37875
-156.8588  155.37875
-156.86507  155.37875
-156.87133  155.37875
-156.87759  155.37875
-156.88385  155.37875
-156.89011  155.37875
-156.89638  155.37875
-156.90264  155.37875
-156.9089  155.37875
-156.91516  155.37875
-156.92142  155.37875
-156.92769  155.37875
-156.93395  155.37875
-156.94021  155.37875
-156.94647  155.37875
-156.95273  155.37875
-156.95899  155.37875
-156.96526  155.37875
-156.97152  155.37875
-156.97778  155.37875
-156.98404  155.37875
-156.9903  155.37875
-156.99657  155.37875
-157.00283  155.37875
-157.00909  155.37875
-157.01535  155.37875
-157.02161  155.37875
-157.02787  155.37875
-157.03414  155.37875
-157.0404  155.37875
-157.04666  155.37875
-157.05292  155.37875
-157.05918  155.37875
-157.06545  155.37875
-157.07171  155.37875
-157.07797  155.37875
-157.08423  155.37875
-157.09049  155.37875
-157.09676  155.37875
-157.10302  155.37875
-157.10928  155.37875
-157.11554  155.37875
-157.1218  155.37875
-157.12806  155.37875
-157.13433  155.37875
-157.14059  155.37875
-157.14685  155.37875
-157.15311  155.37875
-157.15937  155.37875
-157.16564  155.37875
-157.1719  155.37875
-157.17816  155.37875
-157.18442  155.37875
-157.19068  155.37875
-157.19694  155.37875
-157.20321  155.37875
-157.20947  155.37875
-157.21573  155.37875
-157.22199  155.37875
-157.22825  155.37875
-157.23452  155.37875
-157.24078  155.37875
-157.24704  155.37875
-157.2533  155.37875
-157.25956  155.37875
-157.26583  155.37875
-157.27209  155.37875
-157.27835  155.37875
-157.28461  155.37875
-157.29087  155.37875
-157.29713  155.37875
-157.3034  155.37875
-157.30966  155.37875
-157.31592  155.37875
-157.32218  155.37875
-157.32844  155.37875
-157.33471  155.37875
-157.34097  155.37875
-157.34723  155.37875
-157.35349  155.37875
-157.35975  155.37875
-157.36602  155.37875
-157.37228  155.37875
-157.37854  155.37875
-157.3848  155.37875
-157.39106  155.37875
-157.39732  155.37875
-157.40359  155.37875
-157.40985  155.37875
-157.41611  155.37875
-157.42237  155.37875
-157.42863  155.37875
-157.4349  155.37875
-157.44116  155.37875
-157.44742  155.37875
-157.45368  155.37875
-157.45994  155.37875
-157.4662  155.37875
-157.47247  155.37875
-157.47873  155.37875
-157.48499  155.37875
-157.49125  155.37875
-157.49751  155.37875
-157.50378  155.37875
-157.51004  155.37875
-157.5163  155.37875
-157.52256  155.37875
-157.52882  155.37875
-157.53509  155.37875
-157.54135  155.37875
-157.54761  155.37875
-157.55387  155.37875
-157.56013  155.37875
-157.56639  155.37875
-157.57266  155.37875
-157.57892  155.37875
-157.58518  155.37875
-157.59144  155.37875
-157.5977  155.37875
-157.60397  155.37875
-157.61023  155.37875
-157.61649  155.37875
-157.62275  155.37875
-157.62901  155.37875
-157.63528  155.37875
-157.64154  155.37875
-157.6478  155.37875
-157.65406  155.37875
-157.66032  155.37875
-157.66658  155.37875
-157.67285  155.37875
-157.67911  155.37875
-157.68537  155.37875
-157.69163  155.37875
-157.69789  155.37875
-157.70416  155.37875
-157.71042  155.37875
-157.71668  155.37875
-157.72294  155.37875
-157.7292  155.37875
-157.73546  155.37875
-157.74173  155.37875
-157.74799  155.37875
-157.75425  155.37875
-157.76051  155.37875
-157.76677  155.37875
-157.77304  155.37875
-157.7793  155.37875
-157.78556  155.37875
-157.79182  155.37875
-157.79808  155.37875
-157.80435  155.37875
-157.81061  155.37875
-157.81687  155.37875
-157.82313  155.37875
-157.82939  155.37875
-157.83565  155.37875
-157.84192  155.37875
-157.84818  155.37875
-157.85444  155.37875
-157.8607  155.37875
-157.86696  155.37875
-157.87323  155.37875
-157.87949  155.37875
-157.88575  155.37875
-157.89201  155.37875
-157.89827  155.37875
-157.90454  155.37875
-157.9108  155.37875
-157.91706  155.37875
-157.92332  155.37875
-157.92958  155.37875
-157.93584  155.37875
-157.94211  155.37875
-157.94837  155.37875
-157.95463  155.37875
-157.96089  155.37875
-157.96715  155.37875
-157.97342  155.37875
-157.97968  155.37875
-157.98594  155.37875
-157.9922  155.37875
-157.99846  155.37875
-158.00472  155.37875
-158.01099  155.37875
-158.01725  155.37875
-158.02351  155.37875
-158.02977  155.37875
-158.03603  155.37875
-158.0423  155.37875
-158.04856  155.37875
-158.05482  155.37875
-158.06108  155.37875
-158.06734  155.37875
-158.07361  155.37875
-158.07987  155.37875
-158.08613  155.37875
-158.09239  155.37875
-158.09865  155.37875
-158.10491  155.37875
-158.11118  155.37875
-158.11744  155.37875
-158.1237  155.37875
-158.12996  155.37875
-158.13622  155.37875
-158.14249  155.37875
-158.14875  155.37875
-158.15501  155.37875
-158.16127  155.37875
-158.16753  155.37875
-158.1738  155.37875
-158.18006  155.37875
-158.18632  155.37875
-158.19258  155.37875
-158.19884  155.37875
-158.2051  155.37875
-158.21137  155.37875
-158.21763  155.37875
-158.22389  155.37875
-158.23015  155.37875
-158.23641  155.37875
-158.24268  155.37875
-158.24894  155.37875
-158.2552  155.37875
-158.26146  155.37875
-158.26772  155.37875
-158.27398  155.37875
-158.28025  155.37875
-158.28651  155.37875
-158.29277  155.37875
-158.29903  155.37875
-158.30529  155.37875
-158.31156  155.37875
-158.31782  155.37875
-158.32408  155.37875
-158.33034  155.37875
-158.3366  155.37875
-158.34287  155.37875
-158.34913  155.37875
-158.35539  155.37875
-158.36165  155.37875
-158.36791  155.37875
-158.37417  155.37875
-158.38044  155.37875
-158.3867  155.37875
-158.39296  155.37875
-158.39922  155.37875
-158.40548  155.37875
-158.41175  155.37875
-158.41801  155.37875
-158.42427  155.37875
-158.43053  155.37875
-158.43679  155.37875
-158.44306  155.37875
-158.44932  155.37875
-158.45558  155.37875
-158.46184  155.37875
-158.4681  155.37875
-158.47436  155.37875
-158.48063  155.37875
-158.48689  155.37875
-158.49315  155.37875
-158.49941  155.37875
-158.50567  155.37875
-158.51194  155.37875
-158.5182  155.37875
-158.52446  155.37875
-158.53072  155.37875
-158.53698  155.37875
-158.54324  155.37875
-158.54951  155.37875
-158.55577  155.37875
-158.56203  155.37875
-158.56829  155.37875
-158.57455  155.37875
-158.58082  155.37875
-158.58708  155.37875
-158.59334  155.37875
-158.5996  155.37875
-158.60586  155.37875
-158.61213  155.37875
-158.61839  155.37875
-158.62465  155.37875
-158.63091  155.37875
-158.63717  155.37875
-158.64343  155.37875
-158.6497  155.37875
-158.65596  155.37875
-158.66222  155.37875
-158.66848  155.37875
-158.67474  155.37875
-158.68101  155.37875
-158.68727  155.37875
-158.69353  155.37875
-158.69979  155.37875
-158.70605  155.37875
-158.71231  155.37875
-158.71858  155.37875
-158.72484  155.37875
-158.7311  155.37875
-158.73736  155.37875
-158.74362  155.37875
-158.74989  155.37875
-158.75615  155.37875
-158.76241  155.37875
-158.76867  155.37875
-158.77493  155.37875
-158.7812  155.37875
-158.78746  155.37875
-158.79372  155.37875
-158.79998  155.37875
-158.80624  155.37875
-158.8125  155.37875
-158.81877  155.37875
-158.82503  155.37875
-158.83129  155.37875
-158.83755  155.37875
-158.84381  155.37875
-158.85008  155.37875
-158.85634  155.37875
-158.8626  155.37875
-158.86886  155.37875
-158.87512  155.37875
-158.88139  155.37875
-158.88765  155.37875
-158.89391  155.37875
-158.90017  155.37875
-158.90643  155.37875
-158.91269  155.37875
-158.91896  155.37875
-158.92522  155.37875
-158.93148  155.37875
-158.93774  155.37875
-158.944  155.37875
-158.95027  155.37875
-158.95653  155.37875
-158.96279  155.37875
-158.96905  155.37875
-158.97531  155.37875
-158.98157  155.37875
-158.98784  155.37875
-158.9941  155.37875
-159.00036  155.37875
-159.00662  155.37875
-159.01288  155.37875
-159.01915  155.37875
-159.02541  155.37875
-159.03167  155.37875
-159.03793  155.37875
-159.04419  155.37875
-159.05046  155.37875
-159.05672  155.37875
-159.06298  155.37875
-159.06924  155.37875
-159.0755  155.37875
-159.08176  155.37875
-159.08803  155.37875
-159.09429  155.37875
-159.10055  155.37875
-159.10681  155.37875
-159.11307  155.37875
-159.11934  155.37875
-159.1256  155.37875
-159.13186  155.37875
-159.13812  155.37875
-159.14438  155.37875
-159.15065  155.37875
-159.15691  155.37875
-159.16317  155.37875
-159.16943  155.37875
-159.17569  155.37875
-159.18195  155.37875
-159.18822  155.37875
-159.19448  155.37875
-159.20074  155.37875
-159.207  155.37875
-159.21326  155.37875
-159.21953  155.37875
-159.22579  155.37875
-159.23205  155.37875
-159.23831  155.37875
-159.24457  155.37875
-159.25083  155.37875
-159.2571  155.37875
-159.26336  155.37875
-159.26962  155.37875
-159.27588  155.37875
-159.28214  155.37875
-159.28841  155.37875
-159.29467  155.37875
-159.30093  155.37875
-159.30719  155.37875
-159.31345  155.37875
-159.31972  155.37875
-159.32598  155.37875
-159.33224  155.37875
-159.3385  155.37875
-159.34476  155.37875
-159.35102  155.37875
-159.35729  155.37875
-159.36355  155.37875
-159.36981  155.37875
-159.37607  155.37875
-159.38233  155.37875
-159.3886  155.37875
-159.39486  155.37875
-159.40112  155.37875
-159.40738  155.37875
-159.41364  155.37875
-159.41991  155.37875
-159.42617  155.37875
-159.43243  155.37875
-159.43869  155.37875
-159.44495  155.37875
-159.45121  155.37875
-159.45748  155.37875
-159.46374  155.37875
-159.47  155.37875
-159.47626  155.37875
-159.48252  155.37875
-159.48879  155.37875
-159.49505  155.37875
-159.50131  155.37875
-159.50757  155.37875
-159.51383  155.37875
-159.52009  155.37875
-159.52636  155.37875
-159.53262  155.37875
-159.53888  155.37875
-159.54514  155.37875
-159.5514  155.37875
-159.55767  155.37875
-159.56393  155.37875
-159.57019  155.37875
-159.57645  155.37875
-159.58271  155.37875
-159.58898  155.37875
-159.59524  155.37875
-159.6015  155.37875
-159.60776  155.37875
-159.61402  155.37875
-159.62028  155.37875
-159.62655  155.37875
-159.63281  155.37875
-159.63907  155.37875
-159.64533  155.37875
-159.65159  155.37875
-159.65786  155.37875
-159.66412  155.37875
-159.67038  155.37875
-159.67664  155.37875
-159.6829  155.37875
-159.68917  155.37875
-159.69543  155.37875
-159.70169  155.37875
-159.70795  155.37875
-159.71421  155.37875
-159.72047  155.37875
-159.72674  155.37875
-159.733  155.37875
-159.73926  155.37875
-159.74552  155.37875
-159.75178  155.37875
-159.75805  155.37875
-159.76431  155.37875
-159.77057  155.37875
-159.77683  155.37875
-159.78309  155.37875
-159.78935  155.37875
-159.79562  155.37875
-159.80188  155.37875
-159.80814  155.37875
-159.8144  155.37875
-159.82066  155.37875
-159.82693  155.37875
-159.83319  155.37875
-159.83945  155.37875
-159.84571  155.37875
-159.85197  155.37875
-159.85824  155.37875
-159.8645  155.37875
-159.87076  155.37875
-159.87702  155.37875
-159.88328  155.37875
-159.88954  155.37875
-159.89581  155.37875
-159.90207  155.37875
-159.90833  155.37875
-159.91459  155.37875
-159.92085  155.37875
-159.92712  155.37875
-159.93338  155.37875
-159.93964  155.37875
-159.9459  155.37875
-159.95216  155.37875
-159.95843  155.37875
-159.96469  155.37875
-159.97095  155.37875
-159.97721  155.37875
-159.98347  155.37875
-159.98973  155.37875
-159.996  155.37875
-160.00226  155.37875
-160.00852  155.37875
-160.01478  155.37875
-160.02104  155.37875
-160.02731  155.37875
-160.03357  155.37875
-160.03983  155.37875
-160.04609  155.37875
-160.05235  155.37875
-160.05861  155.37875
-160.06488  155.37875
-160.07114  155.37875
-160.0774  155.37875
-160.08366  155.37875
-160.08992  155.37875
-160.09619  155.37875
-160.10245  155.37875
-160.10871  155.37875
-160.11497  155.37875
-160.12123  155.37875
-160.1275  155.37875
-160.13376  155.37875
-160.14002  155.37875
-160.14628  155.37875
-160.15254  155.37875
-160.1588  155.37875
-160.16507  155.37875
-160.17133  155.37875
-160.17759  155.37875
-160.18385  155.37875
-160.19011  155.37875
-160.19638  155.37875
-160.20264  155.37875
-160.2089  155.37875
-160.21516  155.37875
-160.22142  155.37875
-160.22769  155.37875
-160.23395  155.37875
-160.24021  155.37875
-160.24647  155.37875
-160.25273  155.37875
-160.25899  155.37875
-160.26526  155.37875
-160.27152  155.37875
-160.27778  155.37875
-160.28404  155.37875
-160.2903  155.37875
-160.29657  155.37875
-160.30283  155.37875
-160.30909  155.37875
-160.31535  155.37875
-160.32161  155.37875
-160.32787  155.37875
-160.33414  155.37875
-160.3404  155.37875
-160.34666  155.37875
-160.35292  155.37875
-160.35918  155.37875
-160.36545  155.37875
-160.37171  155.37875
-160.37797  155.37875
-160.38423  155.37875
-160.39049  155.37875
-160.39676  155.37875
-160.40302  155.37875
-160.40928  155.37875
-160.41554  155.37875
-160.4218  155.37875
-160.42806  155.37875
-160.43433  155.37875
-160.44059  155.37875
-160.44685  155.37875
-160.45311  155.37875
-160.45937  155.37875
-160.46564  155.37875
-160.4719  155.37875
-160.47816  155.37875
-160.48442  155.37875
-160.49068  155.37875
-160.49694  155.37875
-160.50321  155.37875
-160.50947  155.37875
-160.51573  155.37875
-160.52199  155.37875
-160.52825  155.37875
-160.53452  155.37875
-160.54078  155.37875
-160.54704  155.37875
-160.5533  155.37875
-160.55956  155.37875
-160.56583  155.37875
-160.57209  155.37875
-160.57835  155.37875
-160.58461  155.37875
-160.59087  155.37875
-160.59713  155.37875
-160.6034  155.37875
-160.60966  155.37875
-160.61592  155.37875
-160.62218  155.37875
-160.62844  155.37875
-160.63471  155.37875
-160.64097  155.37875
-160.64723  155.37875
-160.65349  155.37875
-160.65975  155.37875
-160.66602  155.37875
-160.67228  155.37875
-160.67854  155.37875
-160.6848  155.37875
-160.69106  155.37875
-160.69732  155.37875
-160.70359  155.37875
-160.70985  155.37875
-160.71611  155.37875
-160.72237  155.37875
-160.72863  155.37875
-160.7349  155.37875
-160.74116  155.37875
-160.74742  155.37875
-160.75368  155.37875
-160.75994  155.37875
-160.7662  155.37875
-160.77247  155.37875
-160.77873  155.37875
-160.78499  155.37875
-160.79125  155.37875
-160.79751  155.37875
-160.80378  155.37875
-160.81004  155.37875
-160.8163  155.37875
-160.82256  155.37875
-160.82882  155.37875
-160.83509  155.37875
-160.84135  155.37875
-160.84761  155.37875
-160.85387  155.37875
-160.86013  155.37875
-160.86639  155.37875
-160.87266  155.37875
-160.87892  155.37875
-160.88518  155.37875
-160.89144  155.37875
-160.8977  155.37875
-160.90397  155.37875
-160.91023  155.37875
-160.91649  155.37875
-160.92275  155.37875
-160.92901  155.37875
-160.93528  155.37875
-160.94154  155.37875
-160.9478  155.37875
-160.95406  155.37875
-160.96032  155.37875
-160.96658  155.37875
-160.97285  155.37875
-160.97911  155.37875
-160.98537  155.37875
-160.99163  155.37875
-160.99789  155.37875
-161.00416  155.37875
-161.01042  155.37875
-161.01668  155.37875
-161.02294  155.37875
-161.0292  155.37875
-161.03546  155.37875
-161.04173  155.37875
-161.04799  155.37875
-161.05425  155.37875
-161.06051  155.37875
-161.06677  155.37875
-161.07304  155.37875
-161.0793  155.37875
-161.08556  155.37875
-161.09182  155.37875
-161.09808  155.37875
-161.10435  155.37875
-161.11061  155.37875
-161.11687  155.37875
-161.12313  155.37875
-161.12939  155.37875
-161.13565  155.37875
-161.14192  155.37875
-161.14818  155.37875
-161.15444  155.37875
-161.1607  155.37875
-161.16696  155.37875
-161.17323  155.37875
-161.17949  155.37875
-161.18575  155.37875
-161.19201  155.37875
-161.19827  155.37875
-161.20454  155.37875
-161.2108  155.37875
-161.21706  155.37875
-161.22332  155.37875
-161.22958  155.37875
-161.23584  155.37875
-161.24211  155.37875
-161.24837  155.37875
-161.25463  155.37875
-161.26089  155.37875
-161.26715  155.37875
-161.27342  155.37875
-161.27968  155.37875
-161.28594  155.37875
-161.2922  155.37875
-161.29846  155.37875
-161.30472  155.37875
-161.31099  155.37875
-161.31725  155.37875
-161.32351  155.37875
-161.32977  155.37875
-161.33603  155.37875
-161.3423  155.37875
-161.34856  155.37875
-161.35482  155.37875
-161.36108  155.37875
-161.36734  155.37875
-161.37361  155.37875
-161.37987  155.37875
-161.38613  155.37875
-161.39239  155.37875
-161.39865  155.37875
-161.40491  155.37875
-161.41118  155.37875
-161.41744  155.37875
-161.4237  155.37875
-161.42996  155.37875
-161.43622  155.37875
-161.44249  155.37875
-161.44875  155.37875
-161.45501  155.37875
-161.46127  155.37875
-161.46753  155.37875
-161.4738  155.37875
-161.48006  155.37875
-161.48632  155.37875
-161.49258  155.37875
-161.49884  155.37875
-161.5051  155.37875
-161.51137  155.37875
-161.51763  155.37875
-161.52389  155.37875
-161.53015  155.37875
-161.53641  155.37875
-161.54268  155.37875
-161.54894  155.37875
-161.5552  155.37875
-161.56146  155.37875
-161.56772  155.37875
-161.57398  155.37875
-161.58025  155.37875
-161.58651  155.37875
-161.59277  155.37875
-161.59903  155.37875
-161.60529  155.37875
-161.61156  155.37875
-161.61782  155.37875
-161.62408  155.37875
-161.63034  155.37875
-161.6366  155.37875
-161.64287  155.37875
-161.64913  155.37875
-161.65539  155.37875
-161.66165  155.37875
-161.66791  155.37875
-161.67417  155.37875
-161.68044  155.37875
-161.6867  155.37875
-161.69296  155.37875
-161.69922  155.37875
-161.70548  155.37875
-161.71175  155.37875
-161.71801  155.37875
-161.72427  155.37875
-161.73053  155.37875
-161.73679  155.37875
-161.74306  155.37875
-161.74932  155.37875
-161.75558  155.37875
-161.76184  155.37875
-161.7681  155.37875
-161.77436  155.37875
-161.78063  155.37875
-161.78689  155.37875
-161.79315  155.37875
-161.79941  155.37875
-161.80567  155.37875
-161.81194  155.37875
-161.8182  155.37875
-161.82446  155.37875
-161.83072  155.37875
-161.83698  155.37875
-161.84324  155.37875
-161.84951  155.37875
-161.85577  155.37875
-161.86203  155.37875
-161.86829  155.37875
-161.87455  155.37875
-161.88082  155.37875
-161.88708  155.37875
-161.89334  155.37875
-161.8996  155.37875
-161.90586  155.37875
-161.91213  155.37875
-161.91839  155.37875
-161.92465  155.37875
-161.93091  155.37875
-161.93717  155.37875
-161.94343  155.37875
-161.9497  155.37875
-161.95596  155.37875
-161.96222  155.37875
-161.96848  155.37875
-161.97474  155.37875
-161.98101  155.37875
-161.98727  155.37875
-161.99353  155.37875
-161.99979  155.37875
-162.00605  155.37875
-162.01231  155.37875
-162.01858  155.37875
-162.02484  155.37875
-162.0311  155.37875
-162.03736  155.37875
-162.04362  155.37875
-162.04989  155.37875
-162.05615  155.37875
-162.06241  155.37875
-162.06867  155.37875
-162.07493  155.37875
-162.0812  155.37875
-162.08746  155.37875
-162.09372  155.37875
-162.09998  155.37875
-162.10624  155.37875
-162.1125  155.37875
-162.11877  155.37875
-162.12503  155.37875
-162.13129  155.37875
-162.13755  155.37875
-162.14381  155.37875
-162.15008  155.37875
-162.15634  155.37875
-162.1626  155.37875
-162.16886  155.37875
-162.17512  155.37875
-162.18139  155.37875
-162.18765  155.37875
-162.19391  155.37875
-162.20017  155.37875
-162.20643  155.37875
-162.21269  155.37875
-162.21896  155.37875
-162.22522  155.37875
-162.23148  155.37875
-162.23774  155.37875
-162.244  155.37875
-162.25027  155.37875
-162.25653  155.37875
-162.26279  155.37875
-162.26905  155.37875
-162.27531  155.37875
-162.28157  155.37875
-162.28784  155.37875
-162.2941  155.37875
-162.30036  155.37875
-162.30662  155.37875
-162.31288  155.37875
-162.31915  155.37875
-162.32541  155.37875
-162.33167  155.37875
-162.33793  155.37875
-162.34419  155.37875
-162.35046  155.37875
-162.35672  155.37875
-162.36298  155.37875
-162.36924  155.37875
-162.3755  155.37875
-162.38176  155.37875
-162.38803  155.37875
-162.39429  155.37875
-162.40055  155.37875
-162.40681  155.37875
-162.41307  155.37875
-162.41934  155.37875
-162.4256  155.37875
-162.43186  155.37875
-162.43812  155.37875
-162.44438  155.37875
-162.45065  155.37875
-162.45691  155.37875
-162.46317  155.37875
-162.46943  155.37875
-162.47569  155.37875
-162.48195  155.37875
-162.48822  155.37875
-162.49448  155.37875
-162.50074  155.37875
-162.507  155.37875
-162.51326  155.37875
-162.51953  155.37875
-162.52579  155.37875
-162.53205  155.37875
-162.53831  155.37875
-162.54457  155.37875
-162.55083  155.37875
-162.5571  155.37875
-162.56336  155.37875
-162.56962  155.37875
-162.57588  155.37875
-162.58214  155.37875
-162.58841  155.37875
-162.59467  155.37875
-162.60093  155.37875
-162.60719  155.37875
-162.61345  155.37875
-162.61972  155.37875
-162.62598  155.37875
-162.63224  155.37875
-162.6385  155.37875
-162.64476  155.37875
-162.65102  155.37875
-162.65729  155.37875
-162.66355  155.37875
-162.66981  155.37875
-162.67607  155.37875
-162.68233  155.37875
-162.6886  155.37875
-162.69486  155.37875
-162.70112  155.37875
-162.70738  155.37875
-162.71364  155.37875
-162.71991  155.37875
-162.72617  155.37875
-162.73243  155.37875
-162.73869  155.37875
-162.74495  155.37875
-162.75121  155.37875
-162.75748  155.37875
-162.76374  155.37875
-162.77  155.37875
-162.77626  155.37875
-162.78252  155.37875
-162.78879  155.37875
-162.79505  155.37875
-162.80131  155.37875
-162.80757  155.37875
-162.81383  155.37875
-162.82009  155.37875
-162.82636  155.37875
-162.83262  155.37875
-162.83888  155.37875
-162.84514  155.37875
-162.8514  155.37875
-162.85767  155.37875
-162.86393  155.37875
-162.87019  155.37875
-162.87645  155.37875
-162.88271  155.37875
-162.88898  155.37875
-162.89524  155.37875
-162.9015  155.37875
-162.90776  155.37875
-162.91402  155.37875
-162.92028  155.37875
-162.92655  155.37875
-162.93281  155.37875
-162.93907  155.37875
-162.94533  155.37875
-162.95159  155.37875
-162.95786  155.37875
-162.96412  155.37875
-162.97038  155.37875
-162.97664  155.37875
-162.9829  155.37875
-162.98917  155.37875
-162.99543  155.37875
-163.00169  155.37875
-163.00795  155.37875
-163.01421  155.37875
-163.02047  155.37875
-163.02674  155.37875
-163.033  155.37875
-163.03926  155.37875
-163.04552  155.37875
-163.05178  155.37875
-163.05805  155.37875
-163.06431  155.37875
-163.07057  155.37875
-163.07683  155.37875
-163.08309  155.37875
-163.08935  155.37875
-163.09562  155.37875
-163.10188  155.37875
-163.10814  155.37875
-163.1144  155.37875
-163.12066  155.37875
-163.12693  155.37875
-163.13319  155.37875
-163.13945  155.37875
-163.14571  155.37875
-163.15197  155.37875
-163.15824  155.37875
-163.1645  155.37875
-163.17076  155.37875
-163.17702  155.37875
-163.18328  155.37875
-163.18954  155.37875
-163.19581  155.37875
-163.20207  155.37875
-163.20833  155.37875
-163.21459  155.37875
-163.22085  155.37875
-163.22712  155.37875
-163.23338  155.37875
-163.23964  155.37875
-163.2459  155.37875
-163.25216  155.37875
-163.25843  155.37875
-163.26469  155.37875
-163.27095  155.37875
-163.27721  155.37875
-163.28347  155.37875
-163.28973  155.37875
-163.296  155.37875
-163.30226  155.37875
-163.30852  155.37875
-163.31478  155.37875
-163.32104  155.37875
-163.32731  155.37875
-163.33357  155.37875
-163.33983  155.37875
-163.34609  155.37875
-163.35235  155.37875
-163.35861  155.37875
-163.36488  155.37875
-163.37114  155.37875
-163.3774  155.37875
-163.38366  155.37875
-163.38992  155.37875
-163.39619  155.37875
-163.40245  155.37875
-163.40871  155.37875
-163.41497  155.37875
-163.42123  155.37875
-163.4275  155.37875
-163.43376  155.37875
-163.44002  155.37875
-163.44628  155.37875
-163.45254  155.37875
-163.4588  155.37875
-163.46507  155.37875
-163.47133  155.37875
-163.47759  155.37875
-163.48385  155.37875
-163.49011  155.37875
-163.49638  155.37875
-163.50264  155.37875
-163.5089  155.37875
-163.51516  155.37875
-163.52142  155.37875
-163.52769  155.37875
-163.53395  155.37875
-163.54021  155.37875
-163.54647  155.37875
-163.55273  155.37875
-163.55899  155.37875
-163.56526  155.37875
-163.57152  155.37875
-163.57778  155.37875
-163.58404  155.37875
-163.5903  155.37875
-163.59657  155.37875
-163.60283  155.37875
-163.60909  155.37875
-163.61535  155.37875
-163.62161  155.37875
-163.62787  155.37875
-163.63414  155.37875
-163.6404  155.37875
-163.64666  155.37875
-163.65292  155.37875
-163.65918  155.37875
-163.66545  155.37875
-163.67171  155.37875
-163.67797  155.37875
-163.68423  155.37875
-163.69049  155.37875
-163.69676  155.37875
-163.70302  155.37875
-163.70928  155.37875
-163.71554  155.37875
-163.7218  155.37875
-163.72806  155.37875
-163.73433  155.37875
-163.74059  155.37875
-163.74685  155.37875
-163.75311  155.37875
-163.75937  155.37875
-163.76564  155.37875
-163.7719  155.37875
-163.77816  155.37875
-163.78442  155.37875
-163.79068  155.37875
-163.79694  155.37875
-163.80321  155.37875
-163.80947  155.37875
-163.81573  155.37875
-163.82199  155.37875
-163.82825  155.37875
-163.83452  155.37875
-163.84078  155.37875
-163.84704  155.37875
-163.8533  155.37875
-163.85956  155.37875
-163.86583  155.37875
-163.87209  155.37875
-163.87835  155.37875
-163.88461  155.37875
-163.89087  155.37875
-163.89713  155.37875
-163.9034  155.37875
-163.90966  155.37875
-163.91592  155.37875
-163.92218  155.37875
-163.92844  155.37875
-163.93471  155.37875
-163.94097  155.37875
-163.94723  155.37875
-163.95349  155.37875
-163.95975  155.37875
-163.96602  155.37875
-163.97228  155.37875
-163.97854  155.37875
-163.9848  155.37875
-163.99106  155.37875
-163.99732  155.37875
-164.00359  155.37875
-164.00985  155.37875
-164.01611  155.37875
-164.02237  155.37875
-164.02863  155.37875
-164.0349  155.37875
-164.04116  155.37875
-164.04742  155.37875
-164.05368  155.37875
-164.05994  155.37875
-164.0662  155.37875
-164.07247  155.37875
-164.07873  155.37875
-164.08499  155.37875
-164.09125  155.37875
-164.09751  155.37875
-164.10378  155.37875
-164.11004  155.37875
-164.1163  155.37875
-164.12256  155.37875
-164.12882  155.37875
-164.13509  155.37875
-164.14135  155.37875
-164.14761  155.37875
-164.15387  155.37875
-164.16013  155.37875
-164.16639  155.37875
-164.17266  155.37875
-164.17892  155.37875
-164.18518  155.37875
-164.19144  155.37875
-164.1977  155.37875
-164.20397  155.37875
-164.21023  155.37875
-164.21649  155.37875
-164.22275  155.37875
-164.22901  155.37875
-164.23528  155.37875
-164.24154  155.37875
-164.2478  155.37875
-164.25406  155.37875
-164.26032  155.37875
-164.26658  155.37875
-164.27285  155.37875
-164.27911  155.37875
-164.28537  155.37875
-164.29163  155.37875
-164.29789  155.37875
-164.30416  155.37875
-164.31042  155.37875
-164.31668  155.37875
-164.32294  155.37875
-164.3292  155.37875
-164.33546  155.37875
-164.34173  155.37875
-164.34799  155.37875
-164.35425  155.37875
-164.36051  155.37875
-164.36677  155.37875
-164.37304  155.37875
-164.3793  155.37875
-164.38556  155.37875
-164.39182  155.37875
-164.39808  155.37875
-164.40435  155.37875
-164.41061  155.37875
-164.41687  155.37875
-164.42313  155.37875
-164.42939  155.37875
-164.43565  155.37875
-164.44192  155.37875
-164.44818  155.37875
-164.45444  155.37875
-164.4607  155.37875
-164.46696  155.37875
-164.47323  155.37875
-164.47949  155.37875
-164.48575  155.37875
-164.49201  155.37875
-164.49827  155.37875
-164.50454  155.37875
-164.5108  155.37875
-164.51706  155.37875
-164.52332  155.37875
-164.52958  155.37875
-164.53584  155.37875
-164.54211  155.37875
-164.54837  155.37875
-164.55463  155.37875
-164.56089  155.37875
-164.56715  155.37875
-164.57342  155.37875
-164.57968  155.37875
-164.58594  155.37875
-164.5922  155.37875
-164.59846  155.37875
-164.60472  155.37875
-164.61099  155.37875
-164.61725  155.37875
-164.62351  155.37875
-164.62977  155.37875
-164.63603  155.37875
-164.6423  155.37875
-164.64856  155.37875
-164.65482  155.37875
-164.66108  155.37875
-164.66734  155.37875
-164.67361  155.37875
-164.67987  155.37875
-164.68613  155.37875
-164.69239  155.37875
-164.69865  155.37875
-164.70491  155.37875
-164.71118  155.37875
-164.71744  155.37875
-164.7237  155.37875
-164.72996  155.37875
-164.73622  155.37875
-164.74249  155.37875
-164.74875  155.37875
-164.75501  155.37875
-164.76127  155.37875
-164.76753  155.37875
-164.7738  155.37875
-164.78006  155.37875
-164.78632  155.37875
-164.79258  155.37875
-164.79884  155.37875
-164.8051  155.37875
-164.81137  155.37875
-164.81763  155.37875
-164.82389  155.37875
-164.83015  155.37875
-164.83641  155.37875
-164.84268  155.37875
-164.84894  155.37875
-164.8552  155.37875
-164.86146  155.37875
-164.86772  155.37875
-164.87398  155.37875
-164.88025  155.37875
-164.88651  155.37875
-164.89277  155.37875
-164.89903  155.37875
-164.90529  155.37875
-164.91156  155.37875
-164.91782  155.37875
-164.92408  155.37875
-164.93034  155.37875
-164.9366  155.37875
-164.94287  155.37875
-164.94913  155.37875
-164.95539  155.37875
-164.96165  155.37875
-164.96791  155.37875
-164.97417  155.37875
-164.98044  155.37875
-164.9867  155.37875
-164.99296  155.37875
-164.99922  155.37875
-165.00548  155.37875
-165.01175  155.37875
-165.01801  155.37875
-165.02427  155.37875
-165.03053  155.37875
-165.03679  155.37875
-165.04306  155.37875
-165.04932  155.37875
-165.05558  155.37875
-165.06184  155.37875
-165.0681  155.37875
-165.07436  155.37875
-165.08063  155.37875
-165.08689  155.37875
-165.09315  155.37875
-165.09941  155.37875
-165.10567  155.37875
-165.11194  155.37875
-165.1182  155.37875
-165.12446  155.37875
-165.13072  155.37875
-165.13698  155.37875
-165.14324  155.37875
-165.14951  155.37875
-165.15577  155.37875
-165.16203  155.37875
-165.16829  155.37875
-165.17455  155.37875
-165.18082  155.37875
-165.18708  155.37875
-165.19334  155.37875
-165.1996  155.37875
-165.20586  155.37875
-165.21213  155.37875
-165.21839  155.37875
-165.22465  155.37875
-165.23091  155.37875
-165.23717  155.37875
-165.24343  155.37875
-165.2497  155.37875
-165.25596  155.37875
-165.26222  155.37875
-165.26848  155.37875
-165.27474  155.37875
-165.28101  155.37875
-165.28727  155.37875
-165.29353  155.37875
-165.29979  155.37875
-165.30605  155.37875
-165.31231  155.37875
-165.31858  155.37875
-165.32484  155.37875
-165.3311  155.37875
-165.33736  155.37875
-165.34362  155.37875
-165.34989  155.37875
-165.35615  155.37875
-165.36241  155.37875
-165.36867  155.37875
-165.37493  155.37875
-165.3812  155.37875
-165.38746  155.37875
-165.39372  155.37875
-165.39998  155.37875
-165.40624  155.37875
-165.4125  155.37875
-165.41877  155.37875
-165.42503  155.37875
-165.43129  155.37875
-165.43755  155.37875
-165.44381  155.37875
-165.45008  155.37875
-165.45634  155.37875
-165.4626  155.37875
-165.46886  155.37875
-165.47512  155.37875
-165.48139  155.37875
-165.48765  155.37875
-165.49391  155.37875
-165.50017  155.37875
-165.50643  155.37875
-165.51269  155.37875
-165.51896  155.37875
-165.52522  155.37875
-165.53148  155.37875
-165.53774  155.37875
-165.544  155.37875
-165.55027  155.37875
-165.55653  155.37875
-165.56279  155.37875
-165.56905  155.37875
-165.57531  155.37875
-165.58157  155.37875
-165.58784  155.37875
-165.5941  155.37875
-165.60036  155.37875
-165.60662  155.37875
-165.61288  155.37875
-165.61915  155.37875
-165.62541  155.37875
-165.63167  155.37875
-165.63793  155.37875
-165.64419  155.37875
-165.65046  155.37875
-165.65672  155.37875
-165.66298  155.37875
-165.66924  155.37875
-165.6755  155.37875
-165.68176  155.37875
-165.68803  155.37875
-165.69429  155.37875
-165.70055  155.37875
-165.70681  155.37875
-165.71307  155.37875
-165.71934  155.37875
-165.7256  155.37875
-165.73186  155.37875
-165.73812  155.37875
-165.74438  155.37875
-165.75065  155.37875
-165.75691  155.37875
-165.76317  155.37875
-165.76943  155.37875
-165.77569  155.37875
-165.78195  155.37875
-165.78822  155.37875
-165.79448  155.37875
-165.80074  155.37875
-165.807  155.37875
-165.81326  155.37875
-165.81953  155.37875
-165.82579  155.37875
-165.83205  155.37875
-165.83831  155.37875
-165.84457  155.37875
-165.85083  155.37875
-165.8571  155.37875
-165.86336  155.37875
-165.86962  155.37875
-165.87588  155.37875
-165.88214  155.37875
-165.88841  155.37875
-165.89467  155.37875
-165.90093  155.37875
-165.90719  155.37875
-165.91345  155.37875
-165.91972  155.37875
-165.92598  155.37875
-165.93224  155.37875
-165.9385  155.37875
-165.94476  155.37875
-165.95102  155.37875
-165.95729  155.37875
-165.96355  155.37875
-165.96981  155.37875
-165.97607  155.37875
-165.98233  155.37875
-165.9886  155.37875
-165.99486  155.37875
-166.00112  155.37875
-166.00738  155.37875
-166.01364  155.37875
-166.01991  155.37875
-166.02617  155.37875
-166.03243  155.37875
-166.03869  155.37875
-166.04495  155.37875
-166.05121  155.37875
-166.05748  155.37875
-166.06374  155.37875
-166.07  155.37875
-166.07626  155.37875
-166.08252  155.37875
-166.08879  155.37875
-166.09505  155.37875
-166.10131  155.37875
-166.10757  155.37875
-166.11383  155.37875
-166.12009  155.37875
-166.12636  155.37875
-166.13262  155.37875
-166.13888  155.37875
-166.14514  155.37875
-166.1514  155.37875
-166.15767  155.37875
-166.16393  155.37875
-166.17019  155.37875
-166.17645  155.37875
-166.18271  155.37875
-166.18898  155.37875
-166.19524  155.37875
-166.2015  155.37875
-166.20776  155.37875
-166.21402  155.37875
-166.22028  155.37875
-166.22655  155.37875
-166.23281  155.37875
-166.23907  155.37875
-166.24533  155.37875
-166.25159  155.37875
-166.25786  155.37875
-166.26412  155.37875
-166.27038  155.37875
-166.27664  155.37875
-166.2829  155.37875
-166.28917  155.37875
-166.29543  155.37875
-166.30169  155.37875
-166.30795  155.37875
-166.31421  155.37875
-166.32047  155.37875
-166.32674  155.37875
-166.333  155.37875
-166.33926  155.37875
-166.34552  155.37875
-166.35178  155.37875
-166.35805  155.37875
-166.36431  155.37875
-166.37057  155.37875
-166.37683  155.37875
-166.38309  155.37875
-166.38935  155.37875
-166.39562  155.37875
-166.40188  155.37875
-166.40814  155.37875
-166.4144  155.37875
-166.42066  155.37875
-166.42693  155.37875
-166.43319  155.37875
-166.43945  155.37875
-166.44571  155.37875
-166.45197  155.37875
-166.45824  155.37875
-166.4645  155.37875
-166.47076  155.37875
-166.47702  155.37875
-166.48328  155.37875
-166.48954  155.37875
-166.49581  155.37875
-166.50207  155.37875
-166.50833  155.37875
-166.51459  155.37875
-166.52085  155.37875
-166.52712  155.37875
-166.53338  155.37875
-166.53964  155.37875
-166.5459  155.37875
-166.55216  155.37875
-166.55843  155.37875
-166.56469  155.37875
-166.57095  155.37875
-166.57721  155.37875
-166.58347  155.37875
-166.58973  155.37875
-166.596  155.37875
-166.60226  155.37875
-166.60852  155.37875
-166.61478  155.37875
-166.62104  155.37875
-166.62731  155.37875
-166.63357  155.37875
-166.63983  155.37875
-166.64609  155.37875
-166.65235  155.37875
-166.65861  155.37875
-166.66488  155.37875
-166.67114  155.37875
-166.6774  155.37875
-166.68366  155.37875
-166.68992  155.37875
-166.69619  155.37875
-166.70245  155.37875
-166.70871  155.37875
-166.71497  155.37875
-166.72123  155.37875
-166.7275  155.37875
-166.73376  155.37875
-166.74002  155.37875
-166.74628  155.37875
-166.75254  155.37875
-166.7588  155.37875
-166.76507  155.37875
-166.77133  155.37875
-166.77759  155.37875
-166.78385  155.37875
-166.79011  155.37875
-166.79638  155.37875
-166.80264  155.37875
-166.8089  155.37875
-166.81516  155.37875
-166.82142  155.37875
-166.82769  155.37875
-166.83395  155.37875
-166.84021  155.37875
-166.84647  155.37875
-166.85273  155.37875
-166.85899  155.37875
-166.86526  155.37875
-166.87152  155.37875
-166.87778  155.37875
-166.88404  155.37875
-166.8903  155.37875
-166.89657  155.37875
-166.90283  155.37875
-166.90909  155.37875
-166.91535  155.37875
-166.92161  155.37875
-166.92787  155.37875
-166.93414  155.37875
-166.9404  155.37875
-166.94666  155.37875
-166.95292  155.37875
-166.95918  155.37875
-166.96545  155.37875
-166.97171  155.37875
-166.97797  155.37875
-166.98423  155.37875
-166.99049  155.37875
-166.99676  155.37875
-167.00302  155.37875
-167.00928  155.37875
-167.01554  155.37875
-167.0218  155.37875
-167.02806  155.37875
-167.03433  155.37875
-167.04059  155.37875
-167.04685  155.37875
-167.05311  155.37875
-167.05937  155.37875
-167.06564  155.37875
-167.0719  155.37875
-167.07816  155.37875
-167.08442  155.37875
-167.09068  155.37875
-167.09694  155.37875
-167.10321  155.37875
-167.10947  155.37875
-167.11573  155.37875
-167.12199  155.37875
-167.12825  155.37875
-167.13452  155.37875
-167.14078  155.37875
-167.14704  155.37875
-167.1533  155.37875
-167.15956  155.37875
-167.16583  155.37875
-167.17209  155.37875
-167.17835  155.37875
-167.18461  155.37875
-167.19087  155.37875
-167.19713  155.37875
-167.2034  155.37875
-167.20966  155.37875
-167.21592  155.37875
-167.22218  155.37875
-167.22844  155.37875
-167.23471  155.37875
-167.24097  155.37875
-167.24723  155.37875
-167.25349  155.37875
-167.25975  155.37875
-167.26602  155.37875
-167.27228  155.37875
-167.27854  155.37875
-167.2848  155.37875
-167.29106  155.37875
-167.29732  155.37875
-167.30359  155.37875
-167.30985  155.37875
-167.31611  155.37875
-167.32237  155.37875
-167.32863  155.37875
-167.3349  155.37875
-167.34116  155.37875
-167.34742  155.37875
-167.35368  155.37875
-167.35994  155.37875
-167.3662  155.37875
-167.37247  155.37875
-167.37873  155.37875
-167.38499  155.37875
-167.39125  155.37875
-167.39751  155.37875
-167.40378  155.37875
-167.41004  155.37875
-167.4163  155.37875
-167.42256  155.37875
-167.42882  155.37875
-167.43509  155.37875
-167.44135  155.37875
-167.44761  155.37875
-167.45387  155.37875
-167.46013  155.37875
-167.46639  155.37875
-167.47266  155.37875
-167.47892  155.37875
-167.48518  155.37875
-167.49144  155.37875
-167.4977  155.37875
-167.50397  155.37875
-167.51023  155.37875
-167.51649  155.37875
-167.52275  155.37875
-167.52901  155.37875
-167.53528  155.37875
-167.54154  155.37875
-167.5478  155.37875
-167.55406  155.37875
-167.56032  155.37875
-167.56658  155.37875
-167.57285  155.37875
-167.57911  155.37875
-167.58537  155.37875
-167.59163  155.37875
-167.59789  155.37875
-167.60416  155.37875
-167.61042  155.37875
-167.61668  155.37875
-167.62294  155.37875
-167.6292  155.37875
-167.63546  155.37875
-167.64173  155.37875
-167.64799  155.37875
-167.65425  155.37875
-167.66051  155.37875
-167.66677  155.37875
-167.67304  155.37875
-167.6793  155.37875
-167.68556  155.37875
-167.69182  155.37875
-167.69808  155.37875
-167.70435  155.37875
-167.71061  155.37875
-167.71687  155.37875
-167.72313  155.37875
-167.72939  155.37875
-167.73565  155.37875
-167.74192  155.37875
-167.74818  155.37875
-167.75444  155.37875
-167.7607  155.37875
-167.76696  155.37875
-167.77323  155.37875
-167.77949  155.37875
-167.78575  155.37875
-167.79201  155.37875
-167.79827  155.37875
-167.80454  155.37875
-167.8108  155.37875
-167.81706  155.37875
-167.82332  155.37875
-167.82958  155.37875
-167.83584  155.37875
-167.84211  155.37875
-167.84837  155.37875
-167.85463  155.37875
-167.86089  155.37875
-167.86715  155.37875
-167.87342  155.37875
-167.87968  155.37875
-167.88594  155.37875
-167.8922  155.37875
-167.89846  155.37875
-167.90472  155.37875
-167.91099  155.37875
-167.91725  155.37875
-167.92351  155.37875
-167.92977  155.37875
-167.93603  155.37875
-167.9423  155.37875
-167.94856  155.37875
-167.95482  155.37875
-167.96108  155.37875
-167.96734  155.37875
-167.97361  155.37875
-167.97987  155.37875
-167.98613  155.37875
-167.99239  155.37875
-167.99865  155.37875
-168.00491  155.37875
-168.01118  155.37875
-168.01744  155.37875
-168.0237  155.37875
-168.02996  155.37875
-168.03622  155.37875
-168.04249  155.37875
-168.04875  155.37875
-168.05501  155.37875
-168.06127  155.37875
-168.06753  155.37875
-168.0738  155.37875
-168.08006  155.37875
-168.08632  155.37875
-168.09258  155.37875
-168.09884  155.37875
-168.1051  155.37875
-168.11137  155.37875
-168.11763  155.37875
-168.12389  155.37875
-168.13015  155.37875
-168.13641  155.37875
-168.14268  155.37875
-168.14894  155.37875
-168.1552  155.37875
-168.16146  155.37875
-168.16772  155.37875
-168.17398  155.37875
-168.18025  155.37875
-168.18651  155.37875
-168.19277  155.37875
-168.19903  155.37875
-168.20529  155.37875
-168.21156  155.37875
-168.21782  155.37875
-168.22408  155.37875
-168.23034  155.37875
-168.2366  155.37875
-168.24287  155.37875
-168.24913  155.37875
-168.25539  155.37875
-168.26165  155.37875
-168.26791  155.37875
-168.27417  155.37875
-168.28044  155.37875
-168.2867  155.37875
-168.29296  155.37875
-168.29922  155.37875
-168.30548  155.37875
-168.31175  155.37875
-168.31801  155.37875
-168.32427  155.37875
-168.33053  155.37875
-168.33679  155.37875
-168.34306  155.37875
-168.34932  155.37875
-168.35558  155.37875
-168.36184  155.37875
-168.3681  155.37875
-168.37436  155.37875
-168.38063  155.37875
-168.38689  155.37875
-168.39315  155.37875
-168.39941  155.37875
-168.40567  155.37875
-168.41194  155.37875
-168.4182  155.37875
-168.42446  155.37875
-168.43072  155.37875
-168.43698  155.37875
-168.44324  155.37875
-168.44951  155.37875
-168.45577  155.37875
-168.46203  155.37875
-168.46829  155.37875
-168.47455  155.37875
-168.48082  155.37875
-168.48708  155.37875
-168.49334  155.37875
-168.4996  155.37875
-168.50586  155.37875
-168.51213  155.37875
-168.51839  155.37875
-168.52465  155.37875
-168.53091  155.37875
-168.53717  155.37875
-168.54343  155.37875
-168.5497  155.37875
-168.55596  155.37875
-168.56222  155.37875
-168.56848  155.37875
-168.57474  155.37875
-168.58101  155.37875
-168.58727  155.37875
-168.59353  155.37875
-168.59979  155.37875
-168.60605  155.37875
-168.61231  155.37875
-168.61858  155.37875
-168.62484  155.37875
-168.6311  155.37875
-168.63736  155.37875
-168.64362  155.37875
-168.64989  155.37875
-168.65615  155.37875
-168.66241  155.37875
-168.66867  155.37875
-168.67493  155.37875
-168.6812  155.37875
-168.68746  155.37875
-168.69372  155.37875
-168.69998  155.37875
-168.70624  155.37875
-168.7125  155.37875
-168.71877  155.37875
-168.72503  155.37875
-168.73129  155.37875
-168.73755  155.37875
-168.74381  155.37875
-168.75008  155.37875
-168.75634  155.37875
-168.7626  155.37875
-168.76886  155.37875
-168.77512  155.37875
-168.78139  155.37875
-168.78765  155.37875
-168.79391  155.37875
-168.80017  155.37875
-168.80643  155.37875
-168.81269  155.37875
-168.81896  155.37875
-168.82522  155.37875
-168.83148  155.37875
-168.83774  155.37875
-168.844  155.37875
-168.85027  155.37875
-168.85653  155.37875
-168.86279  155.37875
-168.86905  155.37875
-168.87531  155.37875
-168.88157  155.37875
-168.88784  155.37875
-168.8941  155.37875
-168.90036  155.37875
-168.90662  155.37875
-168.91288  155.37875
-168.91915  155.37875
-168.92541  155.37875
-168.93167  155.37875
-168.93793  155.37875
-168.94419  155.37875
-168.95046  155.37875
-168.95672  155.37875
-168.96298  155.37875
-168.96924  155.37875
-168.9755  155.37875
-168.98176  155.37875
-168.98803  155.37875
-168.99429  155.37875
-169.00055  155.37875
-169.00681  155.37875
-169.01307  155.37875
-169.01934  155.37875
-169.0256  155.37875
-169.03186  155.37875
-169.03812  155.37875
-169.04438  155.37875
-169.05065  155.37875
-169.05691  155.37875
-169.06317  155.37875
-169.06943  155.37875
-169.07569  155.37875
-169.08195  155.37875
-169.08822  155.37875
-169.09448  155.37875
-169.10074  155.37875
-169.107  155.37875
-169.11326  155.37875
-169.11953  155.37875
-169.12579  155.37875
-169.13205  155.37875
-169.13831  155.37875
-169.14457  155.37875
-169.15083  155.37875
-169.1571  155.37875
-169.16336  155.37875
-169.16962  155.37875
-169.17588  155.37875
-169.18214  155.37875
-169.18841  155.37875
-169.19467  155.37875
-169.20093  155.37875
-169.20719  155.37875
-169.21345  155.37875
-169.21972  155.37875
-169.22598  155.37875
-169.23224  155.37875
-169.2385  155.37875
-169.24476  155.37875
-169.25102  155.37875
-169.25729  155.37875
-169.26355  155.37875
-169.26981  155.37875
-169.27607  155.37875
-169.28233  155.37875
-169.2886  155.37875
-169.29486  155.37875
-169.30112  155.37875
-169.30738  155.37875
-169.31364  155.37875
-169.31991  155.37875
-169.32617  155.37875
-169.33243  155.37875
-169.33869  155.37875
-169.34495  155.37875
-169.35121  155.37875
-169.35748  155.37875
-169.36374  155.37875
-169.37  155.37875
-169.37626  155.37875
-169.38252  155.37875
-169.38879  155.37875
-169.39505  155.37875
-169.40131  155.37875
-169.40757  155.37875
-169.41383  155.37875
-169.42009  155.37875
-169.42636  155.37875
-169.43262  155.37875
-169.43888  155.37875
-169.44514  155.37875
-169.4514  155.37875
-169.45767  155.37875
-169.46393  155.37875
-169.47019  155.37875
-169.47645  155.37875
-169.48271  155.37875
-169.48898  155.37875
-169.49524  155.37875
-169.5015  155.37875
-169.50776  155.37875
-169.51402  155.37875
-169.52028  155.37875
-169.52655  155.37875
-169.53281  155.37875
-169.53907  155.37875
-169.54533  155.37875
-169.55159  155.37875
-169.55786  155.37875
-169.56412  155.37875
-169.57038  155.37875
-169.57664  155.37875
-169.5829  155.37875
-169.58917  155.37875
-169.59543  155.37875
-169.60169  155.37875
-169.60795  155.37875
-169.61421  155.37875
-169.62047  155.37875
-169.62674  155.37875
-169.633  155.37875
-169.63926  155.37875
-169.64552  155.37875
-169.65178  155.37875
-169.65805  155.37875
-169.66431  155.37875
-169.67057  155.37875
-169.67683  155.37875
-169.68309  155.37875
-169.68935  155.37875
-169.69562  155.37875
-169.70188  155.37875
-169.70814  155.37875
-169.7144  155.37875
-169.72066  155.37875
-169.72693  155.37875
-169.73319  155.37875
-169.73945  155.37875
-169.74571  155.37875
-169.75197  155.37875
-169.75824  155.37875
-169.7645  155.37875
-169.77076  155.37875
-169.77702  155.37875
-169.78328  155.37875
-169.78954  155.37875
-169.79581  155.37875
-169.80207  155.37875
-169.80833  155.37875
-169.81459  155.37875
-169.82085  155.37875
-169.82712  155.37875
-169.83338  155.37875
-169.83964  155.37875
-169.8459  155.37875
-169.85216  155.37875
-169.85843  155.37875
-169.86469  155.37875
-169.87095  155.37875
-169.87721  155.37875
-169.88347  155.37875
-169.88973  155.37875
-169.896  155.37875
-169.90226  155.37875
-169.90852  155.37875
-169.91478  155.37875
-169.92104  155.37875
-169.92731  155.37875
-169.93357  155.37875
-169.93983  155.37875
-169.94609  155.37875
-169.95235  155.37875
-169.95861  155.37875
-169.96488  155.37875
-169.97114  155.37875
-169.9774  155.37875
-169.98366  155.37875
-169.98992  155.37875
-169.99619  155.37875
-170.00245  155.37875
-170.00871  155.37875
-170.01497  155.37875
-170.02123  155.37875
-170.0275  155.37875
-170.03376  155.37875
-170.04002  155.37875
-170.04628  155.37875
-170.05254  155.37875
-170.0588  155.37875
-170.06507  155.37875
-170.07133  155.37875
-170.07759  155.37875
-170.08385  155.37875
-170.09011  155.37875
-170.09638  155.37875
-170.10264  155.37875
-170.1089  155.37875
-170.11516  155.37875
-170.12142  155.37875
-170.12769  155.37875
-170.13395  155.37875
-170.14021  155.37875
-170.14647  155.37875
-170.15273  155.37875
-170.15899  155.37875
-170.16526  155.37875
-170.17152  155.37875
-170.17778  155.37875
-170.18404  155.37875
-170.1903  155.37875
-170.19657  155.37875
-170.20283  155.37875
-170.20909  155.37875
-170.21535  155.37875
-170.22161  155.37875
-170.22787  155.37875
-170.23414  155.37875
-170.2404  155.37875
-170.24666  155.37875
-170.25292  155.37875
-170.25918  155.37875
-170.26545  155.37875
-170.27171  155.37875
-170.27797  155.37875
-170.28423  155.37875
-170.29049  155.37875
-170.29676  155.37875
-170.30302  155.37875
-170.30928  155.37875
-170.31554  155.37875
-170.3218  155.37875
-170.32806  155.37875
-170.33433  155.37875
-170.34059  155.37875
-170.34685  155.37875
-170.35311  155.37875
-170.35937  155.37875
-170.36564  155.37875
-170.3719  155.37875
-170.37816  155.37875
-170.38442  155.37875
-170.39068  155.37875
-170.39694  155.37875
-170.40321  155.37875
-170.40947  155.37875
-170.41573  155.37875
-170.42199  155.37875
-170.42825  155.37875
-170.43452  155.37875
-170.44078  155.37875
-170.44704  155.37875
-170.4533  155.37875
-170.45956  155.37875
-170.46583  155.37875
-170.47209  155.37875
-170.47835  155.37875
-170.48461  155.37875
-170.49087  155.37875
-170.49713  155.37875
-170.5034  155.37875
-170.50966  155.37875
-170.51592  155.37875
-170.52218  155.37875
-170.52844  155.37875
-170.53471  155.37875
-170.54097  155.37875
-170.54723  155.37875
-170.55349  155.37875
-170.55975  155.37875
-170.56602  155.37875
-170.57228  155.37875
-170.57854  155.37875
-170.5848  155.37875
-170.59106  155.37875
-170.59732  155.37875
-170.60359  155.37875
-170.60985  155.37875
-170.61611  155.37875
-170.62237  155.37875
-170.62863  155.37875
-170.6349  155.37875
-170.64116  155.37875
-170.64742  155.37875
-170.65368  155.37875
-170.65994  155.37875
-170.6662  155.37875
-170.67247  155.37875
-170.67873  155.37875
-170.68499  155.37875
-170.69125  155.37875
-170.69751  155.37875
-170.70378  155.37875
-170.71004  155.37875
-170.7163  155.37875
-170.72256  155.37875
-170.72882  155.37875
-170.73509  155.37875
-170.74135  155.37875
-170.74761  155.37875
-170.75387  155.37875
-170.76013  155.37875
-170.76639  155.37875
-170.77266  155.37875
-170.77892  155.37875
-170.78518  155.37875
-170.79144  155.37875
-170.7977  155.37875
-170.80397  155.37875
-170.81023  155.37875
-170.81649  155.37875
-170.82275  155.37875
-170.82901  155.37875
-170.83528  155.37875
-170.84154  155.37875
-170.8478  155.37875
-170.85406  155.37875
-170.86032  155.37875
-170.86658  155.37875
-170.87285  155.37875
-170.87911  155.37875
-170.88537  155.37875
-170.89163  155.37875
-170.89789  155.37875
-170.90416  155.37875
-170.91042  155.37875
-170.91668  155.37875
-170.92294  155.37875
-170.9292  155.37875
-170.93546  155.37875
-170.94173  155.37875
-170.94799  155.37875
-170.95425  155.37875
-170.96051  155.37875
-170.96677  155.37875
-170.97304  155.37875
-170.9793  155.37875
-170.98556  155.37875
-170.99182  155.37875
-170.99808  155.37875
-171.00435  155.37875
-171.01061  155.37875
-171.01687  155.37875
-171.02313  155.37875
-171.02939  155.37875
-171.03565  155.37875
-171.04192  155.37875
-171.04818  155.37875
-171.05444  155.37875
-171.0607  155.37875
-171.06696  155.37875
-171.07323  155.37875
-171.07949  155.37875
-171.08575  155.37875
-171.09201  155.37875
-171.09827  155.37875
-171.10454  155.37875
-171.1108  155.37875
-171.11706  155.37875
-171.12332  155.37875
-171.12958  155.37875
-171.13584  155.37875
-171.14211  155.37875
-171.14837  155.37875
-171.15463  155.37875
-171.16089  155.37875
-171.16715  155.37875
-171.17342  155.37875
-171.17968  155.37875
-171.18594  155.37875
-171.1922  155.37875
-171.19846  155.37875
-171.20472  155.37875
-171.21099  155.37875
-171.21725  155.37875
-171.22351  155.37875
-171.22977  155.37875
-171.23603  155.37875
-171.2423  155.37875
-171.24856  155.37875
-171.25482  155.37875
-171.26108  155.37875
-171.26734  155.37875
-171.27361  155.37875
-171.27987  155.37875
-171.28613  155.37875
-171.29239  155.37875
-171.29865  155.37875
-171.30491  155.37875
-171.31118  155.37875
-171.31744  155.37875
-171.3237  155.37875
-171.32996  155.37875
-171.33622  155.37875
-171.34249  155.37875
-171.34875  155.37875
-171.35501  155.37875
-171.36127  155.37875
-171.36753  155.37875
-171.3738  155.37875
-171.38006  155.37875
-171.38632  155.37875
-171.39258  155.37875
-171.39884  155.37875
-171.4051  155.37875
-171.41137  155.37875
-171.41763  155.37875
-171.42389  155.37875
-171.43015  155.37875
-171.43641  155.37875
-171.44268  155.37875
-171.44894  155.37875
-171.4552  155.37875
-171.46146  155.37875
-171.46772  155.37875
-171.47398  155.37875
-171.48025  155.37875
-171.48651  155.37875
-171.49277  155.37875
-171.49903  155.37875
-171.50529  155.37875
-171.51156  155.37875
-171.51782  155.37875
-171.52408  155.37875
-171.53034  155.37875
-171.5366  155.37875
-171.54287  155.37875
-171.54913  155.37875
-171.55539  155.37875
-171.56165  155.37875
-171.56791  155.37875
-171.57417  155.37875
-171.58044  155.37875
-171.5867  155.37875
-171.59296  155.37875
-171.59922  155.37875
-171.60548  155.37875
-171.61175  155.37875
-171.61801  155.37875
-171.62427  155.37875
-171.63053  155.37875
-171.63679  155.37875
-171.64306  155.37875
-171.64932  155.37875
-171.65558  155.37875
-171.66184  155.37875
-171.6681  155.37875
-171.67436  155.37875
-171.68063  155.37875
-171.68689  155.37875
-171.69315  155.37875
-171.69941  155.37875
-171.70567  155.37875
-171.71194  155.37875
-171.7182  155.37875
-171.72446  155.37875
-171.73072  155.37875
-171.73698  155.37875
-171.74324  155.37875
-171.74951  155.37875
-171.75577  155.37875
-171.76203  155.37875
-171.76829  155.37875
-171.77455  155.37875
-171.78082  155.37875
-171.78708  155.37875
-171.79334  155.37875
-171.7996  155.37875
-171.80586  155.37875
-171.81213  155.37875
-171.81839  155.37875
-171.82465  155.37875
-171.83091  155.37875
-171.83717  155.37875
-171.84343  155.37875
-171.8497  155.37875
-171.85596  155.37875
-171.86222  155.37875
-171.86848  155.37875
-171.87474  155.37875
-171.88101  155.37875
-171.88727  155.37875
-171.89353  155.37875
-171.89979  155.37875
-171.90605  155.37875
-171.91231  155.37875
-171.91858  155.37875
-171.92484  155.37875
-171.9311  155.37875
-171.93736  155.37875
-171.94362  155.37875
-171.94989  155.37875
-171.95615  155.37875
-171.96241  155.37875
-171.96867  155.37875
-171.97493  155.37875
-171.9812  155.37875
-171.98746  155.37875
-171.99372  155.37875
-171.99998  155.37875
-172.00624  155.37875
-172.0125  155.37875
-172.01877  155.37875
-172.02503  155.37875
-172.03129  155.37875
-172.03755  155.37875
-172.04381  155.37875
-172.05008  155.37875
-172.05634  155.37875
-172.0626  155.37875
-172.06886  155.37875
-172.07512  155.37875
-172.08139  155.37875
-172.08765  155.37875
-172.09391  155.37875
-172.10017  155.37875
-172.10643  155.37875
-172.11269  155.37875
-172.11896  155.37875
-172.12522  155.37875
-172.13148  155.37875
-172.13774  155.37875
-172.144  155.37875
-172.15027  155.37875
-172.15653  155.37875
-172.16279  155.37875
-172.16905  155.37875
-172.17531  155.37875
-172.18157  155.37875
-172.18784  155.37875
-172.1941  155.37875
-172.20036  155.37875
-172.20662  155.37875
-172.21288  155.37875
-172.21915  155.37875
-172.22541  155.37875
-172.23167  155.37875
-172.23793  155.37875
-172.24419  155.37875
-172.25046  155.37875
-172.25672  155.37875
-172.26298  155.37875
-172.26924  155.37875
-172.2755  155.37875
-172.28176  155.37875
-172.28803  155.37875
-172.29429  155.37875
-172.30055  155.37875
-172.30681  155.37875
-172.31307  155.37875
-172.31934  155.37875
-172.3256  155.37875
-172.33186  155.37875
-172.33812  155.37875
-172.34438  155.37875
-172.35065  155.37875
-172.35691  155.37875
-172.36317  155.37875
-172.36943  155.37875
-172.37569  155.37875
-172.38195  155.37875
-172.38822  155.37875
-172.39448  155.37875
-172.40074  155.37875
-172.407  155.37875
-172.41326  155.37875
-172.41953  155.37875
-172.42579  155.37875
-172.43205  155.37875
-172.43831  155.37875
-172.44457  155.37875
-172.45083  155.37875
-172.4571  155.37875
-172.46336  155.37875
-172.46962  155.37875
-172.47588  155.37875
-172.48214  155.37875
-172.48841  155.37875
-172.49467  155.37875
-172.50093  155.37875
-172.50719  155.37875
-172.51345  155.37875
-172.51972  155.37875
-172.52598  155.37875
-172.53224  155.37875
-172.5385  155.37875
-172.54476  155.37875
-172.55102  155.37875
-172.55729  155.37875
-172.56355  155.37875
-172.56981  155.37875
-172.57607  155.37875
-172.58233  155.37875
-172.5886  155.37875
-172.59486  155.37875
-172.60112  155.37875
-172.60738  155.37875
-172.61364  155.37875
-172.61991  155.37875
-172.62617  155.37875
-172.63243  155.37875
-172.63869  155.37875
-172.64495  155.37875
-172.65121  155.37875
-172.65748  155.37875
-172.66374  155.37875
-172.67  155.37875
-172.67626  155.37875
-172.68252  155.37875
-172.68879  155.37875
-172.69505  155.37875
-172.70131  155.37875
-172.70757  155.37875
-172.71383  155.37875
-172.72009  155.37875
-172.72636  155.37875
-172.73262  155.37875
-172.73888  155.37875
-172.74514  155.37875
-172.7514  155.37875
-172.75767  155.37875
-172.76393  155.37875
-172.77019  155.37875
-172.77645  155.37875
-172.78271  155.37875
-172.78898  155.37875
-172.79524  155.37875
-172.8015  155.37875
-172.80776  155.37875
-172.81402  155.37875
-172.82028  155.37875
-172.82655  155.37875
-172.83281  155.37875
-172.83907  155.37875
-172.84533  155.37875
-172.85159  155.37875
-172.85786  155.37875
-172.86412  155.37875
-172.87038  155.37875
-172.87664  155.37875
-172.8829  155.37875
-172.88917  155.37875
-172.89543  155.37875
-172.90169  155.37875
-172.90795  155.37875
-172.91421  155.37875
-172.92047  155.37875
-172.92674  155.37875
-172.933  155.37875
-172.93926  155.37875
-172.94552  155.37875
-172.95178  155.37875
-172.95805  155.37875
-172.96431  155.37875
-172.97057  155.37875
-172.97683  155.37875
-172.98309  155.37875
-172.98935  155.37875
-172.99562  155.37875
-173.00188  155.37875
-173.00814  155.37875
-173.0144  155.37875
-173.02066  155.37875
-173.02693  155.37875
-173.03319  155.37875
-173.03945  155.37875
-173.04571  155.37875
-173.05197  155.37875
-173.05824  155.37875
-173.0645  155.37875
-173.07076  155.37875
-173.07702  155.37875
-173.08328  155.37875
-173.08954  155.37875
-173.09581  155.37875
-173.10207  155.37875
-173.10833  155.37875
-173.11459  155.37875
-173.12085  155.37875
-173.12712  155.37875
-173.13338  155.37875
-173.13964  155.37875
-173.1459  155.37875
-173.15216  155.37875
-173.15843  155.37875
-173.16469  155.37875
-173.17095  155.37875
-173.17721  155.37875
-173.18347  155.37875
-173.18973  155.37875
-173.196  155.37875
-173.20226  155.37875
-173.20852  155.37875
-173.21478  155.37875
-173.22104  155.37875
-173.22731  155.37875
-173.23357  155.37875
-173.23983  155.37875
-173.24609  155.37875
-173.25235  155.37875
-173.25861  155.37875
-173.26488  155.37875
-173.27114  155.37875
-173.2774  155.37875
-173.28366  155.37875
-173.28992  155.37875
-173.29619  155.37875
-173.30245  155.37875
-173.30871  155.37875
-173.31497  155.37875
-173.32123  155.37875
-173.3275  155.37875
-173.33376  155.37875
-173.34002  155.37875
-173.34628  155.37875
-173.35254  155.37875
-173.3588  155.37875
-173.36507  155.37875
-173.37133  155.37875
-173.37759  155.37875
-173.38385  155.37875
-173.39011  155.37875
-173.39638  155.37875
-173.40264  155.37875
-173.4089  155.37875
-173.41516  155.37875
-173.42142  155.37875
-173.42769  155.37875
-173.43395  155.37875
-173.44021  155.37875
-173.44647  155.37875
-173.45273  155.37875
-173.45899  155.37875
-173.46526  155.37875
-173.47152  155.37875
-173.47778  155.37875
-173.48404  155.37875
-173.4903  155.37875
-173.49657  155.37875
-173.50283  155.37875
-173.50909  155.37875
-173.51535  155.37875
-173.52161  155.37875
-173.52787  155.37875
-173.53414  155.37875
-173.5404  155.37875
-173.54666  155.37875
-173.55292  155.37875
-173.55918  155.37875
-173.56545  155.37875
-173.57171  155.37875
-173.57797  155.37875
-173.58423  155.37875
-173.59049  155.37875
-173.59676  155.37875
-173.60302  155.37875
-173.60928  155.37875
-173.61554  155.37875
-173.6218  155.37875
-173.62806  155.37875
-173.63433  155.37875
-173.64059  155.37875
-173.64685  155.37875
-173.65311  155.37875
-173.65937  155.37875
-173.66564  155.37875
-173.6719  155.37875
-173.67816  155.37875
-173.68442  155.37875
-173.69068  155.37875
-173.69694  155.37875
-173.70321  155.37875
-173.70947  155.37875
-173.71573  155.37875
-173.72199  155.37875
-173.72825  155.37875
-173.73452  155.37875
-173.74078  155.37875
-173.74704  155.37875
-173.7533  155.37875
-173.75956  155.37875
-173.76583  155.37875
-173.77209  155.37875
-173.77835  155.37875
-173.78461  155.37875
-173.79087  155.37875
-173.79713  155.37875
-173.8034  155.37875
-173.80966  155.37875
-173.81592  155.37875
-173.82218  155.37875
-173.82844  155.37875
-173.83471  155.37875
-173.84097  155.37875
-173.84723  155.37875
-173.85349  155.37875
-173.85975  155.37875
-173.86602  155.37875
-173.87228  155.37875
-173.87854  155.37875
-173.8848  155.37875
-173.89106  155.37875
-173.89732  155.37875
-173.90359  155.37875
-173.90985  155.37875
-173.91611  155.37875
-173.92237  155.37875
-173.92863  155.37875
-173.9349  155.37875
-173.94116  155.37875
-173.94742  155.37875
-173.95368  155.37875
-173.95994  155.37875
-173.9662  155.37875
-173.97247  155.37875
-173.97873  155.37875
-173.98499  155.37875
-173.99125  155.37875
-173.99751  155.37875
-174.00378  155.37875
-174.01004  155.37875
-174.0163  155.37875
-174.02256  155.37875
-174.02882  155.37875
-174.03509  155.37875
-174.04135  155.37875
-174.04761  155.37875
-174.05387  155.37875
-174.06013  155.37875
-174.06639  155.37875
-174.07266  155.37875
-174.07892  155.37875
-174.08518  155.37875
-174.09144  155.37875
-174.0977  155.37875
-174.10397  155.37875
-174.11023  155.37875
-174.11649  155.37875
-174.12275  155.37875
-174.12901  155.37875
-174.13528  155.37875
-174.14154  155.37875
-174.1478  155.37875
-174.15406  155.37875
-174.16032  155.37875
-174.16658  155.37875
-174.17285  155.37875
-174.17911  155.37875
-174.18537  155.37875
-174.19163  155.37875
-174.19789  155.37875
-174.20416  155.37875
-174.21042  155.37875
-174.21668  155.37875
-174.22294  155.37875
-174.2292  155.37875
-174.23546  155.37875
-174.24173  155.37875
-174.24799  155.37875
-174.25425  155.37875
-174.26051  155.37875
-174.26677  155.37875
-174.27304  155.37875
-174.2793  155.37875
-174.28556  155.37875
-174.29182  155.37875
-174.29808  155.37875
-174.30435  155.37875
-174.31061  155.37875
-174.31687  155.37875
-174.32313  155.37875
-174.32939  155.37875
-174.33565  155.37875
-174.34192  155.37875
-174.34818  155.37875
-174.35444  155.37875
-174.3607  155.37875
-174.36696  155.37875
-174.37323  155.37875
-174.37949  155.37875
-174.38575  155.37875
-174.39201  155.37875
-174.39827  155.37875
-174.40454  155.37875
-174.4108  155.37875
-174.41706  155.37875
-174.42332  155.37875
-174.42958  155.37875
-174.43584  155.37875
-174.44211  155.37875
-174.44837  155.37875
-174.45463  155.37875
-174.46089  155.37875
-174.46715  155.37875
-174.47342  155.37875
-174.47968  155.37875
-174.48594  155.37875
-174.4922  155.37875
-174.49846  155.37875
-174.50472  155.37875
-174.51099  155.37875
-174.51725  155.37875
-174.52351  155.37875
-174.52977  155.37875
-174.53603  155.37875
-174.5423  155.37875
-174.54856  155.37875
-174.55482  155.37875
-174.56108  155.37875
-174.56734  155.37875
-174.57361  155.37875
-174.57987  155.37875
-174.58613  155.37875
-174.59239  155.37875
-174.59865  155.37875
-174.60491  155.37875
-174.61118  155.37875
-174.61744  155.37875
-174.6237  155.37875
-174.62996  155.37875
-174.63622  155.37875
-174.64249  155.37875
-174.64875  155.37875
-174.65501  155.37875
-174.66127  155.37875
-174.66753  155.37875
-174.6738  155.37875
-174.68006  155.37875
-174.68632  155.37875
-174.69258  155.37875
-174.69884  155.37875
-174.7051  155.37875
-174.71137  155.37875
-174.71763  155.37875
-174.72389  155.37875
-174.73015  155.37875
-174.73641  155.37875
-174.74268  155.37875
-174.74894  155.37875
-174.7552  155.37875
-174.76146  155.37875
-174.76772  155.37875
-174.77398  155.37875
-174.78025  155.37875
-174.78651  155.37875
-174.79277  155.37875
-174.79903  155.37875
-174.80529  155.37875
-174.81156  155.37875
-174.81782  155.37875
-174.82408  155.37875
-174.83034  155.37875
-174.8366  155.37875
-174.84287  155.37875
-174.84913  155.37875
-174.85539  155.37875
-174.86165  155.37875
-174.86791  155.37875
-174.87417  155.37875
-174.88044  155.37875
-174.8867  155.37875
-174.89296  155.37875
-174.89922  155.37875
-174.90548  155.37875
-174.91175  155.37875
-174.91801  155.37875
-174.92427  155.37875
-174.93053  155.37875
-174.93679  155.37875
-174.94306  155.37875
-174.94932  155.37875
-174.95558  155.37875
-174.96184  155.37875
-174.9681  155.37875
-174.97436  155.37875
-174.98063  155.37875
-174.98689  155.37875
-174.99315  155.37875
-174.99941  155.37875
-175.00567  155.37875
-175.01194  155.37875
-175.0182  155.37875
-175.02446  155.37875
-175.03072  155.37875
-175.03698  155.37875
-175.04324  155.37875
-175.04951  155.37875
-175.05577  155.37875
-175.06203  155.37875
-175.06829  155.37875
-175.07455  155.37875
-175.08082  155.37875
-175.08708  155.37875
-175.09334  155.37875
-175.0996  155.37875
-175.10586  155.37875
-175.11213  155.37875
-175.11839  155.37875
-175.12465  155.37875
-175.13091  155.37875
-175.13717  155.37875
-175.14343  155.37875
-175.1497  155.37875
-175.15596  155.37875
-175.16222  155.37875
-175.16848  155.37875
-175.17474  155.37875
-175.18101  155.37875
-175.18727  155.37875
-175.19353  155.37875
-175.19979  155.37875
-175.20605  155.37875
-175.21231  155.37875
-175.21858  155.37875
-175.22484  155.37875
-175.2311  155.37875
-175.23736  155.37875
-175.24362  155.37875
-175.24989  155.37875
-175.25615  155.37875
-175.26241  155.37875
-175.26867  155.37875
-175.27493  155.37875
-175.2812  155.37875
-175.28746  155.37875
-175.29372  155.37875
-175.29998  155.37875
-175.30624  155.37875
-175.3125  155.37875
-175.31877  155.37875
-175.32503  155.37875
-175.33129  155.37875
-175.33755  155.37875
-175.34381  155.37875
-175.35008  155.37875
-175.35634  155.37875
-175.3626  155.37875
-175.36886  155.37875
-175.37512  155.37875
-175.38139  155.37875
-175.38765  155.37875
-175.39391  155.37875
-175.40017  155.37875
-175.40643  155.37875
-175.41269  155.37875
-175.41896  155.37875
-175.42522  155.37875
-175.43148  155.37875
-175.43774  155.37875
-175.444  155.37875
-175.45027  155.37875
-175.45653  155.37875
-175.46279  155.37875
-175.46905  155.37875
-175.47531  155.37875
-175.48157  155.37875
-175.48784  155.37875
-175.4941  155.37875
-175.50036  155.37875
-175.50662  155.37875
-175.51288  155.37875
-175.51915  155.37875
-175.52541  155.37875
-175.53167  155.37875
-175.53793  155.37875
-175.54419  155.37875
-175.55046  155.37875
-175.55672  155.37875
-175.56298  155.37875
-175.56924  155.37875
-175.5755  155.37875
-175.58176  155.37875
-175.58803  155.37875
-175.59429  155.37875
-175.60055  155.37875
-175.60681  155.37875
-175.61307  155.37875
-175.61934  155.37875
-175.6256  155.37875
-175.63186  155.37875
-175.63812  155.37875
-175.64438  155.37875
-175.65065  155.37875
-175.65691  155.37875
-175.66317  155.37875
-175.66943  155.37875
-175.67569  155.37875
-175.68195  155.37875
-175.68822  155.37875
-175.69448  155.37875
-175.70074  155.37875
-175.707  155.37875
-175.71326  155.37875
-175.71953  155.37875
-175.72579  155.37875
-175.73205  155.37875
-175.73831  155.37875
-175.74457  155.37875
-175.75083  155.37875
-175.7571  155.37875
-175.76336  155.37875
-175.76962  155.37875
-175.77588  155.37875
-175.78214  155.37875
-175.78841  155.37875
-175.79467  155.37875
-175.80093  155.37875
-175.80719  155.37875
-175.81345  155.37875
-175.81972  155.37875
-175.82598  155.37875
-175.83224  155.37875
-175.8385  155.37875
-175.84476  155.37875
-175.85102  155.37875
-175.85729  155.37875
-175.86355  155.37875
-175.86981  155.37875
-175.87607  155.37875
-175.88233  155.37875
-175.8886  155.37875
-175.89486  155.37875
-175.90112  155.37875
-175.90738  155.37875
-175.91364  155.37875
-175.91991  155.37875
-175.92617  155.37875
-175.93243  155.37875
-175.93869  155.37875
-175.94495  155.37875
-175.95121  155.37875
-175.95748  155.37875
-175.96374  155.37875
-175.97  155.37875

# Result Name:                  Peak Fit
# Number of Curves:             1
#
# Curve:                        0
# Values/Curve:                 5271
#
-142.97  155.40334
-142.97626  155.4035
-142.98252  155.40366
-142.98879  155.40382
-142.99505  155.40398
-143.00131  155.40414
-143.00757  155.4043
-143.01383  155.40447
-143.02009  155.40464
-143.02636  155.40481
-143.03262  155.40498
-143.03888  155.40515
-143.04514  155.40532
-143.0514  155.4055
-143.05767  155.40568
-143.06393  155.40586
-143.07019  155.40604
-143.07645  155.40622
-143.08271  155.4064
-143.08898  155.40659
-143.09524  155.40678
-143.1015  155.40697
-143.10776  155.40716
-143.11402  155.40736
-143.12028  155.40755
-143.12655  155.40775
-143.13281  155.40795
-143.13907  155.40815
-143.14533  155.40836
-143.15159  155.40857
-143.15786  155.40877
-143.16412  155.40899
-143.17038  155.4092
-143.17664  155.40941
-143.1829  155.40963
-143.18917  155.40985
-143.19543  155.41008
-143.20169  155.4103
-143.20795  155.41053
-143.21421  155.41076
-143.22047  155.41099
-143.22674  155.41123
-143.233  155.41146
-143.23926  155.4117
-143.24552  155.41195
-143.25178  155.41219
-143.25805  155.41244
-143.26431  155.41269
-143.27057  155.41294
-143.27683  155.4132
-143.28309  155.41346
-143.28935  155.41372
-143.29562  155.41399
-143.30188  155.41426
-143.30814  155.41453
-143.3144  155.4148
-143.32066  155.41508
-143.32693  155.41536
-143.33319  155.41565
-143.33945  155.41594
-143.34571  155.41623
-143.35197  155.41652
-143.35824  155.41682
-143.3645  155.41712
-143.37076  155.41743
-143.37702  155.41773
-143.38328  155.41805
-143.38954  155.41836
-143.39581  155.41868
-143.40207  155.41901
-143.40833  155.41934
-143.41459  155.41967
-143.42085  155.42
-143.42712  155.42034
-143.43338  155.42069
-143.43964  155.42104
-143.4459  155.42139
-143.45216  155.42175
-143.45843  155.42211
-143.46469  155.42248
-143.47095  155.42285
-143.47721  155.42322
-143.48347  155.42361
-143.48973  155.42399
-143.496  155.42438
-143.50226  155.42478
-143.50852  155.42518
-143.51478  155.42559
-143.52104  155.426
-143.52731  155.42641
-143.53357  155.42684
-143.53983  155.42727
-143.54609  155.4277
-143.55235  155.42814
-143.55861  155.42859
-143.56488  155.42904
-143.57114  155.4295
-143.5774  155.42996
-143.58366  155.43043
-143.58992  155.43091
-143.59619  155.43139
-143.60245  155.43188
-143.60871  155.43238
-143.61497  155.43289
-143.62123  155.4334
-143.6275  155.43392
-143.63376  155.43444
-143.64002  155.43498
-143.64628  155.43552
-143.65254  155.43607
-143.6588  155.43663
-143.66507  155.43719
-143.67133  155.43777
-143.67759  155.43835
-143.68385  155.43894
-143.69011  155.43954
-143.69638  155.44015
-143.70264  155.44077
-143.7089  155.4414
-143.71516  155.44204
-143.72142  155.44268
-143.72769  155.44334
-143.73395  155.44401
-143.74021  155.44468
-143.74647  155.44537
-143.75273  155.44607
-143.75899  155.44678
-143.76526  155.4475
-143.77152  155.44824
-143.77778  155.44898
-143.78404  155.44974
-143.7903  155.45051
-143.79657  155.45129
-143.80283  155.45208
-143.80909  155.45289
-143.81535  155.45371
-143.82161  155.45455
-143.82787  155.4554
-143.83414  155.45626
-143.8404  155.45714
-143.84666  155.45803
-143.85292  155.45894
-143.85918  155.45986
-143.86545  155.4608
-143.87171  155.46176
-143.87797  155.46273
-143.88423  155.46372
-143.89049  155.46473
-143.89676  155.46575
-143.90302  155.4668
-143.90928  155.46786
-143.91554  155.46894
-143.9218  155.47005
-143.92806  155.47117
-143.93433  155.47231
-143.94059  155.47348
-143.94685  155.47466
-143.95311  155.47587
-143.95937  155.47711
-143.96564  155.47836
-143.9719  155.47964
-143.97816  155.48094
-143.98442  155.48227
-143.99068  155.48363
-143.99694  155.48501
-144.00321  155.48642
-144.00947  155.48786
-144.01573  155.48933
-144.02199  155.49083
-144.02825  155.49235
-144.03452  155.49391
-144.04078  155.4955
-144.04704  155.49713
-144.0533  155.49879
-144.05956  155.50048
-144.06583  155.50221
-144.07209  155.50398
-144.07835  155.50578
-144.08461  155.50763
-144.09087  155.50951
-144.09713  155.51144
-144.1034  155.51341
-144.10966  155.51542
-144.11592  155.51748
-144.12218  155.51958
-144.12844  155.52174
-144.13471  155.52394
-144.14097  155.52619
-144.14723  155.5285
-144.15349  155.53086
-144.15975  155.53328
-144.16602  155.53576
-144.17228  155.53829
-144.17854  155.54089
-144.1848  155.54355
-144.19106  155.54628
-144.19732  155.54907
-144.20359  155.55194
-144.20985  155.55488
-144.21611  155.55789
-144.22237  155.56098
-144.22863  155.56415
-144.2349  155.56741
-144.24116  155.57075
-144.24742  155.57418
-144.25368  155.5777
-144.25994  155.58132
-144.2662  155.58504
-144.27247  155.58886
-144.27873  155.59279
-144.28499  155.59683
-144.29125  155.60098
-144.29751  155.60526
-144.30378  155.60965
-144.31004  155.61418
-144.3163  155.61884
-144.32256  155.62364
-144.32882  155.62859
-144.33509  155.63368
-144.34135  155.63893
-144.34761  155.64435
-144.35387  155.64994
-144.36013  155.6557
-144.36639  155.66165
-144.37266  155.66779
-144.37892  155.67413
-144.38518  155.68069
-144.39144  155.68746
-144.3977  155.69446
-144.40397  155.7017
-144.41023  155.7092
-144.41649  155.71695
-144.42275  155.72498
-144.42901  155.7333
-144.43528  155.74192
-144.44154  155.75086
-144.4478  155.76013
-144.45406  155.76975
-144.46032  155.77973
-144.46658  155.7901
-144.47285  155.80088
-144.47911  155.81208
-144.48537  155.82373
-144.49163  155.83585
-144.49789  155.84847
-144.50416  155.86162
-144.51042  155.87533
-144.51668  155.88962
-144.52294  155.90453
-144.5292  155.9201
-144.53546  155.93637
-144.54173  155.95338
-144.54799  155.97117
-144.55425  155.98979
-144.56051  156.0093
-144.56677  156.02974
-144.57304  156.05119
-144.5793  156.0737
-144.58556  156.09736
-144.59182  156.12222
-144.59808  156.14839
-144.60435  156.17595
-144.61061  156.205
-144.61687  156.23564
-144.62313  156.268
-144.62939  156.3022
-144.63565  156.33839
-144.64192  156.37671
-144.64818  156.41734
-144.65444  156.46047
-144.6607  156.50629
-144.66696  156.55503
-144.67323  156.60695
-144.67949  156.66232
-144.68575  156.72144
-144.69201  156.78466
-144.69827  156.85235
-144.70454  156.92494
-144.7108  157.00289
-144.71706  157.08673
-144.72332  157.17706
-144.72958  157.27453
-144.73584  157.37991
-144.74211  157.49403
-144.74837  157.61786
-144.75463  157.75248
-144.76089  157.89913
-144.76715  158.05921
-144.77342  158.23434
-144.77968  158.42635
-144.78594  158.63736
-144.7922  158.86979
-144.79846  159.12642
-144.80472  159.41047
-144.81099  159.72564
-144.81725  160.07617
-144.82351  160.46699
-144.82977  160.90371
-144.83603  161.39277
-144.8423  161.94149
-144.84856  162.55807
-144.85482  163.25162
-144.86108  164.03196
-144.86734  164.9093
-144.87361  165.8936
-144.87987  166.99349
-144.88613  168.21448
-144.89239  169.55638
-144.89865  171.00964
-144.90491  172.55079
-144.91118  174.13744
-144.91744  175.7043
-144.9237  177.1625
-144.92996  178.40511
-144.93622  179.32092
-144.94249  179.81534
-144.94875  179.83266
-144.95501  179.37086
-144.96127  178.48219
-144.96753  177.25919
-144.9738  175.81263
-144.98006  174.25029
-144.98632  172.6626
-144.99258  171.11657
-144.99884  169.6561
-145.0051  168.30584
-145.01137  167.07617
-145.01763  165.96781
-145.02389  164.97556
-145.03015  164.09095
-145.03641  163.30406
-145.04268  162.60468
-145.04894  161.98294
-145.0552  161.42968
-145.06146  160.93663
-145.06772  160.49642
-145.07398  160.10254
-145.08025  159.74931
-145.08651  159.43178
-145.09277  159.14565
-145.09903  158.88718
-145.10529  158.65313
-145.11156  158.44069
-145.11782  158.2474
-145.12408  158.07113
-145.13034  157.91004
-145.1366  157.76248
-145.14287  157.62705
-145.14913  157.5025
-145.15539  157.38772
-145.16165  157.28175
-145.16791  157.18374
-145.17417  157.09292
-145.18044  157.00864
-145.1867  156.93029
-145.19296  156.85734
-145.19922  156.78932
-145.20548  156.7258
-145.21175  156.66639
-145.21801  156.61077
-145.22427  156.55861
-145.23053  156.50965
-145.23679  156.46363
-145.24306  156.42032
-145.24932  156.37952
-145.25558  156.34104
-145.26184  156.3047
-145.2681  156.27037
-145.27436  156.23788
-145.28063  156.20712
-145.28689  156.17796
-145.29315  156.1503
-145.29941  156.12404
-145.30567  156.09908
-145.31194  156.07535
-145.3182  156.05275
-145.32446  156.03123
-145.33072  156.01072
-145.33698  155.99115
-145.34324  155.97246
-145.34951  155.95462
-145.35577  155.93755
-145.36203  155.92124
-145.36829  155.90562
-145.37455  155.89066
-145.38082  155.87632
-145.38708  155.86258
-145.39334  155.84939
-145.3996  155.83673
-145.40586  155.82457
-145.41213  155.81289
-145.41839  155.80166
-145.42465  155.79085
-145.43091  155.78045
-145.43717  155.77044
-145.44343  155.7608
-145.4497  155.75151
-145.45596  155.74255
-145.46222  155.7339
-145.46848  155.72556
-145.47474  155.71751
-145.48101  155.70974
-145.48727  155.70223
-145.49353  155.69497
-145.49979  155.68795
-145.50605  155.68116
-145.51231  155.67459
-145.51858  155.66823
-145.52484  155.66208
-145.5311  155.65612
-145.53736  155.65034
-145.54362  155.64474
-145.54989  155.63931
-145.55615  155.63405
-145.56241  155.62894
-145.56867  155.62399
-145.57493  155.61918
-145.5812  155.61451
-145.58746  155.60997
-145.59372  155.60557
-145.59998  155.60128
-145.60624  155.59712
-145.6125  155.59307
-145.61877  155.58914
-145.62503  155.58531
-145.63129  155.58158
-145.63755  155.57796
-145.64381  155.57443
-145.65008  155.57099
-145.65634  155.56764
-145.6626  155.56438
-145.66886  155.5612
-145.67512  155.55811
-145.68139  155.55509
-145.68765  155.55214
-145.69391  155.54927
-145.70017  155.54647
-145.70643  155.54374
-145.71269  155.54108
-145.71896  155.53847
-145.72522  155.53593
-145.73148  155.53345
-145.73774  155.53103
-145.744  155.52867
-145.75027  155.52636
-145.75653  155.5241
-145.76279  155.52189
-145.76905  155.51974
-145.77531  155.51763
-145.78157  155.51557
-145.78784  155.51355
-145.7941  155.51158
-145.80036  155.50965
-145.80662  155.50776
-145.81288  155.50591
-145.81915  155.50411
-145.82541  155.50234
-145.83167  155.5006
-145.83793  155.49891
-145.84419  155.49725
-145.85046  155.49562
-145.85672  155.49403
-145.86298  155.49246
-145.86924  155.49093
-145.8755  155.48943
-145.88176  155.48797
-145.88803  155.48652
-145.89429  155.48511
-145.90055  155.48373
-145.90681  155.48237
-145.91307  155.48104
-145.91934  155.47973
-145.9256  155.47845
-145.93186  155.47719
-145.93812  155.47596
-145.94438  155.47475
-145.95065  155.47356
-145.95691  155.47239
-145.96317  155.47125
-145.96943  155.47013
-145.97569  155.46902
-145.98195  155.46794
-145.98822  155.46687
-145.99448  155.46583
-146.00074  155.4648
-146.007  155.46379
-146.01326  155.4628
-146.01953  155.46183
-146.02579  155.46087
-146.03205  155.45993
-146.03831  155.459
-146.04457  155.45809
-146.05083  155.4572
-146.0571  155.45632
-146.06336  155.45546
-146.06962  155.45461
-146.07588  155.45377
-146.08214  155.45295
-146.08841  155.45214
-146.09467  155.45135
-146.10093  155.45056
-146.10719  155.44979
-146.11345  155.44904
-146.11972  155.44829
-146.12598  155.44756
-146.13224  155.44683
-146.1385  155.44612
-146.14476  155.44542
-146.15102  155.44473
-146.15729  155.44405
-146.16355  155.44339
-146.16981  155.44273
-146.17607  155.44208
-146.18233  155.44144
-146.1886  155.44081
-146.19486  155.4402
-146.20112  155.43959
-146.20738  155.43898
-146.21364  155.43839
-146.21991  155.43781
-146.22617  155.43723
-146.23243  155.43667
-146.23869  155.43611
-146.24495  155.43556
-146.25121  155.43502
-146.25748  155.43448
-146.26374  155.43395
-146.27  155.43343
-146.27626  155.43292
-146.28252  155.43242
-146.28879  155.43192
-146.29505  155.43143
-146.30131  155.43094
-146.30757  155.43047
-146.31383  155.42999
-146.32009  155.42953
-146.32636  155.42907
-146.33262  155.42862
-146.33888  155.42817
-146.34514  155.42773
-146.3514  155.4273
-146.35767  155.42687
-146.36393  155.42644
-146.37019  155.42603
-146.37645  155.42561
-146.38271  155.42521
-146.38898  155.42481
-146.39524  155.42441
-146.4015  155.42402
-146.40776  155.42363
-146.41402  155.42325
-146.42028  155.42287
-146.42655  155.4225
-146.43281  155.42214
-146.43907  155.42177
-146.44533  155.42142
-146.45159  155.42106
-146.45786  155.42071
-146.46412  155.42037
-146.47038  155.42003
-146.47664  155.41969
-146.4829  155.41936
-146.48917  155.41903
-146.49543  155.41871
-146.50169  155.41839
-146.50795  155.41807
-146.51421  155.41776
-146.52047  155.41745
-146.52674  155.41714
-146.533  155.41684
-146.53926  155.41654
-146.54552  155.41625
-146.55178  155.41596
-146.55805  155.41567
-146.56431  155.41538
-146.57057  155.4151
-146.57683  155.41482
-146.58309  155.41455
-146.58935  155.41428
-146.59562  155.41401
-146.60188  155.41374
-146.60814  155.41348
-146.6144  155.41322
-146.62066  155.41296
-146.62693  155.41271
-146.63319  155.41246
-146.63945  155.41221
-146.64571  155.41196
-146.65197  155.41172
-146.65824  155.41148
-146.6645  155.41124
-146.67076  155.41101
-146.67702  155.41077
-146.68328  155.41054
-146.68954  155.41032
-146.69581  155.41009
-146.70207  155.40987
-146.70833  155.40965
-146.71459  155.40943
-146.72085  155.40921
-146.72712  155.409
-146.73338  155.40879
-146.73964  155.40858
-146.7459  155.40837
-146.75216  155.40817
-146.75843  155.40797
-146.76469  155.40777
-146.77095  155.40757
-146.77721  155.40737
-146.78347  155.40718
-146.78973  155.40698
-146.796  155.40679
-146.80226  155.4066
-146.80852  155.40642
-146.81478  155.40623
-146.82104  155.40605
-146.82731  155.40587
-146.83357  155.40569
-146.83983  155.40551
-146.84609  155.40534
-146.85235  155.40516
-146.85861  155.40499
-146.86488  155.40482
-146.87114  155.40465
-146.8774  155.40448
-146.88366  155.40432
-146.88992  155.40415
-146.89619  155.40399
-146.90245  155.40383
-146.90871  155.40367
-146.91497  155.40351
-146.92123  155.40335
-146.9275  155.4032
-146.93376  155.40305
-146.94002  155.40289
-146.94628  155.40274
-146.95254  155.40259
-146.9588  155.40245
-146.96507  155.4023
-146.97133  155.40215
-146.97759  155.40201
-146.98385  155.40187
-146.99011  155.40173
-146.99638  155.40159
-147.00264  155.40145
-147.0089  155.40131
-147.01516  155.40117
-147.02142  155.40104
-147.02769  155.4009
-147.03395  155.40077
-147.04021  155.40064
-147.04647  155.40051
-147.05273  155.40038
-147.05899  155.40025
-147.06526  155.40013
-147.07152  155.4
-147.07778  155.39988
-147.08404  155.39975
-147.0903  155.39963
-147.09657  155.39951
-147.10283  155.39939
-147.10909  155.39927
-147.11535  155.39915
-147.12161  155.39903
-147.12787  155.39892
-147.13414  155.3988
-147.1404  155.39869
-147.14666  155.39858
-147.15292  155.39846
-147.15918  155.39835
-147.16545  155.39824
-147.17171  155.39813
-147.17797  155.39802
-147.18423  155.39792
-147.19049  155.39781
-147.19676  155.3977
-147.20302  155.3976
-147.20928  155.3975
-147.21554  155.39739
-147.2218  155.39729
-147.22806  155.39719
-147.23433  155.39709
-147.24059  155.39699
-147.24685  155.39689
-147.25311  155.39679
-147.25937  155.39669
-147.26564  155.3966
-147.2719  155.3965
-147.27816  155.39641
-147.28442  155.39631
-147.29068  155.39622
-147.29694  155.39612
-147.30321  155.39603
-147.30947  155.39594
-147.31573  155.39585
-147.32199  155.39576
-147.32825  155.39567
-147.33452  155.39558
-147.34078  155.3955
-147.34704  155.39541
-147.3533  155.39532
-147.35956  155.39524
-147.36583  155.39515
-147.37209  155.39507
-147.37835  155.39498
-147.38461  155.3949
-147.39087  155.39482
-147.39713  155.39473
-147.4034  155.39465
-147.40966  155.39457
-147.41592  155.39449
-147.42218  155.39441
-147.42844  155.39433
-147.43471  155.39426
-147.44097  155.39418
-147.44723  155.3941
-147.45349  155.39402
-147.45975  155.39395
-147.46602  155.39387
-147.47228  155.3938
-147.47854  155.39372
-147.4848  155.39365
-147.49106  155.39358
-147.49732  155.3935
-147.50359  155.39343
-147.50985  155.39336
-147.51611  155.39329
-147.52237  155.39322
-147.52863  155.39315
-147.5349  155.39308
-147.54116  155.39301
-147.54742  155.39294
-147.55368  155.39287
-147.55994  155.39281
-147.5662  155.39274
-147.57247  155.39267
-147.57873  155.39261
-147.58499  155.39254
-147.59125  155.39248
-147.59751  155.39241
-147.60378  155.39235
-147.61004  155.39228
-147.6163  155.39222
-147.62256  155.39216
-147.62882  155.3921
-147.63509  155.39203
-147.64135  155.39197
-147.64761  155.39191
-147.65387  155.39185
-147.66013  155.39179
-147.66639  155.39173
-147.67266  155.39167
-147.67892  155.39161
-147.68518  155.39155
-147.69144  155.39149
-147.6977  155.39144
-147.70397  155.39138
-147.71023  155.39132
-147.71649  155.39126
-147.72275  155.39121
-147.72901  155.39115
-147.73528  155.3911
-147.74154  155.39104
-147.7478  155.39099
-147.75406  155.39093
-147.76032  155.39088
-147.76658  155.39082
-147.77285  155.39077
-147.77911  155.39072
-147.78537  155.39067
-147.79163  155.39061
-147.79789  155.39056
-147.80416  155.39051
-147.81042  155.39046
-147.81668  155.39041
-147.82294  155.39036
-147.8292  155.39031
-147.83546  155.39026
-147.84173  155.39021
-147.84799  155.39016
-147.85425  155.39011
-147.86051  155.39006
-147.86677  155.39001
-147.87304  155.38996
-147.8793  155.38991
-147.88556  155.38987
-147.89182  155.38982
-147.89808  155.38977
-147.90435  155.38973
-147.91061  155.38968
-147.91687  155.38963
-147.92313  155.38959
-147.92939  155.38954
-147.93565  155.3895
-147.94192  155.38945
-147.94818  155.38941
-147.95444  155.38936
-147.9607  155.38932
-147.96696  155.38928
-147.97323  155.38923
-147.97949  155.38919
-147.98575  155.38915
-147.99201  155.3891
-147.99827  155.38906
-148.00454  155.38902
-148.0108  155.38898
-148.01706  155.38894
-148.02332  155.3889
-148.02958  155.38885
-148.03584  155.38881
-148.04211  155.38877
-148.04837  155.38873
-148.05463  155.38869
-148.06089  155.38865
-148.06715  155.38861
-148.07342  155.38857
-148.07968  155.38853
-148.08594  155.38849
-148.0922  155.38846
-148.09846  155.38842
-148.10472  155.38838
-148.11099  155.38834
-148.11725  155.3883
-148.12351  155.38827
-148.12977  155.38823
-148.13603  155.38819
-148.1423  155.38815
-148.14856  155.38812
-148.15482  155.38808
-148.16108  155.38804
-148.16734  155.38801
-148.17361  155.38797
-148.17987  155.38794
-148.18613  155.3879
-148.19239  155.38787
-148.19865  155.38783
-148.20491  155.3878
-148.21118  155.38776
-148.21744  155.38773
-148.2237  155.38769
-148.22996  155.38766
-148.23622  155.38763
-148.24249  155.38759
-148.24875  155.38756
-148.25501  155.38753
-148.26127  155.38749
-148.26753  155.38746
-148.2738  155.38743
-148.28006  155.38739
-148.28632  155.38736
-148.29258  155.38733
-148.29884  155.3873
-148.3051  155.38727
-148.31137  155.38723
-148.31763  155.3872
-148.32389  155.38717
-148.33015  155.38714
-148.33641  155.38711
-148.34268  155.38708
-148.34894  155.38705
-148.3552  155.38702
-148.36146  155.38699
-148.36772  155.38696
-148.37398  155.38693
-148.38025  155.3869
-148.38651  155.38687
-148.39277  155.38684
-148.39903  155.38681
-148.40529  155.38678
-148.41156  155.38675
-148.41782  155.38672
-148.42408  155.38669
-148.43034  155.38666
-148.4366  155.38664
-148.44287  155.38661
-148.44913  155.38658
-148.45539  155.38655
-148.46165  155.38652
-148.46791  155.3865
-148.47417  155.38647
-148.48044  155.38644
-148.4867  155.38642
-148.49296  155.38639
-148.49922  155.38636
-148.50548  155.38633
-148.51175  155.38631
-148.51801  155.38628
-148.52427  155.38626
-148.53053  155.38623
-148.53679  155.3862
-148.54306  155.38618
-148.54932  155.38615
-148.55558  155.38613
-148.56184  155.3861
-148.5681  155.38607
-148.57436  155.38605
-148.58063  155.38602
-148.58689  155.386
-148.59315  155.38597
-148.59941  155.38595
-148.60567  155.38593
-148.61194  155.3859
-148.6182  155.38588
-148.62446  155.38585
-148.63072  155.38583
-148.63698  155.3858
-148.64324  155.38578
-148.64951  155.38576
-148.65577  155.38573
-148.66203  155.38571
-148.66829  155.38569
-148.67455  155.38566
-148.68082  155.38564
-148.68708  155.38562
-148.69334  155.38559
-148.6996  155.38557
-148.70586  155.38555
-148.71213  155.38553
-148.71839  155.3855
-148.72465  155.38548
-148.73091  155.38546
-148.73717  155.38544
-148.74343  155.38541
-148.7497  155.38539
-148.75596  155.38537
-148.76222  155.38535
-148.76848  155.38533
-148.77474  155.38531
-148.78101  155.38528
-148.78727  155.38526
-148.79353  155.38524
-148.79979  155.38522
-148.80605  155.3852
-148.81231  155.38518
-148.81858  155.38516
-148.82484  155.38514
-148.8311  155.38512
-148.83736  155.3851
-148.84362  155.38508
-148.84989  155.38506
-148.85615  155.38504
-148.86241  155.38502
-148.86867  155.385
-148.87493  155.38498
-148.8812  155.38496
-148.88746  155.38494
-148.89372  155.38492
-148.89998  155.3849
-148.90624  155.38488
-148.9125  155.38486
-148.91877  155.38484
-148.92503  155.38482
-148.93129  155.3848
-148.93755  155.38478
-148.94381  155.38476
-148.95008  155.38474
-148.95634  155.38473
-148.9626  155.38471
-148.96886  155.38469
-148.97512  155.38467
-148.98139  155.38465
-148.98765  155.38463
-148.99391  155.38462
-149.00017  155.3846
-149.00643  155.38458
-149.01269  155.38456
-149.01896  155.38454
-149.02522  155.38453
-149.03148  155.38451
-149.03774  155.38449
-149.044  155.38447
-149.05027  155.38446
-149.05653  155.38444
-149.06279  155.38442
-149.06905  155.3844
-149.07531  155.38439
-149.08157  155.38437
-149.08784  155.38435
-149.0941  155.38434
-149.10036  155.38432
-149.10662  155.3843
-149.11288  155.38429
-149.11915  155.38427
-149.12541  155.38425
-149.13167  155.38424
-149.13793  155.38422
-149.14419  155.3842
-149.15046  155.38419
-149.15672  155.38417
-149.16298  155.38416
-149.16924  155.38414
-149.1755  155.38412
-149.18176  155.38411
-149.18803  155.38409
-149.19429  155.38408
-149.20055  155.38406
-149.20681  155.38404
-149.21307  155.38403
-149.21934  155.38401
-149.2256  155.384
-149.23186  155.38398
-149.23812  155.38397
-149.24438  155.38395
-149.25065  155.38394
-149.25691  155.38392
-149.26317  155.38391
-149.26943  155.38389
-149.27569  155.38388
-149.28195  155.38386
-149.28822  155.38385
-149.29448  155.38383
-149.30074  155.38382
-149.307  155.3838
-149.31326  155.38379
-149.31953  155.38378
-149.32579  155.38376
-149.33205  155.38375
-149.33831  155.38373
-149.34457  155.38372
-149.35083  155.3837
-149.3571  155.38369
-149.36336  155.38368
-149.36962  155.38366
-149.37588  155.38365
-149.38214  155.38363
-149.38841  155.38362
-149.39467  155.38361
-149.40093  155.38359
-149.40719  155.38358
-149.41345  155.38357
-149.41972  155.38355
-149.42598  155.38354
-149.43224  155.38353
-149.4385  155.38351
-149.44476  155.3835
-149.45102  155.38349
-149.45729  155.38347
-149.46355  155.38346
-149.46981  155.38345
-149.47607  155.38343
-149.48233  155.38342
-149.4886  155.38341
-149.49486  155.3834
-149.50112  155.38338
-149.50738  155.38337
-149.51364  155.38336
-149.51991  155.38335
-149.52617  155.38333
-149.53243  155.38332
-149.53869  155.38331
-149.54495  155.3833
-149.55121  155.38328
-149.55748  155.38327
-149.56374  155.38326
-149.57  155.38325
-149.57626  155.38323
-149.58252  155.38322
-149.58879  155.38321
-149.59505  155.3832
-149.60131  155.38319
-149.60757  155.38317
-149.61383  155.38316
-149.62009  155.38315
-149.62636  155.38314
-149.63262  155.38313
-149.63888  155.38312
-149.64514  155.3831
-149.6514  155.38309
-149.65767  155.38308
-149.66393  155.38307
-149.67019  155.38306
-149.67645  155.38305
-149.68271  155.38304
-149.68898  155.38302
-149.69524  155.38301
-149.7015  155.383
-149.70776  155.38299
-149.71402  155.38298
-149.72028  155.38297
-149.72655  155.38296
-149.73281  155.38295
-149.73907  155.38293
-149.74533  155.38292
-149.75159  155.38291
-149.75786  155.3829
-149.76412  155.38289
-149.77038  155.38288
-149.77664  155.38287
-149.7829  155.38286
-149.78917  155.38285
-149.79543  155.38284
-149.80169  155.38283
-149.80795  155.38282
-149.81421  155.38281
-149.82047  155.3828
-149.82674  155.38279
-149.833  155.38278
-149.83926  155.38277
-149.84552  155.38276
-149.85178  155.38275
-149.85805  155.38273
-149.86431  155.38272
-149.87057  155.38271
-149.87683  155.3827
-149.88309  155.38269
-149.88935  155.38268
-149.89562  155.38267
-149.90188  155.38266
-149.90814  155.38265
-149.9144  155.38265
-149.92066  155.38264
-149.92693  155.38263
-149.93319  155.38262
-149.93945  155.38261
-149.94571  155.3826
-149.95197  155.38259
-149.95824  155.38258
-149.9645  155.38257
-149.97076  155.38256
-149.97702  155.38255
-149.98328  155.38254
-149.98954  155.38253
-149.99581  155.38252
-150.00207  155.38251
-150.00833  155.3825
-150.01459  155.38249
-150.02085  155.38248
-150.02712  155.38247
-150.03338  155.38247
-150.03964  155.38246
-150.0459  155.38245
-150.05216  155.38244
-150.05843  155.38243
-150.06469  155.38242
-150.07095  155.38241
-150.07721  155.3824
-150.08347  155.38239
-150.08973  155.38238
-150.096  155.38238
-150.10226  155.38237
-150.10852  155.38236
-150.11478  155.38235
-150.12104  155.38234
-150.12731  155.38233
-150.13357  155.38232
-150.13983  155.38231
-150.14609  155.38231
-150.15235  155.3823
-150.15861  155.38229
-150.16488  155.38228
-150.17114  155.38227
-150.1774  155.38226
-150.18366  155.38226
-150.18992  155.38225
-150.19619  155.38224
-150.20245  155.38223
-150.20871  155.38222
-150.21497  155.38221
-150.22123  155.38221
-150.2275  155.3822
-150.23376  155.38219
-150.24002  155.38218
-150.24628  155.38217
-150.25254  155.38216
-150.2588  155.38216
-150.26507  155.38215
-150.27133  155.38214
-150.27759  155.38213
-150.28385  155.38213
-150.29011  155.38212
-150.29638  155.38211
-150.30264  155.3821
-150.3089  155.38209
-150.31516  155.38209
-150.32142  155.38208
-150.32769  155.38207
-150.33395  155.38206
-150.34021  155.38205
-150.34647  155.38205
-150.35273  155.38204
-150.35899  155.38203
-150.36526  155.38202
-150.37152  155.38202
-150.37778  155.38201
-150.38404  155.382
-150.3903  155.38199
-150.39657  155.38199
-150.40283  155.38198
-150.40909  155.38197
-150.41535  155.38196
-150.42161  155.38196
-150.42787  155.38195
-150.43414  155.38194
-150.4404  155.38194
-150.44666  155.38193
-150.45292  155.38192
-150.45918  155.38191
-150.46545  155.38191
-150.47171  155.3819
-150.47797  155.38189
-150.48423  155.38189
-150.49049  155.38188
-150.49676  155.38187
-150.50302  155.38186
-150.50928  155.38186
-150.51554  155.38185
-150.5218  155.38184
-150.52806  155.38184
-150.53433  155.38183
-150.54059  155.38182
-150.54685  155.38182
-150.55311  155.38181
-150.55937  155.3818
-150.56564  155.3818
-150.5719  155.38179
-150.57816  155.38178
-150.58442  155.38178
-150.59068  155.38177
-150.59694  155.38176
-150.60321  155.38176
-150.60947  155.38175
-150.61573  155.38174
-150.62199  155.38174
-150.62825  155.38173
-150.63452  155.38172
-150.64078  155.38172
-150.64704  155.38171
-150.6533  155.3817
-150.65956  155.3817
-150.66583  155.38169
-150.67209  155.38168
-150.67835  155.38168
-150.68461  155.38167
-150.69087  155.38166
-150.69713  155.38166
-150.7034  155.38165
-150.70966  155.38165
-150.71592  155.38164
-150.72218  155.38163
-150.72844  155.38163
-150.73471  155.38162
-150.74097  155.38161
-150.74723  155.38161
-150.75349  155.3816
-150.75975  155.3816
-150.76602  155.38159
-150.77228  155.38158
-150.77854  155.38158
-150.7848  155.38157
-150.79106  155.38157
-150.79732  155.38156
-150.80359  155.38155
-150.80985  155.38155
-150.81611  155.38154
-150.82237  155.38154
-150.82863  155.38153
-150.8349  155.38152
-150.84116  155.38152
-150.84742  155.38151
-150.85368  155.38151
-150.85994  155.3815
-150.8662  155.38149
-150.87247  155.38149
-150.87873  155.38148
-150.88499  155.38148
-150.89125  155.38147
-150.89751  155.38147
-150.90378  155.38146
-150.91004  155.38145
-150.9163  155.38145
-150.92256  155.38144
-150.92882  155.38144
-150.93509  155.38143
-150.94135  155.38143
-150.94761  155.38142
-150.95387  155.38141
-150.96013  155.38141
-150.96639  155.3814
-150.97266  155.3814
-150.97892  155.38139
-150.98518  155.38139
-150.99144  155.38138
-150.9977  155.38138
-151.00397  155.38137
-151.01023  155.38137
-151.01649  155.38136
-151.02275  155.38136
-151.02901  155.38135
-151.03528  155.38134
-151.04154  155.38134
-151.0478  155.38133
-151.05406  155.38133
-151.06032  155.38132
-151.06658  155.38132
-151.07285  155.38131
-151.07911  155.38131
-151.08537  155.3813
-151.09163  155.3813
-151.09789  155.38129
-151.10416  155.38129
-151.11042  155.38128
-151.11668  155.38128
-151.12294  155.38127
-151.1292  155.38127
-151.13546  155.38126
-151.14173  155.38126
-151.14799  155.38125
-151.15425  155.38125
-151.16051  155.38124
-151.16677  155.38124
-151.17304  155.38123
-151.1793  155.38123
-151.18556  155.38122
-151.19182  155.38122
-151.19808  155.38121
-151.20435  155.38121
-151.21061  155.3812
-151.21687  155.3812
-151.22313  155.38119
-151.22939  155.38119
-151.23565  155.38118
-151.24192  155.38118
-151.24818  155.38117
-151.25444  155.38117
-151.2607  155.38116
-151.26696  155.38116
-151.27323  155.38115
-151.27949  155.38115
-151.28575  155.38114
-151.29201  155.38114
-151.29827  155.38113
-151.30454  155.38113
-151.3108  155.38112
-151.31706  155.38112
-151.32332  155.38112
-151.32958  155.38111
-151.33584  155.38111
-151.34211  155.3811
-151.34837  155.3811
-151.35463  155.38109
-151.36089  155.38109
-151.36715  155.38108
-151.37342  155.38108
-151.37968  155.38107
-151.38594  155.38107
-151.3922  155.38107
-151.39846  155.38106
-151.40472  155.38106
-151.41099  155.38105
-151.41725  155.38105
-151.42351  155.38104
-151.42977  155.38104
-151.43603  155.38103
-151.4423  155.38103
-151.44856  155.38103
-151.45482  155.38102
-151.46108  155.38102
-151.46734  155.38101
-151.47361  155.38101
-151.47987  155.381
-151.48613  155.381
-151.49239  155.381
-151.49865  155.38099
-151.50491  155.38099
-151.51118  155.38098
-151.51744  155.38098
-151.5237  155.38097
-151.52996  155.38097
-151.53622  155.38097
-151.54249  155.38096
-151.54875  155.38096
-151.55501  155.38095
-151.56127  155.38095
-151.56753  155.38094
-151.5738  155.38094
-151.58006  155.38094
-151.58632  155.38093
-151.59258  155.38093
-151.59884  155.38092
-151.6051  155.38092
-151.61137  155.38092
-151.61763  155.38091
-151.62389  155.38091
-151.63015  155.3809
-151.63641  155.3809
-151.64268  155.3809
-151.64894  155.38089
-151.6552  155.38089
-151.66146  155.38088
-151.66772  155.38088
-151.67398  155.38088
-151.68025  155.38087
-151.68651  155.38087
-151.69277  155.38086
-151.69903  155.38086
-151.70529  155.38086
-151.71156  155.38085
-151.71782  155.38085
-151.72408  155.38084
-151.73034  155.38084
-151.7366  155.38084
-151.74287  155.38083
-151.74913  155.38083
-151.75539  155.38083
-151.76165  155.38082
-151.76791  155.38082
-151.77417  155.38081
-151.78044  155.38081
-151.7867  155.38081
-151.79296  155.3808
-151.79922  155.3808
-151.80548  155.3808
-151.81175  155.38079
-151.81801  155.38079
-151.82427  155.38078
-151.83053  155.38078
-151.83679  155.38078
-151.84306  155.38077
-151.84932  155.38077
-151.85558  155.38077
-151.86184  155.38076
-151.8681  155.38076
-151.87436  155.38075
-151.88063  155.38075
-151.88689  155.38075
-151.89315  155.38074
-151.89941  155.38074
-151.90567  155.38074
-151.91194  155.38073
-151.9182  155.38073
-151.92446  155.38073
-151.93072  155.38072
-151.93698  155.38072
-151.94324  155.38072
-151.94951  155.38071
-151.95577  155.38071
-151.96203  155.38071
-151.96829  155.3807
-151.97455  155.3807
-151.98082  155.38069
-151.98708  155.38069
-151.99334  155.38069
-151.9996  155.38068
-152.00586  155.38068
-152.01213  155.38068
-152.01839  155.38067
-152.02465  155.38067
-152.03091  155.38067
-152.03717  155.38066
-152.04343  155.38066
-152.0497  155.38066
-152.05596  155.38065
-152.06222  155.38065
-152.06848  155.38065
-152.07474  155.38064
-152.08101  155.38064
-152.08727  155.38064
-152.09353  155.38063
-152.09979  155.38063
-152.10605  155.38063
-152.11231  155.38062
-152.11858  155.38062
-152.12484  155.38062
-152.1311  155.38061
-152.13736  155.38061
-152.14362  155.38061
-152.14989  155.3806
-152.15615  155.3806
-152.16241  155.3806
-152.16867  155.38059
-152.17493  155.38059
-152.1812  155.38059
-152.18746  155.38059
-152.19372  155.38058
-152.19998  155.38058
-152.20624  155.38058
-152.2125  155.38057
-152.21877  155.38057
-152.22503  155.38057
-152.23129  155.38056
-152.23755  155.38056
-152.24381  155.38056
-152.25008  155.38055
-152.25634  155.38055
-152.2626  155.38055
-152.26886  155.38054
-152.27512  155.38054
-152.28139  155.38054
-152.28765  155.38054
-152.29391  155.38053
-152.30017  155.38053
-152.30643  155.38053
-152.31269  155.38052
-152.31896  155.38052
-152.32522  155.38052
-152.33148  155.38051
-152.33774  155.38051
-152.344  155.38051
-152.35027  155.38051
-152.35653  155.3805
-152.36279  155.3805
-152.36905  155.3805
-152.37531  155.38049
-152.38157  155.38049
-152.38784  155.38049
-152.3941  155.38049
-152.40036  155.38048
-152.40662  155.38048
-152.41288  155.38048
-152.41915  155.38047
-152.42541  155.38047
-152.43167  155.38047
-152.43793  155.38046
-152.44419  155.38046
-152.45046  155.38046
-152.45672  155.38046
-152.46298  155.38045
-152.46924  155.38045
-152.4755  155.38045
-152.48176  155.38045
-152.48803  155.38044
-152.49429  155.38044
-152.50055  155.38044
-152.50681  155.38043
-152.51307  155.38043
-152.51934  155.38043
-152.5256  155.38043
-152.53186  155.38042
-152.53812  155.38042
-152.54438  155.38042
-152.55065  155.38041
-152.55691  155.38041
-152.56317  155.38041
-152.56943  155.38041
-152.57569  155.3804
-152.58195  155.3804
-152.58822  155.3804
-152.59448  155.3804
-152.60074  155.38039
-152.607  155.38039
-152.61326  155.38039
-152.61953  155.38038
-152.62579  155.38038
-152.63205  155.38038
-152.63831  155.38038
-152.64457  155.38037
-152.65083  155.38037
-152.6571  155.38037
-152.66336  155.38037
-152.66962  155.38036
-152.67588  155.38036
-152.68214  155.38036
-152.68841  155.38036
-152.69467  155.38035
-152.70093  155.38035
-152.70719  155.38035
-152.71345  155.38035
-152.71972  155.38034
-152.72598  155.38034
-152.73224  155.38034
-152.7385  155.38034
-152.74476  155.38033
-152.75102  155.38033
-152.75729  155.38033
-152.76355  155.38033
-152.76981  155.38032
-152.77607  155.38032
-152.78233  155.38032
-152.7886  155.38032
-152.79486  155.38031
-152.80112  155.38031
-152.80738  155.38031
-152.81364  155.38031
-152.81991  155.3803
-152.82617  155.3803
-152.83243  155.3803
-152.83869  155.3803
-152.84495  155.38029
-152.85121  155.38029
-152.85748  155.38029
-152.86374  155.38029
-152.87  155.38028
-152.87626  155.38028
-152.88252  155.38028
-152.88879  155.38028
-152.89505  155.38027
-152.90131  155.38027
-152.90757  155.38027
-152.91383  155.38027
-152.92009  155.38026
-152.92636  155.38026
-152.93262  155.38026
-152.93888  155.38026
-152.94514  155.38025
-152.9514  155.38025
-152.95767  155.38025
-152.96393  155.38025
-152.97019  155.38025
-152.97645  155.38024
-152.98271  155.38024
-152.98898  155.38024
-152.99524  155.38024
-153.0015  155.38023
-153.00776  155.38023
-153.01402  155.38023
-153.02028  155.38023
-153.02655  155.38022
-153.03281  155.38022
-153.03907  155.38022
-153.04533  155.38022
-153.05159  155.38022
-153.05786  155.38021
-153.06412  155.38021
-153.07038  155.38021
-153.07664  155.38021
-153.0829  155.3802
-153.08917  155.3802
-153.09543  155.3802
-153.10169  155.3802
-153.10795  155.3802
-153.11421  155.38019
-153.12047  155.38019
-153.12674  155.38019
-153.133  155.38019
-153.13926  155.38018
-153.14552  155.38018
-153.15178  155.38018
-153.15805  155.38018
-153.16431  155.38018
-153.17057  155.38017
-153.17683  155.38017
-153.18309  155.38017
-153.18935  155.38017
-153.19562  155.38016
-153.20188  155.38016
-153.20814  155.38016
-153.2144  155.38016
-153.22066  155.38016
-153.22693  155.38015
-153.23319  155.38015
-153.23945  155.38015
-153.24571  155.38015
-153.25197  155.38015
-153.25824  155.38014
-153.2645  155.38014
-153.27076  155.38014
-153.27702  155.38014
-153.28328  155.38014
-153.28954  155.38013
-153.29581  155.38013
-153.30207  155.38013
-153.30833  155.38013
-153.31459  155.38013
-153.32085  155.38012
-153.32712  155.38012
-153.33338  155.38012
-153.33964  155.38012
-153.3459  155.38011
-153.35216  155.38011
-153.35843  155.38011
-153.36469  155.38011
-153.37095  155.38011
-153.37721  155.3801
-153.38347  155.3801
-153.38973  155.3801
-153.396  155.3801
-153.40226  155.3801
-153.40852  155.38009
-153.41478  155.38009
-153.42104  155.38009
-153.42731  155.38009
-153.43357  155.38009
-153.43983  155.38008
-153.44609  155.38008
-153.45235  155.38008
-153.45861  155.38008
-153.46488  155.38008
-153.47114  155.38008
-153.4774  155.38007
-153.48366  155.38007
-153.48992  155.38007
-153.49619  155.38007
-153.50245  155.38007
-153.50871  155.38006
-153.51497  155.38006
-153.52123  155.38006
-153.5275  155.38006
-153.53376  155.38006
-153.54002  155.38005
-153.54628  155.38005
-153.55254  155.38005
-153.5588  155.38005
-153.56507  155.38005
-153.57133  155.38004
-153.57759  155.38004
-153.58385  155.38004
-153.59011  155.38004
-153.59638  155.38004
-153.60264  155.38004
-153.6089  155.38003
-153.61516  155.38003
-153.62142  155.38003
-153.62769  155.38003
-153.63395  155.38003
-153.64021  155.38002
-153.64647  155.38002
-153.65273  155.38002
-153.65899  155.38002
-153.66526  155.38002
-153.67152  155.38002
-153.67778  155.38001
-153.68404  155.38001
-153.6903  155.38001
-153.69657  155.38001
-153.70283  155.38001
-153.70909  155.38
-153.71535  155.38
-153.72161  155.38
-153.72787  155.38
-153.73414  155.38
-153.7404  155.38
-153.74666  155.37999
-153.75292  155.37999
-153.75918  155.37999
-153.76545  155.37999
-153.77171  155.37999
-153.77797  155.37998
-153.78423  155.37998
-153.79049  155.37998
-153.79676  155.37998
-153.80302  155.37998
-153.80928  155.37998
-153.81554  155.37997
-153.8218  155.37997
-153.82806  155.37997
-153.83433  155.37997
-153.84059  155.37997
-153.84685  155.37997
-153.85311  155.37996
-153.85937  155.37996
-153.86564  155.37996
-153.8719  155.37996
-153.87816  155.37996
-153.88442  155.37996
-153.89068  155.37995
-153.89694  155.37995
-153.90321  155.37995
-153.90947  155.37995
-153.91573  155.37995
-153.92199  155.37995
-153.92825  155.37994
-153.93452  155.37994
-153.94078  155.37994
-153.94704  155.37994
-153.9533  155.37994
-153.95956  155.37994
-153.96583  155.37993
-153.97209  155.37993
-153.97835  155.37993
-153.98461  155.37993
-153.99087  155.37993
-153.99713  155.37993
-154.0034  155.37992
-154.00966  155.37992
-154.01592  155.37992
-154.02218  155.37992
-154.02844  155.37992
-154.03471  155.37992
-154.04097  155.37991
-154.04723  155.37991
-154.05349  155.37991
-154.05975  155.37991
-154.06602  155.37991
-154.07228  155.37991
-154.07854  155.37991
-154.0848  155.3799
-154.09106  155.3799
-154.09732  155.3799
-154.10359  155.3799
-154.10985  155.3799
-154.11611  155.3799
-154.12237  155.37989
-154.12863  155.37989
-154.1349  155.37989
-154.14116  155.37989
-154.14742  155.37989
-154.15368  155.37989
-154.15994  155.37988
-154.1662  155.37988
-154.17247  155.37988
-154.17873  155.37988
-154.18499  155.37988
-154.19125  155.37988
-154.19751  155.37988
-154.20378  155.37987
-154.21004  155.37987
-154.2163  155.37987
-154.22256  155.37987
-154.22882  155.37987
-154.23509  155.37987
-154.24135  155.37987
-154.24761  155.37986
-154.25387  155.37986
-154.26013  155.37986
-154.26639  155.37986
-154.27266  155.37986
-154.27892  155.37986
-154.28518  155.37985
-154.29144  155.37985
-154.2977  155.37985
-154.30397  155.37985
-154.31023  155.37985
-154.31649  155.37985
-154.32275  155.37985
-154.32901  155.37984
-154.33528  155.37984
-154.34154  155.37984
-154.3478  155.37984
-154.35406  155.37984
-154.36032  155.37984
-154.36658  155.37984
-154.37285  155.37983
-154.37911  155.37983
-154.38537  155.37983
-154.39163  155.37983
-154.39789  155.37983
-154.40416  155.37983
-154.41042  155.37983
-154.41668  155.37982
-154.42294  155.37982
-154.4292  155.37982
-154.43546  155.37982
-154.44173  155.37982
-154.44799  155.37982
-154.45425  155.37982
-154.46051  155.37981
-154.46677  155.37981
-154.47304  155.37981
-154.4793  155.37981
-154.48556  155.37981
-154.49182  155.37981
-154.49808  155.37981
-154.50435  155.3798
-154.51061  155.3798
-154.51687  155.3798
-154.52313  155.3798
-154.52939  155.3798
-154.53565  155.3798
-154.54192  155.3798
-154.54818  155.3798
-154.55444  155.37979
-154.5607  155.37979
-154.56696  155.37979
-154.57323  155.37979
-154.57949  155.37979
-154.58575  155.37979
-154.59201  155.37979
-154.59827  155.37978
-154.60454  155.37978
-154.6108  155.37978
-154.61706  155.37978
-154.62332  155.37978
-154.62958  155.37978
-154.63584  155.37978
-154.64211  155.37978
-154.64837  155.37977
-154.65463  155.37977
-154.66089  155.37977
-154.66715  155.37977
-154.67342  155.37977
-154.67968  155.37977
-154.68594  155.37977
-154.6922  155.37976
-154.69846  155.37976
-154.70472  155.37976
-154.71099  155.37976
-154.71725  155.37976
-154.72351  155.37976
-154.72977  155.37976
-154.73603  155.37976
-154.7423  155.37975
-154.74856  155.37975
-154.75482  155.37975
-154.76108  155.37975
-154.76734  155.37975
-154.77361  155.37975
-154.77987  155.37975
-154.78613  155.37975
-154.79239  155.37974
-154.79865  155.37974
-154.80491  155.37974
-154.81118  155.37974
-154.81744  155.37974
-154.8237  155.37974
-154.82996  155.37974
-154.83622  155.37974
-154.84249  155.37973
-154.84875  155.37973
-154.85501  155.37973
-154.86127  155.37973
-154.86753  155.37973
-154.8738  155.37973
-154.88006  155.37973
-154.88632  155.37973
-154.89258  155.37972
-154.89884  155.37972
-154.9051  155.37972
-154.91137  155.37972
-154.91763  155.37972
-154.92389  155.37972
-154.93015  155.37972
-154.93641  155.37972
-154.94268  155.37971
-154.94894  155.37971
-154.9552  155.37971
-154.96146  155.37971
-154.96772  155.37971
-154.97398  155.37971
-154.98025  155.37971
-154.98651  155.37971
-154.99277  155.37971
-154.99903  155.3797
-155.00529  155.3797
-155.01156  155.3797
-155.01782  155.3797
-155.02408  155.3797
-155.03034  155.3797
-155.0366  155.3797
-155.04287  155.3797
-155.04913  155.37969
-155.05539  155.37969
-155.06165  155.37969
-155.06791  155.37969
-155.07417  155.37969
-155.08044  155.37969
-155.0867  155.37969
-155.09296  155.37969
-155.09922  155.37969
-155.10548  155.37968
-155.11175  155.37968
-155.11801  155.37968
-155.12427  155.37968
-155.13053  155.37968
-155.13679  155.37968
-155.14306  155.37968
-155.14932  155.37968
-155.15558  155.37967
-155.16184  155.37967
-155.1681  155.37967
-155.17436  155.37967
-155.18063  155.37967
-155.18689  155.37967
-155.19315  155.37967
-155.19941  155.37967
-155.20567  155.37967
-155.21194  155.37966
-155.2182  155.37966
-155.22446  155.37966
-155.23072  155.37966
-155.23698  155.37966
-155.24324  155.37966
-155.24951  155.37966
-155.25577  155.37966
-155.26203  155.37966
-155.26829  155.37965
-155.27455  155.37965
-155.28082  155.37965
-155.28708  155.37965
-155.29334  155.37965
-155.2996  155.37965
-155.30586  155.37965
-155.31213  155.37965
-155.31839  155.37965
-155.32465  155.37965
-155.33091  155.37964
-155.33717  155.37964
-155.34343  155.37964
-155.3497  155.37964
-155.35596  155.37964
-155.36222  155.37964
-155.36848  155.37964
-155.37474  155.37964
-155.38101  155.37964
-155.38727  155.37963
-155.39353  155.37963
-155.39979  155.37963
-155.40605  155.37963
-155.41231  155.37963
-155.41858  155.37963
-155.42484  155.37963
-155.4311  155.37963
-155.43736  155.37963
-155.44362  155.37963
-155.44989  155.37962
-155.45615  155.37962
-155.46241  155.37962
-155.46867  155.37962
-155.47493  155.37962
-155.4812  155.37962
-155.48746  155.37962
-155.49372  155.37962
-155.49998  155.37962
-155.50624  155.37961
-155.5125  155.37961
-155.51877  155.37961
-155.52503  155.37961
-155.53129  155.37961
-155.53755  155.37961
-155.54381  155.37961
-155.55008  155.37961
-155.55634  155.37961
-155.5626  155.37961
-155.56886  155.3796
-155.57512  155.3796
-155.58139  155.3796
-155.58765  155.3796
-155.59391  155.3796
-155.60017  155.3796
-155.60643  155.3796
-155.61269  155.3796
-155.61896  155.3796
-155.62522  155.3796
-155.63148  155.37959
-155.63774  155.37959
-155.644  155.37959
-155.65027  155.37959
-155.65653  155.37959
-155.66279  155.37959
-155.66905  155.37959
-155.67531  155.37959
-155.68157  155.37959
-155.68784  155.37959
-155.6941  155.37958
-155.70036  155.37958
-155.70662  155.37958
-155.71288  155.37958
-155.71915  155.37958
-155.72541  155.37958
-155.73167  155.37958
-155.73793  155.37958
-155.74419  155.37958
-155.75046  155.37958
-155.75672  155.37958
-155.76298  155.37957
-155.76924  155.37957
-155.7755  155.37957
-155.78176  155.37957
-155.78803  155.37957
-155.79429  155.37957
-155.80055  155.37957
-155.80681  155.37957
-155.81307  155.37957
-155.81934  155.37957
-155.8256  155.37956
-155.83186  155.37956
-155.83812  155.37956
-155.84438  155.37956
-155.85065  155.37956
-155.85691  155.37956
-155.86317  155.37956
-155.86943  155.37956
-155.87569  155.37956
-155.88195  155.37956
-155.88822  155.37956
-155.89448  155.37955
-155.90074  155.37955
-155.907  155.37955
-155.91326  155.37955
-155.91953  155.37955
-155.92579  155.37955
-155.93205  155.37955
-155.93831  155.37955
-155.94457  155.37955
-155.95083  155.37955
-155.9571  155.37955
-155.96336  155.37954
-155.96962  155.37954
-155.97588  155.37954
-155.98214  155.37954
-155.98841  155.37954
-155.99467  155.37954
-156.00093  155.37954
-156.00719  155.37954
-156.01345  155.37954
-156.01972  155.37954
-156.02598  155.37954
-156.03224  155.37953
-156.0385  155.37953
-156.04476  155.37953
-156.05102  155.37953
-156.05729  155.37953
-156.06355  155.37953
-156.06981  155.37953
-156.07607  155.37953
-156.08233  155.37953
-156.0886  155.37953
-156.09486  155.37953
-156.10112  155.37953
-156.10738  155.37952
-156.11364  155.37952
-156.11991  155.37952
-156.12617  155.37952
-156.13243  155.37952
-156.13869  155.37952
-156.14495  155.37952
-156.15121  155.37952
-156.15748  155.37952
-156.16374  155.37952
-156.17  155.37952
-156.17626  155.37952
-156.18252  155.37951
-156.18879  155.37951
-156.19505  155.37951
-156.20131  155.37951
-156.20757  155.37951
-156.21383  155.37951
-156.22009  155.37951
-156.22636  155.37951
-156.23262  155.37951
-156.23888  155.37951
-156.24514  155.37951
-156.2514  155.3795
-156.25767  155.3795
-156.26393  155.3795
-156.27019  155.3795
-156.27645  155.3795
-156.28271  155.3795
-156.28898  155.3795
-156.29524  155.3795
-156.3015  155.3795
-156.30776  155.3795
-156.31402  155.3795
-156.32028  155.3795
-156.32655  155.3795
-156.33281  155.37949
-156.33907  155.37949
-156.34533  155.37949
-156.35159  155.37949
-156.35786  155.37949
-156.36412  155.37949
-156.37038  155.37949
-156.37664  155.37949
-156.3829  155.37949
-156.38917  155.37949
-156.39543  155.37949
-156.40169  155.37949
-156.40795  155.37948
-156.41421  155.37948
-156.42047  155.37948
-156.42674  155.37948
-156.433  155.37948
-156.43926  155.37948
-156.44552  155.37948
-156.45178  155.37948
-156.45805  155.37948
-156.46431  155.37948
-156.47057  155.37948
-156.47683  155.37948
-156.48309  155.37948
-156.48935  155.37947
-156.49562  155.37947
-156.50188  155.37947
-156.50814  155.37947
-156.5144  155.37947
-156.52066  155.37947
-156.52693  155.37947
-156.53319  155.37947
-156.53945  155.37947
-156.54571  155.37947
-156.55197  155.37947
-156.55824  155.37947
-156.5645  155.37946
-156.57076  155.37946
-156.57702  155.37946
-156.58328  155.37946
-156.58954  155.37946
-156.59581  155.37946
-156.60207  155.37946
-156.60833  155.37946
-156.61459  155.37946
-156.62085  155.37946
-156.62712  155.37946
-156.63338  155.37946
-156.63964  155.37946
-156.6459  155.37946
-156.65216  155.37945
-156.65843  155.37945
-156.66469  155.37945
-156.67095  155.37945
-156.67721  155.37945
-156.68347  155.37945
-156.68973  155.37945
-156.696  155.37945
-156.70226  155.37945
-156.70852  155.37945
-156.71478  155.37945
-156.72104  155.37945
-156.72731  155.37945
-156.73357  155.37944
-156.73983  155.37944
-156.74609  155.37944
-156.75235  155.37944
-156.75861  155.37944
-156.76488  155.37944
-156.77114  155.37944
-156.7774  155.37944
-156.78366  155.37944
-156.78992  155.37944
-156.79619  155.37944
-156.80245  155.37944
-156.80871  155.37944
-156.81497  155.37944
-156.82123  155.37943
-156.8275  155.37943
-156.83376  155.37943
-156.84002  155.37943
-156.84628  155.37943
-156.85254  155.37943
-156.8588  155.37943
-156.86507  155.37943
-156.87133  155.37943
-156.87759  155.37943
-156.88385  155.37943
-156.89011  155.37943
-156.89638  155.37943
-156.90264  155.37943
-156.9089  155.37942
-156.91516  155.37942
-156.92142  155.37942
-156.92769  155.37942
-156.93395  155.37942
-156.94021  155.37942
-156.94647  155.37942
-156.95273  155.37942
-156.95899  155.37942
-156.96526  155.37942
-156.97152  155.37942
-156.97778  155.37942
-156.98404  155.37942
-156.9903  155.37942
-156.99657  155.37941
-157.00283  155.37941
-157.00909  155.37941
-157.01535  155.37941
-157.02161  155.37941
-157.02787  155.37941
-157.03414  155.37941
-157.0404  155.37941
-157.04666  155.37941
-157.05292  155.37941
-157.05918  155.37941
-157.06545  155.37941
-157.07171  155.37941
-157.07797  155.37941
-157.08423  155.37941
-157.09049  155.3794
-157.09676  155.3794
-157.10302  155.3794
-157.10928  155.3794
-157.11554  155.3794
-157.1218  155.3794
-157.12806  155.3794
-157.13433  155.3794
-157.14059  155.3794
-157.14685  155.3794
-157.15311  155.3794
-157.15937  155.3794
-157.16564  155.3794
-157.1719  155.3794
-157.17816  155.3794
-157.18442  155.37939
-157.19068  155.37939
-157.19694  155.37939
-157.20321  155.37939
-157.20947  155.37939
-157.21573  155.37939
-157.22199  155.37939
-157.22825  155.37939
-157.23452  155.37939
-157.24078  155.37939
-157.24704  155.37939
-157.2533  155.37939
-157.25956  155.37939
-157.26583  155.37939
-157.27209  155.37939
-157.27835  155.37938
-157.28461  155.37938
-157.29087  155.37938
-157.29713  155.37938
-157.3034  155.37938
-157.30966  155.37938
-157.31592  155.37938
-157.32218  155.37938
-157.32844  155.37938
-157.33471  155.37938
-157.34097  155.37938
-157.34723  155.37938
-157.35349  155.37938
-157.35975  155.37938
-157.36602  155.37938
-157.37228  155.37938
-157.37854  155.37937
-157.3848  155.37937
-157.39106  155.37937
-157.39732  155.37937
-157.40359  155.37937
-157.40985  155.37937
-157.41611  155.37937
-157.42237  155.37937
-157.42863  155.37937
-157.4349  155.37937
-157.44116  155.37937
-157.44742  155.37937
-157.45368  155.37937
-157.45994  155.37937
-157.4662  155.37937
-157.47247  155.37937
-157.47873  155.37936
-157.48499  155.37936
-157.49125  155.37936
-157.49751  155.37936
-157.50378  155.37936
-157.51004  155.37936
-157.5163  155.37936
-157.52256  155.37936
-157.52882  155.37936
-157.53509  155.37936
-157.54135  155.37936
-157.54761  155.37936
-157.55387  155.37936
-157.56013  155.37936
-157.56639  155.37936
-157.57266  155.37936
-157.57892  155.37936
-157.58518  155.37935
-157.59144  155.37935
-157.5977  155.37935
-157.60397  155.37935
-157.61023  155.37935
-157.61649  155.37935
-157.62275  155.37935
-157.62901  155.37935
-157.63528  155.37935
-157.64154  155.37935
-157.6478  155.37935
-157.65406  155.37935
-157.66032  155.37935
-157.66658  155.37935
-157.67285  155.37935
-157.67911  155.37935
-157.68537  155.37935
-157.69163  155.37934
-157.69789  155.37934
-157.70416  155.37934
-157.71042  155.37934
-157.71668  155.37934
-157.72294  155.37934
-157.7292  155.37934
-157.73546  155.37934
-157.74173  155.37934
-157.74799  155.37934
-157.75425  155.37934
-157.76051  155.37934
-157.76677  155.37934
-157.77304  155.37934
-157.7793  155.37934
-157.78556  155.37934
-157.79182  155.37934
-157.79808  155.37933
-157.80435  155.37933
-157.81061  155.37933
-157.81687  155.37933
-157.82313  155.37933
-157.82939  155.37933
-157.83565  155.37933
-157.84192  155.37933
-157.84818  155.37933
-157.85444  155.37933
-157.8607  155.37933
-157.86696  155.37933
-157.87323  155.37933
-157.87949  155.37933
-157.88575  155.37933
-157.89201  155.37933
-157.89827  155.37933
-157.90454  155.37933
-157.9108  155.37932
-157.91706  155.37932
-157.92332  155.37932
-157.92958  155.37932
-157.93584  155.37932
-157.94211  155.37932
-157.94837  155.37932
-157.95463  155.37932
-157.96089  155.37932
-157.96715  155.37932
-157.97342  155.37932
-157.97968  155.37932
-157.98594  155.37932
-157.9922  155.37932
-157.99846  155.37932
-158.00472  155.37932
-158.01099  155.37932
-158.01725  155.37932
-158.02351  155.37932
-158.02977  155.37931
-158.03603  155.37931
-158.0423  155.37931
-158.04856  155.37931
-158.05482  155.37931
-158.06108  155.37931
-158.06734  155.37931
-158.07361  155.37931
-158.07987  155.37931
-158.08613  155.37931
-158.09239  155.37931
-158.09865  155.37931
-158.10491  155.37931
-158.11118  155.37931
-158.11744  155.37931
-158.1237  155.37931
-158.12996  155.37931
-158.13622  155.37931
-158.14249  155.3793
-158.14875  155.3793
-158.15501  155.3793
-158.16127  155.3793
-158.16753  155.3793
-158.1738  155.3793
-158.18006  155.3793
-158.18632  155.3793
-158.19258  155.3793
-158.19884  155.3793
-158.2051  155.3793
-158.21137  155.3793
-158.21763  155.3793
-158.22389  155.3793
-158.23015  155.3793
-158.23641  155.3793
-158.24268  155.3793
-158.24894  155.3793
-158.2552  155.3793
-158.26146  155.3793
-158.26772  155.37929
-158.27398  155.37929
-158.28025  155.37929
-158.28651  155.37929
-158.29277  155.37929
-158.29903  155.37929
-158.30529  155.37929
-158.31156  155.37929
-158.31782  155.37929
-158.32408  155.37929
-158.33034  155.37929
-158.3366  155.37929
-158.34287  155.37929
-158.34913  155.37929
-158.35539  155.37929
-158.36165  155.37929
-158.36791  155.37929
-158.37417  155.37929
-158.38044  155.37929
-158.3867  155.37929
-158.39296  155.37928
-158.39922  155.37928
-158.40548  155.37928
-158.41175  155.37928
-158.41801  155.37928
-158.42427  155.37928
-158.43053  155.37928
-158.43679  155.37928
-158.44306  155.37928
-158.44932  155.37928
-158.45558  155.37928
-158.46184  155.37928
-158.4681  155.37928
-158.47436  155.37928
-158.48063  155.37928
-158.48689  155.37928
-158.49315  155.37928
-158.49941  155.37928
-158.50567  155.37928
-158.51194  155.37928
-158.5182  155.37927
-158.52446  155.37927
-158.53072  155.37927
-158.53698  155.37927
-158.54324  155.37927
-158.54951  155.37927
-158.55577  155.37927
-158.56203  155.37927
-158.56829  155.37927
-158.57455  155.37927
-158.58082  155.37927
-158.58708  155.37927
-158.59334  155.37927
-158.5996  155.37927
-158.60586  155.37927
-158.61213  155.37927
-158.61839  155.37927
-158.62465  155.37927
-158.63091  155.37927
-158.63717  155.37927
-158.64343  155.37927
-158.6497  155.37926
-158.65596  155.37926
-158.66222  155.37926
-158.66848  155.37926
-158.67474  155.37926
-158.68101  155.37926
-158.68727  155.37926
-158.69353  155.37926
-158.69979  155.37926
-158.70605  155.37926
-158.71231  155.37926
-158.71858  155.37926
-158.72484  155.37926
-158.7311  155.37926
-158.73736  155.37926
-158.74362  155.37926
-158.74989  155.37926
-158.75615  155.37926
-158.76241  155.37926
-158.76867  155.37926
-158.77493  155.37926
-158.7812  155.37926
-158.78746  155.37925
-158.79372  155.37925
-158.79998  155.37925
-158.80624  155.37925
-158.8125  155.37925
-158.81877  155.37925
-158.82503  155.37925
-158.83129  155.37925
-158.83755  155.37925
-158.84381  155.37925
-158.85008  155.37925
-158.85634  155.37925
-158.8626  155.37925
-158.86886  155.37925
-158.87512  155.37925
-158.88139  155.37925
-158.88765  155.37925
-158.89391  155.37925
-158.90017  155.37925
-158.90643  155.37925
-158.91269  155.37925
-158.91896  155.37925
-158.92522  155.37924
-158.93148  155.37924
-158.93774  155.37924
-158.944  155.37924
-158.95027  155.37924
-158.95653  155.37924
-158.96279  155.37924
-158.96905  155.37924
-158.97531  155.37924
-158.98157  155.37924
-158.98784  155.37924
-158.9941  155.37924
-159.00036  155.37924
-159.00662  155.37924
-159.01288  155.37924
-159.01915  155.37924
-159.02541  155.37924
-159.03167  155.37924
-159.03793  155.37924
-159.04419  155.37924
-159.05046  155.37924
-159.05672  155.37924
-159.06298  155.37924
-159.06924  155.37923
-159.0755  155.37923
-159.08176  155.37923
-159.08803  155.37923
-159.09429  155.37923
-159.10055  155.37923
-159.10681  155.37923
-159.11307  155.37923
-159.11934  155.37923
-159.1256  155.37923
-159.13186  155.37923
-159.13812  155.37923
-159.14438  155.37923
-159.15065  155.37923
-159.15691  155.37923
-159.16317  155.37923
-159.16943  155.37923
-159.17569  155.37923
-159.18195  155.37923
-159.18822  155.37923
-159.19448  155.37923
-159.20074  155.37923
-159.207  155.37923
-159.21326  155.37923
-159.21953  155.37922
-159.22579  155.37922
-159.23205  155.37922
-159.23831  155.37922
-159.24457  155.37922
-159.25083  155.37922
-159.2571  155.37922
-159.26336  155.37922
-159.26962  155.37922
-159.27588  155.37922
-159.28214  155.37922
-159.28841  155.37922
-159.29467  155.37922
-159.30093  155.37922
-159.30719  155.37922
-159.31345  155.37922
-159.31972  155.37922
-159.32598  155.37922
-159.33224  155.37922
-159.3385  155.37922
-159.34476  155.37922
-159.35102  155.37922
-159.35729  155.37922
-159.36355  155.37922
-159.36981  155.37922
-159.37607  155.37921
-159.38233  155.37921
-159.3886  155.37921
-159.39486  155.37921
-159.40112  155.37921
-159.40738  155.37921
-159.41364  155.37921
-159.41991  155.37921
-159.42617  155.37921
-159.43243  155.37921
-159.43869  155.37921
-159.44495  155.37921
-159.45121  155.37921
-159.45748  155.37921
-159.46374  155.37921
-159.47  155.37921
-159.47626  155.37921
-159.48252  155.37921
-159.48879  155.37921
-159.49505  155.37921
-159.50131  155.37921
-159.50757  155.37921
-159.51383  155.37921
-159.52009  155.37921
-159.52636  155.37921
-159.53262  155.3792
-159.53888  155.3792
-159.54514  155.3792
-159.5514  155.3792
-159.55767  155.3792
-159.56393  155.3792
-159.57019  155.3792
-159.57645  155.3792
-159.58271  155.3792
-159.58898  155.3792
-159.59524  155.3792
-159.6015  155.3792
-159.60776  155.3792
-159.61402  155.3792
-159.62028  155.3792
-159.62655  155.3792
-159.63281  155.3792
-159.63907  155.3792
-159.64533  155.3792
-159.65159  155.3792
-159.65786  155.3792
-159.66412  155.3792
-159.67038  155.3792
-159.67664  155.3792
-159.6829  155.3792
-159.68917  155.3792
-159.69543  155.37919
-159.70169  155.37919
-159.70795  155.37919
-159.71421  155.37919
-159.72047  155.37919
-159.72674  155.37919
-159.733  155.37919
-159.73926  155.37919
-159.74552  155.37919
-159.75178  155.37919
-159.75805  155.37919
-159.76431  155.37919
-159.77057  155.37919
-159.77683  155.37919
-159.78309  155.37919
-159.78935  155.37919
-159.79562  155.37919
-159.80188  155.37919
-159.80814  155.37919
-159.8144  155.37919
-159.82066  155.37919
-159.82693  155.37919
-159.83319  155.37919
-159.83945  155.37919
-159.84571  155.37919
-159.85197  155.37919
-159.85824  155.37919
-159.8645  155.37918
-159.87076  155.37918
-159.87702  155.37918
-159.88328  155.37918
-159.88954  155.37918
-159.89581  155.37918
-159.90207  155.37918
-159.90833  155.37918
-159.91459  155.37918
-159.92085  155.37918
-159.92712  155.37918
-159.93338  155.37918
-159.93964  155.37918
-159.9459  155.37918
-159.95216  155.37918
-159.95843  155.37918
-159.96469  155.37918
-159.97095  155.37918
-159.97721  155.37918
-159.98347  155.37918
-159.98973  155.37918
-159.996  155.37918
-160.00226  155.37918
-160.00852  155.37918
-160.01478  155.37918
-160.02104  155.37918
-160.02731  155.37918
-160.03357  155.37918
-160.03983  155.37917
-160.04609  155.37917
-160.05235  155.37917
-160.05861  155.37917
-160.06488  155.37917
-160.07114  155.37917
-160.0774  155.37917
-160.08366  155.37917
-160.08992  155.37917
-160.09619  155.37917
-160.10245  155.37917
-160.10871  155.37917
-160.11497  155.37917
-160.12123  155.37917
-160.1275  155.37917
-160.13376  155.37917
-160.14002  155.37917
-160.14628  155.37917
-160.15254  155.37917
-160.1588  155.37917
-160.16507  155.37917
-160.17133  155.37917
-160.17759  155.37917
-160.18385  155.37917
-160.19011  155.37917
-160.19638  155.37917
-160.20264  155.37917
-160.2089  155.37917
-160.21516  155.37917
-160.22142  155.37916
-160.22769  155.37916
-160.23395  155.37916
-160.24021  155.37916
-160.24647  155.37916
-160.25273  155.37916
-160.25899  155.37916
-160.26526  155.37916
-160.27152  155.37916
-160.27778  155.37916
-160.28404  155.37916
-160.2903  155.37916
-160.29657  155.37916
-160.30283  155.37916
-160.30909  155.37916
-160.31535  155.37916
-160.32161  155.37916
-160.32787  155.37916
-160.33414  155.37916
-160.3404  155.37916
-160.34666  155.37916
-160.35292  155.37916
-160.35918  155.37916
-160.36545  155.37916
-160.37171  155.37916
-160.37797  155.37916
-160.38423  155.37916
-160.39049  155.37916
-160.39676  155.37916
-160.40302  155.37916
-160.40928  155.37916
-160.41554  155.37915
-160.4218  155.37915
-160.42806  155.37915
-160.43433  155.37915
-160.44059  155.37915
-160.44685  155.37915
-160.45311  155.37915
-160.45937  155.37915
-160.46564  155.37915
-160.4719  155.37915
-160.47816  155.37915
-160.48442  155.37915
-160.49068  155.37915
-160.49694  155.37915
-160.50321  155.37915
-160.50947  155.37915
-160.51573  155.37915
-160.52199  155.37915
-160.52825  155.37915
-160.53452  155.37915
-160.54078  155.37915
-160.54704  155.37915
-160.5533  155.37915
-160.55956  155.37915
-160.56583  155.37915
-160.57209  155.37915
-160.57835  155.37915
-160.58461  155.37915
-160.59087  155.37915
-160.59713  155.37915
-160.6034  155.37915
-160.60966  155.37914
-160.61592  155.37914
-160.62218  155.37914
-160.62844  155.37914
-160.63471  155.37914
-160.64097  155.37914
-160.64723  155.37914
-160.65349  155.37914
-160.65975  155.37914
-160.66602  155.37914
-160.67228  155.37914
-160.67854  155.37914
-160.6848  155.37914
-160.69106  155.37914
-160.69732  155.37914
-160.70359  155.37914
-160.70985  155.37914
-160.71611  155.37914
-160.72237  155.37914
-160.72863  155.37914
-160.7349  155.37914
-160.74116  155.37914
-160.74742  155.37914
-160.75368  155.37914
-160.75994  155.37914
-160.7662  155.37914
-160.77247  155.37914
-160.77873  155.37914
-160.78499  155.37914
-160.79125  155.37914
-160.79751  155.37914
-160.80378  155.37914
-160.81004  155.37913
-160.8163  155.37913
-160.82256  155.37913
-160.82882  155.37913
-160.83509  155.37913
-160.84135  155.37913
-160.84761  155.37913
-160.85387  155.37913
-160.86013  155.37913
-160.86639  155.37913
-160.87266  155.37913
-160.87892  155.37913
-160.88518  155.37913
-160.89144  155.37913
-160.8977  155.37913
-160.90397  155.37913
-160.91023  155.37913
-160.91649  155.37913
-160.92275  155.37913
-160.92901  155.37913
-160.93528  155.37913
-160.94154  155.37913
-160.9478  155.37913
-160.95406  155.37913
-160.96032  155.37913
-160.96658  155.37913
-160.97285  155.37913
-160.97911  155.37913
-160.98537  155.37913
-160.99163  155.37913
-160.99789  155.37913
-161.00416  155.37913
-161.01042  155.37913
-161.01668  155.37913
-161.02294  155.37912
-161.0292  155.37912
-161.03546  155.37912
-161.04173  155.37912
-161.04799  155.37912
-161.05425  155.37912
-161.06051  155.37912
-161.06677  155.37912
-161.07304  155.37912
-161.0793  155.37912
-161.08556  155.37912
-161.09182  155.37912
-161.09808  155.37912
-161.10435  155.37912
-161.11061  155.37912
-161.11687  155.37912
-161.12313  155.37912
-161.12939  155.37912
-161.13565  155.37912
-161.14192  155.37912
-161.14818  155.37912
-161.15444  155.37912
-161.1607  155.37912
-161.16696  155.37912
-161.17323  155.37912
-161.17949  155.37912
-161.18575  155.37912
-161.19201  155.37912
-161.19827  155.37912
-161.20454  155.37912
-161.2108  155.37912
-161.21706  155.37912
-161.22332  155.37912
-161.22958  155.37912
-161.23584  155.37912
-161.24211  155.37911
-161.24837  155.37911
-161.25463  155.37911
-161.26089  155.37911
-161.26715  155.37911
-161.27342  155.37911
-161.27968  155.37911
-161.28594  155.37911
-161.2922  155.37911
-161.29846  155.37911
-161.30472  155.37911
-161.31099  155.37911
-161.31725  155.37911
-161.32351  155.37911
-161.32977  155.37911
-161.33603  155.37911
-161.3423  155.37911
-161.34856  155.37911
-161.35482  155.37911
-161.36108  155.37911
-161.36734  155.37911
-161.37361  155.37911
-161.37987  155.37911
-161.38613  155.37911
-161.39239  155.37911
-161.39865  155.37911
-161.40491  155.37911
-161.41118  155.37911
-161.41744  155.37911
-161.4237  155.37911
-161.42996  155.37911
-161.43622  155.37911
-161.44249  155.37911
-161.44875  155.37911
-161.45501  155.37911
-161.46127  155.37911
-161.46753  155.37911
-161.4738  155.3791
-161.48006  155.3791
-161.48632  155.3791
-161.49258  155.3791
-161.49884  155.3791
-161.5051  155.3791
-161.51137  155.3791
-161.51763  155.3791
-161.52389  155.3791
-161.53015  155.3791
-161.53641  155.3791
-161.54268  155.3791
-161.54894  155.3791
-161.5552  155.3791
-161.56146  155.3791
-161.56772  155.3791
-161.57398  155.3791
-161.58025  155.3791
-161.58651  155.3791
-161.59277  155.3791
-161.59903  155.3791
-161.60529  155.3791
-161.61156  155.3791
-161.61782  155.3791
-161.62408  155.3791
-161.63034  155.3791
-161.6366  155.3791
-161.64287  155.3791
-161.64913  155.3791
-161.65539  155.3791
-161.66165  155.3791
-161.66791  155.3791
-161.67417  155.3791
-161.68044  155.3791
-161.6867  155.3791
-161.69296  155.3791
-161.69922  155.3791
-161.70548  155.3791
-161.71175  155.3791
-161.71801  155.37909
-161.72427  155.37909
-161.73053  155.37909
-161.73679  155.37909
-161.74306  155.37909
-161.74932  155.37909
-161.75558  155.37909
-161.76184  155.37909
-161.7681  155.37909
-161.77436  155.37909
-161.78063  155.37909
-161.78689  155.37909
-161.79315  155.37909
-161.79941  155.37909
-161.80567  155.37909
-161.81194  155.37909
-161.8182  155.37909
-161.82446  155.37909
-161.83072  155.37909
-161.83698  155.37909
-161.84324  155.37909
-161.84951  155.37909
-161.85577  155.37909
-161.86203  155.37909
-161.86829  155.37909
-161.87455  155.37909
-161.88082  155.37909
-161.88708  155.37909
-161.89334  155.37909
-161.8996  155.37909
-161.90586  155.37909
-161.91213  155.37909
-161.91839  155.37909
-161.92465  155.37909
-161.93091  155.37909
-161.93717  155.37909
-161.94343  155.37909
-161.9497  155.37909
-161.95596  155.37909
-161.96222  155.37909
-161.96848  155.37908
-161.97474  155.37908
-161.98101  155.37908
-161.98727  155.37908
-161.99353  155.37908
-161.99979  155.37908
-162.00605  155.37908
-162.01231  155.37908
-162.01858  155.37908
-162.02484  155.37908
-162.0311  155.37908
-162.03736  155.37908
-162.04362  155.37908
-162.04989  155.37908
-162.05615  155.37908
-162.06241  155.37908
-162.06867  155.37908
-162.07493  155.37908
-162.0812  155.37908
-162.08746  155.37908
-162.09372  155.37908
-162.09998  155.37908
-162.10624  155.37908
-162.1125  155.37908
-162.11877  155.37908
-162.12503  155.37908
-162.13129  155.37908
-162.13755  155.37908
-162.14381  155.37908
-162.15008  155.37908
-162.15634  155.37908
-162.1626  155.37908
-162.16886  155.37908
-162.17512  155.37908
-162.18139  155.37908
-162.18765  155.37908
-162.19391  155.37908
-162.20017  155.37908
-162.20643  155.37908
-162.21269  155.37908
-162.21896  155.37908
-162.22522  155.37907
-162.23148  155.37907
-162.23774  155.37907
-162.244  155.37907
-162.25027  155.37907
-162.25653  155.37907
-162.26279  155.37907
-162.26905  155.37907
-162.27531  155.37907
-162.28157  155.37907
-162.28784  155.37907
-162.2941  155.37907
-162.30036  155.37907
-162.30662  155.37907
-162.31288  155.37907
-162.31915  155.37907
-162.32541  155.37907
-162.33167  155.37907
-162.33793  155.37907
-162.34419  155.37907
-162.35046  155.37907
-162.35672  155.37907
-162.36298  155.37907
-162.36924  155.37907
-162.3755  155.37907
-162.38176  155.37907
-162.38803  155.37907
-162.39429  155.37907
-162.40055  155.37907
-162.40681  155.37907
-162.41307  155.37907
-162.41934  155.37907
-162.4256  155.37907
-162.43186  155.37907
-162.43812  155.37907
-162.44438  155.37907
-162.45065  155.37907
-162.45691  155.37907
-162.46317  155.37907
-162.46943  155.37907
-162.47569  155.37907
-162.48195  155.37907
-162.48822  155.37907
-162.49448  155.37907
-162.50074  155.37906
-162.507  155.37906
-162.51326  155.37906
-162.51953  155.37906
-162.52579  155.37906
-162.53205  155.37906
-162.53831  155.37906
-162.54457  155.37906
-162.55083  155.37906
-162.5571  155.37906
-162.56336  155.37906
-162.56962  155.37906
-162.57588  155.37906
-162.58214  155.37906
-162.58841  155.37906
-162.59467  155.37906
-162.60093  155.37906
-162.60719  155.37906
-162.61345  155.37906
-162.61972  155.37906
-162.62598  155.37906
-162.63224  155.37906
-162.6385  155.37906
-162.64476  155.37906
-162.65102  155.37906
-162.65729  155.37906
-162.66355  155.37906
-162.66981  155.37906
-162.67607  155.37906
-162.68233  155.37906
-162.6886  155.37906
-162.69486  155.37906
-162.70112  155.37906
-162.70738  155.37906
-162.71364  155.37906
-162.71991  155.37906
-162.72617  155.37906
-162.73243  155.37906
-162.73869  155.37906
-162.74495  155.37906
-162.75121  155.37906
-162.75748  155.37906
-162.76374  155.37906
-162.77  155.37906
-162.77626  155.37906
-162.78252  155.37906
-162.78879  155.37905
-162.79505  155.37905
-162.80131  155.37905
-162.80757  155.37905
-162.81383  155.37905
-162.82009  155.37905
-162.82636  155.37905
-162.83262  155.37905
-162.83888  155.37905
-162.84514  155.37905
-162.8514  155.37905
-162.85767  155.37905
-162.86393  155.37905
-162.87019  155.37905
-162.87645  155.37905
-162.88271  155.37905
-162.88898  155.37905
-162.89524  155.37905
-162.9015  155.37905
-162.90776  155.37905
-162.91402  155.37905
-162.92028  155.37905
-162.92655  155.37905
-162.93281  155.37905
-162.93907  155.37905
-162.94533  155.37905
-162.95159  155.37905
-162.95786  155.37905
-162.96412  155.37905
-162.97038  155.37905
-162.97664  155.37905
-162.9829  155.37905
-162.98917  155.37905
-162.99543  155.37905
-163.00169  155.37905
-163.00795  155.37905
-163.01421  155.37905
-163.02047  155.37905
-163.02674  155.37905
-163.033  155.37905
-163.03926  155.37905
-163.04552  155.37905
-163.05178  155.37905
-163.05805  155.37905
-163.06431  155.37905
-163.07057  155.37905
-163.07683  155.37905
-163.08309  155.37905
-163.08935  155.37905
-163.09562  155.37904
-163.10188  155.37904
-163.10814  155.37904
-163.1144  155.37904
-163.12066  155.37904
-163.12693  155.37904
-163.13319  155.37904
-163.13945  155.37904
-163.14571  155.37904
-163.15197  155.37904
-163.15824  155.37904
-163.1645  155.37904
-163.17076  155.37904
-163.17702  155.37904
-163.18328  155.37904
-163.18954  155.37904
-163.19581  155.37904
-163.20207  155.37904
-163.20833  155.37904
-163.21459  155.37904
-163.22085  155.37904
-163.22712  155.37904
-163.23338  155.37904
-163.23964  155.37904
-163.2459  155.37904
-163.25216  155.37904
-163.25843  155.37904
-163.26469  155.37904
-163.27095  155.37904
-163.27721  155.37904
-163.28347  155.37904
-163.28973  155.37904
-163.296  155.37904
-163.30226  155.37904
-163.30852  155.37904
-163.31478  155.37904
-163.32104  155.37904
-163.32731  155.37904
-163.33357  155.37904
-163.33983  155.37904
-163.34609  155.37904
-163.35235  155.37904
-163.35861  155.37904
-163.36488  155.37904
-163.37114  155.37904
-163.3774  155.37904
-163.38366  155.37904
-163.38992  155.37904
-163.39619  155.37904
-163.40245  155.37904
-163.40871  155.37904
-163.41497  155.37903
-163.42123  155.37903
-163.4275  155.37903
-163.43376  155.37903
-163.44002  155.37903
-163.44628  155.37903
-163.45254  155.37903
-163.4588  155.37903
-163.46507  155.37903
-163.47133  155.37903
-163.47759  155.37903
-163.48385  155.37903
-163.49011  155.37903
-163.49638  155.37903
-163.50264  155.37903
-163.5089  155.37903
-163.51516  155.37903
-163.52142  155.37903
-163.52769  155.37903
-163.53395  155.37903
-163.54021  155.37903
-163.54647  155.37903
-163.55273  155.37903
-163.55899  155.37903
-163.56526  155.37903
-163.57152  155.37903
-163.57778  155.37903
-163.58404  155.37903
-163.5903  155.37903
-163.59657  155.37903
-163.60283  155.37903
-163.60909  155.37903
-163.61535  155.37903
-163.62161  155.37903
-163.62787  155.37903
-163.63414  155.37903
-163.6404  155.37903
-163.64666  155.37903
-163.65292  155.37903
-163.65918  155.37903
-163.66545  155.37903
-163.67171  155.37903
-163.67797  155.37903
-163.68423  155.37903
-163.69049  155.37903
-163.69676  155.37903
-163.70302  155.37903
-163.70928  155.37903
-163.71554  155.37903
-163.7218  155.37903
-163.72806  155.37903
-163.73433  155.37903
-163.74059  155.37903
-163.74685  155.37903
-163.75311  155.37902
-163.75937  155.37902
-163.76564  155.37902
-163.7719  155.37902
-163.77816  155.37902
-163.78442  155.37902
-163.79068  155.37902
-163.79694  155.37902
-163.80321  155.37902
-163.80947  155.37902
-163.81573  155.37902
-163.82199  155.37902
-163.82825  155.37902
-163.83452  155.37902
-163.84078  155.37902
-163.84704  155.37902
-163.8533  155.37902
-163.85956  155.37902
-163.86583  155.37902
-163.87209  155.37902
-163.87835  155.37902
-163.88461  155.37902
-163.89087  155.37902
-163.89713  155.37902
-163.9034  155.37902
-163.90966  155.37902
-163.91592  155.37902
-163.92218  155.37902
-163.92844  155.37902
-163.93471  155.37902
-163.94097  155.37902
-163.94723  155.37902
-163.95349  155.37902
-163.95975  155.37902
-163.96602  155.37902
-163.97228  155.37902
-163.97854  155.37902
-163.9848  155.37902
-163.99106  155.37902
-163.99732  155.37902
-164.00359  155.37902
-164.00985  155.37902
-164.01611  155.37902
-164.02237  155.37902
-164.02863  155.37902
-164.0349  155.37902
-164.04116  155.37902
-164.04742  155.37902
-164.05368  155.37902
-164.05994  155.37902
-164.0662  155.37902
-164.07247  155.37902
-164.07873  155.37902
-164.08499  155.37902
-164.09125  155.37902
-164.09751  155.37902
-164.10378  155.37901
-164.11004  155.37901
-164.1163  155.37901
-164.12256  155.37901
-164.12882  155.37901
-164.13509  155.37901
-164.14135  155.37901
-164.14761  155.37901
-164.15387  155.37901
-164.16013  155.37901
-164.16639  155.37901
-164.17266  155.37901
-164.17892  155.37901
-164.18518  155.37901
-164.19144  155.37901
-164.1977  155.37901
-164.20397  155.37901
-164.21023  155.37901
-164.21649  155.37901
-164.22275  155.37901
-164.22901  155.37901
-164.23528  155.37901
-164.24154  155.37901
-164.2478  155.37901
-164.25406  155.37901
-164.26032  155.37901
-164.26658  155.37901
-164.27285  155.37901
-164.27911  155.37901
-164.28537  155.37901
-164.29163  155.37901
-164.29789  155.37901
-164.30416  155.37901
-164.31042  155.37901
-164.31668  155.37901
-164.32294  155.37901
-164.3292  155.37901
-164.33546  155.37901
-164.34173  155.37901
-164.34799  155.37901
-164.35425  155.37901
-164.36051  155.37901
-164.36677  155.37901
-164.37304  155.37901
-164.3793  155.37901
-164.38556  155.37901
-164.39182  155.37901
-164.39808  155.37901
-164.40435  155.37901
-164.41061  155.37901
-164.41687  155.37901
-164.42313  155.37901
-164.42939  155.37901
-164.43565  155.37901
-164.44192  155.37901
-164.44818  155.37901
-164.45444  155.37901
-164.4607  155.37901
-164.46696  155.37901
-164.47323  155.37901
-164.47949  155.379
-164.48575  155.379
-164.49201  155.379
-164.49827  155.379
-164.50454  155.379
-164.5108  155.379
-164.51706  155.379
-164.52332  155.379
-164.52958  155.379
-164.53584  155.379
-164.54211  155.379
-164.54837  155.379
-164.55463  155.379
-164.56089  155.379
-164.56715  155.379
-164.57342  155.379
-164.57968  155.379
-164.58594  155.379
-164.5922  155.379
-164.59846  155.379
-164.60472  155.379
-164.61099  155.379
-164.61725  155.379
-164.62351  155.379
-164.62977  155.379
-164.63603  155.379
-164.6423  155.379
-164.64856  155.379
-164.65482  155.379
-164.66108  155.379
-164.66734  155.379
-164.67361  155.379
-164.67987  155.379
-164.68613  155.379
-164.69239  155.379
-164.69865  155.379
-164.70491  155.379
-164.71118  155.379
-164.71744  155.379
-164.7237  155.379
-164.72996  155.379
-164.73622  155.379
-164.74249  155.379
-164.74875  155.379
-164.75501  155.379
-164.76127  155.379
-164.76753  155.379
-164.7738  155.379
-164.78006  155.379
-164.78632  155.379
-164.79258  155.379
-164.79884  155.379
-164.8051  155.379
-164.81137  155.379
-164.81763  155.379
-164.82389  155.379
-164.83015  155.379
-164.83641  155.379
-164.84268  155.379
-164.84894  155.379
-164.8552  155.379
-164.86146  155.379
-164.86772  155.379
-164.87398  155.379
-164.88025  155.37899
-164.88651  155.37899
-164.89277  155.37899
-164.89903  155.37899
-164.90529  155.37899
-164.91156  155.37899
-164.91782  155.37899
-164.92408  155.37899
-164.93034  155.37899
-164.9366  155.37899
-164.94287  155.37899
-164.94913  155.37899
-164.95539  155.37899
-164.96165  155.37899
-164.96791  155.37899
-164.97417  155.37899
-164.98044  155.37899
-164.9867  155.37899
-164.99296  155.37899
-164.99922  155.37899
-165.00548  155.37899
-165.01175  155.37899
-165.01801  155.37899
-165.02427  155.37899
-165.03053  155.37899
-165.03679  155.37899
-165.04306  155.37899
-165.04932  155.37899
-165.05558  155.37899
-165.06184  155.37899
-165.0681  155.37899
-165.07436  155.37899
-165.08063  155.37899
-165.08689  155.37899
-165.09315  155.37899
-165.09941  155.37899
-165.10567  155.37899
-165.11194  155.37899
-165.1182  155.37899
-165.12446  155.37899
-165.13072  155.37899
-165.13698  155.37899
-165.14324  155.37899
-165.14951  155.37899
-165.15577  155.37899
-165.16203  155.37899
-165.16829  155.37899
-165.17455  155.37899
-165.18082  155.37899
-165.18708  155.37899
-165.19334  155.37899
-165.1996  155.37899
-165.20586  155.37899
-165.21213  155.37899
-165.21839  155.37899
-165.22465  155.37899
-165.23091  155.37899
-165.23717  155.37899
-165.24343  155.37899
-165.2497  155.37899
-165.25596  155.37899
-165.26222  155.37899
-165.26848  155.37899
-165.27474  155.37899
-165.28101  155.37899
-165.28727  155.37899
-165.29353  155.37899
-165.29979  155.37899
-165.30605  155.37898
-165.31231  155.37898
-165.31858  155.37898
-165.32484  155.37898
-165.3311  155.37898
-165.33736  155.37898
-165.34362  155.37898
-165.34989  155.37898
-165.35615  155.37898
-165.36241  155.37898
-165.36867  155.37898
-165.37493  155.37898
-165.3812  155.37898
-165.38746  155.37898
-165.39372  155.37898
-165.39998  155.37898
-165.40624  155.37898
-165.4125  155.37898
-165.41877  155.37898
-165.42503  155.37898
-165.43129  155.37898
-165.43755  155.37898
-165.44381  155.37898
-165.45008  155.37898
-165.45634  155.37898
-165.4626  155.37898
-165.46886  155.37898
-165.47512  155.37898
-165.48139  155.37898
-165.48765  155.37898
-165.49391  155.37898
-165.50017  155.37898
-165.50643  155.37898
-165.51269  155.37898
-165.51896  155.37898
-165.52522  155.37898
-165.53148  155.37898
-165.53774  155.37898
-165.544  155.37898
-165.55027  155.37898
-165.55653  155.37898
-165.56279  155.37898
-165.56905  155.37898
-165.57531  155.37898
-165.58157  155.37898
-165.58784  155.37898
-165.5941  155.37898
-165.60036  155.37898
-165.60662  155.37898
-165.61288  155.37898
-165.61915  155.37898
-165.62541  155.37898
-165.63167  155.37898
-165.63793  155.37898
-165.64419  155.37898
-165.65046  155.37898
-165.65672  155.37898
-165.66298  155.37898
-165.66924  155.37898
-165.6755  155.37898
-165.68176  155.37898
-165.68803  155.37898
-165.69429  155.37898
-165.70055  155.37898
-165.70681  155.37898
-165.71307  155.37898
-165.71934  155.37898
-165.7256  155.37898
-165.73186  155.37898
-165.73812  155.37898
-165.74438  155.37898
-165.75065  155.37898
-165.75691  155.37898
-165.76317  155.37897
-165.76943  155.37897
-165.77569  155.37897
-165.78195  155.37897
-165.78822  155.37897
-165.79448  155.37897
-165.80074  155.37897
-165.807  155.37897
-165.81326  155.37897
-165.81953  155.37897
-165.82579  155.37897
-165.83205  155.37897
-165.83831  155.37897
-165.84457  155.37897
-165.85083  155.37897
-165.8571  155.37897
-165.86336  155.37897
-165.86962  155.37897
-165.87588  155.37897
-165.88214  155.37897
-165.88841  155.37897
-165.89467  155.37897
-165.90093  155.37897
-165.90719  155.37897
-165.91345  155.37897
-165.91972  155.37897
-165.92598  155.37897
-165.93224  155.37897
-165.9385  155.37897
-165.94476  155.37897
-165.95102  155.37897
-165.95729  155.37897
-165.96355  155.37897
-165.96981  155.37897
-165.97607  155.37897
-165.98233  155.37897
-165.9886  155.37897
-165.99486  155.37897
-166.00112  155.37897
-166.00738  155.37897
-166.01364  155.37897
-166.01991  155.37897
-166.02617  155.37897
-166.03243  155.37897
-166.03869  155.37897
-166.04495  155.37897
-166.05121  155.37897
-166.05748  155.37897
-166.06374  155.37897
-166.07  155.37897
-166.07626  155.37897
-166.08252  155.37897
-166.08879  155.37897
-166.09505  155.37897
-166.10131  155.37897
-166.10757  155.37897
-166.11383  155.37897
-166.12009  155.37897
-166.12636  155.37897
-166.13262  155.37897
-166.13888  155.37897
-166.14514  155.37897
-166.1514  155.37897
-166.15767  155.37897
-166.16393  155.37897
-166.17019  155.37897
-166.17645  155.37897
-166.18271  155.37897
-166.18898  155.37897
-166.19524  155.37897
-166.2015  155.37897
-166.20776  155.37897
-166.21402  155.37897
-166.22028  155.37897
-166.22655  155.37897
-166.23281  155.37897
-166.23907  155.37897
-166.24533  155.37896
-166.25159  155.37896
-166.25786  155.37896
-166.26412  155.37896
-166.27038  155.37896
-166.27664  155.37896
-166.2829  155.37896
-166.28917  155.37896
-166.29543  155.37896
-166.30169  155.37896
-166.30795  155.37896
-166.31421  155.37896
-166.32047  155.37896
-166.32674  155.37896
-166.333  155.37896
-166.33926  155.37896
-166.34552  155.37896
-166.35178  155.37896
-166.35805  155.37896
-166.36431  155.37896
-166.37057  155.37896
-166.37683  155.37896
-166.38309  155.37896
-166.38935  155.37896
-166.39562  155.37896
-166.40188  155.37896
-166.40814  155.37896
-166.4144  155.37896
-166.42066  155.37896
-166.42693  155.37896
-166.43319  155.37896
-166.43945  155.37896
-166.44571  155.37896
-166.45197  155.37896
-166.45824  155.37896
-166.4645  155.37896
-166.47076  155.37896
-166.47702  155.37896
-166.48328  155.37896
-166.48954  155.37896
-166.49581  155.37896
-166.50207  155.37896
-166.50833  155.37896
-166.51459  155.37896
-166.52085  155.37896
-166.52712  155.37896
-166.53338  155.37896
-166.53964  155.37896
-166.5459  155.37896
-166.55216  155.37896
-166.55843  155.37896
-166.56469  155.37896
-166.57095  155.37896
-166.57721  155.37896
-166.58347  155.37896
-166.58973  155.37896
-166.596  155.37896
-166.60226  155.37896
-166.60852  155.37896
-166.61478  155.37896
-166.62104  155.37896
-166.62731  155.37896
-166.63357  155.37896
-166.63983  155.37896
-166.64609  155.37896
-166.65235  155.37896
-166.65861  155.37896
-166.66488  155.37896
-166.67114  155.37896
-166.6774  155.37896
-166.68366  155.37896
-166.68992  155.37896
-166.69619  155.37896
-166.70245  155.37896
-166.70871  155.37896
-166.71497  155.37896
-166.72123  155.37896
-166.7275  155.37896
-166.73376  155.37896
-166.74002  155.37896
-166.74628  155.37896
-166.75254  155.37896
-166.7588  155.37896
-166.76507  155.37896
-166.77133  155.37895
-166.77759  155.37895
-166.78385  155.37895
-166.79011  155.37895
-166.79638  155.37895
-166.80264  155.37895
-166.8089  155.37895
-166.81516  155.37895
-166.82142  155.37895
-166.82769  155.37895
-166.83395  155.37895
-166.84021  155.37895
-166.84647  155.37895
-166.85273  155.37895
-166.85899  155.37895
-166.86526  155.37895
-166.87152  155.37895
-166.87778  155.37895
-166.88404  155.37895
-166.8903  155.37895
-166.89657  155.37895
-166.90283  155.37895
-166.90909  155.37895
-166.91535  155.37895
-166.92161  155.37895
-166.92787  155.37895
-166.93414  155.37895
-166.9404  155.37895
-166.94666  155.37895
-166.95292  155.37895
-166.95918  155.37895
-166.96545  155.37895
-166.97171  155.37895
-166.97797  155.37895
-166.98423  155.37895
-166.99049  155.37895
-166.99676  155.37895
-167.00302  155.37895
-167.00928  155.37895
-167.01554  155.37895
-167.0218  155.37895
-167.02806  155.37895
-167.03433  155.37895
-167.04059  155.37895
-167.04685  155.37895
-167.05311  155.37895
-167.05937  155.37895
-167.06564  155.37895
-167.0719  155.37895
-167.07816  155.37895
-167.08442  155.37895
-167.09068  155.37895
-167.09694  155.37895
-167.10321  155.37895
-167.10947  155.37895
-167.11573  155.37895
-167.12199  155.37895
-167.12825  155.37895
-167.13452  155.37895
-167.14078  155.37895
-167.14704  155.37895
-167.1533  155.37895
-167.15956  155.37895
-167.16583  155.37895
-167.17209  155.37895
-167.17835  155.37895
-167.18461  155.37895
-167.19087  155.37895
-167.19713  155.37895
-167.2034  155.37895
-167.20966  155.37895
-167.21592  155.37895
-167.22218  155.37895
-167.22844  155.37895
-167.23471  155.37895
-167.24097  155.37895
-167.24723  155.37895
-167.25349  155.37895
-167.25975  155.37895
-167.26602  155.37895
-167.27228  155.37895
-167.27854  155.37895
-167.2848  155.37895
-167.29106  155.37895
-167.29732  155.37895
-167.30359  155.37895
-167.30985  155.37895
-167.31611  155.37895
-167.32237  155.37895
-167.32863  155.37894
-167.3349  155.37894
-167.34116  155.37894
-167.34742  155.37894
-167.35368  155.37894
-167.35994  155.37894
-167.3662  155.37894
-167.37247  155.37894
-167.37873  155.37894
-167.38499  155.37894
-167.39125  155.37894
-167.39751  155.37894
-167.40378  155.37894
-167.41004  155.37894
-167.4163  155.37894
-167.42256  155.37894
-167.42882  155.37894
-167.43509  155.37894
-167.44135  155.37894
-167.44761  155.37894
-167.45387  155.37894
-167.46013  155.37894
-167.46639  155.37894
-167.47266  155.37894
-167.47892  155.37894
-167.48518  155.37894
-167.49144  155.37894
-167.4977  155.37894
-167.50397  155.37894
-167.51023  155.37894
-167.51649  155.37894
-167.52275  155.37894
-167.52901  155.37894
-167.53528  155.37894
-167.54154  155.37894
-167.5478  155.37894
-167.55406  155.37894
-167.56032  155.37894
-167.56658  155.37894
-167.57285  155.37894
-167.57911  155.37894
-167.58537  155.37894
-167.59163  155.37894
-167.59789  155.37894
-167.60416  155.37894
-167.61042  155.37894
-167.61668  155.37894
-167.62294  155.37894
-167.6292  155.37894
-167.63546  155.37894
-167.64173  155.37894
-167.64799  155.37894
-167.65425  155.37894
-167.66051  155.37894
-167.66677  155.37894
-167.67304  155.37894
-167.6793  155.37894
-167.68556  155.37894
-167.69182  155.37894
-167.69808  155.37894
-167.70435  155.37894
-167.71061  155.37894
-167.71687  155.37894
-167.72313  155.37894
-167.72939  155.37894
-167.73565  155.37894
-167.74192  155.37894
-167.74818  155.37894
-167.75444  155.37894
-167.7607  155.37894
-167.76696  155.37894
-167.77323  155.37894
-167.77949  155.37894
-167.78575  155.37894
-167.79201  155.37894
-167.79827  155.37894
-167.80454  155.37894
-167.8108  155.37894
-167.81706  155.37894
-167.82332  155.37894
-167.82958  155.37894
-167.83584  155.37894
-167.84211  155.37894
-167.84837  155.37894
-167.85463  155.37894
-167.86089  155.37894
-167.86715  155.37894
-167.87342  155.37894
-167.87968  155.37894
-167.88594  155.37894
-167.8922  155.37894
-167.89846  155.37894
-167.90472  155.37894
-167.91099  155.37894
-167.91725  155.37894
-167.92351  155.37894
-167.92977  155.37894
-167.93603  155.37893
-167.9423  155.37893
-167.94856  155.37893
-167.95482  155.37893
-167.96108  155.37893
-167.96734  155.37893
-167.97361  155.37893
-167.97987  155.37893
-167.98613  155.37893
-167.99239  155.37893
-167.99865  155.37893
-168.00491  155.37893
-168.01118  155.37893
-168.01744  155.37893
-168.0237  155.37893
-168.02996  155.37893
-168.03622  155.37893
-168.04249  155.37893
-168.04875  155.37893
-168.05501  155.37893
-168.06127  155.37893
-168.06753  155.37893
-168.0738  155.37893
-168.08006  155.37893
-168.08632  155.37893
-168.09258  155.37893
-168.09884  155.37893
-168.1051  155.37893
-168.11137  155.37893
-168.11763  155.37893
-168.12389  155.37893
-168.13015  155.37893
-168.13641  155.37893
-168.14268  155.37893
-168.14894  155.37893
-168.1552  155.37893
-168.16146  155.37893
-168.16772  155.37893
-168.17398  155.37893
-168.18025  155.37893
-168.18651  155.37893
-168.19277  155.37893
-168.19903  155.37893
-168.20529  155.37893
-168.21156  155.37893
-168.21782  155.37893
-168.22408  155.37893
-168.23034  155.37893
-168.2366  155.37893
-168.24287  155.37893
-168.24913  155.37893
-168.25539  155.37893
-168.26165  155.37893
-168.26791  155.37893
-168.27417  155.37893
-168.28044  155.37893
-168.2867  155.37893
-168.29296  155.37893
-168.29922  155.37893
-168.30548  155.37893
-168.31175  155.37893
-168.31801  155.37893
-168.32427  155.37893
-168.33053  155.37893
-168.33679  155.37893
-168.34306  155.37893
-168.34932  155.37893
-168.35558  155.37893
-168.36184  155.37893
-168.3681  155.37893
-168.37436  155.37893
-168.38063  155.37893
-168.38689  155.37893
-168.39315  155.37893
-168.39941  155.37893
-168.40567  155.37893
-168.41194  155.37893
-168.4182  155.37893
-168.42446  155.37893
-168.43072  155.37893
-168.43698  155.37893
-168.44324  155.37893
-168.44951  155.37893
-168.45577  155.37893
-168.46203  155.37893
-168.46829  155.37893
-168.47455  155.37893
-168.48082  155.37893
-168.48708  155.37893
-168.49334  155.37893
-168.4996  155.37893
-168.50586  155.37893
-168.51213  155.37893
-168.51839  155.37893
-168.52465  155.37893
-168.53091  155.37893
-168.53717  155.37893
-168.54343  155.37893
-168.5497  155.37893
-168.55596  155.37893
-168.56222  155.37893
-168.56848  155.37893
-168.57474  155.37893
-168.58101  155.37893
-168.58727  155.37893
-168.59353  155.37892
-168.59979  155.37892
-168.60605  155.37892
-168.61231  155.37892
-168.61858  155.37892
-168.62484  155.37892
-168.6311  155.37892
-168.63736  155.37892
-168.64362  155.37892
-168.64989  155.37892
-168.65615  155.37892
-168.66241  155.37892
-168.66867  155.37892
-168.67493  155.37892
-168.6812  155.37892
-168.68746  155.37892
-168.69372  155.37892
-168.69998  155.37892
-168.70624  155.37892
-168.7125  155.37892
-168.71877  155.37892
-168.72503  155.37892
-168.73129  155.37892
-168.73755  155.37892
-168.74381  155.37892
-168.75008  155.37892
-168.75634  155.37892
-168.7626  155.37892
-168.76886  155.37892
-168.77512  155.37892
-168.78139  155.37892
-168.78765  155.37892
-168.79391  155.37892
-168.80017  155.37892
-168.80643  155.37892
-168.81269  155.37892
-168.81896  155.37892
-168.82522  155.37892
-168.83148  155.37892
-168.83774  155.37892
-168.844  155.37892
-168.85027  155.37892
-168.85653  155.37892
-168.86279  155.37892
-168.86905  155.37892
-168.87531  155.37892
-168.88157  155.37892
-168.88784  155.37892
-168.8941  155.37892
-168.90036  155.37892
-168.90662  155.37892
-168.91288  155.37892
-168.91915  155.37892
-168.92541  155.37892
-168.93167  155.37892
-168.93793  155.37892
-168.94419  155.37892
-168.95046  155.37892
-168.95672  155.37892
-168.96298  155.37892
-168.96924  155.37892
-168.9755  155.37892
-168.98176  155.37892
-168.98803  155.37892
-168.99429  155.37892
-169.00055  155.37892
-169.00681  155.37892
-169.01307  155.37892
-169.01934  155.37892
-169.0256  155.37892
-169.03186  155.37892
-169.03812  155.37892
-169.04438  155.37892
-169.05065  155.37892
-169.05691  155.37892
-169.06317  155.37892
-169.06943  155.37892
-169.07569  155.37892
-169.08195  155.37892
-169.08822  155.37892
-169.09448  155.37892
-169.10074  155.37892
-169.107  155.37892
-169.11326  155.37892
-169.11953  155.37892
-169.12579  155.37892
-169.13205  155.37892
-169.13831  155.37892
-169.14457  155.37892
-169.15083  155.37892
-169.1571  155.37892
-169.16336  155.37892
-169.16962  155.37892
-169.17588  155.37892
-169.18214  155.37892
-169.18841  155.37892
-169.19467  155.37892
-169.20093  155.37892
-169.20719  155.37892
-169.21345  155.37892
-169.21972  155.37892
-169.22598  155.37892
-169.23224  155.37892
-169.2385  155.37892
-169.24476  155.37892
-169.25102  155.37892
-169.25729  155.37892
-169.26355  155.37892
-169.26981  155.37892
-169.27607  155.37892
-169.28233  155.37892
-169.2886  155.37892
-169.29486  155.37892
-169.30112  155.37892
-169.30738  155.37892
-169.31364  155.37891
-169.31991  155.37891
-169.32617  155.37891
-169.33243  155.37891
-169.33869  155.37891
-169.34495  155.37891
-169.35121  155.37891
-169.35748  155.37891
-169.36374  155.37891
-169.37  155.37891
-169.37626  155.37891
-169.38252  155.37891
-169.38879  155.37891
-169.39505  155.37891
-169.40131  155.37891
-169.40757  155.37891
-169.41383  155.37891
-169.42009  155.37891
-169.42636  155.37891
-169.43262  155.37891
-169.43888  155.37891
-169.44514  155.37891
-169.4514  155.37891
-169.45767  155.37891
-169.46393  155.37891
-169.47019  155.37891
-169.47645  155.37891
-169.48271  155.37891
-169.48898  155.37891
-169.49524  155.37891
-169.5015  155.37891
-169.50776  155.37891
-169.51402  155.37891
-169.52028  155.37891
-169.52655  155.37891
-169.53281  155.37891
-169.53907  155.37891
-169.54533  155.37891
-169.55159  155.37891
-169.55786  155.37891
-169.56412  155.37891
-169.57038  155.37891
-169.57664  155.37891
-169.5829  155.37891
-169.58917  155.37891
-169.59543  155.37891
-169.60169  155.37891
-169.60795  155.37891
-169.61421  155.37891
-169.62047  155.37891
-169.62674  155.37891
-169.633  155.37891
-169.63926  155.37891
-169.64552  155.37891
-169.65178  155.37891
-169.65805  155.37891
-169.66431  155.37891
-169.67057  155.37891
-169.67683  155.37891
-169.68309  155.37891
-169.68935  155.37891
-169.69562  155.37891
-169.70188  155.37891
-169.70814  155.37891
-169.7144  155.37891
-169.72066  155.37891
-169.72693  155.37891
-169.73319  155.37891
-169.73945  155.37891
-169.74571  155.37891
-169.75197  155.37891
-169.75824  155.37891
-169.7645  155.37891
-169.77076  155.37891
-169.77702  155.37891
-169.78328  155.37891
-169.78954  155.37891
-169.79581  155.37891
-169.80207  155.37891
-169.80833  155.37891
-169.81459  155.37891
-169.82085  155.37891
-169.82712  155.37891
-169.83338  155.37891
-169.83964  155.37891
-169.8459  155.37891
-169.85216  155.37891
-169.85843  155.37891
-169.86469  155.37891
-169.87095  155.37891
-169.87721  155.37891
-169.88347  155.37891
-169.88973  155.37891
-169.896  155.37891
-169.90226  155.37891
-169.90852  155.37891
-169.91478  155.37891
-169.92104  155.37891
-169.92731  155.37891
-169.93357  155.37891
-169.93983  155.37891
-169.94609  155.37891
-169.95235  155.37891
-169.95861  155.37891
-169.96488  155.37891
-169.97114  155.37891
-169.9774  155.37891
-169.98366  155.37891
-169.98992  155.37891
-169.99619  155.37891
-170.00245  155.37891
-170.00871  155.37891
-170.01497  155.37891
-170.02123  155.37891
-170.0275  155.37891
-170.03376  155.37891
-170.04002  155.37891
-170.04628  155.37891
-170.05254  155.37891
-170.0588  155.37891
-170.06507  155.37891
-170.07133  155.37891
-170.07759  155.37891
-170.08385  155.37891
-170.09011  155.37891
-170.09638  155.37891
-170.10264  155.3789
-170.1089  155.3789
-170.11516  155.3789
-170.12142  155.3789
-170.12769  155.3789
-170.13395  155.3789
-170.14021  155.3789
-170.14647  155.3789
-170.15273  155.3789
-170.15899  155.3789
-170.16526  155.3789
-170.17152  155.3789
-170.17778  155.3789
-170.18404  155.3789
-170.1903  155.3789
-170.19657  155.3789
-170.20283  155.3789
-170.20909  155.3789
-170.21535  155.3789
-170.22161  155.3789
-170.22787  155.3789
-170.23414  155.3789
-170.2404  155.3789
-170.24666  155.3789
-170.25292  155.3789
-170.25918  155.3789
-170.26545  155.3789
-170.27171  155.3789
-170.27797  155.3789
-170.28423  155.3789
-170.29049  155.3789
-170.29676  155.3789
-170.30302  155.3789
-170.30928  155.3789
-170.31554  155.3789
-170.3218  155.3789
-170.32806  155.3789
-170.33433  155.3789
-170.34059  155.3789
-170.34685  155.3789
-170.35311  155.3789
-170.35937  155.3789
-170.36564  155.3789
-170.3719  155.3789
-170.37816  155.3789
-170.38442  155.3789
-170.39068  155.3789
-170.39694  155.3789
-170.40321  155.3789
-170.40947  155.3789
-170.41573  155.3789
-170.42199  155.3789
-170.42825  155.3789
-170.43452  155.3789
-170.44078  155.3789
-170.44704  155.3789
-170.4533  155.3789
-170.45956  155.3789
-170.46583  155.3789
-170.47209  155.3789
-170.47835  155.3789
-170.48461  155.3789
-170.49087  155.3789
-170.49713  155.3789
-170.5034  155.3789
-170.50966  155.3789
-170.51592  155.3789
-170.52218  155.3789
-170.52844  155.3789
-170.53471  155.3789
-170.54097  155.3789
-170.54723  155.3789
-170.55349  155.3789
-170.55975  155.3789
-170.56602  155.3789
-170.57228  155.3789
-170.57854  155.3789
-170.5848  155.3789
-170.59106  155.3789
-170.59732  155.3789
-170.60359  155.3789
-170.60985  155.3789
-170.61611  155.3789
-170.62237  155.3789
-170.62863  155.3789
-170.6349  155.3789
-170.64116  155.3789
-170.64742  155.3789
-170.65368  155.3789
-170.65994  155.3789
-170.6662  155.3789
-170.67247  155.3789
-170.67873  155.3789
-170.68499  155.3789
-170.69125  155.3789
-170.69751  155.3789
-170.70378  155.3789
-170.71004  155.3789
-170.7163  155.3789
-170.72256  155.3789
-170.72882  155.3789
-170.73509  155.3789
-170.74135  155.3789
-170.74761  155.3789
-170.75387  155.3789
-170.76013  155.3789
-170.76639  155.3789
-170.77266  155.3789
-170.77892  155.3789
-170.78518  155.3789
-170.79144  155.3789
-170.7977  155.3789
-170.80397  155.3789
-170.81023  155.3789
-170.81649  155.3789
-170.82275  155.3789
-170.82901  155.3789
-170.83528  155.3789
-170.84154  155.3789
-170.8478  155.3789
-170.85406  155.3789
-170.86032  155.3789
-170.86658  155.3789
-170.87285  155.3789
-170.87911  155.3789
-170.88537  155.3789
-170.89163  155.3789
-170.89789  155.3789
-170.90416  155.3789
-170.91042  155.3789
-170.91668  155.3789
-170.92294  155.3789
-170.9292  155.3789
-170.93546  155.3789
-170.94173  155.3789
-170.94799  155.3789
-170.95425  155.3789
-170.96051  155.3789
-170.96677  155.3789
-170.97304  155.3789
-170.9793  155.37889
-170.98556  155.37889
-170.99182  155.37889
-170.99808  155.37889
-171.00435  155.37889
-171.01061  155.37889
-171.01687  155.37889
-171.02313  155.37889
-171.02939  155.37889
-171.03565  155.37889
-171.04192  155.37889
-171.04818  155.37889
-171.05444  155.37889
-171.0607  155.37889
-171.06696  155.37889
-171.07323  155.37889
-171.07949  155.37889
-171.08575  155.37889
-171.09201  155.37889
-171.09827  155.37889
-171.10454  155.37889
-171.1108  155.37889
-171.11706  155.37889
-171.12332  155.37889
-171.12958  155.37889
-171.13584  155.37889
-171.14211  155.37889
-171.14837  155.37889
-171.15463  155.37889
-171.16089  155.37889
-171.16715  155.37889
-171.17342  155.37889
-171.17968  155.37889
-171.18594  155.37889
-171.1922  155.37889
-171.19846  155.37889
-171.20472  155.37889
-171.21099  155.37889
-171.21725  155.37889
-171.22351  155.37889
-171.22977  155.37889
-171.23603  155.37889
-171.2423  155.37889
-171.24856  155.37889
-171.25482  155.37889
-171.26108  155.37889
-171.26734  155.37889
-171.27361  155.37889
-171.27987  155.37889
-171.28613  155.37889
-171.29239  155.37889
-171.29865  155.37889
-171.30491  155.37889
-171.31118  155.37889
-171.31744  155.37889
-171.3237  155.37889
-171.32996  155.37889
-171.33622  155.37889
-171.34249  155.37889
-171.34875  155.37889
-171.35501  155.37889
-171.36127  155.37889
-171.36753  155.37889
-171.3738  155.37889
-171.38006  155.37889
-171.38632  155.37889
-171.39258  155.37889
-171.39884  155.37889
-171.4051  155.37889
-171.41137  155.37889
-171.41763  155.37889
-171.42389  155.37889
-171.43015  155.37889
-171.43641  155.37889
-171.44268  155.37889
-171.44894  155.37889
-171.4552  155.37889
-171.46146  155.37889
-171.46772  155.37889
-171.47398  155.37889
-171.48025  155.37889
-171.48651  155.37889
-171.49277  155.37889
-171.49903  155.37889
-171.50529  155.37889
-171.51156  155.37889
-171.51782  155.37889
-171.52408  155.37889
-171.53034  155.37889
-171.5366  155.37889
-171.54287  155.37889
-171.54913  155.37889
-171.55539  155.37889
-171.56165  155.37889
-171.56791  155.37889
-171.57417  155.37889
-171.58044  155.37889
-171.5867  155.37889
-171.59296  155.37889
-171.59922  155.37889
-171.60548  155.37889
-171.61175  155.37889
-171.61801  155.37889
-171.62427  155.37889
-171.63053  155.37889
-171.63679  155.37889
-171.64306  155.37889
-171.64932  155.37889
-171.65558  155.37889
-171.66184  155.37889
-171.6681  155.37889
-171.67436  155.37889
-171.68063  155.37889
-171.68689  155.37889
-171.69315  155.37889
-171.69941  155.37889
-171.70567  155.37889
-171.71194  155.37889
-171.7182  155.37889
-171.72446  155.37889
-171.73072  155.37889
-171.73698  155.37889
-171.74324  155.37889
-171.74951  155.37889
-171.75577  155.37889
-171.76203  155.37889
-171.76829  155.37889
-171.77455  155.37889
-171.78082  155.37889
-171.78708  155.37889
-171.79334  155.37889
-171.7996  155.37889
-171.80586  155.37889
-171.81213  155.37889
-171.81839  155.37889
-171.82465  155.37889
-171.83091  155.37889
-171.83717  155.37889
-171.84343  155.37889
-171.8497  155.37889
-171.85596  155.37889
-171.86222  155.37889
-171.86848  155.37889
-171.87474  155.37889
-171.88101  155.37889
-171.88727  155.37889
-171.89353  155.37889
-171.89979  155.37889
-171.90605  155.37889
-171.91231  155.37889
-171.91858  155.37889
-171.92484  155.37889
-171.9311  155.37889
-171.93736  155.37889
-171.94362  155.37888
-171.94989  155.37888
-171.95615  155.37888
-171.96241  155.37888
-171.96867  155.37888
-171.97493  155.37888
-171.9812  155.37888
-171.98746  155.37888
-171.99372  155.37888
-171.99998  155.37888
-172.00624  155.37888
-172.0125  155.37888
-172.01877  155.37888
-172.02503  155.37888
-172.03129  155.37888
-172.03755  155.37888
-172.04381  155.37888
-172.05008  155.37888
-172.05634  155.37888
-172.0626  155.37888
-172.06886  155.37888
-172.07512  155.37888
-172.08139  155.37888
-172.08765  155.37888
-172.09391  155.37888
-172.10017  155.37888
-172.10643  155.37888
-172.11269  155.37888
-172.11896  155.37888
-172.12522  155.37888
-172.13148  155.37888
-172.13774  155.37888
-172.144  155.37888
-172.15027  155.37888
-172.15653  155.37888
-172.16279  155.37888
-172.16905  155.37888
-172.17531  155.37888
-172.18157  155.37888
-172.18784  155.37888
-172.1941  155.37888
-172.20036  155.37888
-172.20662  155.37888
-172.21288  155.37888
-172.21915  155.37888
-172.22541  155.37888
-172.23167  155.37888
-172.23793  155.37888
-172.24419  155.37888
-172.25046  155.37888
-172.25672  155.37888
-172.26298  155.37888
-172.26924  155.37888
-172.2755  155.37888
-172.28176  155.37888
-172.28803  155.37888
-172.29429  155.37888
-172.30055  155.37888
-172.30681  155.37888
-172.31307  155.37888
-172.31934  155.37888
-172.3256  155.37888
-172.33186  155.37888
-172.33812  155.37888
-172.34438  155.37888
-172.35065  155.37888
-172.35691  155.37888
-172.36317  155.37888
-172.36943  155.37888
-172.37569  155.37888
-172.38195  155.37888
-172.38822  155.37888
-172.39448  155.37888
-172.40074  155.37888
-172.407  155.37888
-172.41326  155.37888
-172.41953  155.37888
-172.42579  155.37888
-172.43205  155.37888
-172.43831  155.37888
-172.44457  155.37888
-172.45083  155.37888
-172.4571  155.37888
-172.46336  155.37888
-172.46962  155.37888
-172.47588  155.37888
-172.48214  155.37888
-172.48841  155.37888
-172.49467  155.37888
-172.50093  155.37888
-172.50719  155.37888
-172.51345  155.37888
-172.51972  155.37888
-172.52598  155.37888
-172.53224  155.37888
-172.5385  155.37888
-172.54476  155.37888
-172.55102  155.37888
-172.55729  155.37888
-172.56355  155.37888
-172.56981  155.37888
-172.57607  155.37888
-172.58233  155.37888
-172.5886  155.37888
-172.59486  155.37888
-172.60112  155.37888
-172.60738  155.37888
-172.61364  155.37888
-172.61991  155.37888
-172.62617  155.37888
-172.63243  155.37888
-172.63869  155.37888
-172.64495  155.37888
-172.65121  155.37888
-172.65748  155.37888
-172.66374  155.37888
-172.67  155.37888
-172.67626  155.37888
-172.68252  155.37888
-172.68879  155.37888
-172.69505  155.37888
-172.70131  155.37888
-172.70757  155.37888
-172.71383  155.37888
-172.72009  155.37888
-172.72636  155.37888
-172.73262  155.37888
-172.73888  155.37888
-172.74514  155.37888
-172.7514  155.37888
-172.75767  155.37888
-172.76393  155.37888
-172.77019  155.37888
-172.77645  155.37888
-172.78271  155.37888
-172.78898  155.37888
-172.79524  155.37888
-172.8015  155.37888
-172.80776  155.37888
-172.81402  155.37888
-172.82028  155.37888
-172.82655  155.37888
-172.83281  155.37888
-172.83907  155.37888
-172.84533  155.37888
-172.85159  155.37888
-172.85786  155.37888
-172.86412  155.37888
-172.87038  155.37888
-172.87664  155.37888
-172.8829  155.37888
-172.88917  155.37888
-172.89543  155.37888
-172.90169  155.37888
-172.90795  155.37888
-172.91421  155.37888
-172.92047  155.37888
-172.92674  155.37888
-172.933  155.37888
-172.93926  155.37888
-172.94552  155.37888
-172.95178  155.37888
-172.95805  155.37888
-172.96431  155.37888
-172.97057  155.37888
-172.97683  155.37888
-172.98309  155.37888
-172.98935  155.37888
-172.99562  155.37888
-173.00188  155.37888
-173.00814  155.37888
-173.0144  155.37888
-173.02066  155.37888
-173.02693  155.37888
-173.03319  155.37887
-173.03945  155.37887
-173.04571  155.37887
-173.05197  155.37887
-173.05824  155.37887
-173.0645  155.37887
-173.07076  155.37887
-173.07702  155.37887
-173.08328  155.37887
-173.08954  155.37887
-173.09581  155.37887
-173.10207  155.37887
-173.10833  155.37887
-173.11459  155.37887
-173.12085  155.37887
-173.12712  155.37887
-173.13338  155.37887
-173.13964  155.37887
-173.1459  155.37887
-173.15216  155.37887
-173.15843  155.37887
-173.16469  155.37887
-173.17095  155.37887
-173.17721  155.37887
-173.18347  155.37887
-173.18973  155.37887
-173.196  155.37887
-173.20226  155.37887
-173.20852  155.37887
-173.21478  155.37887
-173.22104  155.37887
-173.22731  155.37887
-173.23357  155.37887
-173.23983  155.37887
-173.24609  155.37887
-173.25235  155.37887
-173.25861  155.37887
-173.26488  155.37887
-173.27114  155.37887
-173.2774  155.37887
-173.28366  155.37887
-173.28992  155.37887
-173.29619  155.37887
-173.30245  155.37887
-173.30871  155.37887
-173.31497  155.37887
-173.32123  155.37887
-173.3275  155.37887
-173.33376  155.37887
-173.34002  155.37887
-173.34628  155.37887
-173.35254  155.37887
-173.3588  155.37887
-173.36507  155.37887
-173.37133  155.37887
-173.37759  155.37887
-173.38385  155.37887
-173.39011  155.37887
-173.39638  155.37887
-173.40264  155.37887
-173.4089  155.37887
-173.41516  155.37887
-173.42142  155.37887
-173.42769  155.37887
-173.43395  155.37887
-173.44021  155.37887
-173.44647  155.37887
-173.45273  155.37887
-173.45899  155.37887
-173.46526  155.37887
-173.47152  155.37887
-173.47778  155.37887
-173.48404  155.37887
-173.4903  155.37887
-173.49657  155.37887
-173.50283  155.37887
-173.50909  155.37887
-173.51535  155.37887
-173.52161  155.37887
-173.52787  155.37887
-173.53414  155.37887
-173.5404  155.37887
-173.54666  155.37887
-173.55292  155.37887
-173.55918  155.37887
-173.56545  155.37887
-173.57171  155.37887
-173.57797  155.37887
-173.58423  155.37887
-173.59049  155.37887
-173.59676  155.37887
-173.60302  155.37887
-173.60928  155.37887
-173.61554  155.37887
-173.6218  155.37887
-173.62806  155.37887
-173.63433  155.37887
-173.64059  155.37887
-173.64685  155.37887
-173.65311  155.37887
-173.65937  155.37887
-173.66564  155.37887
-173.6719  155.37887
-173.67816  155.37887
-173.68442  155.37887
-173.69068  155.37887
-173.69694  155.37887
-173.70321  155.37887
-173.70947  155.37887
-173.71573  155.37887
-173.72199  155.37887
-173.72825  155.37887
-173.73452  155.37887
-173.74078  155.37887
-173.74704  155.37887
-173.7533  155.37887
-173.75956  155.37887
-173.76583  155.37887
-173.77209  155.37887
-173.77835  155.37887
-173.78461  155.37887
-173.79087  155.37887
-173.79713  155.37887
-173.8034  155.37887
-173.80966  155.37887
-173.81592  155.37887
-173.82218  155.37887
-173.82844  155.37887
-173.83471  155.37887
-173.84097  155.37887
-173.84723  155.37887
-173.85349  155.37887
-173.85975  155.37887
-173.86602  155.37887
-173.87228  155.37887
-173.87854  155.37887
-173.8848  155.37887
-173.89106  155.37887
-173.89732  155.37887
-173.90359  155.37887
-173.90985  155.37887
-173.91611  155.37887
-173.92237  155.37887
-173.92863  155.37887
-173.9349  155.37887
-173.94116  155.37887
-173.94742  155.37887
-173.95368  155.37887
-173.95994  155.37887
-173.9662  155.37887
-173.97247  155.37887
-173.97873  155.37887
-173.98499  155.37887
-173.99125  155.37887
-173.99751  155.37887
-174.00378  155.37887
-174.01004  155.37887
-174.0163  155.37887
-174.02256  155.37887
-174.02882  155.37887
-174.03509  155.37887
-174.04135  155.37887
-174.04761  155.37887
-174.05387  155.37887
-174.06013  155.37887
-174.06639  155.37887
-174.07266  155.37887
-174.07892  155.37887
-174.08518  155.37887
-174.09144  155.37887
-174.0977  155.37887
-174.10397  155.37887
-174.11023  155.37887
-174.11649  155.37887
-174.12275  155.37887
-174.12901  155.37887
-174.13528  155.37887
-174.14154  155.37887
-174.1478  155.37887
-174.15406  155.37887
-174.16032  155.37887
-174.16658  155.37887
-174.17285  155.37887
-174.17911  155.37887
-174.18537  155.37887
-174.19163  155.37887
-174.19789  155.37887
-174.20416  155.37887
-174.21042  155.37887
-174.21668  155.37887
-174.22294  155.37887
-174.2292  155.37887
-174.23546  155.37887
-174.24173  155.37887
-174.24799  155.37887
-174.25425  155.37887
-174.26051  155.37886
-174.26677  155.37886
-174.27304  155.37886
-174.2793  155.37886
-174.28556  155.37886
-174.29182  155.37886
-174.29808  155.37886
-174.30435  155.37886
-174.31061  155.37886
-174.31687  155.37886
-174.32313  155.37886
-174.32939  155.37886
-174.33565  155.37886
-174.34192  155.37886
-174.34818  155.37886
-174.35444  155.37886
-174.3607  155.37886
-174.36696  155.37886
-174.37323  155.37886
-174.37949  155.37886
-174.38575  155.37886
-174.39201  155.37886
-174.39827  155.37886
-174.40454  155.37886
-174.4108  155.37886
-174.41706  155.37886
-174.42332  155.37886
-174.42958  155.37886
-174.43584  155.37886
-174.44211  155.37886
-174.44837  155.37886
-174.45463  155.37886
-174.46089  155.37886
-174.46715  155.37886
-174.47342  155.37886
-174.47968  155.37886
-174.48594  155.37886
-174.4922  155.37886
-174.49846  155.37886
-174.50472  155.37886
-174.51099  155.37886
-174.51725  155.37886
-174.52351  155.37886
-174.52977  155.37886
-174.53603  155.37886
-174.5423  155.37886
-174.54856  155.37886
-174.55482  155.37886
-174.56108  155.37886
-174.56734  155.37886
-174.57361  155.37886
-174.57987  155.37886
-174.58613  155.37886
-174.59239  155.37886
-174.59865  155.37886
-174.60491  155.37886
-174.61118  155.37886
-174.61744  155.37886
-174.6237  155.37886
-174.62996  155.37886
-174.63622  155.37886
-174.64249  155.37886
-174.64875  155.37886
-174.65501  155.37886
-174.66127  155.37886
-174.66753  155.37886
-174.6738  155.37886
-174.68006  155.37886
-174.68632  155.37886
-174.69258  155.37886
-174.69884  155.37886
-174.7051  155.37886
-174.71137  155.37886
-174.71763  155.37886
-174.72389  155.37886
-174.73015  155.37886
-174.73641  155.37886
-174.74268  155.37886
-174.74894  155.37886
-174.7552  155.37886
-174.76146  155.37886
-174.76772  155.37886
-174.77398  155.37886
-174.78025  155.37886
-174.78651  155.37886
-174.79277  155.37886
-174.79903  155.37886
-174.80529  155.37886
-174.81156  155.37886
-174.81782  155.37886
-174.82408  155.37886
-174.83034  155.37886
-174.8366  155.37886
-174.84287  155.37886
-174.84913  155.37886
-174.85539  155.37886
-174.86165  155.37886
-174.86791  155.37886
-174.87417  155.37886
-174.88044  155.37886
-174.8867  155.37886
-174.89296  155.37886
-174.89922  155.37886
-174.90548  155.37886
-174.91175  155.37886
-174.91801  155.37886
-174.92427  155.37886
-174.93053  155.37886
-174.93679  155.37886
-174.94306  155.37886
-174.94932  155.37886
-174.95558  155.37886
-174.96184  155.37886
-174.9681  155.37886
-174.97436  155.37886
-174.98063  155.37886
-174.98689  155.37886
-174.99315  155.37886
-174.99941  155.37886
-175.00567  155.37886
-175.01194  155.37886
-175.0182  155.37886
-175.02446  155.37886
-175.03072  155.37886
-175.03698  155.37886
-175.04324  155.37886
-175.04951  155.37886
-175.05577  155.37886
-175.06203  155.37886
-175.06829  155.37886
-175.07455  155.37886
-175.08082  155.37886
-175.08708  155.37886
-175.09334  155.37886
-175.0996  155.37886
-175.10586  155.37886
-175.11213  155.37886
-175.11839  155.37886
-175.12465  155.37886
-175.13091  155.37886
-175.13717  155.37886
-175.14343  155.37886
-175.1497  155.37886
-175.15596  155.37886
-175.16222  155.37886
-175.16848  155.37886
-175.17474  155.37886
-175.18101  155.37886
-175.18727  155.37886
-175.19353  155.37886
-175.19979  155.37886
-175.20605  155.37886
-175.21231  155.37886
-175.21858  155.37886
-175.22484  155.37886
-175.2311  155.37886
-175.23736  155.37886
-175.24362  155.37886
-175.24989  155.37886
-175.25615  155.37886
-175.26241  155.37886
-175.26867  155.37886
-175.27493  155.37886
-175.2812  155.37886
-175.28746  155.37886
-175.29372  155.37886
-175.29998  155.37886
-175.30624  155.37886
-175.3125  155.37886
-175.31877  155.37886
-175.32503  155.37886
-175.33129  155.37886
-175.33755  155.37886
-175.34381  155.37886
-175.35008  155.37886
-175.35634  155.37886
-175.3626  155.37886
-175.36886  155.37886
-175.37512  155.37886
-175.38139  155.37886
-175.38765  155.37886
-175.39391  155.37886
-175.40017  155.37886
-175.40643  155.37886
-175.41269  155.37886
-175.41896  155.37886
-175.42522  155.37886
-175.43148  155.37886
-175.43774  155.37886
-175.444  155.37886
-175.45027  155.37886
-175.45653  155.37886
-175.46279  155.37886
-175.46905  155.37886
-175.47531  155.37886
-175.48157  155.37886
-175.48784  155.37886
-175.4941  155.37886
-175.50036  155.37886
-175.50662  155.37886
-175.51288  155.37886
-175.51915  155.37886
-175.52541  155.37886
-175.53167  155.37886
-175.53793  155.37886
-175.54419  155.37886
-175.55046  155.37886
-175.55672  155.37886
-175.56298  155.37886
-175.56924  155.37886
-175.5755  155.37886
-175.58176  155.37886
-175.58803  155.37886
-175.59429  155.37886
-175.60055  155.37886
-175.60681  155.37886
-175.61307  155.37886
-175.61934  155.37886
-175.6256  155.37886
-175.63186  155.37886
-175.63812  155.37886
-175.64438  155.37886
-175.65065  155.37886
-175.65691  155.37886
-175.66317  155.37886
-175.66943  155.37885
-175.67569  155.37885
-175.68195  155.37885
-175.68822  155.37885
-175.69448  155.37885
-175.70074  155.37885
-175.707  155.37885
-175.71326  155.37885
-175.71953  155.37885
-175.72579  155.37885
-175.73205  155.37885
-175.73831  155.37885
-175.74457  155.37885
-175.75083  155.37885
-175.7571  155.37885
-175.76336  155.37885
-175.76962  155.37885
-175.77588  155.37885
-175.78214  155.37885
-175.78841  155.37885
-175.79467  155.37885
-175.80093  155.37885
-175.80719  155.37885
-175.81345  155.37885
-175.81972  155.37885
-175.82598  155.37885
-175.83224  155.37885
-175.8385  155.37885
-175.84476  155.37885
-175.85102  155.37885
-175.85729  155.37885
-175.86355  155.37885
-175.86981  155.37885
-175.87607  155.37885
-175.88233  155.37885
-175.8886  155.37885
-175.89486  155.37885
-175.90112  155.37885
-175.90738  155.37885
-175.91364  155.37885
-175.91991  155.37885
-175.92617  155.37885
-175.93243  155.37885
-175.93869  155.37885
-175.94495  155.37885
-175.95121  155.37885
-175.95748  155.37885
-175.96374  155.37885
-175.97  155.37885

# Group:                        Spectrum Group
#
# Region:                       Overall
# Spectrum ID:                  16
# Acquisition Date:             06/26/26 16:44:16 UTC
# Analysis Method:              XPS
# Analyzer:                     PHOIBOS MCD5 Analyzer
# Analyzer Lens:                LargeArea:1.5kV
# Analyzer Slit:                5:7x20\B:open
# Scan Mode:                    FixedAnalyzerTransmission
# Curves/Scan:                  1
# Values/Curve:                 1002
# Dwell Time:                   0.5
# Excitation Energy:            1486.61
# Binding Energy:               1000
# Pass Energy:                  50
# Bias Voltage:                 90
# Detector Voltage:             3000
# Eff. Workfunction:            4.543
# Source:                       X-Ray Dummy
# Comment:                      
#
# Cycle: 0
# Number of Scans: 1
#
# Cycle: 0, Curve: 0
# Acquisition Date:             06/26/26 16:44:16 UTC
#
# ColumnLabels:                 energy counts/s
#
1000  20215.12
999.001  19816.467
998.002  19512.716
997.003  19130.12
996.004  19025.805
995.005  19086.746
994.00599  18614.585
993.00699  18408.712
992.00799  18498.633
991.00899  18448.746
990.00999  18906.79
989.01099  19051.429
988.01199  19641.223
987.01299  20818.908
986.01399  22190.664
985.01499  23609.68
984.01598  24666.216
983.01698  24787.906
982.01798  24189.282
981.01898  23103.937
980.01998  22088.55
979.02098  21080.379
978.02198  20104.111
977.02298  19482.787
976.02398  18661.478
975.02498  17994.304
974.02597  17229.068
973.02697  16773.818
972.02797  16044.354
971.02897  15308.364
970.02997  14919.236
969.03097  14647.225
968.03197  14531.705
967.03297  14497.362
966.03397  14159.119
965.03497  14076.019
964.03596  14169.165
963.03696  14380.54
962.03796  14342.007
961.03896  14236.742
960.03996  14249.708
959.04096  14051.327
958.04196  14297.159
957.04296  14297.717
956.04396  14078.926
955.04496  14184.501
954.04595  14308.511
953.04695  14229.796
952.04795  14042.085
951.04895  14157.107
950.04995  14311.457
949.05095  14233.86
948.05195  14129.875
947.05295  14213.208
946.05395  14261.753
945.05495  14229.734
944.05594  14245.103
943.05694  14291.465
942.05794  14309.157
941.05894  14039.181
940.05994  13927.957
939.06094  14197.636
938.06194  14125.541
937.06294  14220.35
936.06394  14318.741
935.06494  14305.038
934.06593  14384.836
933.06693  14221.275
932.06793  14214.476
931.06893  14162.141
930.06993  14167.752
929.07093  14176.937
928.07193  14336.243
927.07293  14322.116
926.07393  14197.728
925.07493  14194.859
924.07592  14240.402
923.07692  14278.348
922.07792  14222.664
921.07892  14260.849
920.07992  14208.983
919.08092  13972.705
918.08192  14091.011
917.08292  14188.945
916.08392  13997.029
915.08492  14073.011
914.08591  14177.984
913.08691  13961.253
912.08791  14007.598
911.08891  14289.367
910.08991  14035.815
909.09091  14017.023
908.09191  14056.591
907.09291  14073.12
906.09391  13979.305
905.09491  13895.493
904.0959  13972.899
903.0969  13898.568
902.0979  14074.31
901.0989  14282.804
900.0999  14279.558
899.1009  14012.404
898.1019  14106.274
897.1029  14286.837
896.1039  14190.19
895.1049  14016.198
894.10589  13920.878
893.10689  14117.063
892.10789  14145.134
891.10889  13875.429
890.10989  13983.626
889.11089  14035.955
888.11189  13953.733
887.11289  13943.811
886.11389  13909.727
885.11489  14063.922
884.11588  14094.469
883.11688  13977.019
882.11788  13967.403
881.11888  13945.719
880.11988  13958.73
879.12088  14111.338
878.12188  14072.089
877.12288  13978.821
876.12388  14009.465
875.12488  13923.082
874.12587  13941.987
873.12687  13912.141
872.12787  14079.77
871.12887  13746.268
870.12987  13712.095
869.13087  14031.012
868.13187  13998.17
867.13287  13912.585
866.13387  13874.553
865.13487  13903.799
864.13586  13948.645
863.13686  13958.085
862.13786  13863.414
861.13886  13745.164
860.13986  13995.391
859.14086  13958.533
858.14186  13703.118
857.14286  13770.077
856.14386  13919.025
855.14486  13713.607
854.14585  13749.015
853.14685  13908.019
852.14785  14024.896
851.14885  13959.563
850.14985  13999.144
849.15085  13777.195
848.15185  13832.144
847.15285  13835.999
846.15385  13826.542
845.15485  13896.119
844.15584  13898.578
843.15684  13865.707
842.15784  13816.648
841.15884  13900.23
840.15984  13838.281
839.16084  13704.311
838.16184  13801.333
837.16284  13576.046
836.16384  13457.573
835.16484  13661.897
834.16583  13557.355
833.16683  13698.996
832.16783  13679.594
831.16883  13331.78
830.16983  13340.86
829.17083  13578.127
828.17183  13589.241
827.17283  13580.646
826.17383  13498.562
825.17483  13453.254
824.17582  13278.182
823.17682  13289.541
822.17782  13713.657
821.17882  13643.637
820.17982  13368.568
819.18082  13317.1
818.18182  13294.611
817.18282  13360.638
816.18382  13410.083
815.18482  13348.462
814.18581  13503.396
813.18681  13442.912
812.18781  13238.23
811.18881  13400.583
810.18981  13527.01
809.19081  13555.639
808.19181  13567.115
807.19281  13601.459
806.19381  13543.726
805.19481  13412.948
804.1958  13522.423
803.1968  13668.405
802.1978  13852.063
801.1988  13782.895
800.1998  13582.161
799.2008  13469.429
798.2018  13377.322
797.2028  13539.234
796.2038  13501.031
795.2048  13226.761
794.20579  13340.015
793.20679  13583.191
792.20779  13518.816
791.20879  13679.147
790.20979  13920.173
789.21079  13835.53
788.21179  13885.132
787.21279  14113.143
786.21379  13966.444
785.21479  13834.005
784.21578  13565.773
783.21678  13511.547
782.21778  13564.914
781.21878  13385.112
780.21978  13483.649
779.22078  13515.45
778.22178  13425.058
777.22278  13289.745
776.22378  13257.412
775.22478  13109.923
774.22577  13119.766
773.22677  13073.662
772.22777  13267.948
771.22877  13168.37
770.22977  13101.198
769.23077  13363.12
768.23177  13424.18
767.23277  13087.003
766.23377  13087.137
765.23477  12912.854
764.23576  12911.79
763.23676  12998.547
762.23776  12970.465
761.23876  13165.939
760.23976  12972.892
759.24076  12789.055
758.24176  12870.808
757.24276  12754.205
756.24376  12574.03
755.24476  12386.743
754.24575  12592.346
753.24675  12619.434
752.24775  12621.86
751.24875  12512.258
750.24975  12585.07
749.25075  12738.527
748.25175  13108.486
747.25275  13899.506
746.25375  14843.062
745.25475  15442.987
744.25574  15341.192
743.25674  14341.306
742.25774  13283.939
741.25874  12808.637
740.25974  12667.392
739.26074  12255.746
738.26174  12124.284
737.26274  12344.398
736.26374  12385.456
735.26474  12327.563
734.26573  12372.257
733.26673  12344.526
732.26773  12338.998
731.26873  12278.533
730.26973  12339.079
729.27073  12428.733
728.27173  12495.319
727.27273  12476.631
726.27373  12353.298
725.27473  12368.268
724.27572  12339.726
723.27672  12313.03
722.27772  12243.447
721.27872  12232.774
720.27972  12273.525
719.28072  12336.701
718.28172  12101.679
717.28272  11979.405
716.28372  12020.694
715.28472  12117.557
714.28571  12205.403
713.28671  12198.818
712.28771  12125.253
711.28871  12039.906
710.28971  12075.533
709.29071  12052.166
708.29171  12021.028
707.29271  11990.284
706.29371  12066.208
705.29471  11928.208
704.2957  11796.472
703.2967  11934.194
702.2977  11961.323
701.2987  11982.195
700.2997  11926.109
699.3007  11877.93
698.3017  11948.575
697.3027  11882.787
696.3037  11845.108
695.3047  11750.863
694.30569  11681.095
693.30669  11952.375
692.30769  12008.183
691.30869  11919.044
690.30969  11921.987
689.31069  11890.682
688.31169  11875.345
687.31269  11833.08
686.31369  11792.949
685.31469  11883.465
684.31568  11911.732
683.31668  11906.703
682.31768  11800.153
681.31868  11683.259
680.31968  11874.378
679.32068  11997.069
678.32168  11942.318
677.32268  11785.195
676.32368  11798.631
675.32468  11846.857
674.32567  11965.494
673.32667  12019.12
672.32767  11879.403
671.32867  11769.494
670.32967  11854.282
669.33067  12029.04
668.33167  12128.797
667.33267  12062.717
666.33367  11952.477
665.33467  11994.736
664.33566  12023.123
663.33666  11992.055
662.33766  11898.564
661.33866  11983.837
660.33966  12050.246
659.34066  12107.812
658.34166  12022.268
657.34266  11960.238
656.34366  11906.561
655.34466  11994.323
654.34565  12060.13
653.34665  12169.077
652.34765  12184.804
651.34865  12251.974
650.34965  12133.279
649.35065  12039.453
648.35165  12142.273
647.35265  12098.728
646.35365  11956.375
645.35465  12015.656
644.35564  12006.519
643.35664  12131.955
642.35764  12209.768
641.35864  11945.339
640.35964  12043.113
639.36064  12246.612
638.36164  12256.089
637.36264  12068.313
636.36364  11975.83
635.36464  11989.406
634.36563  12087.036
633.36663  12104.009
632.36763  11988.901
631.36863  11885.702
630.36963  12079.831
629.37063  12152.696
628.37163  12153.963
627.37263  12073.598
626.37363  11832.367
625.37463  11894.212
624.37562  12122.443
623.37662  12101.157
622.37762  12091.111
621.37862  11932.124
620.37962  11937.94
619.38062  11964.011
618.38162  12226.024
617.38262  12399.29
616.38362  12346.207
615.38462  12178.714
614.38561  12064.187
613.38661  12074.981
612.38761  12258.324
611.38861  12193.245
610.38961  12184.548
609.39061  12399.817
608.39161  12203.433
607.39261  12168.007
606.39361  12316.124
605.39461  12364.497
604.3956  12314.875
603.3966  12174.138
602.3976  12192.566
601.3986  12305.627
600.3996  12116.851
599.4006  12019.961
598.4016  12282.393
597.4026  12383.712
596.4036  12200.477
595.4046  12290.247
594.40559  12353.11
593.40659  12282.685
592.40759  12403.158
591.40859  12511.034
590.40959  12362.849
589.41059  12402.902
588.41159  12397.472
587.41259  12443.956
586.41359  12697.387
585.41459  12639.686
584.41558  12555.039
583.41658  12618.59
582.41758  12722.823
581.41858  12598.301
580.41958  12516.203
579.42058  12328.175
578.42158  12412.414
577.42258  12583.484
576.42358  12375.002
575.42458  12272.685
574.42557  12281.242
573.42657  12417.221
572.42757  12344.517
571.42857  12125.566
570.42957  11904.425
569.43057  11954.856
568.43157  12007.368
567.43257  12275.535
566.43357  12548.393
565.43457  12941.297
564.43556  13315.74
563.43656  13527.134
562.43756  13693.203
561.43856  13885.8
560.43956  13982.929
559.44056  13808.717
558.44156  13497.062
557.44256  13088.258
556.44356  12702.166
555.44456  12350.137
554.44555  12005.028
553.44655  11774.149
552.44755  11770.334
551.44855  11567.404
550.44955  11469.957
549.45055  11188.704
548.45155  10889.809
547.45255  10594.397
546.45355  10176.56
545.45455  9881.1444
544.45554  9570.9402
543.45654  9311.2311
542.45754  9161.4023
541.45854  9196.7247
540.45954  9919.2067
539.46054  12354.67
538.46154  17725.264
537.46254  25361.504
536.46354  30648.312
535.46454  29742.392
534.46553  23442.058
533.46653  16222.514
532.46753  11464.505
531.46853  9430.6817
530.46953  8715.852
529.47053  8240.2934
528.47153  8345.2221
527.47253  8891.5278
526.47353  9487.0915
525.47453  9633.681
524.47552  9119.6718
523.47652  8437.0943
522.47752  7978.3638
521.47852  7689.8301
520.47952  7330.2859
519.48052  7309.7629
518.48152  7407.9642
517.48252  7388.879
516.48352  7334.0764
515.48452  7224.3968
514.48551  7346.3276
513.48651  7381.0499
512.48751  7268.7114
511.48851  7063.2683
510.48951  7198.0832
509.49051  7196.4606
508.49151  6974.8123
507.49251  6983.1632
506.49351  7054.5915
505.49451  6989.5128
504.4955  6994.7617
503.4965  6973.6898
502.4975  7010.7628
501.4985  6982.7798
500.4995  6883.5325
499.5005  6943.0812
498.5015  6951.7332
497.5025  7122.0381
496.5035  7004.8194
495.5045  6829.0302
494.50549  7011.9224
493.50649  7013.7042
492.50749  6921.3689
491.50849  7012.0191
490.50949  6974.4397
489.51049  6880.2149
488.51149  6855.8361
487.51249  6915.4735
486.51349  6808.9027
485.51449  6813.7156
484.51548  6954.6978
483.51648  6915.1682
482.51748  6872.8287
481.51848  6876.6572
480.51948  6841.0141
479.52048  6860.4182
478.52148  6953.0109
477.52248  6760.8658
476.52348  6840.9272
475.52448  6887.0353
474.52547  6869.6277
473.52647  6804.6971
472.52747  6833.9832
471.52847  6825.6615
470.52947  6975.7279
469.53047  6929.0352
468.53147  6998.6693
467.53247  7115.8926
466.53347  6978.4875
465.53447  6947.2211
464.53546  6983.1755
463.53646  6901.2173
462.53746  6744.5845
461.53846  6801.908
460.53946  6695.9956
459.54046  6774.2438
458.54146  6756.2477
457.54246  6623.3971
456.54346  6600.4396
455.54446  6599.376
454.54545  6475.6894
453.54645  6454.1084
452.54745  6630.3841
451.54845  6743.9725
450.54945  6551.3854
449.55045  6577.4084
448.55145  6599.1453
447.55245  6598.7444
446.55345  6710.2433
445.55445  6658.3531
444.55544  6622.3604
443.55644  6571.7052
442.55744  6471.1253
441.55844  6555.534
440.55944  6745.1308
439.56044  6653.5934
438.56144  6675.3784
437.56244  6660.6783
436.56344  6662.7497
435.56444  6686.9107
434.56543  6606.147
433.56643  6802.9326
432.56743  6958.9579
431.56843  6964.1071
430.56943  7011.6609
429.57043  6880.3815
428.57143  6754.2581
427.57243  6670.3875
426.57343  6666.3523
425.57443  6658.3012
424.57542  6785.8635
423.57642  6995.8729
422.57742  7081.5054
421.57842  7078.295
420.57942  7230.7601
419.58042  7135.5397
418.58142  6910.9116
417.58242  6731.8611
416.58342  6592.3558
415.58442  6433.4869
414.58541  6525.7669
413.58641  6479.9965
412.58741  6438.4022
411.58841  6396.9131
410.58941  6387.2658
409.59041  6504.7454
408.59141  6785.2658
407.59241  6698.1779
406.59341  6785.8269
405.59441  7196.8428
404.5954  7452.4439
403.5964  7544.1312
402.5974  7476.668
401.5984  7099.0221
400.5994  6667.7812
399.6004  6352.3137
398.6014  6361.7364
397.6024  6347.2013
396.6034  6278.6503
395.6044  6326.146
394.60539  6245.9944
393.60639  6181.3219
392.60739  6213.9947
391.60839  6284.1559
390.60939  6206.184
389.61039  6158.338
388.61139  6023.0978
387.61239  6156.3715
386.61339  6167.0658
385.61439  6139.5219
384.61538  6239.6999
383.61638  6286.5243
382.61738  6289.8796
381.61838  6305.2624
380.61938  6124.2
379.62038  6174.5484
378.62138  6351.3729
377.62238  6355.1048
376.62338  6350.6971
375.62438  6272.4127
374.62537  6224.3608
373.62637  6373.4687
372.62737  6390.2737
371.62837  6292.1861
370.62937  6169.2621
369.63037  6242.6743
368.63137  6259.1502
367.63237  6092.3372
366.63337  6155.9701
365.63437  6296.0073
364.63536  6269.2027
363.63636  6329.8602
362.63736  6439.6494
361.63836  6480.7619
360.63936  6659.5938
359.64036  6693.1986
358.64136  6749.5896
357.64236  6824.818
356.64336  6772.0786
355.64436  6687.0297
354.64535  6663.0214
353.64635  6584.9765
352.64735  6448.9298
351.64835  6257.0541
350.64935  6252.7439
349.65035  6289.1243
348.65135  6186.4992
347.65235  6255.4927
346.65335  6305.6402
345.65435  6432.5175
344.65534  6470.3802
343.65634  6418.5485
342.65734  6569.804
341.65834  6902.3237
340.65934  7113.0259
339.66034  6995.8521
338.66134  6988.7985
337.66234  6841.2527
336.66334  6507.9733
335.66434  6375.1598
334.66533  6320.0456
333.66633  6227.5994
332.66733  6061.1733
331.66833  6012.8955
330.66933  6026.9493
329.67033  6035.8961
328.67133  6108.7921
327.67233  6097.4209
326.67333  6057.333
325.67433  5896.2309
324.67532  5860.8863
323.67632  5924.6528
322.67732  5944.2873
321.67832  5899.1088
320.67932  5923.3712
319.68032  5969.4661
318.68132  6001.1287
317.68232  5879.9444
316.68332  5922.5903
315.68432  5859.2622
314.68531  5859.184
313.68631  5812.0096
312.68731  5751.9061
311.68831  5830.1459
310.68931  5768.0886
309.69031  5742.208
308.69131  5757.262
307.69231  5760.2798
306.69331  5693.8442
305.69431  5847.6185
304.6953  5768.0198
303.6963  5681.2808
302.6973  5780.0687
301.6983  5793.3028
300.6993  5642.687
299.7003  5615.3406
298.7013  5587.259
297.7023  5657.7413
296.7033  5584.1986
295.7043  5614.9273
294.70529  5680.2847
293.70629  5646.4218
292.70729  5898.0689
291.70829  6003.2758
290.70929  6239.28
289.71029  6523.4877
288.71129  6608.7252
287.71229  6376.39
286.71329  6289.8615
285.71429  6228.5448
284.71528  6019.6542
283.71628  5758.0558
282.71728  5522.3695
281.71828  5469.1068
280.71928  5511.6886
279.72028  5651.6679
278.72128  5477.1233
277.72228  5425.2683
276.72328  5449.7117
275.72428  5510.4131
274.72527  5609.6796
273.72627  5442.0001
272.72727  5291.7405
271.72827  5423.3925
270.72927  5431.1541
269.73027  5295.1766
268.73127  5351.6958
267.73227  5510.5875
266.73327  5433.567
265.73427  5518.5191
264.73526  5494.3735
263.73626  5463.9803
262.73726  5565.7023
261.73826  5456.7536
260.73926  5510.1254
259.74026  5685.4562
258.74126  5596.3696
257.74226  5599.66
256.74326  5514.1684
255.74426  5421.8945
254.74525  5413.0318
253.74625  5524.0085
252.74725  5499.6749
251.74825  5470.5653
250.74925  5399.3186
249.75025  5339.457
248.75125  5432.3016
247.75225  5337.8196
246.75325  5301.3733
245.75425  5338.2752
244.75524  5317.8989
243.75624  5482.1146
242.75724  5967.1662
241.75824  6470.8335
240.75924  6729.7309
239.76024  6951.9573
238.76124  7129.0522
237.76224  7092.3223
236.76324  6527.247
235.76424  5900.7105
234.76523  5425.5325
233.76623  5092.7159
232.76723  4985.5565
231.76823  4982.2455
230.76923  5032.8586
229.77023  5105.3178
228.77123  5102.3938
227.77223  5083.5816
226.77323  5006.9444
225.77423  5006.4339
224.77522  5113.0541
223.77622  5047.2275
222.77722  5021.4878
221.77822  4935.6571
220.77922  4842.918
219.78022  4846.1535
218.78122  4898.7481
217.78222  5038.167
216.78322  4959.1925
215.78422  4907.9295
214.78521  4894.1226
213.78621  4805.5172
212.78721  4899.9392
211.78821  4942.8337
210.78921  4800.0109
209.79021  4790.0872
208.79121  4782.1649
207.79221  4880.9955
206.79321  4911.4246
205.79421  4857.301
204.7952  4872.7055
203.7962  4925.9255
202.7972  5035.6514
201.7982  4860.8417
200.7992  4882.4802
199.8002  4996.3946
198.8012  4998.8477
197.8022  5041.1829
196.8032  5015.7653
195.8042  5102.9552
194.80519  5193.9851
193.80619  5029.9473
192.80719  5001.6054
191.80819  4962.2976
190.80919  4896.2649
189.81019  4946.9322
188.81119  4894.4095
187.81219  4899.8675
186.81319  4872.1711
185.81419  5003.8472
184.81518  5042.3801
183.81618  5036.9212
182.81718  5038.518
181.81818  4990.818
180.81918  4832.1437
179.82018  4773.1598
178.82118  4991.898
177.82218  5017.145
176.82318  4895.788
175.82418  4896.063
174.82517  4906.6704
173.82617  4892.3823
172.82717  4885.6673
171.82817  4915.519
170.82917  4801.3945
169.83017  4871.237
168.83117  4976.6982
167.83217  4926.4781
166.83317  4814.5765
165.83417  4875.3063
164.83516  4919.0394
163.83616  4871.3845
162.83716  4875.8767
161.83816  4946.4427
160.83916  4958.79
159.84016  5191.4284
158.84116  5490.9187
157.84216  5834.4962
156.84316  6130.765
155.84416  6175.3558
154.84515  5873.628
153.84615  5495.1345
152.84715  5307.1052
151.84815  5145.3555
150.84915  5080.6579
149.85015  5047.3818
148.85115  4926.3214
147.85215  4912.5347
146.85315  4992.667
145.85415  4870.3144
144.85514  4843.3311
143.85614  4930.0079
142.85714  5003.4007
141.85814  5272.0419
140.85914  5182.6132
139.86014  5049.877
138.86114  4800.5726
137.86214  4679.0104
136.86314  4597.2596
135.86414  4533.6868
134.86513  4564.3508
133.86613  4475.0415
132.86713  4598.6723
131.86813  4624.3461
130.86913  4583.9307
129.87013  4729.0058
128.87113  4928.2519
127.87213  5297.7356
126.87313  5961.7789
125.87413  6976.6793
124.87512  7999.5656
123.87612  7860.482
122.87712  6803.6125
121.87812  5625.9355
120.87912  4750.5424
119.88012  4332.3337
118.88112  4208.4776
117.88212  4034.9064
116.88312  3913.5562
115.88412  4079.5643
114.88511  4205.8575
113.88611  4196.5314
112.88711  4251.6531
111.88811  4316.0235
110.88911  4508.1907
109.89011  4572.546
108.89111  4576.4635
107.89211  4999.9923
106.89311  6240.8716
105.89411  8148.2227
104.8951  9167.4289
103.8961  8307.196
102.8971  6690.8986
101.8981  5083.0842
100.8991  3977.686
99.9001  3472.8907
98.901099  3153.5942
97.902098  3121.5913
96.903097  3034.5061
95.904096  3036.4313
94.905095  3217.1941
93.906094  3670.585
92.907093  3917.856
91.908092  3804.2485
90.909091  3855.0746
89.91009  4055.2745
88.911089  3983.5852
87.912088  3570.7428
86.913087  3074.6022
85.914086  2843.8179
84.915085  2658.5433
83.916084  2604.3152
82.917083  2775.8438
81.918082  3423.414
80.919081  4345.1183
79.92008  4979.407
78.921079  4818.9574
77.922078  3885.3957
76.923077  3039.2582
75.924076  2612.5634
74.925075  2385.1509
73.926074  2332.8445
72.927073  2481.7938
71.928072  2395.5493
70.929071  2371.7778
69.93007  2469.3503
68.931069  2497.1253
67.932068  2493.3475
66.933067  2459.9084
65.934066  2369.2347
64.935065  2259.8888
63.936064  2221.0182
62.937063  2152.0187
61.938062  2182.6241
60.939061  2216.9123
59.94006  2175.9669
58.941059  2216.0861
57.942058  2111.6446
56.943057  2131.0451
55.944056  2151.3558
54.945055  2092.8912
53.946054  2022.8997
52.947053  2105.5325
51.948052  2090.7056
50.949051  2007.0418
49.95005  2045.722
48.951049  2070.8392
47.952048  2111.4013
46.953047  2186.1266
45.954046  2179.5509
44.955045  2163.5816
43.956044  2045.2152
42.957043  1993.8378
41.958042  1971.613
40.959041  1880.2451
39.96004  1879.1205
38.961039  1906.8867
37.962038  1910.4423
36.963037  1821.6277
35.964036  1865.4051
34.965035  1811.192
33.966034  1860.141
32.967033  1940.1346
31.968032  2038.7403
30.969031  2196.2397
29.97003  2347.3154
28.971029  2399.1101
27.972028  2284.5881
26.973027  2100.3856
25.974026  1944.8996
24.975025  1837.857
23.976024  1737.4841
22.977023  1632.9657
21.978022  1651.2125
20.979021  1749.3036
19.98002  1793.9195
18.981019  1791.2597
17.982018  1858.1464
16.983017  1846.6231
15.984016  1885.9958
14.985015  1921.9398
13.986014  1930.5874
12.987013  1973.1706
11.988012  1927.9916
10.989011  1922.9683
9.99001  1902.1926
8.991009  1863.743
7.992008  1756.8421
6.993007  1651.1561
5.994006  1602.3679
4.995005  1558.8062
3.996004  1455.2276
2.997003  1370.5179
1.998002  1464.3012
0.999001  1535.6539
0  1426.3382

# Region:                       Co 2p
# Spectrum ID:                  10
# Acquisition Date:             06/26/26 17:01:12 UTC
# Analysis Method:              XPS
# Analyzer:                     PHOIBOS MCD5 Analyzer
# Analyzer Lens:                LargeArea:1.5kV
# Analyzer Slit:                5:7x20\B:open
# Scan Mode:                    FixedAnalyzerTransmission
# Curves/Scan:                  1
# Values/Curve:                 951
# Dwell Time:                   0.1
# Excitation Energy:            1486.61
# Binding Energy:               825
# Pass Energy:                  50
# Bias Voltage:                 90
# Detector Voltage:             3000
# Eff. Workfunction:            4.543
# Source:                       X-Ray Dummy
# Comment:                      
#
# Cycle: 0
# Number of Scans: 20
#
# Cycle: 0, Curve: 0
# Acquisition Date:             06/26/26 17:01:12 UTC
#
# ColumnLabels:                 energy counts/s
#
825  13447.173
824.9  13451.804
824.8  13409.725
824.7  13434.358
824.6  13555.948
824.5  13564
824.4  13492.293
824.3  13523.314
824.2  13531.893
824.1  13491.512
824  13467.502
823.9  13457.036
823.8  13565.894
823.7  13503.127
823.6  13570.723
823.5  13414.592
823.4  13495.34
823.3  13455.106
823.2  13408.976
823.1  13454.024
823  13442.242
822.9  13363.073
822.8  13421.955
822.7  13509.73
822.6  13327.256
822.5  13442.135
822.4  13437.024
822.3  13472.118
822.2  13457.496
822.1  13485.871
822  13491.543
821.9  13410.928
821.8  13512.453
821.7  13514.941
821.6  13399.598
821.5  13465.384
821.4  13360.586
821.3  13460.106
821.2  13283.803
821.1  13303.211
821  13363.769
820.9  13542.353
820.8  13550.577
820.7  13448.849
820.6  13420.704
820.5  13410.672
820.4  13312.726
820.3  13383.006
820.2  13391.684
820.1  13442.282
820  13468.031
819.9  13451.902
819.8  13442.53
819.7  13431.694
819.6  13446.455
819.5  13428.038
819.4  13486.081
819.3  13455.053
819.2  13499.863
819.1  13474.618
819  13631.333
818.9  13509.336
818.8  13359.14
818.7  13474.195
818.6  13329.048
818.5  13355.508
818.4  13557.36
818.3  13425.261
818.2  13517.983
818.1  13450.841
818  13405.381
817.9  13517.718
817.8  13474.505
817.7  13390.062
817.6  13337.033
817.5  13344.744
817.4  13470.395
817.3  13536.262
817.2  13368.873
817.1  13360.387
817  13305.613
816.9  13397.844
816.8  13487.164
816.7  13433.705
816.6  13381.422
816.5  13576.418
816.4  13382.742
816.3  13385.549
816.2  13289.404
816.1  13497.595
816  13412.321
815.9  13377.265
815.8  13553.952
815.7  13434.575
815.6  13350.515
815.5  13340.279
815.4  13448.155
815.3  13387.998
815.2  13452.283
815.1  13445.881
815  13396.543
814.9  13471.245
814.8  13493.717
814.7  13431.227
814.6  13362.223
814.5  13472.712
814.4  13455.737
814.3  13572.249
814.2  13512.116
814.1  13464.307
814  13400.528
813.9  13396.724
813.8  13433.194
813.7  13446.431
813.6  13414.831
813.5  13337.525
813.4  13458.486
813.3  13339.194
813.2  13307.007
813.1  13547.413
813  13587.976
812.9  13497.73
812.8  13438.467
812.7  13367.561
812.6  13451.238
812.5  13524.211
812.4  13619.553
812.3  13526.275
812.2  13446.976
812.1  13655.989
812  13494.96
811.9  13523.248
811.8  13439.71
811.7  13543.237
811.6  13428.993
811.5  13521.445
811.4  13466.632
811.3  13438.629
811.2  13550.939
811.1  13504.384
811  13449.917
810.9  13412.862
810.8  13492.841
810.7  13633.955
810.6  13617.479
810.5  13545.565
810.4  13408.594
810.3  13499.202
810.2  13682.939
810.1  13662.649
810  13603.769
809.9  13602.412
809.8  13558.412
809.7  13522.364
809.6  13642.4
809.5  13649.541
809.4  13665.477
809.3  13636.382
809.2  13541.278
809.1  13672.437
809  13516.511
808.9  13510.962
808.8  13678.975
808.7  13625.842
808.6  13635.811
808.5  13632.833
808.4  13638.357
808.3  13637.891
808.2  13635.171
808.1  13590.139
808  13663.323
807.9  13571.974
807.8  13565.023
807.7  13574.113
807.6  13660.322
807.5  13580.912
807.4  13685.162
807.3  13624.247
807.2  13582.479
807.1  13587.6
807  13683.138
806.9  13542.398
806.8  13651.03
806.7  13539.879
806.6  13714.749
806.5  13676.411
806.4  13689.168
806.3  13594.244
806.2  13594.737
806.1  13612.042
806  13650.552
805.9  13583.434
805.8  13748.681
805.7  13655.172
805.6  13628.454
805.5  13619.36
805.4  13593.527
805.3  13677.48
805.2  13609.931
805.1  13557.054
805  13670.494
804.9  13727.102
804.8  13660.548
804.7  13609.197
804.6  13499.241
804.5  13504.047
804.4  13547.464
804.3  13554.857
804.2  13646.495
804.1  13740.929
804  13673.164
803.9  13734.626
803.8  13754.228
803.7  13710.823
803.6  13817.612
803.5  13685.145
803.4  13749.68
803.3  13651.332
803.2  13635.746
803.1  13684.022
803  13621.747
802.9  13705.018
802.8  13871.511
802.7  13814.902
802.6  13693.352
802.5  13739.913
802.4  13594.738
802.3  13703.606
802.2  13787.094
802.1  13673.317
802  13539.511
801.9  13662.755
801.8  13742.774
801.7  13617.436
801.6  13878.657
801.5  13903.291
801.4  13679.574
801.3  13583.709
801.2  13745.581
801.1  13706.958
801  13683.202
800.9  13666.574
800.8  13662.797
800.7  13739.096
800.6  13717.232
800.5  13643.382
800.4  13622.671
800.3  13545.438
800.2  13610.531
800.1  13703.566
800  13564.331
799.9  13473.309
799.8  13688.351
799.7  13706.006
799.6  13650.317
799.5  13606.162
799.4  13537.666
799.3  13533.941
799.2  13460.835
799.1  13580.173
799  13572.365
798.9  13645.439
798.8  13600.181
798.7  13495.58
798.6  13435.923
798.5  13495.974
798.4  13469.065
798.3  13350.077
798.2  13389.056
798.1  13558.736
798  13497.424
797.9  13618.336
797.8  13452.11
797.7  13468.448
797.6  13401.626
797.5  13497.877
797.4  13622.105
797.3  13475.989
797.2  13524.154
797.1  13545.069
797  13544.054
796.9  13536.655
796.8  13548.426
796.7  13517.919
796.6  13580.974
796.5  13518.779
796.4  13557.412
796.3  13599.877
796.2  13515.306
796.1  13508.069
796  13586.481
795.9  13547.656
795.8  13478.408
795.7  13478.13
795.6  13554.673
795.5  13487.102
795.4  13457.232
795.3  13535.934
795.2  13481.138
795.1  13586.934
795  13562.86
794.9  13564.412
794.8  13605.262
794.7  13662.517
794.6  13630.769
794.5  13607.113
794.4  13606.18
794.3  13584.361
794.2  13605.701
794.1  13648.719
794  13635.501
793.9  13606.34
793.8  13602.176
793.7  13740.157
793.6  13733.357
793.5  13729.307
793.4  13741.595
793.3  13678.461
793.2  13679.466
793.1  13765.655
793  13775.372
792.9  13645.335
792.8  13766.459
792.7  13741.736
792.6  13618.291
792.5  13644.804
792.4  13648.992
792.3  13747.097
792.2  13788.215
792.1  13745.236
792  13799.661
791.9  13788.624
791.8  13706.547
791.7  13886.163
791.6  13779.263
791.5  13784.049
791.4  13681.153
791.3  13666.731
791.2  13892.088
791.1  13818.186
791  13768.327
790.9  13875.856
790.8  13800.366
790.7  13943.574
790.6  13840.732
790.5  13923.834
790.4  13834.355
790.3  13835.359
790.2  13811.285
790.1  13728.306
790  13898.006
789.9  13917.773
789.8  13804.99
789.7  13820.352
789.6  13910.283
789.5  13773.456
789.4  13727.7
789.3  13888.283
789.2  13857.559
789.1  13787.689
789  13797.665
788.9  13907.481
788.8  13875.614
788.7  13786.799
788.6  13842.199
788.5  13882.424
788.4  14011.494
788.3  13851.464
788.2  13895.761
788.1  13788.611
788  13922.221
787.9  14059.695
787.8  13925.836
787.7  13964.168
787.6  14003.966
787.5  13932.487
787.4  14001.603
787.3  13998.651
787.2  13938.871
787.1  13999.948
787  14048.268
786.9  14078.851
786.8  14078.718
786.7  14061.774
786.6  14186.076
786.5  14063.551
786.4  14021.158
786.3  13956.134
786.2  14132.816
786.1  14114.976
786  13982.45
785.9  14007.544
785.8  14017.199
785.7  13900.886
785.6  13962.14
785.5  14011.606
785.4  13941.055
785.3  13771.611
785.2  13847.597
785.1  13877.578
785  14028.844
784.9  13880.539
784.8  13887.888
784.7  13763.223
784.6  13775.256
784.5  13714.868
784.4  13973.757
784.3  13682.534
784.2  13742.142
784.1  13752.309
784  13796.478
783.9  13588.096
783.8  13669.488
783.7  13610.548
783.6  13660.203
783.5  13655.683
783.4  13618.013
783.3  13581.446
783.2  13569.81
783.1  13596.109
783  13519.839
782.9  13521.46
782.8  13608.309
782.7  13468.987
782.6  13449.73
782.5  13394.934
782.4  13490.25
782.3  13407.124
782.2  13387.484
782.1  13331.604
782  13352.481
781.9  13378.381
781.8  13360.086
781.7  13381.719
781.6  13380.606
781.5  13393.385
781.4  13328.469
781.3  13321.521
781.2  13187.096
781.1  13320.602
781  13309.66
780.9  13306.158
780.8  13310.167
780.7  13248.428
780.6  13282.045
780.5  13104.625
780.4  13257.875
780.3  13303.75
780.2  13290.738
780.1  13299.976
780  13337.977
779.9  13370.681
779.8  13125.486
779.7  13322.1
779.6  13348.028
779.5  13374.454
779.4  13387.813
779.3  13279.831
779.2  13337.159
779.1  13259.55
779  13268.606
778.9  13365.674
778.8  13252.261
778.7  13317.363
778.6  13219.461
778.5  13245.923
778.4  13204.738
778.3  13318.25
778.2  13247.507
778.1  13246.918
778  13381.812
777.9  13309.287
777.8  13298.09
777.7  13295.957
777.6  13243.725
777.5  13286.967
777.4  13186.866
777.3  13197.531
777.2  13242.319
777.1  13238.656
777  13238.262
776.9  13258.82
776.8  13208.827
776.7  13161.719
776.6  13342.762
776.5  13214.943
776.4  13388.17
776.3  13273.454
776.2  13334.989
776.1  13363.367
776  13230.136
775.9  13284.871
775.8  13121.241
775.7  13264.151
775.6  13134.857
775.5  13221.862
775.4  13180.716
775.3  13095.306
775.2  13197.291
775.1  13157.96
775  13096.062
774.9  13197.697
774.8  13367.249
774.7  13149.061
774.6  13234.129
774.5  13149.678
774.4  13081.648
774.3  13099.454
774.2  13144.885
774.1  13143.592
774  13193.854
773.9  13146.707
773.8  13090.071
773.7  13089.936
773.6  13308.961
773.5  13211.701
773.4  13041.391
773.3  13025.314
773.2  12986.93
773.1  13074.733
773  13132.348
772.9  13094.3
772.8  13167.871
772.7  13107.407
772.6  13041.744
772.5  13048.735
772.4  13212.522
772.3  13254.036
772.2  13175.914
772.1  13189.704
772  13265.637
771.9  13191.217
771.8  13194.632
771.7  13241.242
771.6  13252.846
771.5  13247.861
771.4  13259.384
771.3  13292.304
771.2  13263.535
771.1  13244.696
771  13337.77
770.9  13123.334
770.8  13075.81
770.7  13264.459
770.6  13295.789
770.5  13255.268
770.4  13191.895
770.3  13336.355
770.2  13255.907
770.1  13328.186
770  13206.35
769.9  13314.868
769.8  13280.019
769.7  13446.36
769.6  13510.12
769.5  13328.576
769.4  13357.831
769.3  13298.461
769.2  13397.146
769.1  13291.622
769  13378.523
768.9  13426.413
768.8  13334.022
768.7  13252.398
768.6  13340.747
768.5  13348.768
768.4  13452.189
768.3  13338.197
768.2  13389.524
768.1  13433.567
768  13345.078
767.9  13404.23
767.8  13455.507
767.7  13288.99
767.6  13159.659
767.5  13336.608
767.4  13337.342
767.3  13295.312
767.2  13256.599
767.1  13298.848
767  13189.267
766.9  13160.102
766.8  13113.782
766.7  13230.169
766.6  13327.127
766.5  13261.744
766.4  13265.24
766.3  13285.654
766.2  13230.761
766.1  13279.269
766  13131.155
765.9  13110.785
765.8  13138.439
765.7  13181.904
765.6  13303.145
765.5  13145.592
765.4  12999.479
765.3  13127.755
765.2  13135.603
765.1  13028.368
765  13071.556
764.9  13096.968
764.8  13073.402
764.7  13123.964
764.6  13045.833
764.5  13153.556
764.4  12969.051
764.3  13094.859
764.2  13059.112
764.1  13061.018
764  12983.328
763.9  13086.726
763.8  13144.573
763.7  13072.884
763.6  12904.591
763.5  13101.71
763.4  13156.08
763.3  13021.508
763.2  12991.84
763.1  13102.629
763  13029.179
762.9  12921.136
762.8  12912.962
762.7  13021.345
762.6  12874.751
762.5  12868.61
762.4  12969.072
762.3  13041.188
762.2  13017.925
762.1  13030.279
762  12843.62
761.9  12771.975
761.8  12911.666
761.7  12805.878
761.6  12905.253
761.5  13057.027
761.4  12884.969
761.3  12913.655
761.2  12874.208
761.1  12919.873
761  12779.788
760.9  12913.859
760.8  12874.194
760.7  13018.237
760.6  12912.791
760.5  12735.841
760.4  12728.317
760.3  12785.603
760.2  12775.703
760.1  12901.229
760  12866.597
759.9  12781.426
759.8  12901.164
759.7  12808.883
759.6  12544.737
759.5  12710.143
759.4  12684.626
759.3  12680.336
759.2  12735.259
759.1  12812.708
759  12734.029
758.9  12656.292
758.8  12732.947
758.7  12681.548
758.6  12810.854
758.5  12855.911
758.4  12728.428
758.3  12703.03
758.2  12696.63
758.1  12719.241
758  12770.888
757.9  12652.66
757.8  12616.946
757.7  12602.358
757.6  12668.653
757.5  12704.049
757.4  12646.251
757.3  12542.481
757.2  12634.375
757.1  12775.012
757  12685.121
756.9  12559.805
756.8  12711.482
756.7  12487.3
756.6  12562.449
756.5  12568.776
756.4  12450.203
756.3  12551.839
756.2  12476.028
756.1  12659.793
756  12678.772
755.9  12501.603
755.8  12583.102
755.7  12645.279
755.6  12627.482
755.5  12539.871
755.4  12540.036
755.3  12446.341
755.2  12494.833
755.1  12561.121
755  12387.511
754.9  12532.278
754.8  12596.066
754.7  12501.544
754.6  12483.877
754.5  12489.983
754.4  12545.071
754.3  12534.237
754.2  12474.566
754.1  12552.986
754  12365.586
753.9  12336.611
753.8  12490.781
753.7  12382.952
753.6  12485.391
753.5  12475.769
753.4  12472.571
753.3  12357.191
753.2  12513.656
753.1  12433.776
753  12285.368
752.9  12337.09
752.8  12515.297
752.7  12474.787
752.6  12473.823
752.5  12452.498
752.4  12402.516
752.3  12422.19
752.2  12354.008
752.1  12370.834
752  12491.352
751.9  12461.002
751.8  12361.932
751.7  12313.83
751.6  12383.641
751.5  12439.528
751.4  12344.238
751.3  12422.792
751.2  12415.291
751.1  12392.248
751  12712.193
750.9  12474.787
750.8  12502.416
750.7  12405.631
750.6  12304.065
750.5  12374.915
750.4  12552.323
750.3  12453.893
750.2  12495.727
750.1  12440.442
750  12441.235
749.9  12539.742
749.8  12561.729
749.7  12562.188
749.6  12614.831
749.5  12571.685
749.4  12551.431
749.3  12615.957
749.2  12582.284
749.1  12637.578
749  12638.709
748.9  12696.943
748.8  12800.68
748.7  12824.753
748.6  12757.933
748.5  12921.826
748.4  12841.497
748.3  12869.986
748.2  12953.685
748.1  13070.829
748  13056.338
747.9  13121.041
747.8  13236.007
747.7  13357.611
747.6  13373.515
747.5  13482.344
747.4  13593.976
747.3  13490.641
747.2  13731.351
747.1  13844.857
747  13999.866
746.9  14083.001
746.8  14203.913
746.7  14285.107
746.6  14513.485
746.5  14638.231
746.4  14702.692
746.3  14755.18
746.2  14940.112
746.1  15040.551
746  15001.176
745.9  15245.132
745.8  15258.605
745.7  15489.998
745.6  15440.973
745.5  15687.252
745.4  15660.687
745.3  15640.924
745.2  15586.435
745.1  15611.549
745  15780.955
744.9  15827.08
744.8  15684.576
744.7  15628.469
744.6  15708.372
744.5  15654.435
744.4  15607.877
744.3  15528.251
744.2  15309.993
744.1  15370.812
744  15336.894
743.9  15193.458
743.8  15179.74
743.7  15122.958
743.6  14759.692
743.5  14762.6
743.4  14463.83
743.3  14528.53
743.2  14472.63
743.1  14283.132
743  14194.501
742.9  14078.193
742.8  13905.272
742.7  13869.409
742.6  13749.476
742.5  13734.922
742.4  13600.166
742.3  13490.675
742.2  13285.561
742.1  13241.492
742  13287.042
741.9  13039.121
741.8  13106.473
741.7  13042.724
741.6  12939.647
741.5  12845.496
741.4  12802.676
741.3  12703.132
741.2  12572.123
741.1  12624.434
741  12668.856
740.9  12563.835
740.8  12469.057
740.7  12418.833
740.6  12466.563
740.5  12558.226
740.4  12397.477
740.3  12396.672
740.2  12462.573
740.1  12452.011
740  12304.013
739.9  12412.319
739.8  12434.879
739.7  12288.239
739.6  12369.39
739.5  12351.802
739.4  12379.664
739.3  12415.393
739.2  12390.813
739.1  12288.924
739  12195.737
738.9  12273.168
738.8  12430.285
738.7  12456.611
738.6  12406.503
738.5  12310.521
738.4  12356.618
738.3  12352.642
738.2  12319.747
738.1  12275.648
738  12200.634
737.9  12178.795
737.8  12199.478
737.7  12274.459
737.6  12166.039
737.5  12194.362
737.4  12166.634
737.3  12090.1
737.2  12220.241
737.1  12218.937
737  12144.129
736.9  12183.194
736.8  12259.162
736.7  12266.276
736.6  12200.878
736.5  12184.142
736.4  12118.318
736.3  12317.547
736.2  12228.476
736.1  12316.47
736  12118.708
735.9  12114.477
735.8  12135.466
735.7  12060.488
735.6  12225.034
735.5  12116.38
735.4  12158.282
735.3  12228.37
735.2  12207.321
735.1  12305.629
735  12144.219
734.9  12106.511
734.8  12208.638
734.7  12278.583
734.6  12168.739
734.5  12213.91
734.4  12195.448
734.3  12194.39
734.2  12182.57
734.1  12214.467
734  12266.106
733.9  12132.12
733.8  12265.533
733.7  12118.39
733.6  12109.262
733.5  12222.362
733.4  12173.353
733.3  12243.138
733.2  12172.433
733.1  12246.739
733  12087.041
732.9  12171.274
732.8  12315.154
732.7  12183.132
732.6  12254.012
732.5  12352.733
732.4  12271.067
732.3  12209.622
732.2  12222.236
732.1  12239.229
732  12232.135
731.9  12203.535
731.8  12337.04
731.7  12247.532
731.6  12147.743
731.5  12332.782
731.4  12307.352
731.3  12378.447
731.2  12228.27
731.1  12144.773
731  12315.144
730.9  12236.858
730.8  12426.537
730.7  12293.136
730.6  12226.179
730.5  12391.401
730.4  12353.105
730.3  12216.375
730.2  12228.05
730.1  12255.592
730  12282.132

# Operation:                    Peak Fit
# Range Start:                  796.292
# Range End:                    775.88
# Parameter: "Transition" = 
# Parameter: "Label" = 
# Parameter: "Background Method" = Shirley
# Parameter: "Peak Shape" = Voigt
# Parameter: "Asymmetric Peak" = false
# Parameter: "FWHM-Annotation" = S-B = <Signal-BG:@>\nFWHM = <FWHM:@>\nArea = <Area:@>
# Parameter: "Peak-Annotation" = <Label>\n<Transition>\nE = <Center:@>
#
# Result:
# Number of Results:            2
# Parameter: "Transition" = 
# Parameter: "Label" = 
# Parameter: "Center" = 786.41116085987721 eV +- 0.11361928994643963
# Parameter: "Area" = 3861.7190589849706 cps eV +- 199.11736930692601
# Parameter: "FWHM (Lorentzian)" = 0 eV +- 0
# Parameter: "FWHM (Gaussian)" = 6.4230683608951402 eV +- 0.25821169619661277
# Parameter: "Asymmetry" = 0 +- 0
# Parameter: "Shirley Parameter" = 0.096011375297561277 [1/eV] +- 0.0075652753631910161
# Parameter: "FWHM" = 6.4230683608951402 eV
# Parameter: "Baseline Offset" = 13251.927231466001 cps +- 13.269035156016203
# Parameter: "Abbe factor" = 0.60849670666946776
# Parameter: "Reduced Chi Square" = 0.929568802639407
# Parameter: "Q Probability" = 0.75248604275724817
# Parameter: "Number of performed iterations" = 41
# Parameter: "Fit termination reason" = ConvergedInParameter
# Parameter: "Signal" = 13993.509161202486 cps
# Parameter: "Signal-BG" = 564.8146088499409 cps
#
# Result Name:                  Background
# Number of Curves:             1
#
# Curve:                        0
# Values/Curve:                 65
#
796.2  13622.603
795.88281  13622.562
795.56563  13622.5
795.24844  13622.41
794.93125  13622.279
794.61406  13622.092
794.29688  13621.829
793.97969  13621.462
793.6625  13620.96
793.34531  13620.281
793.02813  13619.374
792.71094  13618.179
792.39375  13616.627
792.07656  13614.638
791.75937  13612.122
791.44219  13608.983
791.125  13605.119
790.80781  13600.427
790.49063  13594.806
790.17344  13588.162
789.85625  13580.415
789.53906  13571.503
789.22188  13561.388
788.90469  13550.062
788.5875  13537.55
788.27031  13523.915
787.95313  13509.255
787.63594  13493.704
787.31875  13477.429
787.00156  13460.627
786.68438  13443.512
786.36719  13426.314
786.05  13409.263
785.73281  13392.586
785.41562  13376.494
785.09844  13361.175
784.78125  13346.786
784.46406  13333.454
784.14688  13321.267
783.82969  13310.276
783.5125  13300.497
783.19531  13291.912
782.87812  13284.478
782.56094  13278.127
782.24375  13272.773
781.92656  13268.321
781.60938  13264.669
781.29219  13261.712
780.975  13259.352
780.65781  13257.492
780.34063  13256.047
780.02344  13254.939
779.70625  13254.1
779.38906  13253.474
779.07187  13253.014
778.75469  13252.679
778.4375  13252.439
778.12031  13252.27
777.80313  13252.152
777.48594  13252.07
777.16875  13252.015
776.85156  13251.978
776.53437  13251.953
776.21719  13251.937
775.9  13251.927

# Result Name:                  Peak Fit
# Number of Curves:             1
#
# Curve:                        0
# Values/Curve:                 65
#
796.2  13623.505
795.88281  13623.922
795.56563  13624.523
795.24844  13625.378
794.93125  13626.576
794.61406  13628.23
794.29688  13630.477
793.97969  13633.485
793.6625  13637.45
793.34531  13642.593
793.02813  13649.158
792.71094  13657.405
792.39375  13667.592
792.07656  13679.967
791.75937  13694.738
791.44219  13712.058
791.125  13731.992
790.80781  13754.495
790.49063  13779.384
790.17344  13806.323
789.85625  13834.805
789.53906  13864.154
789.22188  13893.533
788.90469  13921.967
788.5875  13948.383
788.27031  13971.653
787.95313  13990.659
787.63594  14004.354
787.31875  14011.827
787.00156  14012.364
786.68438  14005.501
786.36719  13991.055
786.05  13969.148
785.73281  13940.202
785.41562  13904.914
785.09844  13864.223
784.78125  13819.25
784.46406  13771.232
784.14688  13721.457
783.82969  13671.192
783.5125  13621.62
783.19531  13573.794
782.87812  13528.589
782.56094  13486.689
782.24375  13448.57
781.92656  13414.51
781.60938  13384.603
781.29219  13358.786
780.975  13336.867
780.65781  13318.558
780.34063  13303.508
780.02344  13291.33
779.70625  13281.629
779.38906  13274.02
779.07187  13268.141
778.75469  13263.668
778.4375  13260.314
778.12031  13257.837
777.80313  13256.035
777.48594  13254.743
777.16875  13253.829
776.85156  13253.193
776.53437  13252.756
776.21719  13252.461
775.9  13252.264

# Region:                       Al 2p
# Spectrum ID:                  11
# Acquisition Date:             06/26/26 17:23:24 UTC
# Analysis Method:              XPS
# Analyzer:                     PHOIBOS MCD5 Analyzer
# Analyzer Lens:                LargeArea:1.5kV
# Analyzer Slit:                5:7x20\B:open
# Scan Mode:                    FixedAnalyzerTransmission
# Curves/Scan:                  1
# Values/Curve:                 331
# Dwell Time:                   0.1
# Excitation Energy:            1486.61
# Binding Energy:               90
# Pass Energy:                  50
# Bias Voltage:                 90
# Detector Voltage:             3000
# Eff. Workfunction:            4.543
# Source:                       X-Ray Dummy
# Comment:                      
#
# Cycle: 0
# Number of Scans: 2
#
# Cycle: 0, Curve: 0
# Acquisition Date:             06/26/26 17:23:24 UTC
#
# ColumnLabels:                 energy counts/s
#
90  3980.9821
89.9  4023.9153
89.8  4103.4291
89.7  3903.5057
89.6  3920.3274
89.5  3758.5659
89.4  4229.1532
89.3  4204.3611
89.2  3909.2376
89.1  4072.8897
89  4281.0886
88.9  4050.7753
88.8  3912.3562
88.7  3912.1612
88.6  3822.476
88.5  3770.2934
88.4  3903.2258
88.3  3834.3313
88.2  3956.493
88.1  3634.1982
88  3644.3855
87.9  3723.9201
87.8  3427.9238
87.7  3615.6059
87.6  3522.3319
87.5  3307.1438
87.4  3111.6128
87.3  2977.3641
87.2  3184.6155
87.1  3137.691
87  3116.8037
86.9  2797.3123
86.8  3163.8285
86.7  2987.7026
86.6  3043.2748
86.5  2741.7111
86.4  2983.4132
86.3  2778.1217
86.2  2761.0813
86.1  2629.6672
86  2931.9936
85.9  2766.3289
85.8  2641.4561
85.7  2750.6045
85.6  2774.4065
85.5  2710.9535
85.4  2772.117
85.3  2723.5483
85.2  2596.2183
85.1  2698.3308
85  2592.9703
84.9  2862.1696
84.8  2720.9499
84.7  2482.5932
84.6  2752.0037
84.5  2408.5924
84.4  2598.0956
84.3  2504.2931
84.2  2585.541
84.1  2535.4818
84  2569.2146
83.9  2515.0224
83.8  2683.3806
83.7  2492.1165
83.6  2650.5075
83.5  2835.509
83.4  2715.6814
83.3  2593.0132
83.2  2701.5143
83.1  2477.8345
83  2733.9313
82.9  2829.139
82.8  2923.7076
82.7  2918.2192
82.6  3054.9677
82.5  2806.5684
82.4  2756.6908
82.3  2867.8769
82.2  2904.8752
82.1  3062.5709
82  3163.9214
81.9  3151.3143
81.8  3310.7393
81.7  3299.55
81.6  3490.6139
81.5  3421.7552
81.4  3628.8637
81.3  4011.4304
81.2  4089.0905
81.1  3899.521
81  4100.9491
80.9  4396.6585
80.8  4398.9989
80.7  4228.7075
80.6  4795.6721
80.5  4831.5792
80.4  4852.2523
80.3  4669.4379
80.2  5063.5317
80.1  4753.0847
80  4947.4747
79.9  5124.9607
79.8  5143.8611
79.7  5296.9817
79.6  5227.9708
79.5  5262.5646
79.4  5107.6742
79.3  4957.1516
79.2  4913.9175
79.1  4878.5531
79  4923.1203
78.9  5007.1657
78.8  4766.7455
78.7  4642.7713
78.6  4617.723
78.5  4628.6266
78.4  4243.9106
78.3  4385.4845
78.2  4280.2647
78.1  4159.7332
78  3998.3699
77.9  4036.7715
77.8  3710.8341
77.7  3683.9088
77.6  3589.917
77.5  3265.5273
77.4  3216.8199
77.3  3318.5698
77.2  3159.4128
77.1  2956.2998
77  2965.7487
76.9  2876.4514
76.8  2944.7511
76.7  2735.0629
76.6  2723.6759
76.5  2786.7274
76.4  2618.3164
76.3  2599.4491
76.2  2487.167
76.1  2364.7409
76  2469.2368
75.9  2547.934
75.8  2503.737
75.7  2364.2024
75.6  2241.8065
75.5  2333.9558
75.4  2323.7725
75.3  2415.8263
75.2  2292.2166
75.1  2421.0756
75  2233.4323
74.9  2372.1932
74.8  2363.3472
74.7  2270.9241
74.6  2172.4171
74.5  2194.5113
74.4  2264.5211
74.3  2301.2934
74.2  2222.7232
74.1  2133.484
74  2315.3539
73.9  2287.0448
73.8  2354.3516
73.7  2240.061
73.6  2290.654
73.5  2114.7796
73.4  2141.7032
73.3  2246.8621
73.2  2375.1503
73.1  2257.2183
73  2339.0306
72.9  2298.7155
72.8  2306.2077
72.7  2283.3097
72.6  2204.5721
72.5  2206.927
72.4  2372.0048
72.3  2381.4225
72.2  2296.751
72.1  2372.8814
72  2293.6051
71.9  2192.0483
71.8  2320.6577
71.7  2314.8752
71.6  2283.1763
71.5  2341.1193
71.4  2343.4508
71.3  2509.1897
71.2  2329.9844
71.1  2363.4509
71  2357.0321
70.9  2552.1315
70.8  2393.9153
70.7  2375.1719
70.6  2415.2142
70.5  2429.3263
70.4  2522.1755
70.3  2538.5282
70.2  2387.537
70.1  2400.4504
70  2562.9747
69.9  2456.0764
69.8  2489.7254
69.7  2349.322
69.6  2581.7489
69.5  2497.4764
69.4  2362.727
69.3  2391.2145
69.2  2427.6885
69.1  2449.4408
69  2386.6532
68.9  2381.8987
68.8  2438.7091
68.7  2523.9585
68.6  2340.2932
68.5  2409.4054
68.4  2549.8001
68.3  2460.3568
68.2  2560.4718
68.1  2450.5106
68  2462.4043
67.9  2427.6426
67.8  2383.8737
67.7  2565.6755
67.6  2439.0402
67.5  2345.0591
67.4  2479.1602
67.3  2275.3826
67.2  2540.7796
67.1  2504.0496
67  2327.0801
66.9  2210.8313
66.8  2355.819
66.7  2263.7381
66.6  2352.9706
66.5  2333.4693
66.4  2449.121
66.3  2236.5404
66.2  2248.2367
66.1  2270.9548
66  2264.2495
65.9  2156.9129
65.8  2334.4805
65.7  2132.5175
65.6  2208.312
65.5  2178.9859
65.4  2066.4503
65.3  2127.9021
65.2  2306.4398
65.1  2250.1612
65  2188.2921
64.9  2363.3825
64.8  2215.5893
64.7  2162.748
64.6  2240.1256
64.5  2215.0849
64.4  2291.1218
64.3  2281.5536
64.2  2292.6792
64.1  2256.4439
64  2261.381
63.9  2244.0542
63.8  2148.8487
63.7  2239.4534
63.6  2180.8929
63.5  2230.896
63.4  2169.2457
63.3  2439.3056
63.2  2223.8263
63.1  2075.7803
63  2119.0792
62.9  2055.1142
62.8  2107.0057
62.7  2211.3817
62.6  2200.9136
62.5  2188.5838
62.4  2124.456
62.3  2081.4992
62.2  2180.6176
62.1  2148.2692
62  2070.579
61.9  2170.8608
61.8  2150.3934
61.7  2126.5809
61.6  2171.4213
61.5  2140.6194
61.4  2192.8619
61.3  2072.6407
61.2  2068.5275
61.1  2288.6786
61  2220.5855
60.9  2146.9047
60.8  2050.3578
60.7  2001.4235
60.6  2096.5322
60.5  2068.6896
60.4  2164.3276
60.3  2148.896
60.2  2103.3817
60.1  2183.1904
60  1957.4898
59.9  2100.3382
59.8  2227.7549
59.7  2079.7843
59.6  2175.0925
59.5  2314.2101
59.4  2236.2172
59.3  2173.6866
59.2  2263.1524
59.1  2191.8887
59  2130.3038
58.9  2225.7168
58.8  2218.3377
58.7  2132.1715
58.6  2179.1815
58.5  2282.8943
58.4  2131.3851
58.3  2087.1262
58.2  2114.1004
58.1  2133.2728
58  2155.2931
57.9  2133.5269
57.8  2059.2881
57.7  2237.495
57.6  2136.3257
57.5  2015.1519
57.4  2133.6206
57.3  2152.6068
57.2  1880.5396
57.1  2111.819
57  2052.0278

# Operation:                    Peak Fit
# Range Start:                  90
# Range End:                    70.5317
# Parameter: "Transition" = 
# Parameter: "Label" = 
# Parameter: "Background Method" = Tougaard
# Parameter: "Peak Shape" = Voigt
# Parameter: "Asymmetric Peak" = false
# Parameter: "FWHM-Annotation" = S-B = <Signal-BG:@>\nFWHM = <FWHM:@>\nArea = <Area:@>
# Parameter: "Peak-Annotation" = <Label>\n<Transition>\nE = <Center:@>
#
# Result:
# Number of Results:            2
# Parameter: "Transition" = 
# Parameter: "Label" = 
# Parameter: "Center" = 79.45761615588799 eV +- 0.020569463033663315
# Parameter: "Area" = 10410.795560614271 cps eV +- 154.73099992770003
# Parameter: "FWHM (Lorentzian)" = 0 eV +- 0
# Parameter: "FWHM (Gaussian)" = 3.4207547693617393 eV +- 0.049075792558687069
# Parameter: "Asymmetry" = 0 +- 0
# Parameter: "Tougaard B" = 33072.91791222075 eV^2 +- 596.79984248957066
# Parameter: "Tougaard C" = 1643 eV^2 +- 0
# Parameter: "FWHM" = 3.4207547693617393 eV
# Parameter: "Baseline Offset" = 2225.8308430824595 cps +- 14.556203544382974
# Parameter: "Abbe factor" = 0.23984034895262499
# Parameter: "Reduced Chi Square" = 3.0972992052436825
# Parameter: "Q Probability" = 6.6379430324586414e-42
# Parameter: "Number of performed iterations" = 14
# Parameter: "Fit termination reason" = ConvergedInChi
# Parameter: "Signal" = 5159.0230924852558 cps
# Parameter: "Signal-BG" = 2859.1027740894547 cps
#
# Result Name:                  Background
# Number of Curves:             1
#
# Curve:                        0
# Values/Curve:                 115
#
90  3717.0348
89.829825  3688.1713
89.659649  3659.5661
89.489474  3631.2131
89.319298  3603.1062
89.149123  3575.2393
88.978947  3547.6067
88.808772  3520.2024
88.638596  3493.0207
88.468421  3466.0561
88.298246  3439.3029
88.12807  3412.7556
87.957895  3386.4089
87.787719  3360.2573
87.617544  3334.2958
87.447368  3308.519
87.277193  3282.9219
87.107018  3257.4995
86.936842  3232.2468
86.766667  3207.159
86.596491  3182.2311
86.426316  3157.4586
86.25614  3132.8367
86.085965  3108.3608
85.915789  3084.0265
85.745614  3059.8292
85.575439  3035.7645
85.405263  3011.8283
85.235088  2988.0162
85.064912  2964.3242
84.894737  2940.7483
84.724561  2917.2848
84.554386  2893.9301
84.384211  2870.6808
84.214035  2847.5342
84.04386  2824.4879
83.873684  2801.5402
83.703509  2778.6902
83.533333  2755.9385
83.363158  2733.287
83.192982  2710.7394
83.022807  2688.3021
82.852632  2665.9842
82.682456  2643.7984
82.512281  2621.7612
82.342105  2599.8943
82.17193  2578.2243
82.001754  2556.7836
81.831579  2535.6107
81.661404  2514.7504
81.491228  2494.2536
81.321053  2474.1771
81.150877  2454.5826
80.980702  2435.5359
80.810526  2417.1053
80.640351  2399.3602
80.470175  2382.3685
80.3  2366.1953
80.129825  2350.9
79.959649  2336.5342
79.789474  2323.1401
79.619298  2310.7484
79.449123  2299.3771
79.278947  2289.0309
79.108772  2279.7005
78.938596  2271.3635
78.768421  2263.9848
78.598246  2257.518
78.42807  2251.9073
78.257895  2247.0895
78.087719  2242.996
77.917544  2239.5552
77.747368  2236.6948
77.577193  2234.3431
77.407018  2232.4315
77.236842  2230.8955
77.066667  2229.6754
76.896491  2228.7177
76.726316  2227.9748
76.55614  2227.4055
76.385965  2226.9743
76.215789  2226.6518
76.045614  2226.4135
75.875439  2226.2396
75.705263  2226.1143
75.535088  2226.0251
75.364912  2225.9624
75.194737  2225.9188
75.024561  2225.889
74.854386  2225.8688
74.684211  2225.8553
74.514035  2225.8465
74.34386  2225.8407
74.173684  2225.837
74.003509  2225.8346
73.833333  2225.8331
73.663158  2225.8322
73.492982  2225.8316
73.322807  2225.8313
73.152632  2225.8311
72.982456  2225.831
72.812281  2225.8309
72.642105  2225.8309
72.47193  2225.8309
72.301754  2225.8309
72.131579  2225.8309
71.961404  2225.8308
71.791228  2225.8308
71.621053  2225.8308
71.450877  2225.8308
71.280702  2225.8308
71.110526  2225.8308
70.940351  2225.8308
70.770175  2225.8308
70.6  2225.8308

# Result Name:                  Peak Fit
# Number of Curves:             1
#
# Curve:                        0
# Values/Curve:                 115
#
90  3717.0348
89.829825  3688.1713
89.659649  3659.5661
89.489474  3631.2131
89.319298  3603.1062
89.149123  3575.2393
88.978947  3547.6067
88.808772  3520.2024
88.638596  3493.0207
88.468421  3466.0561
88.298246  3439.3029
88.12807  3412.7556
87.957895  3386.409
87.787719  3360.2575
87.617544  3334.2962
87.447368  3308.5198
87.277193  3282.9234
87.107018  3257.5022
86.936842  3232.2518
86.766667  3207.1681
86.596491  3182.2474
86.426316  3157.4874
86.25614  3132.8868
86.085965  3108.447
85.915789  3084.1725
85.745614  3060.0733
85.575439  3036.1671
85.405263  3012.483
85.235088  2989.0667
85.064912  2965.9868
84.894737  2943.3437
84.724561  2921.2809
84.554386  2899.9992
84.384211  2879.7726
84.214035  2860.9685
84.04386  2844.0681
83.873684  2829.689
83.703509  2818.606
83.533333  2811.7686
83.363158  2810.312
83.192982  2815.5573
83.022807  2828.9972
82.852632  2852.2625
82.682456  2887.0668
82.512281  2935.1253
82.342105  2998.0496
82.17193  3077.2189
82.001754  3173.6328
81.831579  3287.7569
81.661404  3419.3688
81.491228  3567.4237
81.321053  3729.9515
81.150877  3904.0039
80.980702  4085.6639
80.810526  4270.1273
80.640351  4451.8615
80.470175  4624.8367
80.3  4782.8193
80.129825  4919.709
79.959649  5029.8949
79.789474  5108.6017
79.619298  5152.1968
79.449123  5158.431
79.278947  5126.5896
79.108772  5057.5412
78.938596  4953.6783
78.768421  4818.7566
78.598246  4657.6463
78.42807  4476.0197
78.257895  4280.0033
78.087719  4075.8217
77.917544  3869.4641
77.747368  3666.3964
77.577193  3471.3367
77.407018  3288.1047
77.236842  3119.5469
77.066667  2967.5344
76.896491  2833.0214
76.726316  2716.1515
76.55614  2616.3958
76.385965  2532.7061
76.215789  2463.6703
76.045614  2407.6576
75.875439  2362.9449
75.705263  2327.8204
75.535088  2300.6611
75.364912  2279.9867
75.194737  2264.4908
75.024561  2253.0529
74.854386  2244.738
74.684211  2238.7841
74.514035  2234.5841
74.34386  2231.6654
74.173684  2229.667
74.003509  2228.3186
73.833333  2227.4223
73.663158  2226.835
73.492982  2226.4558
73.322807  2226.2145
73.152632  2226.0632
72.982456  2225.9696
72.812281  2225.9126
72.642105  2225.8783
72.47193  2225.8581
72.301754  2225.8462
72.131579  2225.8394
71.961404  2225.8356
71.791228  2225.8334
71.621053  2225.8322
71.450877  2225.8316
71.280702  2225.8312
71.110526  2225.831
70.940351  2225.8309
70.770175  2225.8309
70.6  2225.8309

# Region:                       Al 2p Extended
# Spectrum ID:                  17
# Acquisition Date:             06/26/26 17:36:17 UTC
# Analysis Method:              XPS
# Analyzer:                     PHOIBOS MCD5 Analyzer
# Analyzer Lens:                LargeArea:1.5kV
# Analyzer Slit:                5:7x20\B:open
# Scan Mode:                    FixedAnalyzerTransmission
# Curves/Scan:                  1
# Values/Curve:                 1331
# Dwell Time:                   0.1
# Excitation Energy:            1486.61
# Binding Energy:               190
# Pass Energy:                  50
# Bias Voltage:                 90
# Detector Voltage:             3000
# Eff. Workfunction:            4.543
# Source:                       X-Ray Dummy
# Comment:                      
#
# Cycle: 0
# Number of Scans: 5
#
# Cycle: 0, Curve: 0
# Acquisition Date:             06/26/26 17:36:17 UTC
#
# ColumnLabels:                 energy counts/s
#
190  4930.5716
189.9  4904.4577
189.8  4958.7565
189.7  4929.7142
189.6  4910.0867
189.5  4845.8082
189.4  4869.309
189.3  4927.1008
189.2  4888.4431
189.1  4983.7353
189  5050.0999
188.9  4901.4102
188.8  4943.1284
188.7  5045.9421
188.6  4992.383
188.5  4867.1454
188.4  4998.7347
188.3  4888.0562
188.2  4903.3621
188.1  4856.34
188  4837.0788
187.9  4862.4012
187.8  4761.5943
187.7  4908.9798
187.6  4846.2328
187.5  4698.6012
187.4  4869.5695
187.3  4857.924
187.2  5070.1813
187.1  4982.5089
187  4665.4412
186.9  4764.1696
186.8  4889.4083
186.7  4841.0138
186.6  4811.7002
186.5  4762.1121
186.4  4903.5898
186.3  4898.8013
186.2  4931.4154
186.1  4918.5863
186  4997.7701
185.9  4863.6444
185.8  4851.5502
185.7  4910.6062
185.6  5076.7086
185.5  4866.1137
185.4  4915.0302
185.3  4781.1068
185.2  4915.0001
185.1  4863.8249
185  4855.089
184.9  4962.1174
184.8  4798.4014
184.7  4732.7919
184.6  4867.5024
184.5  4998.3261
184.4  5069.8873
184.3  5030.6266
184.2  4979.2486
184.1  4754.0871
184  4784.1445
183.9  4825.5898
183.8  4871.7343
183.7  4925.7302
183.6  4767.7905
183.5  4935.7989
183.4  4904.0698
183.3  4938.3983
183.2  4995.954
183.1  5035.7331
183  5121.348
182.9  4906.9082
182.8  4968.63
182.7  4824.0585
182.6  4765.5515
182.5  4761.329
182.4  4999.7316
182.3  4962.8327
182.2  4884.5345
182.1  5041.1618
182  4823.0437
181.9  4860.166
181.8  4883.7603
181.7  4969.6412
181.6  4939.7902
181.5  4940.8835
181.4  4970.4415
181.3  4888.577
181.2  4938.8
181.1  4909.5588
181  4904.6202
180.9  5030.0207
180.8  4918.9865
180.7  4965.6062
180.6  4880.7059
180.5  4836.9718
180.4  4834.6414
180.3  4952.8314
180.2  5007.1464
180.1  5036.2805
180  4909.5129
179.9  4858.2107
179.8  4902.2842
179.7  4862.3626
179.6  4872.6515
179.5  4926.3255
179.4  4953.0165
179.3  4781.7351
179.2  4844.1245
179.1  5099.4196
179  4976.2317
178.9  4790.2177
178.8  5030.9457
178.7  4800.3085
178.6  4760.3971
178.5  4876.044
178.4  4894.709
178.3  4854.1
178.2  4942.5971
178.1  4864.0378
178  4944.0432
177.9  4866.8224
177.8  4871.2768
177.7  4918.495
177.6  4924.6486
177.5  4907.2702
177.4  4873.2658
177.3  4871.9731
177.2  4960.1159
177.1  4943.7613
177  4920.2394
176.9  4866.8393
176.8  4972.405
176.7  4870.9243
176.6  4959.9017
176.5  4979.1014
176.4  5024.9679
176.3  4971.0943
176.2  4840.7017
176.1  4957.0701
176  4807.8444
175.9  4794.5848
175.8  4873.7508
175.7  4819.2797
175.6  4919.4853
175.5  5000.0533
175.4  4982.3846
175.3  5022.497
175.2  4838.7944
175.1  4811.1392
175  4859.3427
174.9  5000.7129
174.8  4927.5951
174.7  4943.8575
174.6  4886.5089
174.5  4912.225
174.4  4891.1136
174.3  4931.2711
174.2  4917.0405
174.1  4987.453
174  4866.3148
173.9  4937.9945
173.8  4781.4728
173.7  4876.7441
173.6  4972.8484
173.5  4957.4383
173.4  4876.1925
173.3  4915.5656
173.2  4701.9736
173.1  4773.9122
173  5002.6348
172.9  4820.1016
172.8  4850.0105
172.7  4864.8182
172.6  4955.1772
172.5  4927.4659
172.4  4805.9668
172.3  4799.8603
172.2  4829.1543
172.1  4716.184
172  4691.1732
171.9  4837.3501
171.8  4892.8139
171.7  4854.681
171.6  4754.0916
171.5  5011.1915
171.4  4827.4057
171.3  4908.7695
171.2  4818.5491
171.1  4871.1266
171  4707.2359
170.9  5048.8541
170.8  4974.4408
170.7  4974.6168
170.6  4920.7265
170.5  4902.233
170.4  4921.0825
170.3  4933.5236
170.2  4847.0525
170.1  4913.271
170  4882.599
169.9  4805.173
169.8  4874.7484
169.7  4907.9911
169.6  4746.6308
169.5  4924.1114
169.4  4729.5823
169.3  4837.038
169.2  4804.0699
169.1  4855.9678
169  5030.2417
168.9  4877.6032
168.8  5082.8171
168.7  4957.9388
168.6  4879.9511
168.5  4797.1333
168.4  4776.8247
168.3  4767.7966
168.2  4875.5939
168.1  4826.5787
168  4791.9818
167.9  4818.8304
167.8  4834.2226
167.7  4719.5018
167.6  4890.5335
167.5  4895.8135
167.4  4921.9815
167.3  4876.4011
167.2  4824.5538
167.1  4624.0927
167  4668.7356
166.9  4781.6688
166.8  4973.6791
166.7  4919.33
166.6  4779.4446
166.5  4740.2727
166.4  4921.7353
166.3  4722.782
166.2  4834.4631
166.1  4807.7131
166  4827.6159
165.9  4868.9762
165.8  4788.3957
165.7  4773.8625
165.6  4886.2952
165.5  4869.1032
165.4  4734.2751
165.3  4950.4412
165.2  4892.3657
165.1  4779.4014
165  4901.5561
164.9  4728.0581
164.8  4828.8921
164.7  4735.8429
164.6  4747.6071
164.5  4872.6701
164.4  4942.9933
164.3  4767.6011
164.2  4865.1525
164.1  4803.8537
164  4748.6201
163.9  4767.1201
163.8  4762.5079
163.7  4759.3372
163.6  4859.5955
163.5  4854.3419
163.4  4853.7222
163.3  4731.8578
163.2  4879.0402
163.1  4732.1478
163  4725.0318
162.9  4883.3358
162.8  4790.04
162.7  4858.0463
162.6  4883.0211
162.5  4677.8973
162.4  4674.9992
162.3  4703.7067
162.2  4696.9947
162.1  4865.6944
162  4732.1335
161.9  4872.6427
161.8  4907.6852
161.7  4818.3427
161.6  4705.9537
161.5  4938.7473
161.4  4931.1539
161.3  4844.8514
161.2  4802.9777
161.1  4904.102
161  5014.3652
160.9  4921.8603
160.8  4819.7033
160.7  4924.8128
160.6  4953.6295
160.5  5042.5264
160.4  5048.6272
160.3  4957.6637
160.2  4997.9921
160.1  5063.4233
160  5204.262
159.9  5136.2102
159.8  4893.256
159.7  5152.3554
159.6  5090.606
159.5  5165.5834
159.4  5238.4391
159.3  5153.458
159.2  5355.071
159.1  5310.0465
159  5360.0736
158.9  5169.1809
158.8  5259.4045
158.7  5471.7934
158.6  5448.6523
158.5  5498.18
158.4  5530.9922
158.3  5477.3094
158.2  5413.1419
158.1  5437.8836
158  5875.4204
157.9  5710.6407
157.8  5773.1091
157.7  5921.2023
157.6  5855.5771
157.5  5935.7709
157.4  5933.2952
157.3  5893.1733
157.2  6008.0558
157.1  6103.6002
157  5944.7829
156.9  6008.5991
156.8  6060.6577
156.7  6187.2488
156.6  6079.9988
156.5  6139.8005
156.4  5991.2481
156.3  6062.2335
156.2  6049.1089
156.1  5906.6401
156  6079.2887
155.9  6061.6818
155.8  6027.1282
155.7  5980.5891
155.6  6194.4638
155.5  5959.1863
155.4  6080.1794
155.3  6098.4195
155.2  6155.4262
155.1  6069.118
155  5978.1937
154.9  5853.2172
154.8  5841.6981
154.7  5801.419
154.6  5873.9181
154.5  5737.9836
154.4  5689.3643
154.3  5570.1688
154.2  5526.0665
154.1  5631.4521
154  5524.6377
153.9  5448.9922
153.8  5453.7641
153.7  5443.7105
153.6  5255.2937
153.5  5405.0441
153.4  5370.9513
153.3  5208.1467
153.2  5252.5736
153.1  5183.2952
153  5271.468
152.9  5255.7966
152.8  5283.4067
152.7  5191.7532
152.6  4974.8096
152.5  5221.3446
152.4  5199.7223
152.3  5110.0453
152.2  5034.4416
152.1  4972.9199
152  4933.741
151.9  5059.1887
151.8  5209.6521
151.7  5075.8626
151.6  5092.524
151.5  5073.0932
151.4  5024.8233
151.3  4941.9514
151.2  5036.7196
151.1  4982.0398
151  4966.7396
150.9  5031.737
150.8  5022.4093
150.7  4895.9505
150.6  4950.7947
150.5  4986.2929
150.4  5147.6106
150.3  5050.5613
150.2  5028.7464
150.1  4946.4022
150  4880.3034
149.9  4823.2099
149.8  4969.5213
149.7  4998.6928
149.6  5037.3121
149.5  4863.4742
149.4  4901.2628
149.3  4850.4064
149.2  4975.4106
149.1  4818.694
149  4855.7171
148.9  4853.5801
148.8  4897.482
148.7  4925.4056
148.6  4939.2598
148.5  4955.6554
148.4  4869.7919
148.3  4951.9101
148.2  4844.0428
148.1  4868.6103
148  4928.8762
147.9  4887.9106
147.8  4902.6303
147.7  4943.4359
147.6  4937.5011
147.5  4900.7767
147.4  4890.0851
147.3  4824.7852
147.2  4935.4338
147.1  4849.6038
147  4888.4363
146.9  4825.8107
146.8  4829.307
146.7  4824.6486
146.6  4873.0499
146.5  4747.0634
146.4  4940.6354
146.3  4838.7768
146.2  4819.2615
146.1  4784.2329
146  4877.6777
145.9  4679.5964
145.8  4893.6543
145.7  4832.1321
145.6  4838.1013
145.5  4790.9102
145.4  4742.0954
145.3  4957.1291
145.2  4751.5234
145.1  4638.0368
145  4789.848
144.9  4773.6306
144.8  4804.6889
144.7  4891.2399
144.6  4884.8509
144.5  4885.3694
144.4  4834.22
144.3  4831.1832
144.2  4918.972
144.1  4859.4513
144  4774.9204
143.9  4903.1612
143.8  4917.5538
143.7  4920.6068
143.6  4897.8787
143.5  4899.1131
143.4  4907.8038
143.3  5016.4065
143.2  4846.1739
143.1  4705.2694
143  4941.852
142.9  4958.5411
142.8  4938.2067
142.7  4936.6005
142.6  4884.0105
142.5  5036.4428
142.4  5000.5034
142.3  5015.1224
142.2  4967.9513
142.1  4996.2314
142  4921.2911
141.9  4916.3395
141.8  5029.8762
141.7  5117.7059
141.6  5055.8102
141.5  5025.8735
141.4  5068.4915
141.3  5043.9404
141.2  5131.7907
141.1  4957.8909
141  5034.6848
140.9  5091.2921
140.8  5025.5123
140.7  5226.1067
140.6  5101.1403
140.5  4998.5017
140.4  5089.6052
140.3  5120.6891
140.2  5030.2155
140.1  5039.6799
140  4955.3339
139.9  5045.8583
139.8  5136.555
139.7  5101.1728
139.6  5101.9448
139.5  5050.2424
139.4  4988.2946
139.3  5003.5832
139.2  4901.0819
139.1  5008.0963
139  4904.3196
138.9  4889.7544
138.8  4978.2309
138.7  4882.5202
138.6  4990.4626
138.5  4805.0122
138.4  4758.4701
138.3  4877.7633
138.2  4800.5394
138.1  4872.7995
138  4894.0128
137.9  4615.2078
137.8  4786.4851
137.7  4739.2673
137.6  4630.0627
137.5  4781.1675
137.4  4734.4382
137.3  4699.2811
137.2  4581.5411
137.1  4682.2266
137  4684.0828
136.9  4764.5639
136.8  4703.2158
136.7  4589.0596
136.6  4658.6115
136.5  4542.3
136.4  4576.5621
136.3  4711.0593
136.2  4668.3644
136.1  4544.3437
136  4573.7194
135.9  4499.5078
135.8  4601.6933
135.7  4597.3988
135.6  4569.309
135.5  4577.4374
135.4  4417.338
135.3  4499.7844
135.2  4525.4663
135.1  4561.0156
135  4417.7504
134.9  4519.9837
134.8  4518.4834
134.7  4669.8057
134.6  4551.5366
134.5  4778.227
134.4  4711.3523
134.3  4659.1052
134.2  4597.5342
134.1  4666.5209
134  4504.5504
133.9  4543.6818
133.8  4436.599
133.7  4610.0056
133.6  4638.8484
133.5  4492.4481
133.4  4512.261
133.3  4660.3716
133.2  4615.1628
133.1  4549.2814
133  4520.9681
132.9  4638.0886
132.8  4547.7329
132.7  4568.7091
132.6  4593.6551
132.5  4623.757
132.4  4490.0067
132.3  4572.6944
132.2  4662.1366
132.1  4569.0836
132  4658.2069
131.9  4440.8849
131.8  4745.9659
131.7  4743.5296
131.6  4604.4589
131.5  4548.2974
131.4  4665.8093
131.3  4726.6132
131.2  4596.0299
131.1  4551.0508
131  4378.7808
130.9  4610.541
130.8  4569.9451
130.7  4621.1103
130.6  4676.8886
130.5  4732.2211
130.4  4687.5661
130.3  4662.6236
130.2  4827.9001
130.1  4689.2937
130  4635.0502
129.9  4567.4456
129.8  4798.3
129.7  4654.7874
129.6  4581.3547
129.5  4746.7655
129.4  4604.4579
129.3  4681.4686
129.2  4729.6293
129.1  4639.2252
129  4719.2413
128.9  4762.4524
128.8  4773.5945
128.7  4733.1071
128.6  4670.1115
128.5  4918.3622
128.4  4785.0816
128.3  4917.7896
128.2  4924.7188
128.1  5033.1555
128  4916.1477
127.9  5059.7129
127.8  5002.0194
127.7  5232.5164
127.6  5050.6424
127.5  5244.1292
127.4  5400.1677
127.3  5432.5288
127.2  5420.9239
127.1  5709.772
127  5672.6638
126.9  5628.2405
126.8  5798.7257
126.7  5777.4101
126.6  6016.2966
126.5  6112.6323
126.4  6184.525
126.3  6439.0192
126.2  6512.0229
126.1  6549.8266
126  6691.643
125.9  6824.9015
125.8  7090.974
125.7  7238.7271
125.6  7308.3567
125.5  7437.56
125.4  7310.9695
125.3  7618.7018
125.2  7548.5932
125.1  7968.4463
125  7741.1861
124.9  7940.2059
124.8  7888.4953
124.7  8114.4177
124.6  8062.1631
124.5  8102.0836
124.4  8106.2881
124.3  7956.9381
124.2  7828.9056
124.1  7900.0295
124  8018.1463
123.9  7883.331
123.8  7876.9115
123.7  7662.4201
123.6  7712.5194
123.5  7466.4265
123.4  7402.8727
123.3  7176.5157
123.2  7041.8616
123.1  6921.1017
123  6745.2718
122.9  6850.6373
122.8  6660.494
122.7  6424.4704
122.6  6354.1154
122.5  6278.2929
122.4  6337.0543
122.3  5939.5273
122.2  5843.5012
122.1  5869.5935
122  5614.1341
121.9  5387.6451
121.8  5440.4468
121.7  5302.0474
121.6  5323.5083
121.5  5219.8804
121.4  5157.2097
121.3  5094.8019
121.2  4958.3972
121.1  4752.3669
121  4727.4394
120.9  4613.8858
120.8  4615.2468
120.7  4601.2646
120.6  4560.3251
120.5  4557.2791
120.4  4588.9773
120.3  4313.1182
120.2  4453.5194
120.1  4357.0512
120  4453.7881
119.9  4510.7094
119.8  4419.7928
119.7  4338.9221
119.6  4225.2898
119.5  4299.1463
119.4  4217.2475
119.3  4331.6427
119.2  4228.3033
119.1  4162.9236
119  4193.329
118.9  4101.4411
118.8  4100.6893
118.7  3943.5358
118.6  4196.8069
118.5  4110.3615
118.4  4072.4999
118.3  4067.4435
118.2  4020.1747
118.1  4066.792
118  4162.298
117.9  3958.8054
117.8  4134.6581
117.7  4001.2163
117.6  4005.7744
117.5  3988.0011
117.4  3975.996
117.3  3920.285
117.2  4047.6675
117.1  3772.0507
117  3948.1822
116.9  4085.5618
116.8  3993.0784
116.7  4103.2098
116.6  4154.5592
116.5  3967.4836
116.4  3951.0405
116.3  3943.0696
116.2  4073.8814
116.1  4022.2643
116  4021.2648
115.9  4199.3344
115.8  4162.4683
115.7  4139.3601
115.6  4008.3154
115.5  4016.8318
115.4  4121.7126
115.3  3981.464
115.2  3889.4169
115.1  3965.5525
115  4025.4081
114.9  4006.6144
114.8  4028.7424
114.7  4098.3276
114.6  4233.4791
114.5  4009.696
114.4  4042.1888
114.3  4106.1595
114.2  4112.1451
114.1  4106.6343
114  4130.1099
113.9  4115.3791
113.8  4148.6946
113.7  4078.2186
113.6  4118.4072
113.5  4051.0909
113.4  4118.9997
113.3  3990.4115
113.2  4143.9167
113.1  4059.8965
113  4057.087
112.9  4117.4775
112.8  4190.0624
112.7  4116.988
112.6  4117.0953
112.5  4209.1327
112.4  4216.8245
112.3  4236.8597
112.2  4168.5104
112.1  4274.6114
112  4227.6216
111.9  4186.4737
111.8  4395.1159
111.7  4402.3181
111.6  4388.0644
111.5  4202.1344
111.4  4291.2644
111.3  4253.4585
111.2  4304.2758
111.1  4328.1006
111  4364.9435
110.9  4377.0042
110.8  4306.8174
110.7  4211.3748
110.6  4361.8601
110.5  4451.0288
110.4  4314.9389
110.3  4357.2011
110.2  4496.9254
110.1  4314.3535
110  4278.2551
109.9  4378.8402
109.8  4356.5805
109.7  4331.2493
109.6  4430.2499
109.5  4509.2153
109.4  4446.6339
109.3  4330.0127
109.2  4214.7269
109.1  4344.8737
109  4258.6466
108.9  4371.7529
108.8  4326.0324
108.7  4370.9178
108.6  4420.9309
108.5  4511.9241
108.4  4551.8796
108.3  4657.358
108.2  4521.6195
108.1  4578.9159
108  4771.2871
107.9  4927.7664
107.8  4817.6819
107.7  5039.9333
107.6  5018.4554
107.5  5093.4733
107.4  5307.2765
107.3  5304.0204
107.2  5598.6425
107.1  5599.6238
107  5842.8347
106.9  5976.2994
106.8  6326.0678
106.7  6148.5105
106.6  6334.7309
106.5  6660.3117
106.4  7036.0951
106.3  6909.5608
106.2  7112.073
106.1  7588.747
106  7809.7992
105.9  8139.5399
105.8  8060.8426
105.7  8228.5252
105.6  8511.325
105.5  8498.702
105.4  8767.2525
105.3  8788.8521
105.2  8991.4782
105.1  9422.7136
105  9439.4228
104.9  9271.1879
104.8  9217.1791
104.7  9396.5926
104.6  9404.0098
104.5  9510.1586
104.4  9327.4043
104.3  9296.8231
104.2  9188.4074
104.1  9020.4572
104  8741.0093
103.9  8810.2765
103.8  8417.5087
103.7  8368.1494
103.6  8149.6201
103.5  7953.3475
103.4  7992.5203
103.3  7607.4287
103.2  7471.4117
103.1  7130.164
103  6939.4179
102.9  6724.9878
102.8  6628.0132
102.7  6455.3191
102.6  6316.9587
102.5  6087.064
102.4  5705.4849
102.3  5602.1158
102.2  5312.0452
102.1  5271.2592
102  5234.0512
101.9  4991.6651
101.8  4954.9324
101.7  4644.2397
101.6  4601.7639
101.5  4588.3772
101.4  4388.9746
101.3  4303.5437
101.2  4252.4475
101.1  4110.7773
101  4067.6023
100.9  4009.2936
100.8  3850.0102
100.7  3880.7896
100.6  3889.161
100.5  3772.8851
100.4  3628.0803
100.3  3571.644
100.2  3628.218
100.1  3481.1444
100  3598.7742
99.9  3452.2389
99.8  3435.8858
99.7  3463.4479
99.6  3326.2509
99.5  3327.5926
99.4  3237.4852
99.3  3294.6021
99.2  3329.8114
99.1  3198.4473
99  3079.1203
98.9  3208.7535
98.8  3306.0136
98.7  3097.8115
98.6  3225.1832
98.5  3081.0652
98.4  3141.299
98.3  3113.3689
98.2  3198.6787
98.1  3127.848
98  3065.5257
97.9  3121.7421
97.8  3145.8395
97.7  3089.6258
97.6  3129.2982
97.5  3157.1255
97.4  3066.7126
97.3  3015.4941
97.2  2860.9621
97.1  2921.3847
97  2949.263
96.9  3014.8152
96.8  3110.7717
96.7  3010.5549
96.6  3061.7858
96.5  3015.8067
96.4  2974.2433
96.3  2975.6327
96.2  3012.9805
96.1  3022.951
96  3103.2858
95.9  3014.92
95.8  3072.495
95.7  3054.3455
95.6  3034.4799
95.5  3074.5296
95.4  3055.9586
95.3  3127.1948
95.2  3097.7015
95.1  3074.4073
95  3277.2893
94.9  3299.0405
94.8  3311.4758
94.7  3304.6035
94.6  3352.7628
94.5  3274.2384
94.4  3388.6522
94.3  3397.6028
94.2  3451.9195
94.1  3466.158
94  3487.4572
93.9  3572.4488
93.8  3554.2853
93.7  3576.4826
93.6  3623.672
93.5  3731.7406
93.4  3804.1396
93.3  3770.1669
93.2  3699.9159
93.1  3902.8264
93  3813.3697
92.9  3916.2261
92.8  3808.8775
92.7  3888.1014
92.6  3852.7733
92.5  3965.3844
92.4  3938.6878
92.3  3942.8787
92.2  3902.6188
92.1  3741.4806
92  3867.7291
91.9  3983.8161
91.8  3773.8147
91.7  3782.512
91.6  3799.6965
91.5  3769.349
91.4  3763.1981
91.3  3826.4971
91.2  3695.54
91.1  3768.1934
91  3917.9373
90.9  3810.0391
90.8  3905.6597
90.7  3845.0011
90.6  3914.1185
90.5  3915.8353
90.4  3799.2085
90.3  3890.9466
90.2  3888.0999
90.1  3936.7236
90  3847.0573
89.9  3946.6761
89.8  3847.1894
89.7  4035.6505
89.6  4160.2131
89.5  4095.4335
89.4  4110.0533
89.3  4004.4173
89.2  4070.9787
89.1  4162.1481
89  3991.9431
88.9  4049.893
88.8  4237.6735
88.7  4063.2284
88.6  4011.4929
88.5  4006.2574
88.4  3941.362
88.3  4036.594
88.2  3843.263
88.1  3817.8079
88  3798.8096
87.9  3683.925
87.8  3514.2963
87.7  3567.7273
87.6  3431.5765
87.5  3347.7794
87.4  3291.2596
87.3  3336.5226
87.2  3241.1629
87.1  3088.5256
87  3070.4367
86.9  3120.3501
86.8  2991.1055
86.7  2993.2338
86.6  2899.4617
86.5  2935.587
86.4  2920.0003
86.3  2801.6761
86.2  2886.5698
86.1  2790.8835
86  2763.7791
85.9  2738.8829
85.8  2735.1303
85.7  2623.3651
85.6  2694.9659
85.5  2685.2888
85.4  2710.3316
85.3  2655.2878
85.2  2700.6694
85.1  2713.2895
85  2594.1279
84.9  2522.2179
84.8  2628.8011
84.7  2603.1575
84.6  2628.9568
84.5  2614.0356
84.4  2544.8118
84.3  2500.7288
84.2  2544.8582
84.1  2688.5855
84  2650.3871
83.9  2713.5447
83.8  2556.2459
83.7  2559.307
83.6  2524.0353
83.5  2563.8366
83.4  2560.8917
83.3  2632.6614
83.2  2643.7479
83.1  2654.8145
83  2850.38
82.9  2693.0245
82.8  2739.6117
82.7  2771.941
82.6  2849.6928
82.5  2942.2781
82.4  3055.4456
82.3  2988.1441
82.2  2965.3663
82.1  3185.5741
82  3113.733
81.9  3275.3766
81.8  3305.2729
81.7  3467.3667
81.6  3410.903
81.5  3753.6869
81.4  3748.8478
81.3  3897.8546
81.2  3924.0393
81.1  4055.0982
81  4133.7438
80.9  4119.2057
80.8  4308.8583
80.7  4382.3763
80.6  4661.7471
80.5  4691.2833
80.4  4691.5571
80.3  4925.4286
80.2  4957.2628
80.1  4854.8119
80  4998.3902
79.9  5041.3545
79.8  5117.2665
79.7  5130.3613
79.6  5383.7249
79.5  5254.7032
79.4  5255.5352
79.3  5137.9642
79.2  5005.6572
79.1  5099.846
79  5160.846
78.9  4774.7536
78.8  4823.7182
78.7  4766.8006
78.6  4745.0801
78.5  4418.0747
78.4  4425.1656
78.3  4359.6891
78.2  4106.6525
78.1  4176.3076
78  3893.6174
77.9  3901.0005
77.8  3708.6729
77.7  3686.4364
77.6  3619.2718
77.5  3489.698
77.4  3449.8241
77.3  3315.3278
77.2  3204.6095
77.1  3130.1632
77  3027.7759
76.9  3023.0323
76.8  2898.7019
76.7  2850.0995
76.6  2824.9757
76.5  2705.4903
76.4  2644.7723
76.3  2638.0683
76.2  2613.1833
76.1  2592.0819
76  2592.8712
75.9  2544.7983
75.8  2447.8129
75.7  2380.9169
75.6  2349.4598
75.5  2380.6914
75.4  2486.4194
75.3  2346.7527
75.2  2311.2977
75.1  2424.5723
75  2320.9071
74.9  2305.8944
74.8  2312.4819
74.7  2391.3262
74.6  2385.5995
74.5  2294.9537
74.4  2393.5106
74.3  2332.0179
74.2  2382.3375
74.1  2339.145
74  2295.5543
73.9  2279.8205
73.8  2294.0868
73.7  2367.9953
73.6  2280.2771
73.5  2293.435
73.4  2227.836
73.3  2275.5994
73.2  2200.1062
73.1  2418.2438
73  2286.9226
72.9  2340.1108
72.8  2310.1159
72.7  2181.0348
72.6  2224.21
72.5  2340.543
72.4  2377.6746
72.3  2284.2426
72.2  2289.8387
72.1  2377.4515
72  2336.1299
71.9  2208.5181
71.8  2271.3603
71.7  2351.7437
71.6  2388.5942
71.5  2419.2294
71.4  2379.3214
71.3  2246.0177
71.2  2418.4526
71.1  2369.4683
71  2482.8055
70.9  2410.3404
70.8  2472.7422
70.7  2480.3731
70.6  2430.8248
70.5  2306.0339
70.4  2432.465
70.3  2440.8884
70.2  2415.8194
70.1  2292.4654
70  2469.7585
69.9  2431.6835
69.8  2410.8051
69.7  2481.2187
69.6  2396.2445
69.5  2277.5594
69.4  2474.7146
69.3  2473.7855
69.2  2414.8881
69.1  2552.7529
69  2515.1811
68.9  2382.7606
68.8  2423.0313
68.7  2431.3898
68.6  2499.555
68.5  2291.6227
68.4  2410.0066
68.3  2487.5816
68.2  2415.6959
68.1  2404.347
68  2256.1891
67.9  2368.2997
67.8  2376.0559
67.7  2372.8726
67.6  2409.9693
67.5  2478.0046
67.4  2403.6556
67.3  2474.4773
67.2  2346.724
67.1  2319.3864
67  2451.1311
66.9  2341.5026
66.8  2399.971
66.7  2344.759
66.6  2260.3515
66.5  2302.9295
66.4  2367.3542
66.3  2264.2948
66.2  2329.7842
66.1  2285.622
66  2218.3082
65.9  2355.1177
65.8  2337.3664
65.7  2325.1653
65.6  2273.7008
65.5  2264.1847
65.4  2193.7612
65.3  2286.8413
65.2  2297.681
65.1  2366.3003
65  2284.8211
64.9  2269.4673
64.8  2232.575
64.7  2252.3254
64.6  2289.4537
64.5  2236.9894
64.4  2178.8788
64.3  2269.8562
64.2  2204.04
64.1  2247.5287
64  2293.6588
63.9  2223.7749
63.8  2125.2084
63.7  2203.5602
63.6  2238.0981
63.5  2260.3197
63.4  2323.6704
63.3  2253.1681
63.2  2176.8653
63.1  2180.9233
63  2198.3879
62.9  2227.1925
62.8  2167.5021
62.7  2186.974
62.6  2093.0252
62.5  2099.6183
62.4  2133.4845
62.3  2167.2894
62.2  2184.4938
62.1  2197.672
62  2100.9752
61.9  2064.1499
61.8  2156.9297
61.7  2284.4832
61.6  2224.8381
61.5  2119.434
61.4  2110.2534
61.3  2260.808
61.2  2170.0914
61.1  2130.1978
61  2178.1346
60.9  2228.6066
60.8  2056.7864
60.7  2191.3485
60.6  2197.9798
60.5  2120.2231
60.4  2193.9669
60.3  2205.8083
60.2  2048.5736
60.1  2134.0788
60  2143.2339
59.9  2094.5343
59.8  2072.2116
59.7  2176.594
59.6  2095.6285
59.5  2047.1116
59.4  2138.0515
59.3  2151.5492
59.2  2134.6511
59.1  2073.3928
59  2130.2325
58.9  2019.3705
58.8  2078.7404
58.7  2119.9804
58.6  2061.4012
58.5  2151.0856
58.4  2251.7122
58.3  2141.2888
58.2  2130.582
58.1  2148.7326
58  2013.9789
57.9  2232.7086
57.8  2170.802
57.7  2171.64
57.6  2087.2491
57.5  2151.6026
57.4  2203.9263
57.3  2139.3479
57.2  2085.2255
57.1  2100.121
57  2055.5488

# Operation:                    Peak Fit
# Range Start:                  90
# Range End:                    70.5317
# Parameter: "Transition" = 
# Parameter: "Label" = 
# Parameter: "Background Method" = Tougaard
# Parameter: "Peak Shape" = Voigt
# Parameter: "Asymmetric Peak" = false
# Parameter: "FWHM-Annotation" = S-B = <Signal-BG:@>\nFWHM = <FWHM:@>\nArea = <Area:@>
# Parameter: "Peak-Annotation" = <Label>\n<Transition>\nE = <Center:@>
#
# Result:
# Number of Results:            2
# Parameter: "Transition" = 
# Parameter: "Label" = 
# Parameter: "Center" = 79.440543010498459 eV +- 0.013175723537256077
# Parameter: "Area" = 10445.032311529338 cps eV +- 99.040125110835746
# Parameter: "FWHM (Lorentzian)" = 0 eV +- 0
# Parameter: "FWHM (Gaussian)" = 3.4522664698372001 eV +- 0.031636466796040881
# Parameter: "Asymmetry" = 0 +- 0
# Parameter: "Tougaard B" = 32839.160030272644 eV^2 +- 377.50706761138423
# Parameter: "Tougaard C" = 1643 eV^2 +- 0
# Parameter: "FWHM" = 3.4522664698372001 eV
# Parameter: "Baseline Offset" = 2252.0148374635337 cps +- 9.3162907659790992
# Parameter: "Abbe factor" = 0.090285811925244125
# Parameter: "Reduced Chi Square" = 7.8814056245016744
# Parameter: "Q Probability" = 1.3550426874158363e-199
# Parameter: "Number of performed iterations" = 11
# Parameter: "Fit termination reason" = ConvergedInChi
# Parameter: "Signal" = 5168.8247214026724 cps
# Parameter: "Signal-BG" = 2842.3219402109999 cps
#
# Result Name:                  Background
# Number of Curves:             1
#
# Curve:                        0
# Values/Curve:                 114
#
90  3738.1888
89.828319  3709.2683
89.656637  3680.6061
89.484956  3652.1963
89.313274  3624.0325
89.141593  3596.1088
88.969912  3568.4192
88.79823  3540.9578
88.626549  3513.7189
88.454867  3486.6967
88.283186  3459.8857
88.111504  3433.2804
87.939823  3406.8752
87.768142  3380.6648
87.59646  3354.6439
87.424779  3328.8073
87.253097  3303.1499
87.081416  3277.6666
86.909735  3252.3524
86.738053  3227.2024
86.566372  3202.2117
86.39469  3177.3757
86.223009  3152.6895
86.051327  3128.1487
85.879646  3103.7485
85.707965  3079.4846
85.536283  3055.3525
85.364602  3031.348
85.19292  3007.4668
85.021239  2983.7049
84.849558  2960.0584
84.677876  2936.5234
84.506195  2913.0965
84.334513  2889.7746
84.162832  2866.555
83.99115  2843.4355
83.819469  2820.4148
83.647788  2797.4927
83.476106  2774.6701
83.304425  2751.9499
83.132743  2729.3368
82.961062  2706.8385
82.789381  2684.4655
82.617699  2662.2323
82.446018  2640.1578
82.274336  2618.2658
82.102655  2596.5856
81.930973  2575.1525
81.759292  2554.008
81.587611  2533.1999
81.415929  2512.7819
81.244248  2492.8134
81.072566  2473.3584
80.900885  2454.4842
80.729204  2436.2603
80.557522  2418.7558
80.385841  2402.038
80.214159  2386.1699
80.042478  2371.2079
79.870796  2357.2001
79.699115  2344.1837
79.527434  2332.184
79.355752  2321.2133
79.184071  2311.27
79.012389  2302.339
78.840708  2294.3918
78.669027  2287.3879
78.497345  2281.2766
78.325664  2275.998
78.153982  2271.4861
77.982301  2267.6704
77.810619  2264.4784
77.638938  2261.8375
77.467257  2259.677
77.295575  2257.9295
77.123894  2256.5323
76.952212  2255.4281
76.780531  2254.5658
76.60885  2253.9004
76.437168  2253.393
76.265487  2253.0108
76.093805  2252.7264
75.922124  2252.5174
75.750442  2252.3656
75.578761  2252.2569
75.40708  2252.1798
75.235398  2252.126
75.063717  2252.0888
74.892035  2252.0635
74.720354  2252.0465
74.548673  2252.0351
74.376991  2252.0277
74.20531  2252.0229
74.033628  2252.0198
73.861947  2252.0179
73.690265  2252.0167
73.518584  2252.0159
73.346903  2252.0155
73.175221  2252.0152
73.00354  2252.0151
72.831858  2252.015
72.660177  2252.0149
72.488496  2252.0149
72.316814  2252.0149
72.145133  2252.0148
71.973451  2252.0148
71.80177  2252.0148
71.630088  2252.0148
71.458407  2252.0148
71.286726  2252.0148
71.115044  2252.0148
70.943363  2252.0148
70.771681  2252.0148
70.6  2252.0148

# Result Name:                  Peak Fit
# Number of Curves:             1
#
# Curve:                        0
# Values/Curve:                 114
#
90  3738.1888
89.828319  3709.2683
89.656637  3680.6061
89.484956  3652.1963
89.313274  3624.0325
89.141593  3596.1088
88.969912  3568.4192
88.79823  3540.9578
88.626549  3513.7189
88.454867  3486.6968
88.283186  3459.8858
88.111504  3433.2805
87.939823  3406.8753
87.768142  3380.6651
87.59646  3354.6445
87.424779  3328.8084
87.253097  3303.1518
87.081416  3277.6702
86.909735  3252.359
86.738053  3227.2142
86.566372  3202.2328
86.39469  3177.4127
86.223009  3152.7535
86.051327  3128.2579
85.879646  3103.9324
85.707965  3079.7901
85.536283  3055.8531
85.364602  3032.1571
85.19292  3008.7566
85.021239  2985.7331
84.849558  2963.2041
84.677876  2941.3361
84.506195  2920.3592
84.334513  2900.5852
84.162832  2882.4275
83.99115  2866.4228
83.819469  2853.2527
83.647788  2843.7634
83.476106  2838.9805
83.304425  2840.1157
83.132743  2848.5608
82.961062  2865.8655
82.789381  2893.6949
82.617699  2933.7629
82.446018  2987.7411
82.274336  3057.1434
82.102655  3143.1887
81.930973  3246.651
81.759292  3367.704
81.587611  3505.7759
81.415929  3659.4275
81.244248  3826.2705
81.072566  4002.9417
80.900885  4185.1431
80.729204  4367.7573
80.557522  4545.0376
80.385841  4710.8674
80.214159  4859.073
80.042478  4983.7699
79.870796  5079.7154
79.699115  5142.6384
79.527434  5169.5181
79.355752  5158.7854
79.184071  5110.4289
79.012389  5025.9961
78.840708  4908.4879
78.669027  4762.1583
78.497345  4592.2369
78.325664  4404.5993
78.153982  4205.4144
77.982301  4000.7985
77.810619  3796.501
77.638938  3597.6452
77.467257  3408.5365
77.295575  3232.5468
77.123894  3072.0728
76.952212  2928.5617
76.780531  2802.5918
76.60885  2693.9942
76.437168  2601.9981
76.265487  2525.3852
76.093805  2462.6412
75.922124  2412.0922
75.750442  2372.0203
75.578761  2340.756
75.40708  2316.7442
75.235398  2298.5873
75.063717  2285.0675
74.892035  2275.1533
74.720354  2267.9924
74.548673  2262.8975
74.376991  2259.3264
74.20531  2256.8602
74.033628  2255.1822
73.861947  2254.0571
73.690265  2253.3137
73.518584  2252.8297
73.346903  2252.5191
73.175221  2252.3226
73.00354  2252.2001
72.831858  2252.1249
72.660177  2252.0793
72.488496  2252.0521
72.316814  2252.0361
72.145133  2252.0268
71.973451  2252.0215
71.80177  2252.0185
71.630088  2252.0168
71.458407  2252.0159
71.286726  2252.0154
71.115044  2252.0151
70.943363  2252.015
70.771681  2252.0149
70.6  2252.0149

# Region:                       Mo 3d
# Spectrum ID:                  12
# Acquisition Date:             06/26/26 17:40:52 UTC
# Analysis Method:              XPS
# Analyzer:                     PHOIBOS MCD5 Analyzer
# Analyzer Lens:                LargeArea:1.5kV
# Analyzer Slit:                5:7x20\B:open
# Scan Mode:                    FixedAnalyzerTransmission
# Curves/Scan:                  1
# Values/Curve:                 421
# Dwell Time:                   0.1
# Excitation Energy:            1486.61
# Binding Energy:               257
# Pass Energy:                  50
# Bias Voltage:                 90
# Detector Voltage:             3000
# Eff. Workfunction:            4.543
# Source:                       X-Ray Dummy
# Comment:                      
#
# Cycle: 0
# Number of Scans: 5
#
# Cycle: 0, Curve: 0
# Acquisition Date:             06/26/26 17:40:52 UTC
#
# ColumnLabels:                 energy counts/s
#
257  5412.5618
256.9  5463.2702
256.8  5381.3182
256.7  5587.5395
256.6  5641.4212
256.5  5630.111
256.4  5387.2013
256.3  5438.2694
256.2  5442.4533
256.1  5474.9617
256  5436.3009
255.9  5324.4357
255.8  5344.7562
255.7  5303.1253
255.6  5368.6765
255.5  5269.7095
255.4  5390.5468
255.3  5436.0079
255.2  5268.1884
255.1  5387.8924
255  5467.0581
254.9  5551.5265
254.8  5693.7465
254.7  5478.1486
254.6  5297.867
254.5  5464.0376
254.4  5617.5839
254.3  5460.5022
254.2  5532.5527
254.1  5573.5238
254  5427.6673
253.9  5476.2057
253.8  5499.5329
253.7  5461.3271
253.6  5375.2028
253.5  5379.8938
253.4  5469.9262
253.3  5381.9622
253.2  5618.8409
253.1  5676.2512
253  5379.0322
252.9  5366.0863
252.8  5305.0067
252.7  5450.2946
252.6  5433.9983
252.5  5377.5527
252.4  5463.8237
252.3  5587.865
252.2  5425.3067
252.1  5279.0933
252  5259.8368
251.9  5260.3243
251.8  5256.0437
251.7  5205.0372
251.6  5366.9906
251.5  5655.517
251.4  5394.7274
251.3  5499.0533
251.2  5250.8197
251.1  5369.4758
251  5294.7247
250.9  5287.9005
250.8  5344.7618
250.7  5199.8879
250.6  5237.1672
250.5  5251.4454
250.4  5344.2069
250.3  5320.2151
250.2  5331.6861
250.1  5397.0701
250  5371.0939
249.9  5419.28
249.8  5346.3494
249.7  5463.2337
249.6  5248.6302
249.5  5295.4077
249.4  5226.8039
249.3  5415.6139
249.2  5174.7771
249.1  5194.921
249  5308.1613
248.9  5548.8539
248.8  5350.7665
248.7  5276.4419
248.6  5255.4484
248.5  5126.94
248.4  5226.2147
248.3  5252.3674
248.2  5089.3254
248.1  5270.0539
248  5213.5924
247.9  5242.7046
247.8  5319.7045
247.7  5296.9629
247.6  5311.0076
247.5  5281.9834
247.4  5249.2039
247.3  5157.4127
247.2  5260.8074
247.1  5271.6082
247  5246.5953
246.9  5179.3647
246.8  5278.8428
246.7  5074.2332
246.6  5244.467
246.5  5249.9272
246.4  5161.3173
246.3  5375.7589
246.2  5275.4541
246.1  5260.3539
246  5257.0856
245.9  5227.5328
245.8  5316.6965
245.7  5381.645
245.6  5256.3038
245.5  5235.4613
245.4  5256.3785
245.3  5408.7482
245.2  5310.8843
245.1  5148.4961
245  5225.2775
244.9  5233.2539
244.8  5143.2611
244.7  5349.6105
244.6  5409.3894
244.5  5299.3594
244.4  5263.4418
244.3  5228.4641
244.2  5300.8468
244.1  5280.1365
244  5308.5079
243.9  5372.9513
243.8  5398.9305
243.7  5539.6781
243.6  5558.4926
243.5  5581.3086
243.4  5633.2826
243.3  5625.9842
243.2  5695.4094
243.1  5598.4038
243  5690.3318
242.9  5849.8451
242.8  5807.7241
242.7  5833.8343
242.6  6081.5153
242.5  5935.2612
242.4  6117.8125
242.3  6069.1757
242.2  6065.0417
242.1  6082.3662
242  6079.5408
241.9  6188.9806
241.8  6244.4761
241.7  6196.0608
241.6  6332.0194
241.5  6319.1225
241.4  6540.3811
241.3  6278.2536
241.2  6271.5237
241.1  6502.7782
241  6451.498
240.9  6694.6246
240.8  6557.4316
240.7  6729.4878
240.6  6763.5964
240.5  6766.9895
240.4  6550.0699
240.3  6595.1064
240.2  6740.8694
240.1  6646.3012
240  6779.2917
239.9  6639.8403
239.8  6681.821
239.7  6766.6987
239.6  6804.0917
239.5  6664.958
239.4  6727.1699
239.3  6730.9214
239.2  6763.733
239.1  6993.1061
239  6960.5874
238.9  6836.5483
238.8  6930.6885
238.7  6973.2485
238.6  6925.0342
238.5  6860.9912
238.4  7022.0146
238.3  7087.8536
238.2  7004.312
238.1  7109.0747
238  7087.9763
237.9  6871.6239
237.8  6858.3829
237.7  7070.0954
237.6  6955.4697
237.5  6973.6513
237.4  6897.9056
237.3  7017.3698
237.2  6687.1113
237.1  6736.209
237  6722.9905
236.9  6803.8013
236.8  6567.5849
236.7  6535.8644
236.6  6315.961
236.5  6319.795
236.4  6172.3356
236.3  6199.1962
236.2  6013.9474
236.1  6165.2829
236  5929.7052
235.9  5759.8067
235.8  5757.8683
235.7  5762.9522
235.6  5831.8447
235.5  5713.7529
235.4  5633.1722
235.3  5529.1253
235.2  5430.5052
235.1  5432.3025
235  5478.8716
234.9  5260.4678
234.8  5323.2853
234.7  5418.1138
234.6  5280.7679
234.5  5293.9256
234.4  5225.9691
234.3  5032.8078
234.2  5205.8645
234.1  5301.3342
234  5118.012
233.9  5068.5728
233.8  5011.3105
233.7  5042.9401
233.6  5109.1919
233.5  5008.9897
233.4  4912.6493
233.3  4946.5035
233.2  4899.785
233.1  5111.913
233  4992.6538
232.9  5050.4194
232.8  5109.3037
232.7  5098.4749
232.6  5087.8077
232.5  5201.7656
232.4  5059.0103
232.3  4983.5679
232.2  5059.3531
232.1  5011.6948
232  4856.509
231.9  5027.8548
231.8  5071.5868
231.7  5044.6798
231.6  4970.425
231.5  4965.2741
231.4  5086.2212
231.3  5068.0547
231.2  5127.68
231.1  4970.5876
231  5100.3271
230.9  4876.2995
230.8  4817.4978
230.7  5047.7987
230.6  4995.2692
230.5  4962.4873
230.4  4954.1886
230.3  5013.1349
230.2  5121.0121
230.1  5185.8982
230  5008.1486
229.9  5156.363
229.8  5093.7151
229.7  4984.0675
229.6  5052.9518
229.5  5078.658
229.4  5040.1392
229.3  4891.5131
229.2  5089.9871
229.1  4954.9963
229  5026.5706
228.9  5109.3673
228.8  5183.8195
228.7  5153.4067
228.6  5041.0862
228.5  5067.2111
228.4  4999.8352
228.3  5187.6117
228.2  5252.6275
228.1  5070.316
228  5225.8674
227.9  5073.7199
227.8  5096.1501
227.7  5072.1291
227.6  4969.4317
227.5  5042.8586
227.4  5085.8893
227.3  5126.6254
227.2  5171.5634
227.1  4969.1244
227  5005.7324
226.9  4914.0638
226.8  4997.4339
226.7  4995.7084
226.6  5023.9514
226.5  4876.7991
226.4  5028.9521
226.3  5009.094
226.2  4992.7299
226.1  5165.8692
226  5051.4529
225.9  4978.4747
225.8  4915.1085
225.7  4997.055
225.6  4960.4292
225.5  4864.2981
225.4  4968.8417
225.3  5017.8323
225.2  5081.1286
225.1  5023.8133
225  4918.3147
224.9  4809.9164
224.8  4905.6897
224.7  5022.6027
224.6  4987.0161
224.5  5041.3859
224.4  4703.8982
224.3  4895.1878
224.2  5102.4896
224.1  5007.0962
224  4875.6519
223.9  4965.503
223.8  4863.3832
223.7  4824.8271
223.6  4865.3341
223.5  4903.2826
223.4  4683.3631
223.3  4930.31
223.2  4764.8656
223.1  4874.964
223  4752.9318
222.9  4819.943
222.8  4902.3722
222.7  4785.6428
222.6  4916.0276
222.5  5084.1614
222.4  4804.5524
222.3  4816.8605
222.2  4874.507
222.1  4913.5955
222  4869.1056
221.9  4973.6283
221.8  4930.8474
221.7  4894.4997
221.6  5010.1004
221.5  4871.9506
221.4  4884.0043
221.3  4919.9945
221.2  4811.788
221.1  4979.1219
221  4959.2763
220.9  4815.5089
220.8  4922.1157
220.7  4843.9128
220.6  4798.5028
220.5  4852.1552
220.4  4735.2835
220.3  4947.7803
220.2  4949.7853
220.1  4881.9652
220  4983.9253
219.9  4818.4368
219.8  4963.0764
219.7  4823.6532
219.6  4741.8083
219.5  4926.6377
219.4  4965.3483
219.3  4740.6045
219.2  4830.3681
219.1  4894.7033
219  4870.7982
218.9  4948.0113
218.8  4994.8948
218.7  4915.3178
218.6  4766.2488
218.5  4813.1901
218.4  4750.5611
218.3  4740.4829
218.2  4736.6533
218.1  4817.9324
218  4836.5914
217.9  4873.3085
217.8  4834.1922
217.7  4748.9243
217.6  4915.7199
217.5  4893.8945
217.4  4951.206
217.3  4783.1194
217.2  4905.8707
217.1  5117.4083
217  4827.6315
216.9  4912.392
216.8  4819.7108
216.7  4924.9399
216.6  4827.6264
216.5  4788.3725
216.4  4733.955
216.3  4888.2421
216.2  4768.4641
216.1  4790.0373
216  4821.9659
215.9  4891.4764
215.8  4810.5733
215.7  4799.3055
215.6  4758.6532
215.5  4807.0792
215.4  4811.64
215.3  4595.1928
215.2  4835.3486
215.1  4660.8981
215  4815.062

# Region:                       Mo 3d Hi Res
# Spectrum ID:                  13
# Acquisition Date:             06/26/26 17:48:07 UTC
# Analysis Method:              XPS
# Analyzer:                     PHOIBOS MCD5 Analyzer
# Analyzer Lens:                LargeArea:1.5kV
# Analyzer Slit:                5:7x20\B:open
# Scan Mode:                    FixedAnalyzerTransmission
# Curves/Scan:                  1
# Values/Curve:                 421
# Dwell Time:                   0.1
# Excitation Energy:            1486.61
# Binding Energy:               257
# Pass Energy:                  10
# Bias Voltage:                 90
# Detector Voltage:             3000
# Eff. Workfunction:            4.543
# Source:                       X-Ray Dummy
# Comment:                      
#
# Cycle: 0
# Number of Scans: 20
#
# Cycle: 0, Curve: 0
# Acquisition Date:             06/26/26 17:48:07 UTC
#
# ColumnLabels:                 energy counts/s
#
257  327.75483
256.9  287.30577
256.8  295.12473
256.7  287.14031
256.6  341.15361
256.5  305.97977
256.4  320.25666
256.3  327.85839
256.2  287.13427
256.1  311.2934
256  293.5785
255.9  293.70677
255.8  292.49088
255.7  312.81477
255.6  316.18839
255.5  317.49167
255.4  315.87997
255.3  300.37466
255.2  301.41508
255.1  305.08268
255  294.14693
254.9  291.07045
254.8  301.57703
254.7  287.75759
254.6  293.4914
254.5  296.40156
254.4  311.36019
254.3  313.03326
254.2  308.70283
254.1  311.05472
254  320.16876
253.9  299.92007
253.8  313.77965
253.7  292.96262
253.6  297.90311
253.5  310.43948
253.4  302.01848
253.3  323.37209
253.2  307.93219
253.1  330.24584
253  314.72272
252.9  307.46366
252.8  310.07429
252.7  308.88687
252.6  321.87174
252.5  314.98781
252.4  300.68269
252.3  302.50224
252.2  310.46123
252.1  291.69458
252  294.35667
251.9  313.22561
251.8  303.1915
251.7  317.30697
251.6  292.29951
251.5  278.63793
251.4  301.59477
251.3  301.60173
251.2  305.29516
251.1  269.91835
251  296.12976
250.9  300.39689
250.8  304.79243
250.7  310.95107
250.6  312.06035
250.5  299.72617
250.4  291.86727
250.3  294.42839
250.2  303.38749
250.1  308.02164
250  288.29731
249.9  292.84373
249.8  285.29115
249.7  302.64073
249.6  284.94525
249.5  296.7468
249.4  290.82109
249.3  301.28187
249.2  298.80247
249.1  292.66943
249  292.70651
248.9  283.01305
248.8  297.49518
248.7  307.87537
248.6  286.23148
248.5  300.60588
248.4  304.04669
248.3  287.08153
248.2  291.63029
248.1  300.77012
248  286.9739
247.9  286.33107
247.8  290.65441
247.7  302.36881
247.6  282.21906
247.5  264.33598
247.4  283.45658
247.3  315.10364
247.2  290.20396
247.1  298.05367
247  279.02571
246.9  296.16923
246.8  293.13579
246.7  287.21128
246.6  298.42891
246.5  277.25152
246.4  283.33492
246.3  321.54734
246.2  291.10811
246.1  295.9317
246  302.03122
245.9  272.84865
245.8  310.4567
245.7  291.99861
245.6  296.70522
245.5  291.84908
245.4  302.5045
245.3  295.41175
245.2  277.34906
245.1  298.18551
245  284.17114
244.9  278.08754
244.8  303.24099
244.7  300.46335
244.6  322.4764
244.5  288.32498
244.4  281.07757
244.3  272.32387
244.2  289.47406
244.1  291.7114
244  302.65289
243.9  295.44677
243.8  304.38494
243.7  297.92427
243.6  295.94229
243.5  304.31377
243.4  311.52665
243.3  314.77614
243.2  297.00042
243.1  286.20298
243  317.82197
242.9  325.64979
242.8  307.34586
242.7  326.00706
242.6  317.9369
242.5  317.56279
242.4  311.58004
242.3  315.51615
242.2  335.2171
242.1  309.80535
242  336.73363
241.9  322.81002
241.8  329.42194
241.7  351.86074
241.6  342.65672
241.5  347.13064
241.4  342.8497
241.3  345.33312
241.2  331.60523
241.1  342.02873
241  351.88898
240.9  342.1294
240.8  346.70626
240.7  331.85008
240.6  356.49292
240.5  349.34825
240.4  351.15994
240.3  338.95915
240.2  361.49918
240.1  334.55557
240  357.94073
239.9  367.01009
239.8  355.44297
239.7  349.9082
239.6  325.56291
239.5  336.00894
239.4  337.07871
239.3  348.09543
239.2  352.0258
239.1  352.26503
239  347.6668
238.9  352.59429
238.8  357.13692
238.7  343.17364
238.6  375.38918
238.5  382.66197
238.4  373.82986
238.3  364.00841
238.2  356.74894
238.1  371.55249
238  378.59166
237.9  392.92996
237.8  364.04826
237.7  365.07199
237.6  362.36066
237.5  370.98323
237.4  383.20992
237.3  386.93671
237.2  354.82589
237.1  360.34932
237  342.52964
236.9  343.5277
236.8  325.28717
236.7  325.65324
236.6  351.73636
236.5  338.76123
236.4  330.04335
236.3  316.84069
236.2  305.73419
236.1  325.19045
236  320.53452
235.9  323.03609
235.8  315.36794
235.7  283.21067
235.6  297.73405
235.5  309.56431
235.4  312.74284
235.3  293.71591
235.2  311.74701
235.1  309.77269
235  296.69717
234.9  273.60995
234.8  285.70902
234.7  301.79564
234.6  293.78181
234.5  287.30872
234.4  293.59559
234.3  298.83229
234.2  294.99206
234.1  279.68543
234  275.05451
233.9  269.06899
233.8  275.21309
233.7  302.74628
233.6  280.85115
233.5  300.18501
233.4  285.48767
233.3  285.17581
233.2  294.80413
233.1  280.03488
233  273.06391
232.9  273.89446
232.8  284.93346
232.7  259.92281
232.6  308.84548
232.5  289.28842
232.4  288.67748
232.3  272.53371
232.2  287.01952
232.1  281.69081
232  302.26217
231.9  286.57145
231.8  278.42129
231.7  282.22603
231.6  280.3175
231.5  288.21432
231.4  270.86194
231.3  297.63047
231.2  281.07207
231.1  303.35877
231  282.62875
230.9  274.56401
230.8  298.58263
230.7  302.97751
230.6  273.20948
230.5  266.85821
230.4  270.3691
230.3  260.75039
230.2  278.91289
230.1  281.78186
230  287.69142
229.9  293.45109
229.8  305.47005
229.7  292.52445
229.6  294.11771
229.5  287.73629
229.4  297.94736
229.3  281.10439
229.2  280.23416
229.1  292.3866
229  290.2138
228.9  303.91485
228.8  288.66405
228.7  308.07893
228.6  290.46969
228.5  273.64675
228.4  309.68244
228.3  285.96649
228.2  269.67378
228.1  278.09504
228  278.35772
227.9  266.20999
227.8  301.99295
227.7  271.80958
227.6  291.43232
227.5  270.58108
227.4  296.10246
227.3  294.01838
227.2  286.91085
227.1  264.57981
227  286.53014
226.9  274.22028
226.8  301.07966
226.7  303.0078
226.6  305.58319
226.5  267.34607
226.4  275.03817
226.3  286.49597
226.2  265.93484
226.1  280.31488
226  298.57322
225.9  284.19935
225.8  303.58972
225.7  270.18839
225.6  285.50337
225.5  283.36184
225.4  285.09763
225.3  277.12938
225.2  283.4795
225.1  306.85765
225  279.95208
224.9  285.39583
224.8  286.93096
224.7  278.00179
224.6  272.88755
224.5  275.4747
224.4  278.92151
224.3  261.36889
224.2  284.77973
224.1  252.76773
224  282.83921
223.9  277.20475
223.8  284.46963
223.7  280.13155
223.6  268.02577
223.5  272.7988
223.4  272.05525
223.3  269.9643
223.2  282.37377
223.1  295.31957
223  274.63134
222.9  290.26401
222.8  288.77643
222.7  277.25397
222.6  270.77005
222.5  279.26281
222.4  281.55166
222.3  281.83265
222.2  266.77628
222.1  267.18508
222  277.68574
221.9  267.06662
221.8  280.5664
221.7  271.93487
221.6  279.70459
221.5  270.02271
221.4  269.28935
221.3  286.40551
221.2  281.2748
221.1  265.14767
221  273.24022
220.9  288.25911
220.8  265.71992
220.7  287.22778
220.6  258.76732
220.5  267.58143
220.4  262.87049
220.3  268.1945
220.2  282.74171
220.1  275.5012
220  279.54807
219.9  283.29019
219.8  292.11264
219.7  288.95749
219.6  289.18575
219.5  268.64182
219.4  270.07357
219.3  272.29288
219.2  276.89274
219.1  278.05764
219  272.64712
218.9  282.66927
218.8  271.67502
218.7  272.70553
218.6  262.03794
218.5  266.22054
218.4  277.56672
218.3  271.7915
218.2  267.40406
218.1  283.48143
218  276.82044
217.9  287.50919
217.8  266.39345
217.7  272.13157
217.6  267.2306
217.5  270.94685
217.4  279.12089
217.3  270.63435
217.2  275.93645
217.1  277.06892
217  274.66762
216.9  254.6336
216.8  262.14633
216.7  274.25497
216.6  270.69497
216.5  271.93375
216.4  271.4524
216.3  272.64038
216.2  274.8756
216.1  265.81953
216  261.61083
215.9  262.56114
215.8  276.0621
215.7  287.72675
215.6  261.84482
215.5  272.52604
215.4  273.85379
215.3  272.74057
215.2  257.95103
215.1  260.8595
215  273.91001

# Operation:                    Multi Peak Fit
# Parameter: "Peak Function" = Voigt
# Parameter: "Background Function" = Tougaard 2
# Parameter: "Baseline" = Constant
# Parameter: "LM Parameters/Max Iterations" = 200
# Parameter: "LM Parameters/Tolerance" = 2.2204459999999999e-16
# Parameter: "Baseline/BL_I/Value" = nan counts
# Parameter: "Peak 1/C/Value" = nan eV
# Parameter: "Peak 1/A/Value" = nan counts eV
# Parameter: "Peak 1/FL/Value" = nan eV
# Parameter: "Peak 1/FG/Value" = nan eV
# Parameter: "Peak 1/a/Value" = 0
# Parameter: "Peak 1/a/Constraint" = Fixed: 0
# Parameter: "Peak 1/TB/Value" = nan eV^2
# Parameter: "Peak 1/TC/Value" = 1643 eV^2
# Parameter: "Peak 1/TC/Constraint" = Fixed: 1643
# Parameter: "Peak 2/C/Value" = nan eV
# Parameter: "Peak 2/A/Value" = nan counts eV
# Parameter: "Peak 2/FL/Value" = nan eV
# Parameter: "Peak 2/FG/Value" = nan eV
# Parameter: "Peak 2/a/Value" = 0
# Parameter: "Peak 2/a/Constraint" = Fixed: 0
# Parameter: "Peak 2/TB/Value" = nan eV^2
# Parameter: "Peak 2/TC/Value" = 1643 eV^2
# Parameter: "Peak 2/TC/Constraint" = Fixed: 1643
#
# Result:
# Number of Results:            5
# Parameter: "Baseline/BL_I/Value" = 553.45761191176609 counts +- 2.0177612926388471
# Parameter: "Peak 1/C/Value" = 1248.8154774893235 eV +- 0.11808157699075821
# Parameter: "Peak 1/C/Constraint" = Restricted: 1229.61 .. 1271.61
# Parameter: "Peak 1/Relative Area/Value" = 67.387948104595793 %
# Parameter: "Peak 1/A/Value" = 827.46305247872795 counts eV +- 107.23555302343298
# Parameter: "Peak 1/FL/Value" = 2.8554913029622737 eV +- 0.2828724044189983
# Parameter: "Peak 1/FG/Value" = 1.9671909947294772e-10 eV +- 0.00019486701838192236
# Parameter: "Peak 1/F/Value" = 2.8554923460076775 eV
# Parameter: "Peak 1/a/Value" = 0 +- 0
# Parameter: "Peak 1/a/Constraint" = Fixed: 0
# Parameter: "Peak 1/TB/Value" = 3623.3525387834857 eV^2 +- 5899.4274111859495
# Parameter: "Peak 1/TC/Value" = 1643 eV^2 +- 0
# Parameter: "Peak 1/TC/Constraint" = Fixed: 1643
# Parameter: "Peak 2/C/Value" = 1245.6363211715659 eV +- 0.19474343109179082
# Parameter: "Peak 2/C/Constraint" = Restricted: 1229.61 .. 1271.61
# Parameter: "Peak 2/Relative Area/Value" = 32.612051895404214 %
# Parameter: "Peak 2/A/Value" = 400.44650071672811 counts eV +- 143.13910750719302
# Parameter: "Peak 2/FL/Value" = 0.81180284309953343 eV +- 2.0028974640054096
# Parameter: "Peak 2/FG/Value" = 2.8817856486475448 eV +- 1.2766368466809015
# Parameter: "Peak 2/F/Value" = 3.340436332099932 eV
# Parameter: "Peak 2/a/Value" = 0 +- 0
# Parameter: "Peak 2/a/Constraint" = Fixed: 0
# Parameter: "Peak 2/TB/Value" = 19883.204492383575 eV^2 +- 6163.4544783280389
# Parameter: "Peak 2/TC/Value" = 1643 eV^2 +- 0
# Parameter: "Peak 2/TC/Constraint" = Fixed: 1643
# Parameter: "Fit Result/ChiSquare" = 364.09310972297044
# Parameter: "Fit Result/Reduced ChiSquare" = 0.89020320225665139
# Parameter: "Fit Result/Abbe Factor" = 0.86987029949926298
# Parameter: "Fit Result/Q-Probability" = 0.94608810052296133
# Parameter: "Termination State" = ConvergedInParameter
#
# Result Name:                  Background
# Number of Curves:             1
#
# Curve:                        0
# Values/Curve:                 296
#
257  308.62572
256.85763  308.35129
256.71525  308.07763
256.57288  307.80471
256.43051  307.5325
256.28814  307.26098
256.14576  306.99013
256.00339  306.71993
255.86102  306.45035
255.71864  306.18137
255.57627  305.91297
255.4339  305.64512
255.29153  305.37781
255.14915  305.111
255.00678  304.84469
254.86441  304.57885
254.72203  304.31346
254.57966  304.0485
254.43729  303.78394
254.29492  303.51978
254.15254  303.25598
254.01017  302.99254
253.8678  302.72942
253.72542  302.46661
253.58305  302.2041
253.44068  301.94187
253.29831  301.67989
253.15593  301.41816
253.01356  301.15664
252.87119  300.89534
252.72881  300.63423
252.58644  300.37329
252.44407  300.1125
252.30169  299.85187
252.15932  299.59136
252.01695  299.33097
251.87458  299.07067
251.7322  298.81046
251.58983  298.55033
251.44746  298.29026
251.30508  298.03023
251.16271  297.77024
251.02034  297.51027
250.87797  297.25031
250.73559  296.99036
250.59322  296.73039
250.45085  296.47041
250.30847  296.21039
250.1661  295.95034
250.02373  295.69024
249.88136  295.43008
249.73898  295.16986
249.59661  294.90957
249.45424  294.6492
249.31186  294.38875
249.16949  294.1282
249.02712  293.86756
248.88475  293.60682
248.74237  293.34598
248.6  293.08502
248.45763  292.82395
248.31525  292.56277
248.17288  292.30147
248.03051  292.04006
247.88814  291.77852
247.74576  291.51686
247.60339  291.25509
247.46102  290.9932
247.31864  290.73119
247.17627  290.46907
247.0339  290.20684
246.89153  289.94451
246.74915  289.68208
246.60678  289.41956
246.46441  289.15695
246.32203  288.89428
246.17966  288.63153
246.03729  288.36874
245.89492  288.10592
245.75254  287.84307
245.61017  287.58023
245.4678  287.31741
245.32542  287.05464
245.18305  286.79195
245.04068  286.52939
244.89831  286.26698
244.75593  286.00479
244.61356  285.74288
244.47119  285.48132
244.32881  285.22019
244.18644  284.95959
244.04407  284.69966
243.90169  284.44052
243.75932  284.18234
243.61695  283.92532
243.47458  283.66968
243.3322  283.41567
243.18983  283.16358
243.04746  282.91373
242.90508  282.66647
242.76271  282.42219
242.62034  282.1813
242.47797  281.94425
242.33559  281.71149
242.19322  281.4835
242.05085  281.26074
241.90847  281.04369
241.7661  280.83278
241.62373  280.62843
241.48136  280.43101
241.33898  280.24085
241.19661  280.05819
241.05424  279.88325
240.91186  279.71612
240.76949  279.55687
240.62712  279.40544
240.48475  279.26174
240.34237  279.12559
240.2  278.99676
240.05763  278.87498
239.91525  278.75991
239.77288  278.65122
239.63051  278.54854
239.48814  278.45151
239.34576  278.35979
239.20339  278.27304
239.06102  278.19096
238.91864  278.11329
238.77627  278.0398
238.6339  277.97029
238.49153  277.90464
238.34915  277.84271
238.20678  277.78443
238.06441  277.72972
237.92203  277.6785
237.77966  277.63069
237.63729  277.58616
237.49492  277.54478
237.35254  277.50638
237.21017  277.47077
237.0678  277.43774
236.92542  277.40707
236.78305  277.37857
236.64068  277.35203
236.49831  277.32728
236.35593  277.30413
236.21356  277.28243
236.07119  277.26206
235.92881  277.24289
235.78644  277.2248
235.64407  277.2077
235.50169  277.19151
235.35932  277.17615
235.21695  277.16155
235.07458  277.14766
234.9322  277.13441
234.78983  277.12176
234.64746  277.10966
234.50508  277.09808
234.36271  277.08698
234.22034  277.07634
234.07797  277.06611
233.93559  277.05627
233.79322  277.04681
233.65085  277.03769
233.50847  277.0289
233.3661  277.02043
233.22373  277.01224
233.08136  277.00433
232.93898  276.99668
232.79661  276.98929
232.65424  276.98212
232.51186  276.97519
232.36949  276.96847
232.22712  276.96195
232.08475  276.95563
231.94237  276.9495
231.8  276.94354
231.65763  276.93776
231.51525  276.93214
231.37288  276.92668
231.23051  276.92137
231.08814  276.9162
230.94576  276.91118
230.80339  276.90629
230.66102  276.90152
230.51864  276.89689
230.37627  276.89237
230.2339  276.88797
230.09153  276.88368
229.94915  276.8795
229.80678  276.87542
229.66441  276.87145
229.52203  276.86757
229.37966  276.86379
229.23729  276.8601
229.09492  276.8565
228.95254  276.85299
228.81017  276.84956
228.6678  276.84621
228.52542  276.84295
228.38305  276.83975
228.24068  276.83664
228.09831  276.83359
227.95593  276.83062
227.81356  276.82772
227.67119  276.82488
227.52881  276.82211
227.38644  276.8194
227.24407  276.81676
227.10169  276.81417
226.95932  276.81165
226.81695  276.80918
226.67458  276.80677
226.5322  276.80441
226.38983  276.80211
226.24746  276.79986
226.10508  276.79767
225.96271  276.79552
225.82034  276.79342
225.67797  276.79137
225.53559  276.78937
225.39322  276.78741
225.25085  276.7855
225.10847  276.78363
224.9661  276.78181
224.82373  276.78003
224.68136  276.77829
224.53898  276.77659
224.39661  276.77494
224.25424  276.77332
224.11186  276.77174
223.96949  276.7702
223.82712  276.76869
223.68475  276.76722
223.54237  276.76579
223.4  276.76439
223.25763  276.76303
223.11525  276.7617
222.97288  276.76041
222.83051  276.75915
222.68814  276.75792
222.54576  276.75672
222.40339  276.75556
222.26102  276.75442
222.11864  276.75332
221.97627  276.75224
221.8339  276.7512
221.69153  276.75018
221.54915  276.7492
221.40678  276.74824
221.26441  276.74731
221.12203  276.7464
220.97966  276.74552
220.83729  276.74467
220.69492  276.74385
220.55254  276.74305
220.41017  276.74228
220.2678  276.74153
220.12542  276.74081
219.98305  276.74011
219.84068  276.73943
219.69831  276.73878
219.55593  276.73815
219.41356  276.73755
219.27119  276.73697
219.12881  276.73641
218.98644  276.73587
218.84407  276.73535
218.70169  276.73486
218.55932  276.73439
218.41695  276.73394
218.27458  276.73351
218.1322  276.7331
217.98983  276.73271
217.84746  276.73234
217.70508  276.73199
217.56271  276.73166
217.42034  276.73135
217.27797  276.73106
217.13559  276.73078
216.99322  276.73053
216.85085  276.73029
216.70847  276.73008
216.5661  276.72988
216.42373  276.72969
216.28136  276.72953
216.13898  276.72938
215.99661  276.72925
215.85424  276.72914
215.71186  276.72904
215.56949  276.72896
215.42712  276.7289
215.28475  276.72885
215.14237  276.72882
215  276.72881

# Result Name:                  Combined
# Number of Curves:             1
#
# Curve:                        0
# Values/Curve:                 296
#
257  309.23515
256.85763  308.97016
256.71525  308.70616
256.57288  308.44312
256.43051  308.18104
256.28814  307.91989
256.14576  307.65966
256.00339  307.40034
255.86102  307.14192
255.71864  306.88437
255.57627  306.62769
255.4339  306.37186
255.29153  306.11687
255.14915  305.86272
255.00678  305.60938
254.86441  305.35686
254.72203  305.10515
254.57966  304.85422
254.43729  304.60409
254.29492  304.35474
254.15254  304.10617
254.01017  303.85838
253.8678  303.61135
253.72542  303.3651
253.58305  303.11962
253.44068  302.87491
253.29831  302.63097
253.15593  302.38781
253.01356  302.14543
252.87119  301.90384
252.72881  301.66304
252.58644  301.42305
252.44407  301.18387
252.30169  300.94552
252.15932  300.70802
252.01695  300.47138
251.87458  300.23562
251.7322  300.00076
251.58983  299.76683
251.44746  299.53386
251.30508  299.30186
251.16271  299.07089
251.02034  298.84096
250.87797  298.61213
250.73559  298.38444
250.59322  298.15792
250.45085  297.93265
250.30847  297.70866
250.1661  297.48603
250.02373  297.26481
249.88136  297.04509
249.73898  296.82695
249.59661  296.61046
249.45424  296.39573
249.31186  296.18285
249.16949  295.97195
249.02712  295.76314
248.88475  295.55656
248.74237  295.35237
248.6  295.15071
248.45763  294.95178
248.31525  294.75576
248.17288  294.56289
248.03051  294.3734
247.88814  294.18756
247.74576  294.00569
247.60339  293.82811
247.46102  293.65522
247.31864  293.48746
247.17627  293.32533
247.0339  293.16941
246.89153  293.02038
246.74915  292.87903
246.60678  292.74629
246.46441  292.6233
246.32203  292.5114
246.17966  292.41221
246.03729  292.32773
245.89492  292.26039
245.75254  292.21317
245.61017  292.18974
245.4678  292.19456
245.32542  292.2331
245.18305  292.312
245.04068  292.43923
244.89831  292.62427
244.75593  292.8783
244.61356  293.21428
244.47119  293.64698
244.32881  294.19294
244.18644  294.87024
244.04407  295.69815
243.90169  296.69655
243.75932  297.88514
243.61695  299.28242
243.47458  300.90451
243.3322  302.76373
243.18983  304.86713
243.04746  307.21497
242.90508  309.79935
242.76271  312.603
242.62034  315.59853
242.47797  318.74813
242.33559  322.00391
242.19322  325.30897
242.05085  328.59918
241.90847  331.80568
241.7661  334.85798
241.62373  337.68751
241.48136  340.23148
241.33898  342.43664
241.19661  344.26284
241.05424  345.68603
240.91186  346.70056
240.76949  347.32054
240.62712  347.58018
240.48475  347.53316
240.34237  347.25099
240.2  346.82057
240.05763  346.34109
239.91525  345.92032
239.77288  345.67059
239.63051  345.70427
239.48814  346.12878
239.34576  347.04056
239.20339  348.51773
239.06102  350.61035
238.91864  353.32787
238.77627  356.62341
238.6339  360.37619
238.49153  364.37578
238.34915  368.31554
238.20678  371.80562
238.06441  374.41457
237.92203  375.74066
237.77966  375.49727
237.63729  373.58273
237.49492  370.10384
237.35254  365.34236
237.21017  359.68066
237.0678  353.51866
236.92542  347.20956
236.78305  341.02625
236.64068  335.15463
236.49831  329.70418
236.35593  324.7254
236.21356  320.22775
236.07119  316.19467
235.92881  312.59483
235.78644  309.3899
235.64407  306.53952
235.50169  304.00426
235.35932  301.7473
235.21695  299.73516
235.07458  297.93794
234.9322  296.32925
234.78983  294.88598
234.64746  293.588
234.50508  292.41777
234.36271  291.36011
234.22034  290.4018
234.07797  289.53141
233.93559  288.73896
233.79322  288.01579
233.65085  287.35435
233.50847  286.74803
233.3661  286.19105
233.22373  285.67834
233.08136  285.20545
232.93898  284.76844
232.79661  284.36385
232.65424  283.98861
232.51186  283.63999
232.36949  283.31556
232.22712  283.01317
232.08475  282.73088
231.94237  282.46698
231.8  282.21992
231.65763  281.9883
231.51525  281.77087
231.37288  281.56651
231.23051  281.37419
231.08814  281.19299
230.94576  281.02206
230.80339  280.86066
230.66102  280.70809
230.51864  280.56371
230.37627  280.42696
230.2339  280.29729
230.09153  280.17424
229.94915  280.05736
229.80678  279.94624
229.66441  279.84051
229.52203  279.73982
229.37966  279.64387
229.23729  279.55235
229.09492  279.465
228.95254  279.38157
228.81017  279.30183
228.6678  279.22555
228.52542  279.15255
228.38305  279.08264
228.24068  279.01564
228.09831  278.9514
227.95593  278.88976
227.81356  278.83059
227.67119  278.77375
227.52881  278.71913
227.38644  278.66661
227.24407  278.61608
227.10169  278.56745
226.95932  278.52062
226.81695  278.4755
226.67458  278.43201
226.5322  278.39007
226.38983  278.34961
226.24746  278.31057
226.10508  278.27287
225.96271  278.23646
225.82034  278.20127
225.67797  278.16726
225.53559  278.13437
225.39322  278.10255
225.25085  278.07176
225.10847  278.04195
224.9661  278.01309
224.82373  277.98513
224.68136  277.95804
224.53898  277.93178
224.39661  277.90632
224.25424  277.88162
224.11186  277.85766
223.96949  277.83441
223.82712  277.81184
223.68475  277.78993
223.54237  277.76865
223.4  277.74798
223.25763  277.72789
223.11525  277.70836
222.97288  277.68938
222.83051  277.67092
222.68814  277.65296
222.54576  277.6355
222.40339  277.6185
222.26102  277.60196
222.11864  277.58586
221.97627  277.57018
221.8339  277.55492
221.69153  277.54005
221.54915  277.52556
221.40678  277.51144
221.26441  277.49769
221.12203  277.48428
220.97966  277.47121
220.83729  277.45846
220.69492  277.44603
220.55254  277.43391
220.41017  277.42208
220.2678  277.41055
220.12542  277.39929
219.98305  277.3883
219.84068  277.37758
219.69831  277.36711
219.55593  277.35689
219.41356  277.34691
219.27119  277.33717
219.12881  277.32765
218.98644  277.31836
218.84407  277.30927
218.70169  277.3004
218.55932  277.29174
218.41695  277.28327
218.27458  277.27499
218.1322  277.2669
217.98983  277.25899
217.84746  277.25126
217.70508  277.2437
217.56271  277.23632
217.42034  277.22909
217.27797  277.22203
217.13559  277.21512
216.99322  277.20837
216.85085  277.20176
216.70847  277.1953
216.5661  277.18898
216.42373  277.1828
216.28136  277.17675
216.13898  277.17083
215.99661  277.16504
215.85424  277.15938
215.71186  277.15384
215.56949  277.14841
215.42712  277.14311
215.28475  277.13791
215.14237  277.13283
215  277.12786

# Result Name:                  Peak 1
# Number of Curves:             1
#
# Curve:                        0
# Values/Curve:                 296
#
257  309.13268
256.85763  308.86581
256.71525  308.59988
256.57288  308.33486
256.43051  308.07073
256.28814  307.80749
256.14576  307.5451
256.00339  307.28356
255.86102  307.02284
255.71864  306.76293
255.57627  306.50382
255.4339  306.24549
255.29153  305.98792
255.14915  305.7311
255.00678  305.47502
254.86441  305.21967
254.72203  304.96502
254.57966  304.71108
254.43729  304.45783
254.29492  304.20525
254.15254  303.95335
254.01017  303.70211
253.8678  303.45152
253.72542  303.20158
253.58305  302.95227
253.44068  302.7036
253.29831  302.45556
253.15593  302.20815
253.01356  301.96136
252.87119  301.71518
252.72881  301.46963
252.58644  301.2247
252.44407  300.9804
252.30169  300.73671
252.15932  300.49366
252.01695  300.25124
251.87458  300.00946
251.7322  299.76833
251.58983  299.52786
251.44746  299.28806
251.30508  299.04894
251.16271  298.81051
251.02034  298.5728
250.87797  298.33582
250.73559  298.09959
250.59322  297.86414
250.45085  297.62948
250.30847  297.39565
250.1661  297.16267
250.02373  296.93058
249.88136  296.69942
249.73898  296.46921
249.59661  296.24
249.45424  296.01184
249.31186  295.78477
249.16949  295.55884
249.02712  295.33412
248.88475  295.11066
248.74237  294.88852
248.6  294.66778
248.45763  294.44851
248.31525  294.2308
248.17288  294.01472
248.03051  293.80038
247.88814  293.58787
247.74576  293.37731
247.60339  293.1688
247.46102  292.96249
247.31864  292.75849
247.17627  292.55697
247.0339  292.35807
246.89153  292.16197
246.74915  291.96885
246.60678  291.77891
246.46441  291.59237
246.32203  291.40945
246.17966  291.23042
246.03729  291.05554
245.89492  290.88512
245.75254  290.71948
245.61017  290.55897
245.4678  290.40398
245.32542  290.25493
245.18305  290.11229
245.04068  289.97656
244.89831  289.8483
244.75593  289.72812
244.61356  289.61671
244.47119  289.51481
244.32881  289.42327
244.18644  289.343
244.04407  289.27504
243.90169  289.22053
243.75932  289.18075
243.61695  289.15714
243.47458  289.15128
243.3322  289.16496
243.18983  289.20018
243.04746  289.25917
242.90508  289.34443
242.76271  289.45876
242.62034  289.60527
242.47797  289.78749
242.33559  290.00931
242.19322  290.27513
242.05085  290.58989
241.90847  290.95911
241.7661  291.38902
241.62373  291.88665
241.48136  292.45995
241.33898  293.11793
241.19661  293.87083
241.05424  294.73036
240.91186  295.70985
240.76949  296.82461
240.62712  298.09215
240.48475  299.5325
240.34237  301.16859
240.2  303.02642
240.05763  305.13533
239.91525  307.52794
239.77288  310.23981
239.63051  313.30842
239.48814  316.77127
239.34576  320.66238
239.20339  325.00674
239.06102  329.81169
238.91864  335.05473
238.77627  340.66761
238.6339  346.5179
238.49153  352.39218
238.34915  357.98805
238.20678  362.92552
238.06441  366.78725
237.92203  369.1883
237.77966  369.8604
237.63729  368.72058
237.49492  365.89398
237.35254  361.67971
237.21017  356.47605
237.0678  350.69715
236.92542  344.70873
236.78305  338.79446
236.64068  333.14938
236.49831  327.89062
236.35593  323.075
236.21356  318.71716
236.07119  314.80475
235.92881  311.30985
235.78644  308.19686
235.64407  305.4276
235.50169  302.96443
235.35932  300.77193
235.21695  298.81778
235.07458  297.07299
234.9322  295.51195
234.78983  294.11218
234.64746  292.85403
234.50508  291.72043
234.36271  290.69655
234.22034  289.76948
234.07797  288.92806
233.93559  288.16254
233.79322  287.46445
233.65085  286.82642
233.50847  286.24199
233.3661  285.70552
233.22373  285.21205
233.08136  284.75724
232.93898  284.33726
232.79661  283.94871
232.65424  283.5886
232.51186  283.25427
232.36949  282.94337
232.22712  282.65379
232.08475  282.38365
231.94237  282.13128
231.8  281.89517
231.65763  281.67396
231.51525  281.46644
231.37288  281.27151
231.23051  281.08819
231.08814  280.91557
230.94576  280.75285
230.80339  280.59928
230.66102  280.4542
230.51864  280.31699
230.37627  280.1871
230.2339  280.06402
230.09153  279.94727
229.94915  279.83644
229.80678  279.73113
229.66441  279.63098
229.52203  279.53566
229.37966  279.44486
229.23729  279.35831
229.09492  279.27574
228.95254  279.19691
228.81017  279.12159
228.6678  279.04959
228.52542  278.98071
228.38305  278.91478
228.24068  278.85162
228.09831  278.79108
227.95593  278.73303
227.81356  278.67732
227.67119  278.62383
227.52881  278.57245
227.38644  278.52306
227.24407  278.47556
227.10169  278.42987
226.95932  278.38588
226.81695  278.34352
226.67458  278.30271
226.5322  278.26336
226.38983  278.22542
226.24746  278.18882
226.10508  278.15348
225.96271  278.11937
225.82034  278.08642
225.67797  278.05457
225.53559  278.02379
225.39322  277.99402
225.25085  277.96522
225.10847  277.93736
224.9661  277.91038
224.82373  277.88425
224.68136  277.85894
224.53898  277.83442
224.39661  277.81065
224.25424  277.78761
224.11186  277.76525
223.96949  277.74357
223.82712  277.72253
223.68475  277.7021
223.54237  277.68227
223.4  277.66301
223.25763  277.6443
223.11525  277.62612
222.97288  277.60845
222.83051  277.59127
222.68814  277.57457
222.54576  277.55833
222.40339  277.54253
222.26102  277.52715
222.11864  277.51219
221.97627  277.49763
221.8339  277.48345
221.69153  277.46964
221.54915  277.4562
221.40678  277.4431
221.26441  277.43034
221.12203  277.4179
220.97966  277.40578
220.83729  277.39397
220.69492  277.38245
220.55254  277.37122
220.41017  277.36027
220.2678  277.34959
220.12542  277.33917
219.98305  277.329
219.84068  277.31908
219.69831  277.3094
219.55593  277.29996
219.41356  277.29073
219.27119  277.28173
219.12881  277.27294
218.98644  277.26436
218.84407  277.25598
218.70169  277.24779
218.55932  277.23979
218.41695  277.23198
218.27458  277.22435
218.1322  277.2169
217.98983  277.20961
217.84746  277.20249
217.70508  277.19554
217.56271  277.18874
217.42034  277.18209
217.27797  277.1756
217.13559  277.16925
216.99322  277.16304
216.85085  277.15697
216.70847  277.15104
216.5661  277.14524
216.42373  277.13956
216.28136  277.13401
216.13898  277.12859
215.99661  277.12328
215.85424  277.11809
215.71186  277.11302
215.56949  277.10806
215.42712  277.1032
215.28475  277.09845
215.14237  277.09381
215  277.08927

# Result Name:                  Peak 2
# Number of Curves:             1
#
# Curve:                        0
# Values/Curve:                 296
#
257  308.72819
256.85763  308.45564
256.71525  308.18391
256.57288  307.91297
256.43051  307.6428
256.28814  307.37338
256.14576  307.1047
256.00339  306.83672
255.86102  306.56943
255.71864  306.30281
255.57627  306.03683
255.4339  305.77149
255.29153  305.50676
255.14915  305.24262
255.00678  304.97906
254.86441  304.71605
254.72203  304.45358
254.57966  304.19164
254.43729  303.93021
254.29492  303.66927
254.15254  303.4088
254.01017  303.1488
253.8678  302.88925
253.72542  302.63014
253.58305  302.37145
253.44068  302.11318
253.29831  301.8553
253.15593  301.59782
253.01356  301.34072
252.87119  301.08399
252.72881  300.82763
252.58644  300.57163
252.44407  300.31598
252.30169  300.06068
252.15932  299.80572
252.01695  299.5511
251.87458  299.29683
251.7322  299.04289
251.58983  298.7893
251.44746  298.53605
251.30508  298.28315
251.16271  298.03061
251.02034  297.77843
250.87797  297.52662
250.73559  297.2752
250.59322  297.02418
250.45085  296.77357
250.30847  296.5234
250.1661  296.27369
250.02373  296.02447
249.88136  295.77576
249.73898  295.5276
249.59661  295.28003
249.45424  295.03309
249.31186  294.78683
249.16949  294.54131
249.02712  294.29658
248.88475  294.05273
248.74237  293.80982
248.6  293.56795
248.45763  293.32722
248.31525  293.08774
248.17288  292.84964
248.03051  292.61308
247.88814  292.37821
247.74576  292.14524
247.60339  291.9144
247.46102  291.68593
247.31864  291.46016
247.17627  291.23744
247.0339  291.01819
246.89153  290.80292
246.74915  290.59226
246.60678  290.38695
246.46441  290.18789
246.32203  289.99622
246.17966  289.81333
246.03729  289.64093
245.89492  289.48118
245.75254  289.33676
245.61017  289.21099
245.4678  289.10798
245.32542  289.03281
245.18305  288.99167
245.04068  288.99206
244.89831  289.04296
244.75593  289.15497
244.61356  289.34045
244.47119  289.61348
244.32881  289.98985
244.18644  290.48683
244.04407  291.12277
243.90169  291.91654
243.75932  292.88672
243.61695  294.0506
243.47458  295.42291
243.3322  297.01444
243.18983  298.83053
243.04746  300.86953
242.90508  303.12139
242.76271  305.56643
242.62034  308.17456
242.47797  310.90489
242.33559  313.70609
242.19322  316.51734
242.05085  319.27004
241.90847  321.89026
241.7661  324.30173
241.62373  326.42929
241.48136  328.20254
241.33898  329.55956
241.19661  330.4502
241.05424  330.83892
240.91186  330.70683
240.76949  330.05279
240.62712  328.89348
240.48475  327.26239
240.34237  325.20799
240.2  322.79092
240.05763  320.08074
239.91525  317.15229
239.77288  314.08199
239.63051  310.94439
239.48814  307.80902
239.34576  304.73797
239.20339  301.78403
239.06102  298.98962
238.91864  296.38643
238.77627  293.9956
238.6339  291.82859
238.49153  289.88823
238.34915  288.17021
238.20678  286.66453
238.06441  285.35705
237.92203  284.23085
237.77966  283.26756
237.63729  282.44832
237.49492  281.75464
237.35254  281.16903
237.21017  280.67538
237.0678  280.25925
236.92542  279.9079
236.78305  279.61036
236.64068  279.35729
236.49831  279.14084
236.35593  278.95453
236.21356  278.79303
236.07119  278.65198
235.92881  278.52787
235.78644  278.41785
235.64407  278.31962
235.50169  278.23134
235.35932  278.15152
235.21695  278.07894
235.07458  278.0126
234.9322  277.9517
234.78983  277.89556
234.64746  277.84363
234.50508  277.79542
234.36271  277.75054
234.22034  277.70865
234.07797  277.66946
233.93559  277.6327
233.79322  277.59815
233.65085  277.56562
233.50847  277.53494
233.3661  277.50596
233.22373  277.47853
233.08136  277.45254
232.93898  277.42787
232.79661  277.40443
232.65424  277.38214
232.51186  277.3609
232.36949  277.34065
232.22712  277.32133
232.08475  277.30286
231.94237  277.2852
231.8  277.2683
231.65763  277.2521
231.51525  277.23658
231.37288  277.22167
231.23051  277.20737
231.08814  277.19362
230.94576  277.18039
230.80339  277.16767
230.66102  277.15541
230.51864  277.14361
230.37627  277.13222
230.2339  277.12125
230.09153  277.11065
229.94915  277.10042
229.80678  277.09053
229.66441  277.08098
229.52203  277.07174
229.37966  277.0628
229.23729  277.05415
229.09492  277.04577
228.95254  277.03766
228.81017  277.0298
228.6678  277.02217
228.52542  277.01478
228.38305  277.00761
228.24068  277.00066
228.09831  276.99391
227.95593  276.98735
227.81356  276.98099
227.67119  276.9748
227.52881  276.96879
227.38644  276.96295
227.24407  276.95727
227.10169  276.95175
226.95932  276.94638
226.81695  276.94115
226.67458  276.93607
226.5322  276.93112
226.38983  276.92631
226.24746  276.92162
226.10508  276.91705
225.96271  276.91261
225.82034  276.90827
225.67797  276.90406
225.53559  276.89994
225.39322  276.89594
225.25085  276.89204
225.10847  276.88823
224.9661  276.88452
224.82373  276.88091
224.68136  276.87738
224.53898  276.87395
224.39661  276.8706
224.25424  276.86733
224.11186  276.86415
223.96949  276.86104
223.82712  276.85801
223.68475  276.85505
223.54237  276.85217
223.4  276.84936
223.25763  276.84662
223.11525  276.84395
222.97288  276.84134
222.83051  276.83879
222.68814  276.83631
222.54576  276.83389
222.40339  276.83153
222.26102  276.82923
222.11864  276.82699
221.97627  276.8248
221.8339  276.82267
221.69153  276.82059
221.54915  276.81856
221.40678  276.81658
221.26441  276.81466
221.12203  276.81278
220.97966  276.81095
220.83729  276.80917
220.69492  276.80743
220.55254  276.80574
220.41017  276.80409
220.2678  276.80249
220.12542  276.80093
219.98305  276.79941
219.84068  276.79793
219.69831  276.79649
219.55593  276.79509
219.41356  276.79373
219.27119  276.7924
219.12881  276.79112
218.98644  276.78987
218.84407  276.78865
218.70169  276.78747
218.55932  276.78633
218.41695  276.78522
218.27458  276.78414
218.1322  276.7831
217.98983  276.78209
217.84746  276.7811
217.70508  276.78016
217.56271  276.77924
217.42034  276.77835
217.27797  276.77749
217.13559  276.77666
216.99322  276.77586
216.85085  276.77508
216.70847  276.77434
216.5661  276.77362
216.42373  276.77293
216.28136  276.77226
216.13898  276.77162
215.99661  276.77101
215.85424  276.77042
215.71186  276.76986
215.56949  276.76932
215.42712  276.7688
215.28475  276.76831
215.14237  276.76785
215  276.7674

# Result Name:                  Residuum
# Number of Curves:             1
#
# Curve:                        0
# Values/Curve:                 421
#
257  18.519953
256.9  -21.742879
256.8  -13.738184
256.7  -21.537345
256.6  32.660731
256.5  -2.3287967
256.4  12.131936
256.3  19.917042
256.2  -20.624149
256.1  3.7174632
256  -13.815411
255.9  -13.505549
255.8  -14.540284
255.7  5.9643404
255.6  9.5182549
255.5  11.001409
255.4  9.5691686
255.3  -5.7570898
255.2  -4.5380381
255.1  -0.69220732
255  -11.450137
254.9  -14.349197
254.8  -3.6655854
254.7  -17.308397
254.6  -11.398347
254.5  -8.3123397
254.4  6.8217527
254.3  8.6698997
254.2  4.51416
254.1  7.0403624
254  16.328327
253.9  -3.7468167
253.8  10.285936
253.7  -10.358308
253.6  -5.2454187
253.5  7.4629786
253.4  -0.7863729
253.3  20.738503
253.2  5.4694807
253.1  27.953629
253  12.600615
252.9  5.5112777
252.8  8.2912302
252.7  7.272753
252.6  20.426156
252.5  13.710355
252.4  -0.42703472
252.3  1.5598297
252.2  9.6857216
252.1  -8.9144516
252  -6.0863092
251.9  12.948238
251.8  3.0792962
251.7  17.359493
251.6  -7.4837143
251.5  -20.981509
251.4  2.1386436
251.3  2.3084175
251.2  6.1641649
251.1  -29.05084
251  -2.6781559
250.9  1.7497007
250.8  6.3054141
250.7  12.623664
250.6  13.891959
250.5  1.7161804
250.4  -5.9849459
250.3  -3.2666947
250.2  5.8488728
250.1  10.638792
250  -8.9304874
249.9  -4.2297613
249.8  -11.6288
249.7  5.8735226
249.6  -11.67005
249.5  0.28253843
249.4  -5.49302
249.3  5.1169618
249.2  2.7857943
249.1  -3.200034
249  -3.0168125
248.9  -12.565241
248.8  2.0607557
248.7  12.583585
248.6  -8.9189315
248.5  5.595484
248.4  9.1749144
248.3  -7.6531144
248.2  -2.9687914
248.1  6.3049668
248  -7.3590593
247.9  -7.8715376
247.8  -3.419774
247.7  8.4209823
247.6  -11.604579
247.5  -29.365799
247.4  -10.12579
247.3  21.638035
247.2  -3.147677
247.1  4.8129749
247  -14.107264
246.9  3.1404861
246.8  0.20751272
246.7  -5.6206014
246.6  5.6890016
246.5  -15.401249
246.4  -9.2359974
246.3  29.052474
246.2  -1.3171209
246.1  3.5690104
246  9.7231886
245.9  -19.413518
245.8  18.230537
245.7  -0.2026304
245.6  4.5164342
245.5  -0.34135335
245.4  10.296467
245.3  3.1680201
245.2  -14.950894
245.1  5.8060319
245  -8.3143088
244.9  -14.533852
244.8  10.449732
244.7  7.4639036
244.6  29.225614
244.5  -5.225558
244.4  -12.826847
244.3  -21.994644
244.2  -5.3252143
244.1  -3.6419961
244  6.6651322
243.9  -1.2625069
243.8  6.8601778
243.7  -0.51645036
243.6  -3.5209106
243.5  3.716263
243.4  9.6786688
243.3  11.558365
243.2  -7.7080964
243.1  -20.117163
243  9.7713727
242.9  15.754143
242.8  -4.5028309
242.7  12.106406
242.6  1.8969939
242.5  -0.68950629
242.4  -8.9411909
242.3  -7.3116978
242.2  10.0658
242.1  -17.663744
242  6.9760638
241.9  -9.1822974
241.8  -4.7269566
241.7  15.657396
241.6  4.5238284
241.5  7.2140537
241.4  1.3137359
241.3  2.357441
241.2  -12.618755
241.1  -3.2445397
241  5.7685863
240.9  -4.6375668
240.8  -0.51323907
240.7  -15.639327
240.6  8.9000006
240.5  1.7974012
240.4  3.7716776
240.3  -8.1749374
240.2  14.678625
240.1  -11.927051
240  11.783348
239.9  21.126761
239.8  9.7433189
239.7  4.2627859
239.6  -20.195848
239.5  -10.066992
239.4  -9.5514753
239.3  0.64490795
239.2  3.4656458
239.1  2.2903916
239  -4.0328073
238.9  -1.1338845
238.8  1.0989563
238.7  -15.414342
238.6  14.073334
238.5  18.526214
238.4  6.8915999
238.3  -5.5842982
238.2  -15.204172
238.1  -2.3155778
238  3.3976295
237.9  17.119514
237.8  -11.585842
237.7  -9.557653
237.6  -10.453105
237.5  0.73115721
237.4  16.160556
237.3  23.600821
237.2  -4.4264725
237.1  5.4126986
237  -7.9840184
236.9  -2.5618061
236.8  -16.461508
236.7  -11.901241
236.6  18.185346
236.5  8.9950995
236.4  3.828728
236.3  -6.0606519
236.2  -14.089627
236.1  8.2159176
236  6.1918651
235.9  11.120684
235.8  5.6889586
235.7  -24.408685
235.6  -7.9886116
235.5  5.5887234
235.4  10.377315
235.3  -7.1648011
235.2  12.236773
235.1  11.528609
235  -0.37589386
234.9  -22.378887
234.8  -9.2747661
234.7  7.7446258
234.6  0.59753795
234.5  -5.0691738
234.4  1.9688304
234.3  7.9060737
234.2  4.7199829
234.1  -9.9751036
234  -14.033618
233.9  -19.482746
233.8  -12.835435
233.7  15.17037
233.6  -6.2803954
233.5  13.47171
233.4  -0.83155038
233.3  -0.77173617
233.2  9.2075006
233.1  -5.2301319
233  -11.887416
232.9  -10.759882
232.8  0.56056668
232.7  -24.183152
232.6  24.99292
232.5  5.6765986
232.4  5.2945608
232.3  -10.631385
232.2  4.0618544
232.1  -1.0691744
232  19.690709
231.9  4.1799233
231.8  -3.7984027
231.7  0.17056379
231.6  -1.580924
231.5  6.4661782
231.4  -10.742306
231.3  16.164081
231.2  -0.26215607
231.1  22.151316
231  1.5429608
230.9  -6.4049477
230.8  17.725924
230.7  22.228701
230.6  -7.4355451
230.5  -13.686959
230.4  -10.079927
230.3  -19.606036
230.2  -1.3543094
230.1  1.6006855
230  7.5932132
229.9  13.43294
229.8  25.529176
229.7  12.658204
229.6  14.323566
229.5  8.011821
229.4  18.290269
229.3  1.5124609
229.2  0.70528196
229.1  12.918744
229  10.805039
228.9  24.56333
228.8  9.36798
228.7  28.83662
228.6  11.279494
228.5  -5.4929024
228.4  30.591829
228.3  6.9234687
228.2  -9.3230408
228.1  -0.85690966
228  -0.55065853
227.9  -12.656045
227.8  23.168065
227.7  -6.9752992
227.6  12.686332
227.5  -8.1270737
227.4  17.431126
227.3  15.382867
227.2  8.3102013
227.1  -13.986894
227  7.9965025
226.9  -4.2811573
226.8  22.609596
226.7  24.568314
226.6  27.173508
226.5  -11.034555
226.4  -3.314119
226.3  8.1713178
226.2  -12.36285
226.1  2.0435003
226  20.327513
225.9  5.9787031
225.8  25.393541
225.7  -7.9838972
225.6  7.3544159
225.5  5.2356867
225.4  6.9937443
225.3  -0.95273748
225.2  5.418654
225.1  28.817596
225  1.9323504
224.9  7.395987
224.8  8.9505513
224.7  0.040399787
224.6  -5.0552343
224.5  -2.4498867
224.4  1.0147413
224.3  -16.520441
224.2  6.9074596
224.1  -25.087832
224  5.0000107
223.9  -0.61842755
223.8  6.6621475
223.7  2.3394396
223.6  -9.7512857
223.5  -4.9635037
223.4  -5.6926
223.3  -7.7693723
223.2  4.6539837
223.1  17.613397
223  -3.0614835
222.9  12.584271
222.8  11.109525
222.7  -0.40034956
222.6  -6.871926
222.5  1.6329466
222.4  3.9336736
222.3  4.226315
222.2  -10.818611
222.1  -10.398591
222  0.11308191
221.9  -10.49523
221.8  3.0151624
221.7  -5.605942
221.6  2.1740074
221.5  -7.4978305
221.4  -8.2213259
221.3  8.9045187
221.2  3.7833154
221.1  -12.334468
221  -4.2327403
220.9  10.795172
220.8  -11.735168
220.7  9.7813968
220.6  -18.670504
220.5  -9.8479921
220.4  -14.55068
220.3  -9.2185433
220.2  5.3366364
220.1  -1.8960259
220  2.1585567
219.9  5.9082501
219.8  14.738149
219.7  11.590328
219.6  11.825796
219.5  -8.7110507
219.4  -7.2723336
219.3  -5.0461752
219.2  -0.43957769
219.1  0.73195009
219  -4.6720466
218.9  5.3565127
218.8  -5.6314232
218.7  -4.594711
218.6  -15.256195
218.5  -11.067582
218.4  0.28450577
218.3  -5.484899
218.2  -9.8666128
218.1  6.2163812
218  -0.43906325
217.9  10.255148
217.8  -10.855226
217.7  -5.11182
217.6  -10.007596
217.5  -6.2862254
217.4  1.8928545
217.3  -6.5887214
217.2  -1.2817451
217.1  -0.14446578
217  -2.5410301
216.9  -22.570392
216.8  -15.053081
216.7  -2.9399216
216.6  -6.4954711
216.5  -5.2523199
216.4  -5.7293609
216.3  -4.5371275
216.2  -2.2977334
216.1  -11.349688
216  -15.554328
215.9  -14.600035
215.8  -1.0951353
215.7  10.573384
215.6  -15.304736
215.5  -4.6197608
215.4  -3.2883144
215.3  -4.3978884
215.2  -19.183848
215.1  -16.271843
215  -3.2178533

# Region:                       Al 2p Hi Res
# Spectrum ID:                  14
# Acquisition Date:             06/26/26 18:02:41 UTC
# Analysis Method:              XPS
# Analyzer:                     PHOIBOS MCD5 Analyzer
# Analyzer Lens:                LargeArea:1.5kV
# Analyzer Slit:                5:7x20\B:open
# Scan Mode:                    FixedAnalyzerTransmission
# Curves/Scan:                  1
# Values/Curve:                 331
# Dwell Time:                   0.1
# Excitation Energy:            1486.61
# Binding Energy:               90
# Pass Energy:                  10
# Bias Voltage:                 90
# Detector Voltage:             3000
# Eff. Workfunction:            4.543
# Source:                       X-Ray Dummy
# Comment:                      
#
# Cycle: 0
# Number of Scans: 25
#
# Cycle: 0, Curve: 0
# Acquisition Date:             06/26/26 18:02:41 UTC
#
# ColumnLabels:                 energy counts/s
#
90  212.61881
89.9  225.81424
89.8  234.88557
89.7  220.88476
89.6  211.72661
89.5  212.31063
89.4  226.34197
89.3  229.72587
89.2  227.81432
89.1  227.31217
89  220.2488
88.9  239.93841
88.8  235.42412
88.7  244.29188
88.6  242.78478
88.5  239.5344
88.4  226.05214
88.3  225.62221
88.2  215.87342
88.1  214.22644
88  213.2939
87.9  214.67675
87.8  194.48061
87.7  203.66429
87.6  204.68355
87.5  192.66315
87.4  187.36564
87.3  168.14419
87.2  189.07808
87.1  172.86734
87  179.91161
86.9  166.37845
86.8  172.7692
86.7  177.7625
86.6  176.62515
86.5  182.73469
86.4  172.82784
86.3  160.33743
86.2  165.06424
86.1  155.89966
86  164.82701
85.9  164.93293
85.8  152.54092
85.7  157.69016
85.6  162.67731
85.5  168.90792
85.4  155.05691
85.3  152.55271
85.2  166.82574
85.1  167.04305
85  151.13164
84.9  159.63106
84.8  168.66027
84.7  166.78887
84.6  155.5105
84.5  161.79935
84.4  157.83322
84.3  165.78751
84.2  160.9761
84.1  168.51373
84  181.22035
83.9  168.54236
83.8  165.69178
83.7  160.72595
83.6  165.59275
83.5  154.19349
83.4  163.40468
83.3  160.88282
83.2  162.08775
83.1  165.75704
83  165.64951
82.9  171.26627
82.8  163.7269
82.7  173.3691
82.6  174.35285
82.5  177.07423
82.4  160.94555
82.3  173.14746
82.2  160.82041
82.1  165.85813
82  167.86173
81.9  173.92723
81.8  194.13886
81.7  193.98484
81.6  184.3027
81.5  189.9394
81.4  197.29389
81.3  207.3829
81.2  220.55486
81.1  219.77076
81  207.46673
80.9  227.54806
80.8  236.24019
80.7  248.44047
80.6  256.18436
80.5  249.95003
80.4  261.70451
80.3  277.09248
80.2  281.83856
80.1  286.36556
80  296.17174
79.9  298.92199
79.8  304.60048
79.7  289.83547
79.6  289.59109
79.5  296.54131
79.4  313.35014
79.3  308.52792
79.2  297.53355
79.1  298.99583
79  275.42678
78.9  268.65933
78.8  282.88935
78.7  268.35907
78.6  273.15436
78.5  234.44988
78.4  244.56753
78.3  241.88164
78.2  239.48379
78.1  244.73592
78  211.85215
77.9  203.87994
77.8  207.02109
77.7  203.26071
77.6  203.00391
77.5  205.08261
77.4  197.71709
77.3  191.04516
77.2  183.65993
77.1  188.60281
77  175.70198
76.9  163.56957
76.8  170.38767
76.7  175.32653
76.6  168.17941
76.5  179.88968
76.4  169.18548
76.3  158.20727
76.2  160.05867
76.1  166.26807
76  158.15943
75.9  182.03069
75.8  162.09366
75.7  162.55184
75.6  158.7534
75.5  170.6659
75.4  159.58115
75.3  149.11326
75.2  165.89209
75.1  147.00799
75  169.83099
74.9  153.38536
74.8  148.07262
74.7  169.42705
74.6  152.66221
74.5  156.40216
74.4  167.81494
74.3  160.20428
74.2  158.62047
74.1  151.93038
74  153.74599
73.9  151.76962
73.8  154.11161
73.7  155.57111
73.6  154.94612
73.5  155.9845
73.4  164.2899
73.3  146.63601
73.2  152.20032
73.1  146.7867
73  144.02663
72.9  163.99806
72.8  148.46853
72.7  158.52508
72.6  158.52905
72.5  150.47163
72.4  149.15128
72.3  139.40933
72.2  153.9037
72.1  162.49846
72  160.78892
71.9  145.05728
71.8  151.9642
71.7  160.50898
71.6  157.9251
71.5  163.09291
71.4  161.93234
71.3  161.21761
71.2  161.38147
71.1  161.05926
71  154.32792
70.9  173.82426
70.8  170.178
70.7  161.09766
70.6  159.65697
70.5  151.60648
70.4  152.63585
70.3  165.76523
70.2  168.90162
70.1  156.91661
70  167.71137
69.9  171.45655
69.8  166.47947
69.7  171.66309
69.6  164.19053
69.5  159.09411
69.4  157.19008
69.3  167.54574
69.2  174.76486
69.1  161.7677
69  156.04829
68.9  163.29222
68.8  168.3383
68.7  172.31154
68.6  169.31401
68.5  156.01727
68.4  160.89587
68.3  165.59562
68.2  166.23183
68.1  164.86561
68  155.53834
67.9  157.72278
67.8  162.26886
67.7  166.23181
67.6  162.88218
67.5  162.84028
67.4  162.3386
67.3  144.03008
67.2  156.59641
67.1  157.17748
67  167.40723
66.9  162.81274
66.8  163.21732
66.7  146.34911
66.6  163.84546
66.5  157.14659
66.4  150.89087
66.3  161.7937
66.2  156.07038
66.1  159.29427
66  157.23528
65.9  158.58696
65.8  159.20246
65.7  149.37467
65.6  151.91112
65.5  159.20857
65.4  175.47356
65.3  161.27423
65.2  147.77627
65.1  154.58556
65  156.79428
64.9  162.74915
64.8  136.7397
64.7  158.72437
64.6  153.44499
64.5  140.71234
64.4  146.0345
64.3  150.96707
64.2  167.27213
64.1  170.34446
64  148.09158
63.9  141.88832
63.8  165.37702
63.7  164.39646
63.6  149.62763
63.5  153.22097
63.4  157.95487
63.3  157.43687
63.2  154.26129
63.1  152.73108
63  159.08901
62.9  148.56776
62.8  142.95537
62.7  142.1398
62.6  144.2687
62.5  153.26841
62.4  144.53968
62.3  138.85347
62.2  161.24707
62.1  147.34206
62  151.59295
61.9  146.77271
61.8  161.99051
61.7  149.43582
61.6  155.40154
61.5  138.19221
61.4  141.99599
61.3  140.80154
61.2  147.83298
61.1  158.30612
61  152.09278
60.9  156.61677
60.8  154.47915
60.7  148.29839
60.6  137.55887
60.5  145.39873
60.4  158.92415
60.3  144.34726
60.2  151.06069
60.1  141.92258
60  157.46821
59.9  153.72114
59.8  144.62194
59.7  147.1512
59.6  152.24464
59.5  156.818
59.4  151.56155
59.3  156.49248
59.2  158.25425
59.1  149.25517
59  150.64542
58.9  150.44325
58.8  149.19088
58.7  153.88752
58.6  157.72824
58.5  148.48165
58.4  144.15394
58.3  154.84579
58.2  144.59959
58.1  153.38018
58  150.56651
57.9  156.04862
57.8  142.11244
57.7  159.68171
57.6  151.7251
57.5  134.20493
57.4  158.52314
57.3  155.9591
57.2  147.3269
57.1  151.85943
57  158.12418

# Operation:                    Peak Fit
# Parameter: "Transition" = 
# Parameter: "Label" = 
# Parameter: "Background Method" = Tougaard
# Parameter: "Peak Shape" = Voigt
# Parameter: "Asymmetric Peak" = false
# Parameter: "FWHM-Annotation" = S-B = <Signal-BG:@>\nFWHM = <FWHM:@>\nArea = <Area:@>
# Parameter: "Peak-Annotation" = <Label>\n<Transition>\nE = <Center:@>
#
# Result:
# Number of Results:            2
# Parameter: "Transition" = 
# Parameter: "Label" = 
# Parameter: "Center" = 79.449048019841257 eV +- 0.025378332775183282
# Parameter: "Area" = 425.47418980724399 cps eV +- 8.1885161749645317
# Parameter: "FWHM (Lorentzian)" = 0 eV +- 0
# Parameter: "FWHM (Gaussian)" = 2.8031774335203008 eV +- 0.057710066523678459
# Parameter: "Asymmetry" = 0 +- 0
# Parameter: "Tougaard B" = 29120.028883733667 eV^2 +- 948.52012204793039
# Parameter: "Tougaard C" = 1643 eV^2 +- 0
# Parameter: "FWHM" = 2.8031774335203008 eV
# Parameter: "Baseline Offset" = 154.14075063589499 cps +- 0.55768055034996311
# Parameter: "Abbe factor" = 0.31938517581572384
# Parameter: "Reduced Chi Square" = 2.1109260389448892
# Parameter: "Q Probability" = 7.0858724572498258e-28
# Parameter: "Number of performed iterations" = 10
# Parameter: "Fit termination reason" = ConvergedInChi
# Parameter: "Signal" = 298.91190479203124 cps
# Parameter: "Signal-BG" = 142.5904440617214 cps
#
# Result Name:                  Background
# Number of Curves:             1
#
# Curve:                        0
# Values/Curve:                 237
#
90  206.29948
89.860169  205.50417
89.720339  204.71354
89.580508  203.92748
89.440678  203.1459
89.300847  202.36871
89.161017  201.59582
89.021186  200.82713
88.881356  200.06256
88.741525  199.30202
88.601695  198.54543
88.461864  197.79269
88.322034  197.04372
88.182203  196.29845
88.042373  195.55677
87.902542  194.81863
87.762712  194.08393
87.622881  193.35259
87.483051  192.62454
87.34322  191.8997
87.20339  191.17799
87.063559  190.45934
86.923729  189.74367
86.783898  189.03091
86.644068  188.32099
86.504237  187.61383
86.364407  186.90937
86.224576  186.20753
86.084746  185.50825
85.944915  184.81145
85.805085  184.11708
85.665254  183.42506
85.525424  182.73533
85.385593  182.04783
85.245763  181.36249
85.105932  180.67925
84.966102  179.99805
84.826271  179.31882
84.686441  178.64151
84.54661  177.96605
84.40678  177.2924
84.266949  176.62049
84.127119  175.95027
83.987288  175.28169
83.847458  174.6147
83.707627  173.94925
83.567797  173.28531
83.427966  172.62285
83.288136  171.96186
83.148305  171.30232
83.008475  170.64428
82.868644  169.98777
82.728814  169.33289
82.588983  168.67978
82.449153  168.02863
82.309322  167.37974
82.169492  166.73346
82.029661  166.09029
81.889831  165.45083
81.75  164.81585
81.610169  164.18627
81.470339  163.56318
81.330508  162.94786
81.190678  162.34179
81.050847  161.74661
80.911017  161.16411
80.771186  160.59626
80.631356  160.04508
80.491525  159.51268
80.351695  159.00115
80.211864  158.51252
80.072034  158.04868
79.932203  157.61133
79.792373  157.20193
79.652542  156.82158
79.512712  156.47106
79.372881  156.15072
79.233051  155.86054
79.09322  155.60007
78.95339  155.36845
78.813559  155.16449
78.673729  154.98669
78.533898  154.83327
78.394068  154.70228
78.254237  154.59163
78.114407  154.49919
77.974576  154.42281
77.834746  154.36042
77.694915  154.31004
77.555085  154.26982
77.415254  154.23809
77.275424  154.21336
77.135593  154.19431
76.995763  154.17982
76.855932  154.16892
76.716102  154.16083
76.576271  154.1549
76.436441  154.1506
76.29661  154.14753
76.15678  154.14536
76.016949  154.14385
75.877119  154.14281
75.737288  154.1421
75.597458  154.14162
75.457627  154.14131
75.317797  154.1411
75.177966  154.14097
75.038136  154.14089
74.898305  154.14083
74.758475  154.1408
74.618644  154.14078
74.478814  154.14077
74.338983  154.14076
74.199153  154.14076
74.059322  154.14075
73.919492  154.14075
73.779661  154.14075
73.639831  154.14075
73.5  154.14075
73.360169  154.14075
73.220339  154.14075
73.080508  154.14075
72.940678  154.14075
72.800847  154.14075
72.661017  154.14075
72.521186  154.14075
72.381356  154.14075
72.241525  154.14075
72.101695  154.14075
71.961864  154.14075
71.822034  154.14075
71.682203  154.14075
71.542373  154.14075
71.402542  154.14075
71.262712  154.14075
71.122881  154.14075
70.983051  154.14075
70.84322  154.14075
70.70339  154.14075
70.563559  154.14075
70.423729  154.14075
70.283898  154.14075
70.144068  154.14075
70.004237  154.14075
69.864407  154.14075
69.724576  154.14075
69.584746  154.14075
69.444915  154.14075
69.305085  154.14075
69.165254  154.14075
69.025424  154.14075
68.885593  154.14075
68.745763  154.14075
68.605932  154.14075
68.466102  154.14075
68.326271  154.14075
68.186441  154.14075
68.04661  154.14075
67.90678  154.14075
67.766949  154.14075
67.627119  154.14075
67.487288  154.14075
67.347458  154.14075
67.207627  154.14075
67.067797  154.14075
66.927966  154.14075
66.788136  154.14075
66.648305  154.14075
66.508475  154.14075
66.368644  154.14075
66.228814  154.14075
66.088983  154.14075
65.949153  154.14075
65.809322  154.14075
65.669492  154.14075
65.529661  154.14075
65.389831  154.14075
65.25  154.14075
65.110169  154.14075
64.970339  154.14075
64.830508  154.14075
64.690678  154.14075
64.550847  154.14075
64.411017  154.14075
64.271186  154.14075
64.131356  154.14075
63.991525  154.14075
63.851695  154.14075
63.711864  154.14075
63.572034  154.14075
63.432203  154.14075
63.292373  154.14075
63.152542  154.14075
63.012712  154.14075
62.872881  154.14075
62.733051  154.14075
62.59322  154.14075
62.45339  154.14075
62.313559  154.14075
62.173729  154.14075
62.033898  154.14075
61.894068  154.14075
61.754237  154.14075
61.614407  154.14075
61.474576  154.14075
61.334746  154.14075
61.194915  154.14075
61.055085  154.14075
60.915254  154.14075
60.775424  154.14075
60.635593  154.14075
60.495763  154.14075
60.355932  154.14075
60.216102  154.14075
60.076271  154.14075
59.936441  154.14075
59.79661  154.14075
59.65678  154.14075
59.516949  154.14075
59.377119  154.14075
59.237288  154.14075
59.097458  154.14075
58.957627  154.14075
58.817797  154.14075
58.677966  154.14075
58.538136  154.14075
58.398305  154.14075
58.258475  154.14075
58.118644  154.14075
57.978814  154.14075
57.838983  154.14075
57.699153  154.14075
57.559322  154.14075
57.419492  154.14075
57.279661  154.14075
57.139831  154.14075
57  154.14075

# Result Name:                  Peak Fit
# Number of Curves:             1
#
# Curve:                        0
# Values/Curve:                 237
#
90  206.29948
89.860169  205.50417
89.720339  204.71354
89.580508  203.92748
89.440678  203.1459
89.300847  202.36871
89.161017  201.59582
89.021186  200.82713
88.881356  200.06256
88.741525  199.30202
88.601695  198.54543
88.461864  197.79269
88.322034  197.04372
88.182203  196.29845
88.042373  195.55677
87.902542  194.81863
87.762712  194.08393
87.622881  193.35259
87.483051  192.62454
87.34322  191.8997
87.20339  191.17799
87.063559  190.45934
86.923729  189.74367
86.783898  189.03091
86.644068  188.32099
86.504237  187.61383
86.364407  186.90937
86.224576  186.20754
86.084746  185.50827
85.944915  184.8115
85.805085  184.11717
85.665254  183.42523
85.525424  182.73565
85.385593  182.0484
85.245763  181.3635
85.105932  180.68103
84.966102  180.00113
84.826271  179.32411
84.686441  178.65043
84.54661  177.98092
84.40678  177.31681
84.266949  176.66004
84.127119  176.01345
83.987288  175.38124
83.847458  174.76941
83.707627  174.1864
83.567797  173.64385
83.427966  173.15747
83.288136  172.74812
83.148305  172.44282
83.008475  172.27594
82.868644  172.29012
82.728814  172.53711
82.588983  173.07803
82.449153  173.98314
82.309322  175.33068
82.169492  177.20473
82.029661  179.69181
81.889831  182.87624
81.75  186.83428
81.610169  191.62709
81.470339  197.29312
81.330508  203.84017
81.190678  211.238
81.050847  219.41214
80.911017  228.2398
80.771186  237.54853
80.631356  247.11845
80.491525  256.68819
80.351695  265.96472
80.211864  274.63665
80.072034  282.39035
79.932203  288.92759
79.792373  293.98359
79.652542  297.34374
79.512712  298.85772
79.372881  298.44959
79.233051  296.12289
79.09322  291.96049
78.95339  286.1189
78.813559  278.81776
78.673729  270.32553
78.533898  260.94249
78.394068  250.98276
78.254237  240.75665
78.114407  230.5548
77.974576  220.63518
77.834746  211.21358
77.694915  202.45797
77.555085  194.48668
77.415254  187.37
77.275424  181.13442
77.135593  175.76905
76.995763  171.23304
76.855932  167.46351
76.716102  164.38319
76.576271  161.90727
76.436441  159.94924
76.29661  158.42537
76.15678  157.25802
76.016949  156.37765
75.877119  155.72393
75.737288  155.24591
75.597458  154.90166
75.457627  154.65746
75.317797  154.48683
75.177966  154.36937
75.038136  154.2897
74.898305  154.23647
74.758475  154.20142
74.618644  154.17868
74.478814  154.16413
74.338983  154.15497
74.199153  154.14928
74.059322  154.1458
73.919492  154.14369
73.779661  154.14244
73.639831  154.14171
73.5  154.14129
73.360169  154.14105
73.220339  154.14091
73.080508  154.14084
72.940678  154.1408
72.800847  154.14077
72.661017  154.14076
72.521186  154.14076
72.381356  154.14075
72.241525  154.14075
72.101695  154.14075
71.961864  154.14075
71.822034  154.14075
71.682203  154.14075
71.542373  154.14075
71.402542  154.14075
71.262712  154.14075
71.122881  154.14075
70.983051  154.14075
70.84322  154.14075
70.70339  154.14075
70.563559  154.14075
70.423729  154.14075
70.283898  154.14075
70.144068  154.14075
70.004237  154.14075
69.864407  154.14075
69.724576  154.14075
69.584746  154.14075
69.444915  154.14075
69.305085  154.14075
69.165254  154.14075
69.025424  154.14075
68.885593  154.14075
68.745763  154.14075
68.605932  154.14075
68.466102  154.14075
68.326271  154.14075
68.186441  154.14075
68.04661  154.14075
67.90678  154.14075
67.766949  154.14075
67.627119  154.14075
67.487288  154.14075
67.347458  154.14075
67.207627  154.14075
67.067797  154.14075
66.927966  154.14075
66.788136  154.14075
66.648305  154.14075
66.508475  154.14075
66.368644  154.14075
66.228814  154.14075
66.088983  154.14075
65.949153  154.14075
65.809322  154.14075
65.669492  154.14075
65.529661  154.14075
65.389831  154.14075
65.25  154.14075
65.110169  154.14075
64.970339  154.14075
64.830508  154.14075
64.690678  154.14075
64.550847  154.14075
64.411017  154.14075
64.271186  154.14075
64.131356  154.14075
63.991525  154.14075
63.851695  154.14075
63.711864  154.14075
63.572034  154.14075
63.432203  154.14075
63.292373  154.14075
63.152542  154.14075
63.012712  154.14075
62.872881  154.14075
62.733051  154.14075
62.59322  154.14075
62.45339  154.14075
62.313559  154.14075
62.173729  154.14075
62.033898  154.14075
61.894068  154.14075
61.754237  154.14075
61.614407  154.14075
61.474576  154.14075
61.334746  154.14075
61.194915  154.14075
61.055085  154.14075
60.915254  154.14075
60.775424  154.14075
60.635593  154.14075
60.495763  154.14075
60.355932  154.14075
60.216102  154.14075
60.076271  154.14075
59.936441  154.14075
59.79661  154.14075
59.65678  154.14075
59.516949  154.14075
59.377119  154.14075
59.237288  154.14075
59.097458  154.14075
58.957627  154.14075
58.817797  154.14075
58.677966  154.14075
58.538136  154.14075
58.398305  154.14075
58.258475  154.14075
58.118644  154.14075
57.978814  154.14075
57.838983  154.14075
57.699153  154.14075
57.559322  154.14075
57.419492  154.14075
57.279661  154.14075
57.139831  154.14075
57  154.14075

# Region:                       Mg 1s
# Spectrum ID:                  15
# Acquisition Date:             06/26/26 18:18:48 UTC
# Analysis Method:              XPS
# Analyzer:                     PHOIBOS MCD5 Analyzer
# Analyzer Lens:                LargeArea:1.5kV
# Analyzer Slit:                5:7x20\B:open
# Scan Mode:                    FixedAnalyzerTransmission
# Curves/Scan:                  1
# Values/Curve:                 1001
# Dwell Time:                   0.1
# Excitation Energy:            1486.61
# Binding Energy:               1350
# Pass Energy:                  50
# Bias Voltage:                 90
# Detector Voltage:             3000
# Eff. Workfunction:            4.543
# Source:                       X-Ray Dummy
# Comment:                      
#
# Cycle: 0
# Number of Scans: 3
#
# Cycle: 0, Curve: 0
# Acquisition Date:             06/26/26 18:18:48 UTC
#
# ColumnLabels:                 energy counts/s
#
1350  16970.118
1349.9  16861.793
1349.8  17004.938
1349.7  16482.074
1349.6  16287.433
1349.5  16746.198
1349.4  16758.857
1349.3  16604.399
1349.2  16788.659
1349.1  16931.792
1349  16761.674
1348.9  17205.139
1348.8  16326.763
1348.7  16537.139
1348.6  16947.118
1348.5  16832.22
1348.4  16437.869
1348.3  16583.333
1348.2  16809.978
1348.1  17357.349
1348  16713.238
1347.9  16580.196
1347.8  16677.613
1347.7  16999.149
1347.6  17000.207
1347.5  16473.217
1347.4  16520.363
1347.3  16783.111
1347.2  16752.638
1347.1  16481.556
1347  16675.141
1346.9  17200.01
1346.8  16350.334
1346.7  16971.49
1346.6  16696.516
1346.5  16924.9
1346.4  17039.913
1346.3  16613.191
1346.2  16661.456
1346.1  16677.388
1346  16527.052
1345.9  16650.383
1345.8  16232.315
1345.7  16337.535
1345.6  16606.006
1345.5  16730.169
1345.4  16444.803
1345.3  16656.593
1345.2  16429.868
1345.1  16718.798
1345  16588.725
1344.9  16592.949
1344.8  16835.546
1344.7  16629.048
1344.6  16530.946
1344.5  16681.855
1344.4  16671.071
1344.3  16832.523
1344.2  16809.707
1344.1  16489.963
1344  16373.317
1343.9  16778.642
1343.8  16273.255
1343.7  16455.741
1343.6  16363.321
1343.5  16669.302
1343.4  16600.76
1343.3  16390.942
1343.2  16551.28
1343.1  16493.711
1343  16891.881
1342.9  16383.005
1342.8  17020.11
1342.7  16270.178
1342.6  16408.554
1342.5  16739.484
1342.4  16733.883
1342.3  16602.279
1342.2  16115.271
1342.1  16399.354
1342  16349.265
1341.9  16227.942
1341.8  16887.041
1341.7  16239.646
1341.6  16482.969
1341.5  16097.788
1341.4  16256.969
1341.3  16214.685
1341.2  16045.525
1341.1  16416.551
1341  16031.983
1340.9  16637.795
1340.8  16606.906
1340.7  16559.06
1340.6  16183.325
1340.5  16073.74
1340.4  16366.161
1340.3  16482.198
1340.2  16285.019
1340.1  16308.218
1340  16352.472
1339.9  16369.895
1339.8  16656.617
1339.7  16172.132
1339.6  15982.207
1339.5  16200.993
1339.4  16176.312
1339.3  16293.578
1339.2  16240.699
1339.1  16142.102
1339  16481.739
1338.9  16113.21
1338.8  16374.576
1338.7  16382.29
1338.6  16239.764
1338.5  16289.577
1338.4  16430.308
1338.3  16608.621
1338.2  16267.087
1338.1  16132.719
1338  16435.6
1337.9  16635.809
1337.8  16205.036
1337.7  16593.144
1337.6  16336.017
1337.5  16498.508
1337.4  16148.771
1337.3  16198.431
1337.2  15977.84
1337.1  16024.425
1337  16104.542
1336.9  16550.796
1336.8  16184.695
1336.7  16532.22
1336.6  16367.638
1336.5  16838.858
1336.4  15758.318
1336.3  16179.301
1336.2  15914.319
1336.1  16098.622
1336  15895.8
1335.9  16102.057
1335.8  16488.671
1335.7  16657.87
1335.6  16064.463
1335.5  16150.596
1335.4  16454.42
1335.3  16378.915
1335.2  16467.428
1335.1  16122.345
1335  16042.576
1334.9  16109.485
1334.8  16139.756
1334.7  16506.243
1334.6  16265.712
1334.5  16360.204
1334.4  16172.837
1334.3  15855.239
1334.2  16052.539
1334.1  16019.874
1334  16631.965
1333.9  16135.312
1333.8  16570.29
1333.7  16199.253
1333.6  16177.489
1333.5  15894.84
1333.4  15976.633
1333.3  16142.722
1333.2  16054.679
1333.1  16076.119
1333  15671.208
1332.9  16058.692
1332.8  15878.613
1332.7  16203.366
1332.6  16193.828
1332.5  15774.62
1332.4  15841.026
1332.3  16305.376
1332.2  16011.065
1332.1  16322.752
1332  15837.408
1331.9  16139.274
1331.8  16273.627
1331.7  15806.682
1331.6  15978.368
1331.5  15996.51
1331.4  16189.77
1331.3  16024.95
1331.2  16015.383
1331.1  15681.112
1331  16044.862
1330.9  15975.881
1330.8  15954.507
1330.7  16022.244
1330.6  15937.842
1330.5  16166.315
1330.4  16118.677
1330.3  15699.911
1330.2  15444.755
1330.1  15585.848
1330  15972.325
1329.9  16263.744
1329.8  16064.155
1329.7  15816.204
1329.6  16167.118
1329.5  16155.484
1329.4  15825.056
1329.3  15920.09
1329.2  15944.17
1329.1  15768.443
1329  16297.306
1328.9  15999.453
1328.8  15885.608
1328.7  16071.924
1328.6  15786.432
1328.5  15887.747
1328.4  15996.961
1328.3  16179.11
1328.2  15933.436
1328.1  16009.413
1328  15765.419
1327.9  16471.841
1327.8  15934.498
1327.7  15702.466
1327.6  16075.783
1327.5  15867.49
1327.4  16224.193
1327.3  16011.361
1327.2  16063.423
1327.1  15681.359
1327  15798.22
1326.9  15320.601
1326.8  15854.665
1326.7  15793.827
1326.6  15900.534
1326.5  15881.975
1326.4  15558.944
1326.3  15829.323
1326.2  15936.966
1326.1  15454.045
1326  15963.666
1325.9  15949.094
1325.8  15851.821
1325.7  15494.01
1325.6  15475.865
1325.5  15728.047
1325.4  15950.299
1325.3  15750.709
1325.2  15662.029
1325.1  16075.576
1325  15524.419
1324.9  15818.625
1324.8  15849.682
1324.7  15619.485
1324.6  15880.065
1324.5  15716.283
1324.4  15620.58
1324.3  15984.214
1324.2  15703.804
1324.1  15753.196
1324  15490.075
1323.9  15706.349
1323.8  15762.487
1323.7  15574.811
1323.6  15581.569
1323.5  16095.81
1323.4  15545.237
1323.3  15741.688
1323.2  15607.881
1323.1  15917.517
1323  16038.129
1322.9  15648.757
1322.8  15591.098
1322.7  15637.965
1322.6  15934.246
1322.5  15630.616
1322.4  15620.564
1322.3  16074.763
1322.2  15775.297
1322.1  15720.899
1322  15561.787
1321.9  15725.961
1321.8  15707.539
1321.7  15433.91
1321.6  15423.598
1321.5  15663.454
1321.4  15685.311
1321.3  15505.662
1321.2  15813.365
1321.1  15658.466
1321  15545.725
1320.9  15238.035
1320.8  15925.302
1320.7  15388.724
1320.6  16220.87
1320.5  15693.904
1320.4  15640.42
1320.3  15668.66
1320.2  16244.34
1320.1  15579.246
1320  15356.825
1319.9  15484.504
1319.8  15436.68
1319.7  15787.447
1319.6  15442.586
1319.5  15836.905
1319.4  15436.385
1319.3  15808.645
1319.2  15849.551
1319.1  15422.633
1319  15547.927
1318.9  15583.057
1318.8  16202.748
1318.7  15530.353
1318.6  15730.089
1318.5  15710.758
1318.4  15306.4
1318.3  15297.001
1318.2  15544.985
1318.1  15106.156
1318  15521.488
1317.9  15521.762
1317.8  15341.608
1317.7  15591.878
1317.6  15572.273
1317.5  15575.442
1317.4  15597.684
1317.3  15523.874
1317.2  15238.734
1317.1  15551.984
1317  15537.726
1316.9  15455.086
1316.8  15430.316
1316.7  15331.134
1316.6  15635.733
1316.5  15805.022
1316.4  15804.825
1316.3  15550.286
1316.2  15437.755
1316.1  15650.361
1316  15812.109
1315.9  15392.16
1315.8  15401.994
1315.7  15314.477
1315.6  15752.225
1315.5  15320.113
1315.4  15265.164
1315.3  15690.858
1315.2  15195.666
1315.1  15432.259
1315  15658.202
1314.9  15413.034
1314.8  15218.967
1314.7  15811.253
1314.6  15494.497
1314.5  15456.28
1314.4  15586.638
1314.3  15580.16
1314.2  15574.92
1314.1  15753.936
1314  15253.74
1313.9  15173.859
1313.8  15976.56
1313.7  15628.2
1313.6  15433.028
1313.5  15496.455
1313.4  15335.976
1313.3  15567.731
1313.2  15627.641
1313.1  15460.049
1313  15716.582
1312.9  15555.214
1312.8  15721.176
1312.7  15550.29
1312.6  15702.404
1312.5  15496.716
1312.4  15075.169
1312.3  15707.426
1312.2  15565.924
1312.1  15596.922
1312  15653.565
1311.9  15277.848
1311.8  15641.707
1311.7  15519.834
1311.6  15555.649
1311.5  15508.23
1311.4  15425.802
1311.3  15906.166
1311.2  15406.474
1311.1  15393.934
1311  15544.934
1310.9  15458.863
1310.8  15706.918
1310.7  15315.322
1310.6  15687.799
1310.5  15743.097
1310.4  15440.109
1310.3  15648.209
1310.2  15638.257
1310.1  15623.328
1310  15262.061
1309.9  15550.949
1309.8  15543.297
1309.7  15620.349
1309.6  15467.522
1309.5  15473.463
1309.4  15679.485
1309.3  15864.655
1309.2  15689.238
1309.1  15541
1309  15761.787
1308.9  16225.127
1308.8  15944.25
1308.7  15864.674
1308.6  15617.492
1308.5  15785.732
1308.4  15640.311
1308.3  15574.633
1308.2  15646.886
1308.1  15766.64
1308  15313.896
1307.9  15224.606
1307.8  15441.114
1307.7  15684.621
1307.6  15087.751
1307.5  15594.076
1307.4  15623.106
1307.3  16008.454
1307.2  15548.759
1307.1  15372.323
1307  15478.381
1306.9  16059.537
1306.8  15902.777
1306.7  15724.658
1306.6  15828.505
1306.5  15667.923
1306.4  15626.251
1306.3  15372.69
1306.2  15369.835
1306.1  15582.705
1306  15720.701
1305.9  15640.308
1305.8  15550.247
1305.7  15198.066
1305.6  15463.007
1305.5  15598.42
1305.4  15681.169
1305.3  15397.049
1305.2  15528.073
1305.1  15802.708
1305  15393.922
1304.9  15678.777
1304.8  15982.933
1304.7  15517.857
1304.6  15537.332
1304.5  15279.854
1304.4  15245.252
1304.3  15633.97
1304.2  15304.384
1304.1  15631.722
1304  15466.584
1303.9  15525.888
1303.8  15512.282
1303.7  15324.056
1303.6  15114.374
1303.5  15313.165
1303.4  15247.505
1303.3  15440.191
1303.2  15823.992
1303.1  15478.373
1303  15419.101
1302.9  16216.785
1302.8  15664.504
1302.7  15336.206
1302.6  15507.425
1302.5  15114.737
1302.4  15423.53
1302.3  15468.405
1302.2  15554.065
1302.1  15501.315
1302  15045.643
1301.9  15152.687
1301.8  15295.532
1301.7  15535.539
1301.6  15543.402
1301.5  15431.684
1301.4  15403.037
1301.3  15308.688
1301.2  15352.478
1301.1  15065.608
1301  15311.439
1300.9  15191.195
1300.8  14986.996
1300.7  15327.53
1300.6  15458.889
1300.5  15655.77
1300.4  15591.723
1300.3  15417.241
1300.2  15322.191
1300.1  15202.661
1300  15421.254
1299.9  15176.789
1299.8  15287.995
1299.7  15413.024
1299.6  15435.766
1299.5  15351.878
1299.4  14908.732
1299.3  15364.802
1299.2  15261.601
1299.1  15435.955
1299  15506.172
1298.9  15397.963
1298.8  15087.933
1298.7  15543.336
1298.6  15287.531
1298.5  15229.245
1298.4  15446.74
1298.3  15585.598
1298.2  15335.713
1298.1  14967.527
1298  15091.55
1297.9  15181.766
1297.8  15374.594
1297.7  15295.715
1297.6  14982.276
1297.5  15375.063
1297.4  15115.186
1297.3  15405.484
1297.2  15272.6
1297.1  15139.226
1297  15162.774
1296.9  15191.225
1296.8  15570.925
1296.7  15404.72
1296.6  15450.529
1296.5  15235.092
1296.4  14944.688
1296.3  14888.281
1296.2  15219.264
1296.1  15164.235
1296  15432.469
1295.9  15251.132
1295.8  15503.803
1295.7  15219.948
1295.6  15147.73
1295.5  14994.995
1295.4  14873.093
1295.3  15346.176
1295.2  15066.442
1295.1  15218.954
1295  15222.854
1294.9  15036.91
1294.8  15209.046
1294.7  15291.966
1294.6  14838.812
1294.5  15235.775
1294.4  15004.034
1294.3  15124.061
1294.2  15271.183
1294.1  15371.939
1294  15474.766
1293.9  15030.368
1293.8  14902.782
1293.7  15296.575
1293.6  15345.625
1293.5  14993.287
1293.4  15243.621
1293.3  14914.562
1293.2  15284.595
1293.1  15624.552
1293  15062.357
1292.9  15185.133
1292.8  15108.783
1292.7  14977.319
1292.6  15016.304
1292.5  15108.814
1292.4  15193.51
1292.3  15030.559
1292.2  15030.862
1292.1  15112.991
1292  15253.648
1291.9  15094.585
1291.8  14867.069
1291.7  15216.529
1291.6  15022.658
1291.5  14758.78
1291.4  15223.425
1291.3  15110.132
1291.2  15400.937
1291.1  15241.045
1291  14839.887
1290.9  15057.362
1290.8  15184.015
1290.7  14884.015
1290.6  15319.979
1290.5  15348.65
1290.4  14978.178
1290.3  15147.162
1290.2  14969.983
1290.1  15212.616
1290  15400.433
1289.9  15190.461
1289.8  15083.938
1289.7  14715.299
1289.6  15179.057
1289.5  14932.209
1289.4  15041.873
1289.3  15231.706
1289.2  15230.535
1289.1  15147.929
1289  15467.609
1288.9  15442.798
1288.8  15602.542
1288.7  14923.232
1288.6  15079.399
1288.5  15177.659
1288.4  14955.781
1288.3  14917.405
1288.2  15217.109
1288.1  14826.028
1288  15094.756
1287.9  15049.232
1287.8  15310.67
1287.7  15388.045
1287.6  14929.014
1287.5  14970.726
1287.4  14828.387
1287.3  15212.684
1287.2  14856.175
1287.1  15358.337
1287  15542.517
1286.9  15385.035
1286.8  15022.658
1286.7  15240.114
1286.6  14962.373
1286.5  14996.112
1286.4  15277.088
1286.3  15201.687
1286.2  15104.637
1286.1  14790.352
1286  15212.881
1285.9  14833.784
1285.8  15265.924
1285.7  15446.674
1285.6  15264.6
1285.5  15069.944
1285.4  15276.098
1285.3  15101.495
1285.2  15353.014
1285.1  15171.4
1285  15333.893
1284.9  15131.91
1284.8  15385.779
1284.7  14957.201
1284.6  14952.712
1284.5  15092.494
1284.4  15100.968
1284.3  14810.231
1284.2  14848.711
1284.1  14968.54
1284  15258.312
1283.9  15283.071
1283.8  15654.728
1283.7  15482.032
1283.6  15284.235
1283.5  15378.8
1283.4  15090.656
1283.3  15423.158
1283.2  15297.063
1283.1  15208.361
1283  15117.09
1282.9  14844.231
1282.8  15025.349
1282.7  15180.36
1282.6  14708.545
1282.5  15022.639
1282.4  15399.85
1282.3  15412.657
1282.2  15380.787
1282.1  15002.067
1282  14823.68
1281.9  15301.88
1281.8  14974.679
1281.7  15156.702
1281.6  15317.084
1281.5  15093.743
1281.4  14955
1281.3  14873.838
1281.2  14785.516
1281.1  15046.492
1281  15014.035
1280.9  14496.854
1280.8  15090.759
1280.7  15331.811
1280.6  15021.422
1280.5  15127.788
1280.4  15069.706
1280.3  14994.912
1280.2  14974.098
1280.1  14730.384
1280  15095.458
1279.9  15506.751
1279.8  15129.287
1279.7  14890.172
1279.6  15155.861
1279.5  15417.615
1279.4  15079.221
1279.3  15198.074
1279.2  14978.139
1279.1  15112.522
1279  15095.662
1278.9  15249.044
1278.8  15258.417
1278.7  15171.038
1278.6  14994.876
1278.5  15017.966
1278.4  14528.011
1278.3  15051.248
1278.2  14970.586
1278.1  15003.778
1278  15254.331
1277.9  15059.525
1277.8  15538.637
1277.7  15248.505
1277.6  15257.174
1277.5  14965.066
1277.4  15093.173
1277.3  15219.349
1277.2  15291.174
1277.1  15195.031
1277  15168.929
1276.9  15407.81
1276.8  15306.522
1276.7  14969.6
1276.6  14936.855
1276.5  15306.25
1276.4  15038.343
1276.3  15107.645
1276.2  15044.152
1276.1  15329.904
1276  15264.073
1275.9  15527.025
1275.8  15223.118
1275.7  15330.31
1275.6  14896.203
1275.5  14922.677
1275.4  15304.802
1275.3  14967.579
1275.2  14853.699
1275.1  14904.92
1275  15202.657
1274.9  15315.057
1274.8  15092.654
1274.7  15280.91
1274.6  15193.87
1274.5  15060.69
1274.4  15347.88
1274.3  15441.851
1274.2  15323.587
1274.1  14997.133
1274  15208.002
1273.9  15160.975
1273.8  15190.064
1273.7  14795.511
1273.6  15142.344
1273.5  15134.384
1273.4  15374.792
1273.3  15341.914
1273.2  15208.898
1273.1  15288.396
1273  15465.449
1272.9  15377.517
1272.8  15074.182
1272.7  15125.425
1272.6  15041.866
1272.5  15197.199
1272.4  15099.547
1272.3  15222.519
1272.2  15040.697
1272.1  15168.156
1272  15418.052
1271.9  15246.562
1271.8  15054.241
1271.7  14914.33
1271.6  15058.73
1271.5  15043.998
1271.4  15308.069
1271.3  15090.581
1271.2  15137.147
1271.1  15343.783
1271  15164.095
1270.9  15244.765
1270.8  15337.954
1270.7  14953.191
1270.6  14964.282
1270.5  15298.686
1270.4  14857.597
1270.3  15008.789
1270.2  14969.171
1270.1  15338.677
1270  15076.104
1269.9  14830.222
1269.8  15625.912
1269.7  15199.534
1269.6  15463.744
1269.5  15007.493
1269.4  15159.634
1269.3  15133.436
1269.2  14978.813
1269.1  15245.584
1269  15254.783
1268.9  15228.341
1268.8  15458.439
1268.7  15339.93
1268.6  14981.121
1268.5  15268.611
1268.4  15607.165
1268.3  15577.055
1268.2  15396.566
1268.1  15351.139
1268  15362.65
1267.9  14935.914
1267.8  15596.179
1267.7  15399.903
1267.6  15344.355
1267.5  15241.547
1267.4  15253.88
1267.3  14745.493
1267.2  15604.856
1267.1  15668.447
1267  15305.983
1266.9  15216.284
1266.8  15466.422
1266.7  15223.216
1266.6  14893.233
1266.5  15451.159
1266.4  15394.564
1266.3  15427.804
1266.2  15276.79
1266.1  15578.626
1266  15281.193
1265.9  14945.581
1265.8  15249.676
1265.7  15431.011
1265.6  15533.996
1265.5  15426.955
1265.4  15344.438
1265.3  15074.5
1265.2  15178.535
1265.1  15128.161
1265  15097.934
1264.9  15285.772
1264.8  14747.259
1264.7  15267.152
1264.6  15097.007
1264.5  15290.164
1264.4  15428.854
1264.3  15380.459
1264.2  15494.129
1264.1  15289.448
1264  15006.381
1263.9  15252.807
1263.8  15182.884
1263.7  15176.177
1263.6  15611.074
1263.5  15360.228
1263.4  15417.131
1263.3  15422.396
1263.2  15308.672
1263.1  15452.92
1263  14759.028
1262.9  15275.835
1262.8  15472.88
1262.7  15369.255
1262.6  15333.436
1262.5  14982.717
1262.4  15276.189
1262.3  15252.995
1262.2  15156.879
1262.1  15154.363
1262  15383.849
1261.9  15340.185
1261.8  15053.425
1261.7  14974.957
1261.6  15302.836
1261.5  15352.212
1261.4  14791.173
1261.3  15098.801
1261.2  15361.084
1261.1  15259.847
1261  15450.951
1260.9  15324.694
1260.8  15317.645
1260.7  15452.771
1260.6  15463.367
1260.5  15386.739
1260.4  15465.624
1260.3  15166.336
1260.2  15205.734
1260.1  15250.054
1260  15512.82
1259.9  15342.346
1259.8  15367.482
1259.7  15306.043
1259.6  15635.783
1259.5  15408.026
1259.4  15717.707
1259.3  15719.464
1259.2  15406.106
1259.1  15159.541
1259  15507.824
1258.9  15229.572
1258.8  15243.287
1258.7  15276.5
1258.6  15325.66
1258.5  15374.692
1258.4  15186.116
1258.3  15193.807
1258.2  14914.584
1258.1  15250.012
1258  15592.351
1257.9  15151.809
1257.8  15079.091
1257.7  15215.697
1257.6  15655.309
1257.5  14882.597
1257.4  15099.161
1257.3  15184.835
1257.2  15298.273
1257.1  15077.18
1257  15400.806
1256.9  15329.082
1256.8  15172.948
1256.7  14864.128
1256.6  15507.658
1256.5  15168.65
1256.4  15086.411
1256.3  15589.653
1256.2  15360.699
1256.1  15558.741
1256  15241.457
1255.9  15215.872
1255.8  15404.33
1255.7  15504.644
1255.6  15261.979
1255.5  15257.836
1255.4  14860.994
1255.3  15476.655
1255.2  15343.017
1255.1  15439.357
1255  15201.685
1254.9  15336.604
1254.8  15347.579
1254.7  15474.3
1254.6  15184.634
1254.5  15773.281
1254.4  15054.632
1254.3  15570.25
1254.2  15507.016
1254.1  15111.999
1254  15240.204
1253.9  15428.799
1253.8  15631.802
1253.7  15585.997
1253.6  15337.929
1253.5  15372.526
1253.4  14976.812
1253.3  15535.956
1253.2  15506.991
1253.1  15384.799
1253  15372.533
1252.9  15559.061
1252.8  15574.284
1252.7  15430.662
1252.6  15505.536
1252.5  15425.595
1252.4  15816.899
1252.3  15564.657
1252.2  15767.233
1252.1  15307.354
1252  15697.769
1251.9  15874.126
1251.8  15800.296
1251.7  15882.56
1251.6  15661.961
1251.5  15671.045
1251.4  15132.872
1251.3  15587.46
1251.2  15771.789
1251.1  15487.022
1251  15413.99
1250.9  15688.11
1250.8  15910.254
1250.7  15709.724
1250.6  15692.662
1250.5  15880.939
1250.4  15507.868
1250.3  15078.257
1250.2  15273.904
1250.1  15670.344
1250  15582.461

# Region:                       Au 4d
# Spectrum ID:                  18
# Acquisition Date:             06/26/26 18:22:23 UTC
# Analysis Method:              XPS
# Analyzer:                     PHOIBOS MCD5 Analyzer
# Analyzer Lens:                LargeArea:1.5kV
# Analyzer Slit:                5:7x20\B:open
# Scan Mode:                    FixedAnalyzerTransmission
# Curves/Scan:                  1
# Values/Curve:                 901
# Dwell Time:                   0.1
# Excitation Energy:            1486.61
# Binding Energy:               385
# Pass Energy:                  50
# Bias Voltage:                 90
# Detector Voltage:             3000
# Eff. Workfunction:            4.543
# Source:                       X-Ray Dummy
# Comment:                      
#
# Cycle: 0
# Number of Scans: 2
#
# Cycle: 0, Curve: 0
# Acquisition Date:             06/26/26 18:22:23 UTC
#
# ColumnLabels:                 energy counts/s
#
385  6022.6069
384.9  6100.8886
384.8  6372.5803
384.7  6244.6089
384.6  6490.8427
384.5  6499.1796
384.4  6173.5171
384.3  6391.973
384.2  6206.9906
384.1  5874.9071
384  6125.8058
383.9  6246.8381
383.8  6149.3649
383.7  6214.4992
383.6  6055.8063
383.5  5794.1717
383.4  5911.5947
383.3  6150.2516
383.2  6107.3628
383.1  6306.369
383  6511.6697
382.9  6213.5161
382.8  6241.0572
382.7  6400.3286
382.6  5883.9892
382.5  6273.5521
382.4  6438.7182
382.3  6489.3712
382.2  6349.1801
382.1  6173.9088
382  6240.4895
381.9  6078.2314
381.8  6284.7408
381.7  6298.1209
381.6  6205.4537
381.5  6177.4006
381.4  6305.1564
381.3  6046.157
381.2  6270.0481
381.1  6046.7253
381  6164.0823
380.9  6279.4342
380.8  6309.736
380.7  6516.1393
380.6  6456.6007
380.5  6033.0319
380.4  6144.9817
380.3  6481.3081
380.2  6173.5098
380.1  6429.9471
380  6189.1026
379.9  6274.8956
379.8  6450.9807
379.7  6174.5831
379.6  6239.703
379.5  6341.8975
379.4  6235.8521
379.3  6282.6785
379.2  6602.1921
379.1  6307.1652
379  6201.3096
378.9  6329.1183
378.8  6516.0721
378.7  6156.6644
378.6  6298.904
378.5  6099.9652
378.4  6505.4044
378.3  6309.1681
378.2  6131.8638
378.1  6396.4533
378  6617.8035
377.9  6324.8715
377.8  6405.8685
377.7  6534.7281
377.6  6421.7028
377.5  6519.7796
377.4  6515.2241
377.3  6543.386
377.2  6272.0311
377.1  6372.2056
377  6341.1301
376.9  6564.3188
376.8  6147.8773
376.7  6316.4601
376.6  6175.9907
376.5  6187.5414
376.4  6513.5416
376.3  6294.6296
376.2  6184.4279
376.1  6128.0534
376  6295.1484
375.9  6403.8974
375.8  6256.9758
375.7  6377.4187
375.6  6536.1791
375.5  6297.7844
375.4  6348.7999
375.3  6124.2964
375.2  6417.9711
375.1  6369.6971
375  6519.8429
374.9  6374.9946
374.8  6252.0708
374.7  6338.3756
374.6  6039.2703
374.5  6095.5498
374.4  6146.2784
374.3  6445.7069
374.2  6262.9361
374.1  6664.4289
374  6621.7062
373.9  6411.3023
373.8  6318.3794
373.7  6457.4944
373.6  6423.4986
373.5  6332.0293
373.4  6170.748
373.3  5954.5878
373.2  6291.0281
373.1  6376.1788
373  6331.5638
372.9  6443.2178
372.8  6524.4725
372.7  6404.2347
372.6  6457.6384
372.5  6260.502
372.4  6530.6899
372.3  6786.0269
372.2  6440.499
372.1  6467.7894
372  6269.3311
371.9  6220.7298
371.8  6390.36
371.7  6321.9807
371.6  5982.9302
371.5  6209.2294
371.4  6346.0115
371.3  6250.9744
371.2  6310.1148
371.1  6466.2523
371  6321.935
370.9  6104.3964
370.8  6163.9255
370.7  6802.2663
370.6  6273.9689
370.5  6459.4635
370.4  6305.3201
370.3  6256.381
370.2  6314.8342
370.1  6597.9137
370  6230.5024
369.9  6211.3091
369.8  6190.9947
369.7  6158.9442
369.6  6547.7358
369.5  6160.3335
369.4  6131.7497
369.3  6047.4452
369.2  6506.9809
369.1  6388.2747
369  6312.2279
368.9  6227.1454
368.8  6291.1631
368.7  6269.4357
368.6  6400.4803
368.5  6331.3001
368.4  6618.419
368.3  6267.7553
368.2  6340.2473
368.1  6253.1203
368  6394.4399
367.9  6298.7792
367.8  6364.4199
367.7  6262.3982
367.6  6145.0437
367.5  6202.6614
367.4  6320.1882
367.3  6017.002
367.2  6118.6659
367.1  6139.4334
367  6341.95
366.9  6224.5606
366.8  6160.3527
366.7  6382.1785
366.6  6293.3242
366.5  6278.9795
366.4  6091.2646
366.3  6392.6155
366.2  6166.6902
366.1  6256.4056
366  6196.6912
365.9  6233.292
365.8  6183.7251
365.7  6333.8808
365.6  6431.3144
365.5  6130.8162
365.4  6390.9544
365.3  6265.1461
365.2  6475.6746
365.1  6541.4519
365  6606.0257
364.9  6354.6665
364.8  6231.1174
364.7  6216.8762
364.6  6076.5129
364.5  6330.6893
364.4  6367.7987
364.3  6297.1534
364.2  6364.3432
364.1  6868.3016
364  6285.8859
363.9  6429.4916
363.8  6400.6016
363.7  6352.9052
363.6  6233.8092
363.5  6339.2973
363.4  6312.7223
363.3  6354.5319
363.2  6382.0002
363.1  6577.7963
363  6606.8746
362.9  6354.9884
362.8  6386.4359
362.7  6343.5032
362.6  6187.8002
362.5  6131.3726
362.4  6410.58
362.3  6307.9748
362.2  6401.1263
362.1  6527.2908
362  6106.1465
361.9  6385.6304
361.8  6612.6821
361.7  6847.6953
361.6  6601.9933
361.5  6386.4898
361.4  6347.3908
361.3  6556.048
361.2  6507.8244
361.1  6832.2786
361  6624.9542
360.9  6701.6009
360.8  6639.0234
360.7  6633.5122
360.6  6523.8446
360.5  6428.6605
360.4  6530.2081
360.3  6382.1143
360.2  6545.9423
360.1  6541.5026
360  6673.8301
359.9  6752.1185
359.8  6640.4605
359.7  6666.2927
359.6  6668.1222
359.5  6680.7098
359.4  6899.4163
359.3  7043.0574
359.2  7088.9519
359.1  6745.0095
359  6968.1331
358.9  6938.0494
358.8  6612.7353
358.7  6763.5696
358.6  6945.8418
358.5  6795.3621
358.4  7158.6886
358.3  7080.9888
358.2  6803.7025
358.1  6902.023
358  6877.3551
357.9  6566.242
357.8  6953.7919
357.7  7071.0926
357.6  6796.4692
357.5  7157.199
357.4  6639.6875
357.3  6537.5962
357.2  6730.1063
357.1  7166.4196
357  6802.3769
356.9  6626.0689
356.8  6880.8602
356.7  6842.2649
356.6  6928.6167
356.5  6999.5115
356.4  6996.0899
356.3  6890.144
356.2  6906.1863
356.1  7173.6953
356  6616.5508
355.9  6502.9661
355.8  6836.9696
355.7  6840.6801
355.6  6673.7828
355.5  6795.6615
355.4  6663.3487
355.3  6780.0469
355.2  6805.6089
355.1  6948.5329
355  6687.4252
354.9  6638.7844
354.8  6465.7968
354.7  6418.3169
354.6  6494.3577
354.5  6561.1063
354.4  6595.212
354.3  6435.9645
354.2  6526.5119
354.1  6610.8699
354  6450.2134
353.9  6599.9158
353.8  6506.3985
353.7  6626.6746
353.6  6493.3422
353.5  6392.1901
353.4  6671.7156
353.3  6590.2492
353.2  6245.7856
353.1  6268.5892
353  6536.206
352.9  6673.5483
352.8  6480.7684
352.7  6419.3037
352.6  6538.7733
352.5  6530.124
352.4  6513.0433
352.3  6470.6002
352.2  6585.7549
352.1  6389.6255
352  6520.393
351.9  6484.4825
351.8  6312.9556
351.7  6132.4112
351.6  6249.9212
351.5  6530.9768
351.4  6200.1346
351.3  6294.6689
351.2  6416.9287
351.1  6389.6838
351  6269.1343
350.9  6654.958
350.8  6268.6039
350.7  6495.2994
350.6  6142.3443
350.5  6374.495
350.4  6280.3294
350.3  6458.7382
350.2  6391.9536
350.1  6292.5104
350  6071.3616
349.9  6236.867
349.8  6210.1368
349.7  6099.929
349.6  6178.3421
349.5  6106.6226
349.4  6030.8384
349.3  6452.8924
349.2  6571.6891
349.1  6356.7629
349  6201.2738
348.9  6176.2978
348.8  6420.9427
348.7  6329.8815
348.6  6381.8157
348.5  6420.0662
348.4  6340.9393
348.3  6487.9232
348.2  6327.99
348.1  6451.2961
348  6256.0138
347.9  6149.8141
347.8  6432.3365
347.7  6445.5229
347.6  6266.9486
347.5  6203.0903
347.4  6259.8925
347.3  6134.9675
347.2  6053.3438
347.1  6369.0589
347  6645.149
346.9  6435.6649
346.8  6181.7137
346.7  6297.9115
346.6  6680.2268
346.5  6360.3469
346.4  6276.4075
346.3  6227.8399
346.2  6448.6542
346.1  6101.465
346  6446.5353
345.9  6400.3323
345.8  6234.5882
345.7  6410.1025
345.6  6252.7871
345.5  6265.5363
345.4  6138.6002
345.3  6134.9803
345.2  6344.6479
345.1  6274.1844
345  6310.7614
344.9  6090.5039
344.8  6298.3614
344.7  6559.7136
344.6  6529.9721
344.5  6531.0792
344.4  6389.2875
344.3  6434.8626
344.2  6483.1653
344.1  6517.9278
344  6280.6686
343.9  6783.4345
343.8  6329.0419
343.7  6253.2207
343.6  6389.4153
343.5  6473.0274
343.4  6413.4875
343.3  6482.5029
343.2  6734.9421
343.1  6903.5125
343  6543.5875
342.9  6458.8045
342.8  6857.0438
342.7  6780.8524
342.6  6687.9682
342.5  6386.8115
342.4  6479.665
342.3  6471.9918
342.2  6604.4781
342.1  6508.3139
342  6648.8827
341.9  6765.2719
341.8  6630.8963
341.7  6914.7928
341.6  6631.6785
341.5  6853.2197
341.4  7013.8969
341.3  6948.5222
341.2  6811.8622
341.1  7195.7686
341  7057.488
340.9  6918.5938
340.8  6660.344
340.7  6823.1101
340.6  6824.6478
340.5  6771.1426
340.4  7150.8415
340.3  7190.1424
340.2  6913.7305
340.1  6913.4828
340  7059.2822
339.9  6930.9481
339.8  7036.4993
339.7  6886.3772
339.6  7287.5564
339.5  7055.4136
339.4  7219.3114
339.3  6787.4994
339.2  7127.3657
339.1  6966.8244
339  6912.463
338.9  6911.8192
338.8  7078.2076
338.7  6992.4288
338.6  7017.5414
338.5  7115.7078
338.4  6895.0902
338.3  6936.3166
338.2  6619.0814
338.1  6614.6159
338  6769.1428
337.9  7051.8237
337.8  6684.3971
337.7  6611.1552
337.6  6418.2034
337.5  6983.2938
337.4  6934.716
337.3  6698.9314
337.2  6680.5412
337.1  6701.879
337  6579.1966
336.9  6347.7396
336.8  6364.4869
336.7  6633.6568
336.6  6753.4493
336.5  6262.4009
336.4  6380.6028
336.3  6780.8549
336.2  6375.4688
336.1  6131.2259
336  6492.7657
335.9  6426.2592
335.8  6209.0478
335.7  6042.2737
335.6  6590.9545
335.5  6431.4096
335.4  6322.9435
335.3  6056.3136
335.2  6255.4434
335.1  6641.8385
335  6133.6586
334.9  6226.8366
334.8  6304.7883
334.7  6250.0544
334.6  6022.0535
334.5  6081.947
334.4  6228.7681
334.3  6174.6411
334.2  6107.7562
334.1  6317.5447
334  6058.8013
333.9  6339.943
333.8  5974.733
333.7  6022.483
333.6  6258.2275
333.5  6366.6447
333.4  6385.9502
333.3  5947.2966
333.2  5941.2355
333.1  6240.4372
333  6124.2135
332.9  6068.6352
332.8  6033.8909
332.7  6119.1839
332.6  6072.8217
332.5  6032.5818
332.4  6237.7413
332.3  6200.0311
332.2  5915.1984
332.1  6078.7889
332  6000.3159
331.9  5984.2051
331.8  5847.3465
331.7  5738.0827
331.6  5973.1633
331.5  5794.8437
331.4  6030.6459
331.3  5830.2369
331.2  5957.9012
331.1  5881.2959
331  6144.6322
330.9  6126.0317
330.8  6186.8447
330.7  5952.2101
330.6  5940.0104
330.5  6075.6281
330.4  6187.5702
330.3  5977.1818
330.2  5725.8727
330.1  5881.6008
330  5842.2764
329.9  5914.9481
329.8  5881.6049
329.7  6202.6941
329.6  6162.0516
329.5  5989.4138
329.4  5837.1869
329.3  5869.9833
329.2  5923.0463
329.1  5830.3551
329  5750.0505
328.9  5988.2906
328.8  6070.1819
328.7  6089.3572
328.6  6113.2722
328.5  6365.1645
328.4  5866.3983
328.3  5845.4741
328.2  5986.6333
328.1  5885.1331
328  6186.5534
327.9  5960.0994
327.8  5848.4996
327.7  5679.8627
327.6  5826.4182
327.5  5903.9476
327.4  5840.0867
327.3  6142.3618
327.2  5940.2603
327.1  5753.5741
327  5843.7598
326.9  6141.2231
326.8  5942.8289
326.7  5845.4424
326.6  5683.4112
326.5  5905.1726
326.4  5852.9146
326.3  5994.5596
326.2  6017.2412
326.1  6119.2473
326  5678.9428
325.9  5347.8409
325.8  6086.2154
325.7  5946.5794
325.6  5800.9595
325.5  5933.129
325.4  5958.0973
325.3  6081.3933
325.2  5670.0012
325.1  5574.2791
325  5808.5933
324.9  5639.7792
324.8  6107.6325
324.7  5942.4606
324.6  5747.0253
324.5  5559.1686
324.4  5909.3892
324.3  5887.4152
324.2  5895.5451
324.1  5767.6735
324  5518.524
323.9  5889.6319
323.8  5824.1083
323.7  5891.518
323.6  5879.84
323.5  5568.8014
323.4  5932.4624
323.3  5905.5296
323.2  5840.505
323.1  5988.1251
323  5677.6997
322.9  5758.2289
322.8  5606.0595
322.7  5886.788
322.6  5862.9566
322.5  5757.025
322.4  5872.0378
322.3  5794.5158
322.2  5700.967
322.1  5801.6251
322  5852.7137
321.9  5622.8187
321.8  5778.1585
321.7  5867.8563
321.6  5509.805
321.5  5748.2082
321.4  5495.4752
321.3  6032.4466
321.2  5597.955
321.1  5786.4133
321  5870.611
320.9  5639.6719
320.8  5733.4768
320.7  5919.1778
320.6  5469.6067
320.5  5569.5822
320.4  5623.178
320.3  5544.8763
320.2  5616.4048
320.1  5942.6122
320  5650.28
319.9  6023.2665
319.8  5693.4476
319.7  5928.1114
319.6  5940.7579
319.5  5937.6099
319.4  5825.3321
319.3  5837.5738
319.2  5615.7919
319.1  5851.645
319  5813.9187
318.9  5790.45
318.8  5999.652
318.7  5640.1437
318.6  5568.4951
318.5  5873.3642
318.4  5676.8849
318.3  6010.0785
318.2  5867.2687
318.1  5583.9714
318  5880.976
317.9  5931.9824
317.8  5879.7702
317.7  5884.0708
317.6  5840.6042
317.5  5613.6569
317.4  5462.2017
317.3  5557.5669
317.2  5575.2909
317.1  5553.4754
317  5561.2205
316.9  5764.3993
316.8  5921.14
316.7  5783.8515
316.6  5731.0123
316.5  5707.7763
316.4  5620.7241
316.3  6049.7876
316.2  5677.7163
316.1  5727.9808
316  5775.8962
315.9  6070.0041
315.8  5891.4529
315.7  5962.6797
315.6  5628.0771
315.5  5592.9519
315.4  5835.4361
315.3  5847.2809
315.2  5491.9595
315.1  5491.1815
315  5650.32
314.9  5864.9763
314.8  5759.5288
314.7  5636.8688
314.6  5883.8263
314.5  5899.0873
314.4  5826.0071
314.3  5751.3774
314.2  5817.6648
314.1  5519.622
314  5841.546
313.9  5677.6122
313.8  5564.9842
313.7  5804.1765
313.6  5734.1158
313.5  5970.3685
313.4  5814.2282
313.3  5759.4598
313.2  5835.0927
313.1  5897.4813
313  5845.661
312.9  5685.4595
312.8  5752.7233
312.7  5931.517
312.6  5944.5814
312.5  5736.7896
312.4  5701.9625
312.3  5834.8237
312.2  5733.448
312.1  5589.9118
312  5831.7771
311.9  5566.0786
311.8  5482.4213
311.7  5787.903
311.6  5731.6739
311.5  5752.2333
311.4  5889.8871
311.3  5805.7321
311.2  5758.7735
311.1  5979.5226
311  5923.971
310.9  5617.3948
310.8  5503.3826
310.7  5906.2266
310.6  5785.6265
310.5  5806.7282
310.4  5462.2582
310.3  5858.0758
310.2  5980.8633
310.1  6151.0292
310  5729.9391
309.9  5866.5105
309.8  6071.6354
309.7  5754.3045
309.6  5747.9607
309.5  5856.6946
309.4  5898.3483
309.3  5660.6121
309.2  5993.834
309.1  5693.2895
309  5702.2473
308.9  5601.2853
308.8  5460.8472
308.7  5626.8098
308.6  5636.2893
308.5  5599.6928
308.4  5718.072
308.3  5736.7164
308.2  5552.71
308.1  5614.4397
308  5532.4744
307.9  5636.0113
307.8  5511.1847
307.7  5482.2785
307.6  5667.3915
307.5  5671.6028
307.4  5710.974
307.3  5770.6495
307.2  5739.887
307.1  5593.4646
307  5664.5381
306.9  5926.5903
306.8  5769.6539
306.7  5689.2962
306.6  5733.7605
306.5  5675.7682
306.4  5520.6449
306.3  5723.6601
306.2  5803.4163
306.1  5687.4317
306  5691.9213
305.9  5730.4098
305.8  5574.8279
305.7  5720.091
305.6  5977.4208
305.5  5575.8199
305.4  5750.7333
305.3  5538.092
305.2  5556.278
305.1  5649.9255
305  5724.743
304.9  5710.2907
304.8  5633.5094
304.7  5489.9428
304.6  5691.4132
304.5  5951.3335
304.4  5830.2792
304.3  5748.0453
304.2  5741.7599
304.1  5802.0517
304  5718.4382
303.9  5479.5139
303.8  5427.4532
303.7  5631.8756
303.6  5637.4532
303.5  5701.4827
303.4  5438.0047
303.3  5611.5577
303.2  5621.3462
303.1  5711.7358
303  5796.443
302.9  5861.7453
302.8  5679.6932
302.7  5503.4366
302.6  5779.285
302.5  5531.6773
302.4  5749.6667
302.3  5726.4098
302.2  5660.6357
302.1  5663.147
302  5594.649
301.9  5676.7845
301.8  5679.5948
301.7  5579.4113
301.6  5410.8723
301.5  5838.5588
301.4  5710.9054
301.3  5211.3227
301.2  5573.9851
301.1  5488.6311
301  5468.7066
300.9  5503.9716
300.8  5735.8739
300.7  5646.6698
300.6  5479.075
300.5  5856.8018
300.4  5620.383
300.3  5403.2828
300.2  5371.6693
300.1  5619.5365
300  5537.7961
299.9  5693.0225
299.8  5713.1485
299.7  5481.3734
299.6  5569.6836
299.5  5580.3156
299.4  5595.0479
299.3  5756.3185
299.2  5640.8968
299.1  5532.4805
299  5386.6157
298.9  5536.005
298.8  5370.8851
298.7  5521.7383
298.6  5413.5874
298.5  5601.6918
298.4  5675.9466
298.3  5593.2102
298.2  5700.0412
298.1  5578.9683
298  5560.7848
297.9  5765.5217
297.8  5689.4344
297.7  5571.178
297.6  5720.3701
297.5  5513.7425
297.4  5572.0657
297.3  5611.5198
297.2  5733.392
297.1  5607.5827
297  5659.971
296.9  5634.8271
296.8  5693.6857
296.7  5454.2349
296.6  5590.6994
296.5  5637.1202
296.4  5451.1795
296.3  5432.8153
296.2  5745.2015
296.1  5675.7949
296  5582.1869
295.9  5339.3961
295.8  5685.2802
295.7  5645.2127
295.6  5845.7066
295.5  5791.7187
295.4  5557.3043
295.3  5620.9782
295.2  5568.9685
295.1  5529.9271
295  5599.8643

