# Created by:        SpecsLab Prodigy, Version 4.79.1-r98952 
#
# XY-Serializer Export Settings:
#   Comment Prefix:           #
#   Output Meta Data:         yes
#   Energy Axis:              Binding Energy
#   Count Rate:               Counts per Second
#   Separate Scan Data:       no
#   Separate Channel Data:    no
#   External Channel Data:    yes
#   Transmission Function:    no
#   Error Bar:                no
#   Operation Results:        yes
#   Time Zone Format:         UTC
#
# Group:                        Spectrum Group
#
# Region:                       Overall
# Spectrum ID:                  1
# Acquisition Date:             07/23/26 16:22:04 UTC
# Analysis Method:              XPS
# Analyzer:                     PHOIBOS MCD5 Analyzer
# Analyzer Lens:                LargeArea:1.5kV
# Analyzer Slit:                5:7x20\B:open
# Scan Mode:                    FixedAnalyzerTransmission
# Curves/Scan:                  1
# Values/Curve:                 1002
# Dwell Time:                   0.125
# Excitation Energy:            1486.61
# Binding Energy:               1000
# Pass Energy:                  50
# Bias Voltage:                 90
# Detector Voltage:             3000
# Eff. Workfunction:            4.543
# Source:                       X-Ray Dummy
# Comment:                      
#
# Cycle: 0
# Number of Scans: 4
#
# Cycle: 0, Curve: 0
# Acquisition Date:             07/23/26 16:22:04 UTC
#
# ColumnLabels:                 energy counts/s
#
1000  23563.926
999.001  23116.326
998.002  22802.019
997.003  22482.732
996.004  22182.805
995.005  21901.444
994.00599  21823.074
993.00699  21637.573
992.00799  21595.984
991.00899  21784.875
990.00999  22261.535
989.01099  23123.007
988.01199  24481.856
987.01299  25780.462
986.01399  27785.532
985.01499  29275.713
984.01598  29879.397
983.01698  29362.657
982.01798  28418.53
981.01898  27125.841
980.01998  25737.911
979.02098  24338.011
978.02198  23316.666
977.02298  22631.92
976.02398  22144.231
975.02498  21247.402
974.02597  20325.232
973.02697  19328.609
972.02797  18317.888
971.02897  17697.432
970.02997  17091.726
969.03097  16720.788
968.03197  16526.45
967.03297  16401.091
966.03397  16685.655
965.03497  16788.026
964.03596  16447.198
963.03696  16324.176
962.03796  16354.008
961.03896  16319.805
960.03996  16311.331
959.04096  16207.542
958.04196  16427.734
957.04296  16614.948
956.04396  16406.055
955.04496  16317.994
954.04595  16356.054
953.04695  16364.782
952.04795  16373.293
951.04895  16361.403
950.04995  16434.032
949.05095  16375.529
948.05195  16396.866
947.05295  16265.237
946.05395  16002.023
945.05495  16087.662
944.05594  16169.211
943.05694  16043.123
942.05794  16195.967
941.05894  16078.614
940.05994  16236.01
939.06094  16205.232
938.06194  16122.987
937.06294  16469.314
936.06394  16515.546
935.06494  16186.333
934.06593  16195.149
933.06693  16314.458
932.06793  16410.41
931.06893  16267.04
930.06993  16105.488
929.07093  16253.094
928.07193  16171.658
927.07293  16079.972
926.07393  16209.831
925.07493  16171.984
924.07592  16172.006
923.07692  16225.893
922.07792  16133.866
921.07892  15901.643
920.07992  15858.263
919.08092  15947.131
918.08192  16071.144
917.08292  16169.109
916.08392  16160.72
915.08492  16183.779
914.08591  16258.783
913.08691  16207.25
912.08791  16190.843
911.08891  16120.871
910.08991  16079.968
909.09091  15988.093
908.09191  16122.731
907.09291  16193.775
906.09391  16029.178
905.09491  15952.744
904.0959  16154.279
903.0969  16127.578
902.0979  16079.592
901.0989  16121.442
900.0999  16392.793
899.1009  16196.262
898.1019  15992.127
897.1029  16053.976
896.1039  16359.917
895.1049  16181.403
894.10589  15988.86
893.10689  16264.383
892.10789  16347.006
891.10889  16290.074
890.10989  16165.905
889.11089  15951.615
888.11189  16024.558
887.11289  16091.393
886.11389  15840.905
885.11489  15990.498
884.11588  16036.727
883.11688  16105.311
882.11788  16197.128
881.11888  16039.879
880.11988  15973.937
879.12088  16118.441
878.12188  15923.951
877.12288  15847.874
876.12388  16042.262
875.12488  16175.168
874.12587  15995.501
873.12687  15913.735
872.12787  16011.722
871.12887  16027.932
870.12987  16069.22
869.13087  15967.057
868.13187  16019.781
867.13287  16027.791
866.13387  16136.915
865.13487  16216.121
864.13586  15814.161
863.13686  16002.937
862.13786  16072.133
861.13886  16053.779
860.13986  16099.651
859.14086  16004.037
858.14186  15932.977
857.14286  15848.881
856.14386  15959.081
855.14486  15888.923
854.14585  15983.69
853.14685  15695.258
852.14785  15581.258
851.14885  15794.963
850.14985  15928.417
849.15085  15965.038
848.15185  15980.631
847.15285  15842.464
846.15385  15688.751
845.15485  15611.656
844.15584  15857.008
843.15684  16177.777
842.15784  15897.082
841.15884  15791.496
840.15984  15748.861
839.16084  15871.461
838.16184  15879.14
837.16284  15698.768
836.16384  15699.785
835.16484  15617.311
834.16583  15535.135
833.16683  15519.695
832.16783  15539.874
831.16883  15613.12
830.16983  15475.667
829.17083  15182.678
828.17183  15354.258
827.17283  15682.146
826.17383  15342.923
825.17483  15217.593
824.17582  15505.218
823.17682  15441.785
822.17782  15358.93
821.17882  15389.532
820.17982  15180.145
819.18082  15312.381
818.18182  15343.9
817.18282  15284.873
816.18382  15364.074
815.18482  15359.566
814.18581  15260.634
813.18681  15328.199
812.18781  15376.015
811.18881  15321.37
810.18981  15327.777
809.19081  15485.238
808.19181  15488.967
807.19281  15402.795
806.19381  15305.272
805.19481  15474.634
804.1958  15631.632
803.1968  15778.107
802.1978  15840.107
801.1988  15796.961
800.1998  15553.614
799.2008  15502.835
798.2018  15384.062
797.2028  15243.891
796.2038  15421.195
795.2048  15597.556
794.20579  15629.199
793.20679  15602.211
792.20779  15679.453
791.20879  15730.992
790.20979  15659.902
789.21079  15710.742
788.21179  15795.281
787.21279  16013.027
786.21379  16057.074
785.21479  15941.514
784.21578  15452.306
783.21678  15085.473
782.21778  15081.346
781.21878  15034.424
780.21978  15170.239
779.22078  15136.479
778.22178  14797.407
777.22278  14849.76
776.22378  14959.066
775.22478  14857.694
774.22577  14779.519
773.22677  14874.619
772.22777  14879.066
771.22877  15108.376
770.22977  14972.664
769.23077  14819.694
768.23177  14841.424
767.23277  14676.961
766.23377  14625.158
765.23477  14494.517
764.23576  14230.944
763.23676  14160.23
762.23776  14387.211
761.23876  14476.994
760.23976  14367.458
759.24076  14148.198
758.24176  14090.829
757.24276  14130.986
756.24376  14101.438
755.24476  14110.597
754.24575  13948.875
753.24675  13825.569
752.24775  13816.396
751.24875  13847.031
750.24975  13936.619
749.25075  14296.427
748.25175  14841.316
747.25275  15687.227
746.25375  16789.078
745.25475  17184.797
744.25574  16459.798
743.25674  15581.473
742.25774  14769.574
741.25874  14340.153
740.25974  13950.95
739.26074  13729.647
738.26174  13638.389
737.26274  13619.213
736.26374  13569.394
735.26474  13514.986
734.26573  13699.623
733.26673  13662.253
732.26773  13647.216
731.26873  13516.379
730.26973  13467.834
729.27073  13753.272
728.27173  13784.495
727.27273  13687.756
726.27373  13875.345
725.27473  13762.713
724.27572  13578.077
723.27672  13640.043
722.27772  13882.231
721.27872  13810.391
720.27972  13737.049
719.28072  13768.775
718.28172  13819.064
717.28272  13531.723
716.28372  13403.935
715.28472  13421.334
714.28571  13337.656
713.28671  13374.5
712.28771  13289.461
711.28871  13171.848
710.28971  13188.407
709.29071  13258.095
708.29171  13332.789
707.29271  13384.569
706.29371  13252.155
705.29471  13224.046
704.2957  13158.665
703.2967  13222.098
702.2977  13035.679
701.2987  12862.952
700.2997  12917.834
699.3007  12918.371
698.3017  13007.501
697.3027  13303.398
696.3037  13235.057
695.3047  13048.501
694.30569  12961.36
693.30669  12803.269
692.30769  12984.552
691.30869  13269.139
690.30969  13227.374
689.31069  12942.916
688.31169  12945.198
687.31269  12862.742
686.31369  12905.466
685.31469  13011.835
684.31568  12898.991
683.31668  12939.587
682.31768  12872.662
681.31868  12773.566
680.31968  12895.226
679.32068  12946.016
678.32168  12868.738
677.32268  12685.177
676.32368  12889.396
675.32468  12747.014
674.32567  12523.706
673.32667  12793.25
672.32767  13112.668
671.32867  12874.305
670.32967  12892.852
669.33067  13006.746
668.33167  13035.722
667.33267  12947.324
666.33367  12761.502
665.33467  12921.121
664.33566  13008.796
663.33666  13011.865
662.33766  13058.378
661.33866  12877.069
660.33966  12910.264
659.34066  13050.821
658.34166  12939.382
657.34266  12970.829
656.34366  12960.703
655.34466  12762.361
654.34565  12696.236
653.34665  12847.562
652.34765  12861.448
651.34865  12681.378
650.34965  12791.296
649.35065  13019.27
648.35165  13116.594
647.35265  13151.666
646.35365  13065.159
645.35465  12822.942
644.35564  12885.773
643.35664  12984.989
642.35764  13061.872
641.35864  13071.175
640.35964  13193.583
639.36064  13169.647
638.36164  13039.588
637.36264  12771.409
636.36364  12737.626
635.36464  12884.641
634.36563  12678.672
633.36663  12747.053
632.36763  12844.8
631.36863  12683.739
630.36963  12740.225
629.37063  12919.306
628.37163  13028.56
627.37263  12753.681
626.37363  12602.233
625.37463  12607.617
624.37562  12716.181
623.37662  12794.203
622.37762  12556.827
621.37862  12653.188
620.37962  12675.074
619.38062  12665.776
618.38162  12773.602
617.38262  12856.358
616.38362  12779.416
615.38462  12628.72
614.38561  12731.709
613.38661  12768.802
612.38761  12648.271
611.38861  12742.129
610.38961  12662.436
609.39061  12637.698
608.39161  12669.019
607.39261  12580
606.39361  12586.282
605.39461  12679.543
604.3956  12653.249
603.3966  12585.804
602.3976  12747.643
601.3986  12821.904
600.3996  12671.028
599.4006  12816.812
598.4016  12729.659
597.4026  12658.486
596.4036  12834.095
595.4046  12647.035
594.40559  12589.729
593.40659  12666.863
592.40759  12726.359
591.40859  12910.728
590.40959  13017.775
589.41059  13057.765
588.41159  13166.469
587.41259  13058.104
586.41359  12962.854
585.41459  13233.844
584.41558  13080.85
583.41658  12959.503
582.41758  12845.763
581.41858  12770.869
580.41958  12731.134
579.42058  12781.977
578.42158  12844.468
577.42258  12848.024
576.42358  12962.223
575.42458  12911.071
574.42557  12513.101
573.42657  12405.355
572.42757  12547.126
571.42857  12536.239
570.42957  12371.942
569.43057  12283.937
568.43157  12257.069
567.43257  12571.347
566.43357  12998.284
565.43457  13361.177
564.43556  13506.902
563.43656  13701.151
562.43756  14048.2
561.43856  14069.59
560.43956  13812.568
559.44056  13583.735
558.44156  13431.709
557.44256  12835.594
556.44356  12660.009
555.44456  12389.195
554.44555  12101.799
553.44655  11968.884
552.44755  12016.405
551.44855  11762.392
550.44955  11468.518
549.45055  11330.487
548.45155  11203.609
547.45255  10847.014
546.45355  10467.11
545.45455  10224.533
544.45554  9963.8529
543.45654  9867.4044
542.45754  9595.857
541.45854  9904.8448
540.45954  11417.211
539.46054  14678.307
538.46154  21226.396
537.46254  28560.4
536.46354  31123.227
535.46454  26989.942
534.46553  19710.916
533.46653  13940.227
532.46753  10939.531
531.46853  9651.3533
530.46953  9000.8938
529.47053  8949.6363
528.47153  9260.1401
527.47253  9624.9023
526.47353  10000.131
525.47453  9772.4354
524.47552  9123.4481
523.47652  8570.048
522.47752  8227.0583
521.47852  7842.4973
520.47952  7687.5199
519.48052  7662.963
518.48152  7726.4311
517.48252  7823.7791
516.48352  7813.0249
515.48452  7747.956
514.48551  7740.5164
513.48651  7762.1769
512.48751  7678.228
511.48851  7525.9538
510.48951  7535.2049
509.49051  7544.9889
508.49151  7374.4072
507.49251  7284.6629
506.49351  7302.726
505.49451  7269.1579
504.4955  7310.8863
503.4965  7336.9215
502.4975  7258.8723
501.4985  7058.2722
500.4995  7195.8978
499.5005  7451.6714
498.5015  7418.7813
497.5025  7403.205
496.5035  7412.3858
495.5045  7299.1183
494.50549  7291.081
493.50649  7355.6995
492.50749  7267.4704
491.50849  7050.7545
490.50949  6997.2881
489.51049  7096.7155
488.51149  7171.5768
487.51249  7226.6248
486.51349  7185.0099
485.51449  7148.4081
484.51548  7126.1327
483.51648  7104.9068
482.51748  7073.6858
481.51848  7220.0862
480.51948  7185.5646
479.52048  6976.5796
478.52148  6905.7993
477.52248  6963.4785
476.52348  7051.8048
475.52448  7052.4162
474.52547  6994.7512
473.52647  7079.962
472.52747  7088.5568
471.52847  7113.8218
470.52947  7097.6184
469.53047  7055.8342
468.53147  7143.7766
467.53247  7241.2521
466.53347  7236.6351
465.53447  7229.1402
464.53546  7258.4422
463.53646  7317.4216
462.53746  7092.4503
461.53846  7065.5556
460.53946  6998.3002
459.54046  6998.4641
458.54146  7121.1599
457.54246  7029.7843
456.54346  7107.1463
455.54446  7244.1074
454.54545  7028.937
453.54645  6964.2166
452.54745  6992.1802
451.54845  6892.7733
450.54945  6974.8386
449.55045  7015.1929
448.55145  6994.8419
447.55245  6976.4134
446.55345  6852.9147
445.55445  6837.9913
444.55544  6934.1271
443.55644  7032.7101
442.55744  7218.6368
441.55844  7169.1183
440.55944  7034.6219
439.56044  6968.7982
438.56144  6960.775
437.56244  7028.6683
436.56344  6902.9674
435.56444  6959.5308
434.56543  7261.9692
433.56643  7301.3267
432.56743  7236.3124
431.56843  7328.9306
430.56943  7256.654
429.57043  7173.9861
428.57143  7054.0665
427.57243  6957.8183
426.57343  6898.9234
425.57443  6999.9572
424.57542  7133.8386
423.57642  7251.1611
422.57742  7487.1172
421.57842  7374.2767
420.57942  7370.8709
419.58042  7285.4632
418.58142  7017.9706
417.58242  7048.1378
416.58342  6955.5721
415.58442  6897.4014
414.58541  6774.5137
413.58641  6805.8825
412.58741  6829.6055
411.58841  6764.0319
410.58941  6845.5408
409.59041  6768.2683
408.59141  6712.4659
407.59241  6947.2115
406.59341  7265.8654
405.59441  7662.5071
404.5954  7845.9374
403.5964  7765.3005
402.5974  7519.4627
401.5984  7161.8324
400.5994  7067.7072
399.6004  6991.8625
398.6014  6828.7659
397.6024  6609.2193
396.6034  6549.3275
395.6044  6539.5792
394.60539  6459.1643
393.60639  6493.6926
392.60739  6552.7421
391.60839  6552.7036
390.60939  6496.9171
389.61039  6406.8517
388.61139  6418.9164
387.61239  6461.7861
386.61339  6328.5038
385.61439  6333.5425
384.61538  6337.3123
383.61638  6374.5293
382.61738  6467.7882
381.61838  6341.9652
380.61938  6520.9893
379.62038  6520.9738
378.62138  6399.3101
377.62238  6418.2355
376.62338  6447.3325
375.62438  6495.7697
374.62537  6579.2934
373.62637  6491.0757
372.62737  6311.0289
371.62837  6476.8008
370.62937  6468.6877
369.63037  6524.1635
368.63137  6629.9511
367.63237  6527.5552
366.63337  6483.2562
365.63437  6386.4488
364.63536  6456.1946
363.63636  6541.1885
362.63736  6485.2947
361.63836  6612.4497
360.63936  6775.4815
359.64036  6955.4829
358.64136  7022.3253
357.64236  6982.5382
356.64336  6856.1279
355.64436  6823.6929
354.64535  6821.379
353.64635  6969.7964
352.64735  6907.4805
351.64835  6678.7344
350.64935  6466.3884
349.65035  6383.6213
348.65135  6443.5256
347.65235  6471.6295
346.65335  6550.9195
345.65435  6449.0909
344.65534  6583.4048
343.65634  6793.8872
342.65734  6600.2197
341.65834  6577.9349
340.65934  6847.3663
339.66034  6880.1765
338.66134  6752.8014
337.66234  6649.7168
336.66334  6674.297
335.66434  6846.7511
334.66533  6771.0235
333.66633  6620.4917
332.66733  6509.2376
331.66833  6297.2662
330.66933  6213.989
329.67033  6178.7434
328.67133  6163.2566
327.67233  6150.4808
326.67333  6052.7561
325.67433  5952.656
324.67532  5886.5293
323.67632  6068.0988
322.67732  6056.1364
321.67832  5821.2808
320.67932  5917.6717
319.68032  5967.1901
318.68132  5838.102
317.68232  5946.1267
316.68332  5935.3942
315.68432  5943.7352
314.68531  6002.5953
313.68631  5984.3323
312.68731  5984.306
311.68831  5899.2412
310.68931  6002.0865
309.69031  6082.3024
308.69131  6019.7174
307.69231  5858.2942
306.69331  5844.1185
305.69431  5904.0792
304.6953  5809.4907
303.6963  5858.9243
302.6973  5876.1029
301.6983  5908.1683
300.6993  5931.8556
299.7003  5845.5762
298.7013  5719.142
297.7023  5610.6283
296.7033  5773.6355
295.7043  5855.2716
294.70529  5807.8403
293.70629  5759.2066
292.70729  5863.7371
291.70829  5857.8254
290.70929  5885.0532
289.71029  6044.3932
288.71129  6016.147
287.71229  6029.1988
286.71329  6170.1815
285.71429  6308.3699
284.71528  6229.337
283.71628  5907.9528
282.71728  5723.952
281.71828  5564.6012
280.71928  5603.6659
279.72028  5684.6097
278.72128  5682.5505
277.72228  5701.5862
276.72328  5656.5294
275.72428  5674.339
274.72527  5735.597
273.72627  5752.7091
272.72727  5761.864
271.72827  5768.4065
270.72927  5666.2213
269.73027  5764.3566
268.73127  5973.0436
267.73227  5768.1528
266.73327  5588.3738
265.73427  5669.1222
264.73526  5821.9557
263.73626  5796.8776
262.73726  5780.5102
261.73826  5748.9373
260.73926  5689.8515
259.74026  5801.9021
258.74126  5827.359
257.74226  5813.5957
256.74326  5751.3351
255.74426  5786.9258
254.74525  5737.5512
253.74625  5705.3353
252.74725  5691.5475
251.74825  5683.9001
250.74925  5514.1882
249.75025  5537.9583
248.75125  5476.4401
247.75225  5434.277
246.75325  5445.6131
245.75425  5431.6378
244.75524  5565.0683
243.75624  5891.1381
242.75724  6300.2896
241.75824  6632.2134
240.75924  6937.6121
239.76024  7278.313
238.76124  7530.3009
237.76224  7226.2717
236.76324  6534.7048
235.76424  5851.0764
234.76523  5437.4297
233.76623  5342.2262
232.76723  5349.028
231.76823  5312.1672
230.76923  5304.7503
229.77023  5304.2452
228.77123  5330.3871
227.77223  5358.4154
226.77323  5254.5711
225.77423  5165.5232
224.77522  5107.5639
223.77622  5053.0991
222.77722  5197.502
221.77822  5246.1685
220.77922  4994.0086
219.78022  5022.6048
218.78122  5064.0153
217.78222  5029.6295
216.78322  4991.9426
215.78422  5047.9439
214.78521  5125.3672
213.78621  5148.8348
212.78721  5071.932
211.78821  5048.8608
210.78921  4997.2056
209.79021  4985.2744
208.79121  5084.4786
207.79221  5158.0797
206.79321  5080.1452
205.79421  5203.7493
204.7952  5122.9961
203.7962  5053.4174
202.7972  5061.734
201.7982  5063.6053
200.7992  5119.1533
199.8002  5102.4735
198.8012  5143.5828
197.8022  5282.1536
196.8032  5281.1749
195.8042  5431.7476
194.80519  5453.9787
193.80619  5402.7446
192.80719  5265.2273
191.80819  5180.9704
190.80919  5218.5611
189.81019  5131.8853
188.81119  5100.5925
187.81219  5011.8781
186.81319  5131.2252
185.81419  5032.6172
184.81518  5063.1978
183.81618  5230.3456
182.81718  5138.0216
181.81818  5134.2388
180.81918  5303.9065
179.82018  5181.0894
178.82118  5082.4507
177.82218  5155.3079
176.82318  5064.3075
175.82418  5051.9097
174.82517  4922.8146
173.82617  5043.6835
172.82717  5072.6981
171.82817  4996.9732
170.82917  5013.745
169.83017  5021.901
168.83117  5028.7498
167.83217  4964.9886
166.83317  4936.7248
165.83417  5070.6154
164.83516  5015.4397
163.83616  5080.2456
162.83716  5115.5043
161.83816  5111.309
160.83916  5275.1982
159.84016  5539.1077
158.84116  5748.4027
157.84216  6168.9298
156.84316  6318.1014
155.84416  6154.4131
154.84515  5846.2505
153.84615  5528.8951
152.84715  5275.7839
151.84815  5047.2765
150.84915  4978.3683
149.85015  5125.1436
148.85115  5199.8619
147.85215  5173.8271
146.85315  5167.027
145.85415  5006.4798
144.85514  4958.4458
143.85614  5129.6008
142.85714  5143.3235
141.85814  5267.597
140.85914  5362.5843
139.86014  5213.7129
138.86114  5074.5394
137.86214  4988.3679
136.86314  4852.9062
135.86414  4740.8925
134.86513  4587.0563
133.86613  4686.792
132.86713  4738.9251
131.86813  4761.5571
130.86913  4895.5678
129.87013  4959.0805
128.87113  5051.7672
127.87213  5471.1152
126.87313  6386.204
125.87413  7574.5868
124.87512  7959.924
123.87612  7476.8911
122.87712  6234.5203
121.87812  5140.4035
120.87912  4677.4572
119.88012  4450.6248
118.88112  4259.1088
117.88212  4202.8245
116.88312  4290.1539
115.88412  4306.8676
114.88511  4235.5101
113.88611  4286.4345
112.88711  4472.3966
111.88811  4610.7597
110.88911  4739.3245
109.89011  4655.5471
108.89111  4709.3859
107.89211  5747.7444
106.89311  7437.2817
105.89411  9300.5028
104.8951  9694.9549
103.8961  8095.4884
102.8971  6082.6235
101.8981  4604.5384
100.8991  3830.8199
99.9001  3435.6056
98.901099  3157.3966
97.902098  3045.2357
96.903097  2943.3605
95.904096  2992.7691
94.905095  2984.3664
93.906094  3147.4525
92.907093  3351.5137
91.908092  3310.5105
90.909091  3252.243
89.91009  3359.3457
88.911089  3607.4967
87.912088  3457.4721
86.913087  3074.3427
85.914086  2975.1237
84.915085  3144.1425
83.916084  3114.6046
82.917083  3134.8521
81.918082  3811.868
80.919081  4883.0072
79.92008  5243.3591
78.921079  4535.9719
77.922078  3464.0964
76.923077  2829.0905
75.924076  2530.5881
74.925075  2364.3567
73.926074  2392.2242
72.927073  2378.0751
71.928072  2380.0524
70.929071  2449.012
69.93007  2528.9708
68.931069  2427.7733
67.932068  2398.1608
66.933067  2470.9161
65.934066  2403.6292
64.935065  2328.218
63.936064  2175.9379
62.937063  2212.6436
61.938062  2235.5504
60.939061  2175.3992
59.94006  2181.9819
58.941059  2195.8887
57.942058  2192.0658
56.943057  2102.1603
55.944056  2114.4773
54.945055  2212.3504
53.946054  2259.5726
52.947053  2109.7398
51.948052  2073.2668
50.949051  2125.4648
49.95005  2128.3192
48.951049  2106.3302
47.952048  2070.6291
46.953047  2136.9976
45.954046  2105.7662
44.955045  2009.3989
43.956044  2028.7623
42.957043  1999.3969
41.958042  1894.8001
40.959041  1904.7346
39.96004  1829.2221
38.961039  1836.9698
37.962038  1913.6884
36.963037  1903.3337
35.964036  1856.909
34.965035  1864.7584
33.966034  1905.7148
32.967033  1926.171
31.968032  2006.6803
30.969031  2207.3588
29.97003  2314.2095
28.971029  2321.6516
27.972028  2285.7611
26.973027  2077.6838
25.974026  1843.8139
24.975025  1624.3358
23.976024  1585.8774
22.977023  1623.4212
21.978022  1649.9674
20.979021  1728.3384
19.98002  1798.227
18.981019  1835.2742
17.982018  1986.9079
16.983017  1997.1174
15.984016  1930.8244
14.985015  1911.401
13.986014  1936.5139
12.987013  1948.8238
11.988012  1940.09
10.989011  1893.8043
9.99001  1762.4314
8.991009  1650.7178
7.992008  1567.1977
6.993007  1549.3283
5.994006  1575.6623
4.995005  1598.0965
3.996004  1551.8677
2.997003  1500.2151
1.998002  1490.0747
0.999001  1402.7999
0  1367.8894

# Region:                       Co 2p
# Spectrum ID:                  2
# Acquisition Date:             07/23/26 16:39:02 UTC
# Analysis Method:              XPS
# Analyzer:                     PHOIBOS MCD5 Analyzer
# Analyzer Lens:                LargeArea:1.5kV
# Analyzer Slit:                5:7x20\B:open
# Scan Mode:                    FixedAnalyzerTransmission
# Curves/Scan:                  1
# Values/Curve:                 951
# Dwell Time:                   0.1
# Excitation Energy:            1486.61
# Binding Energy:               825
# Pass Energy:                  50
# Bias Voltage:                 90
# Detector Voltage:             3000
# Eff. Workfunction:            4.543
# Source:                       X-Ray Dummy
# Comment:                      
#
# Cycle: 0
# Number of Scans: 20
#
# Cycle: 0, Curve: 0
# Acquisition Date:             07/23/26 16:39:02 UTC
#
# ColumnLabels:                 energy counts/s
#
825  15406.383
824.9  15479.742
824.8  15462.245
824.7  15256.877
824.6  15397.436
824.5  15414.54
824.4  15328.875
824.3  15431.034
824.2  15450.313
824.1  15442.773
824  15461.152
823.9  15375.015
823.8  15396.827
823.7  15434.166
823.6  15502.823
823.5  15392.824
823.4  15404.642
823.3  15499.966
823.2  15403.903
823.1  15354.218
823  15415.44
822.9  15331.025
822.8  15314.167
822.7  15360.579
822.6  15463.402
822.5  15433.777
822.4  15466.577
822.3  15369.803
822.2  15340.075
822.1  15257.453
822  15392.513
821.9  15344.349
821.8  15373.687
821.7  15275.263
821.6  15430.673
821.5  15387.996
821.4  15444.657
821.3  15384.715
821.2  15353.87
821.1  15227.56
821  15254.255
820.9  15335.244
820.8  15326.886
820.7  15439.128
820.6  15316.461
820.5  15347.41
820.4  15368.348
820.3  15367.525
820.2  15303.855
820.1  15350.472
820  15259.113
819.9  15386.516
819.8  15492.682
819.7  15396.846
819.6  15235.515
819.5  15307.197
819.4  15306.726
819.3  15320.514
819.2  15292.074
819.1  15301.547
819  15401.035
818.9  15368.597
818.8  15307.852
818.7  15305.128
818.6  15376.083
818.5  15417.735
818.4  15224.258
818.3  15286.763
818.2  15353.288
818.1  15356.243
818  15196.2
817.9  15329.477
817.8  15264.011
817.7  15310.465
817.6  15360.777
817.5  15455.356
817.4  15421.625
817.3  15424.68
817.2  15563.286
817.1  15558.297
817  15288.739
816.9  15270.443
816.8  15445.814
816.7  15289.33
816.6  15244.752
816.5  15211.723
816.4  15292.871
816.3  15181.115
816.2  15335.448
816.1  15444.717
816  15292.266
815.9  15233.381
815.8  15330.574
815.7  15287.295
815.6  15370.77
815.5  15232.896
815.4  15385.464
815.3  15325.022
815.2  15225.325
815.1  15346.627
815  15461.498
814.9  15356.536
814.8  15408.379
814.7  15337.047
814.6  15420.942
814.5  15309.342
814.4  15471.16
814.3  15335.669
814.2  15458.681
814.1  15392.288
814  15310.572
813.9  15258.134
813.8  15300.337
813.7  15252.158
813.6  15192.886
813.5  15284.465
813.4  15318.337
813.3  15358.129
813.2  15447.894
813.1  15298.822
813  15247.775
812.9  15262.891
812.8  15431.28
812.7  15374.444
812.6  15462.64
812.5  15356.711
812.4  15366.846
812.3  15490.644
812.2  15477.836
812.1  15430.238
812  15637.793
811.9  15482.49
811.8  15512.828
811.7  15356.402
811.6  15467.106
811.5  15475.803
811.4  15339.673
811.3  15512.761
811.2  15528.179
811.1  15281.71
811  15362.294
810.9  15470.382
810.8  15411.631
810.7  15620.213
810.6  15432.33
810.5  15356.66
810.4  15510.825
810.3  15488.619
810.2  15540.641
810.1  15387.787
810  15456.35
809.9  15534.738
809.8  15427.009
809.7  15453.392
809.6  15524.482
809.5  15534.409
809.4  15579.732
809.3  15567.256
809.2  15535.017
809.1  15687.285
809  15502.048
808.9  15528.231
808.8  15584.119
808.7  15592.532
808.6  15553.808
808.5  15468.386
808.4  15580.635
808.3  15518.057
808.2  15648.535
808.1  15608.885
808  15542.779
807.9  15564.261
807.8  15606.18
807.7  15624.36
807.6  15550.943
807.5  15559.928
807.4  15470.576
807.3  15524.111
807.2  15540.456
807.1  15464.793
807  15438.193
806.9  15460.367
806.8  15398.596
806.7  15533.159
806.6  15439.878
806.5  15458.545
806.4  15507.513
806.3  15454.736
806.2  15488.258
806.1  15535.981
806  15464.337
805.9  15518.28
805.8  15532.375
805.7  15410.326
805.6  15505.585
805.5  15420.164
805.4  15466.06
805.3  15512.711
805.2  15667.172
805.1  15533.973
805  15588.004
804.9  15643.275
804.8  15475.122
804.7  15518.142
804.6  15625.58
804.5  15598.231
804.4  15566.67
804.3  15695.726
804.2  15560.482
804.1  15576.287
804  15566.032
803.9  15638.302
803.8  15666.611
803.7  15650.445
803.6  15608.084
803.5  15545.717
803.4  15504.513
803.3  15614.273
803.2  15752.307
803.1  15638.335
803  15680.086
802.9  15644.38
802.8  15668.574
802.7  15835.292
802.6  15665.64
802.5  15575.468
802.4  15700.746
802.3  15603.552
802.2  15587.361
802.1  15535.568
802  15618.894
801.9  15609.722
801.8  15565.955
801.7  15681.575
801.6  15828.91
801.5  15601.433
801.4  15729.372
801.3  15699.184
801.2  15558.03
801.1  15600.948
801  15729.488
800.9  15572.282
800.8  15450.268
800.7  15509.88
800.6  15467.656
800.5  15485.636
800.4  15585.591
800.3  15543.039
800.2  15532.754
800.1  15580.889
800  15396.23
799.9  15476.691
799.8  15378.671
799.7  15402.104
799.6  15436.568
799.5  15359.645
799.4  15405.117
799.3  15465.464
799.2  15434.193
799.1  15362.17
799  15399.448
798.9  15415.33
798.8  15455.068
798.7  15396.819
798.6  15459.863
798.5  15392.135
798.4  15353.367
798.3  15391.854
798.2  15295.176
798.1  15413.533
798  15350.232
797.9  15337.67
797.8  15523.035
797.7  15410.471
797.6  15438.845
797.5  15470.44
797.4  15386.984
797.3  15339.522
797.2  15435.029
797.1  15386.418
797  15416.573
796.9  15438.587
796.8  15392.613
796.7  15342.439
796.6  15375.408
796.5  15260.995
796.4  15424.456
796.3  15466.35
796.2  15512.073
796.1  15459.009
796  15517.319
795.9  15353.177
795.8  15418.12
795.7  15328.888
795.6  15393.79
795.5  15504.67
795.4  15609.003
795.3  15403.714
795.2  15389.694
795.1  15535.342
795  15563.672
794.9  15514.765
794.8  15600.738
794.7  15595.584
794.6  15571.504
794.5  15549.343
794.4  15468.451
794.3  15621.882
794.2  15593.842
794.1  15731.352
794  15604.518
793.9  15596.528
793.8  15550.168
793.7  15636.192
793.6  15547.689
793.5  15633.115
793.4  15671.686
793.3  15619.486
793.2  15697.164
793.1  15684.37
793  15649.591
792.9  15698.551
792.8  15569.759
792.7  15689.974
792.6  15685.979
792.5  15566.128
792.4  15652.302
792.3  15634.988
792.2  15581.953
792.1  15591.6
792  15736.828
791.9  15778.705
791.8  15670.069
791.7  15722.501
791.6  15643.987
791.5  15810.78
791.4  15679.403
791.3  15646.413
791.2  15724.995
791.1  15609.544
791  15563.237
790.9  15675.54
790.8  15646.575
790.7  15607.335
790.6  15676.421
790.5  15817.958
790.4  15642.197
790.3  15748.895
790.2  15884.499
790.1  15806.414
790  15580.649
789.9  15819.935
789.8  15812.95
789.7  15743.218
789.6  15905.764
789.5  15817.349
789.4  15724.783
789.3  15895.263
789.2  15810.668
789.1  15855.955
789  15953.136
788.9  15958.209
788.8  15881
788.7  15928.561
788.6  15971.614
788.5  15928.323
788.4  15936.99
788.3  15902.137
788.2  15812.49
788.1  15896.993
788  15992.399
787.9  16112.361
787.8  16139.869
787.7  16141.618
787.6  16081.885
787.5  16105.18
787.4  15993.47
787.3  16190.203
787.2  16217.629
787.1  16256.318
787  16145.315
786.9  16190.089
786.8  16010.283
786.7  16135.432
786.6  16229.593
786.5  16020.137
786.4  16077.488
786.3  15919.682
786.2  15928.84
786.1  16096.309
786  16080.079
785.9  15989.311
785.8  15880.449
785.7  15931.555
785.6  15974.886
785.5  15871.169
785.4  16001.829
785.3  15987.918
785.2  15943.374
785.1  15847.555
785  15647.29
784.9  15688.723
784.8  15706.824
784.7  15717.962
784.6  15725.692
784.5  15700.829
784.4  15593.26
784.3  15640.645
784.2  15487.173
784.1  15416.436
784  15423.021
783.9  15489.179
783.8  15482.761
783.7  15486.986
783.6  15467.092
783.5  15517.611
783.4  15203.654
783.3  15344.309
783.2  15200.528
783.1  15292.341
783  15376.198
782.9  15234.082
782.8  15147.72
782.7  15158.603
782.6  15091.426
782.5  15241.442
782.4  15238.677
782.3  15167.077
782.2  15068.749
782.1  15109.722
782  15285.743
781.9  15239.08
781.8  15174.779
781.7  15148.777
781.6  15338.383
781.5  15231.699
781.4  15137.035
781.3  15093.131
781.2  15126.593
781.1  15072.521
781  15159.271
780.9  15072.985
780.8  15014.617
780.7  15055.577
780.6  15037.966
780.5  15045.953
780.4  15084.368
780.3  15238.194
780.2  15164.917
780.1  15179.648
780  15056.531
779.9  15085.274
779.8  15057.652
779.7  15101.005
779.6  15048.824
779.5  15175.747
779.4  14984.974
779.3  15094.205
779.2  15022.708
779.1  15067.311
779  15042.808
778.9  15057.271
778.8  15092.18
778.7  15038.139
778.6  15002.982
778.5  14985.082
778.4  15062.475
778.3  14924.536
778.2  15023.248
778.1  14920.662
778  14992.397
777.9  15035.067
777.8  15068.901
777.7  15059.492
777.6  14829.737
777.5  14774.109
777.4  15034.841
777.3  14956.388
777.2  15071.201
777.1  14953.283
777  14814.47
776.9  14846.29
776.8  14971.839
776.7  14922.979
776.6  14920.594
776.5  14915.421
776.4  14890.076
776.3  14896.184
776.2  14819.851
776.1  14781.813
776  14757.588
775.9  14857.623
775.8  14880.759
775.7  14862.784
775.6  14869.288
775.5  14930.174
775.4  14852.068
775.3  14898.826
775.2  14845.274
775.1  14773.577
775  14786.397
774.9  14810.241
774.8  14887.396
774.7  14924.561
774.6  14946.232
774.5  14699.805
774.4  14712.896
774.3  14783.527
774.2  14880.915
774.1  14886.314
774  14970.76
773.9  14686.874
773.8  14783.372
773.7  14720.416
773.6  14813.315
773.5  14848.823
773.4  14875.994
773.3  14762.854
773.2  14897.809
773.1  14879.334
773  14854.792
772.9  14748.468
772.8  14734.475
772.7  14847.386
772.6  14779.089
772.5  14944.335
772.4  14813.172
772.3  14735.243
772.2  14811.818
772.1  14743.914
772  14736.366
771.9  14907.888
771.8  14840.699
771.7  14771.915
771.6  14847.61
771.5  14828.125
771.4  14961.789
771.3  14677.74
771.2  14742.423
771.1  14871.613
771  14739.965
770.9  14906.089
770.8  14848.122
770.7  14725.515
770.6  14817.835
770.5  15017.801
770.4  14975.779
770.3  14940.54
770.2  14752.603
770.1  14764.75
770  14929.527
769.9  14995.652
769.8  14904.817
769.7  14944.914
769.6  14800.402
769.5  14902.696
769.4  14945.724
769.3  14988.885
769.2  14909.884
769.1  14998.371
769  14848.196
768.9  14912.364
768.8  14968.351
768.7  14847.849
768.6  14818.823
768.5  14864.575
768.4  14842.32
768.3  14807.546
768.2  14769.204
768.1  14911.589
768  14901.193
767.9  14818.425
767.8  14829.472
767.7  14764.281
767.6  14752.831
767.5  14719.643
767.4  14746.055
767.3  14883.82
767.2  14773.01
767.1  14779.683
767  14696.32
766.9  14791.455
766.8  14722.885
766.7  14688.341
766.6  14827.93
766.5  14679.402
766.4  14641.962
766.3  14748.204
766.2  14692.029
766.1  14793.402
766  14637.423
765.9  14681.179
765.8  14737.586
765.7  14691.286
765.6  14808.27
765.5  14708.682
765.4  14671.051
765.3  14599.048
765.2  14537.891
765.1  14545.745
765  14704.69
764.9  14605.911
764.8  14546.689
764.7  14483.323
764.6  14540.558
764.5  14406.651
764.4  14469.372
764.3  14557.533
764.2  14595.959
764.1  14467.674
764  14470.907
763.9  14413.448
763.8  14504.444
763.7  14487.593
763.6  14371.742
763.5  14496.131
763.4  14478.99
763.3  14609.452
763.2  14550.46
763.1  14419.317
763  14458.456
762.9  14456.944
762.8  14601.139
762.7  14481.602
762.6  14547.673
762.5  14517.616
762.4  14457.328
762.3  14453.504
762.2  14443.832
762.1  14370.919
762  14594.883
761.9  14422.301
761.8  14325.301
761.7  14412.601
761.6  14414.976
761.5  14466.88
761.4  14527.732
761.3  14339.14
761.2  14386.588
761.1  14427.119
761  14289.783
760.9  14214.526
760.8  14290.284
760.7  14234.539
760.6  14382.156
760.5  14207.264
760.4  14262.974
760.3  14396.458
760.2  14437.375
760.1  14261.865
760  14278.453
759.9  14422.46
759.8  14411.278
759.7  14305.429
759.6  14272.411
759.5  14279.443
759.4  14209.53
759.3  14041.002
759.2  14328.059
759.1  14307.622
759  14302.039
758.9  14193.798
758.8  14119.275
758.7  14143.436
758.6  14157.134
758.5  14102.53
758.4  14268.206
758.3  14188.999
758.2  14207.074
758.1  14009.483
758  14094.331
757.9  14208.933
757.8  14272.87
757.7  14072.299
757.6  14180.751
757.5  14125.951
757.4  14201.117
757.3  14107.553
757.2  14074.728
757.1  14077.343
757  14113.958
756.9  14200.102
756.8  14084.003
756.7  14018.806
756.6  14012.295
756.5  14096.821
756.4  14036.561
756.3  14083.932
756.2  13974.812
756.1  14030.119
756  14005.374
755.9  14061.924
755.8  14057.204
755.7  13946.692
755.6  14036.892
755.5  13960.871
755.4  13892.163
755.3  13829.664
755.2  14044.715
755.1  13972.229
755  14045.781
754.9  14022.581
754.8  13871.398
754.7  13891.377
754.6  13901.231
754.5  13975.881
754.4  13950.71
754.3  13957.327
754.2  13907.379
754.1  14008.604
754  14036.132
753.9  13800.195
753.8  13848.63
753.7  13969.573
753.6  13977.842
753.5  13866.647
753.4  13897.441
753.3  13893.154
753.2  13881.786
753.1  13904.474
753  13982.535
752.9  13984.774
752.8  13945.441
752.7  13928.968
752.6  13777.102
752.5  13933.386
752.4  13852.748
752.3  13823.132
752.2  13968.533
752.1  13964.821
752  13924.165
751.9  13863.65
751.8  14057.101
751.7  13883.214
751.6  13984.569
751.5  13928.898
751.4  13864.673
751.3  13919.818
751.2  13999.387
751.1  13896.249
751  13979.814
750.9  13991.965
750.8  14032.61
750.7  13990.801
750.6  14001.29
750.5  13947.362
750.4  14079.084
750.3  13941.014
750.2  13976.485
750.1  13841.553
750  13936.171
749.9  13966.427
749.8  13939.428
749.7  14012.973
749.6  14080.819
749.5  13897.684
749.4  14082.118
749.3  14165.873
749.2  14226.743
749.1  14341.24
749  14141.103
748.9  14259.473
748.8  14468.527
748.7  14416.856
748.6  14505.137
748.5  14447.856
748.4  14559.665
748.3  14581.219
748.2  14788.377
748.1  14850.809
748  15007.328
747.9  14935.519
747.8  15014.754
747.7  15212.82
747.6  15346.736
747.5  15459.695
747.4  15558.428
747.3  15654.159
747.2  15822.9
747.1  15895.773
747  16006.696
746.9  15996.85
746.8  16039.823
746.7  16265.595
746.6  16405.35
746.5  16521.36
746.4  16599.578
746.3  16795.826
746.2  16819.441
746.1  16913.741
746  16991.295
745.9  16989.307
745.8  17027.574
745.7  17046.593
745.6  17133.044
745.5  17154.977
745.4  17224.76
745.3  17114.443
745.2  17149.887
745.1  17096.674
745  16968.313
744.9  16849.918
744.8  16986.075
744.7  16781.999
744.6  16899.845
744.5  16862.877
744.4  16760.632
744.3  16620.187
744.2  16513.515
744.1  16389.525
744  16079.235
743.9  16011.923
743.8  15821.476
743.7  15775.629
743.6  15604.802
743.5  15579.953
743.4  15516.246
743.3  15530.525
743.2  15505.805
743.1  15147.628
743  15109.859
742.9  14897.983
742.8  14876.378
742.7  14756.733
742.6  14782.763
742.5  14583.956
742.4  14717.492
742.3  14760.284
742.2  14312.895
742.1  14479.68
742  14424.98
741.9  14227.609
741.8  14252.776
741.7  14120.01
741.6  14080.186
741.5  14158.275
741.4  14114.179
741.3  13964.424
741.2  14018.948
741.1  13877.72
741  13969.587
740.9  13841.011
740.8  13832.001
740.7  13877.456
740.6  13866.445
740.5  14026.026
740.4  13942.006
740.3  13745.377
740.2  13881.944
740.1  13674.743
740  13681.737
739.9  13760.689
739.8  13785.327
739.7  13805.358
739.6  13845.245
739.5  13866.51
739.4  13743.913
739.3  13782.419
739.2  13790.735
739.1  13766.642
739  13654.685
738.9  13617.9
738.8  13687.068
738.7  13753.888
738.6  13781.999
738.5  13759.548
738.4  13760.518
738.3  13703.091
738.2  13757.488
738.1  13709.067
738  13689.996
737.9  13664.478
737.8  13675.142
737.7  13658.381
737.6  13621.339
737.5  13639.895
737.4  13550.753
737.3  13528.008
737.2  13642.372
737.1  13693.633
737  13691.453
736.9  13685.437
736.8  13686.569
736.7  13598.565
736.6  13623.179
736.5  13666.228
736.4  13696.335
736.3  13726.244
736.2  13616.648
736.1  13605.011
736  13557.936
735.9  13584.768
735.8  13747.748
735.7  13650.692
735.6  13573.191
735.5  13628.498
735.4  13598.901
735.3  13639.712
735.2  13727.433
735.1  13688.085
735  13601.047
734.9  13634.422
734.8  13645.081
734.7  13723.718
734.6  13682.939
734.5  13622.079
734.4  13608.532
734.3  13634.552
734.2  13707.794
734.1  13613.672
734  13676.742
733.9  13539.446
733.8  13546.034
733.7  13696.963
733.6  13681.967
733.5  13567.038
733.4  13591.896
733.3  13514.927
733.2  13685.734
733.1  13640.051
733  13517.187
732.9  13642.045
732.8  13656.083
732.7  13573.777
732.6  13749.951
732.5  13619.122
732.4  13741.455
732.3  13723.655
732.2  13595.332
732.1  13745.592
732  13743.628
731.9  13746.791
731.8  13706.17
731.7  13736.866
731.6  13630.214
731.5  13699.28
731.4  13649.081
731.3  13686.624
731.2  13714.89
731.1  13753.682
731  13605.382
730.9  13727.879
730.8  13817.836
730.7  13788.385
730.6  13851.615
730.5  13735.111
730.4  13772.35
730.3  13727.535
730.2  13783.974
730.1  13787.302
730  13650.852

# Region:                       Al 2p
# Spectrum ID:                  3
# Acquisition Date:             07/23/26 17:01:15 UTC
# Analysis Method:              XPS
# Analyzer:                     PHOIBOS MCD5 Analyzer
# Analyzer Lens:                LargeArea:1.5kV
# Analyzer Slit:                5:7x20\B:open
# Scan Mode:                    FixedAnalyzerTransmission
# Curves/Scan:                  1
# Values/Curve:                 331
# Dwell Time:                   0.1
# Excitation Energy:            1486.61
# Binding Energy:               90
# Pass Energy:                  50
# Bias Voltage:                 90
# Detector Voltage:             3000
# Eff. Workfunction:            4.543
# Source:                       X-Ray Dummy
# Comment:                      
#
# Cycle: 0
# Number of Scans: 2
#
# Cycle: 0, Curve: 0
# Acquisition Date:             07/23/26 17:01:15 UTC
#
# ColumnLabels:                 energy counts/s
#
90  3272.156
89.9  3436.2499
89.8  3528.5559
89.7  3541.4355
89.6  3617.4107
89.5  3711.1777
89.4  3758.4709
89.3  4004.5987
89.2  3844.5683
89.1  3683.006
89  3722.2003
88.9  3638.4735
88.8  3607.2245
88.7  3505.7732
88.6  3584.3912
88.5  3811.0754
88.4  3797.7641
88.3  3902.6653
88.2  3760.0495
88.1  3776.3926
88  3786.1038
87.9  3586.9339
87.8  3584.925
87.7  3513.3642
87.6  3377.2544
87.5  3266.1048
87.4  3481.7803
87.3  3222.7748
87.2  3170.9073
87.1  2948.5103
87  3009.838
86.9  3021.3011
86.8  3123.6865
86.7  3247.1615
86.6  2948.7826
86.5  3204.7549
86.4  3013.7309
86.3  2912.6456
86.2  2875.1541
86.1  2810.2907
86  2993.8468
85.9  3049.0702
85.8  2800.0907
85.7  2853.6465
85.6  3223.657
85.5  3099.3652
85.4  3170.0241
85.3  3617.0744
85.2  3340.6401
85.1  3197.1655
85  3365.2485
84.9  3281.6572
84.8  3359.5223
84.7  3239.9387
84.6  3149.085
84.5  3342.2084
84.4  3146.9527
84.3  3256.5053
84.2  3208.452
84.1  3180.5834
84  3319.2554
83.9  3088.6017
83.8  3237.1132
83.7  3213.1451
83.6  3273.1956
83.5  3178.2019
83.4  2965.6192
83.3  3065.4869
83.2  3218.083
83.1  3184.9305
83  3025.7424
82.9  3183.163
82.8  3089.8304
82.7  2987.5023
82.6  3136.9604
82.5  3386.8023
82.4  3595.5926
82.3  3528.6184
82.2  3594.6509
82.1  3522.0882
82  3617.6325
81.9  3770.8773
81.8  3958.3974
81.7  4017.2901
81.6  4268.2085
81.5  4219.7892
81.4  4252.5204
81.3  4296.1103
81.2  4386.6013
81.1  4810.185
81  4796.1806
80.9  4933.0064
80.8  4748.016
80.7  5139.3687
80.6  5027.1802
80.5  5116.2642
80.4  5272.3177
80.3  5317.8556
80.2  5442.0249
80.1  5310.5006
80  5191.0621
79.9  5216.6156
79.8  5314.38
79.7  5063.7946
79.6  5199.6826
79.5  5163.3458
79.4  5230.3947
79.3  5035.4461
79.2  4721.6909
79.1  4550.0486
79  4659.8195
78.9  4408.6796
78.8  4371.1654
78.7  4355.165
78.6  4460.4449
78.5  3906.5547
78.4  4044.918
78.3  3833.4813
78.2  3633.4336
78.1  3710.2765
78  3546.0372
77.9  3372.9474
77.8  3409.1932
77.7  3393.7147
77.6  3297.4336
77.5  3202.6167
77.4  2974.1452
77.3  3027.304
77.2  2807.7772
77.1  2880.1675
77  2827.2292
76.9  2607.3914
76.8  2766.1603
76.7  2809.6986
76.6  2521.0372
76.5  2605.7929
76.4  2622.8186
76.3  2599.046
76.2  2683.3424
76.1  2644.2424
76  2451.8689
75.9  2592.1296
75.8  2580.5478
75.7  2519.5168
75.6  2570.6834
75.5  2562.2591
75.4  2445.6594
75.3  2473.6513
75.2  2500.9793
75.1  2368.2388
75  2409.3306
74.9  2411.9592
74.8  2567.9695
74.7  2496.0343
74.6  2323.126
74.5  2366.8207
74.4  2491.6101
74.3  2494.0132
74.2  2464.1782
74.1  2615.5029
74  2448.1759
73.9  2509.4861
73.8  2257.4097
73.7  2272.6259
73.6  2306.796
73.5  2318.2975
73.4  2511.7219
73.3  2350.8406
73.2  2299.2801
73.1  2451.0646
73  2390.9481
72.9  2314.9048
72.8  2234.4346
72.7  2167.5866
72.6  2543.1128
72.5  2511.6498
72.4  2359.7988
72.3  2443.895
72.2  2415.3198
72.1  2473.4547
72  2473.0092
71.9  2327.056
71.8  2318.6025
71.7  2541.6563
71.6  2420.3025
71.5  2504.1072
71.4  2425.6209
71.3  2219.3144
71.2  2534.223
71.1  2450.9054
71  2569.705
70.9  2590.9191
70.8  2462.1459
70.7  2685.6238
70.6  2539.0009
70.5  2511.6293
70.4  2578.4445
70.3  2590.9349
70.2  2815.5586
70.1  2463.0745
70  2577.9145
69.9  2662.8968
69.8  2611.1556
69.7  2538.7197
69.6  2599.0148
69.5  2596.8451
69.4  2297.2886
69.3  2496.919
69.2  2520.8498
69.1  2499.3374
69  2605.0891
68.9  2410.3326
68.8  2326.6673
68.7  2474.2914
68.6  2508.3684
68.5  2435.5015
68.4  2467.01
68.3  2537.8963
68.2  2502.4561
68.1  2555.234
68  2357.2384
67.9  2388.9257
67.8  2535.3512
67.7  2507.3348
67.6  2468.0679
67.5  2462.2106
67.4  2617.8122
67.3  2470.4625
67.2  2390.877
67.1  2293.7402
67  2477.6243
66.9  2451.4711
66.8  2456.4711
66.7  2372.9756
66.6  2386.3234
66.5  2368.4726
66.4  2464.0676
66.3  2483.3571
66.2  2481.3964
66.1  2278.8282
66  2366.9044
65.9  2321.1247
65.8  2176.8364
65.7  2366.1013
65.6  2250.471
65.5  2401.786
65.4  2452.169
65.3  2351.1952
65.2  2298.0515
65.1  2232.307
65  2354.6709
64.9  2287.5088
64.8  2097.3132
64.7  2212.6099
64.6  2177.3854
64.5  2356.1912
64.4  2255.6387
64.3  2283.3411
64.2  2461.8517
64.1  2191.1248
64  2248.5327
63.9  2210.0366
63.8  2199.6825
63.7  2357.4553
63.6  2263.9011
63.5  2204.5659
63.4  2283.2208
63.3  2232.1219
63.2  2207.5567
63.1  2095.8434
63  2120.2831
62.9  2188.3312
62.8  2320.5626
62.7  2177.9628
62.6  2112.8741
62.5  2160.7108
62.4  2214.6386
62.3  2111.2581
62.2  2227.888
62.1  2144.1589
62  2121.6553
61.9  2169.506
61.8  2203.7023
61.7  2026.3056
61.6  2127.7777
61.5  2272.8773
61.4  2273.2328
61.3  2207.5909
61.2  2220.1177
61.1  2130.4001
61  2305.4222
60.9  2207.4837
60.8  2103.8273
60.7  2204.5778
60.6  2172.8725
60.5  2211.9449
60.4  2304.8856
60.3  2168.6976
60.2  2168.0919
60.1  2165.3131
60  2235.3324
59.9  2194.4654
59.8  2371.9416
59.7  2166.193
59.6  2195.2996
59.5  2038.3209
59.4  2159.0431
59.3  2115.8803
59.2  2058.8952
59.1  2286.771
59  2305.0371
58.9  2091.7608
58.8  2304.029
58.7  2232.846
58.6  2189.6455
58.5  2118.6209
58.4  2256.9304
58.3  2241.105
58.2  2015.2659
58.1  2151.8711
58  2063.3124
57.9  2109.5517
57.8  2185.6628
57.7  2105.1417
57.6  2055.6831
57.5  2139.195
57.4  2244.4761
57.3  2177.0898
57.2  2036.4511
57.1  2012.124
57  2098.0565

# Operation:                    Peak Fit
# Range Start:                  90
# Range End:                    70.5317
# Parameter: "Transition" = 
# Parameter: "Label" = 
# Parameter: "Background Method" = Tougaard
# Parameter: "Peak Shape" = Voigt
# Parameter: "Asymmetric Peak" = false
# Parameter: "FWHM-Annotation" = S-B = <Signal-BG:@>\nFWHM = <FWHM:@>\nArea = <Area:@>
# Parameter: "Peak-Annotation" = <Label>\n<Transition>\nE = <Center:@>
#
# Result:
# Number of Results:            2
# Parameter: "Transition" = 
# Parameter: "Label" = 
# Parameter: "Center" = 79.972516006590922 eV +- 0.022035870819405123
# Parameter: "Area" = 11746.045038985743 cps eV +- 464.05977559558124
# Parameter: "FWHM (Lorentzian)" = 1.168690067179228 eV +- 0.27537646433567686
# Parameter: "FWHM (Gaussian)" = 2.6910166866388034 eV +- 0.20755621556547096
# Parameter: "Asymmetry" = 0 +- 0
# Parameter: "Tougaard B" = 29387.593924313147 eV^2 +- 834.92545232509644
# Parameter: "Tougaard C" = 1643 eV^2 +- 0
# Parameter: "FWHM" = 3.3702156598126152 eV
# Parameter: "Baseline Offset" = 2367.890008656484 cps +- 24.605502753459401
# Parameter: "Abbe factor" = 0.41531997583395064
# Parameter: "Reduced Chi Square" = 1.6464533919528914
# Parameter: "Q Probability" = 5.6446797461350928e-08
# Parameter: "Number of performed iterations" = 9
# Parameter: "Fit termination reason" = ConvergedInChi
# Parameter: "Signal" = 5307.8216504920665 cps
# Parameter: "Signal-BG" = 2846.5434191485006 cps
#
# Result Name:                  Background
# Number of Curves:             1
#
# Curve:                        0
# Values/Curve:                 117
#
90  3696.2127
89.832759  3670.9569
89.665517  3645.8799
89.498276  3620.9779
89.331034  3596.247
89.163793  3571.6832
88.996552  3547.283
88.82931  3523.0425
88.662069  3498.9582
88.494828  3475.0266
88.327586  3451.2443
88.160345  3427.6078
87.993103  3404.1141
87.825862  3380.7598
87.658621  3357.5419
87.491379  3334.4573
87.324138  3311.5033
87.156897  3288.677
86.989655  3265.9756
86.822414  3243.3967
86.655172  3220.9376
86.487931  3198.5961
86.32069  3176.3699
86.153448  3154.257
85.986207  3132.2553
85.818966  3110.3631
85.651724  3088.5787
85.484483  3066.9009
85.317241  3045.3283
85.15  3023.86
84.982759  3002.4954
84.815517  2981.2342
84.648276  2960.0764
84.481034  2939.0227
84.313793  2918.0741
84.146552  2897.2325
83.97931  2876.5004
83.812069  2855.8817
83.644828  2835.3812
83.477586  2815.0054
83.310345  2794.7626
83.143103  2774.6636
82.975862  2754.7215
82.808621  2734.9529
82.641379  2715.3779
82.474138  2696.0209
82.306897  2676.9106
82.139655  2658.0809
81.972414  2639.5707
81.805172  2621.4239
81.637931  2603.6891
81.47069  2586.4191
81.303448  2569.6698
81.136207  2553.4988
80.968966  2537.9637
80.801724  2523.1205
80.634483  2509.021
80.467241  2495.7111
80.3  2483.2285
80.132759  2471.6012
79.965517  2460.8457
79.798276  2450.9667
79.631034  2441.9564
79.463793  2433.795
79.296552  2426.4515
79.12931  2419.8852
78.962069  2414.0476
78.794828  2408.8841
78.627586  2404.3363
78.460345  2400.3445
78.293103  2396.8487
78.125862  2393.7911
77.958621  2391.117
77.791379  2388.7759
77.624138  2386.7219
77.456897  2384.9144
77.289655  2383.3176
77.122414  2381.9007
76.955172  2380.6374
76.787931  2379.5055
76.62069  2378.4864
76.453448  2377.5647
76.286207  2376.7273
76.118966  2375.9637
75.951724  2375.2649
75.784483  2374.6237
75.617241  2374.0338
75.45  2373.49
75.282759  2372.988
75.115517  2372.5239
74.948276  2372.0945
74.781034  2371.6971
74.613793  2371.3291
74.446552  2370.9884
74.27931  2370.6731
74.112069  2370.3815
73.944828  2370.1119
73.777586  2369.8631
73.610345  2369.6338
73.443103  2369.4228
73.275862  2369.2291
73.108621  2369.0517
72.941379  2368.8899
72.774138  2368.7427
72.606897  2368.6094
72.439655  2368.4894
72.272414  2368.382
72.105172  2368.2866
71.937931  2368.2027
71.77069  2368.1298
71.603448  2368.0673
71.436207  2368.015
71.268966  2367.9722
71.101724  2367.9387
70.934483  2367.914
70.767241  2367.8979
70.6  2367.89

# Result Name:                  Peak Fit
# Number of Curves:             1
#
# Curve:                        0
# Values/Curve:                 117
#
90  3718.7638
89.832759  3694.3105
89.665517  3670.0804
89.498276  3646.073
89.331034  3622.2879
89.163793  3598.7255
88.996552  3575.3866
88.82931  3552.2723
88.662069  3529.3848
88.494828  3506.7265
88.327586  3484.3009
88.160345  3462.1123
87.993103  3440.166
87.825862  3418.4684
87.658621  3397.0274
87.491379  3375.852
87.324138  3354.9536
87.156897  3334.345
86.989655  3314.042
86.822414  3294.0628
86.655172  3274.4294
86.487931  3255.1677
86.32069  3236.3088
86.153448  3217.8897
85.986207  3199.9553
85.818966  3182.5597
85.651724  3165.7692
85.484483  3149.6649
85.317241  3134.3477
85.15  3119.943
84.982759  3106.6081
84.815517  3094.5413
84.648276  3083.9931
84.481034  3075.28
84.313793  3068.8012
84.146552  3065.0576
83.97931  3064.6722
83.812069  3068.4113
83.644828  3077.2027
83.477586  3092.1486
83.310345  3114.5285
83.143103  3145.785
82.975862  3187.4889
82.808621  3241.2752
82.641379  3308.7473
82.474138  3391.3462
82.306897  3490.1882
82.139655  3605.8774
81.972414  3738.3073
81.805172  3886.472
81.637931  4048.3092
81.47069  4220.6048
81.303448  4398.9817
81.136207  4577.9941
80.968966  4751.3378
80.801724  4912.1719
80.634483  5053.5335
80.467241  5168.8133
80.3  5252.2453
80.132759  5299.3605
79.965517  5307.3532
79.798276  5275.3163
79.631034  5204.3188
79.463793  5097.3148
79.296552  4958.895
79.12931  4794.9121
78.962069  4612.0218
78.794828  4417.1922
78.627586  4217.2319
78.460345  4018.382
78.293103  3826.0029
78.125862  3644.3742
77.958621  3476.6098
77.791379  3324.6763
77.624138  3189.4958
77.456897  3071.1051
77.289655  2968.8476
77.122414  2881.5705
76.955172  2807.8111
76.787931  2745.9563
76.62069  2694.3708
76.453448  2651.4904
76.286207  2615.8823
76.118966  2586.2793
75.951724  2561.5915
75.784483  2540.9027
75.617241  2523.4567
75.45  2508.6389
75.282759  2495.9551
75.115517  2485.0111
74.948276  2475.4936
74.781034  2467.1543
74.613793  2459.796
74.446552  2453.2614
74.27931  2447.4246
74.112069  2442.1837
73.944828  2437.4559
73.777586  2433.1731
73.610345  2429.2789
73.443103  2425.7261
73.275862  2422.4751
73.108621  2419.492
72.941379  2416.7481
72.774138  2414.2184
72.606897  2411.8816
72.439655  2409.7189
72.272414  2407.7139
72.105172  2405.8522
71.937931  2404.1211
71.77069  2402.5094
71.603448  2401.007
71.436207  2399.6052
71.268966  2398.2958
71.101724  2397.0716
70.934483  2395.9264
70.767241  2394.8542
70.6  2393.8497

# Region:                       Al 2p Extended
# Spectrum ID:                  4
# Acquisition Date:             07/23/26 17:14:07 UTC
# Analysis Method:              XPS
# Analyzer:                     PHOIBOS MCD5 Analyzer
# Analyzer Lens:                LargeArea:1.5kV
# Analyzer Slit:                5:7x20\B:open
# Scan Mode:                    FixedAnalyzerTransmission
# Curves/Scan:                  1
# Values/Curve:                 1331
# Dwell Time:                   0.1
# Excitation Energy:            1486.61
# Binding Energy:               190
# Pass Energy:                  50
# Bias Voltage:                 90
# Detector Voltage:             3000
# Eff. Workfunction:            4.543
# Source:                       X-Ray Dummy
# Comment:                      
#
# Cycle: 0
# Number of Scans: 5
#
# Cycle: 0, Curve: 0
# Acquisition Date:             07/23/26 17:14:07 UTC
#
# ColumnLabels:                 energy counts/s
#
190  5110.7777
189.9  5078.4102
189.8  5130.6947
189.7  5082.9267
189.6  5151.9618
189.5  5156.0135
189.4  4975.1791
189.3  5175.9268
189.2  5093.9549
189.1  5059.4501
189  5070.8713
188.9  5101.1199
188.8  5195.1549
188.7  5160.4597
188.6  4985.6768
188.5  5065.7245
188.4  4954.7533
188.3  5039.995
188.2  5071.1066
188.1  5196.6492
188  5121.8301
187.9  5240.1791
187.8  5139.7036
187.7  5161.1713
187.6  5228.9611
187.5  5138.3244
187.4  5083.3108
187.3  5346.4602
187.2  5142.5758
187.1  4926.76
187  5090.9715
186.9  5240.9266
186.8  5280.903
186.7  5130.5094
186.6  5140.3141
186.5  5213.1176
186.4  5321.8724
186.3  5182.3895
186.2  5161.454
186.1  5034.8974
186  5167.2182
185.9  4988.5788
185.8  5184.8793
185.7  5095.4138
185.6  5310.8039
185.5  5151.3139
185.4  5118.4259
185.3  5093.2433
185.2  5009.395
185.1  5240.556
185  5155.5948
184.9  5082.6758
184.8  5188.2481
184.7  4960.1084
184.6  5033.0333
184.5  5203.3479
184.4  5091.6253
184.3  5062.8112
184.2  5345.9184
184.1  5214.3787
184  5011.721
183.9  4987.9514
183.8  5111.9193
183.7  5063.088
183.6  5095.7286
183.5  5214.8992
183.4  5120.0705
183.3  5108.567
183.2  5187.6544
183.1  5205.8769
183  5126.6484
182.9  5074.0012
182.8  5118.8916
182.7  5044.3114
182.6  5179.0251
182.5  5249.9267
182.4  5218.5516
182.3  5104.7815
182.2  5065.6414
182.1  5132.0965
182  5169.2079
181.9  5290.5704
181.8  5360.5468
181.7  5164.7906
181.6  5313.9907
181.5  5079.8163
181.4  5254.2314
181.3  5174.3645
181.2  5155.8225
181.1  5068.3082
181  5409.5002
180.9  5353.6678
180.8  5066.687
180.7  5052.8602
180.6  5153.5331
180.5  5335.0145
180.4  5263.7113
180.3  5255.9689
180.2  5246.8393
180.1  5136.9838
180  5216.3847
179.9  5045.5895
179.8  5150.3173
179.7  5171.0004
179.6  5234.7419
179.5  5111.0038
179.4  5160.2666
179.3  5165.1994
179.2  5245.8215
179.1  5354.6191
179  5029.3284
178.9  5114.6179
178.8  5009.1089
178.7  5142.2771
178.6  5078.1601
178.5  5376.8727
178.4  5330.2731
178.3  5327.7335
178.2  5152.9498
178.1  4989.73
178  5117.4598
177.9  5111.8714
177.8  5119.1003
177.7  5096.2011
177.6  5165.9625
177.5  5175.325
177.4  5025.3838
177.3  5068.1773
177.2  5125.5592
177.1  5111.2569
177  5202.0635
176.9  5135.5631
176.8  5007.0157
176.7  5122.9842
176.6  5170.4431
176.5  4990.9062
176.4  5142.8956
176.3  5057.2958
176.2  5039.7493
176.1  5231.7442
176  5157.6225
175.9  5230.1731
175.8  5028.3023
175.7  5132.9014
175.6  5040.5522
175.5  5170.3209
175.4  5084.689
175.3  4986.252
175.2  5021.2372
175.1  4966.2644
175  4973.2611
174.9  5127.6874
174.8  5139.8795
174.7  5155.1416
174.6  5155.1267
174.5  5062.2199
174.4  5148.0113
174.3  5228.8887
174.2  5198.674
174.1  4975.4831
174  5087.2
173.9  4912.2038
173.8  5112.4441
173.7  5126.1928
173.6  5164.5941
173.5  5142.4448
173.4  5025.6768
173.3  5030.0384
173.2  5050.5045
173.1  5146.7824
173  5270.6956
172.9  5259.566
172.8  5157.4414
172.7  5210.04
172.6  5113.3999
172.5  4955.7682
172.4  5051.1727
172.3  5041.5189
172.2  5083.9719
172.1  5059.8596
172  4990.0923
171.9  4991.8767
171.8  4984.7793
171.7  5105.398
171.6  5051.9744
171.5  5249.0057
171.4  5240.7095
171.3  5011.6306
171.2  5051.8046
171.1  4895.5852
171  5103.0093
170.9  5035.2472
170.8  5140.5639
170.7  4890.7316
170.6  5018.2475
170.5  5054.5178
170.4  5031.9744
170.3  5063.5754
170.2  5017.1714
170.1  5207.884
170  5177.1144
169.9  4982.0564
169.8  4962.9816
169.7  5040.1146
169.6  5064.9448
169.5  5140.1149
169.4  5158.7353
169.3  5112.7244
169.2  4995.4446
169.1  4941.9601
169  4984.8261
168.9  5276.0147
168.8  5105.9429
168.7  5262.8101
168.6  5171.7885
168.5  5097.7095
168.4  4897.909
168.3  4904.4387
168.2  5110.276
168.1  5255.9223
168  5142.058
167.9  5040.9329
167.8  5007.4746
167.7  4976.7372
167.6  5202.921
167.5  5050.7643
167.4  5017.4844
167.3  5028.572
167.2  5143.9846
167.1  4952.8935
167  4990.401
166.9  4892.1284
166.8  5069.2871
166.7  4984.0652
166.6  5167.1345
166.5  5001.007
166.4  4993.2197
166.3  5134.5633
166.2  5053.999
166.1  5032.1147
166  4967.0915
165.9  5020.4689
165.8  5039.041
165.7  5006.1604
165.6  4934.7759
165.5  5058.1308
165.4  5049.9697
165.3  5046.0996
165.2  5040.4235
165.1  5018.8338
165  5040.8311
164.9  5156.1955
164.8  5136.6798
164.7  4989.8129
164.6  4939.5063
164.5  5086.2726
164.4  4938.3628
164.3  5152.0401
164.2  5141.0976
164.1  5023.5886
164  4922.0635
163.9  4922.4494
163.8  5090.5254
163.7  4964.0428
163.6  4892.9491
163.5  5058.3777
163.4  5086.7979
163.3  4868.7654
163.2  4975.4619
163.1  4965.7026
163  5042.1926
162.9  5189.8132
162.8  5113.6557
162.7  4963.3094
162.6  5117.8113
162.5  5128.4132
162.4  5046.6637
162.3  5093.6277
162.2  4978.4615
162.1  5088.7418
162  5069.7642
161.9  5187.7694
161.8  5274.1117
161.7  5133.5817
161.6  4978.6335
161.5  5047.5661
161.4  5062.3623
161.3  5234.5475
161.2  5178.638
161.1  5185.5525
161  5182.2211
160.9  5288.4936
160.8  5252.3324
160.7  5262.1834
160.6  5308.5492
160.5  5233.0185
160.4  5273.1777
160.3  5313.9556
160.2  5256.5072
160.1  5356.5519
160  5443.4882
159.9  5456.774
159.8  5502.9792
159.7  5418.9431
159.6  5635.7321
159.5  5517.2412
159.4  5413.2942
159.3  5564.2639
159.2  5551.3895
159.1  5583.7937
159  5790.973
158.9  5788.7649
158.8  5851.2284
158.7  5909.069
158.6  5848.6684
158.5  5872.4143
158.4  5839.9435
158.3  5920.0348
158.2  5929.1014
158.1  6106.5127
158  6320.7359
157.9  6280.376
157.8  6379.3652
157.7  6217.6013
157.6  6239.5391
157.5  6380.4699
157.4  6301.1609
157.3  6329.0831
157.2  6416.6328
157.1  6367.3814
157  6581.9609
156.9  6450.378
156.8  6513.0616
156.7  6621.6472
156.6  6572.6141
156.5  6529.6005
156.4  6344.5666
156.3  6258.445
156.2  6429.6464
156.1  6396.9456
156  6470.9161
155.9  6493.5924
155.8  6193.1868
155.7  6292.5681
155.6  6291.5572
155.5  6279.5955
155.4  6203.3673
155.3  6265.1757
155.2  6266.5369
155.1  6029.7995
155  5909.4995
154.9  5867.0409
154.8  5812.4726
154.7  5929.5271
154.6  5793.4654
154.5  5598.1194
154.4  5920.9555
154.3  5766.5764
154.2  5708.542
154.1  5651.0074
154  5715.1485
153.9  5478.7921
153.8  5438.1366
153.7  5647.8504
153.6  5497.5025
153.5  5468.8071
153.4  5593.3386
153.3  5285.4566
153.2  5302.4982
153.1  5541.4843
153  5159.0081
152.9  5303.9572
152.8  5358.6135
152.7  5217.6369
152.6  5202.4808
152.5  5381.7777
152.4  5391.833
152.3  5047.527
152.2  5049.2712
152.1  5294.6406
152  5305.4232
151.9  5278.9996
151.8  5289.5561
151.7  5383.9115
151.6  5267.3076
151.5  5323.505
151.4  5234.2288
151.3  5296.3858
151.2  5222.5863
151.1  5371.2187
151  5252.0338
150.9  5070.4485
150.8  5156.5119
150.7  5199.7044
150.6  5272.3925
150.5  5140.6304
150.4  5248.9759
150.3  5136.3225
150.2  5118.4093
150.1  5204.6179
150  5089.6703
149.9  5121.9812
149.8  5292.2999
149.7  4937.1317
149.6  5128.7202
149.5  5253.1585
149.4  5031.4484
149.3  5241.6568
149.2  4980.0811
149.1  5147.984
149  5098.0389
148.9  5163.014
148.8  5100.7441
148.7  5194.9172
148.6  5207.6049
148.5  5027.1198
148.4  5165.8437
148.3  5094.2639
148.2  5009.2764
148.1  4996.6693
148  4918.2674
147.9  5137.2683
147.8  5102.0529
147.7  5071.3732
147.6  5036.3697
147.5  4934.9588
147.4  5102.5287
147.3  5111.2493
147.2  5168.5006
147.1  5050.6755
147  5126.1818
146.9  5166.6848
146.8  5083.1919
146.7  5064.6535
146.6  5102.1124
146.5  4989.9289
146.4  5070.5199
146.3  5032.9073
146.2  5185.4514
146.1  5145.8841
146  5231.9817
145.9  5221.0451
145.8  5015.217
145.7  5021.7313
145.6  4921.5627
145.5  5063.663
145.4  5067.9655
145.3  4962.4144
145.2  5010.4733
145.1  5026.9756
145  5036.6864
144.9  4998.7916
144.8  4973.507
144.7  5024.4072
144.6  5128.256
144.5  5034.8231
144.4  4887.2758
144.3  4999.5656
144.2  4959.9768
144.1  5041.9485
144  5256.7511
143.9  5210.6064
143.8  5179.7929
143.7  5055.1319
143.6  5094.2758
143.5  5023.4582
143.4  5136.1652
143.3  5075.3709
143.2  5144.1504
143.1  5168.6786
143  5369.7996
142.9  5272.8937
142.8  5261.2329
142.7  5268.4478
142.6  5188.356
142.5  5200.3571
142.4  5200.524
142.3  5350.2822
142.2  5252.0174
142.1  5217.3142
142  5333.3929
141.9  5417.0271
141.8  5340.0329
141.7  5372.6616
141.6  5325.9193
141.5  5310.6804
141.4  5239.5554
141.3  5297.4304
141.2  5282.8836
141.1  5154.3961
141  5397.6712
140.9  5501.4575
140.8  5418.4201
140.7  5217.6166
140.6  5416.4177
140.5  5352.7494
140.4  5311.7623
140.3  5350.7517
140.2  5119.8245
140.1  5255.0088
140  5192.2141
139.9  5315.3066
139.8  5166.4954
139.7  5099.8952
139.6  5326.4407
139.5  5286.5651
139.4  5021.9792
139.3  5203.9918
139.2  5248.6777
139.1  5111.742
139  5154.7758
138.9  5077.4844
138.8  5069.4804
138.7  5169.2614
138.6  5070.762
138.5  5073.5567
138.4  5152.524
138.3  4840.9672
138.2  4982.9753
138.1  5054.2392
138  4904.3576
137.9  4967.0114
137.8  4789.914
137.7  4868.8903
137.6  5040.1528
137.5  5026.5055
137.4  5186.3996
137.3  4996.564
137.2  4948.0387
137.1  4895.6731
137  4990.9752
136.9  4797.0393
136.8  4803.2028
136.7  4885.9134
136.6  4734.4471
136.5  4875.1114
136.4  4816.1342
136.3  4796.0741
136.2  4962.8363
136.1  4687.8437
136  4855.4207
135.9  4753.9334
135.8  4628.1626
135.7  4623.0728
135.6  4749.0071
135.5  4695.7435
135.4  4771.5354
135.3  4664.969
135.2  4717.8416
135.1  4775.0361
135  4763.6776
134.9  4756.336
134.8  4805.7756
134.7  4945.6114
134.6  4806.4242
134.5  4823.4431
134.4  4817.8599
134.3  4788.8666
134.2  4607.8455
134.1  4726.1584
134  4775.0115
133.9  4797.1809
133.8  4516.1578
133.7  4760.662
133.6  4721.5714
133.5  4822.556
133.4  4899.8101
133.3  4683.4025
133.2  4620.61
133.1  4677.982
133  4790.4272
132.9  4948.1147
132.8  4821.9278
132.7  4841.3186
132.6  4635.8051
132.5  4858.1761
132.4  4822.3103
132.3  4804.7234
132.2  4790.21
132.1  4783.2623
132  4752.0387
131.9  4811.2174
131.8  4858.4802
131.7  4847.4693
131.6  4755.3805
131.5  4984.9473
131.4  5005.8508
131.3  4955.4576
131.2  4870.5239
131.1  4970.7125
131  4825.9121
130.9  4809.1758
130.8  5022.0332
130.7  4900.2954
130.6  5024.5161
130.5  4876.6239
130.4  4920.2697
130.3  4757.7165
130.2  4974.8206
130.1  4836.6841
130  5018.4875
129.9  4983.409
129.8  5005.0771
129.7  4997.6986
129.6  4932.0912
129.5  4972.793
129.4  4984.225
129.3  4949.8318
129.2  5063.9569
129.1  5197.8092
129  5062.5761
128.9  5116.0663
128.8  5149.2693
128.7  5084.3339
128.6  5053.8975
128.5  5238.401
128.4  5275.4905
128.3  5255.7457
128.2  5212.0173
128.1  5332.0938
128  5581.2312
127.9  5449.2294
127.8  5539.842
127.7  5353.0664
127.6  5881.7615
127.5  5840.4067
127.4  6017.9444
127.3  6141.0804
127.2  6135.6738
127.1  6199.9503
127  6224.1044
126.9  6232.5333
126.8  6408.4423
126.7  6396.326
126.6  6786.0656
126.5  6975.424
126.4  7025.5333
126.3  7219.5968
126.2  7209.5191
126.1  7452.5931
126  7322.8023
125.9  7486.3185
125.8  7718.997
125.7  7638.5302
125.6  7984.9381
125.5  8118.2574
125.4  8200.5317
125.3  8096.9395
125.2  8042.305
125.1  8186.6521
125  8436.5571
124.9  8427.9036
124.8  8191.885
124.7  8300.6467
124.6  8184.4313
124.5  8212.693
124.4  8117.5047
124.3  7912.6609
124.2  8135.0637
124.1  7731.7026
124  7712.7032
123.9  7495.5916
123.8  7318.1404
123.7  7295.2016
123.6  7184.0483
123.5  7292.2981
123.4  6869.1898
123.3  6767.2058
123.2  6599.5034
123.1  6558.4971
123  6505.1925
122.9  6275.5369
122.8  6073.9307
122.7  6106.5322
122.6  6066.3317
122.5  5676.4787
122.4  5757.1428
122.3  5790.8666
122.2  5605.5413
122.1  5513.8139
122  5461.9148
121.9  5349.9052
121.8  5190.3426
121.7  5154.2176
121.6  5038.1061
121.5  4986.3899
121.4  4805.4266
121.3  5015.9234
121.2  4910.5813
121.1  4850.4227
121  4698.8173
120.9  4611.7009
120.8  4574.5154
120.7  4483.1307
120.6  4642.2758
120.5  4692.769
120.4  4609.9313
120.3  4440.9439
120.2  4485.8637
120.1  4427.2454
120  4573.7239
119.9  4436.3493
119.8  4435.2196
119.7  4304.0976
119.6  4220.173
119.5  4332.902
119.4  4203.5034
119.3  4350.4254
119.2  4223.4452
119.1  4266.9631
119  4215.3805
118.9  4308.3442
118.8  4205.4899
118.7  4332.0857
118.6  4342.1388
118.5  4197.1961
118.4  4291.0819
118.3  4216.912
118.2  4154.3264
118.1  4064.7742
118  4179.3401
117.9  4256.8515
117.8  4252.5304
117.7  4051.8713
117.6  4159.0678
117.5  4199.6553
117.4  4105.6926
117.3  4092.4756
117.2  4242.1266
117.1  4151.5122
117  4173.4983
116.9  4118.8768
116.8  4148.5432
116.7  4085.5253
116.6  4066.7114
116.5  4099.784
116.4  4185.4238
116.3  4058.1367
116.2  4195.8616
116.1  4247.6529
116  4243.5786
115.9  4430.0111
115.8  4329.7818
115.7  4226.9632
115.6  4212.1442
115.5  4262.06
115.4  4235.4699
115.3  4007.8028
115.2  4193.074
115.1  4041.1476
115  4258.2348
114.9  4302.0738
114.8  4187.5789
114.7  4250.88
114.6  4395.9056
114.5  4251.5048
114.4  4153.8736
114.3  4180.2765
114.2  4254.7102
114.1  4143.5758
114  4360.4305
113.9  4389.9558
113.8  4334.9201
113.7  4332.8685
113.6  4312.752
113.5  4315.026
113.4  4370.5127
113.3  4295.3718
113.2  4464.9429
113.1  4392.623
113  4383.1215
112.9  4403.1534
112.8  4453.8209
112.7  4576.4495
112.6  4573.9107
112.5  4449.3431
112.4  4623.3257
112.3  4478.3732
112.2  4521.16
112.1  4429.1176
112  4738.6568
111.9  4656.7533
111.8  4776.8737
111.7  4627.7016
111.6  4577.4607
111.5  4646.7715
111.4  4629.488
111.3  4660.5101
111.2  4636.5279
111.1  4538.6766
111  4672.3268
110.9  4729.3502
110.8  4764.4033
110.7  4677.1835
110.6  4858.7443
110.5  4639.3146
110.4  4789.3608
110.3  4693.8889
110.2  4781.0116
110.1  4576.2584
110  4529.2128
109.9  4701.3395
109.8  4652.9122
109.7  4568.826
109.6  4585.5535
109.5  4548.297
109.4  4626.6802
109.3  4543.1673
109.2  4670.2445
109.1  4760.2832
109  4775.0383
108.9  4794.2668
108.8  4895.9872
108.7  4943.4142
108.6  4931.2426
108.5  4808.9104
108.4  4988.9867
108.3  5147.6579
108.2  5283.6686
108.1  5250.784
108  5481.9441
107.9  5483.5346
107.8  5790.6495
107.7  5939.9606
107.6  5975.0939
107.5  6192.8293
107.4  6372.6625
107.3  6455.869
107.2  6944.5922
107.1  7069.7746
107  7223.2808
106.9  7412.1896
106.8  7633.514
106.7  8015.4794
106.6  8345.7734
106.5  8436.2982
106.4  8450.9385
106.3  8902.1935
106.2  8902.834
106.1  9064.3743
106  9555.6933
105.9  9529.9453
105.8  9750.8801
105.7  10034.072
105.6  9726.4218
105.5  10049.321
105.4  10307.424
105.3  10188.518
105.2  10165.132
105.1  10175.002
105  10084.408
104.9  10102.179
104.8  9900.7877
104.7  9814.5363
104.6  9555.5461
104.5  9458.5367
104.4  9462.4833
104.3  8952.2795
104.2  9132.3829
104.1  8735.9675
104  8829.1631
103.9  8403.9914
103.8  8185.5743
103.7  8077.0754
103.6  7578.7171
103.5  7285.0205
103.4  7151.7716
103.3  6949.5302
103.2  6732.2278
103.1  6200.7409
103  6438.0575
102.9  6146.6002
102.8  5909.7532
102.7  5649.9016
102.6  5561.4654
102.5  5531.1768
102.4  5167.3682
102.3  5048.4571
102.2  4807.7482
102.1  4722.3361
102  4657.2519
101.9  4574.1396
101.8  4511.3911
101.7  4222.8466
101.6  4340.4087
101.5  4165.5858
101.4  4024.5525
101.3  4064.3622
101.2  4000.3796
101.1  3902.9094
101  3875.7918
100.9  3864.7678
100.8  3810.3806
100.7  3783.7081
100.6  3615.7653
100.5  3701.3297
100.4  3510.3917
100.3  3589.6734
100.2  3511.4922
100.1  3451.8358
100  3426.4734
99.9  3529.8599
99.8  3419.2103
99.7  3436.8426
99.6  3392.0158
99.5  3301.3414
99.4  3351.9378
99.3  3410.2448
99.2  3218.7367
99.1  3340.4399
99  3227.6902
98.9  3225.3632
98.8  3286.2989
98.7  3199.5852
98.6  3276.5168
98.5  3344.5453
98.4  3064.5355
98.3  3226.2697
98.2  3194.8341
98.1  3172.9354
98  3073.7785
97.9  3116.0411
97.8  3053.4018
97.7  3170.9653
97.6  3089.0554
97.5  3138.9856
97.4  3140.3806
97.3  3120.4382
97.2  3086.1503
97.1  2869.6487
97  3012.5108
96.9  3202.2484
96.8  3023.2965
96.7  3022.7432
96.6  3012.8459
96.5  3036.5316
96.4  3055.1073
96.3  3080.5039
96.2  3034.253
96.1  3001.7002
96  3054.5197
95.9  2999.0722
95.8  3037.4053
95.7  2955.6214
95.6  2995.965
95.5  3115.3795
95.4  3049.5528
95.3  3061.3235
95.2  3156.7411
95.1  3011.4118
95  3131.3072
94.9  3091.4392
94.8  3123.7966
94.7  3081.3545
94.6  3235.2716
94.5  3175.3412
94.4  3212.6939
94.3  3183.8025
94.2  3291.6958
94.1  3342.7938
94  3258.8943
93.9  3294.2807
93.8  3276.4356
93.7  3222.366
93.6  3260.0412
93.5  3196.8566
93.4  3362.9639
93.3  3359.2028
93.2  3354.5809
93.1  3421.6981
93  3360.9284
92.9  3319.5065
92.8  3408.9016
92.7  3427.1438
92.6  3460.5869
92.5  3454.9945
92.4  3428.6862
92.3  3422.564
92.2  3382.3575
92.1  3350.7372
92  3312.9824
91.9  3298.0713
91.8  3235.6302
91.7  3217.4823
91.6  3397.2157
91.5  3303.3259
91.4  3267.5749
91.3  3159.1719
91.2  3181.8895
91.1  3162.1024
91  3075.8441
90.9  3259.771
90.8  3405.4303
90.7  3367.9922
90.6  3372.0577
90.5  3403.5834
90.4  3439.1777
90.3  3390.6861
90.2  3429.8671
90.1  3577.2504
90  3567.1091
89.9  3453.8323
89.8  3384.6335
89.7  3590.1708
89.6  3646.2852
89.5  3655.2504
89.4  3718.5807
89.3  3643.0107
89.2  3652.3699
89.1  3682.3101
89  3822.5124
88.9  3718.139
88.8  3805.9688
88.7  3897.5799
88.6  3877.1121
88.5  3698.9981
88.4  3675.2763
88.3  3630.7088
88.2  3620.8085
88.1  3772.2074
88  3722.0805
87.9  3671.3469
87.8  3615.1551
87.7  3558.5345
87.6  3451.42
87.5  3381.4761
87.4  3374.0924
87.3  3389.9626
87.2  3200.7919
87.1  3107.22
87  3067.3101
86.9  3016.0674
86.8  2975.7137
86.7  3131.5762
86.6  3116.0335
86.5  3106.1302
86.4  3053.821
86.3  2974.3167
86.2  3024.0583
86.1  3029.5459
86  2987.5508
85.9  2960.7493
85.8  2952.5603
85.7  3070.004
85.6  3031.0255
85.5  3156.7304
85.4  3066.9548
85.3  3107.2121
85.2  3191.2019
85.1  3326.7788
85  3265.1613
84.9  3220.4196
84.8  3345.7261
84.7  3298.9379
84.6  3334.0832
84.5  3198.5743
84.4  3303.9722
84.3  3187.1461
84.2  3281.1251
84.1  3278.9793
84  3147.7282
83.9  3202.4877
83.8  3133.752
83.7  3106.7784
83.6  3060.6685
83.5  3032.8283
83.4  3023.1828
83.3  3052.4994
83.2  3041.8538
83.1  3056.0848
83  3172.7607
82.9  3235.1399
82.8  3140.5804
82.7  3081.5926
82.6  3220.0341
82.5  3290.5169
82.4  3281.6758
82.3  3455.242
82.2  3347.3172
82.1  3609.0424
82  3703.5978
81.9  3810.7556
81.8  3782.6676
81.7  3875.115
81.6  4175.6654
81.5  4041.0598
81.4  4283.9787
81.3  4530.4656
81.2  4625.4662
81.1  4616.4992
81  4870.5464
80.9  5081.3323
80.8  5024.793
80.7  5219.9188
80.6  5271.4759
80.5  5145.4741
80.4  5273.1047
80.3  5333.271
80.2  5319.3059
80.1  5434.3872
80  5415.102
79.9  5244.466
79.8  5335.0373
79.7  5211.8588
79.6  5277.4684
79.5  5292.7626
79.4  5032.5935
79.3  4976.622
79.2  4823.1496
79.1  4608.7314
79  4648.4327
78.9  4566.3468
78.8  4499.2487
78.7  4445.3829
78.6  4166.5603
78.5  4076.6471
78.4  3972.7014
78.3  3968.7127
78.2  3783.9344
78.1  3652.823
78  3613.0701
77.9  3451.8184
77.8  3384.3491
77.7  3356.3357
77.6  3235.1883
77.5  3151.8014
77.4  3045.8903
77.3  3033.7756
77.2  2957.7795
77.1  2887.9221
77  2772.5199
76.9  2740.6703
76.8  2794.8914
76.7  2695.148
76.6  2630.1679
76.5  2606.3113
76.4  2592.1512
76.3  2622.3352
76.2  2537.2239
76.1  2504.6552
76  2591.2854
75.9  2667.0153
75.8  2511.1668
75.7  2454.262
75.6  2599.974
75.5  2483.8598
75.4  2366.3354
75.3  2437.3095
75.2  2466.1093
75.1  2331.1748
75  2327.6618
74.9  2399.5487
74.8  2389.6649
74.7  2442.6562
74.6  2328.4604
74.5  2329.1407
74.4  2469.3912
74.3  2600.5061
74.2  2559.4245
74.1  2466.7609
74  2420.2543
73.9  2479.655
73.8  2404.4529
73.7  2443.7067
73.6  2470.8036
73.5  2384.6504
73.4  2415.4128
73.3  2367.5556
73.2  2443.6824
73.1  2476.577
73  2390.7093
72.9  2403.3726
72.8  2417.1821
72.7  2353.2867
72.6  2382.4511
72.5  2359.5542
72.4  2428.0752
72.3  2390.739
72.2  2356.5847
72.1  2352.588
72  2395.5765
71.9  2370.0296
71.8  2476.8964
71.7  2521.7149
71.6  2432.2063
71.5  2379.4313
71.4  2453.2028
71.3  2346.5583
71.2  2490.4544
71.1  2464.22
71  2528.2888
70.9  2493.246
70.8  2504.0807
70.7  2589.3465
70.6  2509.5242
70.5  2514.7898
70.4  2567.5835
70.3  2485.3894
70.2  2574.5575
70.1  2632.6926
70  2624.8015
69.9  2552.4657
69.8  2555.7398
69.7  2514.5562
69.6  2515.2757
69.5  2659.0607
69.4  2611.5444
69.3  2478.0325
69.2  2420.2968
69.1  2488.2986
69  2635.0793
68.9  2564.5605
68.8  2465.2809
68.7  2445.1048
68.6  2507.5707
68.5  2505.5569
68.4  2536.2667
68.3  2517.9267
68.2  2461.5314
68.1  2479.331
68  2489.5041
67.9  2441.8427
67.8  2453.1265
67.7  2475.6277
67.6  2485.9851
67.5  2417.5131
67.4  2425.2325
67.3  2510.2619
67.2  2430.949
67.1  2535.5362
67  2361.8543
66.9  2336.4987
66.8  2354.1313
66.7  2396.0889
66.6  2411.6511
66.5  2328.2377
66.4  2337.4502
66.3  2304.6173
66.2  2324.3704
66.1  2255.0746
66  2394.7387
65.9  2257.1566
65.8  2283.0379
65.7  2367.1308
65.6  2365.4654
65.5  2273.9149
65.4  2338.4909
65.3  2260.1339
65.2  2295.4072
65.1  2357.681
65  2258.514
64.9  2294.1197
64.8  2245.1993
64.7  2165.1476
64.6  2276.8331
64.5  2232.8703
64.4  2246.2943
64.3  2193.8427
64.2  2203.6198
64.1  2281.4951
64  2195.536
63.9  2183.619
63.8  2197.1496
63.7  2201.1629
63.6  2173.7113
63.5  2226.9529
63.4  2177.619
63.3  2215.7478
63.2  2137.285
63.1  2145.8105
63  2207.16
62.9  2243.7847
62.8  2248.3046
62.7  2119.4868
62.6  2216.1769
62.5  2168.2092
62.4  2163.9814
62.3  2117.2942
62.2  2152.0884
62.1  2215.4201
62  2135.2041
61.9  2112.5128
61.8  2091.8816
61.7  2201.6529
61.6  2265.7812
61.5  2194.7899
61.4  2228.3435
61.3  2123.9807
61.2  2123.8649
61.1  2306.0159
61  2130.427
60.9  2091.5315
60.8  2100.8202
60.7  2140.7105
60.6  2217.6165
60.5  2201.8047
60.4  2100.8024
60.3  2238.1127
60.2  2251.9662
60.1  2122.8129
60  2204.0337
59.9  2258.5434
59.8  2150.9988
59.7  2090.6414
59.6  2227.3724
59.5  2217.7147
59.4  2175.721
59.3  2095.769
59.2  2232.1538
59.1  2234.7848
59  2146.2609
58.9  2229.3725
58.8  2073.8115
58.7  2110.1011
58.6  2156.9957
58.5  2111.2241
58.4  2098.534
58.3  2195.2563
58.2  2124.774
58.1  2146.5381
58  2140.0217
57.9  2184.7863
57.8  2250.8571
57.7  2158.994
57.6  2147.9624
57.5  2135.8357
57.4  2160.5957
57.3  2138.8469
57.2  2139.5472
57.1  2041.2532
57  2067.2019

# Operation:                    Peak Fit
# Range Start:                  90
# Range End:                    70.5317
# Parameter: "Transition" = 
# Parameter: "Label" = 
# Parameter: "Background Method" = Tougaard
# Parameter: "Peak Shape" = Voigt
# Parameter: "Asymmetric Peak" = false
# Parameter: "FWHM-Annotation" = S-B = <Signal-BG:@>\nFWHM = <FWHM:@>\nArea = <Area:@>
# Parameter: "Peak-Annotation" = <Label>\n<Transition>\nE = <Center:@>
#
# Result:
# Number of Results:            2
# Parameter: "Transition" = 
# Parameter: "Label" = 
# Parameter: "Center" = 79.954660666898235 eV +- 0.013404099644086962
# Parameter: "Area" = 11406.530817763763 cps eV +- 280.10000770963751
# Parameter: "FWHM (Lorentzian)" = 0.87439042333599959 eV +- 0.16911820084412824
# Parameter: "FWHM (Gaussian)" = 2.8194323390087956 eV +- 0.12112594482216298
# Parameter: "Asymmetry" = 0 +- 0
# Parameter: "Tougaard B" = 30027.388293011547 eV^2 +- 532.36095335010464
# Parameter: "Tougaard C" = 1643 eV^2 +- 0
# Parameter: "FWHM" = 3.3160979576245486 eV
# Parameter: "Baseline Offset" = 2387.3110460418497 cps +- 15.252440028319246
# Parameter: "Abbe factor" = 0.23116134540358993
# Parameter: "Reduced Chi Square" = 2.4953695879830646
# Parameter: "Q Probability" = 5.2282362142674565e-26
# Parameter: "Number of performed iterations" = 11
# Parameter: "Fit termination reason" = ConvergedInChi
# Parameter: "Signal" = 5379.2367012561372 cps
# Parameter: "Signal-BG" = 2904.8156896716823 cps
#
# Result Name:                  Background
# Number of Curves:             1
#
# Curve:                        0
# Values/Curve:                 119
#
90  3725.3032
89.835593  3700.1806
89.671186  3675.2385
89.50678  3650.4727
89.342373  3625.8793
89.177966  3601.4544
89.013559  3577.1941
88.849153  3553.0947
88.684746  3529.1524
88.520339  3505.3638
88.355932  3481.7252
88.191525  3458.2331
88.027119  3434.8842
87.862712  3411.6751
87.698305  3388.6027
87.533898  3365.6636
87.369492  3342.855
87.205085  3320.1736
87.040678  3297.6167
86.876271  3275.1814
86.711864  3252.865
86.547458  3230.6648
86.383051  3208.5783
86.218644  3186.6031
86.054237  3164.7369
85.889831  3142.9774
85.725424  3121.3227
85.561017  3099.7709
85.39661  3078.3201
85.232203  3056.969
85.067797  3035.7162
84.90339  3014.5607
84.738983  2993.5016
84.574576  2972.5388
84.410169  2951.6721
84.245763  2930.9024
84.081356  2910.2309
83.916949  2889.6597
83.752542  2869.1922
83.588136  2848.8328
83.423729  2828.5877
83.259322  2808.4649
83.094915  2788.4751
82.930508  2768.6316
82.766102  2748.9509
82.601695  2729.4538
82.437288  2710.1649
82.272881  2691.1139
82.108475  2672.3354
81.944068  2653.8692
81.779661  2635.7603
81.615254  2618.0582
81.450847  2600.8167
81.286441  2584.0925
81.122034  2567.9441
80.957627  2552.43
80.79322  2537.6067
80.628814  2523.527
80.464407  2510.2377
80.3  2497.7775
80.135593  2486.1756
79.971186  2475.4503
79.80678  2465.6076
79.642373  2456.6418
79.477966  2448.5346
79.313559  2441.257
79.149153  2434.7697
78.984746  2429.0252
78.820339  2423.9697
78.655932  2419.5448
78.491525  2415.6901
78.327119  2412.3449
78.162712  2409.4496
77.998305  2406.9475
77.833898  2404.7859
77.669492  2402.9166
77.505085  2401.2965
77.340678  2399.8874
77.176271  2398.6567
77.011864  2397.576
76.847458  2396.6217
76.683051  2395.7739
76.518644  2395.0163
76.354237  2394.3353
76.189831  2393.7198
76.025424  2393.161
75.861017  2392.6514
75.69661  2392.1849
75.532203  2391.7566
75.367797  2391.3624
75.20339  2390.9988
75.038983  2390.663
74.874576  2390.3524
74.710169  2390.065
74.545763  2389.799
74.381356  2389.5527
74.216949  2389.3248
74.052542  2389.114
73.888136  2388.9191
73.723729  2388.7392
73.559322  2388.5733
73.394915  2388.4207
73.230508  2388.2806
73.066102  2388.1523
72.901695  2388.0352
72.737288  2387.9286
72.572881  2387.8322
72.408475  2387.7453
72.244068  2387.6675
72.079661  2387.5984
71.915254  2387.5377
71.750847  2387.4848
71.586441  2387.4396
71.422034  2387.4016
71.257627  2387.3706
71.09322  2387.3463
70.928814  2387.3285
70.764407  2387.3168
70.6  2387.311

# Result Name:                  Peak Fit
# Number of Curves:             1
#
# Curve:                        0
# Values/Curve:                 119
#
90  3741.7227
89.835593  3717.177
89.671186  3692.8431
89.50678  3668.7194
89.342373  3644.8046
89.177966  3621.0977
89.013559  3597.5979
88.849153  3574.305
88.684746  3551.2193
88.520339  3528.3414
88.355932  3505.6726
88.191525  3483.2149
88.027119  3460.9708
87.862712  3438.9438
87.698305  3417.1383
87.533898  3395.5599
87.369492  3374.2152
87.205085  3353.1126
87.040678  3332.2621
86.876271  3311.6758
86.711864  3291.3683
86.547458  3271.3574
86.383051  3251.6644
86.218644  3232.3154
86.054237  3213.3425
85.889831  3194.785
85.725424  3176.6918
85.561017  3159.1242
85.39661  3142.1595
85.232203  3125.8961
85.067797  3110.4596
84.90339  3096.0118
84.738983  3082.7607
84.574576  3070.9741
84.410169  3060.9956
84.245763  3053.2626
84.081356  3048.3279
83.916949  3046.8803
83.752542  3049.7661
83.588136  3058.0053
83.423729  3072.8002
83.259322  3095.5323
83.094915  3127.7398
82.930508  3171.0718
82.766102  3227.2145
82.601695  3297.7853
82.437288  3384.1956
82.272881  3487.4859
82.108475  3608.1425
81.944068  3745.9107
81.779661  3899.6217
81.615254  4067.0582
81.450847  4244.8802
81.286441  4428.6332
81.122034  4612.8542
80.957627  4791.2819
80.79322  4957.1662
80.628814  5103.6593
80.464407  5224.2571
80.3  5313.2537
80.135593  5366.1619
79.971186  5380.0579
79.80678  5353.8108
79.642373  5288.1731
79.477966  5185.7204
79.313559  5050.6477
79.149153  4888.4457
78.984746  4705.4918
78.820339  4508.5991
78.655932  4304.5688
78.491525  4099.7858
78.327119  3899.8917
78.162712  3709.5533
77.998305  3532.3361
77.833898  3370.6772
77.669492  3225.9447
77.505085  3098.5617
77.340678  2988.1738
77.176271  2893.8344
77.011864  2814.1904
76.847458  2747.6514
76.683051  2692.5331
76.518644  2647.1694
76.354237  2609.993
76.189831  2579.586
76.025424  2554.7067
75.861017  2534.2961
75.69661  2517.4719
75.532203  2503.5124
75.367797  2491.8366
75.20339  2481.9829
75.038983  2473.5877
74.874576  2466.3667
74.710169  2460.0982
74.545763  2454.6093
74.381356  2449.7648
74.216949  2445.4587
74.052542  2441.6068
73.888136  2438.1422
73.723729  2435.0105
73.559322  2432.1676
73.394915  2429.5772
73.230508  2427.2089
73.066102  2425.0371
72.901695  2423.0403
72.737288  2421.2
72.572881  2419.5002
72.408475  2417.9272
72.244068  2416.4689
72.079661  2415.1147
71.915254  2413.8554
71.750847  2412.6828
71.586441  2411.5896
71.422034  2410.5693
71.257627  2409.6161
71.09322  2408.7247
70.928814  2407.8906
70.764407  2407.1094
70.6  2406.3774

# Region:                       Mo 3d
# Spectrum ID:                  5
# Acquisition Date:             07/23/26 17:18:42 UTC
# Analysis Method:              XPS
# Analyzer:                     PHOIBOS MCD5 Analyzer
# Analyzer Lens:                LargeArea:1.5kV
# Analyzer Slit:                5:7x20\B:open
# Scan Mode:                    FixedAnalyzerTransmission
# Curves/Scan:                  1
# Values/Curve:                 421
# Dwell Time:                   0.1
# Excitation Energy:            1486.61
# Binding Energy:               257
# Pass Energy:                  50
# Bias Voltage:                 90
# Detector Voltage:             3000
# Eff. Workfunction:            4.543
# Source:                       X-Ray Dummy
# Comment:                      
#
# Cycle: 0
# Number of Scans: 5
#
# Cycle: 0, Curve: 0
# Acquisition Date:             07/23/26 17:18:42 UTC
#
# ColumnLabels:                 energy counts/s
#
257  5743.3958
256.9  5787.1326
256.8  5792.8974
256.7  5695.3875
256.6  5734.4645
256.5  5735.0702
256.4  5767.1537
256.3  5736.8351
256.2  5709.7056
256.1  5768.9058
256  5697.5064
255.9  5851.0236
255.8  5718.438
255.7  5631.0868
255.6  5680.3306
255.5  5755.5339
255.4  5831.1323
255.3  5663.0907
255.2  5592.2055
255.1  5865.6603
255  6003.5316
254.9  5675.0647
254.8  5801.3957
254.7  5749.2391
254.6  5634.3737
254.5  5675.556
254.4  5592.4097
254.3  5776.2532
254.2  5653.5437
254.1  5690.1025
254  5710.1821
253.9  5770.2089
253.8  5706.9309
253.7  5729.6616
253.6  5693.772
253.5  5748.6071
253.4  5762.2196
253.3  5481.9808
253.2  5740.4819
253.1  5811.4968
253  5807.8754
252.9  5776.3596
252.8  5702.8965
252.7  5805.5547
252.6  5650.5155
252.5  5695.7742
252.4  5678.7979
252.3  5779.6099
252.2  5785.1972
252.1  5731.1501
252  5664.4463
251.9  5770.3614
251.8  5653.4794
251.7  5466.1781
251.6  5580.843
251.5  5566.3756
251.4  5577.5805
251.3  5850.3663
251.2  5587.0964
251.1  5657.5461
251  5700.6701
250.9  5610.4345
250.8  5673.2961
250.7  5536.2859
250.6  5664.8396
250.5  5602.1248
250.4  5600.2513
250.3  5466.276
250.2  5639.0393
250.1  5633.5995
250  5734.5292
249.9  5610.2571
249.8  5654.279
249.7  5583.8297
249.6  5511.2969
249.5  5565.1885
249.4  5494.8521
249.3  5638.2394
249.2  5639.4079
249.1  5648.4055
249  5661.4031
248.9  5561.9382
248.8  5581.1691
248.7  5734.1747
248.6  5730.8358
248.5  5567.6885
248.4  5573.8428
248.3  5628.9607
248.2  5524.672
248.1  5493.6889
248  5518.55
247.9  5480.4262
247.8  5504.9042
247.7  5401.0475
247.6  5557.9087
247.5  5513.5005
247.4  5552.0457
247.3  5559.4818
247.2  5525.3321
247.1  5508.0872
247  5492.7527
246.9  5515.5855
246.8  5394.6322
246.7  5641.7126
246.6  5504.8077
246.5  5445.9438
246.4  5430.4105
246.3  5460.8607
246.2  5626.9357
246.1  5494.5069
246  5461.755
245.9  5467.3225
245.8  5493.9848
245.7  5632.3704
245.6  5466.4552
245.5  5528.3317
245.4  5600.054
245.3  5454.576
245.2  5563.8439
245.1  5771.4849
245  5627.2484
244.9  5883.2799
244.8  5751.8287
244.7  5584.9954
244.6  5794.3451
244.5  5592.3133
244.4  5718.0719
244.3  5723.3732
244.2  5733.8481
244.1  5847.5675
244  5981.1597
243.9  5908.8631
243.8  5870.035
243.7  6076.6158
243.6  6081.0439
243.5  6111.638
243.4  5975.0405
243.3  6185.4786
243.2  6064.6949
243.1  6217.2004
243  6127.5621
242.9  6232.3691
242.8  6267.6884
242.7  6377.894
242.6  6390.2774
242.5  6531.3534
242.4  6532.1998
242.3  6654.3656
242.2  6672.7246
242.1  6608.2874
242  6724.2965
241.9  6786.8329
241.8  6726.0665
241.7  6813.2148
241.6  6779.5761
241.5  6892.0785
241.4  6911.7181
241.3  7035.1287
241.2  7094.452
241.1  7216.4719
241  7104.573
240.9  7080.2984
240.8  7053.2578
240.7  7032.2938
240.6  7157.9537
240.5  7058.6874
240.4  7277.4861
240.3  7099.6883
240.2  7035.5141
240.1  7217.3076
240  6951.6458
239.9  7057.7397
239.8  7150.9173
239.7  7325.1209
239.6  7435.4528
239.5  7346.7467
239.4  7361.5256
239.3  7406.2168
239.2  7377.0149
239.1  7323.3253
239  7489.3949
238.9  7431.1064
238.8  7386.451
238.7  7207.4022
238.6  7435.7057
238.5  7431.0628
238.4  7472.9034
238.3  7340.1725
238.2  7238.2132
238.1  7304.18
238  7202.0427
237.9  7147.1012
237.8  7136.0438
237.7  7065.6789
237.6  6977.3461
237.5  7193.102
237.4  6937.9424
237.3  6774.6501
237.2  6912.7046
237.1  6805.0171
237  6749.6671
236.9  6580.8769
236.8  6569.7913
236.7  6395.4645
236.6  6279.3285
236.5  6392.4079
236.4  6287.5658
236.3  6234.3666
236.2  6108.9501
236.1  5900.8208
236  5844.1864
235.9  5840.7398
235.8  5807.2579
235.7  5773.0788
235.6  5739.0271
235.5  5702.2306
235.4  5733.1097
235.3  5735.8327
235.2  5497.6972
235.1  5550.4121
235  5556.1614
234.9  5363.3505
234.8  5445.0071
234.7  5473.0202
234.6  5301.3098
234.5  5440.057
234.4  5414.2469
234.3  5185.0213
234.2  5243.2859
234.1  5241.3385
234  5226.7205
233.9  5414.1349
233.8  5420.6549
233.7  5273.6151
233.6  5279.2827
233.5  5393.1759
233.4  5464.7291
233.3  5380.2187
233.2  5289.125
233.1  5311.8073
233  5004.908
232.9  5205.5845
232.8  5311.9494
232.7  5260.0961
232.6  5323.0475
232.5  5193.6122
232.4  5249.6253
232.3  5414.3247
232.2  5308.2952
232.1  5324.3748
232  5499.8974
231.9  5213.0057
231.8  5220.5578
231.7  5293.6942
231.6  5359.7668
231.5  5465.3039
231.4  5381.2251
231.3  5258.8128
231.2  5351.2454
231.1  5414.5913
231  5290.2339
230.9  5216.3581
230.8  5357.2241
230.7  5304.8242
230.6  5255.0968
230.5  5318.4129
230.4  5368.0987
230.3  5406.5911
230.2  5423.8462
230.1  5291.7652
230  5308.3767
229.9  5255.4976
229.8  5337.7847
229.7  5505.2823
229.6  5286.031
229.5  5350.6514
229.4  5307.0029
229.3  5469.5966
229.2  5476.8265
229.1  5399.4224
229  5216.0023
228.9  5418.0147
228.8  5458.19
228.7  5394.3995
228.6  5326.2644
228.5  5438.9459
228.4  5388.2124
228.3  5388.5061
228.2  5403.7356
228.1  5229.5303
228  5278.444
227.9  5479.1091
227.8  5498.7662
227.7  5376.711
227.6  5559.1217
227.5  5357.9615
227.4  5287.9002
227.3  5229.8782
227.2  5167.1688
227.1  5128.2289
227  5315.3648
226.9  5212.7616
226.8  5308.9532
226.7  5220.1913
226.6  5386.5146
226.5  5286.2357
226.4  5298.4542
226.3  5274.098
226.2  5187.4296
226.1  5251.271
226  5182.9891
225.9  5146.9934
225.8  5268.3966
225.7  5226.1988
225.6  5315.2841
225.5  5223.7241
225.4  5331.9794
225.3  5196.0984
225.2  5212.8052
225.1  5191.512
225  5272.5109
224.9  5182.9936
224.8  5164.9829
224.7  5169.645
224.6  5091.9939
224.5  5078.8888
224.4  5176.1922
224.3  5317.1338
224.2  5151.912
224.1  5317.6203
224  5305.0122
223.9  5113.1961
223.8  5059.8105
223.7  5014.4974
223.6  5096.8842
223.5  5122.446
223.4  5208.7647
223.3  5215.1501
223.2  5064.2649
223.1  5151.3642
223  5200.3383
222.9  5201.9615
222.8  5067.6558
222.7  5069.5634
222.6  5154.8899
222.5  5237.6935
222.4  5142.8863
222.3  5202.1524
222.2  5225.6393
222.1  5064.8038
222  5102.5295
221.9  5159.4655
221.8  5228.5316
221.7  5122.0498
221.6  5248.1194
221.5  5055.9757
221.4  5072.8703
221.3  5035.3211
221.2  5007.4235
221.1  5037.3007
221  5232.8681
220.9  5169.0443
220.8  5193.8752
220.7  5069.3643
220.6  5047.2299
220.5  5122.2667
220.4  5096.9009
220.3  5092.4575
220.2  5167.5001
220.1  5083.9302
220  5094.7635
219.9  5290.1443
219.8  5102.2143
219.7  5107.6232
219.6  5169.698
219.5  5032.3022
219.4  5128.554
219.3  5197.8787
219.2  5264.4952
219.1  5089.8411
219  5080.3413
218.9  5032.8404
218.8  4978.1153
218.7  5151.0391
218.6  5196.1582
218.5  5129.6477
218.4  5060.2392
218.3  5120.6363
218.2  5101.8589
218.1  5227.9992
218  5101.4371
217.9  4911.0395
217.8  4941.6726
217.7  5203.5824
217.6  5018.104
217.5  5116.7043
217.4  5149.6757
217.3  4965.5607
217.2  4971.7902
217.1  5187.2013
217  5057.2289
216.9  4967.0965
216.8  5099.2282
216.7  5145.4464
216.6  5089.3987
216.5  4964.6585
216.4  5066.4138
216.3  5198.7804
216.2  5157.0561
216.1  4888.3797
216  5191.1249
215.9  4997.8714
215.8  5195.915
215.7  5125.2347
215.6  5183.7527
215.5  5090.815
215.4  5214.3992
215.3  5119.3323
215.2  5028.6233
215.1  5122.7786
215  5175.1089

# Region:                       Mo 3d Hi Res
# Spectrum ID:                  6
# Acquisition Date:             07/23/26 17:25:57 UTC
# Analysis Method:              XPS
# Analyzer:                     PHOIBOS MCD5 Analyzer
# Analyzer Lens:                LargeArea:1.5kV
# Analyzer Slit:                5:7x20\B:open
# Scan Mode:                    FixedAnalyzerTransmission
# Curves/Scan:                  1
# Values/Curve:                 421
# Dwell Time:                   0.1
# Excitation Energy:            1486.61
# Binding Energy:               257
# Pass Energy:                  10
# Bias Voltage:                 90
# Detector Voltage:             3000
# Eff. Workfunction:            4.543
# Source:                       X-Ray Dummy
# Comment:                      
#
# Cycle: 0
# Number of Scans: 20
#
# Cycle: 0, Curve: 0
# Acquisition Date:             07/23/26 17:25:57 UTC
#
# ColumnLabels:                 energy counts/s
#
257  325.53271
256.9  294.81573
256.8  301.13512
256.7  305.74999
256.6  311.45944
256.5  298.29803
256.4  306.58513
256.3  292.46205
256.2  312.3306
256.1  284.85326
256  309.51405
255.9  322.00325
255.8  323.46741
255.7  309.6558
255.6  303.94695
255.5  311.12019
255.4  326.51887
255.3  306.98856
255.2  287.44567
255.1  322.3087
255  310.46454
254.9  288.32833
254.8  310.39704
254.7  310.97801
254.6  314.29386
254.5  289.39468
254.4  328.00797
254.3  304.6479
254.2  309.66456
254.1  303.89538
254  306.10725
253.9  303.63605
253.8  319.94939
253.7  319.26245
253.6  307.57788
253.5  319.68706
253.4  320.52835
253.3  319.29567
253.2  305.80912
253.1  300.27741
253  310.24248
252.9  317.83253
252.8  331.36995
252.7  292.30784
252.6  331.48718
252.5  318.04258
252.4  309.13862
252.3  315.63834
252.2  314.23196
252.1  335.07637
252  301.30437
251.9  314.13522
251.8  306.9219
251.7  305.2252
251.6  302.91966
251.5  315.02058
251.4  313.95993
251.3  307.80275
251.2  313.45081
251.1  323.71667
251  317.96543
250.9  319.38966
250.8  304.6992
250.7  319.32471
250.6  314.9818
250.5  293.98244
250.4  288.42823
250.3  288.5944
250.2  322.81853
250.1  300.54699
250  303.02308
249.9  302.11948
249.8  299.82226
249.7  325.66407
249.6  316.05181
249.5  305.36782
249.4  298.16697
249.3  303.2607
249.2  295.10962
249.1  318.2833
249  308.27899
248.9  305.86383
248.8  293.05515
248.7  317.95892
248.6  303.04689
248.5  292.0642
248.4  309.23166
248.3  283.24156
248.2  296.67933
248.1  292.40902
248  290.01385
247.9  288.88476
247.8  307.25361
247.7  287.87833
247.6  303.53104
247.5  292.72877
247.4  291.31638
247.3  289.89398
247.2  302.44955
247.1  285.83708
247  282.9926
246.9  303.10098
246.8  287.18854
246.7  289.20252
246.6  305.64783
246.5  307.15953
246.4  309.80507
246.3  304.73524
246.2  311.90328
246.1  301.42261
246  287.9654
245.9  322.60692
245.8  316.22409
245.7  293.50795
245.6  300.32018
245.5  310.18214
245.4  296.26631
245.3  292.42645
245.2  315.51265
245.1  285.19419
245  286.95937
244.9  273.4025
244.8  310.29264
244.7  294.32513
244.6  297.8012
244.5  307.47355
244.4  309.51902
244.3  321.38995
244.2  299.00179
244.1  304.99122
244  295.55531
243.9  282.01784
243.8  318.68826
243.7  313.90834
243.6  312.83652
243.5  312.94217
243.4  328.53108
243.3  314.08849
243.2  314.33281
243.1  314.44057
243  326.24843
242.9  322.33642
242.8  339.11009
242.7  342.81431
242.6  332.19085
242.5  344.18791
242.4  346.99283
242.3  355.79498
242.2  367.25994
242.1  355.93887
242  343.63411
241.9  350.92996
241.8  351.86187
241.7  375.8233
241.6  352.30239
241.5  368.22966
241.4  366.33301
241.3  352.5968
241.2  357.85436
241.1  353.97517
241  382.42026
240.9  359.81008
240.8  365.45051
240.7  356.20845
240.6  347.83786
240.5  362.0714
240.4  385.46914
240.3  346.14066
240.2  347.37356
240.1  361.82167
240  365.27166
239.9  347.29962
239.8  360.81824
239.7  354.24652
239.6  376.44155
239.5  385.19273
239.4  395.96569
239.3  369.04454
239.2  396.31838
239.1  387.78028
239  375.54104
238.9  397.64271
238.8  384.16209
238.7  386.65972
238.6  367.61631
238.5  392.00338
238.4  387.17073
238.3  413.42759
238.2  415.09001
238.1  357.31019
238  361.13242
237.9  400.31945
237.8  372.89745
237.7  377.4446
237.6  354.23091
237.5  365.78836
237.4  347.59576
237.3  357.97864
237.2  341.19155
237.1  350.95332
237  361.4926
236.9  331.24795
236.8  329.20726
236.7  333.12613
236.6  326.48986
236.5  326.10811
236.4  336.23485
236.3  341.47769
236.2  310.47121
236.1  318.91422
236  320.93374
235.9  306.91335
235.8  306.87375
235.7  304.57161
235.6  281.75101
235.5  287.82486
235.4  286.96594
235.3  310.97899
235.2  302.96741
235.1  282.00068
235  291.20299
234.9  280.73963
234.8  295.30608
234.7  278.90171
234.6  264.75816
234.5  294.37438
234.4  294.36774
234.3  297.10995
234.2  283.58944
234.1  265.5376
234  280.34271
233.9  304.38282
233.8  300.04108
233.7  284.36852
233.6  288.18223
233.5  275.92682
233.4  280.90329
233.3  276.90286
233.2  288.25973
233.1  282.45618
233  286.41841
232.9  301.83579
232.8  291.99464
232.7  279.36024
232.6  297.34561
232.5  280.99497
232.4  283.42083
232.3  289.97496
232.2  293.31466
232.1  314.30994
232  305.13683
231.9  289.77542
231.8  286.92915
231.7  291.90042
231.6  292.15016
231.5  293.85769
231.4  286.20478
231.3  286.89497
231.2  305.86414
231.1  291.57215
231  290.41762
230.9  284.97495
230.8  285.23071
230.7  304.41919
230.6  278.8835
230.5  278.71395
230.4  306.63218
230.3  284.74076
230.2  283.03118
230.1  276.5159
230  282.25463
229.9  281.60305
229.8  274.4574
229.7  274.09605
229.6  273.09895
229.5  290.82311
229.4  289.72116
229.3  289.71014
229.2  294.19583
229.1  274.6579
229  284.27203
228.9  295.1501
228.8  290.98831
228.7  293.73636
228.6  282.18388
228.5  279.91918
228.4  290.34682
228.3  293.75002
228.2  291.31876
228.1  295.45268
228  293.41379
227.9  300.46565
227.8  289.67213
227.7  287.82437
227.6  280.05459
227.5  296.24801
227.4  298.80862
227.3  296.67786
227.2  290.68611
227.1  295.45801
227  278.51739
226.9  267.0261
226.8  288.15822
226.7  297.10095
226.6  295.26129
226.5  280.13154
226.4  289.39487
226.3  280.10369
226.2  268.1017
226.1  280.96186
226  276.49012
225.9  284.9417
225.8  271.62134
225.7  281.95135
225.6  274.39715
225.5  304.1878
225.4  292.8832
225.3  286.61021
225.2  276.30421
225.1  272.27752
225  292.0351
224.9  291.53075
224.8  277.78088
224.7  291.13219
224.6  261.94715
224.5  270.87746
224.4  297.23286
224.3  307.26025
224.2  270.8413
224.1  283.58629
224  270.57019
223.9  274.69093
223.8  270.48092
223.7  275.14124
223.6  291.13244
223.5  267.95583
223.4  283.11724
223.3  271.72156
223.2  276.92197
223.1  286.27114
223  275.0969
222.9  289.28943
222.8  270.27441
222.7  290.76873
222.6  258.70812
222.5  285.06428
222.4  279.00101
222.3  263.46222
222.2  270.63748
222.1  281.97712
222  257.65413
221.9  271.46846
221.8  270.61025
221.7  275.24048
221.6  271.75699
221.5  284.53667
221.4  283.31409
221.3  264.79468
221.2  261.08057
221.1  271.95034
221  283.61535
220.9  286.37441
220.8  300.88987
220.7  292.85292
220.6  283.9442
220.5  280.16671
220.4  288.8986
220.3  275.82003
220.2  274.59612
220.1  279.01414
220  275.12203
219.9  293.11966
219.8  257.22103
219.7  266.8484
219.6  259.85746
219.5  263.58557
219.4  273.66535
219.3  280.83089
219.2  267.15327
219.1  249.697
219  280.52327
218.9  282.05393
218.8  282.07898
218.7  281.98492
218.6  284.28826
218.5  299.38884
218.4  271.01934
218.3  262.25908
218.2  293.8972
218.1  286.20766
218  273.85971
217.9  262.95237
217.8  281.44064
217.7  296.54594
217.6  262.70446
217.5  281.21407
217.4  278.99976
217.3  281.37734
217.2  277.60566
217.1  293.89793
217  259.7331
216.9  251.0425
216.8  272.60159
216.7  274.3999
216.6  273.9498
216.5  283.80583
216.4  284.86723
216.3  269.13807
216.2  282.2609
216.1  277.00494
216  268.82575
215.9  266.39657
215.8  283.55171
215.7  282.20696
215.6  276.73304
215.5  285.84595
215.4  286.61842
215.3  270.75062
215.2  277.65407
215.1  277.31467
215  283.47463

# Operation:                    Multi Peak Fit
# Parameter: "Peak Function" = Voigt
# Parameter: "Background Function" = Tougaard 2
# Parameter: "Baseline" = Constant
# Parameter: "LM Parameters/Max Iterations" = 200
# Parameter: "LM Parameters/Tolerance" = 2.2204459999999999e-16
# Parameter: "Baseline/BL_I/Value" = nan counts
# Parameter: "Peak 1/C/Value" = nan eV
# Parameter: "Peak 1/A/Value" = nan counts eV
# Parameter: "Peak 1/FL/Value" = nan eV
# Parameter: "Peak 1/FG/Value" = nan eV
# Parameter: "Peak 1/a/Value" = 0
# Parameter: "Peak 1/a/Constraint" = Fixed: 0
# Parameter: "Peak 1/TB/Value" = nan eV^2
# Parameter: "Peak 1/TC/Value" = 1643 eV^2
# Parameter: "Peak 1/TC/Constraint" = Fixed: 1643
# Parameter: "Peak 2/C/Value" = nan eV
# Parameter: "Peak 2/A/Value" = nan counts eV
# Parameter: "Peak 2/FL/Value" = nan eV
# Parameter: "Peak 2/FG/Value" = nan eV
# Parameter: "Peak 2/a/Value" = 0
# Parameter: "Peak 2/a/Constraint" = Fixed: 0
# Parameter: "Peak 2/TB/Value" = nan eV^2
# Parameter: "Peak 2/TC/Value" = 1643 eV^2
# Parameter: "Peak 2/TC/Constraint" = Fixed: 1643
#
# Result:
# Number of Results:            5
# Parameter: "Baseline/BL_I/Value" = 558.78310222495202 counts +- 2.1777817266484774
# Parameter: "Peak 1/C/Value" = 1248.0927378379399 eV +- 0.1162259686776185
# Parameter: "Peak 1/C/Constraint" = Restricted: 1229.61 .. 1271.61
# Parameter: "Peak 1/Relative Area/Value" = 74.880271857190536 %
# Parameter: "Peak 1/A/Value" = 1011.4462669376757 counts eV +- 116.63898048096478
# Parameter: "Peak 1/FL/Value" = 2.3153984428337062 eV +- 0.64390213725200718
# Parameter: "Peak 1/FG/Value" = 1.8940838262155664 eV +- 0.74113899438370234
# Parameter: "Peak 1/F/Value" = 3.4169742064186779 eV
# Parameter: "Peak 1/a/Value" = 0 +- 0
# Parameter: "Peak 1/a/Constraint" = Fixed: 0
# Parameter: "Peak 1/TB/Value" = 9956.5622316056251 eV^2 +- 17483.840218543617
# Parameter: "Peak 1/TC/Value" = 1643 eV^2 +- 0
# Parameter: "Peak 1/TC/Constraint" = Fixed: 1643
# Parameter: "Peak 2/C/Value" = 1244.8931630256473 eV +- 0.15441979538177336
# Parameter: "Peak 2/C/Constraint" = Restricted: 1229.61 .. 1271.61
# Parameter: "Peak 2/Relative Area/Value" = 25.119728142809475 %
# Parameter: "Peak 2/A/Value" = 339.30506161876508 counts eV +- 228.56291424211835
# Parameter: "Peak 2/FL/Value" = 0.65486377735412515 eV +- 2.5145977338419008
# Parameter: "Peak 2/FG/Value" = 2.1722461342027759 eV +- 1.4085743484333999
# Parameter: "Peak 2/F/Value" = 2.543612539479013 eV
# Parameter: "Peak 2/a/Value" = 0 +- 0
# Parameter: "Peak 2/a/Constraint" = Fixed: 0
# Parameter: "Peak 2/TB/Value" = 6404.7270845938265 eV^2 +- 69020.735023880392
# Parameter: "Peak 2/TC/Value" = 1643 eV^2 +- 0
# Parameter: "Peak 2/TC/Constraint" = Fixed: 1643
# Parameter: "Fit Result/ChiSquare" = 360.28272854205574
# Parameter: "Fit Result/Reduced ChiSquare" = 0.88088686685099205
# Parameter: "Fit Result/Abbe Factor" = 0.85222747429225343
# Parameter: "Fit Result/Q-Probability" = 0.96016165269117459
# Parameter: "Termination State" = ConvergedInParameter
#
# Result Name:                  Background
# Number of Curves:             1
#
# Curve:                        0
# Values/Curve:                 332
#
257  313.20512
256.87311  313.01351
256.74622  312.82141
256.61934  312.6288
256.49245  312.43569
256.36556  312.24206
256.23867  312.04791
256.11178  311.85323
255.98489  311.65801
255.85801  311.46223
255.73112  311.26591
255.60423  311.06902
255.47734  310.87157
255.35045  310.67353
255.22356  310.47492
255.09668  310.27571
254.96979  310.07591
254.8429  309.87551
254.71601  309.67449
254.58912  309.47286
254.46224  309.27061
254.33535  309.06773
254.20846  308.86422
254.08157  308.66007
253.95468  308.45527
253.82779  308.24983
253.70091  308.04373
253.57402  307.83697
253.44713  307.62955
253.32024  307.42146
253.19335  307.21269
253.06647  307.00325
252.93958  306.79313
252.81269  306.58233
252.6858  306.37083
252.55891  306.15865
252.43202  305.94577
252.30514  305.7322
252.17825  305.51792
252.05136  305.30295
251.92447  305.08727
251.79758  304.87088
251.67069  304.65379
251.54381  304.43599
251.41692  304.21748
251.29003  303.99826
251.16314  303.77832
251.03625  303.55768
250.90937  303.33632
250.78248  303.11425
250.65559  302.89147
250.5287  302.66798
250.40181  302.44378
250.27492  302.21887
250.14804  301.99325
250.02115  301.76693
249.89426  301.53991
249.76737  301.31218
249.64048  301.08376
249.5136  300.85465
249.38671  300.62484
249.25982  300.39435
249.13293  300.16317
249.00604  299.93132
248.87915  299.69879
248.75227  299.46559
248.62538  299.23173
248.49849  298.99721
248.3716  298.76204
248.24471  298.52623
248.11782  298.28978
247.99094  298.0527
247.86405  297.815
247.73716  297.57669
247.61027  297.33777
247.48338  297.09826
247.3565  296.85815
247.22961  296.61748
247.10272  296.37624
246.97583  296.13444
246.84894  295.8921
246.72205  295.64924
246.59517  295.40585
246.46828  295.16196
246.34139  294.91759
246.2145  294.67274
246.08761  294.42743
245.96073  294.18167
245.83384  293.9355
245.70695  293.68891
245.58006  293.44194
245.45317  293.19461
245.32628  292.94693
245.1994  292.69892
245.07251  292.45063
244.94562  292.20206
244.81873  291.95326
244.69184  291.70426
244.56495  291.45509
244.43807  291.2058
244.31118  290.95643
244.18429  290.70703
244.0574  290.45767
243.93051  290.20843
243.80363  289.95937
243.67674  289.71059
243.54985  289.4622
243.42296  289.21431
243.29607  288.96706
243.16918  288.72061
243.0423  288.4751
242.91541  288.23072
242.78852  287.98766
242.66163  287.74611
242.53474  287.50627
242.40785  287.26835
242.28097  287.03254
242.15408  286.79904
242.02719  286.56802
241.9003  286.33965
241.77341  286.11406
241.64653  285.89137
241.51964  285.67169
241.39275  285.45509
241.26586  285.24163
241.13897  285.03135
241.01208  284.8243
240.8852  284.62051
240.75831  284.42001
240.63142  284.22287
240.50453  284.02914
240.37764  283.83892
240.25076  283.65231
240.12387  283.46946
239.99698  283.29054
239.87009  283.11573
239.7432  282.94526
239.61631  282.77937
239.48943  282.61831
239.36254  282.46232
239.23565  282.31167
239.10876  282.16659
238.98187  282.0273
238.85498  281.89399
238.7281  281.76681
238.60121  281.64586
238.47432  281.5312
238.34743  281.42282
238.22054  281.32068
238.09366  281.22468
237.96677  281.13466
237.83988  281.05042
237.71299  280.97173
237.5861  280.89833
237.45921  280.82992
237.33233  280.76619
237.20544  280.70685
237.07855  280.65156
236.95166  280.60003
236.82477  280.55194
236.69789  280.50703
236.571  280.46501
236.44411  280.42564
236.31722  280.38867
236.19033  280.35391
236.06344  280.32116
235.93656  280.29023
235.80967  280.26098
235.68278  280.23326
235.55589  280.20694
235.429  280.18191
235.30211  280.15807
235.17523  280.13532
235.04834  280.11359
234.92145  280.0928
234.79456  280.07287
234.66767  280.05377
234.54079  280.03542
234.4139  280.01777
234.28701  280.0008
234.16012  279.98445
234.03323  279.96868
233.90634  279.95347
233.77946  279.93878
233.65257  279.92459
233.52568  279.91086
233.39879  279.89757
233.2719  279.88471
233.14502  279.87225
233.01813  279.86016
232.89124  279.84844
232.76435  279.83706
232.63746  279.82602
232.51057  279.81529
232.38369  279.80486
232.2568  279.79472
232.12991  279.78486
232.00302  279.77527
231.87613  279.76593
231.74924  279.75683
231.62236  279.74797
231.49547  279.73934
231.36858  279.73093
231.24169  279.72273
231.1148  279.71473
230.98792  279.70693
230.86103  279.69932
230.73414  279.69189
230.60725  279.68464
230.48036  279.67756
230.35347  279.67064
230.22659  279.66389
230.0997  279.65729
229.97281  279.65084
229.84592  279.64454
229.71903  279.63838
229.59215  279.63236
229.46526  279.62647
229.33837  279.62072
229.21148  279.61509
229.08459  279.60958
228.9577  279.60419
228.83082  279.59892
228.70393  279.59376
228.57704  279.58871
228.45015  279.58377
228.32326  279.57893
228.19637  279.5742
228.06949  279.56957
227.9426  279.56503
227.81571  279.56059
227.68882  279.55624
227.56193  279.55198
227.43505  279.54781
227.30816  279.54373
227.18127  279.53973
227.05438  279.53582
226.92749  279.53198
226.8006  279.52823
226.67372  279.52455
226.54683  279.52094
226.41994  279.51742
226.29305  279.51396
226.16616  279.51058
226.03927  279.50726
225.91239  279.50402
225.7855  279.50084
225.65861  279.49772
225.53172  279.49468
225.40483  279.49169
225.27795  279.48877
225.15106  279.4859
225.02417  279.4831
224.89728  279.48036
224.77039  279.47767
224.6435  279.47504
224.51662  279.47247
224.38973  279.46995
224.26284  279.46749
224.13595  279.46507
224.00906  279.46271
223.88218  279.46041
223.75529  279.45815
223.6284  279.45594
223.50151  279.45378
223.37462  279.45167
223.24773  279.4496
223.12085  279.44758
222.99396  279.44561
222.86707  279.44368
222.74018  279.4418
222.61329  279.43996
222.4864  279.43817
222.35952  279.43641
222.23263  279.4347
222.10574  279.43303
221.97885  279.4314
221.85196  279.42981
221.72508  279.42826
221.59819  279.42675
221.4713  279.42528
221.34441  279.42384
221.21752  279.42245
221.09063  279.42109
220.96375  279.41976
220.83686  279.41848
220.70997  279.41722
220.58308  279.41601
220.45619  279.41482
220.32931  279.41368
220.20242  279.41256
220.07553  279.41148
219.94864  279.41043
219.82175  279.40942
219.69486  279.40843
219.56798  279.40748
219.44109  279.40656
219.3142  279.40567
219.18731  279.40481
219.06042  279.40398
218.93353  279.40318
218.80665  279.40241
218.67976  279.40167
218.55287  279.40096
218.42598  279.40028
218.29909  279.39963
218.17221  279.399
218.04532  279.3984
217.91843  279.39783
217.79154  279.39728
217.66465  279.39677
217.53776  279.39627
217.41088  279.39581
217.28399  279.39537
217.1571  279.39495
217.03021  279.39456
216.90332  279.3942
216.77644  279.39386
216.64955  279.39355
216.52266  279.39325
216.39577  279.39299
216.26888  279.39274
216.14199  279.39252
216.01511  279.39233
215.88822  279.39215
215.76133  279.392
215.63444  279.39187
215.50755  279.39176
215.38066  279.39168
215.25378  279.39161
215.12689  279.39157
215  279.39155

# Result Name:                  Combined
# Number of Curves:             1
#
# Curve:                        0
# Values/Curve:                 332
#
257  313.82812
256.87311  313.64541
256.74622  313.46239
256.61934  313.27908
256.49245  313.09546
256.36556  312.91153
256.23867  312.7273
256.11178  312.54276
255.98489  312.35791
255.85801  312.17275
255.73112  311.98729
255.60423  311.80151
255.47734  311.61542
255.35045  311.42903
255.22356  311.24233
255.09668  311.05533
254.96979  310.86802
254.8429  310.68042
254.71601  310.49253
254.58912  310.30434
254.46224  310.11588
254.33535  309.92713
254.20846  309.73811
254.08157  309.54883
253.95468  309.35929
253.82779  309.1695
253.70091  308.97946
253.57402  308.7892
253.44713  308.59872
253.32024  308.40804
253.19335  308.21716
253.06647  308.0261
252.93958  307.83487
252.81269  307.6435
252.6858  307.45199
252.55891  307.26037
252.43202  307.06866
252.30514  306.87688
252.17825  306.68505
252.05136  306.49319
251.92447  306.30133
251.79758  306.1095
251.67069  305.91773
251.54381  305.72605
251.41692  305.53449
251.29003  305.34309
251.16314  305.15188
251.03625  304.96092
250.90937  304.77023
250.78248  304.57987
250.65559  304.38989
250.5287  304.20033
250.40181  304.01126
250.27492  303.82273
250.14804  303.63481
250.02115  303.44757
249.89426  303.26107
249.76737  303.0754
249.64048  302.89065
249.5136  302.70689
249.38671  302.52422
249.25982  302.34276
249.13293  302.16261
249.00604  301.98388
248.87915  301.80671
248.75227  301.63124
248.62538  301.45761
248.49849  301.286
248.3716  301.11656
248.24471  300.94951
248.11782  300.78503
247.99094  300.62338
247.86405  300.46478
247.73716  300.30951
247.61027  300.15789
247.48338  300.01023
247.3565  299.8669
247.22961  299.72832
247.10272  299.59495
246.97583  299.4673
246.84894  299.34595
246.72205  299.23156
246.59517  299.12491
246.46828  299.02686
246.34139  298.93845
246.2145  298.86089
246.08761  298.79564
245.96073  298.74446
245.83384  298.7095
245.70695  298.69342
245.58006  298.69953
245.45317  298.73203
245.32628  298.79617
245.1994  298.89864
245.07251  299.04785
244.94562  299.25439
244.81873  299.5314
244.69184  299.89509
244.56495  300.36504
244.43807  300.96454
244.31118  301.72058
244.18429  302.66366
244.0574  303.82706
243.93051  305.24565
243.80363  306.95406
243.67674  308.98424
243.54985  311.36238
243.42296  314.10544
243.29607  317.21745
243.16918  320.68595
243.0423  324.47904
242.91541  328.54346
242.78852  332.80417
242.66163  337.16585
242.53474  341.51639
242.40785  345.73256
242.28097  349.6874
242.15408  353.25895
242.02719  356.33944
241.9003  358.84426
241.77341  360.71952
241.64653  361.94763
241.51964  362.55011
241.39275  362.58724
241.26586  362.15466
241.13897  361.37709
241.01208  360.39983
240.8852  359.37883
240.75831  358.47009
240.63142  357.81942
240.50453  357.55314
240.37764  357.77042
240.25076  358.53753
240.12387  359.88428
239.99698  361.80253
239.87009  364.24685
239.7432  367.13706
239.61631  370.36244
239.48943  373.78741
239.36254  377.25852
239.23565  380.61229
239.10876  383.68369
238.98187  386.31485
238.85498  388.36341
238.7281  389.71004
238.60121  390.26476
238.47432  389.97126
238.34743  388.80927
238.22054  386.79451
238.09366  383.97639
237.96677  380.4337
237.83988  376.2686
237.71299  371.59966
237.5861  366.55434
237.45921  361.26177
237.33233  355.84611
237.20544  350.42121
237.07855  345.08654
236.95166  339.92469
236.82477  335.00029
236.69789  330.36019
236.571  326.03472
236.44411  322.03954
236.31722  318.37806
236.19033  315.04389
236.06344  312.02339
235.93656  309.29783
235.80967  306.84538
235.68278  304.64271
235.55589  302.66621
235.429  300.89289
235.30211  299.30101
235.17523  297.87042
235.04834  296.58278
234.92145  295.42162
234.79456  294.37226
234.66767  293.42173
234.54079  292.55864
234.4139  291.77299
234.28701  291.05606
234.16012  290.40023
234.03323  289.79884
233.90634  289.24608
233.77946  288.73685
233.65257  288.26671
233.52568  287.83174
233.39879  287.4285
233.2719  287.05394
233.14502  286.70538
233.01813  286.38045
232.89124  286.07702
232.76435  285.79321
232.63746  285.52735
232.51057  285.27792
232.38369  285.04358
232.2568  284.82312
232.12991  284.61543
232.00302  284.41954
231.87613  284.23455
231.74924  284.05966
231.62236  283.89412
231.49547  283.73726
231.36858  283.58849
231.24169  283.44724
231.1148  283.313
230.98792  283.1853
230.86103  283.06373
230.73414  282.94789
230.60725  282.83741
230.48036  282.73196
230.35347  282.63124
230.22659  282.53496
230.0997  282.44285
229.97281  282.35469
229.84592  282.27023
229.71903  282.18927
229.59215  282.11162
229.46526  282.03709
229.33837  281.96552
229.21148  281.89675
229.08459  281.83063
228.9577  281.76702
228.83082  281.7058
228.70393  281.64685
228.57704  281.59005
228.45015  281.5353
228.32326  281.4825
228.19637  281.43156
228.06949  281.38238
227.9426  281.33489
227.81571  281.28902
227.68882  281.24468
227.56193  281.2018
227.43505  281.16034
227.30816  281.12021
227.18127  281.08137
227.05438  281.04376
226.92749  281.00732
226.8006  280.97201
226.67372  280.93779
226.54683  280.90461
226.41994  280.87242
226.29305  280.84119
226.16616  280.81088
226.03927  280.78145
225.91239  280.75287
225.7855  280.72511
225.65861  280.69814
225.53172  280.67192
225.40483  280.64643
225.27795  280.62165
225.15106  280.59755
225.02417  280.57409
224.89728  280.55127
224.77039  280.52906
224.6435  280.50743
224.51662  280.48638
224.38973  280.46587
224.26284  280.44589
224.13595  280.42642
224.00906  280.40745
223.88218  280.38896
223.75529  280.37093
223.6284  280.35335
223.50151  280.3362
223.37462  280.31948
223.24773  280.30316
223.12085  280.28724
222.99396  280.2717
222.86707  280.25654
222.74018  280.24173
222.61329  280.22728
222.4864  280.21317
222.35952  280.19938
222.23263  280.18592
222.10574  280.17277
221.97885  280.15992
221.85196  280.14736
221.72508  280.13509
221.59819  280.1231
221.4713  280.11138
221.34441  280.09992
221.21752  280.08872
221.09063  280.07777
220.96375  280.06705
220.83686  280.05658
220.70997  280.04634
220.58308  280.03632
220.45619  280.02651
220.32931  280.01693
220.20242  280.00754
220.07553  279.99837
219.94864  279.98938
219.82175  279.9806
219.69486  279.972
219.56798  279.96358
219.44109  279.95534
219.3142  279.94728
219.18731  279.93938
219.06042  279.93166
218.93353  279.92409
218.80665  279.91669
218.67976  279.90944
218.55287  279.90234
218.42598  279.89539
218.29909  279.88859
218.17221  279.88193
218.04532  279.8754
217.91843  279.86902
217.79154  279.86276
217.66465  279.85664
217.53776  279.85064
217.41088  279.84477
217.28399  279.83902
217.1571  279.83338
217.03021  279.82787
216.90332  279.82247
216.77644  279.81718
216.64955  279.812
216.52266  279.80693
216.39577  279.80197
216.26888  279.7971
216.14199  279.79234
216.01511  279.78768
215.88822  279.78312
215.76133  279.77865
215.63444  279.77427
215.50755  279.76999
215.38066  279.7658
215.25378  279.76169
215.12689  279.75767
215  279.75374

# Result Name:                  Peak 1
# Number of Curves:             1
#
# Curve:                        0
# Values/Curve:                 332
#
257  313.75162
256.87311  313.5676
256.74622  313.38325
256.61934  313.19857
256.49245  313.01354
256.36556  312.82818
256.23867  312.64246
256.11178  312.4564
255.98489  312.26999
255.85801  312.08323
255.73112  311.89611
255.60423  311.70864
255.47734  311.52081
255.35045  311.33262
255.22356  311.14408
255.09668  310.95517
254.96979  310.76592
254.8429  310.5763
254.71601  310.38634
254.58912  310.19602
254.46224  310.00535
254.33535  309.81433
254.20846  309.62297
254.08157  309.43127
253.95468  309.23924
253.82779  309.04687
253.70091  308.85419
253.57402  308.66118
253.44713  308.46787
253.32024  308.27425
253.19335  308.08034
253.06647  307.88614
252.93958  307.69167
252.81269  307.49693
252.6858  307.30194
252.55891  307.10671
252.43202  306.91126
252.30514  306.71559
252.17825  306.51973
252.05136  306.32368
251.92447  306.12748
251.79758  305.93114
251.67069  305.73467
251.54381  305.5381
251.41692  305.34145
251.29003  305.14476
251.16314  304.94803
251.03625  304.75131
250.90937  304.55461
250.78248  304.35798
250.65559  304.16144
250.5287  303.96503
250.40181  303.76879
250.27492  303.57276
250.14804  303.37698
250.02115  303.18148
249.89426  302.98633
249.76737  302.79157
249.64048  302.59726
249.5136  302.40344
249.38671  302.21019
249.25982  302.01756
249.13293  301.82562
249.00604  301.63445
248.87915  301.44412
248.75227  301.25471
248.62538  301.0663
248.49849  300.879
248.3716  300.6929
248.24471  300.5081
248.11782  300.32472
247.99094  300.14287
247.86405  299.96269
247.73716  299.7843
247.61027  299.60785
247.48338  299.43351
247.3565  299.26144
247.22961  299.09181
247.10272  298.92482
246.97583  298.76068
246.84894  298.59961
246.72205  298.44185
246.59517  298.28766
246.46828  298.13733
246.34139  297.99114
246.2145  297.84944
246.08761  297.71257
245.96073  297.58093
245.83384  297.45492
245.70695  297.33502
245.58006  297.22172
245.45317  297.11556
245.32628  297.01714
245.1994  296.92712
245.07251  296.84621
244.94562  296.7752
244.81873  296.71497
244.69184  296.66649
244.56495  296.63082
244.43807  296.60915
244.31118  296.6028
244.18429  296.61325
244.0574  296.64214
243.93051  296.69134
243.80363  296.76291
243.67674  296.85919
243.54985  296.98284
243.42296  297.13684
243.29607  297.32457
243.16918  297.54988
243.0423  297.81714
242.91541  298.13135
242.78852  298.49817
242.66163  298.9241
242.53474  299.41654
242.40785  299.98394
242.28097  300.63597
242.15408  301.38362
242.02719  302.23937
241.9003  303.21736
241.77341  304.33344
241.64653  305.6053
241.51964  307.05239
241.39275  308.69583
241.26586  310.55806
241.13897  312.66234
241.01208  315.0319
240.8852  317.68889
240.75831  320.65286
240.63142  323.93889
240.50453  327.55551
240.37764  331.50222
240.25076  335.76697
240.12387  340.32376
239.99698  345.13046
239.87009  350.12733
239.7432  355.23646
239.61631  360.3623
239.48943  365.39366
239.36254  370.20715
239.23565  374.67198
239.10876  378.6561
238.98187  382.03303
238.85498  384.68906
238.7281  386.53021
238.60121  387.48815
238.47432  387.52475
238.34743  386.63462
238.22054  384.84548
238.09366  382.21628
237.96677  378.8333
237.83988  374.80457
237.71299  370.2532
237.5861  365.3102
237.45921  360.10741
237.33233  354.77119
237.20544  349.41704
237.07855  344.14578
236.95166  339.04107
236.82477  334.16841
236.69789  329.57537
236.571  325.29285
236.44411  321.33702
236.31722  317.7117
236.19033  314.41086
236.06344  311.42114
235.93656  308.7241
235.80967  306.29812
235.68278  304.12008
235.55589  302.16653
235.429  300.41464
235.30211  298.8428
235.17523  297.43099
235.04834  296.16098
234.92145  295.01637
234.79456  293.9826
234.66767  293.04675
234.54079  292.19751
234.4139  291.42494
234.28701  290.72038
234.16012  290.07627
234.03323  289.48598
233.90634  288.94375
233.77946  288.44452
233.65257  287.98389
233.52568  287.55796
233.39879  287.16332
233.2719  286.79697
233.14502  286.45624
233.01813  286.13877
232.89124  285.84248
232.76435  285.56549
232.63746  285.30615
232.51057  285.06297
232.38369  284.83461
232.2568  284.61988
232.12991  284.41769
232.00302  284.22707
231.87613  284.04715
231.74924  283.87711
231.62236  283.71625
231.49547  283.56389
231.36858  283.41945
231.24169  283.28236
231.1148  283.15213
230.98792  283.02831
230.86103  282.91047
230.73414  282.79822
230.60725  282.69121
230.48036  282.58911
230.35347  282.49162
230.22659  282.39847
230.0997  282.30939
229.97281  282.22414
229.84592  282.14251
229.71903  282.06429
229.59215  281.98928
229.46526  281.91732
229.33837  281.84823
229.21148  281.78186
229.08459  281.71808
228.9577  281.65673
228.83082  281.59771
228.70393  281.54088
228.57704  281.48615
228.45015  281.43341
228.32326  281.38255
228.19637  281.3335
228.06949  281.28617
227.9426  281.24047
227.81571  281.19633
227.68882  281.15368
227.56193  281.11245
227.43505  281.07259
227.30816  281.03402
227.18127  280.99669
227.05438  280.96055
226.92749  280.92556
226.8006  280.89165
226.67372  280.85879
226.54683  280.82694
226.41994  280.79605
226.29305  280.76608
226.16616  280.737
226.03927  280.70878
225.91239  280.68138
225.7855  280.65476
225.65861  280.62891
225.53172  280.60378
225.40483  280.57936
225.27795  280.55562
225.15106  280.53253
225.02417  280.51007
224.89728  280.48822
224.77039  280.46696
224.6435  280.44626
224.51662  280.42611
224.38973  280.40649
224.26284  280.38737
224.13595  280.36875
224.00906  280.35061
223.88218  280.33293
223.75529  280.3157
223.6284  280.2989
223.50151  280.28251
223.37462  280.26653
223.24773  280.25095
223.12085  280.23574
222.99396  280.22091
222.86707  280.20643
222.74018  280.1923
222.61329  280.1785
222.4864  280.16503
222.35952  280.15188
222.23263  280.13904
222.10574  280.1265
221.97885  280.11424
221.85196  280.10227
221.72508  280.09058
221.59819  280.07915
221.4713  280.06798
221.34441  280.05706
221.21752  280.04639
221.09063  280.03596
220.96375  280.02576
220.83686  280.01579
220.70997  280.00604
220.58308  279.99651
220.45619  279.98718
220.32931  279.97806
220.20242  279.96914
220.07553  279.96041
219.94864  279.95188
219.82175  279.94352
219.69486  279.93535
219.56798  279.92735
219.44109  279.91953
219.3142  279.91187
219.18731  279.90438
219.06042  279.89704
218.93353  279.88987
218.80665  279.88284
218.67976  279.87597
218.55287  279.86924
218.42598  279.86265
218.29909  279.8562
218.17221  279.84989
218.04532  279.84371
217.91843  279.83766
217.79154  279.83174
217.66465  279.82594
217.53776  279.82027
217.41088  279.81471
217.28399  279.80927
217.1571  279.80395
217.03021  279.79874
216.90332  279.79364
216.77644  279.78864
216.64955  279.78375
216.52266  279.77897
216.39577  279.77428
216.26888  279.7697
216.14199  279.76521
216.01511  279.76081
215.88822  279.75651
215.76133  279.75231
215.63444  279.74819
215.50755  279.74416
215.38066  279.74021
215.25378  279.73635
215.12689  279.73258
215  279.72888

# Result Name:                  Peak 2
# Number of Curves:             1
#
# Curve:                        0
# Values/Curve:                 332
#
257  313.28163
256.87311  313.09132
256.74622  312.90055
256.61934  312.70932
256.49245  312.51761
256.36556  312.32542
256.23867  312.13275
256.11178  311.93959
255.98489  311.74593
255.85801  311.55176
255.73112  311.35709
255.60423  311.16189
255.47734  310.96618
255.35045  310.76994
255.22356  310.57317
255.09668  310.37587
254.96979  310.17802
254.8429  309.97963
254.71601  309.78068
254.58912  309.58119
254.46224  309.38114
254.33535  309.18053
254.20846  308.97936
254.08157  308.77762
253.95468  308.57532
253.82779  308.37245
253.70091  308.169
253.57402  307.96499
253.44713  307.7604
253.32024  307.55525
253.19335  307.34952
253.06647  307.14321
252.93958  306.93634
252.81269  306.7289
252.6858  306.52089
252.55891  306.31231
252.43202  306.10318
252.30514  305.89349
252.17825  305.68324
252.05136  305.47245
251.92447  305.26112
251.79758  305.04925
251.67069  304.83685
251.54381  304.62394
251.41692  304.41051
251.29003  304.19659
251.16314  303.98217
251.03625  303.76729
250.90937  303.55194
250.78248  303.33614
250.65559  303.11991
250.5287  302.90327
250.40181  302.68624
250.27492  302.46884
250.14804  302.25109
250.02115  302.03301
249.89426  301.81465
249.76737  301.59601
249.64048  301.37715
249.5136  301.15809
249.38671  300.93887
249.25982  300.71955
249.13293  300.50015
249.00604  300.28074
248.87915  300.06138
248.75227  299.84212
248.62538  299.62304
248.49849  299.40421
248.3716  299.18571
248.24471  298.96764
248.11782  298.7501
247.99094  298.53321
247.86405  298.31709
247.73716  298.1019
247.61027  297.8878
247.48338  297.67497
247.3565  297.46362
247.22961  297.25399
247.10272  297.04637
246.97583  296.84106
246.84894  296.63844
246.72205  296.43895
246.59517  296.24309
246.46828  296.05149
246.34139  295.86489
246.2145  295.68419
246.08761  295.5105
245.96073  295.34521
245.83384  295.19007
245.70695  295.04731
245.58006  294.91976
245.45317  294.81107
245.32628  294.72596
245.1994  294.67045
245.07251  294.65227
244.94562  294.68125
244.81873  294.76969
244.69184  294.93286
244.56495  295.18932
244.43807  295.56119
244.31118  296.07421
244.18429  296.75744
244.0574  297.64259
243.93051  298.76274
243.80363  300.15053
243.67674  301.83564
243.54985  303.84174
243.42296  306.18292
243.29607  308.85995
243.16918  311.85668
243.0423  315.13699
242.91541  318.64283
242.78852  322.29366
242.66163  325.98786
242.53474  329.60612
242.40785  333.01696
242.28097  336.08397
242.15408  338.67437
242.02719  340.6681
241.9003  341.96655
241.77341  342.50014
241.64653  342.23371
241.51964  341.16941
241.39275  339.3465
241.26586  336.83822
241.13897  333.7461
241.01208  330.19223
240.8852  326.31044
240.75831  322.23725
240.63142  318.1034
240.50453  314.02677
240.37764  310.10712
240.25076  306.42287
240.12387  303.02998
239.99698  299.96261
239.87009  297.23525
239.7432  294.84587
239.61631  292.77951
239.48943  291.01205
239.36254  289.51369
239.23565  288.25197
239.10876  287.19418
238.98187  286.30913
238.85498  285.56834
238.7281  284.94665
238.60121  284.42247
238.47432  283.9777
238.34743  283.59746
238.22054  283.26971
238.09366  282.98479
237.96677  282.73506
237.83988  282.51445
237.71299  282.31819
237.5861  282.14248
237.45921  281.98427
237.33233  281.84111
237.20544  281.71102
237.07855  281.59232
236.95166  281.48365
236.82477  281.38382
236.69789  281.29185
236.571  281.20688
236.44411  281.12815
236.31722  281.05503
236.19033  280.98695
236.06344  280.9234
235.93656  280.86396
235.80967  280.80824
235.68278  280.75589
235.55589  280.70662
235.429  280.66016
235.30211  280.61628
235.17523  280.57475
235.04834  280.5354
234.92145  280.49804
234.79456  280.46254
234.66767  280.42875
234.54079  280.39655
234.4139  280.36582
234.28701  280.33647
234.16012  280.30841
234.03323  280.28154
233.90634  280.2558
233.77946  280.23111
233.65257  280.20741
233.52568  280.18464
233.39879  280.16275
233.2719  280.14168
233.14502  280.12139
233.01813  280.10183
232.89124  280.08298
232.76435  280.06478
232.63746  280.04722
232.51057  280.03024
232.38369  280.01384
232.2568  279.99797
232.12991  279.98261
232.00302  279.96774
231.87613  279.95333
231.74924  279.93937
231.62236  279.92584
231.49547  279.91271
231.36858  279.89997
231.24169  279.8876
231.1148  279.87559
230.98792  279.86392
230.86103  279.85258
230.73414  279.84156
230.60725  279.83084
230.48036  279.82041
230.35347  279.81026
230.22659  279.80038
230.0997  279.79076
229.97281  279.78139
229.84592  279.77226
229.71903  279.76337
229.59215  279.7547
229.46526  279.74625
229.33837  279.73801
229.21148  279.72997
229.08459  279.72213
228.9577  279.71448
228.83082  279.70701
228.70393  279.69972
228.57704  279.69261
228.45015  279.68566
228.32326  279.67888
228.19637  279.67225
228.06949  279.66578
227.9426  279.65945
227.81571  279.65328
227.68882  279.64724
227.56193  279.64133
227.43505  279.63556
227.30816  279.62992
227.18127  279.62441
227.05438  279.61902
226.92749  279.61374
226.8006  279.60859
226.67372  279.60354
226.54683  279.59861
226.41994  279.59379
226.29305  279.58907
226.16616  279.58445
226.03927  279.57993
225.91239  279.57551
225.7855  279.57119
225.65861  279.56695
225.53172  279.56281
225.40483  279.55876
225.27795  279.5548
225.15106  279.55092
225.02417  279.54712
224.89728  279.54341
224.77039  279.53977
224.6435  279.53622
224.51662  279.53274
224.38973  279.52933
224.26284  279.526
224.13595  279.52274
224.00906  279.51955
223.88218  279.51643
223.75529  279.51338
223.6284  279.51039
223.50151  279.50747
223.37462  279.50461
223.24773  279.50182
223.12085  279.49908
222.99396  279.49641
222.86707  279.4938
222.74018  279.49124
222.61329  279.48874
222.4864  279.4863
222.35952  279.48391
222.23263  279.48158
222.10574  279.4793
221.97885  279.47708
221.85196  279.4749
221.72508  279.47278
221.59819  279.4707
221.4713  279.46868
221.34441  279.4667
221.21752  279.46477
221.09063  279.46289
220.96375  279.46105
220.83686  279.45926
220.70997  279.45752
220.58308  279.45581
220.45619  279.45416
220.32931  279.45254
220.20242  279.45097
220.07553  279.44943
219.94864  279.44794
219.82175  279.44649
219.69486  279.44508
219.56798  279.44371
219.44109  279.44237
219.3142  279.44108
219.18731  279.43982
219.06042  279.4386
218.93353  279.43741
218.80665  279.43626
218.67976  279.43515
218.55287  279.43407
218.42598  279.43302
218.29909  279.43201
218.17221  279.43104
218.04532  279.4301
217.91843  279.42918
217.79154  279.42831
217.66465  279.42746
217.53776  279.42665
217.41088  279.42586
217.28399  279.42511
217.1571  279.42439
217.03021  279.4237
216.90332  279.42303
216.77644  279.4224
216.64955  279.4218
216.52266  279.42122
216.39577  279.42067
216.26888  279.42015
216.14199  279.41966
216.01511  279.41919
215.88822  279.41875
215.76133  279.41834
215.63444  279.41796
215.50755  279.4176
215.38066  279.41726
215.25378  279.41695
215.12689  279.41667
215  279.41641

# Result Name:                  Residuum
# Number of Curves:             1
#
# Curve:                        0
# Values/Curve:                 421
#
257  11.705033
256.9  -18.867974
256.8  -12.404435
256.7  -7.6452143
256.6  -1.7912319
256.5  -14.807927
256.4  -6.3759148
256.3  -20.353897
256.2  -0.3400518
256.1  -27.671909
256  -2.8654503
255.9  9.7696202
255.8  11.379835
255.7  -2.2855163
255.6  -7.8479287
255.5  -0.52804691
255.4  15.01745
255.3  -4.3658401
255.2  -23.761525
255.1  11.248903
255  -0.44768157
254.9  -22.43612
254.8  -0.21946252
254.7  0.50963901
254.6  3.9737973
254.5  -20.776896
254.4  17.985057
254.3  -5.2261812
254.2  -0.060516642
254.1  -5.6805361
254  -3.3193378
253.9  -5.6410568
253.8  10.821917
253.7  10.284757
253.6  -1.2498813
253.5  11.009354
253.4  12.000839
253.3  10.918483
253.2  -2.4176247
253.1  -7.7987915
253  2.3169432
252.9  10.057737
252.8  23.746007
252.7  -15.16518
252.6  24.165158
252.5  10.871616
252.4  2.1187656
252.3  8.7696346
252.2  7.5144278
252.1  28.510038
252  -5.1107501
251.9  7.8712899
251.8  0.80915128
251.7  -0.73641292
251.6  -2.890863
251.5  9.3610876
251.4  8.4513764
251.3  2.4450322
251.2  8.2438038
251.1  18.66025
251  13.059424
250.9  14.633885
250.8  0.093455734
250.7  14.868765
250.6  10.675407
250.5  -10.17469
250.4  -15.579938
250.3  -15.265153
250.2  19.107232
250.1  -3.0164671
250  -0.39295985
249.9  -1.1496289
249.8  -3.300414
249.7  22.687273
249.6  13.220291
249.5  2.6809418
249.4  -4.3759474
249.3  0.86099293
249.2  -7.1476556
249.1  16.1676
249  6.3039666
248.9  4.0285042
248.8  -8.6415078
248.7  16.399807
248.6  1.6241466
248.5  -9.2234477
248.4  8.0777581
248.3  -17.78005
248.2  -4.2115348
248.1  -8.352758
248  -10.620599
247.9  -11.624252
247.8  6.8680158
247.7  -12.386018
247.6  3.3856308
247.5  -7.3001841
247.4  -8.5987821
247.3  -9.9102411
247.2  2.7531949
247.1  -13.754702
247  -16.498176
246.9  3.7073693
246.8  -12.11206
246.7  -10.009564
246.6  6.5193738
246.5  8.1093888
246.4  10.827425
246.3  5.823717
246.2  13.050859
246.1  2.621548
246  -10.792918
245.9  23.881719
245.8  17.521207
245.7  -5.1848366
245.6  1.6235941
245.5  11.465841
245.4  -2.4880367
245.3  -6.3871937
245.2  16.614955
245.1  -13.816521
245  -12.198352
244.9  -25.942239
244.8  10.713785
244.7  -5.5432571
244.6  -2.4218093
244.5  6.8197688
244.4  8.3457757
244.3  19.594617
244.2  -3.5335164
244.1  1.5817845
244  -8.8794378
243.9  -23.61057
243.8  11.681124
243.7  5.322001
243.6  2.4573086
243.5  0.54655227
243.4  13.890046
243.3  -3.0268621
243.2  -5.4790748
243.1  -8.2758627
243  0.44177041
242.9  -6.7153627
242.8  6.6974175
242.7  6.9718688
242.6  -7.0966692
242.5  1.4986547
242.4  1.0068349
242.3  6.6794977
242.2  15.24235
242.1  1.3017131
242  -13.292642
241.9  -7.9192789
241.8  -8.5180664
241.7  14.315051
241.6  -9.9361767
241.5  5.639084
241.4  3.7344168
241.3  -9.7135672
241.2  -3.9307155
241.1  -7.1156609
241  22.118504
240.9  0.31520967
240.8  6.7037204
240.7  -1.9221827
240.6  -9.8752338
240.5  4.5195507
240.4  27.775698
240.3  -12.030921
240.2  -11.632511
240.1  1.6195468
240  3.5213698
239.9  -16.327199
239.8  -4.9762261
239.7  -13.957239
239.6  5.6470251
239.5  11.694868
239.4  19.727377
239.3  -9.8917406
239.2  14.807791
239.1  3.899174
239  -10.430356
238.9  9.9314496
238.8  -4.8769175
238.7  -3.2438142
238.6  -22.649587
238.5  1.9028749
238.4  -2.2249714
238.3  25.273727
238.2  28.699132
238.1  -26.824948
238  -20.293653
237.9  22.007159
237.8  -1.9520093
237.7  6.3465366
237.6  -12.890228
237.5  2.8063451
237.4  -11.146617
237.3  3.5181132
237.2  -8.99834
237.1  4.9752593
237  19.626574
236.9  -6.6398953
236.8  -4.8633798
236.7  2.6913296
236.6  -0.50454903
236.5  2.350188
236.4  15.506032
236.3  23.571322
236.2  -4.8152247
236.1  6.0520245
236  10.30893
235.9  -1.6506888
235.8  0.20493817
235.7  -0.35599019
235.6  -21.577821
235.5  -14.036275
235.4  -13.547598
235.3  11.703356
235.2  4.8297252
235.1  -15.089936
235  -4.9231054
234.9  -14.496864
234.8  0.89122057
234.7  -14.75319
234.6  -28.192778
234.5  2.0765342
234.4  2.6767385
234.3  5.9836848
234.2  -7.010483
234.1  -24.571006
234  -9.3066087
233.9  15.163465
233.8  11.224809
233.7  -4.0693558
233.6  0.10004475
233.5  -11.820598
233.4  -6.5286502
233.3  -10.231421
233.2  1.4066003
233.1  -4.1310733
233  0.082838512
232.9  15.738732
232.8  6.1238291
232.7  -6.2957419
232.6  11.893805
232.5  -4.2626085
232.4  -1.6518251
232.3  5.0785156
232.2  8.5862792
232.1  29.741956
232  20.722066
231.9  5.5071154
231.8  2.8009419
231.7  7.9063274
231.6  8.284539
231.5  10.115217
231.4  2.5804217
231.3  3.3839678
231.2  22.462004
231.1  8.2746261
231  7.220668
230.9  1.8747473
230.8  2.2236256
230.7  21.501774
230.6  -3.9475144
230.5  -4.0337769
230.4  23.964778
230.3  2.1508596
230.2  0.51608667
230.1  -5.926935
230  -0.11840185
229.9  -0.7025101
229.8  -7.7829118
229.7  -8.0811401
229.6  -9.0171598
229.5  8.7661378
229.4  7.7214578
229.3  7.7659286
229.2  12.305397
229.1  -7.1804038
229  2.4842919
228.9  13.411419
228.8  9.2972491
228.7  12.091515
228.6  0.58391817
228.5  -1.6371775
228.4  8.8328223
228.3  12.27721
228.2  9.8859829
228.1  14.058834
228  12.057821
227.9  19.146539
227.8  8.3888833
227.7  6.5760432
227.6  -1.1597283
227.5  15.066814
227.4  17.659697
227.3  15.560382
227.2  9.599283
227.1  14.401058
227  -2.5104214
226.9  -13.973283
226.8  7.1865601
226.7  16.156343
226.6  14.343082
226.5  -0.76089036
226.4  8.5276082
226.3  -0.73900437
226.2  -12.716986
226.1  0.1666116
226  -4.2822188
225.9  4.1917539
225.8  -9.1067254
225.7  1.2446711
225.6  -6.2886097
225.5  23.522486
225.4  12.23789
225.3  5.9844682
225.2  -4.3023912
225.1  -8.3103468
225  11.465561
224.9  10.979157
224.8  -2.7531444
224.7  10.615359
224.6  -18.552847
224.5  -9.6060438
224.4  16.765506
224.3  26.808717
224.2  -9.5947275
224.1  3.1654475
224  -9.8357708
223.9  -5.7004461
223.8  -9.8961662
223.7  -5.2218259
223.6  10.783115
223.5  -12.380024
223.4  2.7945944
223.3  -8.5881339
223.2  -3.3750161
223.1  5.9866108
223  -5.1753982
222.9  9.0291204
222.8  -9.9741253
222.7  10.531737
222.6  -21.517543
222.5  4.8497409
222.4  -1.2026089
222.3  -16.730686
222.2  -9.5449096
222.1  1.8050644
222  -22.507786
221.9  -8.6835029
221.8  -9.5319355
221.7  -4.8921025
221.6  -8.3661698
221.5  4.4227774
221.4  3.2092887
221.3  -15.301187
221.2  -19.006517
221.1  -8.1281237
221  3.5453566
220.9  6.3127505
220.8  20.836383
220.7  12.807474
220.6  3.9066533
220.5  0.13692694
220.4  8.8764487
220.3  -4.1946248
220.2  -5.4111565
220.1  -0.98589138
220  -4.8708824
219.9  13.133748
219.8  -22.757998
219.7  -13.123861
219.6  -20.108145
219.5  -16.373499
219.4  -6.2872869
219.3  0.88457874
219.2  -12.786821
219.1  -30.236973
219  0.59530282
218.9  2.1318732
218.8  2.1627435
218.7  2.0743953
218.6  4.38336
218.5  19.489473
218.4  -8.8745909
218.3  -17.629505
218.2  14.013881
218.1  6.329516
218  -6.0133408
217.9  -16.91568
217.8  1.5775146
217.7  16.687652
217.6  -17.149063
217.5  1.3652359
217.4  -0.84447157
217.3  1.5376444
217.2  -2.2295754
217.1  14.067074
217  -20.093438
216.9  -28.779796
216.8  -7.2165313
216.7  -5.4141228
216.6  -5.8601863
216.5  3.9998215
216.4  5.0651216
216.3  -10.660192
216.2  2.4664186
216.1  -2.7858325
216  -10.961369
215.9  -13.386947
215.8  3.771727
215.7  2.430446
215.6  -3.040055
215.5  6.0762227
215.4  6.851997
215.3  -9.0125536
215.2  -2.105904
215.1  -2.4421652
215  3.7208869

# Region:                       Al 2p Hi Res
# Spectrum ID:                  7
# Acquisition Date:             07/23/26 17:40:33 UTC
# Analysis Method:              XPS
# Analyzer:                     PHOIBOS MCD5 Analyzer
# Analyzer Lens:                LargeArea:1.5kV
# Analyzer Slit:                5:7x20\B:open
# Scan Mode:                    FixedAnalyzerTransmission
# Curves/Scan:                  1
# Values/Curve:                 331
# Dwell Time:                   0.1
# Excitation Energy:            1486.61
# Binding Energy:               90
# Pass Energy:                  10
# Bias Voltage:                 90
# Detector Voltage:             3000
# Eff. Workfunction:            4.543
# Source:                       X-Ray Dummy
# Comment:                      
#
# Cycle: 0
# Number of Scans: 25
#
# Cycle: 0, Curve: 0
# Acquisition Date:             07/23/26 17:40:33 UTC
#
# ColumnLabels:                 energy counts/s
#
90  188.11972
89.9  174.06002
89.8  190.77637
89.7  171.92545
89.6  194.46095
89.5  191.4569
89.4  180.06054
89.3  194.29289
89.2  192.93062
89.1  190.37133
89  189.60597
88.9  187.47153
88.8  186.64173
88.7  192.26424
88.6  193.31839
88.5  186.8714
88.4  174.90393
88.3  205.48067
88.2  189.64166
88.1  183.29916
88  171.97316
87.9  160.3489
87.8  173.92673
87.7  165.14369
87.6  158.69538
87.5  157.74302
87.4  163.36664
87.3  173.08518
87.2  172.46226
87.1  163.37268
87  149.48762
86.9  143.9252
86.8  159.37911
86.7  158.73507
86.6  153.17225
86.5  138.17028
86.4  164.06276
86.3  159.91208
86.2  155.44793
86.1  162.97383
86  168.52105
85.9  154.30662
85.8  159.31142
85.7  157.70513
85.6  159.32859
85.5  165.76965
85.4  160.63721
85.3  173.31393
85.2  150.83228
85.1  162.03787
85  163.71082
84.9  179.22896
84.8  168.02868
84.7  177.50862
84.6  165.47808
84.5  157.78999
84.4  162.82008
84.3  161.9313
84.2  159.81179
84.1  155.91563
84  161.34907
83.9  148.53433
83.8  153.00603
83.7  167.60166
83.6  166.33529
83.5  160.6326
83.4  155.33815
83.3  159.90414
83.2  151.85515
83.1  151.60166
83  163.83858
82.9  164.19693
82.8  167.28828
82.7  157.18701
82.6  158.54256
82.5  172.70751
82.4  164.08784
82.3  179.73957
82.2  180.34625
82.1  186.55803
82  199.73165
81.9  199.10226
81.8  196.4204
81.7  213.78908
81.6  219.1326
81.5  222.14083
81.4  240.77792
81.3  249.22291
81.2  248.86736
81.1  248.429
81  260.30985
80.9  271.2384
80.8  258.6091
80.7  275.58336
80.6  295.64377
80.5  294.93313
80.4  305.19515
80.3  319.99575
80.2  307.12057
80.1  309.71775
80  318.75835
79.9  310.85254
79.8  307.29883
79.7  316.60741
79.6  309.48584
79.5  289.42944
79.4  278.33182
79.3  277.49394
79.2  261.78142
79.1  262.23738
79  249.87633
78.9  241.92123
78.8  252.88086
78.7  240.30772
78.6  211.91297
78.5  219.76805
78.4  207.35988
78.3  206.10565
78.2  186.98
78.1  186.93814
78  196.75168
77.9  181.70456
77.8  176.99646
77.7  175.49756
77.6  172.44584
77.5  173.26936
77.4  163.477
77.3  167.32051
77.2  147.75281
77.1  161.93242
77  162.22323
76.9  159.04724
76.8  152.54366
76.7  156.12863
76.6  159.82043
76.5  160.66423
76.4  157.28939
76.3  144.19033
76.2  143.91512
76.1  152.23167
76  168.30026
75.9  142.57793
75.8  148.38017
75.7  161.28727
75.6  146.89339
75.5  148.01324
75.4  143.88947
75.3  152.11948
75.2  140.75341
75.1  147.68788
75  147.73541
74.9  143.85246
74.8  149.90497
74.7  152.06206
74.6  147.55405
74.5  153.24064
74.4  144.58575
74.3  154.87779
74.2  152.15592
74.1  157.91962
74  150.87273
73.9  148.24877
73.8  154.72499
73.7  150.87122
73.6  142.0458
73.5  145.93182
73.4  156.35199
73.3  154.28919
73.2  153.3413
73.1  159.29539
73  161.03508
72.9  143.66736
72.8  143.41497
72.7  148.35329
72.6  153.99248
72.5  148.17876
72.4  146.67679
72.3  142.34184
72.2  147.45317
72.1  156.0515
72  162.82073
71.9  156.66506
71.8  136.90436
71.7  148.61109
71.6  146.81994
71.5  136.68535
71.4  151.4665
71.3  157.13402
71.2  145.16506
71.1  143.32724
71  152.91412
70.9  152.80438
70.8  170.36791
70.7  163.13864
70.6  162.72681
70.5  156.89929
70.4  165.92459
70.3  158.76952
70.2  158.93776
70.1  167.33318
70  170.06501
69.9  161.86076
69.8  173.3964
69.7  153.45174
69.6  155.87067
69.5  151.42151
69.4  154.71689
69.3  152.13984
69.2  147.43715
69.1  156.84585
69  146.56725
68.9  144.57651
68.8  147.52408
68.7  154.86715
68.6  156.81307
68.5  149.41795
68.4  145.13206
68.3  158.38942
68.2  161.52072
68.1  157.74512
68  159.09101
67.9  157.42851
67.8  158.85647
67.7  147.8592
67.6  155.69499
67.5  144.38885
67.4  149.92232
67.3  145.35701
67.2  142.3312
67.1  151.41226
67  148.06478
66.9  151.6239
66.8  160.61291
66.7  152.65771
66.6  149.79318
66.5  142.97743
66.4  137.73468
66.3  150.52352
66.2  153.95416
66.1  156.19158
66  148.34427
65.9  144.15738
65.8  142.4618
65.7  135.69724
65.6  140.63378
65.5  152.29555
65.4  151.45463
65.3  155.98
65.2  145.88442
65.1  123.97132
65  137.73772
64.9  140.89881
64.8  148.67773
64.7  148.76408
64.6  146.73722
64.5  141.52024
64.4  137.76753
64.3  136.19063
64.2  146.26436
64.1  151.85331
64  146.18939
63.9  141.59807
63.8  137.39526
63.7  139.86901
63.6  154.49993
63.5  148.25664
63.4  146.24725
63.3  146.02708
63.2  146.88663
63.1  143.64182
63  134.39226
62.9  138.75764
62.8  142.21139
62.7  149.78147
62.6  127.56533
62.5  130.77755
62.4  127.46613
62.3  138.81095
62.2  133.12131
62.1  139.82822
62  144.29015
61.9  140.07328
61.8  139.0031
61.7  152.35236
61.6  152.05583
61.5  137.95502
61.4  150.06177
61.3  142.07066
61.2  146.16085
61.1  136.23365
61  135.27588
60.9  136.93394
60.8  136.12058
60.7  133.15078
60.6  140.34419
60.5  127.73988
60.4  137.0902
60.3  136.1846
60.2  145.74461
60.1  135.77305
60  133.61289
59.9  141.4189
59.8  144.70116
59.7  132.70918
59.6  127.65141
59.5  139.13394
59.4  136.78161
59.3  139.66483
59.2  142.43863
59.1  147.08577
59  144.34288
58.9  145.31688
58.8  150.71701
58.7  136.76447
58.6  137.92657
58.5  137.66898
58.4  132.71478
58.3  135.21873
58.2  147.1982
58.1  129.97445
58  129.77178
57.9  135.04045
57.8  138.85698
57.7  140.49206
57.6  146.64013
57.5  141.81685
57.4  133.01305
57.3  141.82517
57.2  132.96081
57.1  134.05727
57  142.78417

# Operation:                    Peak Fit
# Parameter: "Transition" = 
# Parameter: "Label" = 
# Parameter: "Background Method" = Tougaard
# Parameter: "Peak Shape" = Voigt
# Parameter: "Asymmetric Peak" = false
# Parameter: "FWHM-Annotation" = S-B = <Signal-BG:@>\nFWHM = <FWHM:@>\nArea = <Area:@>
# Parameter: "Peak-Annotation" = <Label>\n<Transition>\nE = <Center:@>
#
# Result:
# Number of Results:            2
# Parameter: "Transition" = 
# Parameter: "Label" = 
# Parameter: "Center" = 80.004128741745035 eV +- 0.022316332264906702
# Parameter: "Area" = 514.92856505239774 cps eV +- 15.492821732724522
# Parameter: "FWHM (Lorentzian)" = 0.58970796880339493 eV +- 0.19452312847520123
# Parameter: "FWHM (Gaussian)" = 2.3747272752430844 eV +- 0.15526233768470235
# Parameter: "Asymmetry" = 0 +- 0
# Parameter: "Tougaard B" = 17627.513903934898 eV^2 +- 974.1213891817124
# Parameter: "Tougaard C" = 1643 eV^2 +- 0
# Parameter: "FWHM" = 2.7057918374626571 eV
# Parameter: "Baseline Offset" = 145.11911644654583 cps +- 0.63076904696948788
# Parameter: "Abbe factor" = 0.44815564401564151
# Parameter: "Reduced Chi Square" = 1.3702646161884473
# Parameter: "Q Probability" = 1.0367103952210662e-05
# Parameter: "Number of performed iterations" = 9
# Parameter: "Fit termination reason" = ConvergedInChi
# Parameter: "Signal" = 310.98969187019321 cps
# Parameter: "Signal-BG" = 163.70122935407693 cps
#
# Result Name:                  Background
# Number of Curves:             1
#
# Curve:                        0
# Values/Curve:                 245
#
90  178.38409
89.864754  177.93713
89.729508  177.49046
89.594262  177.0441
89.459016  176.598
89.32377  176.15218
89.188525  175.70659
89.053279  175.26125
88.918033  174.81612
88.782787  174.37121
88.647541  173.92649
88.512295  173.48196
88.377049  173.03761
88.241803  172.59343
88.106557  172.1494
87.971311  171.70552
87.836066  171.26178
87.70082  170.81817
87.565574  170.37469
87.430328  169.93133
87.295082  169.48808
87.159836  169.04494
87.02459  168.60191
86.889344  168.15899
86.754098  167.71616
86.618852  167.27343
86.483607  166.83079
86.348361  166.38826
86.213115  165.94582
86.077869  165.50348
85.942623  165.06125
85.807377  164.61912
85.672131  164.1771
85.536885  163.7352
85.401639  163.29343
85.266393  162.85179
85.131148  162.41029
84.995902  161.96895
84.860656  161.52778
84.72541  161.0868
84.590164  160.64602
84.454918  160.20547
84.319672  159.76517
84.184426  159.32516
84.04918  158.88546
83.913934  158.44611
83.778689  158.00717
83.643443  157.56868
83.508197  157.13073
83.372951  156.69339
83.237705  156.25676
83.102459  155.82098
82.967213  155.38619
82.831967  154.95261
82.696721  154.52046
82.561475  154.09004
82.42623  153.66172
82.290984  153.23594
82.155738  152.81323
82.020492  152.39423
81.885246  151.97968
81.75  151.57043
81.614754  151.16746
81.479508  150.77186
81.344262  150.38483
81.209016  150.00764
81.07377  149.64165
80.938525  149.28822
80.803279  148.94871
80.668033  148.62444
80.532787  148.31662
80.397541  148.02631
80.262295  147.75438
80.127049  147.50148
79.991803  147.26799
79.856557  147.05405
79.721311  146.85948
79.586066  146.68384
79.45082  146.52647
79.315574  146.38644
79.180328  146.26268
79.045082  146.15394
78.909836  146.05893
78.77459  145.97627
78.639344  145.90459
78.504098  145.84258
78.368852  145.78895
78.233607  145.74256
78.098361  145.70231
77.963115  145.66728
77.827869  145.63662
77.692623  145.60962
77.557377  145.58566
77.422131  145.56424
77.286885  145.54492
77.151639  145.52737
77.016393  145.5113
76.881148  145.49648
76.745902  145.48272
76.610656  145.46988
76.47541  145.45784
76.340164  145.44649
76.204918  145.43576
76.069672  145.42558
75.934426  145.41589
75.79918  145.40666
75.663934  145.39784
75.528689  145.3894
75.393443  145.38131
75.258197  145.37355
75.122951  145.36609
74.987705  145.35891
74.852459  145.352
74.717213  145.34533
74.581967  145.33891
74.446721  145.3327
74.311475  145.3267
74.17623  145.3209
74.040984  145.31529
73.905738  145.30986
73.770492  145.3046
73.635246  145.2995
73.5  145.29456
73.364754  145.28976
73.229508  145.2851
73.094262  145.28059
72.959016  145.2762
72.82377  145.27193
72.688525  145.26779
72.553279  145.26376
72.418033  145.25984
72.282787  145.25602
72.147541  145.25231
72.012295  145.2487
71.877049  145.24518
71.741803  145.24176
71.606557  145.23842
71.471311  145.23517
71.336066  145.232
71.20082  145.22891
71.065574  145.2259
70.930328  145.22297
70.795082  145.22011
70.659836  145.21732
70.52459  145.21459
70.389344  145.21194
70.254098  145.20935
70.118852  145.20682
69.983607  145.20435
69.848361  145.20194
69.713115  145.19959
69.577869  145.19729
69.442623  145.19505
69.307377  145.19287
69.172131  145.19073
69.036885  145.18864
68.901639  145.18661
68.766393  145.18462
68.631148  145.18268
68.495902  145.18078
68.360656  145.17893
68.22541  145.17712
68.090164  145.17536
67.954918  145.17363
67.819672  145.17195
67.684426  145.1703
67.54918  145.1687
67.413934  145.16713
67.278689  145.1656
67.143443  145.1641
67.008197  145.16264
66.872951  145.16122
66.737705  145.15982
66.602459  145.15847
66.467213  145.15714
66.331967  145.15585
66.196721  145.15458
66.061475  145.15335
65.92623  145.15215
65.790984  145.15098
65.655738  145.14983
65.520492  145.14872
65.385246  145.14763
65.25  145.14657
65.114754  145.14553
64.979508  145.14452
64.844262  145.14354
64.709016  145.14258
64.57377  145.14165
64.438525  145.14074
64.303279  145.13986
64.168033  145.139
64.032787  145.13816
63.897541  145.13735
63.762295  145.13655
63.627049  145.13578
63.491803  145.13503
63.356557  145.13431
63.221311  145.1336
63.086066  145.13291
62.95082  145.13225
62.815574  145.1316
62.680328  145.13098
62.545082  145.13037
62.409836  145.12978
62.27459  145.12921
62.139344  145.12866
62.004098  145.12813
61.868852  145.12761
61.733607  145.12712
61.598361  145.12664
61.463115  145.12617
61.327869  145.12573
61.192623  145.1253
61.057377  145.12489
60.922131  145.12449
60.786885  145.12411
60.651639  145.12374
60.516393  145.12339
60.381148  145.12306
60.245902  145.12274
60.110656  145.12243
59.97541  145.12214
59.840164  145.12187
59.704918  145.12161
59.569672  145.12136
59.434426  145.12113
59.29918  145.12091
59.163934  145.1207
59.028689  145.12051
58.893443  145.12033
58.758197  145.12016
58.622951  145.12001
58.487705  145.11987
58.352459  145.11974
58.217213  145.11963
58.081967  145.11952
57.946721  145.11943
57.811475  145.11935
57.67623  145.11928
57.540984  145.11923
57.405738  145.11918
57.270492  145.11915
57.135246  145.11913
57  145.11912

# Result Name:                  Peak Fit
# Number of Curves:             1
#
# Curve:                        0
# Values/Curve:                 245
#
90  178.88289
89.864754  178.45015
89.729508  178.01835
89.594262  177.58749
89.459016  177.15762
89.32377  176.72876
89.188525  176.30094
89.053279  175.87421
88.918033  175.44859
88.782787  175.02415
88.647541  174.60093
88.512295  174.17899
88.377049  173.75841
88.241803  173.33925
88.106557  172.9216
87.971311  172.50555
87.836066  172.09121
87.70082  171.67869
87.565574  171.26811
87.430328  170.85962
87.295082  170.45338
87.159836  170.04956
87.02459  169.64837
86.889344  169.25003
86.754098  168.85479
86.618852  168.46294
86.483607  168.07479
86.348361  167.69071
86.213115  167.31111
86.077869  166.93648
85.942623  166.56734
85.807377  166.20434
85.672131  165.84821
85.536885  165.49981
85.401639  165.16014
85.266393  164.83042
85.131148  164.5121
84.995902  164.20696
84.860656  163.91719
84.72541  163.64549
84.590164  163.39533
84.454918  163.17108
84.319672  162.9784
84.184426  162.82461
84.04918  162.71921
83.913934  162.67461
83.778689  162.7069
83.643443  162.83688
83.508197  163.09116
83.372951  163.50344
83.237705  164.11578
83.102459  164.97971
82.967213  166.15711
82.831967  167.72053
82.696721  169.75266
82.561475  172.34461
82.42623  175.59288
82.290984  179.59444
82.155738  184.44016
82.020492  190.20644
81.885246  196.94548
81.75  204.67465
81.614754  213.36608
81.479508  222.93739
81.344262  233.24497
81.209016  244.08105
81.07377  255.17562
80.938525  266.204
80.803279  276.80027
80.668033  286.5759
80.532787  295.14266
80.397541  302.1378
80.262295  307.2493
80.127049  310.23877
79.991803  310.9595
79.856557  309.3679
79.721311  305.52685
79.586066  299.60085
79.45082  291.84324
79.315574  282.57708
79.180328  272.1717
79.045082  261.01722
78.909836  249.49966
78.77459  237.97868
78.639344  226.76981
78.504098  216.13212
78.368852  206.2617
78.233607  197.29064
78.098361  189.2908
77.963115  182.28106
77.827869  176.23691
77.692623  171.10098
77.557377  166.79355
77.422131  163.22204
77.286885  160.28913
77.151639  157.89903
77.016393  155.96195
76.881148  154.39698
76.745902  153.13351
76.610656  152.11158
76.47541  151.28146
76.340164  150.60272
76.204918  150.04304
76.069672  149.57696
75.934426  149.18462
75.79918  148.85067
75.663934  148.5633
75.528689  148.31344
75.393443  148.09411
75.258197  147.89991
75.122951  147.72665
74.987705  147.57104
74.852459  147.43044
74.717213  147.30277
74.581967  147.18631
74.446721  147.07965
74.311475  146.98162
74.17623  146.89122
74.040984  146.80763
73.905738  146.73013
73.770492  146.65809
73.635246  146.59098
73.5  146.52833
73.364754  146.46974
73.229508  146.41483
73.094262  146.36329
72.959016  146.31483
72.82377  146.2692
72.688525  146.22617
72.553279  146.18554
72.418033  146.14712
72.282787  146.11074
72.147541  146.07627
72.012295  146.04355
71.877049  146.01248
71.741803  145.98292
71.606557  145.9548
71.471311  145.928
71.336066  145.90244
71.20082  145.87805
71.065574  145.85475
70.930328  145.83247
70.795082  145.81116
70.659836  145.79075
70.52459  145.7712
70.389344  145.75246
70.254098  145.73447
70.118852  145.7172
69.983607  145.70062
69.848361  145.68467
69.713115  145.66934
69.577869  145.65458
69.442623  145.64037
69.307377  145.62669
69.172131  145.6135
69.036885  145.60078
68.901639  145.58851
68.766393  145.57666
68.631148  145.56523
68.495902  145.55418
68.360656  145.54351
68.22541  145.53319
68.090164  145.52321
67.954918  145.51355
67.819672  145.5042
67.684426  145.49516
67.54918  145.48639
67.413934  145.4779
67.278689  145.46967
67.143443  145.4617
67.008197  145.45396
66.872951  145.44646
66.737705  145.43918
66.602459  145.43212
66.467213  145.42526
66.331967  145.4186
66.196721  145.41213
66.061475  145.40585
65.92623  145.39974
65.790984  145.39381
65.655738  145.38804
65.520492  145.38243
65.385246  145.37698
65.25  145.37167
65.114754  145.36651
64.979508  145.36149
64.844262  145.3566
64.709016  145.35184
64.57377  145.34721
64.438525  145.3427
64.303279  145.33831
64.168033  145.33403
64.032787  145.32987
63.897541  145.32581
63.762295  145.32186
63.627049  145.318
63.491803  145.31425
63.356557  145.31059
63.221311  145.30702
63.086066  145.30354
62.95082  145.30015
62.815574  145.29685
62.680328  145.29363
62.545082  145.29049
62.409836  145.28742
62.27459  145.28443
62.139344  145.28152
62.004098  145.27868
61.868852  145.2759
61.733607  145.2732
61.598361  145.27056
61.463115  145.26799
61.327869  145.26548
61.192623  145.26303
61.057377  145.26064
60.922131  145.25831
60.786885  145.25604
60.651639  145.25382
60.516393  145.25166
60.381148  145.24955
60.245902  145.24749
60.110656  145.24548
59.97541  145.24352
59.840164  145.24161
59.704918  145.23975
59.569672  145.23793
59.434426  145.23616
59.29918  145.23443
59.163934  145.23275
59.028689  145.2311
58.893443  145.2295
58.758197  145.22794
58.622951  145.22642
58.487705  145.22494
58.352459  145.22349
58.217213  145.22208
58.081967  145.22071
57.946721  145.21938
57.811475  145.21807
57.67623  145.21681
57.540984  145.21557
57.405738  145.21437
57.270492  145.2132
57.135246  145.21207
57  145.21096

# Region:                       Au 4d
# Spectrum ID:                  8
# Acquisition Date:             07/23/26 17:54:20 UTC
# Analysis Method:              XPS
# Analyzer:                     PHOIBOS MCD5 Analyzer
# Analyzer Lens:                LargeArea:1.5kV
# Analyzer Slit:                5:7x20\B:open
# Scan Mode:                    FixedAnalyzerTransmission
# Curves/Scan:                  1
# Values/Curve:                 901
# Dwell Time:                   0.1
# Excitation Energy:            1486.61
# Binding Energy:               385
# Pass Energy:                  50
# Bias Voltage:                 90
# Detector Voltage:             3000
# Eff. Workfunction:            4.543
# Source:                       X-Ray Dummy
# Comment:                      
#
# Cycle: 0
# Number of Scans: 2
#
# Cycle: 0, Curve: 0
# Acquisition Date:             07/23/26 17:54:20 UTC
#
# ColumnLabels:                 energy counts/s
#
385  6615.2367
384.9  6618.4438
384.8  6255.2888
384.7  6559.7986
384.6  6242.9795
384.5  6188.4337
384.4  6411.0257
384.3  6296.3623
384.2  6433.9219
384.1  6352.5561
384  6551.5707
383.9  6437.7837
383.8  6169.1873
383.7  6390.7386
383.6  6242.8825
383.5  6010.7547
383.4  6278.218
383.3  6305.8797
383.2  6194.2057
383.1  6399.1109
383  6380.4024
382.9  6265.7948
382.8  6525.8291
382.7  6365.149
382.6  6638.3501
382.5  6463.361
382.4  6268.6525
382.3  6396.323
382.2  6443.0586
382.1  6344.7417
382  6503.3943
381.9  6737.7337
381.8  6675.8558
381.7  6279.0063
381.6  6387.4614
381.5  6554.5069
381.4  6661.6369
381.3  6398.4354
381.2  6596.8455
381.1  6624.2463
381  6704.3548
380.9  6505.4955
380.8  6544.4372
380.7  6396.9619
380.6  6250.1143
380.5  6408.4326
380.4  6445.4215
380.3  6613.1568
380.2  6347.062
380.1  6236.5372
380  6450.3442
379.9  6529.6863
379.8  6660.4454
379.7  6768.3628
379.6  6263.7088
379.5  6495.0352
379.4  6614.4834
379.3  6627.3438
379.2  6436.111
379.1  6706.5474
379  6552.9684
378.9  6470.1256
378.8  6316.4627
378.7  6574.2727
378.6  6759.4756
378.5  6410.9917
378.4  6535.5124
378.3  6439.4263
378.2  6529.6452
378.1  6477.0758
378  6285.0609
377.9  6285.1561
377.8  6459.8589
377.7  6744.5497
377.6  6454.6156
377.5  6889.8576
377.4  6540.7778
377.3  6617.7883
377.2  6448.8408
377.1  6332.0661
377  6387.8692
376.9  6587.4572
376.8  6661.6553
376.7  6478.7141
376.6  6540.5458
376.5  6547.8592
376.4  6363.2843
376.3  6363.3011
376.2  6270.0069
376.1  6391.899
376  6468.6714
375.9  6261.559
375.8  6374.3353
375.7  6559.313
375.6  6605.7397
375.5  6651.1578
375.4  6588.6571
375.3  6728.6199
375.2  6491.1745
375.1  6300.7649
375  6505.3569
374.9  6275.625
374.8  6460.3856
374.7  6454.5111
374.6  6462.1974
374.5  6757.4602
374.4  6508.1648
374.3  6542.7084
374.2  6273.6615
374.1  6482.5665
374  6564.2474
373.9  6510.3633
373.8  6720.9691
373.7  6331.2864
373.6  6412.2542
373.5  6809.8153
373.4  6576.5555
373.3  6290.8781
373.2  6596.675
373.1  6358.8934
373  6618.5952
372.9  6430.4916
372.8  6387.4661
372.7  6508.8278
372.6  6394.2534
372.5  6514.0167
372.4  6680.285
372.3  6391.738
372.2  6710.0516
372.1  6770.3468
372  6159.8462
371.9  6613.8056
371.8  6664.8409
371.7  6397.4875
371.6  6374.5933
371.5  6585.1314
371.4  6411.0517
371.3  6337.4629
371.2  6456.1616
371.1  6446.2004
371  6418.5326
370.9  6812.2633
370.8  6588.1749
370.7  6537.5868
370.6  6592.9804
370.5  6403.6053
370.4  6525.7285
370.3  6508.4169
370.2  6565.0673
370.1  6415.6686
370  6395.1466
369.9  6597.7316
369.8  6522.5385
369.7  6434.5019
369.6  6474.0677
369.5  6801.8767
369.4  6693.0548
369.3  6752.6923
369.2  6704.1846
369.1  6826.9874
369  6538.7316
368.9  6787.8266
368.8  6300.2817
368.7  6508.6387
368.6  6772.3086
368.5  6591.6454
368.4  6871.8437
368.3  6858.893
368.2  6539.1982
368.1  6633.8501
368  6610.6668
367.9  6471.1561
367.8  6455.2886
367.7  6600.8791
367.6  6673.151
367.5  6474.4332
367.4  6251.1371
367.3  6552.1606
367.2  6471.3645
367.1  6790.8062
367  6468.2635
366.9  6275.917
366.8  6141.5261
366.7  6829.7201
366.6  6461.744
366.5  6289.4193
366.4  6885.798
366.3  6354.5182
366.2  6320.8111
366.1  6567.9507
366  6503.0944
365.9  6726.8516
365.8  6716.5419
365.7  6627.0316
365.6  6763.2512
365.5  6628.482
365.4  6341.6659
365.3  6599.8746
365.2  6680.0106
365.1  6760.2191
365  6857.6706
364.9  6573.7298
364.8  6547.5305
364.7  6436.7914
364.6  6722.0875
364.5  6722.7091
364.4  6656.2633
364.3  6515.8002
364.2  6594.1746
364.1  6672.421
364  6497.2117
363.9  6432.9541
363.8  6754.5323
363.7  6658.0863
363.6  6676.2055
363.5  6221.7874
363.4  6632.4881
363.3  6667.1313
363.2  6598.1183
363.1  6870.8288
363  6639.821
362.9  6744.2665
362.8  6521.5567
362.7  6625.5739
362.6  6607.1055
362.5  6520.3551
362.4  6541.2941
362.3  6542.1813
362.2  6526.7966
362.1  6786.8821
362  6646.1617
361.9  6469.3536
361.8  6474.8428
361.7  6399.6396
361.6  6708.9826
361.5  6655.6049
361.4  6281.5172
361.3  6302.364
361.2  6618.5025
361.1  6560.3658
361  6806.3953
360.9  6723.8046
360.8  6447.556
360.7  6523.1129
360.6  6518.0716
360.5  6848.0864
360.4  6501.0327
360.3  6611.0101
360.2  6953.5913
360.1  6447.7013
360  6688.0716
359.9  6766.7597
359.8  6962.0082
359.7  6604.1566
359.6  6694.4638
359.5  6664.0804
359.4  6729.348
359.3  6825.353
359.2  7026.3961
359.1  7176.4371
359  6702.1638
358.9  7054.4989
358.8  6855.3451
358.7  7009.7036
358.6  6862.2482
358.5  6791.3918
358.4  6838.2843
358.3  6978.9137
358.2  6888.5671
358.1  6929.984
358  7252.5707
357.9  6775.0689
357.8  7105.5699
357.7  7106.385
357.6  6898.7385
357.5  6869.7759
357.4  6897.1552
357.3  7033.9083
357.2  6964.2264
357.1  6894.6138
357  7006.2606
356.9  7045.7652
356.8  6618.5596
356.7  7136.4338
356.6  7248.6736
356.5  6896.763
356.4  6811.1799
356.3  6722.0522
356.2  6819.2815
356.1  6882.3279
356  6918.8824
355.9  6947.0047
355.8  6787.3543
355.7  6777.7217
355.6  7227.5673
355.5  7152.5851
355.4  6904.1377
355.3  6955.4966
355.2  6828.6253
355.1  6920.1681
355  7170.9963
354.9  6761.6406
354.8  6795.4565
354.7  7035.3303
354.6  6902.1798
354.5  6917.3534
354.4  7025.1062
354.3  6763.093
354.2  6922.5629
354.1  6903.2612
354  6818.5216
353.9  6775.9802
353.8  6823.2092
353.7  6672.4296
353.6  7266.3101
353.5  6656.9986
353.4  7103.4998
353.3  7121.4467
353.2  7025.3442
353.1  6760.1521
353  6748.9502
352.9  6688.3062
352.8  6793.4223
352.7  6910.9432
352.6  6609.7113
352.5  7036.0073
352.4  7096.7819
352.3  6960.0392
352.2  7033.4206
352.1  6823.0737
352  6691.7487
351.9  6804.264
351.8  6611.3298
351.7  6659.7068
351.6  6900.6902
351.5  6697.018
351.4  6905.748
351.3  6623.7396
351.2  6755.6052
351.1  6967.7006
351  6897.0339
350.9  6767.0791
350.8  6612.6721
350.7  6639.5441
350.6  6759.9903
350.5  6657.8541
350.4  6577.2646
350.3  6568.3083
350.2  6505.9716
350.1  6693.2726
350  6694.5168
349.9  6624.1412
349.8  6614.8952
349.7  6572.348
349.6  6784.5794
349.5  6685.6133
349.4  6508.7435
349.3  6602.2924
349.2  6681.8907
349.1  6541.6956
349  6534.2918
348.9  6644.3663
348.8  6372.0707
348.7  6587.6125
348.6  6593.728
348.5  6570.8405
348.4  6508.3656
348.3  6515.8832
348.2  6631.2335
348.1  6598.6214
348  6486.3746
347.9  6617.1065
347.8  6550.5979
347.7  6454.4273
347.6  6406.0513
347.5  6537.0788
347.4  6633.7964
347.3  6440.5702
347.2  6284.5822
347.1  6811.7
347  6397.2366
346.9  6470.2472
346.8  6555.3896
346.7  6532.8644
346.6  6251.1849
346.5  6405.5404
346.4  6552.058
346.3  6506.9644
346.2  6456.4658
346.1  6525.0172
346  6542.8178
345.9  6611.8399
345.8  6446.8121
345.7  6329.5872
345.6  6368.8826
345.5  6386.7025
345.4  6255.3755
345.3  6441.8946
345.2  6414.9855
345.1  6329.4675
345  6465.7968
344.9  6553.2341
344.8  6602.3293
344.7  6440.5729
344.6  6509.7675
344.5  6542.9431
344.4  6379.8391
344.3  6834.3722
344.2  6643.3816
344.1  6635.0369
344  6261.0903
343.9  6681.2791
343.8  6681.6481
343.7  6715.9707
343.6  6604.1255
343.5  6732.8692
343.4  6630.3507
343.3  6703.4706
343.2  6467.9049
343.1  6406.7172
343  6622.9102
342.9  6615.2378
342.8  6442.6228
342.7  6721.1483
342.6  6800.2431
342.5  6791.5832
342.4  7039.377
342.3  6836.6529
342.2  6826.7564
342.1  6716.8173
342  6705.5011
341.9  6854.7276
341.8  6875.3133
341.7  6667.5376
341.6  6695.3096
341.5  6838.0882
341.4  6919.7125
341.3  6783.7043
341.2  7047.5827
341.1  6842.3207
341  6892.5578
340.9  6953.1023
340.8  6884.5347
340.7  7015.1432
340.6  6735.2126
340.5  7224.1545
340.4  6859.7111
340.3  6890.6612
340.2  6939.8857
340.1  6812.141
340  7113.8776
339.9  6962.0746
339.8  6835.5587
339.7  6947.738
339.6  6892.8939
339.5  7016.4036
339.4  7012.4003
339.3  6787.8684
339.2  6865.9465
339.1  7024.7195
339  7001.0868
338.9  6830.0782
338.8  7085.7464
338.7  7003.2198
338.6  6980.5964
338.5  6646.5974
338.4  6848.1614
338.3  6753.0263
338.2  6655.3837
338.1  6886.706
338  6961.1372
337.9  6793.5055
337.8  6603.8034
337.7  7001.9917
337.6  7120.1052
337.5  6780.9366
337.4  6811.6969
337.3  6682.5555
337.2  6601.0751
337.1  6968.4585
337  6676.5349
336.9  7054.8408
336.8  6955.0969
336.7  7208.9737
336.6  7017.9979
336.5  6724.239
336.4  6997.3127
336.3  7120.9779
336.2  7345.5709
336.1  7319.8867
336  6942.1242
335.9  7056.6499
335.8  6978.3657
335.7  6928.3594
335.6  6967.2977
335.5  6871.5728
335.4  6837.5538
335.3  6689.5286
335.2  6826.9644
335.1  6962.2102
335  6920.4886
334.9  6988.2354
334.8  6833.6893
334.7  6525.1497
334.6  6701.2527
334.5  6439.2342
334.4  6663.0483
334.3  6742.6314
334.2  6688.285
334.1  6477.6097
334  6503.6896
333.9  6441.1131
333.8  6767.4989
333.7  6680.5065
333.6  6730.8644
333.5  6386.9633
333.4  6477.0071
333.3  6581.8005
333.2  6675.0045
333.1  6330.2186
333  6647.8215
332.9  6523.9765
332.8  6154.6183
332.7  6402.0099
332.6  6375.6334
332.5  6321.0898
332.4  6403.3659
332.3  6357.7379
332.2  6280.2196
332.1  6163.6002
332  6113.7208
331.9  6302.1268
331.8  6174.8793
331.7  6220.543
331.6  6169.9217
331.5  6272.6698
331.4  6381.756
331.3  6395.051
331.2  6358.0321
331.1  6108.079
331  6147.5195
330.9  6150.2617
330.8  6091.1467
330.7  6047.6707
330.6  6415.4812
330.5  6302.2026
330.4  6268.2816
330.3  6233.9322
330.2  6230.4177
330.1  6319.1907
330  6322.5389
329.9  6093.1081
329.8  5682.526
329.7  5880.4322
329.6  6155.4947
329.5  6097.8142
329.4  6043.8566
329.3  6312.2377
329.2  6149.9595
329.1  6250.3721
329  6240.2477
328.9  6141.3653
328.8  6157.9068
328.7  5915.8146
328.6  5854.3669
328.5  5944.9636
328.4  6128.1745
328.3  6093.3279
328.2  6289.5543
328.1  6344.085
328  6006.9194
327.9  6301.1361
327.8  6005.2294
327.7  5997.2685
327.6  6313.884
327.5  5964.4842
327.4  5989.1025
327.3  6036.0133
327.2  6059.0913
327.1  6101.8361
327  6052.5726
326.9  5868.2746
326.8  6132.4917
326.7  6018.5054
326.6  6001.34
326.5  6102.6277
326.4  6289.5362
326.3  6157.3357
326.2  5742.0466
326.1  5804.224
326  5897.8503
325.9  6331.6355
325.8  6052.5654
325.7  6427.6768
325.6  6198.1339
325.5  6037.5813
325.4  5868.6572
325.3  5933.3987
325.2  5997.9962
325.1  6013.4746
325  5857.2255
324.9  6101.9791
324.8  6007.2658
324.7  5872.0464
324.6  6107.0139
324.5  6095.8553
324.4  5976.9227
324.3  6222.2629
324.2  5932.4887
324.1  6334.4831
324  6181.5406
323.9  5996.1812
323.8  6058.2825
323.7  6067.1606
323.6  6051.1705
323.5  5887.3251
323.4  6076.5731
323.3  5962.9864
323.2  5974.4329
323.1  5932.771
323  6126.0605
322.9  5896.9305
322.8  6022.7578
322.7  5825.9655
322.6  5834.013
322.5  5977.7188
322.4  6228.0499
322.3  6226.9899
322.2  6062.4742
322.1  5985.3852
322  5859.1145
321.9  5909.1283
321.8  5968.6023
321.7  6085.569
321.6  5973.7781
321.5  5874.9837
321.4  6255.3045
321.3  6176.3226
321.2  5830.3066
321.1  6006.2706
321  6024.8679
320.9  5829.5214
320.8  6035.0088
320.7  6033.3796
320.6  5692.376
320.5  5888.2238
320.4  5980.349
320.3  5837.4762
320.2  5871.6233
320.1  5837.3131
320  6171.7018
319.9  6117.4066
319.8  5784.1311
319.7  6166.877
319.6  5698.8123
319.5  6093.5656
319.4  6083.3123
319.3  5891.4175
319.2  5895.7845
319.1  5801.8607
319  5879.2373
318.9  6130.8139
318.8  6148.1347
318.7  6015.9513
318.6  5858.9274
318.5  6200.0339
318.4  5718.3125
318.3  5674.1691
318.2  5867.2582
318.1  6023.5446
318  6139.7355
317.9  5921.6662
317.8  5738.6901
317.7  6072.3362
317.6  5949.4435
317.5  5946.4381
317.4  6039.5284
317.3  6081.2594
317.2  6110.3865
317.1  6064.5466
317  5905.6662
316.9  5785.3504
316.8  6211.2185
316.7  5945.1052
316.6  5955.755
316.5  5992.0902
316.4  5753.342
316.3  5807.177
316.2  5818.2709
316.1  6174.1826
316  6184.9349
315.9  6048.8638
315.8  5975.6758
315.7  5824.9853
315.6  5830.9418
315.5  5889.3723
315.4  5963.9514
315.3  5957.9508
315.2  5862.2137
315.1  5838.7435
315  6192.5352
314.9  5943.9754
314.8  5995.9241
314.7  5758.3849
314.6  5667.2132
314.5  5738.6304
314.4  5977.57
314.3  6097.0938
314.2  5985.4869
314.1  5806.3551
314  5649.1714
313.9  5799.6719
313.8  6045.0572
313.7  6114.6283
313.6  5844.425
313.5  6063.2892
313.4  5830.1359
313.3  5798.8646
313.2  5695.027
313.1  5767.4353
313  5836.621
312.9  5896.0766
312.8  6003.4693
312.7  5993.7905
312.6  5901.2387
312.5  6215.306
312.4  5861.688
312.3  5972.5939
312.2  5840.5174
312.1  5692.6327
312  5873.6129
311.9  6074.6604
311.8  5894.2214
311.7  5738.7507
311.6  6076.6587
311.5  6169.8638
311.4  6024.2549
311.3  6071.035
311.2  6302.7391
311.1  5939.0223
311  6144.9996
310.9  6094.0036
310.8  6103.4525
310.7  5852.8185
310.6  5928.7152
310.5  6104.6693
310.4  5807.123
310.3  6052.9126
310.2  5846.7606
310.1  5867.4518
310  6066.8654
309.9  6162.1158
309.8  5869.5685
309.7  5786.434
309.6  5680.4369
309.5  5746.5597
309.4  6030.2008
309.3  5910.5964
309.2  5633.643
309.1  5847.6893
309  5782.0294
308.9  5847.2169
308.8  5966.4735
308.7  5775.1283
308.6  5754.8989
308.5  5788.309
308.4  5923.4474
308.3  5995.4551
308.2  5857.6497
308.1  5621.2469
308  5886.7546
307.9  5977.1838
307.8  5822.3556
307.7  5851.6548
307.6  5981.6886
307.5  6103.5105
307.4  5944.865
307.3  5926.1076
307.2  5834.4361
307.1  5640.5491
307  6091.9836
306.9  5721.0588
306.8  5726.7931
306.7  5588.1014
306.6  5901.2081
306.5  6081.964
306.4  5963.3201
306.3  5827.7475
306.2  5763.2096
306.1  5881.1516
306  6132.9471
305.9  6019.7343
305.8  5825.2647
305.7  5974.2038
305.6  5778.3852
305.5  5635.4238
305.4  5782.5669
305.3  5871.7698
305.2  5948.5621
305.1  5904.765
305  5792.4604
304.9  5991.9029
304.8  5958.2088
304.7  5816.3371
304.6  5729.2927
304.5  5943.4542
304.4  5744.3143
304.3  5642.6843
304.2  5621.281
304.1  5910.4081
304  5997.9305
303.9  5839.9834
303.8  5930.7972
303.7  5917.2797
303.6  5796.7849
303.5  5792.5668
303.4  5951.8649
303.3  6074.8209
303.2  5964.7089
303.1  5890.3502
303  6053.1474
302.9  5749.9988
302.8  5736.0345
302.7  5712.6545
302.6  5784.5413
302.5  5922.4859
302.4  5807.7208
302.3  5978.5076
302.2  5788.6587
302.1  5686.806
302  5724.6848
301.9  5917.7591
301.8  5862.1506
301.7  6020.6082
301.6  5819.3781
301.5  5784.0875
301.4  5895.0363
301.3  6063.5779
301.2  6054.7984
301.1  5694.0793
301  5967.5189
300.9  6062.8702
300.8  5845.3861
300.7  5602.5518
300.6  5837.6253
300.5  5894.3554
300.4  6078.6186
300.3  5712.6488
300.2  6000.8777
300.1  5969.2307
300  5945.0214
299.9  5916.0875
299.8  5914.6773
299.7  5699.344
299.6  5912.1798
299.5  5933.3676
299.4  5870.3385
299.3  5699.085
299.2  5737.4802
299.1  5621.7301
299  5812.1002
298.9  5927.7511
298.8  5816.6698
298.7  6093.7811
298.6  6096.1877
298.5  5754.5541
298.4  5806.9597
298.3  5994.6579
298.2  5731.0394
298.1  6035.2594
298  5557.7752
297.9  5688.1299
297.8  5645.1851
297.7  5637.5285
297.6  5879.125
297.5  5900.1455
297.4  5839.0302
297.3  5784.005
297.2  5703.3331
297.1  5600.3356
297  5944.426
296.9  5955.6173
296.8  6008.2275
296.7  5839.8713
296.6  5986.3774
296.5  6043.7256
296.4  5865.3471
296.3  5811.7569
296.2  6091.7234
296.1  5743.1498
296  5714.6523
295.9  5531.0221
295.8  5678.1097
295.7  5728.5319
295.6  5719.1894
295.5  5773.873
295.4  5927.7278
295.3  5719.1513
295.2  5665.0731
295.1  5907.3156
295  5632.304

# Region:                       Au 4d
# Spectrum ID:                  9
# Acquisition Date:             07/23/26 18:09:26 UTC
# Analysis Method:              XPS
# Analyzer:                     PHOIBOS MCD5 Analyzer
# Analyzer Lens:                LargeArea:1.5kV
# Analyzer Slit:                5:7x20\B:open
# Scan Mode:                    FixedAnalyzerTransmission
# Curves/Scan:                  1
# Values/Curve:                 901
# Dwell Time:                   0.1
# Excitation Energy:            1486.61
# Binding Energy:               385
# Pass Energy:                  10
# Bias Voltage:                 90
# Detector Voltage:             3000
# Eff. Workfunction:            4.543
# Source:                       X-Ray Dummy
# Comment:                      
#
# Cycle: 0
# Number of Scans: 20
#
# Cycle: 0, Curve: 0
# Acquisition Date:             07/23/26 18:09:26 UTC
#
# ColumnLabels:                 energy counts/s
#
385  329.9245
384.9  357.87653
384.8  356.38598
384.7  371.5235
384.6  376.84799
384.5  362.88129
384.4  357.44203
384.3  330.3649
384.2  320.14226
384.1  340.84535
384  345.88032
383.9  373.22591
383.8  345.95622
383.7  353.79685
383.6  330.0223
383.5  333.72431
383.4  350.4162
383.3  344.89384
383.2  340.25148
383.1  356.19376
383  348.401
382.9  351.96901
382.8  354.50832
382.7  337.75339
382.6  332.81126
382.5  358.22559
382.4  349.49779
382.3  314.78409
382.2  341.39763
382.1  357.04672
382  337.77723
381.9  348.7535
381.8  348.24826
381.7  353.80996
381.6  350.92368
381.5  352.09744
381.4  354.44882
381.3  360.95352
381.2  340.64696
381.1  344.04385
381  350.65975
380.9  345.20743
380.8  333.62084
380.7  348.34505
380.6  323.33938
380.5  351.78791
380.4  353.29002
380.3  335.44939
380.2  344.62995
380.1  347.90577
380  361.39061
379.9  341.41104
379.8  328.53333
379.7  348.13831
379.6  355.33711
379.5  340.46736
379.4  352.65746
379.3  346.74355
379.2  363.08395
379.1  344.94892
379  353.92169
378.9  351.98533
378.8  342.0387
378.7  354.47793
378.6  337.95614
378.5  325.46688
378.4  349.84157
378.3  350.62648
378.2  344.67294
378.1  350.50685
378  356.62648
377.9  342.44731
377.8  336.64738
377.7  351.21165
377.6  364.17398
377.5  348.68134
377.4  346.57598
377.3  366.59725
377.2  359.94213
377.1  335.01658
377  348.06436
376.9  353.20126
376.8  342.92325
376.7  355.52533
376.6  345.52431
376.5  365.79802
376.4  347.0461
376.3  354.09314
376.2  361.36107
376.1  351.78429
376  343.50393
375.9  337.88723
375.8  343.9038
375.7  339.48278
375.6  329.1555
375.5  349.12325
375.4  351.98159
375.3  349.34963
375.2  334.41599
375.1  350.3418
375  356.89088
374.9  346.76255
374.8  339.49151
374.7  334.74164
374.6  351.56292
374.5  343.36355
374.4  331.26166
374.3  339.8059
374.2  340.41712
374.1  333.58401
374  350.94194
373.9  340.13618
373.8  352.13793
373.7  344.03438
373.6  339.0296
373.5  314.95185
373.4  338.89806
373.3  356.90806
373.2  345.96816
373.1  347.47091
373  344.26132
372.9  352.53989
372.8  357.59085
372.7  342.18515
372.6  368.41212
372.5  345.88995
372.4  339.83426
372.3  327.06269
372.2  338.38349
372.1  328.8073
372  356.88194
371.9  350.30981
371.8  362.03071
371.7  348.26426
371.6  347.05954
371.5  331.75204
371.4  348.88773
371.3  340.13217
371.2  335.57537
371.1  380.64279
371  351.31052
370.9  348.81163
370.8  349.5418
370.7  331.12793
370.6  354.72821
370.5  336.06108
370.4  359.64649
370.3  350.00382
370.2  329.80106
370.1  330.94041
370  368.90654
369.9  366.70706
369.8  343.95031
369.7  360.65268
369.6  363.73319
369.5  357.91262
369.4  372.47385
369.3  349.73759
369.2  338.43905
369.1  347.64619
369  334.08713
368.9  357.93177
368.8  340.72682
368.7  347.42342
368.6  346.46198
368.5  353.14281
368.4  357.03836
368.3  358.52808
368.2  337.65728
368.1  341.0071
368  338.15514
367.9  320.17791
367.8  330.2869
367.7  345.56513
367.6  356.08673
367.5  334.15659
367.4  356.24129
367.3  369.75093
367.2  349.47625
367.1  341.31552
367  340.3215
366.9  347.51814
366.8  351.57809
366.7  358.72624
366.6  350.17314
366.5  353.34828
366.4  344.16615
366.3  349.14814
366.2  335.60089
366.1  330.95712
366  356.39265
365.9  357.87075
365.8  341.29389
365.7  338.65266
365.6  356.02246
365.5  356.72046
365.4  353.2227
365.3  334.79365
365.2  351.19711
365.1  353.52396
365  345.16785
364.9  351.09184
364.8  348.21035
364.7  336.1076
364.6  345.74858
364.5  356.75999
364.4  344.53682
364.3  334.90422
364.2  325.33413
364.1  347.87589
364  345.49483
363.9  339.85632
363.8  333.34019
363.7  354.08237
363.6  334.26262
363.5  347.64944
363.4  339.55307
363.3  324.71965
363.2  338.82214
363.1  353.08541
363  332.98603
362.9  330.54757
362.8  366.75853
362.7  352.22641
362.6  332.70684
362.5  343.79612
362.4  352.99623
362.3  366.77534
362.2  334.59531
362.1  351.07105
362  352.30507
361.9  349.4819
361.8  333.46872
361.7  369.86723
361.6  352.16131
361.5  321.66546
361.4  340.86064
361.3  332.7629
361.2  361.72967
361.1  343.74095
361  360.94789
360.9  346.49847
360.8  341.23034
360.7  344.68024
360.6  344.58446
360.5  365.34177
360.4  369.69374
360.3  344.78704
360.2  347.07997
360.1  348.98206
360  351.12987
359.9  354.12589
359.8  340.90915
359.7  342.29807
359.6  357.8004
359.5  339.17736
359.4  353.75498
359.3  352.19747
359.2  365.40584
359.1  358.07672
359  350.84135
358.9  354.30013
358.8  348.68053
358.7  362.90176
358.6  368.46341
358.5  322.94753
358.4  338.46878
358.3  342.50729
358.2  341.44479
358.1  357.43943
358  339.21653
357.9  363.4072
357.8  356.50784
357.7  365.14647
357.6  342.7384
357.5  319.8348
357.4  364.26254
357.3  372.22313
357.2  352.4235
357.1  360.74252
357  354.02919
356.9  352.64103
356.8  365.54871
356.7  346.58569
356.6  349.09612
356.5  359.64398
356.4  356.7967
356.3  348.59613
356.2  362.01654
356.1  374.15118
356  373.003
355.9  344.25521
355.8  354.4997
355.7  344.61967
355.6  361.65524
355.5  373.71294
355.4  358.15813
355.3  374.28747
355.2  360.93008
355.1  360.45863
355  353.40971
354.9  348.92389
354.8  355.54679
354.7  342.06421
354.6  345.53331
354.5  355.58836
354.4  358.35978
354.3  364.58607
354.2  345.49227
354.1  324.63796
354  344.17803
353.9  340.59025
353.8  339.66569
353.7  342.28381
353.6  327.38186
353.5  348.76139
353.4  325.59731
353.3  316.64365
353.2  328.5499
353.1  362.89365
353  362.94501
352.9  346.02502
352.8  351.17804
352.7  345.46471
352.6  339.00958
352.5  337.87896
352.4  345.66452
352.3  336.42207
352.2  339.74934
352.1  350.97903
352  339.1668
351.9  338.88537
351.8  344.22556
351.7  351.37146
351.6  360.51202
351.5  343.4649
351.4  338.00384
351.3  331.07971
351.2  324.69603
351.1  338.52089
351  321.21418
350.9  334.2951
350.8  348.96089
350.7  335.04603
350.6  341.56913
350.5  329.77584
350.4  356.19115
350.3  342.88995
350.2  329.27923
350.1  339.04749
350  330.73559
349.9  313.10159
349.8  346.56438
349.7  336.29386
349.6  361.36228
349.5  350.62695
349.4  348.78269
349.3  356.42356
349.2  329.96427
349.1  335.3126
349  330.38021
348.9  356.71244
348.8  340.58888
348.7  336.52028
348.6  330.24008
348.5  353.6385
348.4  351.88619
348.3  326.16785
348.2  325.0109
348.1  335.48436
348  361.64441
347.9  341.65427
347.8  375.90933
347.7  340.32202
347.6  355.95235
347.5  367.07679
347.4  359.93397
347.3  336.91271
347.2  345.10596
347.1  343.97661
347  349.95573
346.9  331.76135
346.8  325.78827
346.7  329.92373
346.6  340.81912
346.5  363.06257
346.4  352.64156
346.3  312.65812
346.2  346.72992
346.1  341.92753
346  342.87153
345.9  336.96558
345.8  335.57869
345.7  327.3013
345.6  352.09771
345.5  334.08093
345.4  315.76415
345.3  350.03425
345.2  348.14789
345.1  352.98225
345  349.62759
344.9  335.79716
344.8  335.83912
344.7  344.04744
344.6  356.3869
344.5  368.59507
344.4  341.05136
344.3  347.56932
344.2  341.46743
344.1  343.52043
344  348.45561
343.9  374.65482
343.8  351.51431
343.7  338.08474
343.6  333.9119
343.5  337.39565
343.4  337.07619
343.3  347.61187
343.2  329.77925
343.1  343.96801
343  346.66503
342.9  353.44448
342.8  339.26164
342.7  351.11395
342.6  370.30314
342.5  356.90073
342.4  344.05052
342.3  347.96263
342.2  348.11717
342.1  338.45588
342  328.08278
341.9  349.01485
341.8  355.27156
341.7  369.17583
341.6  348.11252
341.5  341.28925
341.4  358.60048
341.3  359.05055
341.2  336.38362
341.1  343.97406
341  357.41436
340.9  344.19772
340.8  353.00459
340.7  334.11637
340.6  351.05879
340.5  364.91905
340.4  347.32912
340.3  345.94096
340.2  346.2043
340.1  345.20362
340  359.82425
339.9  357.70348
339.8  363.58645
339.7  356.50302
339.6  346.61268
339.5  343.94168
339.4  377.17981
339.3  351.51185
339.2  354.18837
339.1  343.97127
339  342.53403
338.9  343.46831
338.8  346.56525
338.7  356.61329
338.6  340.94213
338.5  367.33776
338.4  357.3271
338.3  353.17627
338.2  356.37145
338.1  334.66271
338  362.05366
337.9  329.4848
337.8  334.75311
337.7  356.71827
337.6  352.03917
337.5  327.60107
337.4  356.90955
337.3  344.10415
337.2  362.37439
337.1  360.65316
337  335.84202
336.9  314.99896
336.8  322.2136
336.7  339.26775
336.6  361.20328
336.5  344.24267
336.4  341.99459
336.3  334.08139
336.2  317.51033
336.1  343.56535
336  347.4536
335.9  347.82409
335.8  341.62652
335.7  337.03971
335.6  346.25728
335.5  356.50937
335.4  355.81207
335.3  343.499
335.2  333.32914
335.1  340.93548
335  341.14905
334.9  338.98554
334.8  346.93747
334.7  338.57983
334.6  329.27527
334.5  334.12247
334.4  322.36146
334.3  336.99563
334.2  333.38523
334.1  337.40227
334  343.70773
333.9  353.10092
333.8  335.92905
333.7  341.69657
333.6  350.86411
333.5  321.2655
333.4  333.39892
333.3  339.54984
333.2  329.16903
333.1  322.71711
333  346.74608
332.9  325.91973
332.8  327.07204
332.7  316.1645
332.6  329.0174
332.5  350.5358
332.4  316.07339
332.3  334.95677
332.2  337.13271
332.1  335.65955
332  327.61963
331.9  334.90841
331.8  329.84555
331.7  327.57907
331.6  295.94334
331.5  302.99581
331.4  336.23695
331.3  337.31384
331.2  334.27399
331.1  330.10238
331  336.68949
330.9  312.80087
330.8  317.28196
330.7  346.99986
330.6  329.38978
330.5  338.60531
330.4  323.72653
330.3  314.07317
330.2  314.6295
330.1  316.6932
330  313.91302
329.9  328.09388
329.8  319.18943
329.7  334.43989
329.6  330.34138
329.5  347.86363
329.4  318.67314
329.3  323.70343
329.2  345.0668
329.1  342.20531
329  335.57741
328.9  325.38659
328.8  327.57719
328.7  324.65173
328.6  322.74068
328.5  327.03414
328.4  320.37511
328.3  354.55772
328.2  347.14389
328.1  327.07818
328  339.89476
327.9  350.05662
327.8  324.8872
327.7  342.33714
327.6  324.90622
327.5  328.16186
327.4  314.33715
327.3  323.66826
327.2  356.86375
327.1  323.39645
327  325.76278
326.9  315.58262
326.8  337.85046
326.7  323.98269
326.6  329.90392
326.5  314.32385
326.4  319.94614
326.3  323.50534
326.2  339.69158
326.1  328.33032
326  340.96195
325.9  330.88443
325.8  336.61495
325.7  338.3126
325.6  322.20434
325.5  327.50899
325.4  317.62186
325.3  348.51918
325.2  315.86296
325.1  332.13444
325  329.4185
324.9  305.18039
324.8  312.78104
324.7  353.15434
324.6  331.95436
324.5  328.82446
324.4  314.84988
324.3  319.45978
324.2  344.84098
324.1  332.31023
324  315.75486
323.9  304.81035
323.8  318.16574
323.7  327.76853
323.6  309.20447
323.5  300.53676
323.4  315.98505
323.3  309.72286
323.2  321.74976
323.1  322.77647
323  330.87444
322.9  333.67345
322.8  331.21698
322.7  310.63189
322.6  326.5764
322.5  327.33905
322.4  328.15353
322.3  308.73101
322.2  312.50855
322.1  329.14162
322  322.45509
321.9  335.80295
321.8  338.58066
321.7  326.99419
321.6  339.48968
321.5  328.01035
321.4  329.06976
321.3  310.91681
321.2  323.64657
321.1  320.47918
321  322.98491
320.9  308.20654
320.8  336.87514
320.7  332.53323
320.6  336.40789
320.5  326.79562
320.4  327.28127
320.3  323.40476
320.2  320.7568
320.1  335.52276
320  346.34146
319.9  325.29741
319.8  335.18126
319.7  339.61982
319.6  336.15309
319.5  339.0248
319.4  325.43571
319.3  324.42321
319.2  323.5029
319.1  336.30335
319  351.39169
318.9  335.15751
318.8  307.00609
318.7  333.87854
318.6  328.39037
318.5  327.77526
318.4  307.80054
318.3  323.1801
318.2  330.817
318.1  306.50122
318  315.50256
317.9  332.04933
317.8  317.90295
317.7  329.09253
317.6  311.57783
317.5  310.6826
317.4  325.63847
317.3  322.18319
317.2  302.05882
317.1  310.23895
317  316.98962
316.9  328.09395
316.8  326.55247
316.7  323.55183
316.6  307.64006
316.5  310.57351
316.4  328.26706
316.3  308.42874
316.2  307.70779
316.1  316.94112
316  336.6722
315.9  308.79016
315.8  322.2043
315.7  330.44303
315.6  343.63945
315.5  344.6936
315.4  323.11232
315.3  321.3874
315.2  315.53499
315.1  326.34254
315  320.9709
314.9  328.22909
314.8  331.21818
314.7  302.38931
314.6  321.71237
314.5  344.43605
314.4  307.43038
314.3  309.2036
314.2  316.45973
314.1  330.1197
314  328.34375
313.9  313.6977
313.8  329.00071
313.7  331.50848
313.6  304.23038
313.5  332.11455
313.4  320.07725
313.3  323.6305
313.2  318.66913
313.1  326.64253
313  318.94472
312.9  313.76977
312.8  338.19127
312.7  341.86213
312.6  321.35573
312.5  331.57641
312.4  338.49971
312.3  333.03426
312.2  318.0572
312.1  331.787
312  321.17933
311.9  323.92344
311.8  321.66772
311.7  311.4757
311.6  319.98185
311.5  310.31509
311.4  314.76441
311.3  309.19308
311.2  321.75479
311.1  316.28818
311  341.22785
310.9  313.20419
310.8  308.72015
310.7  328.2357
310.6  321.81897
310.5  322.47776
310.4  327.69865
310.3  329.85223
310.2  331.26837
310.1  347.08829
310  336.24244
309.9  323.22416
309.8  318.25107
309.7  333.13801
309.6  302.73654
309.5  316.69393
309.4  325.55685
309.3  310.1957
309.2  309.56844
309.1  307.19548
309  341.72124
308.9  317.53164
308.8  336.75959
308.7  319.77156
308.6  319.33001
308.5  310.78298
308.4  316.28775
308.3  317.16443
308.2  321.26641
308.1  324.39248
308  328.90993
307.9  316.64313
307.8  313.9529
307.7  318.96105
307.6  315.83609
307.5  326.64019
307.4  330.99981
307.3  327.03052
307.2  320.20423
307.1  310.86733
307  331.22616
306.9  326.42319
306.8  326.89725
306.7  319.82444
306.6  330.57296
306.5  333.7323
306.4  334.62252
306.3  316.01191
306.2  329.32115
306.1  333.82017
306  320.99758
305.9  318.81118
305.8  312.59515
305.7  327.38127
305.6  307.5709
305.5  323.45044
305.4  316.32765
305.3  323.0213
305.2  323.16564
305.1  340.47042
305  317.87199
304.9  318.19682
304.8  308.2325
304.7  308.36548
304.6  319.34688
304.5  340.44679
304.4  321.25045
304.3  317.52674
304.2  332.81287
304.1  327.54187
304  330.4923
303.9  343.69003
303.8  324.37109
303.7  314.46073
303.6  325.39693
303.5  313.75054
303.4  326.85298
303.3  342.46891
303.2  319.09468
303.1  321.02965
303  330.42399
302.9  321.34525
302.8  317.35551
302.7  319.82606
302.6  346.82949
302.5  308.01277
302.4  314.3615
302.3  312.55273
302.2  318.18078
302.1  321.3033
302  313.33551
301.9  316.76704
301.8  314.48685
301.7  325.98388
301.6  323.44341
301.5  305.2479
301.4  317.41738
301.3  308.08882
301.2  314.07154
301.1  311.46818
301  316.94655
300.9  333.4224
300.8  324.74858
300.7  313.02235
300.6  307.68679
300.5  314.50333
300.4  318.65002
300.3  329.58068
300.2  312.48039
300.1  325.06777
300  312.95194
299.9  322.85706
299.8  330.20352
299.7  307.94442
299.6  329.04273
299.5  301.90417
299.4  291.03654
299.3  328.91643
299.2  316.94413
299.1  332.06227
299  305.06895
298.9  309.43905
298.8  316.27008
298.7  320.26145
298.6  312.13872
298.5  316.84516
298.4  318.05296
298.3  326.18684
298.2  302.24897
298.1  311.33521
298  319.1767
297.9  322.69066
297.8  319.57946
297.7  307.93522
297.6  310.68212
297.5  295.32941
297.4  316.41707
297.3  316.21291
297.2  303.94511
297.1  312.49275
297  313.92639
296.9  323.86464
296.8  325.36127
296.7  309.40163
296.6  309.65859
296.5  322.47584
296.4  299.28274
296.3  321.02733
296.2  296.34646
296.1  332.37864
296  316.16508
295.9  312.67198
295.8  301.97282
295.7  312.87372
295.6  334.15004
295.5  320.03394
295.4  337.31612
295.3  328.25012
295.2  307.33479
295.1  320.66993
295  341.99156

# Group:                        Spectrum Group
#
