# Created by:        SpecsLab Prodigy, Version 4.79.1-r98952 
#
# XY-Serializer Export Settings:
#   Comment Prefix:           #
#   Output Meta Data:         yes
#   Energy Axis:              Binding Energy
#   Count Rate:               Counts per Second
#   Separate Scan Data:       no
#   Separate Channel Data:    no
#   External Channel Data:    yes
#   Transmission Function:    no
#   Error Bar:                no
#   Operation Results:        yes
#   Time Zone Format:         UTC
#
# Group:                        Spectrum Group
#
# Region:                       Overall
# Spectrum ID:                  1
# Acquisition Date:             07/22/26 17:49:35 UTC
# Analysis Method:              XPS
# Analyzer:                     PHOIBOS MCD5 Analyzer
# Analyzer Lens:                LargeArea:1.5kV
# Analyzer Slit:                5:7x20\B:open
# Scan Mode:                    FixedAnalyzerTransmission
# Curves/Scan:                  1
# Values/Curve:                 1002
# Dwell Time:                   0.125
# Excitation Energy:            1486.61
# Binding Energy:               1000
# Pass Energy:                  50
# Bias Voltage:                 90
# Detector Voltage:             3000
# Eff. Workfunction:            4.543
# Source:                       X-Ray Dummy
# Comment:                      x = 246.5
#                               y = 10.7
#                               z = 7.15
#                               theta = 200
#
# Cycle: 0
# Number of Scans: 4
#
# Cycle: 0, Curve: 0
# Acquisition Date:             07/22/26 17:49:35 UTC
#
# ColumnLabels:                 energy counts/s
#
1000  13928.572
999.001  13892.023
998.002  13580.884
997.003  13263.967
996.004  13054.682
995.005  12957.38
994.00599  12760.035
993.00699  12650.716
992.00799  12602.821
991.00899  12831.928
990.00999  13083.748
989.01099  13429.869
988.01199  14182.197
987.01299  15309.536
986.01399  16637.569
985.01499  17648.591
984.01598  18278.994
983.01698  18227.347
982.01798  17532.557
981.01898  16365.444
980.01998  15441.587
979.02098  14665.709
978.02198  13831.753
977.02298  13234.493
976.02398  12934.889
975.02498  12293.681
974.02597  11777.37
973.02697  11119.205
972.02797  10606.067
971.02897  10070.307
970.02997  9776.5189
969.03097  9566.5708
968.03197  9373.5401
967.03297  9258.282
966.03397  9276.8131
965.03497  9169.7991
964.03596  9068.134
963.03696  9035.8922
962.03796  9224.7665
961.03896  9326.6492
960.03996  9431.0427
959.04096  9356.5016
958.04196  9283.0646
957.04296  9206.0695
956.04396  9056.2543
955.04496  9222.4776
954.04595  9228.3435
953.04695  9247.7657
952.04795  9272.4967
951.04895  9059.9711
950.04995  8988.2669
949.05095  9082.0449
948.05195  9029.256
947.05295  8917.7575
946.05395  8999.9449
945.05495  9223.8336
944.05594  9214.0511
943.05694  9290.9724
942.05794  9424.5759
941.05894  9168.4307
940.05994  9028.1573
939.06094  9170.5554
938.06194  9269.2516
937.06294  9383.3155
936.06394  9366.2158
935.06494  9317.9466
934.06593  9292.5157
933.06693  9183.3097
932.06793  9203.7305
931.06893  9235.441
930.06993  9193.9864
929.07093  9129.7296
928.07193  9030.5571
927.07293  9127.6229
926.07393  9363.9185
925.07493  9468.2075
924.07592  9430.2623
923.07692  9364.5001
922.07792  9291.288
921.07892  9235.9281
920.07992  9216.0683
919.08092  9169.1256
918.08192  9256.808
917.08292  9170.8785
916.08392  9116.524
915.08492  9196.1595
914.08591  9290.7104
913.08691  9349.7897
912.08791  9175.9444
911.08891  9207.4604
910.08991  9363.4551
909.09091  9271.8013
908.09191  9349.381
907.09291  9402.9829
906.09391  9252.5987
905.09491  9284.2369
904.0959  9267.3958
903.0969  9198.2344
902.0979  9179.2105
901.0989  9164.8758
900.0999  9315.3207
899.1009  9296.2165
898.1019  9334.3947
897.1029  9322.7834
896.1039  9311.767
895.1049  9467.9246
894.10589  9470.1169
893.10689  9274.6488
892.10789  9351.0158
891.10889  9419.2405
890.10989  9416.0954
889.11089  9217.5659
888.11189  9163.2226
887.11289  9088.1276
886.11389  9387.0367
885.11489  9456.1334
884.11588  9286.8441
883.11688  9314.5405
882.11788  9360.7307
881.11888  9305.6832
880.11988  9336.4286
879.12088  9311.5334
878.12188  9305.4363
877.12288  9232.3808
876.12388  9276.1491
875.12488  9294.5326
874.12587  9252.4025
873.12687  9392.6422
872.12787  9288.555
871.12887  9267.2094
870.12987  9181.9309
869.13087  9296.3886
868.13187  9451.907
867.13287  9371.3329
866.13387  9211.4885
865.13487  9180.5559
864.13586  9341.1688
863.13686  9383.1678
862.13786  9329.4711
861.13886  9539.1939
860.13986  9542.0445
859.14086  9346.5381
858.14186  9246.6313
857.14286  9472.3213
856.14386  9580.9202
855.14486  9402.3194
854.14585  9430.9306
853.14685  9504.7171
852.14785  9563.5109
851.14885  9463.6194
850.14985  9504.796
849.15085  9441.8381
848.15185  9404.9971
847.15285  9557.8775
846.15385  9646.4517
845.15485  9605.661
844.15584  9356.326
843.15684  9362.2596
842.15784  9445.3509
841.15884  9489.595
840.15984  9490.415
839.16084  9376.2721
838.16184  9339.5928
837.16284  9413.6813
836.16384  9444.8398
835.16484  9428.9489
834.16583  9436.5649
833.16683  9334.2321
832.16783  9184.5279
831.16883  9180.2888
830.16983  9254.0149
829.17083  9381.4111
828.17183  9468.6152
827.17283  9396.5201
826.17383  9318.6033
825.17483  9240.0213
824.17582  9146.1047
823.17682  9133.4957
822.17782  9133.6563
821.17882  9132.2971
820.17982  9099.0818
819.18082  9216.56
818.18182  9100.0984
817.18282  9091.1428
816.18382  9157.5626
815.18482  9200.7628
814.18581  9257.4673
813.18681  9241.1165
812.18781  9263.8847
811.18881  9429.007
810.18981  9433.6735
809.19081  9365.8559
808.19181  9386.3708
807.19281  9452.5016
806.19381  9512.2298
805.19481  9474.1825
804.1958  9485.0935
803.1968  9461.3968
802.1978  9387.7451
801.1988  9583.0839
800.1998  9590.5923
799.2008  9424.2484
798.2018  9497.5019
797.2028  9338.6439
796.2038  9253.7652
795.2048  9314.6795
794.20579  9294.2894
793.20679  9380.8394
792.20779  9346.7113
791.20879  9498.4556
790.20979  9881.6549
789.21079  9835.425
788.21179  9832.8206
787.21279  9876.8772
786.21379  9787.2579
785.21479  9722.8521
784.21578  9677.649
783.21678  9509.1115
782.21778  9339.584
781.21878  9217.8411
780.21978  9365.7234
779.22078  9452.0614
778.22178  9256.8721
777.22278  9070.9289
776.22378  9131.7459
775.22478  9011.7671
774.22577  9020.5025
773.22677  9112.7512
772.22777  9063.2715
771.22877  9070.2746
770.22977  9045.412
769.23077  9193.0963
768.23177  9289.8708
767.23277  9202.3926
766.23377  9103.2267
765.23477  8892.5035
764.23576  8972.3438
763.23676  9054.4789
762.23776  8890.9467
761.23876  8764.3381
760.23976  8739.5815
759.24076  8788.4734
758.24176  8779.262
757.24276  8756.7251
756.24376  8799.4262
755.24476  8666.4239
754.24575  8447.8108
753.24675  8456.5147
752.24775  8480.2742
751.24875  8467.1456
750.24975  8567.1625
749.25075  8627.5407
748.25175  9075.7523
747.25275  9956.7736
746.25375  10672.076
745.25475  11012.125
744.25574  10656.035
743.25674  9820.8874
742.25774  9197.1099
741.25874  8690.9912
740.25974  8629.1447
739.26074  8601.9599
738.26174  8432.1315
737.26274  8475.4595
736.26374  8483.9422
735.26474  8457.292
734.26573  8589.265
733.26673  8506.6702
732.26773  8553.7497
731.26873  8655.616
730.26973  8426.3506
729.27073  8472.1913
728.27173  8606.2912
727.27273  8542.8505
726.27373  8411.2445
725.27473  8520.2173
724.27572  8641.5899
723.27672  8611.5416
722.27772  8495.0966
721.27872  8565.4439
720.27972  8619.9431
719.28072  8580.4831
718.28172  8570.5307
717.28272  8591.4024
716.28372  8373.7416
715.28472  8440.2419
714.28571  8437.0908
713.28671  8274.1991
712.28771  8359.1439
711.28871  8268.3146
710.28971  8365.373
709.29071  8350.501
708.29171  8373.9867
707.29271  8501.6301
706.29371  8575.3085
705.29471  8581.8618
704.2957  8440.228
703.2967  8339.8951
702.2977  8221.5308
701.2987  8366.4454
700.2997  8472.5252
699.3007  8376.5262
698.3017  8366.3005
697.3027  8329.6937
696.3037  8262.4187
695.3047  8191.0937
694.30569  8180.6602
693.30669  8292.7816
692.30769  8354.5644
691.30869  8208.5357
690.30969  8356.0126
689.31069  8459.3481
688.31169  8341.8349
687.31269  8223.2073
686.31369  8331.0647
685.31469  8268.0897
684.31568  8202.0405
683.31668  8121.0555
682.31768  8037.8572
681.31868  8156.6356
680.31968  8271.4016
679.32068  8236.8471
678.32168  8278.9056
677.32268  8336.2928
676.32368  8352.2727
675.32468  8277.5604
674.32567  8257.4929
673.32667  8449.9018
672.32767  8481.3298
671.32867  8421.5001
670.32967  8413.2562
669.33067  8318.2587
668.33167  8272.859
667.33267  8295.9145
666.33367  8469.6378
665.33467  8408.5211
664.33566  8335.3805
663.33666  8404.2446
662.33766  8444.1442
661.33866  8293.9364
660.33966  8309.3904
659.34066  8341.9693
658.34166  8321.8728
657.34266  8304.856
656.34366  8265.2652
655.34466  8453.734
654.34565  8485.0038
653.34665  8296.7747
652.34765  8238.4396
651.34865  8301.387
650.34965  8297.1128
649.35065  8241.6301
648.35165  8350.0179
647.35265  8399.4665
646.35365  8505.0571
645.35465  8343.1032
644.35564  8270.1896
643.35664  8284.2247
642.35764  8457.3538
641.35864  8402.9664
640.35964  8308.3908
639.36064  8291.6837
638.36164  8238.775
637.36264  8362.384
636.36364  8387.7164
635.36464  8369.9288
634.36563  8361.6658
633.36663  8355.908
632.36763  8303.9637
631.36863  8485.273
630.36963  8590.6113
629.37063  8376.327
628.37163  8357.5578
627.37263  8530.9931
626.37363  8602.8571
625.37463  8480.5698
624.37562  8447.9213
623.37662  8461.4434
622.37762  8496.5117
621.37862  8516.3326
620.37962  8480.2602
619.38062  8385.5169
618.38162  8322.1824
617.38262  8495.4558
616.38362  8534.722
615.38462  8657.1039
614.38561  8827.9916
613.38661  8549.8143
612.38761  8482.4895
611.38861  8494.9925
610.38961  8465.7417
609.39061  8485.2168
608.39161  8481.5175
607.39261  8448.1035
606.39361  8383.4452
605.39461  8192.9912
604.3956  8304.1208
603.3966  8651.8377
602.3976  8572.706
601.3986  8546.0684
600.3996  8548.8337
599.4006  8508.427
598.4016  8511.1845
597.4026  8339.452
596.4036  8452.4319
595.4046  8695.9362
594.40559  8545.1799
593.40659  8499.9279
592.40759  8561.6061
591.40859  8500.9672
590.40959  8522.1094
589.41059  8707.3071
588.41159  8797.3431
587.41259  8742.2016
586.41359  8759.7791
585.41459  8922.5609
584.41558  8796.2178
583.41658  8684.8547
582.41758  8763.7051
581.41858  8637.2888
580.41958  8493.5365
579.42058  8487.466
578.42158  8651.285
577.42258  8649.7424
576.42358  8468.5942
575.42458  8368.9369
574.42557  8287.1792
573.42657  8464.9777
572.42757  8313.3003
571.42857  8128.1374
570.42957  8264.1627
569.43057  8296.9749
568.43157  8511.3469
567.43257  8537.2715
566.43357  8629.9971
565.43457  8856.7591
564.43556  9180.4423
563.43656  9477.1379
562.43756  9700.8659
561.43856  9708.074
560.43956  9568.2043
559.44056  9423.4138
558.44156  9177.3555
557.44256  8805.1313
556.44356  8431.9924
555.44456  8317.7191
554.44555  8114.7353
553.44655  7982.247
552.44755  7834.0143
551.44855  7566.2169
550.44955  7558.249
549.45055  7529.6177
548.45155  7346.9551
547.45255  7184.4484
546.45355  6849.6468
545.45455  6552.9605
544.45554  6316.5927
543.45654  6274.539
542.45754  6373.8508
541.45854  6566.1912
540.45954  7384.4147
539.46054  9855.0673
538.46154  14876.032
537.46254  20923.125
536.46354  23541.827
535.46454  20503.172
534.46553  14526.772
533.46653  9613.0241
532.46753  7180.0927
531.46853  6363.8437
530.46953  6019.2101
529.47053  5857.5655
528.47153  6049.5115
527.47253  6544.3176
526.47353  6726.7333
525.47453  6585.224
524.47552  6167.3985
523.47652  5669.3804
522.47752  5405.8799
521.47852  5277.3342
520.47952  5109.2968
519.48052  5049.1399
518.48152  5102.8221
517.48252  5267.5516
516.48352  5215.8657
515.48452  5163.347
514.48551  5162.0279
513.48651  5131.573
512.48751  5110.177
511.48851  4986.8887
510.48951  4796.8283
509.49051  4739.7212
508.49151  4871.2569
507.49251  5013.5791
506.49351  4839.9075
505.49451  4691.8003
504.4955  4724.5711
503.4965  4817.4539
502.4975  4955.3948
501.4985  4904.3404
500.4995  4771.4816
499.5005  4787.7665
498.5015  4759.1808
497.5025  4817.2382
496.5035  4928.5071
495.5045  4960.6466
494.50549  4845.65
493.50649  4753.2386
492.50749  4866.2128
491.50849  4898.7016
490.50949  4759.6198
489.51049  4655.9018
488.51149  4615.5781
487.51249  4718.5454
486.51349  4724.3144
485.51449  4647.8732
484.51548  4733.4879
483.51648  4855.0304
482.51748  4779.3566
481.51848  4664.042
480.51948  4668.5991
479.52048  4693.1496
478.52148  4705.6525
477.52248  4750.7336
476.52348  4761.8715
475.52448  4711.9472
474.52547  4773.5934
473.52647  4773.6733
472.52747  4818.0386
471.52847  4905.837
470.52947  4863.2626
469.53047  4927.3176
468.53147  4811.5547
467.53247  4764.401
466.53347  4903.1237
465.53447  4980.0423
464.53546  4829.4573
463.53646  4654.9572
462.53746  4668.1749
461.53846  4638.1673
460.53946  4584.7165
459.54046  4588.291
458.54146  4654.9136
457.54246  4701.8624
456.54346  4692.1206
455.54446  4744.3014
454.54545  4661.5347
453.54645  4508.7356
452.54745  4621.8745
451.54845  4629.0325
450.54945  4616.3364
449.55045  4685.5393
448.55145  4740.0416
447.55245  4718.1777
446.55345  4727.6231
445.55445  4652.3516
444.55544  4578.7515
443.55644  4709.0738
442.55744  4702.7345
441.55844  4586.4
440.55944  4561.7394
439.56044  4594.4359
438.56144  4622.0491
437.56244  4605.2931
436.56344  4719.2858
435.56444  4755.7915
434.56543  4714.1988
433.56643  4744.8439
432.56743  4936.5561
431.56843  5012.4734
430.56943  5002.3103
429.57043  4945.2264
428.57143  4831.2308
427.57243  4852.7984
426.57343  4695.8743
425.57443  4639.723
424.57542  4719.7564
423.57642  4873.9194
422.57742  5149.0152
421.57842  5111.9506
420.57942  4984.5421
419.58042  4956.3664
418.58142  4909.1112
417.58242  4722.6409
416.58342  4722.9313
415.58442  4676.0528
414.58541  4488.8819
413.58641  4500.6801
412.58741  4687.5654
411.58841  4668.6312
410.58941  4606.9322
409.59041  4699.6558
408.59141  4737.0133
407.59241  4782.786
406.59341  4882.6071
405.59441  5078.3119
404.5954  5430.1034
403.5964  5423.677
402.5974  5223.7991
401.5984  4820.3943
400.5994  4594.6191
399.6004  4506.0489
398.6014  4460.4815
397.6024  4371.1546
396.6034  4494.5128
395.6044  4546.4709
394.60539  4488.4111
393.60639  4515.44
392.60739  4542.3459
391.60839  4338.3642
390.60939  4260.705
389.61039  4416.8628
388.61139  4356.6473
387.61239  4393.945
386.61339  4453.8702
385.61439  4411.7093
384.61538  4467.7203
383.61638  4462.4405
382.61738  4378.9232
381.61838  4279.266
380.61938  4312.4718
379.62038  4274.5224
378.62138  4223.9374
377.62238  4155.7716
376.62338  4224.7571
375.62438  4336.4606
374.62537  4337.4532
373.62637  4270.7902
372.62737  4207.2967
371.62837  4220.3477
370.62937  4286.2165
369.63037  4323.6057
368.63137  4383.4201
367.63237  4360.6296
366.63337  4300.5904
365.63437  4227.7497
364.63536  4311.2316
363.63636  4378.1257
362.63736  4338.1775
361.63836  4317.5191
360.63936  4341.6945
359.64036  4351.8057
358.64136  4344.7512
357.64236  4260.8551
356.64336  4243.4634
355.64436  4371.4263
354.64535  4359.784
353.64635  4410.5558
352.64735  4379.8848
351.64835  4383.156
350.64935  4366.3306
349.65035  4309.3495
348.65135  4267.9832
347.65235  4234.1315
346.65335  4296.5929
345.65435  4381.0502
344.65534  4271.5209
343.65634  4257.8006
342.65734  4263.6924
341.65834  4391.4274
340.65934  4331.4017
339.66034  4266.7892
338.66134  4323.9429
337.66234  4304.1222
336.66334  4296.2414
335.66434  4255.9391
334.66533  4360.6794
333.66633  4408.9117
332.66733  4312.0146
331.66833  4222.0483
330.66933  4297.5021
329.67033  4272.2086
328.67133  4231.2617
327.67233  4246.0504
326.67333  4246.5934
325.67433  4195.6797
324.67532  4211.0452
323.67632  4231.7409
322.67732  4299.5993
321.67832  4305.4174
320.67932  4392.3835
319.68032  4357.0996
318.68132  4272.9505
317.68232  4183.6044
316.68332  4230.1779
315.68432  4280.1505
314.68531  4277.4855
313.68631  4205.9073
312.68731  4239.6335
311.68831  4243.8988
310.68931  4293.6195
309.69031  4351.5137
308.69131  4382.2716
307.69231  4437.4065
306.69331  4389.9759
305.69431  4268.5034
304.6953  4319.8309
303.6963  4434.9741
302.6973  4316.8642
301.6983  4207.4482
300.6993  4277.2427
299.7003  4349.3432
298.7013  4295.1566
297.7023  4243.6911
296.7033  4115.4863
295.7043  4084.4219
294.70529  4281.9958
293.70629  4375.9135
292.70729  4298.3267
291.70829  4502.2903
290.70929  4570.6527
289.71029  4410.1547
288.71129  4365.6108
287.71229  4388.4615
286.71329  4429.7774
285.71429  4451.1394
284.71528  4345.9624
283.71628  4278.5526
282.71728  4300.6889
281.71828  4346.2696
280.71928  4303.1591
279.72028  4278.1448
278.72128  4260.2854
277.72228  4150.0916
276.72328  4201.9716
275.72428  4180.1127
274.72527  4268.6268
273.72627  4343.2162
272.72727  4318.6513
271.72827  4165.0238
270.72927  4168.8355
269.73027  4233.988
268.73127  4110.0871
267.73227  4128.4526
266.73327  4229.732
265.73427  4281.407
264.73526  4390.2829
263.73626  4326.3368
262.73726  4289.403
261.73826  4345.2799
260.73926  4326.2923
259.74026  4323.0328
258.74126  4306.8335
257.74226  4378.2461
256.74326  4364.7173
255.74426  4368.5738
254.74525  4306.3869
253.74625  4280.3856
252.74725  4306.5869
251.74825  4314.8413
250.74925  4254.9979
249.75025  4140.7479
248.75125  4146.7322
247.75225  4144.6308
246.75325  4212.0776
245.75425  4307.0485
244.75524  4329.0101
243.75624  4499.0411
242.75724  4868.7514
241.75824  5262.7136
240.75924  5508.7814
239.76024  5681.3383
238.76124  5838.479
237.76224  5658.1639
236.76324  5046.9471
235.76424  4518.8623
234.76523  4223.298
233.76623  4059.2349
232.76723  4090.3864
231.76823  4165.3108
230.76923  4171.5181
229.77023  4135.2152
228.77123  4145.406
227.77223  4129.5412
226.77323  4029.6132
225.77423  3948.7734
224.77522  3936.0307
223.77622  4020.4966
222.77722  3909.266
221.77822  3874.3465
220.77922  3914.3493
219.78022  3894.8941
218.78122  3933.2382
217.78222  3964.819
216.78322  3971.349
215.78422  3893.1897
214.78521  3928.5335
213.78621  3997.936
212.78721  3920.4747
211.78821  3925.6064
210.78921  3922.8575
209.79021  3973.3795
208.79121  3963.161
207.79221  3872.054
206.79321  3976.699
205.79421  4016.3789
204.7952  3886.9473
203.7962  3917.4383
202.7972  3914.4046
201.7982  3955.082
200.7992  3893.4956
199.8002  3850.9404
198.8012  4020.9318
197.8022  3991.0933
196.8032  4082.9955
195.8042  4240.0863
194.80519  4160.1967
193.80619  4109.4351
192.80719  4148.2211
191.80819  4085.5527
190.80919  4004.7912
189.81019  3935.3647
188.81119  3975.3313
187.81219  3955.2597
186.81319  3924.1258
185.81419  3950.1875
184.81518  4014.6779
183.81618  4037.0587
182.81718  4022.6037
181.81818  4077.1579
180.81918  4063.2894
179.82018  4035.1639
178.82118  4060.9187
177.82218  4042.4787
176.82318  4091.2641
175.82418  4034.7507
174.82517  4025.8407
173.82617  3995.4893
172.82717  3991.4164
171.82817  3991.8784
170.82917  4010.816
169.83017  3910.9192
168.83117  3884.5691
167.83217  3973.3536
166.83317  4040.4999
165.83417  4062.7464
164.83516  4003.4277
163.83616  3941.0458
162.83716  4103.0263
161.83816  4121.29
160.83916  4091.9235
159.84016  4238.3858
158.84116  4630.5936
157.84216  4991.3447
156.84316  5188.8607
155.84416  5100.6486
154.84515  4765.1843
153.84615  4472.5877
152.84715  4304.3262
151.84815  4175.8749
150.84915  4154.834
149.85015  4086.6865
148.85115  4143.2032
147.85215  4039.0619
146.85315  3988.4721
145.85415  4012.7374
144.85514  4034.5876
143.85614  3996.6057
142.85714  4118.0629
141.85814  4252.7777
140.85914  4227.647
139.86014  4114.8631
138.86114  4053.0712
137.86214  3976.5241
136.86314  3913.3818
135.86414  3855.1979
134.86513  3729.5561
133.86613  3686.1713
132.86713  3792.4507
131.86813  3892.0594
130.86913  3974.3805
129.87013  3980.4655
128.87113  4019.6585
127.87213  4407.6562
126.87313  5138.2903
125.87413  6120.8581
124.87512  6566.0346
123.87612  6150.9076
122.87712  5132.6382
121.87812  4163.4242
120.87912  3746.5402
119.88012  3533.9434
118.88112  3321.502
117.88212  3200.6292
116.88312  3103.3703
115.88412  3231.9078
114.88511  3288.2673
113.88611  3362.707
112.88711  3458.9789
111.88811  3566.2037
110.88911  3655.9966
109.89011  3590.4954
108.89111  3746.6034
107.89211  4505.1633
106.89311  6069.1659
105.89411  7896.6928
104.8951  8391.9622
103.8961  6956.326
102.8971  4938.6634
101.8981  3582.6241
100.8991  3023.4145
99.9001  2690.5032
98.901099  2424.9717
97.902098  2251.4274
96.903097  2217.3974
95.904096  2180.1832
94.905095  2183.2458
93.906094  2174.1652
92.907093  2088.17
91.908092  2069.2552
90.909091  2047.0082
89.91009  2007.7687
88.911089  2078.7114
87.912088  2003.0755
86.913087  1923.9396
85.914086  1953.0008
84.915085  2052.1857
83.916084  2077.9363
82.917083  2302.4635
81.918082  3004.22
80.919081  3955.8721
79.92008  4210.0112
78.921079  3697.7511
77.922078  2903.9001
76.923077  2231.0134
75.924076  1963.3753
74.925075  1886.0829
73.926074  1815.525
72.927073  1850.0934
71.928072  1893.6218
70.929071  1954.921
69.93007  2027.542
68.931069  1978.6114
67.932068  1907.3117
66.933067  1898.0359
65.934066  1835.9645
64.935065  1742.6463
63.936064  1680.5772
62.937063  1724.6073
61.938062  1785.4975
60.939061  1735.1273
59.94006  1734.0975
58.941059  1725.5045
57.942058  1743.0717
56.943057  1751.9631
55.944056  1734.7399
54.945055  1677.8719
53.946054  1729.1971
52.947053  1753.0637
51.948052  1660.9774
50.949051  1605.9428
49.95005  1619.5755
48.951049  1655.6398
47.952048  1711.0094
46.953047  1765.1857
45.954046  1698.3354
44.955045  1642.8115
43.956044  1662.1403
42.957043  1587.6114
41.958042  1579.1903
40.959041  1558.4902
39.96004  1483.4542
38.961039  1471.6541
37.962038  1487.7535
36.963037  1499.6105
35.964036  1574.9214
34.965035  1621.4749
33.966034  1559.2545
32.967033  1592.6197
31.968032  1726.7912
30.969031  1829.0329
29.97003  1868.7156
28.971029  1866.839
27.972028  1889.1948
26.973027  1773.7962
25.974026  1537.4652
24.975025  1376.2775
23.976024  1365.5853
22.977023  1328.4388
21.978022  1326.4832
20.979021  1403.8224
19.98002  1520.1118
18.981019  1596.0309
17.982018  1541.9888
16.983017  1519.9601
15.984016  1586.3072
14.985015  1638.0652
13.986014  1564.9247
12.987013  1501.9845
11.988012  1528.8615
10.989011  1513.6406
9.99001  1389.0082
8.991009  1285.7781
7.992008  1317.921
6.993007  1352.0931
5.994006  1211.8858
4.995005  1162.5458
3.996004  1152.8226
2.997003  1144.1905
1.998002  1174.2844
0.999001  1129.8483
0  1160.101

# Region:                       Co 2p
# Spectrum ID:                  2
# Acquisition Date:             07/22/26 18:06:32 UTC
# Analysis Method:              XPS
# Analyzer:                     PHOIBOS MCD5 Analyzer
# Analyzer Lens:                LargeArea:1.5kV
# Analyzer Slit:                5:7x20\B:open
# Scan Mode:                    FixedAnalyzerTransmission
# Curves/Scan:                  1
# Values/Curve:                 951
# Dwell Time:                   0.1
# Excitation Energy:            1486.61
# Binding Energy:               825
# Pass Energy:                  50
# Bias Voltage:                 90
# Detector Voltage:             3000
# Eff. Workfunction:            4.543
# Source:                       X-Ray Dummy
# Comment:                      
#
# Cycle: 0
# Number of Scans: 20
#
# Cycle: 0, Curve: 0
# Acquisition Date:             07/22/26 18:06:32 UTC
#
# ColumnLabels:                 energy counts/s
#
825  9390.266
824.9  9291.1718
824.8  9327.5575
824.7  9338.8874
824.6  9362.8478
824.5  9379.2634
824.4  9399.9113
824.3  9477.299
824.2  9370.9869
824.1  9294.4386
824  9298.4693
823.9  9352.0346
823.8  9306.7189
823.7  9403.4567
823.6  9308.0944
823.5  9315.3077
823.4  9256.0573
823.3  9236.6753
823.2  9386.7423
823.1  9377.9441
823  9230.446
822.9  9270.4657
822.8  9293.0951
822.7  9369.3892
822.6  9271.488
822.5  9306.3043
822.4  9319.8133
822.3  9282.9199
822.2  9297.7637
822.1  9281.8022
822  9311.8033
821.9  9322.2935
821.8  9303.1206
821.7  9407.778
821.6  9324.5155
821.5  9349.1262
821.4  9306.7972
821.3  9389.7714
821.2  9369.6853
821.1  9422.1163
821  9438.3086
820.9  9373.5122
820.8  9393.5324
820.7  9334.7545
820.6  9316.7442
820.5  9358.468
820.4  9149.8692
820.3  9299.2158
820.2  9230.9002
820.1  9290.1914
820  9361.8534
819.9  9362.984
819.8  9381.254
819.7  9354.7826
819.6  9266.7136
819.5  9310.4039
819.4  9331.3904
819.3  9385.3826
819.2  9173.9563
819.1  9241.1609
819  9264.6993
818.9  9332.4054
818.8  9363.4361
818.7  9257.5682
818.6  9350.9532
818.5  9440.1285
818.4  9270.3228
818.3  9377.2903
818.2  9317.2027
818.1  9379.2896
818  9372.8782
817.9  9358.6679
817.8  9334.1577
817.7  9324.4963
817.6  9284.2695
817.5  9280.0744
817.4  9337.7526
817.3  9371.1262
817.2  9329.1609
817.1  9351.0586
817  9255.0729
816.9  9292.9601
816.8  9322.5116
816.7  9318.527
816.6  9285.5702
816.5  9285.7239
816.4  9277.3259
816.3  9329.3623
816.2  9362.4134
816.1  9280.2167
816  9375.2589
815.9  9323.2673
815.8  9320.4515
815.7  9288.6021
815.6  9379.2396
815.5  9374.77
815.4  9356.4854
815.3  9393.9073
815.2  9263.3798
815.1  9276.6605
815  9422.3657
814.9  9316.6519
814.8  9369.4766
814.7  9237.3877
814.6  9318.8258
814.5  9301.2717
814.4  9406.9951
814.3  9402.4739
814.2  9398.6021
814.1  9283.2478
814  9396.8755
813.9  9336.3097
813.8  9372.2751
813.7  9424.1031
813.6  9350.258
813.5  9386.392
813.4  9390.2416
813.3  9347.3052
813.2  9419.6363
813.1  9354.0965
813  9372.1786
812.9  9378.0194
812.8  9280.7211
812.7  9313.9676
812.6  9397.441
812.5  9337.7491
812.4  9378.0555
812.3  9357.3507
812.2  9301.2522
812.1  9419.1309
812  9351.5108
811.9  9409.598
811.8  9456.8566
811.7  9414.8025
811.6  9411.5595
811.5  9451.4825
811.4  9361.6859
811.3  9404.1936
811.2  9511.7165
811.1  9380.7859
811  9487.1906
810.9  9393.0489
810.8  9469.7135
810.7  9422.6112
810.6  9496.3696
810.5  9459.3025
810.4  9470.9189
810.3  9462.562
810.2  9419.9986
810.1  9381.6769
810  9407.1213
809.9  9356.6206
809.8  9597.1113
809.7  9426.3654
809.6  9434.4463
809.5  9396.6221
809.4  9488.5957
809.3  9478.7369
809.2  9404.098
809.1  9588.9083
809  9665.9647
808.9  9496.0783
808.8  9449.5029
808.7  9422.5235
808.6  9436.2127
808.5  9463.7587
808.4  9518.9146
808.3  9479.4733
808.2  9395.5277
808.1  9480.0754
808  9533.8053
807.9  9484.6506
807.8  9600.1089
807.7  9446.4066
807.6  9453.4561
807.5  9573.267
807.4  9650.3061
807.3  9556.6508
807.2  9507.4281
807.1  9538.5704
807  9590.2098
806.9  9442.8467
806.8  9437.069
806.7  9435.9884
806.6  9548.1612
806.5  9525.0826
806.4  9377.8064
806.3  9514.2676
806.2  9391.347
806.1  9463.4903
806  9486.7484
805.9  9476.8048
805.8  9461.8374
805.7  9530.9869
805.6  9474.1504
805.5  9559.3906
805.4  9572.9776
805.3  9498.634
805.2  9458.4777
805.1  9466.9959
805  9499.6617
804.9  9547.8925
804.8  9511.0412
804.7  9570.2963
804.6  9636.0826
804.5  9665.9165
804.4  9549.5551
804.3  9562.5682
804.2  9560.4978
804.1  9570.6381
804  9643.6237
803.9  9546.1768
803.8  9510.6882
803.7  9614.943
803.6  9554.5067
803.5  9650.8969
803.4  9645.4377
803.3  9646.7281
803.2  9706.0324
803.1  9593.2882
803  9621.9956
802.9  9607.537
802.8  9621.5893
802.7  9656.355
802.6  9709.0748
802.5  9666.4568
802.4  9657.8483
802.3  9611.5346
802.2  9741.1862
802.1  9640.5562
802  9660.35
801.9  9680.9862
801.8  9572.5825
801.7  9618.9817
801.6  9562.1697
801.5  9538.9433
801.4  9507.035
801.3  9665.792
801.2  9656.2552
801.1  9569.2179
801  9606.3468
800.9  9638.1698
800.8  9552.4202
800.7  9618.5499
800.6  9590.9335
800.5  9439.7163
800.4  9580.7413
800.3  9672.2522
800.2  9565.6579
800.1  9541.383
800  9444.2252
799.9  9578.3789
799.8  9469.9072
799.7  9498.3177
799.6  9517.642
799.5  9550.8764
799.4  9510.6266
799.3  9473.334
799.2  9443.8167
799.1  9417.0918
799  9469.7065
798.9  9401.2726
798.8  9372.8872
798.7  9455.9616
798.6  9409.3037
798.5  9463.5352
798.4  9465.0777
798.3  9404.9454
798.2  9671.7165
798.1  9464.6817
798  9377.9169
797.9  9433.0762
797.8  9398.4871
797.7  9509.9355
797.6  9519.2167
797.5  9451.4815
797.4  9491.8538
797.3  9425.5551
797.2  9438.7651
797.1  9382.3618
797  9323.1704
796.9  9407.728
796.8  9466.8861
796.7  9463.0586
796.6  9507.2387
796.5  9449.0495
796.4  9532.808
796.3  9496.245
796.2  9483.5369
796.1  9500.9149
796  9459.7319
795.9  9595.8389
795.8  9459.1896
795.7  9454.5514
795.6  9567.6303
795.5  9426.311
795.4  9451.3709
795.3  9611.6535
795.2  9603.522
795.1  9598.6338
795  9436.9145
794.9  9568.6132
794.8  9494.7833
794.7  9573.0104
794.6  9702.4262
794.5  9649.2038
794.4  9520.0775
794.3  9604.2046
794.2  9514.086
794.1  9509.8842
794  9484.1997
793.9  9545.4552
793.8  9618.9876
793.7  9485.3236
793.6  9599.6868
793.5  9657.1367
793.4  9605.0831
793.3  9637.8488
793.2  9685.2247
793.1  9639.8423
793  9665.7112
792.9  9631.1135
792.8  9757.2824
792.7  9660.5227
792.6  9604.0386
792.5  9703.4739
792.4  9730.4845
792.3  9577.5241
792.2  9646.9947
792.1  9700.6488
792  9579.8017
791.9  9744.6728
791.8  9675.1228
791.7  9598.36
791.6  9715.631
791.5  9732.7465
791.4  9678.099
791.3  9701.6098
791.2  9827.0741
791.1  9764.6133
791  9740.2151
790.9  9734.9242
790.8  9724.6505
790.7  9697.223
790.6  9692.3195
790.5  9651.5954
790.4  9660.4189
790.3  9708.4904
790.2  9774.5651
790.1  9799.6751
790  9753.3891
789.9  9662.62
789.8  9673.1098
789.7  9717.2435
789.6  9811.6135
789.5  9777.7081
789.4  9783.998
789.3  9892.2761
789.2  9703.0091
789.1  9907.589
789  9808.83
788.9  9737.9791
788.8  9790.3641
788.7  9794.9914
788.6  9951.4638
788.5  9798.8272
788.4  9859.2641
788.3  9955.2438
788.2  9840.6092
788.1  9970.3895
788  9861.8985
787.9  9972.6595
787.8  9955.7645
787.7  9965.8569
787.6  9947.5805
787.5  9921.3624
787.4  9928.5775
787.3  9955.7206
787.2  9951.2111
787.1  10013.561
787  10041.369
786.9  10047.994
786.8  10013.18
786.7  10029.368
786.6  10016.417
786.5  10036.18
786.4  9951.6379
786.3  9941.0239
786.2  9948.3958
786.1  10046.9
786  9873.0565
785.9  10012.613
785.8  9991.3606
785.7  9948.4991
785.6  9925.0149
785.5  9978.9039
785.4  9919.4021
785.3  9927.2355
785.2  9813.9606
785.1  9847.5082
785  9823.5569
784.9  9796.4911
784.8  9842.6369
784.7  9687.024
784.6  9745.0515
784.5  9628.3334
784.4  9592.8696
784.3  9624.2969
784.2  9653.8919
784.1  9653.2192
784  9578.698
783.9  9659.7837
783.8  9554.9523
783.7  9530.1139
783.6  9552.008
783.5  9492.6497
783.4  9468.5826
783.3  9407.4525
783.2  9449.0954
783.1  9506.0663
783  9447.4614
782.9  9427.9319
782.8  9366.8613
782.7  9382.8494
782.6  9385.8809
782.5  9460.8676
782.4  9406.7681
782.3  9404.7945
782.2  9360.4098
782.1  9397.5384
782  9423.2142
781.9  9304.6516
781.8  9394.3358
781.7  9441.0883
781.6  9369.5322
781.5  9253.2498
781.4  9418.9334
781.3  9358.7018
781.2  9269.4276
781.1  9349.5702
781  9201.5841
780.9  9312.6259
780.8  9316.294
780.7  9399.3899
780.6  9400.1638
780.5  9294.9924
780.4  9243.3437
780.3  9245.8372
780.2  9356.8167
780.1  9258.8929
780  9308.2617
779.9  9209.0857
779.8  9250.6918
779.7  9353.2573
779.6  9398.0144
779.5  9253.4021
779.4  9264.7152
779.3  9299.979
779.2  9223.295
779.1  9185.1115
779  9263.8627
778.9  9246.3488
778.8  9378.6245
778.7  9314.7324
778.6  9231.3581
778.5  9262.7118
778.4  9229.722
778.3  9187.3067
778.2  9037.5928
778.1  9225.2432
778  9301.9423
777.9  9227.4658
777.8  9318.4323
777.7  9196.3472
777.6  9271.7623
777.5  9349.7748
777.4  9209.4073
777.3  9197.1385
777.2  9256.1546
777.1  9267.9466
777  9373.691
776.9  9199.6862
776.8  9225.4742
776.7  9217.7124
776.6  9267.5235
776.5  9336.9905
776.4  9236.3624
776.3  9270.9523
776.2  9343.3447
776.1  9264.2365
776  9140.7624
775.9  9121.6006
775.8  9201.5768
775.7  9269.4061
775.6  9180.5729
775.5  9198.7897
775.4  9265.3963
775.3  9109.7794
775.2  9259.0829
775.1  9244.5896
775  9144.7419
774.9  9235.8948
774.8  9234.4873
774.7  9136.4547
774.6  9134.7121
774.5  9135.5527
774.4  9135.227
774.3  9242.5337
774.2  9154.1365
774.1  9144.3544
774  9130.089
773.9  9144.4677
773.8  9126.9483
773.7  9221.5878
773.6  9085.0674
773.5  9119.3258
773.4  9132.7075
773.3  9122.3153
773.2  9213.8317
773.1  9225.3826
773  9184.9943
772.9  9082.106
772.8  9046.8627
772.7  9235.1035
772.6  9156.9079
772.5  8988.1067
772.4  9061.6136
772.3  9088.2834
772.2  9089.7907
772.1  9165.6163
772  9155.4785
771.9  9078.0757
771.8  9078.6194
771.7  9113.027
771.6  9161.4474
771.5  9071.3681
771.4  9133.4075
771.3  9198.1225
771.2  9178.907
771.1  9206.6773
771  9166.289
770.9  9199.9177
770.8  9261.2977
770.7  9217.1769
770.6  9265.1615
770.5  9211.6567
770.4  9205.5485
770.3  9330.5357
770.2  9261.6507
770.1  9246.0887
770  9170.4121
769.9  9238.0667
769.8  9279.3033
769.7  9244.8856
769.6  9295.3058
769.5  9252.6178
769.4  9305.9092
769.3  9315.9774
769.2  9224.8719
769.1  9344.2112
769  9325.5593
768.9  9266.4572
768.8  9246.0729
768.7  9101.8251
768.6  9220.2713
768.5  9200.8417
768.4  9204.0126
768.3  9227.7186
768.2  9220.5491
768.1  9255.3087
768  9173.2839
767.9  9193.2557
767.8  9103.9974
767.7  9182.88
767.6  9192.7988
767.5  9154.1725
767.4  9103.5969
767.3  9099.52
767.2  9085.4638
767.1  9020.8641
767  9098.8277
766.9  9169.6323
766.8  9144.1836
766.7  9097.1358
766.6  9144.9144
766.5  9071.7757
766.4  9018.2975
766.3  9162.0589
766.2  9143.5274
766.1  9145.063
766  9072.3927
765.9  9060.4488
765.8  9150.5244
765.7  8988.3105
765.6  9031.2043
765.5  9079.734
765.4  9076.2963
765.3  9045.5121
765.2  9061.672
765.1  9154.2465
765  9048.9281
764.9  9003.7105
764.8  8993.0955
764.7  8994.7561
764.6  8954.861
764.5  9008.53
764.4  8976.7624
764.3  9085.003
764.2  8965.9913
764.1  8907.2563
764  8876.2474
763.9  8984.4542
763.8  8941.2927
763.7  8898.5001
763.6  8878.4904
763.5  9012.6307
763.4  8994.0805
763.3  9034.5069
763.2  8937.4722
763.1  9000.7845
763  9038.5968
762.9  8974.4636
762.8  8887.2088
762.7  8857.9763
762.6  8966.9689
762.5  8991.1075
762.4  9019.3909
762.3  8908.0348
762.2  8919.0033
762.1  8930.1901
762  8957.5371
761.9  9002.0218
761.8  8996.3147
761.7  8872.0355
761.6  8900.6395
761.5  8954.6237
761.4  9031.0301
761.3  8919.8733
761.2  8938.0577
761.1  8916.7496
761  8848.4523
760.9  8910.859
760.8  8884.7411
760.7  8848.7944
760.6  8907.4946
760.5  8820.2391
760.4  8879.79
760.3  8871.5482
760.2  8881.2431
760.1  8800.4253
760  8765.717
759.9  8776.7677
759.8  8824.9614
759.7  8952.7823
759.6  8895.3517
759.5  8929.1527
759.4  8870.2432
759.3  8792.2329
759.2  8734.539
759.1  8736.4694
759  8888.5915
758.9  8768.7551
758.8  8832.4799
758.7  8855.7118
758.6  8784.1326
758.5  8795.2218
758.4  8828.081
758.3  8789.6739
758.2  8796.7775
758.1  8760.8886
758  8652.1299
757.9  8789.3319
757.8  8877.2193
757.7  8751.4488
757.6  8783.2753
757.5  8755.2857
757.4  8776.4546
757.3  8821.8874
757.2  8717.4781
757.1  8851.5566
757  8865.6925
756.9  8812.9499
756.8  8866.8608
756.7  8775.8967
756.6  8777.7317
756.5  8770.0988
756.4  8786.2214
756.3  8688.327
756.2  8718.9756
756.1  8634.9618
756  8626.2565
755.9  8715.9029
755.8  8660.486
755.7  8719.818
755.6  8777.3396
755.5  8790.3567
755.4  8832.6725
755.3  8665.7514
755.2  8782.6754
755.1  8668.6281
755  8678.0665
754.9  8760.8451
754.8  8753.5337
754.7  8721.9549
754.6  8653.0382
754.5  8578.486
754.4  8786.4737
754.3  8646.3802
754.2  8751.0642
754.1  8672.3413
754  8649.2829
753.9  8735.4869
753.8  8791.7416
753.7  8718.3105
753.6  8683.935
753.5  8713.9098
753.4  8674.7384
753.3  8636.1307
753.2  8650.8094
753.1  8674.3605
753  8693.9038
752.9  8660.9842
752.8  8571.8745
752.7  8646.9876
752.6  8665.1069
752.5  8575.888
752.4  8661.2079
752.3  8674.6473
752.2  8627.0564
752.1  8576.0359
752  8767.504
751.9  8639.978
751.8  8602.3689
751.7  8564.5164
751.6  8626.1487
751.5  8643.1335
751.4  8605.0976
751.3  8606.8563
751.2  8543.9411
751.1  8677.8405
751  8699.487
750.9  8694.106
750.8  8638.1178
750.7  8609.2099
750.6  8700.5412
750.5  8662.3356
750.4  8696.0721
750.3  8746.9485
750.2  8663.8184
750.1  8668.6992
750  8709.1084
749.9  8724.9704
749.8  8823.3902
749.7  8811.8636
749.6  8811.781
749.5  8835.4089
749.4  8864.61
749.3  8923.5113
749.2  8875.9335
749.1  8836.3667
749  8867.1485
748.9  8851.6215
748.8  8992.2812
748.7  9029.2588
748.6  9061.5619
748.5  8995.4519
748.4  9193.0311
748.3  9119.9068
748.2  9071.5218
748.1  9218.2832
748  9282.9459
747.9  9333.8796
747.8  9347.8394
747.7  9606.585
747.6  9579.7924
747.5  9721.1224
747.4  9745.2345
747.3  9911.1966
747.2  9975.6274
747.1  9976.9705
747  10073.014
746.9  10249.239
746.8  10342.246
746.7  10250.278
746.6  10359.795
746.5  10533.402
746.4  10598.981
746.3  10707.754
746.2  10772.772
746.1  10868.094
746  10904.217
745.9  10959.726
745.8  10948.621
745.7  11092.5
745.6  11026.022
745.5  11101.502
745.4  11089.645
745.3  11093.55
745.2  11113.835
745.1  11172.474
745  11087.333
744.9  11233.51
744.8  11074.037
744.7  11003.456
744.6  11028.724
744.5  11010.346
744.4  10927.927
744.3  10731.137
744.2  10697.956
744.1  10582.424
744  10569.242
743.9  10501.186
743.8  10259.913
743.7  10130.653
743.6  10201.285
743.5  10112.497
743.4  10004.587
743.3  9969.7972
743.2  9943.512
743.1  9746.9786
743  9671.5079
742.9  9640.4642
742.8  9626.0214
742.7  9477.5484
742.6  9378.6335
742.5  9375.9148
742.4  9291.7026
742.3  9221.3387
742.2  9070.8541
742.1  9096.9381
742  9023.0889
741.9  9093.6322
741.8  9050.3268
741.7  8988.1488
741.6  9041.7453
741.5  8837.7625
741.4  8931.1586
741.3  8864.6344
741.2  8764.2313
741.1  8917.0557
741  8719.849
740.9  8822.3218
740.8  8843.0069
740.7  8772.5718
740.6  8795.6352
740.5  8674.4278
740.4  8722.4292
740.3  8687.8717
740.2  8584.7841
740.1  8641.898
740  8596.2962
739.9  8627.4667
739.8  8583.0888
739.7  8572.3616
739.6  8656.9825
739.5  8463.2953
739.4  8677.0458
739.3  8588.5548
739.2  8589.118
739.1  8552.4876
739  8621.657
738.9  8681.9073
738.8  8452.0306
738.7  8600.0342
738.6  8626.8183
738.5  8648.1965
738.4  8567.7131
738.3  8689.0085
738.2  8610.1963
738.1  8581.3826
738  8473.2633
737.9  8414.6279
737.8  8520.5124
737.7  8542.2501
737.6  8518.6233
737.5  8491.6641
737.4  8488.6035
737.3  8500.6811
737.2  8609.0817
737.1  8591.0755
737  8553.6514
736.9  8580.3382
736.8  8551.134
736.7  8477.5677
736.6  8546.7348
736.5  8553.3582
736.4  8482.5946
736.3  8522.8983
736.2  8534.8879
736.1  8616.0081
736  8581.9245
735.9  8510.229
735.8  8539.3899
735.7  8605.6776
735.6  8460.291
735.5  8523.4001
735.4  8591.4161
735.3  8567.609
735.2  8547.7302
735.1  8593.6875
735  8598.8725
734.9  8584.3025
734.8  8506.6457
734.7  8505.5046
734.6  8660.7017
734.5  8675.1798
734.4  8617.8935
734.3  8629.176
734.2  8533.2803
734.1  8511.6189
734  8550.9924
733.9  8730.9139
733.8  8577.8116
733.7  8556.0893
733.6  8555.4318
733.5  8471.3871
733.4  8518.3349
733.3  8594.097
733.2  8607.1454
733.1  8544.2951
733  8587.2461
732.9  8680.9643
732.8  8621.1745
732.7  8662.2606
732.6  8652.8683
732.5  8557.0097
732.4  8475.1475
732.3  8603.3479
732.2  8593.4709
732.1  8701.2682
732  8658.2289
731.9  8527.4351
731.8  8466.4689
731.7  8685.8148
731.6  8662.5449
731.5  8596.3387
731.4  8689.0025
731.3  8618.0839
731.2  8599.7351
731.1  8565.0689
731  8596.0871
730.9  8626.7036
730.8  8763.5605
730.7  8665.9185
730.6  8645.2012
730.5  8762.0433
730.4  8617.8867
730.3  8639.807
730.2  8667.9793
730.1  8667.3384
730  8699.3118

# Region:                       Al 2p
# Spectrum ID:                  3
# Acquisition Date:             07/22/26 18:28:44 UTC
# Analysis Method:              XPS
# Analyzer:                     PHOIBOS MCD5 Analyzer
# Analyzer Lens:                LargeArea:1.5kV
# Analyzer Slit:                5:7x20\B:open
# Scan Mode:                    FixedAnalyzerTransmission
# Curves/Scan:                  1
# Values/Curve:                 331
# Dwell Time:                   0.1
# Excitation Energy:            1486.61
# Binding Energy:               90
# Pass Energy:                  50
# Bias Voltage:                 90
# Detector Voltage:             3000
# Eff. Workfunction:            4.543
# Source:                       X-Ray Dummy
# Comment:                      
#
# Cycle: 0
# Number of Scans: 2
#
# Cycle: 0, Curve: 0
# Acquisition Date:             07/22/26 18:28:44 UTC
#
# ColumnLabels:                 energy counts/s
#
90  2039.5456
89.9  2014.5681
89.8  2017.0246
89.7  1960.4086
89.6  2158.5368
89.5  1996.4847
89.4  2021.6858
89.3  1846.9061
89.2  1885.0855
89.1  1975.4929
89  1990.3861
88.9  2251.6521
88.8  2093.6325
88.7  2118.5814
88.6  2160.1572
88.5  2007.1571
88.4  2023.3433
88.3  2262.6406
88.2  1968.9102
88.1  1993.537
88  2120.817
87.9  2324.5313
87.8  2168.421
87.7  2145.3875
87.6  2007.8939
87.5  2021.9339
87.4  2203.7352
87.3  1915.0382
87.2  2064.201
87.1  1974.2525
87  2046.0011
86.9  2024.3082
86.8  2096.6441
86.7  2030.0702
86.6  1973.9692
86.5  1949.5476
86.4  1870.4707
86.3  1911.9939
86.2  1843.3752
86.1  2043.2475
86  2118.68
85.9  1930.258
85.8  2085.452
85.7  2112.0253
85.6  1975.8137
85.5  1982.512
85.4  2004.4995
85.3  2135.0418
85.2  1983.1312
85.1  2130.1078
85  2139.3771
84.9  2062.364
84.8  2049.7449
84.7  1971.9316
84.6  2094.7261
84.5  2109.335
84.4  2195.2334
84.3  1851.0945
84.2  2125.3224
84.1  2239.5984
84  2232.0098
83.9  1993.9269
83.8  2030.3316
83.7  2169.306
83.6  1980.7727
83.5  2090.6116
83.4  2247.0429
83.3  2083.4084
83.2  2220.4734
83.1  2083.7562
83  2405.9484
82.9  2287.955
82.8  2348.4694
82.7  2472.4213
82.6  2456.1647
82.5  2404.1391
82.4  2411.0656
82.3  2515.1536
82.2  2581.1751
82.1  2764.9656
82  2789.0027
81.9  2717.0822
81.8  3081.2128
81.7  3040.9331
81.6  3280.1546
81.5  3397.6108
81.4  3489.2157
81.3  3501.8097
81.2  3720.8043
81.1  3549.255
81  3852.8952
80.9  4060.965
80.8  4048.2519
80.7  4274.6044
80.6  4382.8343
80.5  4183.8072
80.4  4109.8756
80.3  4649.6708
80.2  4452.5761
80.1  4450.2201
80  4732.201
79.9  4284.5018
79.8  4348.3989
79.7  4635.0601
79.6  4343.0039
79.5  4280.1407
79.4  4392.1621
79.3  4258.1119
79.2  4099.0171
79.1  3971.3264
79  3896.3461
78.9  3945.4569
78.8  3737.5026
78.7  3694.6223
78.6  3502.8114
78.5  3437.963
78.4  3395.6381
78.3  3244.9345
78.2  3053.8927
78.1  3087.7758
78  3090.5668
77.9  2946.9101
77.8  2886.8189
77.7  2726.9444
77.6  2534.5997
77.5  2618.1021
77.4  2461.1029
77.3  2443.4246
77.2  2297.5859
77.1  2237.2634
77  2349.5599
76.9  2041.236
76.8  2045.6311
76.7  1902.4244
76.6  2084.7701
76.5  2043.6143
76.4  1932.6276
76.3  2082.191
76.2  1958.7866
76.1  2047.8987
76  1984.8196
75.9  1852.1007
75.8  1852.631
75.7  1991.0475
75.6  1794.991
75.5  1855.4551
75.4  1906.3127
75.3  1965.1204
75.2  1936.8138
75.1  1994.2304
75  1909.2787
74.9  1841.229
74.8  1881.0394
74.7  1879.7639
74.6  1793.4919
74.5  2028.7593
74.4  1839.3456
74.3  1886.3752
74.2  1845.4354
74.1  1919.8363
74  1720.7885
73.9  1862.7911
73.8  2121.1012
73.7  1790.4147
73.6  1796.2838
73.5  1894.2765
73.4  1794.1805
73.3  1918.1501
73.2  1984.9796
73.1  1928.2114
73  1921.5357
72.9  1909.5157
72.8  1913.3995
72.7  1814.5782
72.6  1780.7494
72.5  1951.2293
72.4  2026.1734
72.3  1799.2276
72.2  1937.443
72.1  2079.2495
72  2083.7845
71.9  1859.2246
71.8  2062.1759
71.7  1970.7114
71.6  1866.8669
71.5  2149.6108
71.4  2111.2489
71.3  1981.2246
71.2  1936.3489
71.1  1889.1522
71  1956.399
70.9  2094.0105
70.8  1942.0238
70.7  2029.576
70.6  1972.1842
70.5  2024.913
70.4  2084.5555
70.3  2044.1477
70.2  2085.8596
70.1  2140.7898
70  2038.8255
69.9  2015.24
69.8  1969.4856
69.7  1971.297
69.6  2046.5441
69.5  1951.6188
69.4  1932.7572
69.3  1995.0311
69.2  1916.3867
69.1  1934.2698
69  2040.7463
68.9  2054.5224
68.8  1879.0409
68.7  2098.4422
68.6  2000.339
68.5  1991.7046
68.4  1951.9755
68.3  2060.5869
68.2  1980.2243
68.1  2044.0448
68  1961.6073
67.9  1919.754
67.8  1927.1912
67.7  2069.0963
67.6  1966.105
67.5  1974.5091
67.4  1913.562
67.3  1995.753
67.2  2036.1988
67.1  1875.2548
67  1855.6183
66.9  2121.3171
66.8  2011.6736
66.7  1990.1821
66.6  1808.7678
66.5  1885.5254
66.4  1934.1914
66.3  1868.0501
66.2  1888.1845
66.1  1935.4812
66  2010.5933
65.9  1921.9841
65.8  1854.3543
65.7  1665.6594
65.6  1858.0285
65.5  1758.2178
65.4  1601.2263
65.3  1831.2808
65.2  1852.3155
65.1  1804.9987
65  1863.8695
64.9  1853.8079
64.8  1856.4523
64.7  1835.2237
64.6  1755.0824
64.5  1838.3363
64.4  1952.0928
64.3  1756.7855
64.2  1744.4077
64.1  1770.8418
64  1871.3624
63.9  1765.7156
63.8  1806.4634
63.7  1609.5837
63.6  1690.431
63.5  1926.7693
63.4  1877.5043
63.3  1677.4422
63.2  1727.0036
63.1  1865.5058
63  1643.0605
62.9  1852.3883
62.8  1881.4772
62.7  1765.3577
62.6  1801.6702
62.5  1671.9602
62.4  1805.0685
62.3  1848.0601
62.2  1694.117
62.1  1792.4843
62  1818.4586
61.9  1651.2774
61.8  1553.9242
61.7  1773.3374
61.6  1677.1786
61.5  1637.2963
61.4  1748.5034
61.3  1650.5887
61.2  1660.548
61.1  1858.0898
61  1720.4318
60.9  1748.5249
60.8  1678.0552
60.7  1648.3727
60.6  1641.7764
60.5  1768.7796
60.4  1751.2095
60.3  1730.94
60.2  1855.6696
60.1  1757.5907
60  1843.3632
59.9  1726.9667
59.8  1698.5691
59.7  1759.0407
59.6  1577.15
59.5  1691.0957
59.4  1725.326
59.3  1653.4424
59.2  1656.7805
59.1  1746.5837
59  1794.5098
58.9  1661.8863
58.8  1577.4405
58.7  1464.1607
58.6  1863.2857
58.5  1561.4011
58.4  1837.4185
58.3  1812.0972
58.2  1882.9662
58.1  1712.5935
58  1809.6451
57.9  1622.3435
57.8  1784.7432
57.7  1719.6056
57.6  1634.1264
57.5  1675.4874
57.4  1751.8634
57.3  1906.3824
57.2  1948.0654
57.1  1823.5115
57  1725.1461

# Operation:                    Peak Fit
# Range Start:                  90
# Range End:                    70.5317
# Parameter: "Transition" = 
# Parameter: "Label" = 
# Parameter: "Background Method" = Tougaard
# Parameter: "Peak Shape" = Voigt
# Parameter: "Asymmetric Peak" = false
# Parameter: "FWHM-Annotation" = S-B = <Signal-BG:@>\nFWHM = <FWHM:@>\nArea = <Area:@>
# Parameter: "Peak-Annotation" = <Label>\n<Transition>\nE = <Center:@>
#
# Result:
# Number of Results:            2
# Parameter: "Transition" = 
# Parameter: "Label" = 
# Parameter: "Center" = 79.924182017586645 eV +- 0.020274733187460318
# Parameter: "Area" = 9082.2326718802069 cps eV +- 138.80384497590754
# Parameter: "FWHM (Lorentzian)" = 0 eV +- 0
# Parameter: "FWHM (Gaussian)" = 3.3454135026057079 eV +- 0.049213722886278323
# Parameter: "Asymmetry" = 0 +- 0
# Parameter: "Tougaard B" = 5121.5752282768071 eV^2 +- 728.20578650473487
# Parameter: "Tougaard C" = 1643 eV^2 +- 0
# Parameter: "FWHM" = 3.3454135026057079 eV
# Parameter: "Baseline Offset" = 1918.9590435887628 cps +- 12.751637159595003
# Parameter: "Abbe factor" = 0.91692401683560765
# Parameter: "Reduced Chi Square" = 0.96303133169198896
# Parameter: "Q Probability" = 0.62871149428860851
# Parameter: "Number of performed iterations" = 8
# Parameter: "Fit termination reason" = ConvergedInParameter
# Parameter: "Signal" = 4479.0921400243078 cps
# Parameter: "Signal-BG" = 2550.4135554969735 cps
#
# Result Name:                  Background
# Number of Curves:             1
#
# Curve:                        0
# Values/Curve:                 117
#
90  2077.5198
89.832759  2075.3035
89.665517  2073.0688
89.498276  2070.8159
89.331034  2068.5448
89.163793  2066.2558
88.996552  2063.949
88.82931  2061.6244
88.662069  2059.2823
88.494828  2056.9229
88.327586  2054.5462
88.160345  2052.1526
87.993103  2049.7421
87.825862  2047.3149
87.658621  2044.8713
87.491379  2042.4115
87.324138  2039.9357
87.156897  2037.4442
86.989655  2034.937
86.822414  2032.4146
86.655172  2029.8771
86.487931  2027.3248
86.32069  2024.7579
86.153448  2022.1768
85.986207  2019.5817
85.818966  2016.9729
85.651724  2014.3507
85.484483  2011.7154
85.317241  2009.0674
85.15  2006.4069
84.982759  2003.7345
84.815517  2001.0503
84.648276  1998.355
84.481034  1995.6491
84.313793  1992.933
84.146552  1990.2076
83.97931  1987.4737
83.812069  1984.7322
83.644828  1981.9845
83.477586  1979.2321
83.310345  1976.4769
83.143103  1973.7213
82.975862  1970.9682
82.808621  1968.2209
82.641379  1965.4836
82.474138  1962.7613
82.306897  1960.0596
82.139655  1957.385
81.972414  1954.7448
81.805172  1952.1473
81.637931  1949.6011
81.47069  1947.1159
81.303448  1944.7012
81.136207  1942.3672
80.968966  1940.1238
80.801724  1937.9806
80.634483  1935.9463
80.467241  1934.0289
80.3  1932.235
80.132759  1930.5699
79.965517  1929.0369
79.798276  1927.6377
79.631034  1926.3719
79.463793  1925.2376
79.296552  1924.2307
79.12931  1923.3458
78.962069  1922.5759
78.794828  1921.9131
78.627586  1921.3486
78.460345  1920.8729
78.293103  1920.4765
78.125862  1920.1499
77.958621  1919.8839
77.791379  1919.6697
77.624138  1919.4992
77.456897  1919.3652
77.289655  1919.261
77.122414  1919.1811
76.955172  1919.1204
76.787931  1919.075
76.62069  1919.0414
76.453448  1919.0169
76.286207  1918.9992
76.118966  1918.9865
75.951724  1918.9777
75.784483  1918.9715
75.617241  1918.9673
75.45  1918.9644
75.282759  1918.9625
75.115517  1918.9613
74.948276  1918.9604
74.781034  1918.9599
74.613793  1918.9596
74.446552  1918.9594
74.27931  1918.9592
74.112069  1918.9592
73.944828  1918.9591
73.777586  1918.9591
73.610345  1918.9591
73.443103  1918.9591
73.275862  1918.9591
73.108621  1918.959
72.941379  1918.959
72.774138  1918.959
72.606897  1918.959
72.439655  1918.959
72.272414  1918.959
72.105172  1918.959
71.937931  1918.959
71.77069  1918.959
71.603448  1918.959
71.436207  1918.959
71.268966  1918.959
71.101724  1918.959
70.934483  1918.959
70.767241  1918.959
70.6  1918.959

# Result Name:                  Peak Fit
# Number of Curves:             1
#
# Curve:                        0
# Values/Curve:                 117
#
90  2077.5198
89.832759  2075.3035
89.665517  2073.0688
89.498276  2070.8159
89.331034  2068.5448
89.163793  2066.2558
88.996552  2063.949
88.82931  2061.6244
88.662069  2059.2823
88.494828  2056.9229
88.327586  2054.5463
88.160345  2052.1527
87.993103  2049.7423
87.825862  2047.3154
87.658621  2044.8723
87.491379  2042.4133
87.324138  2039.939
87.156897  2037.4502
86.989655  2034.9479
86.822414  2032.4339
86.655172  2029.9111
86.487931  2027.3838
86.32069  2024.859
86.153448  2022.3473
85.986207  2019.8654
85.818966  2017.4385
85.651724  2015.1044
85.484483  2012.9184
85.317241  2010.9613
85.15  2009.3475
84.982759  2008.2372
84.815517  2007.8504
84.648276  2008.4831
84.481034  2010.5264
84.313793  2014.4857
84.146552  2021.0012
83.97931  2030.8648
83.812069  2045.033
83.644828  2064.6314
83.477586  2090.9471
83.310345  2125.4055
83.143103  2169.5274
82.975862  2224.8641
82.808621  2292.9094
82.641379  2374.9889
82.474138  2472.1316
82.306897  2584.929
82.139655  2713.3931
81.972414  2856.825
81.805172  3013.7091
81.637931  3181.6473
81.47069  3357.3466
81.303448  3536.6712
81.136207  3714.7645
80.968966  3886.2401
80.801724  4045.4341
80.634483  4186.704
80.467241  4304.7529
80.3  4394.9534
80.132759  4453.644
79.965517  4478.3711
79.798276  4468.0549
79.631034  4423.0632
79.463793  4345.1862
79.296552  4237.5147
79.12931  4104.2333
78.962069  3950.3478
78.794828  3781.3713
78.627586  3602.9972
78.460345  3420.7843
78.293103  3239.8795
78.125862  3064.795
77.958621  2899.2514
77.791379  2746.0921
77.624138  2607.2641
77.456897  2483.8592
77.289655  2376.2022
77.122414  2283.9709
76.955172  2206.3351
76.787931  2142.0993
76.62069  2089.8379
76.453448  2048.0162
76.286207  2015.089
76.118966  1989.5775
75.951724  1970.1225
75.784483  1955.5172
75.617241  1944.7217
75.45  1936.8643
75.282759  1931.2321
75.115517  1927.2557
74.948276  1924.4905
74.781034  1922.5962
74.613793  1921.3177
74.446552  1920.4675
74.27931  1919.9105
74.112069  1919.5509
73.944828  1919.3222
73.777586  1919.1788
73.610345  1919.0902
73.443103  1919.0362
73.275862  1919.0038
73.108621  1918.9847
72.941379  1918.9735
72.774138  1918.9671
72.606897  1918.9635
72.439655  1918.9614
72.272414  1918.9603
72.105172  1918.9597
71.937931  1918.9594
71.77069  1918.9592
71.603448  1918.9591
71.436207  1918.9591
71.268966  1918.9591
71.101724  1918.9591
70.934483  1918.959
70.767241  1918.959
70.6  1918.959

# Region:                       Al 2p Extended
# Spectrum ID:                  4
# Acquisition Date:             07/22/26 18:41:36 UTC
# Analysis Method:              XPS
# Analyzer:                     PHOIBOS MCD5 Analyzer
# Analyzer Lens:                LargeArea:1.5kV
# Analyzer Slit:                5:7x20\B:open
# Scan Mode:                    FixedAnalyzerTransmission
# Curves/Scan:                  1
# Values/Curve:                 1331
# Dwell Time:                   0.1
# Excitation Energy:            1486.61
# Binding Energy:               190
# Pass Energy:                  50
# Bias Voltage:                 90
# Detector Voltage:             3000
# Eff. Workfunction:            4.543
# Source:                       X-Ray Dummy
# Comment:                      
#
# Cycle: 0
# Number of Scans: 5
#
# Cycle: 0, Curve: 0
# Acquisition Date:             07/22/26 18:41:36 UTC
#
# ColumnLabels:                 energy counts/s
#
190  4130.2993
189.9  3977.3591
189.8  3974.897
189.7  3908.7103
189.6  4199.7479
189.5  3993.3279
189.4  3954.8378
189.3  4067.6396
189.2  4033.1062
189.1  3958.3299
189  4031.2604
188.9  4006.2708
188.8  3958.5655
188.7  3990.0167
188.6  4007.7517
188.5  4067.9816
188.4  4088.7894
188.3  4057.4973
188.2  4206.8009
188.1  4071.2254
188  3886.6446
187.9  4045.4757
187.8  3830.523
187.7  4074.5105
187.6  4083.9882
187.5  3942.6601
187.4  4048.2124
187.3  4016.2024
187.2  4012.0412
187.1  4113.5795
187  4084.2056
186.9  4205.3375
186.8  4039.958
186.7  4094.1261
186.6  4148.4158
186.5  3994.9038
186.4  4084.7334
186.3  4118.7521
186.2  3999.9031
186.1  4075.5801
186  4146.9612
185.9  4052.2704
185.8  4065.3239
185.7  4111.1182
185.6  3965.1365
185.5  3913.4507
185.4  4073.9455
185.3  4014.8895
185.2  4139.6835
185.1  4087.3405
185  4151.3234
184.9  4080.8044
184.8  4164.8407
184.7  4041.0883
184.6  3913.8908
184.5  4068.5827
184.4  4215.7989
184.3  4214.7917
184.2  4086.9549
184.1  4014.8735
184  4198.7601
183.9  4128.409
183.8  4143.6857
183.7  4116.5934
183.6  4074.5994
183.5  4115.1405
183.4  4141.0212
183.3  4105.3259
183.2  4110.8441
183.1  4253.0707
183  3975.3879
182.9  3975.6612
182.8  4133.0053
182.7  4203.5307
182.6  4023.1859
182.5  4174.9315
182.4  4072.4455
182.3  4014.7946
182.2  4118.4549
182.1  4001.2023
182  3964.2675
181.9  4060.31
181.8  4155.6288
181.7  4149.0287
181.6  4197.3184
181.5  4128.9888
181.4  4036.7472
181.3  4208.3623
181.2  4073.0497
181.1  3951.7177
181  4069.5726
180.9  4135.7895
180.8  4012.2765
180.7  4072.0753
180.6  4062.2612
180.5  4181.263
180.4  4170.4479
180.3  4022.3953
180.2  4022.4317
180.1  4093.8655
180  3966.1322
179.9  4204.252
179.8  4125.8682
179.7  4090.7159
179.6  4131.9516
179.5  4179.4202
179.4  4238.0635
179.3  4121.1393
179.2  4037.5678
179.1  4056.0695
179  4055.0467
178.9  3844.8356
178.8  4038.8932
178.7  4190.3106
178.6  4134.2693
178.5  4003.6736
178.4  4067.0693
178.3  4078.3567
178.2  4071.2582
178.1  4036.6307
178  4059.6145
177.9  4092.6842
177.8  4153.8882
177.7  3909.7193
177.6  4055.4694
177.5  4132.5816
177.4  4076.9923
177.3  3997.804
177.2  3968.8562
177.1  4148.7486
177  4069.1264
176.9  4006.269
176.8  4049.3983
176.7  4119.301
176.6  4221.3329
176.5  4013.4287
176.4  4016.2765
176.3  3985.4358
176.2  3962.641
176.1  3984.0478
176  4041.0099
175.9  4060.0942
175.8  4252.4123
175.7  4098.4127
175.6  4104.2383
175.5  3902.6017
175.4  4136.33
175.3  4002.2219
175.2  3933.6197
175.1  3886.5572
175  4049.7885
174.9  3942.0676
174.8  4082.5096
174.7  4028.0209
174.6  4048.9109
174.5  4141.8774
174.4  4117.2095
174.3  4041.87
174.2  4145.1827
174.1  4106.5077
174  4092.0203
173.9  3981.8813
173.8  3966.7088
173.7  4045.5833
173.6  4171.6086
173.5  4018.3425
173.4  3984.042
173.3  4003.2133
173.2  4086.5056
173.1  4026.925
173  4108.8275
172.9  4099.7487
172.8  3969.8385
172.7  4041.6794
172.6  4258.8615
172.5  4013.6363
172.4  4048.1824
172.3  3872.2191
172.2  3950.4789
172.1  4011.6117
172  3938.3671
171.9  4005.3054
171.8  4109.7645
171.7  3870.1012
171.6  4016.7983
171.5  3877.0587
171.4  3842.3365
171.3  4039.5106
171.2  4073.2969
171.1  3993.7288
171  4027.9782
170.9  4017.2608
170.8  4153.1809
170.7  4040.3848
170.6  4030.4772
170.5  4096.2575
170.4  4122.3986
170.3  4071.1999
170.2  4045.9157
170.1  4160.0302
170  3921.1578
169.9  4038.7833
169.8  3999.6785
169.7  4046.9894
169.6  3970.0472
169.5  4042.5404
169.4  4125.0123
169.3  4098.7881
169.2  3904.758
169.1  4122.2396
169  4103.4522
168.9  4203.0828
168.8  4135.1973
168.7  3976.4171
168.6  4125.7724
168.5  4147.2183
168.4  3945.9554
168.3  3959.5045
168.2  4061.459
168.1  4063.0287
168  4006.9216
167.9  3944.9711
167.8  4015.4332
167.7  3926.2859
167.6  4147.2099
167.5  4008.538
167.4  4008.1673
167.3  3923.6971
167.2  3980.5268
167.1  3889.9776
167  3961.0205
166.9  4115.1672
166.8  4084.5275
166.7  4005.87
166.6  3877.6072
166.5  3949.1764
166.4  3914.1226
166.3  3898.9073
166.2  3982.2462
166.1  3987.4323
166  3992.5559
165.9  3989.3801
165.8  4043.2731
165.7  3921.4147
165.6  4007.6719
165.5  4118.7039
165.4  4018.7607
165.3  3898.4728
165.2  3928.1295
165.1  4035.6057
165  3944.4168
164.9  3866.2084
164.8  4062.4518
164.7  4088.6106
164.6  4122.0847
164.5  3926.5188
164.4  3934.9259
164.3  4106.0962
164.2  4039.6135
164.1  3966.0701
164  4031.268
163.9  4038.6437
163.8  4024.3665
163.7  4036.8034
163.6  4121.3844
163.5  4095.2147
163.4  4012.025
163.3  3962.501
163.2  4057.6502
163.1  4002.252
163  3956.3312
162.9  3990.6892
162.8  4194.8634
162.7  3987.9965
162.6  3972.4333
162.5  3960.6156
162.4  3975.672
162.3  3981.1
162.2  3943.2947
162.1  4051.4077
162  3982.9945
161.9  4061.5624
161.8  3901.6958
161.7  3968.1707
161.6  3910.6123
161.5  4073.0295
161.4  4034.0008
161.3  4067.1691
161.2  3988.5925
161.1  4087.7318
161  4150.3643
160.9  4210.3846
160.8  4264.1471
160.7  4172.7647
160.6  4142.2571
160.5  4325.0744
160.4  4332.389
160.3  4224.8036
160.2  4206.9866
160.1  4469.5395
160  4273.3994
159.9  4370.4419
159.8  4493.458
159.7  4392.6096
159.6  4304.5047
159.5  4374.3695
159.4  4331.6637
159.3  4414.7215
159.2  4588.0371
159.1  4658.7851
159  4467.9413
158.9  4481.3312
158.8  4651.705
158.7  4659.5863
158.6  4751.0036
158.5  4714.4183
158.4  4828.5226
158.3  4797.0039
158.2  4809.4339
158.1  4815.5012
158  4888.9525
157.9  4927.4043
157.8  4954.8404
157.7  5149.6856
157.6  5062.078
157.5  4969.9514
157.4  5049.6708
157.3  5047.3843
157.2  5044.1295
157.1  5251.0217
157  5238.3832
156.9  5143.7537
156.8  5196.7331
156.7  5331.445
156.6  5264.3649
156.5  5250.7815
156.4  5263.4423
156.3  5171.2721
156.2  5433.3224
156.1  5335.6073
156  5173.4169
155.9  5037.7874
155.8  5135.3137
155.7  5105.5145
155.6  5138.7525
155.5  5108.1575
155.4  5057.8611
155.3  4957.817
155.2  4897.8857
155.1  5018.062
155  4989.7013
154.9  4747.5405
154.8  4722.271
154.7  4923.8877
154.6  4668.1249
154.5  4691.5446
154.4  4820.1354
154.3  4669.2746
154.2  4650.729
154.1  4586.7902
154  4599.3542
153.9  4552.7643
153.8  4516.7025
153.7  4454.8892
153.6  4360.8482
153.5  4381.034
153.4  4400.0019
153.3  4471.303
153.2  4338.299
153.1  4365.4323
153  4336.0865
152.9  4274.4779
152.8  4319.9793
152.7  4254.4451
152.6  4281.9161
152.5  4213.2544
152.4  4299.348
152.3  4201.2677
152.2  4241.9545
152.1  4262.3938
152  4331.751
151.9  4215.6163
151.8  4151.9614
151.7  4266.7449
151.6  4187.3802
151.5  4205.2253
151.4  4118.6822
151.3  4281.9237
151.2  4092.8932
151.1  4206.0594
151  4150.1675
150.9  4247.8649
150.8  4334.662
150.7  4097.4258
150.6  4177.0889
150.5  4162.003
150.4  3993.7181
150.3  4055.9859
150.2  4055.1785
150.1  4189.8544
150  4087.4139
149.9  4184.9836
149.8  4161.5829
149.7  4109.4033
149.6  4045.8089
149.5  4280.0055
149.4  4155.1643
149.3  4158.2599
149.2  4178.3412
149.1  4132.2344
149  4042.7545
148.9  4206.393
148.8  4165.9831
148.7  4153.1526
148.6  4118.3654
148.5  4141.657
148.4  4178.9725
148.3  4046.4991
148.2  4126.5148
148.1  4190.8575
148  4148.97
147.9  4118.7646
147.8  4124.9044
147.7  4009.6097
147.6  4047.673
147.5  4131.1793
147.4  4111.8307
147.3  4041.3757
147.2  4030.4235
147.1  4012.4919
147  3951.4172
146.9  4147.1231
146.8  3953.4761
146.7  4022.0091
146.6  3989.186
146.5  3989.9008
146.4  4056.4186
146.3  4128.8211
146.2  4045.6838
146.1  3958.7606
146  4036.2552
145.9  4089.205
145.8  4002.8563
145.7  4135.0432
145.6  4027.4225
145.5  3999.4402
145.4  3958.2521
145.3  4146.2692
145.2  4036.6791
145.1  4016.6767
145  4127.0825
144.9  3950.0164
144.8  4135.7993
144.7  4035.3338
144.6  4017.9379
144.5  4104.3685
144.4  4097.2579
144.3  4065.1724
144.2  4172.5515
144.1  4137.2709
144  4104.2585
143.9  4070.9318
143.8  4039.0369
143.7  4158.7115
143.6  4091.1942
143.5  4148.3166
143.4  4297.5067
143.3  4154.5502
143.2  4180.671
143.1  4378.1468
143  4187.8461
142.9  4375.2679
142.8  4113.846
142.7  4168.197
142.6  4226.4175
142.5  4124.1553
142.4  4322.6998
142.3  4222.0228
142.2  4406.5913
142.1  4152.4913
142  4152.6306
141.9  4197.4888
141.8  4367.0427
141.7  4341.4297
141.6  4294.6331
141.5  4236.1434
141.4  4216.6997
141.3  4379.7483
141.2  4471.643
141.1  4177.4022
141  4204.0437
140.9  4279.2885
140.8  4199.3007
140.7  4268.7225
140.6  4340.6205
140.5  4293.9851
140.4  4172.9223
140.3  4132.5703
140.2  4399.339
140.1  4115.8819
140  4269.732
139.9  4237.7385
139.8  4268.5032
139.7  4241.159
139.6  4203.2476
139.5  4069.3892
139.4  4203.9892
139.3  4327.8472
139.2  4249.0816
139.1  4193.5988
139  4073.6628
138.9  4087.6746
138.8  4050.1785
138.7  4044.705
138.6  3975.5903
138.5  3970.0581
138.4  3963.2098
138.3  4117.348
138.2  4014.4268
138.1  4033.6389
138  3829.0191
137.9  3905.2921
137.8  3825.7754
137.7  3970.2297
137.6  3898.7331
137.5  3918.9883
137.4  4009.0885
137.3  3914.6303
137.2  3901.1365
137.1  3982.5938
137  3959.662
136.9  3838.2343
136.8  3899.3063
136.7  3830.0662
136.6  3923.6947
136.5  3935.1075
136.4  3720.9274
136.3  3876.8706
136.2  3900.5736
136.1  3947.8413
136  3915.0882
135.9  3811.7463
135.8  3825.2079
135.7  3790.6556
135.6  3802.4361
135.5  3741.5937
135.4  3728.2913
135.3  3646.2566
135.2  3825.4756
135.1  3793.1783
135  3727.2054
134.9  3696.3377
134.8  3789.8239
134.7  3864.0735
134.6  4021.5241
134.5  3916.2199
134.4  3876.0725
134.3  3858.1301
134.2  3648.3944
134.1  3916.7227
134  3802.9765
133.9  3830.7961
133.8  3854.4939
133.7  3774.7363
133.6  3899.391
133.5  3776.1671
133.4  3852.1232
133.3  3820.6906
133.2  3861.7568
133.1  3865.0967
133  3869.111
132.9  3761.9663
132.8  3799.4338
132.7  3854.2335
132.6  3839.8615
132.5  3951.7603
132.4  3901.7081
132.3  3807.0021
132.2  3699.3108
132.1  3860.4101
132  3879.4448
131.9  3802.9239
131.8  3835.0741
131.7  3772.7093
131.6  3901.3292
131.5  3765.6141
131.4  3767.3179
131.3  3733.7508
131.2  3836.3639
131.1  4022.3393
131  3921.6945
130.9  3947.0648
130.8  3773.246
130.7  3756.2425
130.6  4037.0131
130.5  3893.4582
130.4  4116.4597
130.3  3922.4002
130.2  3933.2293
130.1  3901.2238
130  3948.579
129.9  4051.7258
129.8  4065.1241
129.7  3992.0361
129.6  3938.7678
129.5  4005.2119
129.4  3975.3006
129.3  4022.6758
129.2  4024.0596
129.1  3999.8205
129  4020.5636
128.9  3950.3655
128.8  4078.3048
128.7  4105.9135
128.6  4030.031
128.5  4063.1424
128.4  4078.2392
128.3  4221.9493
128.2  4260.7563
128.1  4234.7634
128  4388.2451
127.9  4316.781
127.8  4328.8353
127.7  4397.6104
127.6  4389.2493
127.5  4544.7229
127.4  4725.5732
127.3  4835.048
127.2  4766.6283
127.1  4826.2789
127  4914.0406
126.9  5024.3945
126.8  5050.5802
126.7  5230.904
126.6  5421.9108
126.5  5553.325
126.4  5575.4922
126.3  5575.1279
126.2  5821.3214
126.1  5954.3118
126  5977.5742
125.9  6243.7255
125.8  6213.2721
125.7  6308.8344
125.6  6434.7373
125.5  6496.5523
125.4  6649.5002
125.3  6628.5965
125.2  6616.5999
125.1  6761.1238
125  6654.9202
124.9  6781.3927
124.8  6707.6492
124.7  6932.7567
124.6  6933.2869
124.5  6796.5448
124.4  6727.0642
124.3  6551.9737
124.2  6626.6084
124.1  6716.1667
124  6580.4508
123.9  6310.9449
123.8  6256.8399
123.7  6147.4652
123.6  6053.911
123.5  5966.8444
123.4  5652.5119
123.3  5529.1988
123.2  5483.3339
123.1  5444.6438
123  5211.8213
122.9  5199.5048
122.8  5071.0805
122.7  4961.8992
122.6  4881.0055
122.5  4731.0044
122.4  4681.1254
122.3  4632.9178
122.2  4502.192
122.1  4294.0326
122  4281.1671
121.9  4290.8242
121.8  4273.3589
121.7  4176.6521
121.6  4144.0108
121.5  4002.255
121.4  3933.6398
121.3  3981.5165
121.2  3802.1154
121.1  3946.6135
121  3756.1856
120.9  3655.455
120.8  3667.08
120.7  3613.8254
120.6  3637.4525
120.5  3600.4871
120.4  3472.5361
120.3  3385.2985
120.2  3467.021
120.1  3577.1439
120  3347.8348
119.9  3474.2596
119.8  3464.0478
119.7  3494.5657
119.6  3446.2148
119.5  3435.1657
119.4  3479.3267
119.3  3410.5311
119.2  3410.792
119.1  3418.1038
119  3334.4324
118.9  3283.4028
118.8  3147.2684
118.7  3085.156
118.6  3220.8637
118.5  3246.7436
118.4  3378.4528
118.3  3309.9204
118.2  3402.5938
118.1  3236.9092
118  3347.6231
117.9  3318.8162
117.8  3375.6883
117.7  3491.5423
117.6  3218.9426
117.5  3194.8217
117.4  3209.4065
117.3  3289.9128
117.2  3243.4739
117.1  3209.039
117  3234.5395
116.9  3307.393
116.8  3089.4197
116.7  3299.9744
116.6  3229.1197
116.5  3184.5025
116.4  3195.178
116.3  3227.1257
116.2  3212.0265
116.1  3292.1593
116  3270.0457
115.9  3223.3595
115.8  3232.2781
115.7  3301.528
115.6  3246.4613
115.5  3281.9312
115.4  3219.2509
115.3  3287.5021
115.2  3337.5349
115.1  3160.4228
115  3397.0498
114.9  3302.7548
114.8  3356.6006
114.7  3373.0979
114.6  3470.1297
114.5  3317.3374
114.4  3334.4512
114.3  3308.8351
114.2  3423.8382
114.1  3402.118
114  3298.5027
113.9  3416.3037
113.8  3392.1378
113.7  3338.4651
113.6  3254.882
113.5  3462.5596
113.4  3417.8511
113.3  3290.4802
113.2  3409.1124
113.1  3428.1326
113  3498.149
112.9  3449.1502
112.8  3408.6182
112.7  3435.2255
112.6  3415.8759
112.5  3355.8486
112.4  3655.47
112.3  3564.9116
112.2  3534.1626
112.1  3451.0704
112  3587.6474
111.9  3731.1523
111.8  3659.3444
111.7  3589.3903
111.6  3688.9238
111.5  3683.1838
111.4  3631.5417
111.3  3701.7451
111.2  3762.4172
111.1  3705.9555
111  3731.2414
110.9  3648.9517
110.8  3675.8985
110.7  3683.6631
110.6  3617.5072
110.5  3759.6052
110.4  3668.5589
110.3  3797.7025
110.2  3533.7802
110.1  3568.2974
110  3674.359
109.9  3746.7727
109.8  3697.5326
109.7  3633.7242
109.6  3832.3056
109.5  3648.6665
109.4  3503.2054
109.3  3615.2817
109.2  3668.6613
109.1  3772.1857
109  3713.247
108.9  3731.672
108.8  3696.2178
108.7  3967.9005
108.6  3741.0509
108.5  3766.9143
108.4  3958.0905
108.3  4047.1023
108.2  4151.2469
108.1  4108.8413
108  4235.6302
107.9  4393.6619
107.8  4588.412
107.7  4528.0877
107.6  4724.9658
107.5  4820.6802
107.4  4969.4516
107.3  5166.9116
107.2  5411.5467
107.1  5593.5163
107  5767.6602
106.9  5869.9561
106.8  5930.0123
106.7  6343.3727
106.6  6399.6916
106.5  6609.4216
106.4  7105.3618
106.3  7051.7479
106.2  7261.7322
106.1  7756.4441
106  7944.1836
105.9  8021.7159
105.8  8052.2116
105.7  8285.7687
105.6  8413.7004
105.5  8420.158
105.4  8480.4283
105.3  8551.6454
105.2  8505.1904
105.1  8483.9225
105  8691.7415
104.9  8749.2821
104.8  8554.6844
104.7  8624.6538
104.6  8475.4207
104.5  8150.7551
104.4  7943.2313
104.3  8231.5495
104.2  7839.2474
104.1  7619.6494
104  7385.0727
103.9  7459.4486
103.8  6916.9403
103.7  6789.8742
103.6  6586.408
103.5  6464.311
103.4  6219.6437
103.3  5895.7646
103.2  5799.9899
103.1  5427.8599
103  5257.3494
102.9  5058.2368
102.8  4947.2089
102.7  4834.5706
102.6  4547.5615
102.5  4448.0234
102.4  4325.2887
102.3  4210.9603
102.2  4111.1619
102.1  4116.2854
102  3815.3702
101.9  3617.71
101.8  3408.0594
101.7  3435.0213
101.6  3490.3351
101.5  3276.4042
101.4  3306.4571
101.3  3191.1055
101.2  3014.3636
101.1  3006.6446
101  2956.6745
100.9  2959.353
100.8  2828.5521
100.7  2818.5506
100.6  3005.1667
100.5  2754.8995
100.4  2837.3635
100.3  2713.1024
100.2  2661.4432
100.1  2688.7302
100  2755.4206
99.9  2702.2188
99.8  2535.2383
99.7  2496.2223
99.6  2624.4759
99.5  2612.1073
99.4  2576.3689
99.3  2563.803
99.2  2428.0488
99.1  2498.1499
99  2445.5109
98.9  2445.2048
98.8  2422.3472
98.7  2371.9038
98.6  2360.584
98.5  2475.9161
98.4  2446.2802
98.3  2520.3931
98.2  2427.3518
98.1  2249.872
98  2290.4716
97.9  2350.7789
97.8  2300.7434
97.7  2266.4461
97.6  2251.8761
97.5  2241.6108
97.4  2280.0571
97.3  2299.0327
97.2  2259.7201
97.1  2225.208
97  2333.7174
96.9  2253.8959
96.8  2269.1671
96.7  2285.657
96.6  2277.4531
96.5  2093.1271
96.4  2236.5108
96.3  2199.6989
96.2  2272.6395
96.1  2156.4164
96  2232.7872
95.9  2102.6018
95.8  2217.2397
95.7  2225.1769
95.6  2184.6163
95.5  2218.1769
95.4  2206.8319
95.3  2134.6895
95.2  2270.9528
95.1  2185.5295
95  2274.932
94.9  2158.568
94.8  2244.5244
94.7  2113.4552
94.6  2107.9443
94.5  2157.316
94.4  2150.9516
94.3  2103.4591
94.2  2197.8942
94.1  2103.5986
94  2118.7311
93.9  2073.6901
93.8  2060.6332
93.7  1962.8977
93.6  2133.6098
93.5  2163.2143
93.4  2151.1918
93.3  2170.6175
93.2  2137.1093
93.1  2131.2451
93  2002.4196
92.9  2074.6116
92.8  1993.8042
92.7  2065.3516
92.6  2058.3543
92.5  2088.4197
92.4  2117.2116
92.3  2028.7851
92.2  2037.3559
92.1  2093.1598
92  2117.1053
91.9  2000.3381
91.8  2103.1689
91.7  2066.7788
91.6  2070.2491
91.5  1991.9473
91.4  2001.2524
91.3  2016.1158
91.2  2010.9566
91.1  1945.47
91  1997.8427
90.9  2031.9409
90.8  2088.3814
90.7  2054.2666
90.6  2033.4639
90.5  2101.1457
90.4  1978.0426
90.3  2020.4747
90.2  2074.1318
90.1  2082.5536
90  1967.6262
89.9  2048.3204
89.8  2066.7609
89.7  1997.3707
89.6  2162.4619
89.5  2112.1552
89.4  2090.6864
89.3  1995.0961
89.2  2108.8878
89.1  2075.4229
89  2138.2228
88.9  2117.6776
88.8  2224.4726
88.7  2135.7731
88.6  2059.4932
88.5  2059.0052
88.4  2125.2442
88.3  2014.9095
88.2  2098.4881
88.1  2113.9466
88  2035.1546
87.9  2160.3574
87.8  2105.3527
87.7  2105.6823
87.6  2183.4573
87.5  2048.3694
87.4  2036.3775
87.3  2055.3545
87.2  2076.8397
87.1  2028.4984
87  2067.1435
86.9  2046.9678
86.8  2021.9188
86.7  1940.5237
86.6  1963.9062
86.5  1965.1419
86.4  1974.9436
86.3  1968.6769
86.2  2058.8687
86.1  2020.2946
86  1916.549
85.9  2058.2772
85.8  2022.4665
85.7  1972.3736
85.6  2048.7739
85.5  2077.1771
85.4  2086.0334
85.3  2074.4625
85.2  2016.3927
85.1  2097.444
85  2161.5337
84.9  2148.5821
84.8  2099.3384
84.7  2137.3612
84.6  2164.2411
84.5  2024.4934
84.4  2133.6727
84.3  2188.4678
84.2  2162.8658
84.1  2157.1387
84  2085.4336
83.9  2061.8778
83.8  2039.7624
83.7  2120.7292
83.6  2224.4979
83.5  2249.6843
83.4  2200.0679
83.3  2221.9854
83.2  2244.838
83.1  2229.8262
83  2233.4717
82.9  2306.5236
82.8  2387.698
82.7  2314.978
82.6  2353.3575
82.5  2461.693
82.4  2403.2369
82.3  2528.0432
82.2  2660.2342
82.1  2723.2724
82  2902.45
81.9  2951.5884
81.8  3011.6764
81.7  3208.389
81.6  3310.9882
81.5  3271.9528
81.4  3488.7396
81.3  3455.3913
81.2  3590.1799
81.1  3751.1543
81  3799.4157
80.9  3948.6482
80.8  4316.3135
80.7  4130.9124
80.6  4189.7852
80.5  4198.5604
80.4  4101.9252
80.3  4282.5242
80.2  4344.8681
80.1  4344.4253
80  4469.0751
79.9  4368.6923
79.8  4445.0217
79.7  4503.5827
79.6  4397.9337
79.5  4355.6217
79.4  4371.9989
79.3  4394.0146
79.2  4085.0404
79.1  4093.0889
79  3963.9355
78.9  3954.1676
78.8  3830.5432
78.7  3718.2162
78.6  3692.0777
78.5  3586.0873
78.4  3331.6809
78.3  3207.6684
78.2  3244.8315
78.1  3006.2187
78  2889.9301
77.9  2830.7668
77.8  2752.0684
77.7  2652.2185
77.6  2506.8619
77.5  2449.444
77.4  2402.8566
77.3  2398.7822
77.2  2451.9716
77.1  2350.4432
77  2303.7632
76.9  2179.4972
76.8  2114.2961
76.7  2152.4573
76.6  2147.55
76.5  2118.6597
76.4  2094.3936
76.3  1988.4805
76.2  2095.0918
76.1  2000.269
76  1896.0647
75.9  1938.9553
75.8  2151.1974
75.7  1986.0799
75.6  1944.0569
75.5  1974.8876
75.4  1989.1697
75.3  1941.547
75.2  2034.1093
75.1  1984.8936
75  1923.9723
74.9  1854.645
74.8  1854.1574
74.7  1807.1811
74.6  1817.3921
74.5  1912.0955
74.4  1944.2585
74.3  1888.9386
74.2  2043.5851
74.1  1935.9666
74  1887.3936
73.9  1950.4927
73.8  1883.6033
73.7  1983.1126
73.6  1969.5229
73.5  1873.4889
73.4  1898.201
73.3  1901.3532
73.2  1957.7045
73.1  1924.4293
73  1903.2407
72.9  1909.7999
72.8  1931.3057
72.7  1809.6008
72.6  1867.9649
72.5  1881.2577
72.4  1879.9044
72.3  1821.947
72.2  1949.6887
72.1  1883.0987
72  2045.7148
71.9  1998.9544
71.8  1890.8197
71.7  1913.7078
71.6  1933.7897
71.5  1971.6192
71.4  1967.2191
71.3  2008.607
71.2  2012.5383
71.1  2005.7676
71  1993.1971
70.9  1962.5574
70.8  2018.7656
70.7  1944.8898
70.6  1875.4797
70.5  1923.6454
70.4  1910.1677
70.3  1991.4414
70.2  1970.5396
70.1  2068.8615
70  2147.2999
69.9  2098.687
69.8  2070.6993
69.7  1983.6832
69.6  2001.6558
69.5  2074.385
69.4  2080.0405
69.3  2040.2096
69.2  2020.8343
69.1  1965.6423
69  1990.858
68.9  2026.5509
68.8  1904.4467
68.7  1948.5391
68.6  2065.5485
68.5  2102.8914
68.4  1876.0259
68.3  1922.3338
68.2  1999.0577
68.1  1958.8695
68  1970.6202
67.9  1981.2271
67.8  1914.8595
67.7  1987.5859
67.6  1961.6106
67.5  1953.0575
67.4  2029.8636
67.3  1982.6865
67.2  2021.7846
67.1  1895.5497
67  1972.0282
66.9  1833.1396
66.8  1916.7116
66.7  1943.2469
66.6  1960.29
66.5  1881.7823
66.4  1868.6484
66.3  1860.4814
66.2  1959.5705
66.1  1887.6437
66  1889.1849
65.9  1814.1905
65.8  1869.1852
65.7  1905.3716
65.6  1893.4844
65.5  1751.4992
65.4  1845.6737
65.3  1793.6647
65.2  1923.1076
65.1  1794.2863
65  1777.245
64.9  1874.171
64.8  1830.2448
64.7  1802.8085
64.6  1763.6996
64.5  1736.5731
64.4  1759.8969
64.3  1796.1596
64.2  1848.9974
64.1  1851.7345
64  1782.2339
63.9  1747.2747
63.8  1692.0582
63.7  1726.6874
63.6  1798.5721
63.5  1797.2053
63.4  1770.0446
63.3  1869.4541
63.2  1900.3855
63.1  1786.049
63  1804.1595
62.9  1806.5817
62.8  1886.5056
62.7  1833.8393
62.6  1679.3498
62.5  1728.1275
62.4  1809.6658
62.3  1715.5469
62.2  1734.9859
62.1  1642.5561
62  1677.819
61.9  1762.2047
61.8  1762.7692
61.7  1759.7572
61.6  1718.336
61.5  1715.0062
61.4  1782.5772
61.3  1675.0707
61.2  1731.9926
61.1  1714.1197
61  1756.068
60.9  1756.7685
60.8  1631.2148
60.7  1739.2743
60.6  1623.2536
60.5  1629.313
60.4  1641.5604
60.3  1704.6559
60.2  1792.1893
60.1  1746.2229
60  1744.5695
59.9  1794.1129
59.8  1733.6979
59.7  1718.1281
59.6  1778.5375
59.5  1765.2896
59.4  1711.5709
59.3  1752.883
59.2  1723.558
59.1  1643.1263
59  1866.8117
58.9  1736.4528
58.8  1739.2697
58.7  1751.6473
58.6  1665.0036
58.5  1740.5683
58.4  1730.7338
58.3  1658.9141
58.2  1702.876
58.1  1742.8803
58  1703.8072
57.9  1709.0994
57.8  1754.1885
57.7  1698.144
57.6  1749.1422
57.5  1809.723
57.4  1809.4599
57.3  1731.0389
57.2  1828.2027
57.1  1744.1143
57  1769.1643

# Operation:                    Peak Fit
# Range Start:                  90
# Range End:                    70.5317
# Parameter: "Transition" = 
# Parameter: "Label" = 
# Parameter: "Background Method" = Tougaard
# Parameter: "Peak Shape" = Voigt
# Parameter: "Asymmetric Peak" = false
# Parameter: "FWHM-Annotation" = S-B = <Signal-BG:@>\nFWHM = <FWHM:@>\nArea = <Area:@>
# Parameter: "Peak-Annotation" = <Label>\n<Transition>\nE = <Center:@>
#
# Result:
# Number of Results:            2
# Parameter: "Transition" = 
# Parameter: "Label" = 
# Parameter: "Center" = 79.913224397233307 eV +- 0.013201729058052575
# Parameter: "Area" = 9688.3654261604934 cps eV +- 264.08342786960446
# Parameter: "FWHM (Lorentzian)" = 0.51966185386814479 eV +- 0.18079531036683275
# Parameter: "FWHM (Gaussian)" = 3.0646313984477587 eV +- 0.11929392151413898
# Parameter: "Asymmetry" = 0 +- 0
# Parameter: "Tougaard B" = 5753.5381074648922 eV^2 +- 440.35981358854536
# Parameter: "Tougaard C" = 1643 eV^2 +- 0
# Parameter: "FWHM" = 3.3519708562850803 eV
# Parameter: "Baseline Offset" = 1905.0220094737679 cps +- 13.636976670269737
# Parameter: "Abbe factor" = 0.62684473052808787
# Parameter: "Reduced Chi Square" = 1.0340293237258011
# Parameter: "Q Probability" = 0.35921800427283129
# Parameter: "Number of performed iterations" = 10
# Parameter: "Fit termination reason" = ConvergedInParameter
# Parameter: "Signal" = 4468.367809766396 cps
# Parameter: "Signal-BG" = 2550.238381392543 cps
#
# Result Name:                  Background
# Number of Curves:             1
#
# Curve:                        0
# Values/Curve:                 117
#
90  2092.2099
89.832759  2089.5666
89.665517  2086.9034
89.498276  2084.2206
89.331034  2081.5182
89.163793  2078.7965
88.996552  2076.0555
88.82931  2073.2956
88.662069  2070.5168
88.494828  2067.7195
88.327586  2064.9037
88.160345  2062.0698
87.993103  2059.218
87.825862  2056.3484
87.658621  2053.4614
87.491379  2050.5573
87.324138  2047.6363
87.156897  2044.6987
86.989655  2041.7448
86.822414  2038.775
86.655172  2035.7895
86.487931  2032.7888
86.32069  2029.7731
86.153448  2026.7429
85.986207  2023.6985
85.818966  2020.6403
85.651724  2017.5689
85.484483  2014.4846
85.317241  2011.3879
85.15  2008.2793
84.982759  2005.1594
84.815517  2002.0287
84.648276  1998.888
84.481034  1995.7378
84.313793  1992.5791
84.146552  1989.4128
83.97931  1986.2398
83.812069  1983.0615
83.644828  1979.8794
83.477586  1976.6951
83.310345  1973.5108
83.143103  1970.3291
82.975862  1967.1529
82.808621  1963.986
82.641379  1960.8327
82.474138  1957.6982
82.306897  1954.5883
82.139655  1951.51
81.972414  1948.4711
81.805172  1945.4802
81.637931  1942.5468
81.47069  1939.6812
81.303448  1936.8941
81.136207  1934.1966
80.968966  1931.5996
80.801724  1929.1138
80.634483  1926.7494
80.467241  1924.5153
80.3  1922.4192
80.132759  1920.467
79.965517  1918.6628
79.798276  1917.0086
79.631034  1915.5042
79.463793  1914.1474
79.296552  1912.9337
79.12931  1911.8571
78.962069  1910.9098
78.794828  1910.0829
78.627586  1909.3664
78.460345  1908.75
78.293103  1908.2231
78.125862  1907.7752
77.958621  1907.3962
77.791379  1907.0765
77.624138  1906.8075
77.456897  1906.5812
77.289655  1906.3907
77.122414  1906.2298
76.955172  1906.0933
76.787931  1905.9769
76.62069  1905.8769
76.453448  1905.7903
76.286207  1905.7147
76.118966  1905.6481
75.951724  1905.589
75.784483  1905.5362
75.617241  1905.4885
75.45  1905.4454
75.282759  1905.4061
75.115517  1905.3702
74.948276  1905.3372
74.781034  1905.307
74.613793  1905.2791
74.446552  1905.2533
74.27931  1905.2296
74.112069  1905.2077
73.944828  1905.1875
73.777586  1905.1689
73.610345  1905.1518
73.443103  1905.1361
73.275862  1905.1216
73.108621  1905.1084
72.941379  1905.0964
72.774138  1905.0854
72.606897  1905.0755
72.439655  1905.0665
72.272414  1905.0586
72.105172  1905.0515
71.937931  1905.0452
71.77069  1905.0398
71.603448  1905.0352
71.436207  1905.0313
71.268966  1905.0281
71.101724  1905.0256
70.934483  1905.0238
70.767241  1905.0226
70.6  1905.022

# Result Name:                  Peak Fit
# Number of Curves:             1
#
# Curve:                        0
# Values/Curve:                 117
#
90  2100.5099
89.832759  2098.1652
89.665517  2095.8175
89.498276  2093.4682
89.331034  2091.1189
89.163793  2088.7715
88.996552  2086.4278
88.82931  2084.09
88.662069  2081.7605
88.494828  2079.442
88.327586  2077.1374
88.160345  2074.8501
87.993103  2072.5839
87.825862  2070.3429
87.658621  2068.1319
87.491379  2065.9565
87.324138  2063.8229
87.156897  2061.7384
86.989655  2059.7114
86.822414  2057.7521
86.655172  2055.8724
86.487931  2054.0866
86.32069  2052.4125
86.153448  2050.872
85.986207  2049.4927
85.818966  2048.3101
85.651724  2047.3702
85.484483  2046.7329
85.317241  2046.4778
85.15  2046.7101
84.982759  2047.5694
84.815517  2049.2406
84.648276  2051.9673
84.481034  2056.0671
84.313793  2061.9502
84.146552  2070.1383
83.97931  2081.2844
83.812069  2096.1902
83.644828  2115.8189
83.477586  2141.2995
83.310345  2173.9181
83.143103  2215.092
82.975862  2266.3229
82.808621  2329.1242
82.641379  2404.9229
82.474138  2494.9365
82.306897  2600.0286
82.139655  2720.5539
81.972414  2856.2029
81.805172  3005.8643
81.637931  3167.5203
81.47069  3338.1956
81.303448  3513.9734
81.136207  3690.0914
80.968966  3861.1194
80.801724  4021.2168
80.634483  4164.4516
80.467241  4285.1613
80.3  4378.3238
80.132759  4439.9038
79.965517  4467.143
79.798276  4458.7632
79.631034  4415.0617
79.463793  4337.8889
79.296552  4230.5111
79.12931  4097.3713
78.962069  3943.7749
78.794828  3775.5293
78.627586  3598.5734
78.460345  3418.629
78.293103  3240.9025
78.125862  3069.8566
77.958621  2909.0625
77.791379  2761.1351
77.624138  2627.744
77.456897  2509.6861
77.289655  2407.0049
77.122414  2319.1371
76.955172  2245.0692
76.787931  2183.4897
76.62069  2132.9264
76.453448  2091.8608
76.286207  2058.8161
76.118966  2032.4201
75.951724  2011.4442
75.784483  1994.8216
75.617241  1981.651
75.45  1971.1888
75.282759  1962.8336
75.115517  1956.1082
74.948276  1950.6398
74.781034  1946.1408
74.613793  1942.3918
74.446552  1939.2265
74.27931  1936.5197
74.112069  1934.177
73.944828  1932.1274
73.777586  1930.3168
73.610345  1928.7039
73.443103  1927.2568
73.275862  1925.9505
73.108621  1924.7651
72.941379  1923.6844
72.774138  1922.6955
72.606897  1921.7874
72.439655  1920.9508
72.272414  1920.1782
72.105172  1919.4628
71.937931  1918.7989
71.77069  1918.1816
71.603448  1917.6064
71.436207  1917.0695
71.268966  1916.5676
71.101724  1916.0976
70.934483  1915.657
70.767241  1915.2432
70.6  1914.8542

# Region:                       Mo 3d
# Spectrum ID:                  5
# Acquisition Date:             07/22/26 18:46:11 UTC
# Analysis Method:              XPS
# Analyzer:                     PHOIBOS MCD5 Analyzer
# Analyzer Lens:                LargeArea:1.5kV
# Analyzer Slit:                5:7x20\B:open
# Scan Mode:                    FixedAnalyzerTransmission
# Curves/Scan:                  1
# Values/Curve:                 421
# Dwell Time:                   0.1
# Excitation Energy:            1486.61
# Binding Energy:               257
# Pass Energy:                  50
# Bias Voltage:                 90
# Detector Voltage:             3000
# Eff. Workfunction:            4.543
# Source:                       X-Ray Dummy
# Comment:                      
#
# Cycle: 0
# Number of Scans: 5
#
# Cycle: 0, Curve: 0
# Acquisition Date:             07/22/26 18:46:11 UTC
#
# ColumnLabels:                 energy counts/s
#
257  4533.6071
256.9  4407.2237
256.8  4391.2846
256.7  4336.0274
256.6  4308.0818
256.5  4473.6181
256.4  4497.4018
256.3  4518.2746
256.2  4314.572
256.1  4364.5791
256  4441.6386
255.9  4450.7897
255.8  4458.5535
255.7  4560.7151
255.6  4316.0482
255.5  4424.7878
255.4  4414.3491
255.3  4517.3876
255.2  4282.1286
255.1  4333.9784
255  4574.8168
254.9  4415.9076
254.8  4391.8645
254.7  4487.8995
254.6  4282.1728
254.5  4341.9683
254.4  4433.3259
254.3  4249.1529
254.2  4392.5955
254.1  4463.5563
254  4521.5523
253.9  4485.9295
253.8  4435.4781
253.7  4419.4486
253.6  4308.4419
253.5  4281.1475
253.4  4382.5626
253.3  4516.1776
253.2  4341.0525
253.1  4282.4677
253  4344.3376
252.9  4321.2794
252.8  4361.5644
252.7  4437.9812
252.6  4474.9346
252.5  4438.5571
252.4  4464.648
252.3  4456.7029
252.2  4298.2313
252.1  4479.3895
252  4362.0026
251.9  4215.4211
251.8  4366.548
251.7  4463.5292
251.6  4308.3706
251.5  4196.4079
251.4  4289.1527
251.3  4346.5283
251.2  4236.7065
251.1  4340.1202
251  4349.2302
250.9  4287.158
250.8  4370.7379
250.7  4270.1557
250.6  4348.2649
250.5  4209.0803
250.4  4334.9378
250.3  4248.3901
250.2  4315.3152
250.1  4220.5116
250  4186.1623
249.9  4287.1396
249.8  4375.2801
249.7  4254.9053
249.6  4337.2029
249.5  4317.9363
249.4  4335.3097
249.3  4397.2005
249.2  4391.4507
249.1  4387.6438
249  4275.4547
248.9  4199.4895
248.8  4335.481
248.7  4226.888
248.6  4216.5696
248.5  4184.2094
248.4  4107.8229
248.3  4131.1188
248.2  4197.5924
248.1  4204.4051
248  4226.1987
247.9  4263.7531
247.8  4201.8459
247.7  4141.9744
247.6  4210.9205
247.5  4130.4397
247.4  4123.4041
247.3  4346.7929
247.2  4408.7614
247.1  4337.8029
247  4353.6074
246.9  4200.4522
246.8  4198.412
246.7  4235.9188
246.6  4239.5652
246.5  4321.2705
246.4  4177.1109
246.3  4232.4641
246.2  4249.5117
246.1  4116.7732
246  4237.3028
245.9  4333.268
245.8  4314.31
245.7  4249.1016
245.6  4291.701
245.5  4300.826
245.4  4267.2309
245.3  4249.1047
245.2  4285.3982
245.1  4175.1901
245  4265.0712
244.9  4337.2207
244.8  4361.7196
244.7  4209.4789
244.6  4439.8397
244.5  4341.1308
244.4  4393.1609
244.3  4369.8725
244.2  4289.8239
244.1  4622.9952
244  4606.3947
243.9  4474.2412
243.8  4457.2821
243.7  4621.2329
243.6  4635.5895
243.5  4577.6013
243.4  4677.697
243.3  4690.8914
243.2  4797.6354
243.1  4784.0199
243  4762.8502
242.9  4808.015
242.8  4901.0323
242.7  5004.873
242.6  4923.0504
242.5  4952.6996
242.4  5069.101
242.3  4981.653
242.2  5130.0542
242.1  5206.4661
242  5366.4701
241.9  5415.913
241.8  5312.686
241.7  5316.82
241.6  5291.8449
241.5  5372.0951
241.4  5350.8739
241.3  5300.0592
241.2  5497.3385
241.1  5542.5827
241  5493.5266
240.9  5494.7827
240.8  5618.5445
240.7  5654.108
240.6  5523.9244
240.5  5689.6915
240.4  5531.0773
240.3  5566.6198
240.2  5668.0647
240.1  5619.3299
240  5548.3108
239.9  5732.4586
239.8  5682.7717
239.7  5542.4237
239.6  5740.7947
239.5  5869.0857
239.4  5666.6331
239.3  5723.2678
239.2  5925.5829
239.1  5989.4899
239  5768.5615
238.9  5977.4801
238.8  5748.2944
238.7  5986.8258
238.6  5935.0654
238.5  5897.9329
238.4  5896.8245
238.3  5895.8822
238.2  5752.9777
238.1  5789.1804
238  5860.3788
237.9  5812.9293
237.8  5850.0147
237.7  5775.4822
237.6  5718.7446
237.5  5602.7502
237.4  5726.2166
237.3  5415.366
237.2  5327.4455
237.1  5364.7848
237  5270.0198
236.9  5297.8958
236.8  5121.5545
236.7  5208.0234
236.6  5125.6413
236.5  4947.8731
236.4  4995.5499
236.3  4956.8829
236.2  4954.6572
236.1  4802.4627
236  4799.4715
235.9  4560.1197
235.8  4421.7337
235.7  4431.4078
235.6  4341.3528
235.5  4296.4616
235.4  4258.7291
235.3  4358.7227
235.2  4275.0598
235.1  4323.4441
235  4171.3955
234.9  4189.6654
234.8  4212.4043
234.7  4230.9536
234.6  4236.7029
234.5  4234.107
234.4  4197.5018
234.3  4189.6663
234.2  4234.2687
234.1  4186.8886
234  4172.6663
233.9  3962.525
233.8  4147.841
233.7  4125.8469
233.6  4214.0918
233.5  4273.6859
233.4  4271.3481
233.3  4096.7278
233.2  4189.1838
233.1  4098.1752
233  4083.5757
232.9  4083.6687
232.8  4134.7424
232.7  4096.5868
232.6  4006.5812
232.5  4082.6627
232.4  4107.8325
232.3  4110.2393
232.2  4214.4939
232.1  4129.0336
232  4219.1895
231.9  4103.2717
231.8  4039.1176
231.7  4049.5683
231.6  4156.3428
231.5  4083.356
231.4  4190.0077
231.3  4009.1131
231.2  4124.5134
231.1  4229.7654
231  4130.5098
230.9  3994.1107
230.8  4011.2052
230.7  4023.4322
230.6  4058.1811
230.5  4057.5754
230.4  4167.2337
230.3  4070.2831
230.2  4122.5697
230.1  4179.5242
230  4245.0922
229.9  4146.2249
229.8  4135.3796
229.7  4162.9369
229.6  4172.3454
229.5  4176.0183
229.4  4155.9423
229.3  4155.2748
229.2  4080.192
229.1  4202.7673
229  4341.3273
228.9  4268.6907
228.8  4186.1008
228.7  4146.8143
228.6  4047.1581
228.5  4039.7428
228.4  4051.9414
228.3  4179.41
228.2  4150.7229
228.1  4113.2597
228  4246.6564
227.9  4016.8887
227.8  4163.6779
227.7  4222.3308
227.6  4106.3857
227.5  4007.5358
227.4  4075.1775
227.3  4181.5143
227.2  4016.5669
227.1  3959.5391
227  4072.8264
226.9  4089.7497
226.8  3984.6354
226.7  4125.1554
226.6  4144.574
226.5  4082.9318
226.4  3991.1201
226.3  4129.9504
226.2  4051.4113
226.1  4190.0868
226  4032.3001
225.9  4031.3159
225.8  4105.3161
225.7  4073.5516
225.6  3937.3906
225.5  3957.8476
225.4  4107.2877
225.3  3969.2263
225.2  4000.8761
225.1  4065.336
225  3981.9652
224.9  4007.6838
224.8  4041.643
224.7  4014.6644
224.6  3966.3137
224.5  4111.5921
224.4  4037.4062
224.3  3966.883
224.2  3880.8248
224.1  4144.9962
224  3930.3255
223.9  3917.6541
223.8  4004.4613
223.7  4077.8851
223.6  4104.6346
223.5  4062.8307
223.4  4041.2978
223.3  4088.4162
223.2  3893.7512
223.1  4016.0049
223  3831.5649
222.9  3972.1428
222.8  3905.4881
222.7  3889.0047
222.6  3950.8527
222.5  4012.0728
222.4  4026.0407
222.3  4084.4674
222.2  4071.4991
222.1  4043.4813
222  3987.9406
221.9  3948.18
221.8  3995.2475
221.7  4072.5989
221.6  4052.1884
221.5  3854.1022
221.4  4132.3816
221.3  4015.1295
221.2  4093.5197
221.1  4141.4791
221  4046.5785
220.9  4068.0041
220.8  4012.0615
220.7  4023.0747
220.6  3956.2646
220.5  3817.6456
220.4  3992.64
220.3  4027.5104
220.2  4052.3715
220.1  3918.9946
220  3965.3673
219.9  4040.2229
219.8  3998.306
219.7  4107.1386
219.6  4033.1183
219.5  3923.1747
219.4  3859.6952
219.3  4095.1825
219.2  4080.3672
219.1  4013.5504
219  4033.2525
218.9  4002.882
218.8  3984.6207
218.7  3902.4612
218.6  3964.594
218.5  3975.4022
218.4  4115.4628
218.3  4086.0112
218.2  4053.522
218.1  3971.9243
218  3887.401
217.9  4013.8456
217.8  3963.1289
217.7  4001.8851
217.6  4015.7246
217.5  4118.4754
217.4  3877.2237
217.3  4020.4677
217.2  4074.5792
217.1  4030.6407
217  3947.0558
216.9  4096.092
216.8  3993.8746
216.7  4163.1919
216.6  3929.4501
216.5  3942.9161
216.4  4017.6011
216.3  3954.661
216.2  4031.875
216.1  4014.994
216  3939.9213
215.9  4056.9882
215.8  3947.4409
215.7  4118.6124
215.6  4114.6589
215.5  4027.5745
215.4  3967.3191
215.3  3816.142
215.2  3910.1712
215.1  3941.8516
215  3909.6671

# Region:                       Mo 3d Hi Res
# Spectrum ID:                  6
# Acquisition Date:             07/22/26 18:53:27 UTC
# Analysis Method:              XPS
# Analyzer:                     PHOIBOS MCD5 Analyzer
# Analyzer Lens:                LargeArea:1.5kV
# Analyzer Slit:                5:7x20\B:open
# Scan Mode:                    FixedAnalyzerTransmission
# Curves/Scan:                  1
# Values/Curve:                 421
# Dwell Time:                   0.1
# Excitation Energy:            1486.61
# Binding Energy:               257
# Pass Energy:                  10
# Bias Voltage:                 90
# Detector Voltage:             3000
# Eff. Workfunction:            4.543
# Source:                       X-Ray Dummy
# Comment:                      
#
# Cycle: 0
# Number of Scans: 20
#
# Cycle: 0, Curve: 0
# Acquisition Date:             07/22/26 18:53:27 UTC
#
# ColumnLabels:                 energy counts/s
#
257  321.75812
256.9  293.37762
256.8  314.12347
256.7  288.90585
256.6  327.23325
256.5  311.37132
256.4  295.30065
256.3  312.88425
256.2  296.13212
256.1  305.21525
256  298.65531
255.9  297.93648
255.8  295.873
255.7  315.55317
255.6  289.06963
255.5  314.88838
255.4  328.00382
255.3  312.43683
255.2  314.60719
255.1  297.55355
255  303.01846
254.9  301.59984
254.8  320.10412
254.7  319.07036
254.6  301.99677
254.5  290.98714
254.4  290.59686
254.3  300.46292
254.2  310.02729
254.1  289.33985
254  318.01983
253.9  296.50816
253.8  304.41393
253.7  293.21269
253.6  294.43155
253.5  279.9467
253.4  303.54107
253.3  297.08835
253.2  303.39911
253.1  290.74512
253  302.94018
252.9  302.79297
252.8  300.33671
252.7  314.94571
252.6  293.49095
252.5  296.64541
252.4  309.25741
252.3  300.15705
252.2  311.84348
252.1  296.443
252  316.55552
251.9  301.7936
251.8  298.4433
251.7  316.09581
251.6  281.57896
251.5  298.54912
251.4  320.30433
251.3  314.00407
251.2  314.78635
251.1  295.81898
251  283.16335
250.9  296.1517
250.8  305.459
250.7  314.10932
250.6  297.35738
250.5  288.21687
250.4  301.88498
250.3  306.05091
250.2  300.41743
250.1  287.20408
250  293.99054
249.9  318.08911
249.8  296.37722
249.7  293.74914
249.6  289.93036
249.5  291.00504
249.4  312.17458
249.3  299.39189
249.2  304.33694
249.1  294.10925
249  309.6092
248.9  286.71399
248.8  288.39166
248.7  289.48263
248.6  282.62537
248.5  289.89907
248.4  294.03779
248.3  301.5604
248.2  304.45626
248.1  299.71752
248  290.92873
247.9  302.25318
247.8  283.24153
247.7  299.4132
247.6  305.49071
247.5  301.51056
247.4  274.64338
247.3  288.76823
247.2  293.11031
247.1  286.51848
247  299.25246
246.9  286.02127
246.8  293.42131
246.7  311.75542
246.6  287.8586
246.5  290.62026
246.4  303.16636
246.3  295.35682
246.2  299.31682
246.1  292.06317
246  295.73791
245.9  287.32813
245.8  302.83623
245.7  286.03649
245.6  303.3587
245.5  299.14461
245.4  290.79027
245.3  306.00462
245.2  287.04026
245.1  286.35711
245  285.91471
244.9  275.73344
244.8  309.96651
244.7  282.43745
244.6  268.42744
244.5  285.67634
244.4  296.96727
244.3  294.85594
244.2  315.94681
244.1  283.23668
244  286.82704
243.9  290.25857
243.8  319.59946
243.7  291.97928
243.6  295.23893
243.5  302.9865
243.4  278.65046
243.3  301.65908
243.2  286.70336
243.1  312.60471
243  314.51111
242.9  325.24808
242.8  296.27849
242.7  322.43416
242.6  343.68881
242.5  322.1578
242.4  340.56073
242.3  350.04656
242.2  344.24577
242.1  340.89194
242  339.70612
241.9  361.31445
241.8  342.10015
241.7  378.37033
241.6  348.96297
241.5  383.08966
241.4  350.65522
241.3  360.53929
241.2  360.54103
241.1  339.63782
241  350.42495
240.9  337.64755
240.8  358.85342
240.7  337.51554
240.6  338.67224
240.5  373.38052
240.4  364.56918
240.3  354.99708
240.2  347.63953
240.1  358.79118
240  350.28376
239.9  349.59125
239.8  353.08663
239.7  359.78787
239.6  367.60159
239.5  381.84574
239.4  370.41762
239.3  362.58259
239.2  400.50201
239.1  378.71081
239  365.91735
238.9  375.41008
238.8  369.35005
238.7  366.6908
238.6  383.99692
238.5  412.90241
238.4  396.1349
238.3  387.86421
238.2  387.59227
238.1  392.20911
238  385.20807
237.9  394.30016
237.8  396.44436
237.7  370.24237
237.6  370.95672
237.5  357.3641
237.4  370.10728
237.3  359.72896
237.2  364.30822
237.1  345.87655
237  343.29995
236.9  332.04525
236.8  324.17581
236.7  335.13663
236.6  335.81778
236.5  325.1461
236.4  334.92251
236.3  308.28657
236.2  320.9414
236.1  309.29323
236  313.44097
235.9  284.19531
235.8  286.55285
235.7  305.88965
235.6  311.63955
235.5  297.20472
235.4  286.02236
235.3  294.18296
235.2  275.85898
235.1  278.43246
235  286.45594
234.9  284.99284
234.8  287.88616
234.7  287.70636
234.6  296.39764
234.5  304.91451
234.4  284.51448
234.3  267.2338
234.2  284.25757
234.1  271.66449
234  288.02985
233.9  289.0878
233.8  274.44909
233.7  279.0662
233.6  290.99621
233.5  300.14955
233.4  291.24701
233.3  291.53804
233.2  272.50224
233.1  262.83858
233  280.72686
232.9  273.87277
232.8  294.60892
232.7  292.50035
232.6  263.35986
232.5  265.49731
232.4  283.83939
232.3  277.08249
232.2  283.45012
232.1  288.34952
232  296.59928
231.9  286.43298
231.8  284.22372
231.7  268.78086
231.6  292.39667
231.5  291.38233
231.4  295.19469
231.3  288.3644
231.2  292.06323
231.1  291.74264
231  288.70319
230.9  293.01605
230.8  263.56994
230.7  282.92578
230.6  299.57426
230.5  286.97841
230.4  267.4345
230.3  274.29035
230.2  267.27838
230.1  289.95934
230  289.81625
229.9  300.36435
229.8  273.81256
229.7  278.46398
229.6  279.03165
229.5  271.85883
229.4  272.9791
229.3  291.43869
229.2  297.78825
229.1  283.37924
229  284.16235
228.9  286.85834
228.8  288.94761
228.7  275.27289
228.6  268.35857
228.5  291.26324
228.4  278.09624
228.3  281.36864
228.2  300.18361
228.1  291.7193
228  293.25908
227.9  281.57329
227.8  288.61022
227.7  286.46029
227.6  289.41355
227.5  286.27486
227.4  292.67966
227.3  272.97372
227.2  280.47405
227.1  288.5342
227  279.32472
226.9  275.83085
226.8  270.01032
226.7  260.35432
226.6  277.04817
226.5  281.61588
226.4  256.71849
226.3  272.28194
226.2  285.4102
226.1  283.35757
226  267.20253
225.9  269.71873
225.8  266.45131
225.7  283.24781
225.6  269.92343
225.5  274.81058
225.4  284.98787
225.3  286.65455
225.2  276.94292
225.1  272.30375
225  273.96265
224.9  268.53507
224.8  273.4442
224.7  294.97466
224.6  276.4223
224.5  276.3277
224.4  253.99013
224.3  268.37306
224.2  284.92558
224.1  276.49841
224  255.48131
223.9  272.14304
223.8  296.40609
223.7  282.77447
223.6  266.65689
223.5  285.00209
223.4  267.51617
223.3  281.44125
223.2  290.28414
223.1  275.24909
223  281.9167
222.9  272.27105
222.8  260.91716
222.7  274.89224
222.6  264.16369
222.5  267.94025
222.4  277.75878
222.3  271.45345
222.2  270.44583
222.1  267.43735
222  268.06253
221.9  271.15128
221.8  303.38164
221.7  280.15857
221.6  266.36622
221.5  272.78241
221.4  275.1399
221.3  282.44581
221.2  271.46164
221.1  280.35172
221  270.09329
220.9  270.65805
220.8  282.15816
220.7  269.92306
220.6  257.24515
220.5  281.20868
220.4  272.81046
220.3  280.99639
220.2  272.97706
220.1  285.24041
220  273.36213
219.9  271.24428
219.8  277.4349
219.7  273.88249
219.6  270.03629
219.5  280.672
219.4  268.84745
219.3  265.6286
219.2  265.53588
219.1  270.50358
219  268.60869
218.9  274.17878
218.8  269.4056
218.7  259.84122
218.6  297.82172
218.5  282.90183
218.4  270.88469
218.3  271.08042
218.2  279.04416
218.1  266.09053
218  289.68936
217.9  259.04534
217.8  277.72208
217.7  276.89025
217.6  276.06069
217.5  259.2695
217.4  276.49024
217.3  265.5928
217.2  262.79967
217.1  264.88851
217  264.65737
216.9  277.88736
216.8  268.90642
216.7  267.96389
216.6  276.40781
216.5  263.93845
216.4  273.4242
216.3  276.76606
216.2  269.32361
216.1  259.40611
216  271.13832
215.9  269.49812
215.8  263.09503
215.7  272.72398
215.6  269.28097
215.5  272.04104
215.4  281.34638
215.3  274.31891
215.2  283.63412
215.1  278.91179
215  272.62071

# Operation:                    Multi Peak Fit
# Parameter: "Peak Function" = Voigt
# Parameter: "Background Function" = Tougaard 2
# Parameter: "Baseline" = Constant
# Parameter: "LM Parameters/Max Iterations" = 200
# Parameter: "LM Parameters/Tolerance" = 2.2204459999999999e-16
# Parameter: "Baseline/BL_I/Value" = nan counts
# Parameter: "Peak 1/C/Value" = nan eV
# Parameter: "Peak 1/A/Value" = nan counts eV
# Parameter: "Peak 1/FL/Value" = nan eV
# Parameter: "Peak 1/FG/Value" = nan eV
# Parameter: "Peak 1/a/Value" = 0
# Parameter: "Peak 1/a/Constraint" = Fixed: 0
# Parameter: "Peak 1/TB/Value" = nan eV^2
# Parameter: "Peak 1/TC/Value" = 1643 eV^2
# Parameter: "Peak 1/TC/Constraint" = Fixed: 1643
# Parameter: "Peak 2/C/Value" = nan eV
# Parameter: "Peak 2/A/Value" = nan counts eV
# Parameter: "Peak 2/FL/Value" = nan eV
# Parameter: "Peak 2/FG/Value" = nan eV
# Parameter: "Peak 2/a/Value" = 0
# Parameter: "Peak 2/a/Constraint" = Fixed: 0
# Parameter: "Peak 2/TB/Value" = nan eV^2
# Parameter: "Peak 2/TC/Value" = 1643 eV^2
# Parameter: "Peak 2/TC/Constraint" = Fixed: 1643
#
# Result:
# Number of Results:            5
# Parameter: "Baseline/BL_I/Value" = 550.1511205901935 counts +- 2.1427041846153227
# Parameter: "Peak 1/C/Value" = 1248.1846247708693 eV +- 0.084580304563911315
# Parameter: "Peak 1/C/Constraint" = Restricted: 1229.61 .. 1271.61
# Parameter: "Peak 1/Relative Area/Value" = 79.66306946949129 %
# Parameter: "Peak 1/A/Value" = 1029.3344942728302 counts eV +- 90.663384233909397
# Parameter: "Peak 1/FL/Value" = 1.9664933408245768 eV +- 0.59749614326110101
# Parameter: "Peak 1/FG/Value" = 2.1215139037698054 eV +- 0.59804094384471629
# Parameter: "Peak 1/F/Value" = 3.3617904416339321 eV
# Parameter: "Peak 1/a/Value" = 0 +- 0
# Parameter: "Peak 1/a/Constraint" = Fixed: 0
# Parameter: "Peak 1/TB/Value" = 10015.246191752554 eV^2 +- 8343.1271478794442
# Parameter: "Peak 1/TC/Value" = 1643 eV^2 +- 0
# Parameter: "Peak 1/TC/Constraint" = Fixed: 1643
# Parameter: "Peak 2/C/Value" = 1244.9907238276121 eV +- 0.10779466887344055
# Parameter: "Peak 2/C/Constraint" = Restricted: 1229.61 .. 1271.61
# Parameter: "Peak 2/Relative Area/Value" = 20.336930530508702 %
# Parameter: "Peak 2/A/Value" = 262.77551495426371 counts eV +- 44.340613014545056
# Parameter: "Peak 2/FL/Value" = 0 eV +- 0
# Parameter: "Peak 2/FG/Value" = 2.1206131901275302 eV +- 0.27218832596707521
# Parameter: "Peak 2/F/Value" = 2.1206131901275302 eV
# Parameter: "Peak 2/a/Value" = 0 +- 0
# Parameter: "Peak 2/a/Constraint" = Fixed: 0
# Parameter: "Peak 2/TB/Value" = 3508.0641111457439 eV^2 +- 45458.350608812689
# Parameter: "Peak 2/TC/Value" = 1643 eV^2 +- 0
# Parameter: "Peak 2/TC/Constraint" = Fixed: 1643
# Parameter: "Fit Result/ChiSquare" = 302.07633454961893
# Parameter: "Fit Result/Reduced ChiSquare" = 0.73857294510909277
# Parameter: "Fit Result/Abbe Factor" = 0.91959737929081198
# Parameter: "Fit Result/Q-Probability" = 0.9999794670065435
# Parameter: "Termination State" = ConvergedInParameter
#
# Result Name:                  Background
# Number of Curves:             1
#
# Curve:                        0
# Values/Curve:                 398
#
257  306.86476
256.89421  306.71758
256.78841  306.57012
256.68262  306.42237
256.57683  306.27432
256.47103  306.12598
256.36524  305.97734
256.25945  305.8284
256.15365  305.67914
256.04786  305.52956
255.94207  305.37967
255.83627  305.22945
255.73048  305.0789
255.62469  304.92802
255.51889  304.7768
255.4131  304.62524
255.3073  304.47334
255.20151  304.32108
255.09572  304.16848
254.98992  304.01551
254.88413  303.86218
254.77834  303.70849
254.67254  303.55443
254.56675  303.39999
254.46096  303.24518
254.35516  303.08999
254.24937  302.93441
254.14358  302.77845
254.03778  302.62209
253.93199  302.46534
253.8262  302.3082
253.7204  302.15065
253.61461  301.9927
253.50882  301.83434
253.40302  301.67557
253.29723  301.51639
253.19144  301.3568
253.08564  301.19679
252.97985  301.03635
252.87406  300.8755
252.76826  300.71421
252.66247  300.5525
252.55668  300.39036
252.45088  300.22779
252.34509  300.06478
252.23929  299.90134
252.1335  299.73745
252.02771  299.57313
251.92191  299.40836
251.81612  299.24315
251.71033  299.0775
251.60453  298.9114
251.49874  298.74485
251.39295  298.57785
251.28715  298.4104
251.18136  298.2425
251.07557  298.07415
250.96977  297.90535
250.86398  297.73609
250.75819  297.56638
250.65239  297.39621
250.5466  297.22559
250.44081  297.05451
250.33501  296.88298
250.22922  296.71099
250.12343  296.53855
250.01763  296.36566
249.91184  296.19231
249.80605  296.0185
249.70025  295.84425
249.59446  295.66954
249.48866  295.49438
249.38287  295.31877
249.27708  295.14271
249.17128  294.96621
249.06549  294.78925
248.9597  294.61186
248.8539  294.43402
248.74811  294.25574
248.64232  294.07702
248.53652  293.89787
248.43073  293.71828
248.32494  293.53826
248.21914  293.35781
248.11335  293.17694
248.00756  292.99564
247.90176  292.81392
247.79597  292.63179
247.69018  292.44924
247.58438  292.26629
247.47859  292.08293
247.3728  291.89916
247.267  291.715
247.16121  291.53045
247.05542  291.34551
246.94962  291.16019
246.84383  290.97448
246.73804  290.78841
246.63224  290.60196
246.52645  290.41515
246.42065  290.22799
246.31486  290.04047
246.20907  289.85261
246.10327  289.66442
245.99748  289.47589
245.89169  289.28703
245.78589  289.09786
245.6801  288.90838
245.57431  288.7186
245.46851  288.52852
245.36272  288.33816
245.25693  288.14752
245.15113  287.95661
245.04534  287.76544
244.93955  287.57402
244.83375  287.38237
244.72796  287.19049
244.62217  286.99839
244.51637  286.80608
244.41058  286.61359
244.30479  286.42091
244.19899  286.22808
244.0932  286.0351
243.98741  285.842
243.88161  285.64879
243.77582  285.4555
243.67003  285.26216
243.56423  285.0688
243.45844  284.87546
243.35264  284.68217
243.24685  284.48898
243.14106  284.29595
243.03526  284.10313
242.92947  283.91059
242.82368  283.7184
242.71788  283.52663
242.61209  283.33538
242.5063  283.14472
242.4005  282.95475
242.29471  282.76555
242.18892  282.57723
242.08312  282.38987
241.97733  282.20356
241.87154  282.01839
241.76574  281.83443
241.65995  281.65176
241.55416  281.47045
241.44836  281.29054
241.34257  281.11211
241.23678  280.93519
241.13098  280.75984
241.02519  280.5861
240.9194  280.41401
240.8136  280.24362
240.70781  280.075
240.60202  279.9082
240.49622  279.7433
240.39043  279.58038
240.28463  279.41956
240.17884  279.26093
240.07305  279.10464
239.96725  278.95082
239.86146  278.79963
239.75567  278.65125
239.64987  278.50584
239.54408  278.3636
239.43829  278.2247
239.33249  278.08935
239.2267  277.95773
239.12091  277.83001
239.01511  277.70636
238.90932  277.58693
238.80353  277.47186
238.69773  277.36126
238.59194  277.25522
238.48615  277.1538
238.38035  277.05703
238.27456  276.96491
238.16877  276.87743
238.06297  276.79453
237.95718  276.71613
237.85139  276.64213
237.74559  276.5724
237.6398  276.50679
237.53401  276.44514
237.42821  276.38727
237.32242  276.33299
237.21662  276.2821
237.11083  276.23441
237.00504  276.18972
236.89924  276.14782
236.79345  276.10853
236.68766  276.07165
236.58186  276.03701
236.47607  276.00443
236.37028  275.97375
236.26448  275.94483
236.15869  275.91752
236.0529  275.8917
235.9471  275.86723
235.84131  275.84403
235.73552  275.82197
235.62972  275.80099
235.52393  275.78098
235.41814  275.76188
235.31234  275.74362
235.20655  275.72615
235.10076  275.70939
234.99496  275.69331
234.88917  275.67785
234.78338  275.66299
234.67758  275.64867
234.57179  275.63486
234.46599  275.62154
234.3602  275.60868
234.25441  275.59625
234.14861  275.58422
234.04282  275.57257
233.93703  275.56129
233.83123  275.55035
233.72544  275.53974
233.61965  275.52945
233.51385  275.51945
233.40806  275.50973
233.30227  275.50028
233.19647  275.49109
233.09068  275.48215
232.98489  275.47344
232.87909  275.46497
232.7733  275.4567
232.66751  275.44865
232.56171  275.4408
232.45592  275.43314
232.35013  275.42567
232.24433  275.41837
232.13854  275.41125
232.03275  275.40429
231.92695  275.3975
231.82116  275.39086
231.71537  275.38436
231.60957  275.37802
231.50378  275.37181
231.39798  275.36574
231.29219  275.3598
231.1864  275.35399
231.0806  275.3483
230.97481  275.34273
230.86902  275.33727
230.76322  275.33193
230.65743  275.3267
230.55164  275.32157
230.44584  275.31655
230.34005  275.31163
230.23426  275.3068
230.12846  275.30207
230.02267  275.29744
229.91688  275.29289
229.81108  275.28843
229.70529  275.28406
229.5995  275.27977
229.4937  275.27556
229.38791  275.27143
229.28212  275.26738
229.17632  275.2634
229.07053  275.2595
228.96474  275.25567
228.85894  275.25191
228.75315  275.24821
228.64736  275.24459
228.54156  275.24103
228.43577  275.23754
228.32997  275.23411
228.22418  275.23074
228.11839  275.22743
228.01259  275.22418
227.9068  275.22098
227.80101  275.21785
227.69521  275.21477
227.58942  275.21174
227.48363  275.20877
227.37783  275.20585
227.27204  275.20298
227.16625  275.20016
227.06045  275.19739
226.95466  275.19467
226.84887  275.192
226.74307  275.18937
226.63728  275.18679
226.53149  275.18426
226.42569  275.18177
226.3199  275.17932
226.21411  275.17691
226.10831  275.17455
226.00252  275.17223
225.89673  275.16995
225.79093  275.1677
225.68514  275.1655
225.57935  275.16334
225.47355  275.16121
225.36776  275.15912
225.26196  275.15707
225.15617  275.15505
225.05038  275.15307
224.94458  275.15113
224.83879  275.14922
224.733  275.14734
224.6272  275.1455
224.52141  275.14369
224.41562  275.14191
224.30982  275.14016
224.20403  275.13845
224.09824  275.13676
223.99244  275.13511
223.88665  275.13349
223.78086  275.1319
223.67506  275.13033
223.56927  275.1288
223.46348  275.12729
223.35768  275.12582
223.25189  275.12437
223.1461  275.12294
223.0403  275.12155
222.93451  275.12018
222.82872  275.11884
222.72292  275.11752
222.61713  275.11623
222.51134  275.11497
222.40554  275.11373
222.29975  275.11252
222.19395  275.11133
222.08816  275.11016
221.98237  275.10902
221.87657  275.1079
221.77078  275.10681
221.66499  275.10573
221.55919  275.10468
221.4534  275.10366
221.34761  275.10265
221.24181  275.10167
221.13602  275.10071
221.03023  275.09977
220.92443  275.09886
220.81864  275.09796
220.71285  275.09708
220.60705  275.09623
220.50126  275.09539
220.39547  275.09458
220.28967  275.09378
220.18388  275.09301
220.07809  275.09225
219.97229  275.09152
219.8665  275.0908
219.76071  275.0901
219.65491  275.08942
219.54912  275.08876
219.44332  275.08812
219.33753  275.0875
219.23174  275.08689
219.12594  275.0863
219.02015  275.08573
218.91436  275.08518
218.80856  275.08464
218.70277  275.08412
218.59698  275.08362
218.49118  275.08314
218.38539  275.08267
218.2796  275.08222
218.1738  275.08178
218.06801  275.08136
217.96222  275.08096
217.85642  275.08057
217.75063  275.08019
217.64484  275.07984
217.53904  275.0795
217.43325  275.07917
217.32746  275.07886
217.22166  275.07856
217.11587  275.07828
217.01008  275.07801
216.90428  275.07776
216.79849  275.07752
216.6927  275.0773
216.5869  275.07709
216.48111  275.0769
216.37531  275.07671
216.26952  275.07655
216.16373  275.07639
216.05793  275.07625
215.95214  275.07612
215.84635  275.07601
215.74055  275.07591
215.63476  275.07582
215.52897  275.07575
215.42317  275.07568
215.31738  275.07563
215.21159  275.0756
215.10579  275.07557
215  275.07556

# Result Name:                  Combined
# Number of Curves:             1
#
# Curve:                        0
# Values/Curve:                 398
#
257  307.33363
256.89421  307.19186
256.78841  307.0499
256.68262  306.90775
256.57683  306.76541
256.47103  306.62287
256.36524  306.48014
256.25945  306.3372
256.15365  306.19406
256.04786  306.05072
255.94207  305.90717
255.83627  305.76341
255.73048  305.61944
255.62469  305.47527
255.51889  305.33088
255.4131  305.18628
255.3073  305.04146
255.20151  304.89643
255.09572  304.75119
254.98992  304.60573
254.88413  304.46006
254.77834  304.31417
254.67254  304.16806
254.56675  304.02174
254.46096  303.87521
254.35516  303.72846
254.24937  303.5815
254.14358  303.43433
254.03778  303.28695
253.93199  303.13936
253.8262  302.99156
253.7204  302.84356
253.61461  302.69536
253.50882  302.54696
253.40302  302.39836
253.29723  302.24957
253.19144  302.10059
253.08564  301.95143
252.97985  301.80208
252.87406  301.65256
252.76826  301.50287
252.66247  301.35301
252.55668  301.20298
252.45088  301.05281
252.34509  300.90249
252.23929  300.75202
252.1335  300.60142
252.02771  300.4507
251.92191  300.29986
251.81612  300.14891
251.71033  299.99786
251.60453  299.84672
251.49874  299.69551
251.39295  299.54422
251.28715  299.39288
251.18136  299.24149
251.07557  299.09008
250.96977  298.93864
250.86398  298.78721
250.75819  298.63578
250.65239  298.48439
250.5466  298.33304
250.44081  298.18175
250.33501  298.03055
250.22922  297.87945
250.12343  297.72847
250.01763  297.57763
249.91184  297.42697
249.80605  297.27649
249.70025  297.12623
249.59446  296.97622
249.48866  296.82648
249.38287  296.67704
249.27708  296.52793
249.17128  296.37919
249.06549  296.23085
248.9597  296.08295
248.8539  295.93552
248.74811  295.78861
248.64232  295.64226
248.53652  295.49652
248.43073  295.35143
248.32494  295.20704
248.21914  295.06341
248.11335  294.92059
248.00756  294.77865
247.90176  294.63764
247.79597  294.49763
247.69018  294.35869
247.58438  294.2209
247.47859  294.08434
247.3728  293.94908
247.267  293.81523
247.16121  293.68287
247.05542  293.55211
246.94962  293.42305
246.84383  293.29581
246.73804  293.17051
246.63224  293.04728
246.52645  292.92626
246.42065  292.8076
246.31486  292.69148
246.20907  292.57806
246.10327  292.46756
245.99748  292.36019
245.89169  292.25624
245.78589  292.156
245.6801  292.05988
245.57431  291.96836
245.46851  291.88209
245.36272  291.80192
245.25693  291.72901
245.15113  291.66494
245.04534  291.61187
244.93955  291.57275
244.83375  291.55158
244.72796  291.55372
244.62217  291.58627
244.51637  291.65852
244.41058  291.78234
244.30479  291.97268
244.19899  292.24797
244.0932  292.63044
243.98741  293.1462
243.88161  293.82518
243.77582  294.70057
243.67003  295.808
243.56423  297.18405
243.45844  298.86441
243.35264  300.8814
243.24685  303.26113
243.14106  306.02039
243.03526  309.16347
242.92947  312.67915
242.82368  316.53835
242.71788  320.69249
242.61209  325.0732
242.5063  329.59334
242.4005  334.14967
242.29471  338.62705
242.18892  342.90405
242.08312  346.85973
241.97733  350.38096
241.87154  353.36986
241.76574  355.75067
241.65995  357.47541
241.55416  358.52793
241.44836  358.92576
241.34257  358.71978
241.23678  357.99155
241.13098  356.84862
241.02519  355.41811
240.9194  353.83928
240.8136  352.25548
240.70781  350.80621
240.60202  349.61982
240.49622  348.80731
240.39043  348.45753
240.28463  348.63387
240.17884  349.37266
240.07305  350.68286
239.96725  352.54724
239.86146  354.92439
239.75567  357.75166
239.64987  360.94855
239.54408  364.42045
239.43829  368.0625
239.33249  371.76351
239.2267  375.40979
239.12091  378.88877
239.01511  382.09257
238.90932  384.92114
238.80353  387.28528
238.69773  389.10906
238.59194  390.33202
238.48615  390.91064
238.38035  390.81934
238.27456  390.05076
238.16877  388.61545
238.06297  386.5408
237.95718  383.86948
237.85139  380.6573
237.74559  376.97061
237.6398  372.88354
237.53401  368.47505
237.42821  363.82596
237.32242  359.01626
237.21662  354.12259
237.11083  349.2162
237.00504  344.36123
236.89924  339.61364
236.79345  335.0204
236.68766  330.61932
236.58186  326.43917
236.47607  322.50014
236.37028  318.81459
236.26448  315.38794
236.15869  312.21971
236.0529  309.30455
235.9471  306.63331
235.84131  304.19396
235.73552  301.97252
235.62972  299.95381
235.52393  298.12209
235.41814  296.46159
235.31234  294.95689
235.20655  293.59326
235.10076  292.35682
234.99496  291.23471
234.88917  290.2151
234.78338  289.28725
234.67758  288.44146
234.57179  287.66903
234.46599  286.96221
234.3602  286.31409
234.25441  285.71854
234.14861  285.17016
234.04282  284.66415
233.93703  284.19627
233.83123  283.76278
233.72544  283.36037
233.61965  282.98611
233.51385  282.63739
233.40806  282.31189
233.30227  282.00757
233.19647  281.72259
233.09068  281.4553
232.98489  281.20424
232.87909  280.96809
232.7733  280.74566
232.66751  280.53589
232.56171  280.3378
232.45592  280.15053
232.35013  279.97327
232.24433  279.80532
232.13854  279.64601
232.03275  279.49475
231.92695  279.35099
231.82116  279.21422
231.71537  279.084
231.60957  278.95989
231.50378  278.84152
231.39798  278.72853
231.29219  278.62058
231.1864  278.51737
231.0806  278.41863
230.97481  278.32409
230.86902  278.23351
230.76322  278.14667
230.65743  278.06336
230.55164  277.98338
230.44584  277.90656
230.34005  277.83273
230.23426  277.76173
230.12846  277.69342
230.02267  277.62766
229.91688  277.56431
229.81108  277.50327
229.70529  277.44441
229.5995  277.38764
229.4937  277.33285
229.38791  277.27995
229.28212  277.22885
229.17632  277.17947
229.07053  277.13173
228.96474  277.08556
228.85894  277.04088
228.75315  276.99764
228.64736  276.95577
228.54156  276.91522
228.43577  276.87592
228.32997  276.83782
228.22418  276.80088
228.11839  276.76505
228.01259  276.73029
227.9068  276.69654
227.80101  276.66378
227.69521  276.63196
227.58942  276.60104
227.48363  276.571
227.37783  276.54179
227.27204  276.5134
227.16625  276.48578
227.06045  276.45891
226.95466  276.43276
226.84887  276.40731
226.74307  276.38253
226.63728  276.3584
226.53149  276.3349
226.42569  276.312
226.3199  276.28968
226.21411  276.26793
226.10831  276.24672
226.00252  276.22604
225.89673  276.20587
225.79093  276.18619
225.68514  276.16698
225.57935  276.14824
225.47355  276.12995
225.36776  276.11209
225.26196  276.09465
225.15617  276.07762
225.05038  276.06098
224.94458  276.04472
224.83879  276.02884
224.733  276.01332
224.6272  275.99814
224.52141  275.9833
224.41562  275.9688
224.30982  275.95461
224.20403  275.94074
224.09824  275.92716
223.99244  275.91388
223.88665  275.90089
223.78086  275.88817
223.67506  275.87572
223.56927  275.86354
223.46348  275.85161
223.35768  275.83993
223.25189  275.8285
223.1461  275.8173
223.0403  275.80633
222.93451  275.79558
222.82872  275.78505
222.72292  275.77473
222.61713  275.76462
222.51134  275.75472
222.40554  275.74501
222.29975  275.73549
222.19395  275.72616
222.08816  275.71701
221.98237  275.70805
221.87657  275.69925
221.77078  275.69063
221.66499  275.68217
221.55919  275.67387
221.4534  275.66574
221.34761  275.65776
221.24181  275.64993
221.13602  275.64224
221.03023  275.63471
220.92443  275.62731
220.81864  275.62005
220.71285  275.61293
220.60705  275.60594
220.50126  275.59908
220.39547  275.59234
220.28967  275.58573
220.18388  275.57924
220.07809  275.57287
219.97229  275.56661
219.8665  275.56047
219.76071  275.55444
219.65491  275.54852
219.54912  275.54271
219.44332  275.537
219.33753  275.53139
219.23174  275.52589
219.12594  275.52048
219.02015  275.51517
218.91436  275.50995
218.80856  275.50483
218.70277  275.4998
218.59698  275.49486
218.49118  275.49
218.38539  275.48523
218.2796  275.48055
218.1738  275.47595
218.06801  275.47143
217.96222  275.46699
217.85642  275.46262
217.75063  275.45834
217.64484  275.45413
217.53904  275.44999
217.43325  275.44593
217.32746  275.44193
217.22166  275.43801
217.11587  275.43416
217.01008  275.43037
216.90428  275.42665
216.79849  275.423
216.6927  275.41941
216.5869  275.41588
216.48111  275.41242
216.37531  275.40902
216.26952  275.40567
216.16373  275.40239
216.05793  275.39916
215.95214  275.39599
215.84635  275.39288
215.74055  275.38982
215.63476  275.38682
215.52897  275.38387
215.42317  275.38097
215.31738  275.37812
215.21159  275.37533
215.10579  275.37258
215  275.36989

# Result Name:                  Peak 1
# Number of Curves:             1
#
# Curve:                        0
# Values/Curve:                 398
#
257  307.33363
256.89421  307.19186
256.78841  307.0499
256.68262  306.90775
256.57683  306.76541
256.47103  306.62287
256.36524  306.48014
256.25945  306.3372
256.15365  306.19406
256.04786  306.05072
255.94207  305.90717
255.83627  305.76341
255.73048  305.61944
255.62469  305.47527
255.51889  305.33088
255.4131  305.18628
255.3073  305.04146
255.20151  304.89643
255.09572  304.75119
254.98992  304.60573
254.88413  304.46006
254.77834  304.31417
254.67254  304.16806
254.56675  304.02174
254.46096  303.87521
254.35516  303.72846
254.24937  303.5815
254.14358  303.43433
254.03778  303.28695
253.93199  303.13936
253.8262  302.99156
253.7204  302.84356
253.61461  302.69536
253.50882  302.54696
253.40302  302.39836
253.29723  302.24957
253.19144  302.10059
253.08564  301.95143
252.97985  301.80208
252.87406  301.65256
252.76826  301.50287
252.66247  301.35301
252.55668  301.20298
252.45088  301.05281
252.34509  300.90249
252.23929  300.75202
252.1335  300.60142
252.02771  300.4507
251.92191  300.29986
251.81612  300.14891
251.71033  299.99786
251.60453  299.84672
251.49874  299.69551
251.39295  299.54422
251.28715  299.39288
251.18136  299.24149
251.07557  299.09008
250.96977  298.93864
250.86398  298.78721
250.75819  298.63578
250.65239  298.48439
250.5466  298.33304
250.44081  298.18175
250.33501  298.03055
250.22922  297.87945
250.12343  297.72847
250.01763  297.57763
249.91184  297.42697
249.80605  297.27649
249.70025  297.12623
249.59446  296.97622
249.48866  296.82648
249.38287  296.67704
249.27708  296.52793
249.17128  296.37919
249.06549  296.23085
248.9597  296.08295
248.8539  295.93552
248.74811  295.78861
248.64232  295.64226
248.53652  295.49652
248.43073  295.35143
248.32494  295.20704
248.21914  295.06341
248.11335  294.92059
248.00756  294.77865
247.90176  294.63764
247.79597  294.49763
247.69018  294.35869
247.58438  294.2209
247.47859  294.08434
247.3728  293.94908
247.267  293.81523
247.16121  293.68287
247.05542  293.55211
246.94962  293.42305
246.84383  293.29581
246.73804  293.1705
246.63224  293.04727
246.52645  292.92624
246.42065  292.80756
246.31486  292.6914
246.20907  292.57793
246.10327  292.46732
245.99748  292.35976
245.89169  292.25548
245.78589  292.15469
245.6801  292.05764
245.57431  291.96459
245.46851  291.87582
245.36272  291.79163
245.25693  291.71235
245.15113  291.63834
245.04534  291.56999
244.93955  291.50772
244.83375  291.45198
244.72796  291.40328
244.62217  291.36216
244.51637  291.32921
244.41058  291.3051
244.30479  291.29053
244.19899  291.28629
244.0932  291.29327
243.98741  291.31242
243.88161  291.3448
243.77582  291.3916
243.67003  291.45414
243.56423  291.53387
243.45844  291.63245
243.35264  291.7517
243.24685  291.89368
243.14106  292.0607
243.03526  292.25536
242.92947  292.4806
242.82368  292.73971
242.71788  293.03644
242.61209  293.375
242.5063  293.76016
242.4005  294.19732
242.29471  294.69254
242.18892  295.25268
242.08312  295.88542
241.97733  296.59937
241.87154  297.40413
241.76574  298.31032
241.65995  299.32962
241.55416  300.47478
241.44836  301.75953
241.34257  303.19847
241.23678  304.80693
241.13098  306.60061
241.02519  308.59526
240.9194  310.80612
240.8136  313.24738
240.70781  315.93132
240.60202  318.86756
240.49622  322.062
240.39043  325.51589
240.28463  329.22467
240.17884  333.17705
240.07305  337.354
239.96725  341.72804
239.86146  346.26268
239.75567  350.91226
239.64987  355.62208
239.54408  360.32909
239.43829  364.96293
239.33249  369.4475
239.2267  373.70297
239.12091  377.64815
239.01511  381.20316
238.90932  384.29227
238.80353  386.84671
238.69773  388.8074
238.59194  390.12738
238.48615  390.77371
238.38035  390.72898
238.27456  389.99195
238.16877  388.57769
238.06297  386.51689
237.95718  383.85456
237.85139  380.6481
237.74559  376.96502
237.6398  372.8802
237.53401  368.47307
237.42821  363.82481
237.32242  359.01559
237.21662  354.12222
237.11083  349.21599
237.00504  344.36112
236.89924  339.61357
236.79345  335.02036
236.68766  330.6193
236.58186  326.43916
236.47607  322.50014
236.37028  318.81458
236.26448  315.38794
236.15869  312.21971
236.0529  309.30455
235.9471  306.63331
235.84131  304.19396
235.73552  301.97252
235.62972  299.95381
235.52393  298.12209
235.41814  296.46159
235.31234  294.95689
235.20655  293.59326
235.10076  292.35682
234.99496  291.23471
234.88917  290.2151
234.78338  289.28725
234.67758  288.44146
234.57179  287.66903
234.46599  286.96221
234.3602  286.31409
234.25441  285.71854
234.14861  285.17016
234.04282  284.66415
233.93703  284.19627
233.83123  283.76278
233.72544  283.36037
233.61965  282.98611
233.51385  282.63739
233.40806  282.31189
233.30227  282.00757
233.19647  281.72259
233.09068  281.4553
232.98489  281.20424
232.87909  280.96809
232.7733  280.74566
232.66751  280.53589
232.56171  280.3378
232.45592  280.15053
232.35013  279.97327
232.24433  279.80532
232.13854  279.64601
232.03275  279.49475
231.92695  279.35099
231.82116  279.21422
231.71537  279.084
231.60957  278.95989
231.50378  278.84152
231.39798  278.72853
231.29219  278.62058
231.1864  278.51737
231.0806  278.41863
230.97481  278.32409
230.86902  278.23351
230.76322  278.14667
230.65743  278.06336
230.55164  277.98338
230.44584  277.90656
230.34005  277.83273
230.23426  277.76173
230.12846  277.69342
230.02267  277.62766
229.91688  277.56431
229.81108  277.50327
229.70529  277.44441
229.5995  277.38764
229.4937  277.33285
229.38791  277.27995
229.28212  277.22885
229.17632  277.17947
229.07053  277.13173
228.96474  277.08556
228.85894  277.04088
228.75315  276.99764
228.64736  276.95577
228.54156  276.91522
228.43577  276.87592
228.32997  276.83782
228.22418  276.80088
228.11839  276.76505
228.01259  276.73029
227.9068  276.69654
227.80101  276.66378
227.69521  276.63196
227.58942  276.60104
227.48363  276.571
227.37783  276.54179
227.27204  276.5134
227.16625  276.48578
227.06045  276.45891
226.95466  276.43276
226.84887  276.40731
226.74307  276.38253
226.63728  276.3584
226.53149  276.3349
226.42569  276.312
226.3199  276.28968
226.21411  276.26793
226.10831  276.24672
226.00252  276.22604
225.89673  276.20587
225.79093  276.18619
225.68514  276.16698
225.57935  276.14824
225.47355  276.12995
225.36776  276.11209
225.26196  276.09465
225.15617  276.07762
225.05038  276.06098
224.94458  276.04472
224.83879  276.02884
224.733  276.01332
224.6272  275.99814
224.52141  275.9833
224.41562  275.9688
224.30982  275.95461
224.20403  275.94074
224.09824  275.92716
223.99244  275.91388
223.88665  275.90089
223.78086  275.88817
223.67506  275.87572
223.56927  275.86354
223.46348  275.85161
223.35768  275.83993
223.25189  275.8285
223.1461  275.8173
223.0403  275.80633
222.93451  275.79558
222.82872  275.78505
222.72292  275.77473
222.61713  275.76462
222.51134  275.75472
222.40554  275.74501
222.29975  275.73549
222.19395  275.72616
222.08816  275.71701
221.98237  275.70805
221.87657  275.69925
221.77078  275.69063
221.66499  275.68217
221.55919  275.67387
221.4534  275.66574
221.34761  275.65776
221.24181  275.64993
221.13602  275.64224
221.03023  275.63471
220.92443  275.62731
220.81864  275.62005
220.71285  275.61293
220.60705  275.60594
220.50126  275.59908
220.39547  275.59234
220.28967  275.58573
220.18388  275.57924
220.07809  275.57287
219.97229  275.56661
219.8665  275.56047
219.76071  275.55444
219.65491  275.54852
219.54912  275.54271
219.44332  275.537
219.33753  275.53139
219.23174  275.52589
219.12594  275.52048
219.02015  275.51517
218.91436  275.50995
218.80856  275.50483
218.70277  275.4998
218.59698  275.49486
218.49118  275.49
218.38539  275.48523
218.2796  275.48055
218.1738  275.47595
218.06801  275.47143
217.96222  275.46699
217.85642  275.46262
217.75063  275.45834
217.64484  275.45413
217.53904  275.44999
217.43325  275.44593
217.32746  275.44193
217.22166  275.43801
217.11587  275.43416
217.01008  275.43037
216.90428  275.42665
216.79849  275.423
216.6927  275.41941
216.5869  275.41588
216.48111  275.41242
216.37531  275.40902
216.26952  275.40567
216.16373  275.40239
216.05793  275.39916
215.95214  275.39599
215.84635  275.39288
215.74055  275.38982
215.63476  275.38682
215.52897  275.38387
215.42317  275.38097
215.31738  275.37812
215.21159  275.37533
215.10579  275.37258
215  275.36989

# Result Name:                  Peak 2
# Number of Curves:             1
#
# Curve:                        0
# Values/Curve:                 398
#
257  306.86476
256.89421  306.71758
256.78841  306.57012
256.68262  306.42237
256.57683  306.27432
256.47103  306.12598
256.36524  305.97734
256.25945  305.8284
256.15365  305.67914
256.04786  305.52956
255.94207  305.37967
255.83627  305.22945
255.73048  305.0789
255.62469  304.92802
255.51889  304.7768
255.4131  304.62524
255.3073  304.47334
255.20151  304.32108
255.09572  304.16848
254.98992  304.01551
254.88413  303.86218
254.77834  303.70849
254.67254  303.55443
254.56675  303.39999
254.46096  303.24518
254.35516  303.08999
254.24937  302.93441
254.14358  302.77845
254.03778  302.62209
253.93199  302.46534
253.8262  302.3082
253.7204  302.15065
253.61461  301.9927
253.50882  301.83434
253.40302  301.67557
253.29723  301.51639
253.19144  301.3568
253.08564  301.19679
252.97985  301.03635
252.87406  300.8755
252.76826  300.71421
252.66247  300.5525
252.55668  300.39036
252.45088  300.22779
252.34509  300.06478
252.23929  299.90134
252.1335  299.73745
252.02771  299.57313
251.92191  299.40836
251.81612  299.24315
251.71033  299.0775
251.60453  298.9114
251.49874  298.74485
251.39295  298.57785
251.28715  298.4104
251.18136  298.2425
251.07557  298.07415
250.96977  297.90535
250.86398  297.73609
250.75819  297.56638
250.65239  297.39621
250.5466  297.22559
250.44081  297.05451
250.33501  296.88298
250.22922  296.71099
250.12343  296.53855
250.01763  296.36566
249.91184  296.19231
249.80605  296.0185
249.70025  295.84425
249.59446  295.66954
249.48866  295.49438
249.38287  295.31877
249.27708  295.14271
249.17128  294.96621
249.06549  294.78925
248.9597  294.61186
248.8539  294.43402
248.74811  294.25574
248.64232  294.07702
248.53652  293.89787
248.43073  293.71828
248.32494  293.53826
248.21914  293.35781
248.11335  293.17694
248.00756  292.99564
247.90176  292.81392
247.79597  292.63179
247.69018  292.44924
247.58438  292.26629
247.47859  292.08293
247.3728  291.89916
247.267  291.715
247.16121  291.53045
247.05542  291.34551
246.94962  291.16019
246.84383  290.97449
246.73804  290.78841
246.63224  290.60197
246.52645  290.41517
246.42065  290.22803
246.31486  290.04055
246.20907  289.85275
246.10327  289.66466
245.99748  289.47632
245.89169  289.28779
245.78589  289.09917
245.6801  288.91062
245.57431  288.72237
245.46851  288.5348
245.36272  288.34845
245.25693  288.16418
245.15113  287.98321
245.04534  287.80732
244.93955  287.63905
244.83375  287.48196
244.72796  287.34092
244.62217  287.2225
244.51637  287.13539
244.41058  287.09083
244.30479  287.10307
244.19899  287.18976
244.0932  287.37227
243.98741  287.67579
243.88161  288.12917
243.77582  288.76448
243.67003  289.61602
243.56423  290.71898
243.45844  292.10742
243.35264  293.81186
243.24685  295.85643
243.14106  298.25564
243.03526  301.01123
242.92947  304.10915
242.82368  307.51704
242.71788  311.18269
242.61209  315.03358
242.5063  318.9779
242.4005  322.90711
242.29471  326.70006
242.18892  330.2286
242.08312  333.36418
241.97733  335.98515
241.87154  337.98412
241.76574  339.27478
241.65995  339.79755
241.55416  339.52359
241.44836  338.45678
241.34257  336.63342
241.23678  334.11982
241.13098  331.00784
241.02519  327.40895
240.9194  323.44716
240.8136  319.25173
240.70781  314.94988
240.60202  310.66046
240.49622  306.48861
240.39043  302.52203
240.28463  298.82876
240.17884  295.45654
240.07305  292.4335
239.96725  289.77002
239.86146  287.46134
239.75567  285.49065
239.64987  283.83231
239.54408  282.45495
239.43829  281.32427
239.33249  280.40536
239.2267  279.66454
239.12091  279.07063
239.01511  278.59576
238.90932  278.21581
238.80353  277.91043
238.69773  277.66292
238.59194  277.45986
238.48615  277.29072
238.38035  277.14739
238.27456  277.02373
238.16877  276.91519
238.06297  276.81844
237.95718  276.73106
237.85139  276.65133
237.74559  276.57799
237.6398  276.51014
237.53401  276.44712
237.42821  276.38842
237.32242  276.33365
237.21662  276.28248
237.11083  276.23462
237.00504  276.18983
236.89924  276.14788
236.79345  276.10856
236.68766  276.07167
236.58186  276.03702
236.47607  276.00443
236.37028  275.97376
236.26448  275.94483
236.15869  275.91752
236.0529  275.8917
235.9471  275.86723
235.84131  275.84403
235.73552  275.82197
235.62972  275.80099
235.52393  275.78098
235.41814  275.76188
235.31234  275.74362
235.20655  275.72615
235.10076  275.70939
234.99496  275.69331
234.88917  275.67785
234.78338  275.66299
234.67758  275.64867
234.57179  275.63486
234.46599  275.62154
234.3602  275.60868
234.25441  275.59625
234.14861  275.58422
234.04282  275.57257
233.93703  275.56129
233.83123  275.55035
233.72544  275.53974
233.61965  275.52945
233.51385  275.51945
233.40806  275.50973
233.30227  275.50028
233.19647  275.49109
233.09068  275.48215
232.98489  275.47344
232.87909  275.46497
232.7733  275.4567
232.66751  275.44865
232.56171  275.4408
232.45592  275.43314
232.35013  275.42567
232.24433  275.41837
232.13854  275.41125
232.03275  275.40429
231.92695  275.3975
231.82116  275.39086
231.71537  275.38436
231.60957  275.37802
231.50378  275.37181
231.39798  275.36574
231.29219  275.3598
231.1864  275.35399
231.0806  275.3483
230.97481  275.34273
230.86902  275.33727
230.76322  275.33193
230.65743  275.3267
230.55164  275.32157
230.44584  275.31655
230.34005  275.31163
230.23426  275.3068
230.12846  275.30207
230.02267  275.29744
229.91688  275.29289
229.81108  275.28843
229.70529  275.28406
229.5995  275.27977
229.4937  275.27556
229.38791  275.27143
229.28212  275.26738
229.17632  275.2634
229.07053  275.2595
228.96474  275.25567
228.85894  275.25191
228.75315  275.24821
228.64736  275.24459
228.54156  275.24103
228.43577  275.23754
228.32997  275.23411
228.22418  275.23074
228.11839  275.22743
228.01259  275.22418
227.9068  275.22098
227.80101  275.21785
227.69521  275.21477
227.58942  275.21174
227.48363  275.20877
227.37783  275.20585
227.27204  275.20298
227.16625  275.20016
227.06045  275.19739
226.95466  275.19467
226.84887  275.192
226.74307  275.18937
226.63728  275.18679
226.53149  275.18426
226.42569  275.18177
226.3199  275.17932
226.21411  275.17691
226.10831  275.17455
226.00252  275.17223
225.89673  275.16995
225.79093  275.1677
225.68514  275.1655
225.57935  275.16334
225.47355  275.16121
225.36776  275.15912
225.26196  275.15707
225.15617  275.15505
225.05038  275.15307
224.94458  275.15113
224.83879  275.14922
224.733  275.14734
224.6272  275.1455
224.52141  275.14369
224.41562  275.14191
224.30982  275.14016
224.20403  275.13845
224.09824  275.13676
223.99244  275.13511
223.88665  275.13349
223.78086  275.1319
223.67506  275.13033
223.56927  275.1288
223.46348  275.12729
223.35768  275.12582
223.25189  275.12437
223.1461  275.12294
223.0403  275.12155
222.93451  275.12018
222.82872  275.11884
222.72292  275.11752
222.61713  275.11623
222.51134  275.11497
222.40554  275.11373
222.29975  275.11252
222.19395  275.11133
222.08816  275.11016
221.98237  275.10902
221.87657  275.1079
221.77078  275.10681
221.66499  275.10573
221.55919  275.10468
221.4534  275.10366
221.34761  275.10265
221.24181  275.10167
221.13602  275.10071
221.03023  275.09977
220.92443  275.09886
220.81864  275.09796
220.71285  275.09708
220.60705  275.09623
220.50126  275.09539
220.39547  275.09458
220.28967  275.09378
220.18388  275.09301
220.07809  275.09225
219.97229  275.09152
219.8665  275.0908
219.76071  275.0901
219.65491  275.08942
219.54912  275.08876
219.44332  275.08812
219.33753  275.0875
219.23174  275.08689
219.12594  275.0863
219.02015  275.08573
218.91436  275.08518
218.80856  275.08464
218.70277  275.08412
218.59698  275.08362
218.49118  275.08314
218.38539  275.08267
218.2796  275.08222
218.1738  275.08178
218.06801  275.08136
217.96222  275.08096
217.85642  275.08057
217.75063  275.08019
217.64484  275.07984
217.53904  275.0795
217.43325  275.07917
217.32746  275.07886
217.22166  275.07856
217.11587  275.07828
217.01008  275.07801
216.90428  275.07776
216.79849  275.07752
216.6927  275.0773
216.5869  275.07709
216.48111  275.0769
216.37531  275.07671
216.26952  275.07655
216.16373  275.07639
216.05793  275.07625
215.95214  275.07612
215.84635  275.07601
215.74055  275.07591
215.63476  275.07582
215.52897  275.07575
215.42317  275.07568
215.31738  275.07563
215.21159  275.0756
215.10579  275.07557
215  275.07556

# Result Name:                  Residuum
# Number of Curves:             1
#
# Curve:                        0
# Values/Curve:                 421
#
257  14.42457
256.9  -13.821927
256.8  7.0580886
256.7  -18.025189
256.6  20.436727
256.5  4.7094828
256.4  -11.226331
256.3  6.4923093
256.2  -10.124598
256.1  -0.90605797
256  -7.3304164
255.9  -7.9134742
255.8  -9.8409909
255.7  9.975322
255.6  -16.371887
255.5  9.5833859
255.4  22.835535
255.3  7.405452
255.2  9.712905
255.1  -7.2034412
255  -1.6010561
254.9  -2.8820086
254.8  15.760141
254.7  14.864432
254.6  -2.0709058
254.5  -12.942099
254.4  -13.193746
254.3  -3.1888607
254.2  6.5145203
254.1  -14.03372
254  14.785648
253.9  -6.586454
253.8  1.4590758
253.7  -9.6022274
253.6  -8.2432523
253.5  -22.587812
253.4  1.1470339
253.3  -5.1650448
253.2  1.2865241
253.1  -11.22649
253  1.1097165
252.9  1.1038035
252.8  -1.2110056
252.7  13.539592
252.6  -7.7734155
252.5  -4.4770715
252.4  8.2769529
252.3  -0.68124944
252.2  11.147455
252.1  -4.1106367
252  16.14439
251.9  1.5250722
251.8  -1.6825264
251.7  16.112772
251.6  -18.261208
251.5  -1.1481133
251.4  20.750094
251.3  14.592885
251.2  15.518252
251.1  -3.305993
251  -15.81849
250.9  -2.6869959
250.8  6.7634379
250.7  15.556881
250.6  -1.0519773
250.5  -10.049447
250.4  3.7616294
250.3  8.0704537
250.2  2.5797655
250.1  -10.490905
250  -3.5618952
249.9  20.679062
249.8  -0.89060865
249.7  -3.3766647
249.6  -7.0536353
249.5  -5.8373994
249.4  15.473446
249.3  2.8317504
249.2  7.9174884
249.1  -2.1698738
249  13.470028
248.9  -9.2856327
248.8  -7.4688735
248.7  -6.2392913
248.6  -12.958454
248.5  -5.5472199
248.4  -1.2715589
248.3  6.3873508
248.2  9.4188185
248.1  4.8149531
248  -3.8397429
247.9  7.6179588
247.8  -11.261341
247.7  5.041721
247.6  11.249608
247.5  7.3987599
247.4  -19.340283
247.3  -5.0885284
247.2  -0.62085178
247.1  -7.0884646
247  5.7682418
246.9  -7.3417943
246.8  0.17772028
246.7  18.629525
246.6  -5.1514832
246.5  -2.2760369
246.4  10.3817
246.3  2.681508
246.2  6.7484176
246.1  -0.40095296
246  3.3752653
245.9  -4.9360728
245.8  10.667158
245.7  -6.0410737
245.6  11.368636
245.5  7.2375005
245.4  -1.0390766
245.3  14.246948
245.2  -4.6529904
245.1  -5.2805855
245  -5.6784202
244.9  -15.828981
244.8  18.417149
244.7  -9.1215068
244.6  -23.170263
244.5  -5.9975677
244.4  5.1692364
244.3  2.872856
244.2  23.701983
244.1  -9.3654014
244  -6.2497622
243.9  -3.4354042
243.8  25.11818
243.7  -3.4892023
243.6  -1.4475112
243.5  4.8207523
243.4  -21.284569
243.3  -0.359808
243.2  -17.73226
243.1  5.4098966
243  4.2161533
242.9  11.526723
242.8  -21.166038
242.7  1.0149288
242.6  18.104317
242.5  -7.7067734
242.4  6.3895083
242.3  11.639696
242.2  1.7768234
242.1  -5.3630535
242  -9.9620075
241.9  8.6916881
241.8  -12.949662
241.7  21.468979
241.6  -9.1910062
241.5  24.27878
241.4  -8.2470043
241.3  2.0553108
241.2  2.9059406
241.1  -16.815543
241  -4.6252964
240.9  -15.897478
240.8  6.7946955
240.7  -13.192599
240.6  -10.928246
240.5  24.551743
240.4  16.100935
240.3  6.4232146
240.2  -1.5395161
240.1  8.4958727
240  -1.6292002
239.9  -4.4113078
239.8  -3.4302506
239.7  0.39443157
239.6  5.0443715
239.5  15.922204
239.4  1.0166023
239.3  -10.311926
239.2  24.194079
239.1  -0.83618883
239  -16.604461
238.9  -9.7391726
238.8  -18.005087
238.7  -22.385275
238.6  -6.2641327
238.5  22.029801
238.4  5.2473876
238.3  -2.4329316
238.2  -1.5149741
238.1  4.8718441
238  0.18878415
237.9  12.103661
237.8  17.522939
237.7  -5.0114345
237.6  -0.30173841
237.5  -9.6389244
237.4  7.551477
237.3  1.7452094
237.2  10.957543
237.1  -2.8391855
237  -0.83232973
236.9  -7.6017698
236.8  -11.12366
236.7  4.0148016
236.6  8.6787204
236.5  1.7768827
236.4  15.098538
236.3  -8.2227474
236.2  7.5151219
236.1  -1.2784721
236  5.5018797
235.9  -21.324019
235.8  -16.74853
235.7  4.6167075
235.6  12.218615
235.5  -0.52731351
235.4  -10.170587
235.3  -0.60779755
235.2  -17.65413
235.1  -13.91591
235  -4.8297425
234.9  -5.3222036
234.8  -1.541169
234.7  -0.90786799
234.6  8.5294002
234.5  17.731872
234.4  -2.0368941
234.3  -18.735261
234.2  -1.1733273
234.1  -13.268103
234  3.5595038
233.9  5.0470346
233.8  -9.1917484
233.7  -4.2016539
233.6  8.076772
233.5  17.556109
233.4  8.9590715
233.3  9.5368128
233.2  -9.2295113
233.1  -18.639554
233  -0.51225729
232.9  -7.1408171
232.8  13.808399
232.7  11.901366
232.6  -17.048292
232.5  -14.729939
232.4  3.7837976
232.3  -2.8100405
232.2  3.7126174
232.1  8.7595559
232  17.149854
231.9  7.1175227
231.8  5.036099
231.7  -10.284693
231.6  13.44776
231.5  12.544983
231.4  16.464107
231.3  9.7360615
231.2  13.53289
231.1  13.306278
231  10.357007
230.9  14.756454
230.8  -14.606462
230.7  4.8293531
230.6  21.554766
230.5  9.0329497
230.4  -10.439672
230.3  -3.5151407
230.2  -10.46091
230.1  12.283899
230  12.202408
229.9  22.80997
229.8  -3.6844046
229.7  1.0224933
229.6  1.643784
229.5  -5.4771851
229.4  -4.3067638
229.3  14.201363
229.2  20.597913
229.1  6.2344152
229  7.0616123
228.9  9.800336
228.8  11.931031
228.7  -1.7035122
228.6  -8.5788504
228.5  14.363647
228.4  1.2333709
228.3  4.5414393
228.2  23.391049
228.1  14.960397
228  16.532904
227.9  4.8789212
227.8  11.946783
227.7  9.8269491
227.6  12.809489
227.5  9.6993092
227.4  16.131855
227.3  -3.547073
227.2  3.9795797
227.1  12.065369
227  2.8808697
226.9  -0.58864042
226.8  -6.3854308
226.7  -16.018279
226.6  0.69814912
226.5  5.2878886
226.4  -19.588005
226.3  -4.0035782
226.2  9.1451597
226.1  7.112524
226  -9.0229918
225.9  -6.4877225
225.8  -9.7365086
225.7  7.0781864
225.6  -6.2284052
225.5  -1.3238695
225.4  8.8704095
225.3  10.553711
225.2  0.85832308
225.1  -3.7649587
225  -2.0905143
224.9  -7.5028827
224.8  -2.5788755
224.7  18.966148
224.6  0.4280402
224.5  0.34739102
224.4  -21.976526
224.3  -7.5802248
224.2  8.9853927
224.1  0.57104859
224  -20.433485
223.9  -3.7594478
223.8  20.51566
223.7  6.8958577
223.6  -9.2101363
223.5  9.1464119
223.4  -8.3283809
223.3  5.6076034
223.2  14.461193
223.1  -0.56336876
223  6.114522
222.9  -3.5210502
222.8  -14.865041
222.7  -0.88026664
222.6  -11.599292
222.5  -7.813393
222.4  2.0142966
222.3  -4.2820414
222.2  -5.280835
222.1  -8.2806573
222  -7.6469742
221.9  -4.5498809
221.8  27.688673
221.7  4.4736414
221.6  -9.3108134
221.5  -2.8868751
221.4  -0.52176617
221.3  6.791612
221.2  -4.1852088
221.1  4.712082
221  -5.5392739
220.9  -4.9675523
220.8  6.5393903
220.7  -5.6889988
220.6  -18.360311
220.5  5.6097028
220.4  -2.7821477
220.3  5.4100395
220.2  -2.6031488
220.1  9.666242
220  -2.2060974
219.9  -4.3181066
219.8  1.878242
219.7  -1.6685301
219.6  -5.5091876
219.5  5.1319645
219.4  -6.6872312
219.3  -9.9008162
219.2  -9.9883615
219.1  -5.0155794
219  -6.9054701
218.9  -1.3304617
218.8  -6.0988055
218.7  -15.65844
218.6  22.326735
218.5  7.4114374
218.4  -4.6011847
218.3  -4.4010164
218.2  3.5670858
218.1  -9.382245
218  14.220805
217.9  -16.419064
217.8  2.261759
217.7  1.4339407
217.6  0.60833806
217.5  -16.17897
217.4  1.0455865
217.3  -9.8480988
217.2  -12.637541
217.1  -10.545066
217  -10.77264
216.9  2.4608601
216.8  -6.5166225
216.7  -7.4557609
216.6  0.99149969
216.5  -11.47458
216.4  -1.9856064
216.3  1.3594376
216.2  -6.0798998
216.1  -15.99433
216  -4.2590936
215.9  -5.8963313
215.8  -12.296502
215.7  -2.6646812
215.6  -6.1048748
215.5  -3.3420234
215.4  5.9660404
215.3  -1.0587518
215.2  8.2590941
215.1  3.5393559
215  -2.7491747

# Region:                       Al 2p Hi Res
# Spectrum ID:                  7
# Acquisition Date:             07/22/26 19:08:01 UTC
# Analysis Method:              XPS
# Analyzer:                     PHOIBOS MCD5 Analyzer
# Analyzer Lens:                LargeArea:1.5kV
# Analyzer Slit:                5:7x20\B:open
# Scan Mode:                    FixedAnalyzerTransmission
# Curves/Scan:                  1
# Values/Curve:                 331
# Dwell Time:                   0.1
# Excitation Energy:            1486.61
# Binding Energy:               90
# Pass Energy:                  10
# Bias Voltage:                 90
# Detector Voltage:             3000
# Eff. Workfunction:            4.543
# Source:                       X-Ray Dummy
# Comment:                      
#
# Cycle: 0
# Number of Scans: 25
#
# Cycle: 0, Curve: 0
# Acquisition Date:             07/22/26 19:08:01 UTC
#
# ColumnLabels:                 energy counts/s
#
90  142.79274
89.9  140.85532
89.8  148.18263
89.7  151.77996
89.6  155.66891
89.5  155.43627
89.4  147.63211
89.3  150.34594
89.2  146.93663
89.1  149.20745
89  151.69239
88.9  148.65897
88.8  156.78743
88.7  155.86961
88.6  147.84016
88.5  156.67999
88.4  141.62564
88.3  149.46117
88.2  157.63088
88.1  145.08812
88  137.55306
87.9  140.18918
87.8  159.46654
87.7  127.15649
87.6  142.20014
87.5  139.46792
87.4  151.71746
87.3  142.86231
87.2  150.38804
87.1  144.5532
87  135.75201
86.9  149.05126
86.8  148.22544
86.7  143.76433
86.6  137.77827
86.5  140.62925
86.4  147.85675
86.3  150.99031
86.2  141.48057
86.1  141.61884
86  147.54822
85.9  145.60581
85.8  141.46044
85.7  138.53883
85.6  153.59044
85.5  137.57289
85.4  148.94776
85.3  146.08981
85.2  156.01281
85.1  161.23318
85  155.67693
84.9  135.21257
84.8  143.27919
84.7  145.66725
84.6  144.70324
84.5  146.3499
84.4  145.52867
84.3  155.12459
84.2  149.5823
84.1  150.08777
84  161.54696
83.9  141.68798
83.8  132.66822
83.7  146.5764
83.6  159.02761
83.5  141.33067
83.4  148.46913
83.3  142.01505
83.2  142.69568
83.1  142.24234
83  155.25116
82.9  138.56972
82.8  146.74279
82.7  147.22066
82.6  143.61288
82.5  143.20374
82.4  167.69634
82.3  164.6145
82.2  160.47007
82.1  170.94456
82  177.39185
81.9  200.03075
81.8  184.13661
81.7  190.85671
81.6  213.70251
81.5  208.54926
81.4  213.86348
81.3  221.99981
81.2  236.50796
81.1  257.02958
81  250.21127
80.9  265.73533
80.8  264.11851
80.7  276.27365
80.6  283.5095
80.5  276.81594
80.4  287.72662
80.3  294.0551
80.2  295.89636
80.1  311.15475
80  303.00762
79.9  306.3323
79.8  297.39764
79.7  295.30188
79.6  306.24427
79.5  285.18391
79.4  278.9305
79.3  273.0143
79.2  277.85579
79.1  266.45399
79  262.38285
78.9  241.58537
78.8  240.46773
78.7  220.86328
78.6  213.77025
78.5  231.26629
78.4  207.7447
78.3  190.2735
78.2  193.06024
78.1  191.26668
78  195.03785
77.9  182.37155
77.8  165.40476
77.7  170.82276
77.6  161.21853
77.5  165.56851
77.4  171.45881
77.3  166.24347
77.2  159.20402
77.1  151.4007
77  155.51945
76.9  148.91796
76.8  153.69906
76.7  140.02347
76.6  135.3273
76.5  141.12564
76.4  139.92526
76.3  135.49545
76.2  147.42417
76.1  146.50394
76  148.8341
75.9  135.33427
75.8  132.10936
75.7  139.99696
75.6  151.65524
75.5  140.38865
75.4  152.29096
75.3  139.704
75.2  135.38362
75.1  132.36336
75  132.59299
74.9  130.64186
74.8  137.89211
74.7  134.12386
74.6  129.97164
74.5  139.47936
74.4  147.08166
74.3  139.75705
74.2  127.59344
74.1  131.76063
74  137.17794
73.9  139.46371
73.8  137.55767
73.7  133.88284
73.6  138.07869
73.5  133.03971
73.4  130.5622
73.3  134.70247
73.2  148.34398
73.1  143.07791
73  154.6815
72.9  156.21693
72.8  137.11783
72.7  137.76336
72.6  146.36592
72.5  137.90573
72.4  131.33767
72.3  154.26663
72.2  152.41087
72.1  142.78273
72  148.45616
71.9  142.08131
71.8  141.53289
71.7  146.26538
71.6  144.44656
71.5  139.70047
71.4  149.72732
71.3  142.22059
71.2  146.02181
71.1  138.33424
71  147.55727
70.9  139.10151
70.8  162.45514
70.7  149.34054
70.6  143.59593
70.5  147.94131
70.4  154.12886
70.3  141.34565
70.2  149.50506
70.1  153.61042
70  158.97782
69.9  153.73003
69.8  150.54913
69.7  140.87306
69.6  145.65424
69.5  149.65733
69.4  141.49847
69.3  156.00363
69.2  152.91616
69.1  158.8623
69  150.9247
68.9  146.70911
68.8  146.66082
68.7  148.87258
68.6  140.75631
68.5  141.55191
68.4  147.68393
68.3  150.68817
68.2  142.3817
68.1  138.05314
68  143.28468
67.9  150.84508
67.8  143.33596
67.7  139.0068
67.6  144.26371
67.5  142.84155
67.4  134.73151
67.3  143.18787
67.2  146.32264
67.1  159.31897
67  149.38265
66.9  136.8306
66.8  148.40834
66.7  138.55567
66.6  138.08763
66.5  136.10848
66.4  140.37387
66.3  132.58688
66.2  129.95989
66.1  138.79213
66  141.76122
65.9  132.6923
65.8  135.61489
65.7  135.46831
65.6  144.3393
65.5  131.85674
65.4  158.43957
65.3  137.63188
65.2  139.49931
65.1  143.8357
65  139.97502
64.9  146.55364
64.8  132.35753
64.7  123.44335
64.6  152.61767
64.5  138.8933
64.4  138.21552
64.3  128.41653
64.2  132.61545
64.1  131.31216
64  109.24416
63.9  136.37968
63.8  143.40281
63.7  144.03011
63.6  136.33215
63.5  131.5949
63.4  130.61683
63.3  128.31221
63.2  127.37616
63.1  136.10321
63  137.15881
62.9  143.90349
62.8  135.24525
62.7  134.98969
62.6  120.74373
62.5  115.99142
62.4  135.06899
62.3  123.2591
62.2  134.01539
62.1  128.24842
62  133.05817
61.9  132.47712
61.8  125.12007
61.7  121.2417
61.6  137.28303
61.5  131.33521
61.4  134.65378
61.3  128.79788
61.2  141.58549
61.1  129.12505
61  132.01444
60.9  133.235
60.8  128.27181
60.7  127.31277
60.6  133.4865
60.5  128.85929
60.4  137.30981
60.3  134.3887
60.2  142.19286
60.1  128.87252
60  120.3778
59.9  133.98528
59.8  136.22205
59.7  132.99632
59.6  132.45049
59.5  123.75455
59.4  143.76903
59.3  134.43679
59.2  125.01139
59.1  133.18116
59  137.45432
58.9  122.75749
58.8  125.98459
58.7  135.14839
58.6  138.14628
58.5  132.82865
58.4  134.37953
58.3  127.20373
58.2  135.9431
58.1  132.53153
58  132.47974
57.9  123.40363
57.8  129.22078
57.7  129.06846
57.6  124.19889
57.5  135.87065
57.4  124.39826
57.3  139.50916
57.2  122.26153
57.1  137.21166
57  123.61589

# Operation:                    Peak Fit
# Parameter: "Transition" = 
# Parameter: "Label" = 
# Parameter: "Background Method" = Tougaard
# Parameter: "Peak Shape" = Voigt
# Parameter: "Asymmetric Peak" = false
# Parameter: "FWHM-Annotation" = S-B = <Signal-BG:@>\nFWHM = <FWHM:@>\nArea = <Area:@>
# Parameter: "Peak-Annotation" = <Label>\n<Transition>\nE = <Center:@>
#
# Result:
# Number of Results:            2
# Parameter: "Transition" = 
# Parameter: "Label" = 
# Parameter: "Center" = 79.942558142981625 eV +- 0.021695737442025222
# Parameter: "Area" = 532.89370207635579 cps eV +- 16.365641690647326
# Parameter: "FWHM (Lorentzian)" = 0.57844633442399873 eV +- 0.1984131807085745
# Parameter: "FWHM (Gaussian)" = 2.4550869831781452 eV +- 0.15462333412331142
# Parameter: "Asymmetry" = 0 +- 0
# Parameter: "Tougaard B" = 5930.4734556458043 eV^2 +- 836.34870083546105
# Parameter: "Tougaard C" = 1643 eV^2 +- 0
# Parameter: "FWHM" = 2.7790401663775834 eV
# Parameter: "Baseline Offset" = 136.99247009946106 cps +- 0.61417969086374469
# Parameter: "Abbe factor" = 0.62333215872123005
# Parameter: "Reduced Chi Square" = 1.2172411260160099
# Parameter: "Q Probability" = 0.0044924144393529344
# Parameter: "Number of performed iterations" = 10
# Parameter: "Fit termination reason" = ConvergedInChi
# Parameter: "Signal" = 303.33511765595239 cps
# Parameter: "Signal-BG" = 165.60051812592172 cps
#
# Result Name:                  Background
# Number of Curves:             1
#
# Curve:                        0
# Values/Curve:                 239
#
90  147.69689
89.861345  147.57191
89.722689  147.44617
89.584034  147.31967
89.445378  147.19242
89.306723  147.06442
89.168067  146.93567
89.029412  146.80619
88.890756  146.67598
88.752101  146.54505
88.613445  146.41339
88.47479  146.28102
88.336134  146.14795
88.197479  146.01418
88.058824  145.87972
87.920168  145.74457
87.781513  145.60875
87.642857  145.47227
87.504202  145.33513
87.365546  145.19733
87.226891  145.0589
87.088235  144.91984
86.94958  144.78016
86.810924  144.63987
86.672269  144.49898
86.533613  144.35751
86.394958  144.21545
86.256303  144.07284
86.117647  143.92967
85.978992  143.78596
85.840336  143.64172
85.701681  143.49697
85.563025  143.35172
85.42437  143.20599
85.285714  143.05978
85.147059  142.91312
85.008403  142.76602
84.869748  142.61851
84.731092  142.47059
84.592437  142.32228
84.453782  142.17361
84.315126  142.0246
84.176471  141.87527
84.037815  141.72564
83.89916  141.57575
83.760504  141.42562
83.621849  141.27529
83.483193  141.12479
83.344538  140.97417
83.205882  140.82349
83.067227  140.6728
82.928571  140.52217
82.789916  140.37171
82.651261  140.2215
82.512605  140.07169
82.37395  139.92242
82.235294  139.77388
82.096639  139.62629
81.957983  139.4799
81.819328  139.335
81.680672  139.19193
81.542017  139.05108
81.403361  138.91285
81.264706  138.7777
81.12605  138.6461
80.987395  138.51857
80.848739  138.39559
80.710084  138.27766
80.571429  138.16525
80.432773  138.05877
80.294118  137.9586
80.155462  137.86502
80.016807  137.77823
79.878151  137.69836
79.739496  137.6254
79.60084  137.55928
79.462185  137.4998
79.323529  137.4467
79.184874  137.39964
79.046218  137.3582
78.907563  137.32195
78.768908  137.2904
78.630252  137.26307
78.491597  137.23948
78.352941  137.21915
78.214286  137.20166
78.07563  137.1866
77.936975  137.17359
77.798319  137.16232
77.659664  137.1525
77.521008  137.14388
77.382353  137.13627
77.243697  137.12949
77.105042  137.1234
76.966387  137.11789
76.827731  137.11285
76.689076  137.10822
76.55042  137.10393
76.411765  137.09993
76.273109  137.09619
76.134454  137.09267
75.995798  137.08935
75.857143  137.0862
75.718487  137.08321
75.579832  137.08037
75.441176  137.07765
75.302521  137.07505
75.163866  137.07257
75.02521  137.07018
74.886555  137.06789
74.747899  137.06569
74.609244  137.06357
74.470588  137.06153
74.331933  137.05956
74.193277  137.05766
74.054622  137.05583
73.915966  137.05406
73.777311  137.05234
73.638655  137.05068
73.5  137.04907
73.361345  137.04752
73.222689  137.04601
73.084034  137.04454
72.945378  137.04312
72.806723  137.04174
72.668067  137.0404
72.529412  137.03909
72.390756  137.03783
72.252101  137.0366
72.113445  137.0354
71.97479  137.03423
71.836134  137.0331
71.697479  137.03199
71.558824  137.03092
71.420168  137.02987
71.281513  137.02885
71.142857  137.02785
71.004202  137.02688
70.865546  137.02594
70.726891  137.02502
70.588235  137.02412
70.44958  137.02324
70.310924  137.02238
70.172269  137.02155
70.033613  137.02073
69.894958  137.01993
69.756303  137.01916
69.617647  137.0184
69.478992  137.01766
69.340336  137.01693
69.201681  137.01622
69.063025  137.01553
68.92437  137.01486
68.785714  137.0142
68.647059  137.01356
68.508403  137.01293
68.369748  137.01232
68.231092  137.01172
68.092437  137.01113
67.953782  137.01056
67.815126  137.01
67.676471  137.00945
67.537815  137.00892
67.39916  137.00839
67.260504  137.00788
67.121849  137.00739
66.983193  137.0069
66.844538  137.00643
66.705882  137.00596
66.567227  137.00551
66.428571  137.00507
66.289916  137.00463
66.151261  137.00421
66.012605  137.0038
65.87395  137.0034
65.735294  137.00301
65.596639  137.00262
65.457983  137.00225
65.319328  137.00189
65.180672  137.00153
65.042017  137.00118
64.903361  137.00085
64.764706  137.00052
64.62605  137.0002
64.487395  136.99988
64.348739  136.99958
64.210084  136.99928
64.071429  136.99899
63.932773  136.99871
63.794118  136.99844
63.655462  136.99817
63.516807  136.99791
63.378151  136.99766
63.239496  136.99742
63.10084  136.99718
62.962185  136.99695
62.823529  136.99673
62.684874  136.99651
62.546218  136.9963
62.407563  136.9961
62.268908  136.9959
62.130252  136.99571
61.991597  136.99553
61.852941  136.99535
61.714286  136.99518
61.57563  136.99501
61.436975  136.99485
61.298319  136.9947
61.159664  136.99455
61.021008  136.99441
60.882353  136.99427
60.743697  136.99414
60.605042  136.99401
60.466387  136.99389
60.327731  136.99378
60.189076  136.99367
60.05042  136.99356
59.911765  136.99346
59.773109  136.99337
59.634454  136.99328
59.495798  136.9932
59.357143  136.99312
59.218487  136.99304
59.079832  136.99297
58.941176  136.99291
58.802521  136.99285
58.663866  136.99279
58.52521  136.99274
58.386555  136.9927
58.247899  136.99265
58.109244  136.99262
57.970588  136.99258
57.831933  136.99255
57.693277  136.99253
57.554622  136.99251
57.415966  136.99249
57.277311  136.99248
57.138655  136.99247
57  136.99247

# Result Name:                  Peak Fit
# Number of Curves:             1
#
# Curve:                        0
# Values/Curve:                 239
#
90  148.19799
89.861345  148.08761
89.722689  147.97713
89.584034  147.86659
89.445378  147.75603
89.306723  147.64551
89.168067  147.53509
89.029412  147.42482
88.890756  147.31478
88.752101  147.20503
88.613445  147.09565
88.47479  146.98673
88.336134  146.87836
88.197479  146.77063
88.058824  146.66366
87.920168  146.55756
87.781513  146.45248
87.642857  146.34854
87.504202  146.24592
87.365546  146.14478
87.226891  146.04532
87.088235  145.94776
86.94958  145.85233
86.810924  145.75931
86.672269  145.66899
86.533613  145.58173
86.394958  145.49789
86.256303  145.41792
86.117647  145.34232
85.978992  145.27166
85.840336  145.2066
85.701681  145.14791
85.563025  145.09651
85.42437  145.05346
85.285714  145.02006
85.147059  144.99787
85.008403  144.98881
84.869748  144.99525
84.731092  145.02021
84.592437  145.06748
84.453782  145.14199
84.315126  145.25008
84.176471  145.40002
84.037815  145.6026
83.89916  145.87191
83.760504  146.22619
83.621849  146.68896
83.483193  147.2902
83.344538  148.06764
83.205882  149.06794
83.067227  150.34778
82.928571  151.97445
82.789916  154.02582
82.651261  156.58925
82.512605  159.75934
82.37395  163.63398
82.235294  168.3087
82.096639  173.86928
81.957983  180.38271
81.819328  187.88701
81.680672  196.3806
81.542017  205.81235
81.403361  216.07325
81.264706  226.99129
81.12605  238.33047
80.987395  249.79509
80.848739  261.03974
80.710084  271.6849
80.571429  281.33741
80.432773  289.61439
80.294118  296.16859
80.155462  300.71286
80.016807  303.04132
79.878151  303.0449
79.739496  300.71983
79.60084  296.16788
79.462185  289.58853
79.323529  281.26382
79.184874  271.53753
79.046218  260.79086
78.907563  249.41707
78.768908  237.79739
78.630252  226.28025
78.491597  215.16529
78.352941  204.69296
78.214286  195.03987
78.07563  186.31938
77.936975  178.58649
77.798319  171.84601
77.659664  166.06238
77.521008  161.17035
77.382353  157.08518
77.243697  153.71176
77.105042  150.95217
76.966387  148.71148
76.827731  146.9017
76.689076  145.44426
76.55042  144.27113
76.411765  143.32491
76.273109  142.55825
76.134454  141.93286
75.995798  141.41826
75.857143  140.99052
75.718487  140.63107
75.579832  140.32558
75.441176  140.06307
75.302521  139.83512
75.163866  139.63527
75.02521  139.45854
74.886555  139.30105
74.747899  139.15977
74.609244  139.03228
74.470588  138.91666
74.331933  138.81133
74.193277  138.715
74.054622  138.62658
73.915966  138.54517
73.777311  138.46999
73.638655  138.40039
73.5  138.33581
73.361345  138.27573
73.222689  138.21974
73.084034  138.16745
72.945378  138.11854
72.806723  138.0727
72.668067  138.02967
72.529412  137.98923
72.390756  137.95115
72.252101  137.91526
72.113445  137.88137
71.97479  137.84935
71.836134  137.81905
71.697479  137.79035
71.558824  137.76313
71.420168  137.73729
71.281513  137.71274
71.142857  137.68938
71.004202  137.66715
70.865546  137.64597
70.726891  137.62576
70.588235  137.60648
70.44958  137.58806
70.310924  137.57046
70.172269  137.55362
70.033613  137.5375
69.894958  137.52205
69.756303  137.50725
69.617647  137.49305
69.478992  137.47942
69.340336  137.46634
69.201681  137.45376
69.063025  137.44167
68.92437  137.43004
68.785714  137.41885
68.647059  137.40807
68.508403  137.39769
68.369748  137.38768
68.231092  137.37802
68.092437  137.36871
67.953782  137.35972
67.815126  137.35105
67.676471  137.34266
67.537815  137.33456
67.39916  137.32673
67.260504  137.31915
67.121849  137.31182
66.983193  137.30473
66.844538  137.29786
66.705882  137.2912
66.567227  137.28476
66.428571  137.27851
66.289916  137.27246
66.151261  137.26658
66.012605  137.26088
65.87395  137.25536
65.735294  137.24999
65.596639  137.24478
65.457983  137.23972
65.319328  137.2348
65.180672  137.23003
65.042017  137.22539
64.903361  137.22087
64.764706  137.21649
64.62605  137.21222
64.487395  137.20807
64.348739  137.20403
64.210084  137.20009
64.071429  137.19627
63.932773  137.19254
63.794118  137.18891
63.655462  137.18538
63.516807  137.18193
63.378151  137.17858
63.239496  137.17531
63.10084  137.17212
62.962185  137.16901
62.823529  137.16598
62.684874  137.16302
62.546218  137.16014
62.407563  137.15733
62.268908  137.15459
62.130252  137.15191
61.991597  137.1493
61.852941  137.14675
61.714286  137.14426
61.57563  137.14183
61.436975  137.13946
61.298319  137.13714
61.159664  137.13488
61.021008  137.13267
60.882353  137.13051
60.743697  137.1284
60.605042  137.12634
60.466387  137.12433
60.327731  137.12236
60.189076  137.12043
60.05042  137.11855
59.911765  137.11672
59.773109  137.11492
59.634454  137.11316
59.495798  137.11145
59.357143  137.10977
59.218487  137.10813
59.079832  137.10652
58.941176  137.10495
58.802521  137.10342
58.663866  137.10191
58.52521  137.10044
58.386555  137.09901
58.247899  137.0976
58.109244  137.09623
57.970588  137.09488
57.831933  137.09357
57.693277  137.09228
57.554622  137.09102
57.415966  137.08978
57.277311  137.08858
57.138655  137.0874
57  137.08624

# Region:                       Au 4d
# Spectrum ID:                  8
# Acquisition Date:             07/22/26 19:21:47 UTC
# Analysis Method:              XPS
# Analyzer:                     PHOIBOS MCD5 Analyzer
# Analyzer Lens:                LargeArea:1.5kV
# Analyzer Slit:                5:7x20\B:open
# Scan Mode:                    FixedAnalyzerTransmission
# Curves/Scan:                  1
# Values/Curve:                 901
# Dwell Time:                   0.1
# Excitation Energy:            1486.61
# Binding Energy:               385
# Pass Energy:                  50
# Bias Voltage:                 90
# Detector Voltage:             3000
# Eff. Workfunction:            4.543
# Source:                       X-Ray Dummy
# Comment:                      
#
# Cycle: 0
# Number of Scans: 2
#
# Cycle: 0, Curve: 0
# Acquisition Date:             07/22/26 19:21:47 UTC
#
# ColumnLabels:                 energy counts/s
#
385  4561.2594
384.9  4434.6079
384.8  4283.1155
384.7  4471.3052
384.6  4365.2763
384.5  4277.9997
384.4  4390.8877
384.3  4425.5753
384.2  4554.9314
384.1  4343.8137
384  4446.6893
383.9  4380.3785
383.8  4520.5102
383.7  4461.5678
383.6  4610.8701
383.5  4727.8418
383.4  4376.3938
383.3  4348.8346
383.2  4263.7224
383.1  4173.3005
383  4319.1894
382.9  4401.3873
382.8  4274.4754
382.7  4149.2235
382.6  4311.3777
382.5  4403.7704
382.4  4307.0733
382.3  4218.1888
382.2  4461.5085
382.1  4419.8774
382  4236.2083
381.9  4176.3346
381.8  4311.0373
381.7  4315.0249
381.6  3980.7157
381.5  4302.6483
381.4  4517.7382
381.3  4470.6311
381.2  4062.7573
381.1  4089.7144
381  4245.5403
380.9  4299.5352
380.8  4237.2521
380.7  4227.3782
380.6  4443.4981
380.5  4264.8074
380.4  4445.2233
380.3  4417.0715
380.2  4242.9375
380.1  4214.1687
380  4381.6285
379.9  4298.5603
379.8  4205.2736
379.7  4334.5804
379.6  4209.1377
379.5  4042.9254
379.4  4274.1224
379.3  4134.1759
379.2  4275.299
379.1  4468.8217
379  4394.8134
378.9  4264.2206
378.8  4112.2598
378.7  4252.8844
378.6  4250.3555
378.5  4321.9621
378.4  4388.8792
378.3  4426.3179
378.2  4414.2497
378.1  4338.9812
378  4299.5804
377.9  4452.3602
377.8  4563.5227
377.7  4573.2536
377.6  4309.0848
377.5  4315.9589
377.4  3991.202
377.3  4149.2413
377.2  4281.953
377.1  4301.6246
377  4663.2533
376.9  4375.182
376.8  4412.0017
376.7  4487.2516
376.6  4184.8921
376.5  4262.5609
376.4  4112.0455
376.3  4400.8551
376.2  4528.7798
376.1  4312.2132
376  4486.1514
375.9  4558.6647
375.8  4235.7669
375.7  4339.6625
375.6  4225.8587
375.5  4247.5545
375.4  4447.8877
375.3  4388.3387
375.2  4379.7314
375.1  4219.934
375  4197.3818
374.9  4150.3186
374.8  4471.9115
374.7  4348.0657
374.6  4321.4601
374.5  4522.8085
374.4  4429.0402
374.3  4099.6344
374.2  4123.3928
374.1  4300.7147
374  4250.1284
373.9  4293.8275
373.8  4279.4993
373.7  4530.2509
373.6  4506.2309
373.5  4189.8037
373.4  4273.6293
373.3  4486.0566
373.2  4423.7286
373.1  4462.4111
373  4240.9302
372.9  4090.606
372.8  4369.9398
372.7  4435.3948
372.6  4524.4663
372.5  4379.4452
372.4  4491.5226
372.3  4456.9466
372.2  4556.9463
372.1  4358.654
372  4474.6902
371.9  4507.6518
371.8  4373.2843
371.7  4267.408
371.6  4387.801
371.5  4142.8253
371.4  4239.4141
371.3  4389.7832
371.2  4520.7961
371.1  4173.816
371  4251.7237
370.9  4313.3027
370.8  4311.4099
370.7  4160.7256
370.6  4196.6421
370.5  4125.4424
370.4  4140.1501
370.3  4193.4089
370.2  4400.6609
370.1  4255.752
370  4092.7789
369.9  4166.5509
369.8  4410.4371
369.7  4472.0785
369.6  4173.5895
369.5  4480.9624
369.4  4343.848
369.3  4319.1644
369.2  4145.2394
369.1  4141.6216
369  4169.1482
368.9  4181.284
368.8  4242.4569
368.7  4415.8999
368.6  4416.4161
368.5  4397.2362
368.4  4242.0361
368.3  4032.9996
368.2  4402.5991
368.1  4229.5754
368  4375.3628
367.9  4346.094
367.8  4387.7898
367.7  4345.2984
367.6  4196.5303
367.5  4218.7282
367.4  4475.3732
367.3  4506.2841
367.2  4313.2747
367.1  4218.6294
367  4317.3992
366.9  4328.914
366.8  4192.3728
366.7  4331.5955
366.6  4269.5758
366.5  4537.3459
366.4  4283.9969
366.3  4316.1382
366.2  4213.3753
366.1  4288.5467
366  4343.8944
365.9  4288.9067
365.8  4218.7491
365.7  4321.9051
365.6  4291.071
365.5  4513.6622
365.4  4313.1782
365.3  4388.3569
365.2  4275.639
365.1  4467.5594
365  4394.0783
364.9  4339.6663
364.8  4253.9683
364.7  4353.0131
364.6  4065.7296
364.5  4283.5668
364.4  4484.6131
364.3  4661.2923
364.2  4615.3041
364.1  4372.801
364  4346.0104
363.9  4289.3711
363.8  4305.4023
363.7  4200.4205
363.6  4214.8983
363.5  4207.117
363.4  4186.9636
363.3  4387.9284
363.2  4205.4681
363.1  4385.9415
363  4288.8258
362.9  4270.4198
362.8  4443.3517
362.7  4592.74
362.6  4204.9965
362.5  4353.7071
362.4  4253.5492
362.3  4371.545
362.2  4302.1752
362.1  4371.421
362  4352.7661
361.9  4154.4587
361.8  4360.5779
361.7  4348.2467
361.6  4567.8367
361.5  4422.9368
361.4  4455.8729
361.3  4430.9618
361.2  4256.126
361.1  4343.1974
361  4529.8205
360.9  4326.5832
360.8  4563.6737
360.7  4450.1077
360.6  4274.199
360.5  4318.2533
360.4  4433.4036
360.3  4334.5072
360.2  4305.6341
360.1  4494.7816
360  4378.8322
359.9  4383.0802
359.8  4242.241
359.7  4230.5845
359.6  4254.7291
359.5  4432.1187
359.4  4533.4243
359.3  4635.0059
359.2  4434.9271
359.1  4335.1366
359  4245.3071
358.9  4237.9358
358.8  4264.7009
358.7  4045.8563
358.6  4443.1101
358.5  4501.3208
358.4  4334.6563
358.3  4311.0427
358.2  4427.5346
358.1  4307.8144
358  4275.376
357.9  4041.2968
357.8  4529.6909
357.7  4422.0163
357.6  4307.302
357.5  4486.284
357.4  4355.4054
357.3  4544.0412
357.2  4641.3118
357.1  4478.3387
357  4496.0395
356.9  4442.6577
356.8  4389.1713
356.7  4733.4977
356.6  4398.5378
356.5  4513.2194
356.4  4537.1967
356.3  4344.7722
356.2  4327.9934
356.1  4171.7455
356  4442.7195
355.9  4385.7704
355.8  4351.427
355.7  4354.3111
355.6  4488.6766
355.5  4526.0943
355.4  4316.7004
355.3  4478.9848
355.2  4485.7886
355.1  4625.6327
355  4422.0797
354.9  4469.387
354.8  4350.2397
354.7  4275.6567
354.6  4371.7308
354.5  4359.8663
354.4  4315.7792
354.3  4528.4486
354.2  4463.1022
354.1  4301.435
354  4418.349
353.9  4455.8294
353.8  4373.6318
353.7  4361.8489
353.6  4365.0089
353.5  4475.9308
353.4  4647.7389
353.3  4410.1117
353.2  4388.7698
353.1  4592.2065
353  4303.6172
352.9  4275.0369
352.8  4471.3426
352.7  4388.8398
352.6  4580.0147
352.5  4545.5179
352.4  4264.1256
352.3  4446.8968
352.2  4385.0661
352.1  4263.9508
352  4154.0679
351.9  4360.2673
351.8  4469.9718
351.7  4585.0446
351.6  4500.6913
351.5  4620.7834
351.4  4418.0745
351.3  4490.9313
351.2  4499.378
351.1  4492.504
351  4474.8631
350.9  4187.9936
350.8  4118.7005
350.7  4293.6186
350.6  4224.0342
350.5  4262.8271
350.4  4466.5745
350.3  4556.743
350.2  4506.37
350.1  4372.3086
350  4287.7967
349.9  4234.9557
349.8  4361.9778
349.7  4276.6041
349.6  4453.2711
349.5  4318.8455
349.4  4513.7702
349.3  4435.6441
349.2  4485.4024
349.1  4410.2632
349  4557.1711
348.9  4346.8443
348.8  4202.3221
348.7  4073.2473
348.6  4103.5053
348.5  4216.1103
348.4  4362.2041
348.3  4355.4321
348.2  4326.5989
348.1  4326.1163
348  4452.137
347.9  4510.7067
347.8  4665.0775
347.7  4262.812
347.6  4211.2859
347.5  4404.6676
347.4  4220.8618
347.3  4370.6487
347.2  4589.3509
347.1  4327.2885
347  4099.3847
346.9  4369.3737
346.8  4182.6015
346.7  4546.1322
346.6  4463.5052
346.5  4338.2399
346.4  4389.2683
346.3  4328.6266
346.2  4429.2559
346.1  4246.5509
346  4214.3747
345.9  4448.6802
345.8  4583.5262
345.7  4583.5454
345.6  4493.1602
345.5  4332.4247
345.4  4180.2619
345.3  4296.1069
345.2  4180.2606
345.1  4373.915
345  4444.6963
344.9  4464.8264
344.8  4329.2854
344.7  4427.3127
344.6  4444.3205
344.5  4385.5643
344.4  4354.2336
344.3  4366.1954
344.2  4368.945
344.1  4533.3372
344  4361.3468
343.9  4292.5701
343.8  4415.0159
343.7  4433.4028
343.6  4210.0706
343.5  4238.8
343.4  4348.9969
343.3  4118.0949
343.2  4175.24
343.1  4380.6064
343  4370.2294
342.9  4265.1772
342.8  4273.5726
342.7  4223.6643
342.6  4258.2366
342.5  4435.1443
342.4  4394.7334
342.3  4070.8562
342.2  4273.5761
342.1  4310.6656
342  4309.2546
341.9  4387.0342
341.8  4277.5139
341.7  4446.7909
341.6  4270.5873
341.5  4375.3183
341.4  4467.3453
341.3  4331.4469
341.2  4151.1738
341.1  4387.7628
341  4706.2871
340.9  4464.623
340.8  4371.5572
340.7  4260.1749
340.6  4250.2955
340.5  4278.9275
340.4  4150.4779
340.3  4458.4863
340.2  4436.0752
340.1  4382.9091
340  4564.3282
339.9  4553.766
339.8  4337.0838
339.7  4513.4659
339.6  4231.6195
339.5  4268.0449
339.4  4504.5485
339.3  4350.8777
339.2  4405.137
339.1  4234.8818
339  4330.5682
338.9  4208.0196
338.8  4286.6599
338.7  4302.174
338.6  4149.1157
338.5  4477.3164
338.4  4287.4987
338.3  4299.5938
338.2  4361.7271
338.1  4312.1753
338  4698.0518
337.9  4484.7665
337.8  4416.578
337.7  4085.9924
337.6  4239.5496
337.5  4421.7152
337.4  4159.7518
337.3  4520.4674
337.2  4358.6074
337.1  4698.2846
337  4480.4488
336.9  4602.4174
336.8  4416.8916
336.7  4327.586
336.6  4389.6058
336.5  4303.1793
336.4  4248.5402
336.3  4252.1555
336.2  4640.3257
336.1  4324.5427
336  4541.8398
335.9  4314.5637
335.8  4402.0171
335.7  4270.4878
335.6  4384.5538
335.5  4272.1319
335.4  4533.8483
335.3  4236.3451
335.2  4629.5867
335.1  4386.1112
335  4467.5434
334.9  4379.3947
334.8  4610.7259
334.7  4356.5933
334.6  4196.0278
334.5  4471.1987
334.4  4416.4387
334.3  4297.8483
334.2  4380.4878
334.1  4277.1675
334  4420.5376
333.9  4357.1885
333.8  4575.9151
333.7  4606.5905
333.6  4553.0346
333.5  4306.596
333.4  4607.3091
333.3  4294.628
333.2  4505.3003
333.1  4421.6661
333  4351.8151
332.9  4270.6217
332.8  4365.4063
332.7  4396.1618
332.6  4182.1082
332.5  4203.2749
332.4  4557.0218
332.3  4365.1449
332.2  4346.8245
332.1  4378.1847
332  4335.1894
331.9  4390.7562
331.8  4528.8342
331.7  4182.8604
331.6  4309.3661
331.5  4493.4005
331.4  4282.5913
331.3  4347.4137
331.2  4335.6403
331.1  4272.9272
331  4398.9664
330.9  4260.654
330.8  4282.1525
330.7  4352.6204
330.6  4296.6514
330.5  4279.3044
330.4  4239.1165
330.3  4201.6349
330.2  4242.6881
330.1  4070.2861
330  4355.8308
329.9  4330.0452
329.8  4343.3169
329.7  4207.0742
329.6  4315.4498
329.5  4083.8301
329.4  4045.5638
329.3  4262.8479
329.2  4288.7761
329.1  4464.8697
329  4386.2971
328.9  4221.5425
328.8  4295.5714
328.7  4314.6487
328.6  4378.1139
328.5  4300.9213
328.4  4294.1082
328.3  4250.5275
328.2  4279.2247
328.1  4317.5653
328  4184.9093
327.9  4202.4641
327.8  4443.8127
327.7  4723.483
327.6  4359.846
327.5  4247.7106
327.4  4468.0918
327.3  4186.603
327.2  4263.4353
327.1  4018.6757
327  4156.378
326.9  4346.4322
326.8  4468.6397
326.7  4258.4498
326.6  4459.2641
326.5  4348.4165
326.4  4215.2664
326.3  4379.6949
326.2  4330.3772
326.1  4513.2682
326  4538.0712
325.9  4299.9502
325.8  4266.7995
325.7  4459.5757
325.6  4527.3476
325.5  4381.1626
325.4  4252.4027
325.3  4424.9403
325.2  4337.52
325.1  4085.1685
325  4382.1172
324.9  4352.8319
324.8  4378.9143
324.7  4488.8743
324.6  4478.1953
324.5  4476.7663
324.4  4254.0967
324.3  4236.4014
324.2  4216.5882
324.1  4210.8234
324  4196.612
323.9  4156.8148
323.8  4301.3622
323.7  4052.5802
323.6  4222.5316
323.5  4375.5924
323.4  4394.5878
323.3  4192.8871
323.2  4333.3615
323.1  4165.9045
323  4154.5503
322.9  4109.1516
322.8  4214.6152
322.7  4260.0497
322.6  4532.4016
322.5  4222.3984
322.4  4266.4627
322.3  4216.3625
322.2  4477.7384
322.1  4242.6418
322  4290.4677
321.9  4511.2156
321.8  4335.2353
321.7  4288.3835
321.6  4318.5297
321.5  4418.4645
321.4  4259.3656
321.3  4165.3563
321.2  4403.9192
321.1  4347.8154
321  4527.1121
320.9  4374.4988
320.8  4348.2703
320.7  4329.7818
320.6  4134.3598
320.5  4283.6962
320.4  4383.0223
320.3  4352.5683
320.2  4199.7409
320.1  4471.4833
320  4220.8071
319.9  4265.8836
319.8  4434.7645
319.7  4257.2814
319.6  4325.7943
319.5  4454.4198
319.4  4049.7954
319.3  4143.0266
319.2  4191.5206
319.1  4305.6451
319  4102.9831
318.9  4496.4059
318.8  4423.5343
318.7  4355.507
318.6  4441.0524
318.5  4263.374
318.4  4283.3377
318.3  4331.1059
318.2  4290.3406
318.1  4193.8677
318  4282.3433
317.9  4269.0054
317.8  4288.0246
317.7  4420.4174
317.6  4091.512
317.5  4341.6481
317.4  4084.8681
317.3  4312.1733
317.2  4390.5344
317.1  4483.3096
317  4030.6025
316.9  4258.3195
316.8  4087.9953
316.7  4133.8503
316.6  4141.0323
316.5  4262.4713
316.4  4285.7192
316.3  4337.2222
316.2  4011.2504
316.1  4165.2294
316  4286.5744
315.9  4371.1742
315.8  3994.3884
315.7  4387.8397
315.6  4113.0924
315.5  4307.4236
315.4  4333.1126
315.3  4154.7485
315.2  4364.7068
315.1  4224.66
315  4444.258
314.9  4238.3634
314.8  4569.7796
314.7  4465.4011
314.6  4222.6
314.5  4296.0557
314.4  4342.7732
314.3  4371.7458
314.2  4157.7831
314.1  4446.6068
314  4508.2389
313.9  4286.6129
313.8  4283.2484
313.7  4166.5496
313.6  4294.5556
313.5  4514.5713
313.4  4246.7146
313.3  4487.957
313.2  4360.0802
313.1  4335.2513
313  4478.163
312.9  4484.643
312.8  4393.7885
312.7  4436.9957
312.6  4168.8226
312.5  4330.0645
312.4  4310.4542
312.3  4410.4052
312.2  4366.9055
312.1  4546.9394
312  4434.1889
311.9  4304.7581
311.8  4275.5752
311.7  4554.7033
311.6  4518.9494
311.5  4512.9057
311.4  4576.8419
311.3  4421.9261
311.2  4197.4935
311.1  4071.5965
311  4351.5174
310.9  4466.5005
310.8  4387.4289
310.7  4342.6097
310.6  4315.6149
310.5  4122.6851
310.4  4200.6645
310.3  4258.6969
310.2  4284.923
310.1  4376.9529
310  4433.1584
309.9  4445.0868
309.8  4408.6004
309.7  4475.7321
309.6  4457.8688
309.5  4223.8815
309.4  4235.0604
309.3  4140.2796
309.2  4216.0518
309.1  4330.2569
309  4548.8367
308.9  4379.3749
308.8  4201.1287
308.7  4353.8612
308.6  4297.5594
308.5  4205.7776
308.4  4211.5245
308.3  4358.0244
308.2  4132.3462
308.1  4405.2
308  4592.6937
307.9  4551.8193
307.8  4201.7782
307.7  4179.2347
307.6  4288.2572
307.5  4333.7706
307.4  4351.0934
307.3  4345.5009
307.2  4306.2334
307.1  4454.6886
307  4376.7236
306.9  4252.0253
306.8  4353.4733
306.7  4238.9776
306.6  4552.5882
306.5  4330.366
306.4  4225.6595
306.3  4384.0099
306.2  4221.0782
306.1  4426.5748
306  4275.4072
305.9  4244.0121
305.8  4347.112
305.7  4251.0939
305.6  4131.5258
305.5  4359.8907
305.4  4309.8833
305.3  4417.341
305.2  4449.8993
305.1  4455.167
305  4241.9359
304.9  4374.0581
304.8  4259.4894
304.7  4389.784
304.6  4627.9492
304.5  4562.0867
304.4  4349.1955
304.3  4477.4781
304.2  4382.6673
304.1  4213.0106
304  4401.1485
303.9  4505.7917
303.8  4210.0181
303.7  4319.6765
303.6  4442.4928
303.5  4181.2012
303.4  4116.4682
303.3  4196.1242
303.2  4026.1935
303.1  4342.5286
303  4287.25
302.9  4369.2834
302.8  4327.8237
302.7  4368.0444
302.6  4545.4567
302.5  4317.4633
302.4  4300.9626
302.3  4149.9097
302.2  4406.0114
302.1  4381.2185
302  4270.7059
301.9  4206.5511
301.8  4496.7717
301.7  4217.7786
301.6  4090.6876
301.5  4567.0781
301.4  4660.3635
301.3  4127.8153
301.2  4143.451
301.1  4155.6588
301  4296.1046
300.9  4436.4068
300.8  4248.0821
300.7  4332.4228
300.6  4244.0173
300.5  4186.5807
300.4  4278.0788
300.3  4270.8196
300.2  4253.3048
300.1  4397.4557
300  4600.8805
299.9  4063.1051
299.8  4158.4479
299.7  4069.0297
299.6  4167.4589
299.5  4258.6235
299.4  4455.7153
299.3  4331.9822
299.2  4304.4266
299.1  4425.8104
299  4338.45
298.9  4214.4352
298.8  4321.8544
298.7  4325.9753
298.6  4261.7873
298.5  4408.1929
298.4  4389.6422
298.3  4447.7329
298.2  4531.0751
298.1  4317.3483
298  4424.598
297.9  4531.9553
297.8  4408.4784
297.7  4269.1269
297.6  4225.0999
297.5  4331.4396
297.4  4308.4737
297.3  4205.7385
297.2  4204.1217
297.1  4216.8187
297  4212.2458
296.9  4136.7045
296.8  4245.8124
296.7  4163.9727
296.6  4160.7543
296.5  4008.9094
296.4  4269.7636
296.3  4020.6398
296.2  4195.9161
296.1  4383.9778
296  4299.9741
295.9  4383.4614
295.8  4437.5379
295.7  4163.1607
295.6  4326.3207
295.5  4305.2164
295.4  4543.8472
295.3  4245.6978
295.2  4370.7142
295.1  4353.1388
295  4389.0746

# Group:                        Spectrum Group
#
