# Created by:        SpecsLab Prodigy, Version 4.79.1-r98952 
#
# XY-Serializer Export Settings:
#   Comment Prefix:           #
#   Output Meta Data:         yes
#   Energy Axis:              Binding Energy
#   Count Rate:               Counts per Second
#   Separate Scan Data:       no
#   Separate Channel Data:    no
#   External Channel Data:    yes
#   Transmission Function:    no
#   Error Bar:                no
#   Operation Results:        yes
#   Time Zone Format:         UTC
#
# Group:                        Spectrum Group
#
# Region:                       O 1s
# Spectrum ID:                  1
# Acquisition Date:             07/22/26 13:15:59 UTC
# Analysis Method:              XPS
# Analyzer:                     PHOIBOS MCD5 Analyzer
# Analyzer Lens:                LargeArea:1.5kV
# Analyzer Slit:                5:7x20\B:open
# Scan Mode:                    FixedAnalyzerTransmission
# Curves/Scan:                  1
# Values/Curve:                 82
# Dwell Time:                   0.125
# Excitation Energy:            1486.61
# Binding Energy:               580
# Pass Energy:                  50
# Bias Voltage:                 90
# Detector Voltage:             3000
# Eff. Workfunction:            4.543
# Source:                       X-Ray Dummy
# Comment:                      
#
# Cycle: 0
# Number of Scans: 4
#
# Cycle: 0, Curve: 0
# Acquisition Date:             07/22/26 13:15:59 UTC
#
# ColumnLabels:                 energy counts/s
#
580  141.43614
579.01235  153.74294
578.02469  136.39769
577.03704  132.82763
576.04938  133.24183
575.06173  140.83863
574.07407  156.03911
573.08642  129.68656
572.09877  109.41995
571.11111  143.46046
570.12346  155.71164
569.1358  142.65119
568.14815  127.41018
567.16049  120.0394
566.17284  151.08949
565.18519  162.59754
564.19753  137.44271
563.20988  132.32734
562.22222  141.49661
561.23457  146.89047
560.24691  140.27629
559.25926  150.01647
558.2716  162.09194
557.28395  138.02273
556.2963  148.17592
555.30864  154.73979
554.32099  147.63544
553.33333  149.26942
552.34568  159.83228
551.35802  172.24493
550.37037  155.23736
549.38272  132.63123
548.39506  127.81866
547.40741  130.19755
546.41975  129.89936
545.4321  120.67183
544.44444  113.86261
543.45679  117.60118
542.46914  125.00826
541.48148  118.18319
540.49383  101.01509
539.50617  115.02844
538.51852  147.67594
537.53086  200.37447
536.54321  231.35878
535.55556  247.42731
534.5679  247.28209
533.58025  192.31938
532.59259  150.68337
531.60494  142.02072
530.61728  121.5144
529.62963  125.49967
528.64198  129.57504
527.65432  116.06505
526.66667  119.50666
525.67901  119.30481
524.69136  125.18623
523.7037  117.77168
522.71605  112.14779
521.7284  119.7718
520.74074  106.55062
519.75309  101.06855
518.76543  105.94405
517.77778  104.86847
516.79012  103.78475
515.80247  95.162432
514.81481  86.629802
513.82716  96.485187
512.83951  99.951945
511.85185  100.63989
510.8642  97.836772
509.87654  97.924403
508.88889  96.747176
507.90123  101.61466
506.91358  119.86343
505.92593  114.13074
504.93827  102.61063
503.95062  101.30155
502.96296  104.08719
501.97531  109.40508
500.98765  114.84881
500  108.82364

# Region:                       O 1s
# Spectrum ID:                  2
# Acquisition Date:             07/22/26 13:17:38 UTC
# Analysis Method:              XPS
# Analyzer:                     PHOIBOS MCD5 Analyzer
# Analyzer Lens:                LargeArea:1.5kV
# Analyzer Slit:                5:7x20\B:open
# Scan Mode:                    FixedAnalyzerTransmission
# Curves/Scan:                  1
# Values/Curve:                 82
# Dwell Time:                   0.125
# Excitation Energy:            1486.61
# Binding Energy:               580
# Pass Energy:                  50
# Bias Voltage:                 90
# Detector Voltage:             3000
# Eff. Workfunction:            4.543
# Source:                       X-Ray Dummy
# Comment:                      
#
# Cycle: 0
# Number of Scans: 4
#
# Cycle: 0, Curve: 0
# Acquisition Date:             07/22/26 13:17:38 UTC
#
# ColumnLabels:                 energy counts/s
#
580  400.97311
579.01235  397.41891
578.02469  368.28428
577.03704  379.46774
576.04938  396.39003
575.06173  387.4976
574.07407  363.82069
573.08642  356.21408
572.09877  351.52839
571.11111  349.02399
570.12346  373.69705
569.1358  370.53225
568.14815  362.96319
567.16049  360.2885
566.17284  347.50487
565.18519  370.76125
564.19753  407.68177
563.20988  399.64326
562.22222  388.59095
561.23457  451.24351
560.24691  483.05044
559.25926  441.42697
558.2716  388.77043
557.28395  351.88498
556.2963  350.7406
555.30864  336.44398
554.32099  333.28734
553.33333  352.3772
552.34568  343.53187
551.35802  326.94466
550.37037  326.53265
549.38272  329.50697
548.39506  327.45685
547.40741  305.64924
546.41975  277.77401
545.4321  271.01153
544.44444  284.48777
543.45679  285.03965
542.46914  276.29163
541.48148  303.32203
540.49383  365.32191
539.50617  539.85472
538.51852  788.48974
537.53086  1022.4225
536.54321  996.90896
535.55556  733.88268
534.5679  472.4864
533.58025  330.42498
532.59259  273.36929
531.60494  258.83188
530.61728  271.69537
529.62963  283.39884
528.64198  295.08496
527.65432  319.49871
526.66667  327.80199
525.67901  294.05685
524.69136  271.29953
523.7037  246.09241
522.71605  224.91324
521.7284  207.09653
520.74074  197.87282
519.75309  242.0421
518.76543  264.3124
517.77778  234.52716
516.79012  218.83531
515.80247  234.7109
514.81481  234.37275
513.82716  212.42121
512.83951  208.48783
511.85185  220.53781
510.8642  231.91958
509.87654  217.746
508.88889  207.52221
507.90123  208.44252
506.91358  230.19501
505.92593  230.55208
504.93827  222.51388
503.95062  212.71343
502.96296  236.522
501.97531  240.75503
500.98765  245.90605
500  233.46695

# Region:                       Overall
# Spectrum ID:                  3
# Acquisition Date:             07/22/26 13:34:25 UTC
# Analysis Method:              XPS
# Analyzer:                     PHOIBOS MCD5 Analyzer
# Analyzer Lens:                LargeArea:1.5kV
# Analyzer Slit:                5:7x20\B:open
# Scan Mode:                    FixedAnalyzerTransmission
# Curves/Scan:                  1
# Values/Curve:                 1002
# Dwell Time:                   0.125
# Excitation Energy:            1486.61
# Binding Energy:               1000
# Pass Energy:                  50
# Bias Voltage:                 90
# Detector Voltage:             3000
# Eff. Workfunction:            4.543
# Source:                       X-Ray Dummy
# Comment:                      x = 246.5
#                               y = 10.7
#                               z = 7.15
#                               theta = 200
#
# Cycle: 0
# Number of Scans: 4
#
# Cycle: 0, Curve: 0
# Acquisition Date:             07/22/26 13:34:25 UTC
#
# ColumnLabels:                 energy counts/s
#
1000  13435.373
999.001  13264.014
998.002  13081.298
997.003  12677.754
996.004  12562.976
995.005  12361.209
994.00599  12178.639
993.00699  12170.957
992.00799  12103.093
991.00899  12179.473
990.00999  12363.959
989.01099  12754.369
988.01199  13126.029
987.01299  14040.192
986.01399  15370.72
985.01499  16377.647
984.01598  17084.562
983.01698  16970.619
982.01798  16427.909
981.01898  15760.398
980.01998  14990.449
979.02098  14152.494
978.02198  13651.308
977.02298  13161.325
976.02398  12384.062
975.02498  11932.177
974.02597  11559.645
973.02697  10983.122
972.02797  10605.846
971.02897  10098.235
970.02997  9701.5329
969.03097  9510.7077
968.03197  9321.1396
967.03297  9344.7387
966.03397  9102.7489
965.03497  8947.5129
964.03596  8984.9599
963.03696  8921.9611
962.03796  9003.7138
961.03896  9179.577
960.03996  9280.09
959.04096  9289.7954
958.04196  9132.668
957.04296  9049.5545
956.04396  9009.2603
955.04496  8774.2637
954.04595  8934.4891
953.04695  9120.1652
952.04795  9131.5645
951.04895  9095.4925
950.04995  8915.4846
949.05095  8878.3491
948.05195  9012.4566
947.05295  8999.9075
946.05395  9101.1836
945.05495  9200.7686
944.05594  9242.2814
943.05694  9210.1378
942.05794  9319.6203
941.05894  9329.4907
940.05994  9246.9061
939.06094  9249.0881
938.06194  9125.415
937.06294  9189.0603
936.06394  9227.1221
935.06494  9265.5251
934.06593  9214.5567
933.06693  9144.8797
932.06793  9261.2598
931.06893  9338.8658
930.06993  9345.2966
929.07093  9198.1173
928.07193  9114.7765
927.07293  9048.6015
926.07393  9140.8478
925.07493  9167.3854
924.07592  8969.7899
923.07692  9046.9088
922.07792  9219.5601
921.07892  9260.6325
920.07992  9189.4618
919.08092  9119.5454
918.08192  9178.0556
917.08292  9282.8204
916.08392  9194.1171
915.08492  9177.498
914.08591  9059.8887
913.08691  9088.4519
912.08791  9095.5697
911.08891  9128.9507
910.08991  9003.1467
909.09091  9196.681
908.09191  9346.6461
907.09291  9294.6626
906.09391  9316.6268
905.09491  9244.3319
904.0959  9176.2314
903.0969  9180.841
902.0979  9160.4337
901.0989  9118.6426
900.0999  9087.4629
899.1009  9201.5588
898.1019  9239.0945
897.1029  9084.4007
896.1039  9073.7325
895.1049  9180.107
894.10589  9207.1617
893.10689  9178.3075
892.10789  9110.4052
891.10889  9133.134
890.10989  9307.57
889.11089  9423.9969
888.11189  9435.6662
887.11289  9321.8437
886.11389  9222.8778
885.11489  9197.9699
884.11588  9409.5533
883.11688  9406.9737
882.11788  9269.8812
881.11888  9282.7106
880.11988  9190.9058
879.12088  9278.616
878.12188  9396.9263
877.12288  9398.2635
876.12388  9416.2124
875.12488  9393.5438
874.12587  9245.5349
873.12687  9382.2201
872.12787  9289.6172
871.12887  9141.1225
870.12987  9130.2563
869.13087  9188.7655
868.13187  9113.9437
867.13287  9297.7122
866.13387  9352.3395
865.13487  9383.9097
864.13586  9418.5064
863.13686  9281.3211
862.13786  9299.0478
861.13886  9308.2606
860.13986  9259.2209
859.14086  9272.9434
858.14186  9400.0305
857.14286  9517.0084
856.14386  9517.6607
855.14486  9569.1975
854.14585  9503.3418
853.14685  9435.2086
852.14785  9596.056
851.14885  9582.5148
850.14985  9325.0621
849.15085  9462.7221
848.15185  9427.8616
847.15285  9387.6995
846.15385  9310.7872
845.15485  9380.6376
844.15584  9500.6302
843.15684  9499.9712
842.15784  9447.6033
841.15884  9513.202
840.15984  9570.8121
839.16084  9512.8298
838.16184  9352.4628
837.16284  9530.699
836.16384  9480.3824
835.16484  9273.8079
834.16583  9188.404
833.16683  9223.0174
832.16783  9181.1691
831.16883  9134.3451
830.16983  9166.2904
829.17083  9280.4477
828.17183  9300.5977
827.17283  9337.3599
826.17383  9317.4746
825.17483  9234.576
824.17582  9267.86
823.17682  9223.0708
822.17782  9380.6866
821.17882  9384.4257
820.17982  9137.2017
819.18082  9069.8317
818.18182  9145.685
817.18282  9287.4137
816.18382  9292.8008
815.18482  9286.9764
814.18581  9270.2612
813.18681  9245.0285
812.18781  9303.6074
811.18881  9278.5687
810.18981  9302.0325
809.19081  9312.2941
808.19181  9397.2631
807.19281  9553.0253
806.19381  9584.3938
805.19481  9572.9283
804.1958  9441.654
803.1968  9463.1305
802.1978  9635.2716
801.1988  9517.4945
800.1998  9577.1987
799.2008  9453.9189
798.2018  9118.5752
797.2028  9136.4717
796.2038  9323.7771
795.2048  9526.1596
794.20579  9613.054
793.20679  9509.1523
792.20779  9589.562
791.20879  9644.0125
790.20979  9782.332
789.21079  9862.411
788.21179  9821.9998
787.21279  10048.666
786.21379  9919.9088
785.21479  9662.6509
784.21578  9522.2422
783.21678  9571.1278
782.21778  9487.9839
781.21878  9347.5484
780.21978  9252.1868
779.22078  9065.4648
778.22178  9301.8639
777.22278  9509.0776
776.22378  9375.2644
775.22478  9145.2776
774.22577  9044.7443
773.22677  9137.4508
772.22777  9169.8334
771.22877  9219.3676
770.22977  9223.8188
769.23077  9370.5684
768.23177  9390.4616
767.23277  9222.7565
766.23377  9076.0917
765.23477  9128.9868
764.23576  9091.02
763.23676  9035.1749
762.23776  9075.0739
761.23876  9054.3386
760.23976  8947.5661
759.24076  8923.7543
758.24176  8974.1085
757.24276  8862.0029
756.24376  8717.0606
755.24476  8821.2632
754.24575  8769.2058
753.24675  8534.9539
752.24775  8574.4297
751.24875  8644.5931
750.24975  8569.0304
749.25075  8667.9399
748.25175  8992.6728
747.25275  9712.4599
746.25375  10776.563
745.25475  11355.125
744.25574  11132.258
743.25674  10398.694
742.25774  9513.1887
741.25874  8958.7641
740.25974  8818.5202
739.26074  8715.5532
738.26174  8630.3784
737.26274  8786.4548
736.26374  8705.8814
735.26474  8600.8531
734.26573  8609.1078
733.26673  8646.113
732.26773  8697.9655
731.26873  8776.6794
730.26973  8831.4355
729.27073  8660.5268
728.27173  8521.2639
727.27273  8600.3878
726.27373  8742.4894
725.27473  8697.122
724.27572  8593.8411
723.27672  8584.0302
722.27772  8596.1339
721.27872  8716.2369
720.27972  8741.7644
719.28072  8803.283
718.28172  8676.7859
717.28272  8667.5853
716.28372  8716.8499
715.28472  8584.344
714.28571  8385.303
713.28671  8453.2393
712.28771  8537.242
711.28871  8680.5454
710.28971  8821.8694
709.29071  8671.548
708.29171  8534.5873
707.29271  8386.9703
706.29371  8489.2869
705.29471  8434.4208
704.2957  8308.4746
703.2967  8409.6972
702.2977  8449.7672
701.2987  8542.5167
700.2997  8508.4127
699.3007  8435.7186
698.3017  8431.5946
697.3027  8388.4448
696.3037  8440.1535
695.3047  8449.0939
694.30569  8362.295
693.30669  8422.6897
692.30769  8314.3825
691.30869  8364.9168
690.30969  8362.6535
689.31069  8386.1805
688.31169  8313.9953
687.31269  8212.9875
686.31369  8280.2776
685.31469  8393.4703
684.31568  8502.0915
683.31668  8470.4676
682.31768  8587.7261
681.31868  8665.5251
680.31968  8593.5276
679.32068  8402.0755
678.32168  8257.7287
677.32268  8406.7733
676.32368  8539.0502
675.32468  8444.9548
674.32567  8424.3073
673.32667  8455.9096
672.32767  8355.6731
671.32867  8345.2777
670.32967  8334.0632
669.33067  8460.2554
668.33167  8441.3998
667.33267  8404.6204
666.33367  8301.2194
665.33467  8293.8533
664.33566  8273.7512
663.33666  8394.417
662.33766  8481.0534
661.33866  8562.9668
660.33966  8695.6471
659.34066  8524.3068
658.34166  8433.7177
657.34266  8508.417
656.34366  8434.5949
655.34466  8323.9513
654.34565  8421.8368
653.34665  8561.4447
652.34765  8549.4959
651.34865  8550.1818
650.34965  8537.1521
649.35065  8518.5255
648.35165  8514.2641
647.35265  8508.4762
646.35365  8599.4943
645.35465  8683.5341
644.35564  8647.7076
643.35664  8589.2267
642.35764  8647.8708
641.35864  8740.3634
640.35964  8608.3876
639.36064  8541.4097
638.36164  8536.1579
637.36264  8587.3066
636.36364  8642.5115
635.36464  8546.3137
634.36563  8526.6261
633.36663  8505.6851
632.36763  8474.571
631.36863  8538.3002
630.36963  8611.633
629.37063  8641.7636
628.37163  8585.1492
627.37263  8524.7485
626.37363  8514.7465
625.37463  8604.7682
624.37562  8805.9589
623.37662  8764.5198
622.37762  8695.1602
621.37862  8757.2662
620.37962  8744.3405
619.38062  8753.9331
618.38162  8767.1571
617.38262  8788.7177
616.38362  8783.3153
615.38462  8684.4514
614.38561  8690.1059
613.38661  8666.7845
612.38761  8606.875
611.38861  8789.7387
610.38961  8893.2987
609.39061  8699.9418
608.39161  8723.7351
607.39261  8862.7128
606.39361  8821.6719
605.39461  8778.1364
604.3956  8730.3058
603.3966  8799.6427
602.3976  8868.395
601.3986  8639.6416
600.3996  8713.7898
599.4006  8781.0688
598.4016  8710.0524
597.4026  8945.4119
596.4036  9020.8254
595.4046  8843.3591
594.40559  8798.1997
593.40659  8797.9345
592.40759  8947.4921
591.40859  9037.9265
590.40959  8965.1843
589.41059  8975.0959
588.41159  9229.4989
587.41259  9390.2356
586.41359  9263.627
585.41459  9225.7407
584.41558  9125.7096
583.41658  9089.0165
582.41758  9080.0068
581.41858  9147.5841
580.41958  8953.0969
579.42058  8867.3188
578.42158  8987.5892
577.42258  9085.0126
576.42358  9157.7254
575.42458  9032.2187
574.42557  8988.4169
573.42657  8753.443
572.42757  8635.974
571.42857  8786.2055
570.42957  8730.2917
569.43057  8741.7588
568.43157  8779.8171
567.43257  8899.8459
566.43357  9127.82
565.43457  9345.1394
564.43556  9452.3126
563.43656  9816.5211
562.43756  10053.004
561.43856  10096.971
560.43956  10035.218
559.44056  9957.6978
558.44156  9868.7079
557.44256  9469.8927
556.44356  9302.6213
555.44456  9023.6318
554.44555  8661.7865
553.44655  8494.201
552.44755  8339.9639
551.44855  8161.8836
550.44955  8133.5876
549.45055  8071.0245
548.45155  7793.8432
547.45255  7582.5209
546.45355  7383.4087
545.45455  7153.1695
544.45554  6931.9561
543.45654  6651.901
542.45754  6528.1331
541.45854  6634.7315
540.45954  7296.6207
539.46054  9246.0363
538.46154  13623.21
537.46254  19502.525
536.46354  23414.613
535.46454  22525.518
534.46553  17294.236
533.46653  11832.315
532.46753  8396.8965
531.46853  6774.7701
530.46953  6353.1967
529.47053  6201.1622
528.47153  6427.046
527.47253  6705.6763
526.47353  7096.1392
525.47453  7036.6482
524.47552  6699.8782
523.47652  6309.1184
522.47752  5798.3968
521.47852  5655.1133
520.47952  5668.4979
519.48052  5520.8226
518.48152  5452.7575
517.48252  5459.9662
516.48352  5484.6334
515.48452  5501.2286
514.48551  5395.4672
513.48651  5395.0647
512.48751  5524.1826
511.48851  5377.189
510.48951  5259.9142
509.49051  5186.4396
508.49151  5149.2384
507.49251  5179.6544
506.49351  5116.0026
505.49451  5150.0037
504.4955  5244.6768
503.4965  5185.2446
502.4975  5227.3102
501.4985  5267.119
500.4995  5209.2805
499.5005  5191.96
498.5015  5183.1939
497.5025  5194.719
496.5035  5187.0457
495.5045  5060.3285
494.50549  5051.2949
493.50649  5151.9314
492.50749  5180.9948
491.50849  5156.7683
490.50949  5120.2531
489.51049  5111.8377
488.51149  5136.3133
487.51249  5206.9075
486.51349  5148.4772
485.51449  5153.5949
484.51548  5108.0953
483.51648  5070.1811
482.51748  5013.9077
481.51848  5116.3346
480.51948  5186.867
479.52048  5113.1704
478.52148  5131.0682
477.52248  5182.1033
476.52348  5133.9634
475.52448  5078.828
474.52547  4994.9129
473.52647  5099.6244
472.52747  5289.4834
471.52847  5216.1488
470.52947  5230.1642
469.53047  5273.414
468.53147  5227.5961
467.53247  5359.9605
466.53347  5313.0336
465.53447  5238.9313
464.53546  5302.9854
463.53646  5299.5145
462.53746  5261.3519
461.53846  5187.5001
460.53946  5070.7484
459.54046  5059.8214
458.54146  5026.0054
457.54246  4945.0182
456.54346  4949.4469
455.54446  5054.6209
454.54545  5106.2487
453.54645  4953.6567
452.54745  5045.6448
451.54845  5059.4692
450.54945  4990.7884
449.55045  5007.3124
448.55145  4989.9728
447.55245  4972.1657
446.55345  5032.1163
445.55445  4965.0074
444.55544  4985.8334
443.55644  5079.14
442.55744  5068.0804
441.55844  5060.4427
440.55944  5088.7895
439.56044  5161.1779
438.56144  5038.7705
437.56244  5114.8835
436.56344  5164.6609
435.56444  5093.5329
434.56543  5111.3232
433.56643  5162.3975
432.56743  5256.7742
431.56843  5293.8762
430.56943  5321.7784
429.57043  5243.4516
428.57143  5222.9943
427.57243  5263.2315
426.57343  5125.2919
425.57443  5192.6921
424.57542  5265.2484
423.57642  5203.4927
422.57742  5303.2841
421.57842  5579.0233
420.57942  5533.507
419.58042  5428.8822
418.58142  5340.2002
417.58242  5214.3661
416.58342  5141.9683
415.58442  5045.7464
414.58541  4976.8335
413.58641  4960.3985
412.58741  4977.1752
411.58841  5064.536
410.58941  5146.2584
409.59041  5197.7394
408.59141  5050.1544
407.59241  4943.5154
406.59341  5147.8161
405.59441  5512.9741
404.5954  5619.3087
403.5964  5562.8786
402.5974  5651.0437
401.5984  5552.1398
400.5994  5225.1345
399.6004  4968.6765
398.6014  4881.8085
397.6024  5012.1152
396.6034  5001.9596
395.6044  4924.8673
394.60539  4881.6291
393.60639  4911.2971
392.60739  4963.8206
391.60839  4823.8859
390.60939  4779.5476
389.61039  4760.6082
388.61139  4798.1865
387.61239  4936.7932
386.61339  4918.0068
385.61439  4842.2829
384.61538  4768.9919
383.61638  4753.8553
382.61738  4738.4167
381.61838  4853.2694
380.61938  4835.151
379.62038  4741.2147
378.62138  4734.4117
377.62238  4706.4259
376.62338  4705.0108
375.62438  4817.6354
374.62537  4807.1097
373.62637  4754.1442
372.62737  4782.4862
371.62837  4837.6568
370.62937  4889.7476
369.63037  4927.09
368.63137  4854.943
367.63237  4744.0422
366.63337  4725.1932
365.63437  4674.0542
364.63536  4665.3148
363.63636  4648.9289
362.63736  4759.8905
361.63836  4699.9027
360.63936  4698.042
359.64036  4664.2923
358.64136  4693.1462
357.64236  4787.3844
356.64336  4833.0109
355.64436  4922.4625
354.64535  4963.4367
353.64635  5044.5749
352.64735  5113.0214
351.64835  4967.6628
350.64935  4756.8025
349.65035  4767.0565
348.65135  4806.1449
347.65235  4783.3057
346.65335  4755.3137
345.65435  4701.7148
344.65534  4785.4348
343.65634  4740.491
342.65734  4707.143
341.65834  4767.5623
340.65934  4786.9202
339.66034  4786.2878
338.66134  4823.7769
337.66234  4834.984
336.66334  4883.5117
335.66434  4993.8425
334.66533  5008.9299
333.66633  5005.1378
332.66733  4865.5682
331.66833  4769.2528
330.66933  4700.8325
329.67033  4747.8278
328.67133  4785.6206
327.67233  4742.4423
326.67333  4675.1814
325.67433  4532.3475
324.67532  4506.9325
323.67632  4579.544
322.67732  4715.4873
321.67832  4711.3797
320.67932  4564.7337
319.68032  4524.7382
318.68132  4593.7996
317.68232  4645.1477
316.68332  4687.2296
315.68432  4694.2039
314.68531  4594.2398
313.68631  4598.7881
312.68731  4643.6695
311.68831  4628.0352
310.68931  4665.9176
309.69031  4605.5073
308.69131  4581.1401
307.69231  4593.1335
306.69331  4666.2493
305.69431  4634.8126
304.6953  4570.9778
303.6963  4666.0692
302.6973  4718.4525
301.6983  4596.6901
300.6993  4563.8488
299.7003  4493.5529
298.7013  4567.2944
297.7023  4544.6114
296.7033  4527.94
295.7043  4608.7178
294.70529  4524.5355
293.70629  4604.1501
292.70729  4682.2176
291.70829  4728.1859
290.70929  4932.1634
289.71029  4965.417
288.71129  4893.1525
287.71229  4826.0703
286.71329  4941.4256
285.71429  4987.1038
284.71528  4891.0698
283.71628  4719.823
282.71728  4561.1402
281.71828  4544.0704
280.71928  4714.5502
279.72028  4729.6487
278.72128  4661.0607
277.72228  4706.3711
276.72328  4731.2549
275.72428  4689.1289
274.72527  4665.8989
273.72627  4594.5376
272.72727  4532.2243
271.72827  4605.2441
270.72927  4617.8199
269.73027  4532.0518
268.73127  4560.9564
267.73227  4602.32
266.73327  4602.717
265.73427  4628.0736
264.73526  4580.0543
263.73626  4541.2035
262.73726  4689.5989
261.73826  4713.7444
260.73926  4552.7427
259.74026  4517.2891
258.74126  4653.4475
257.74226  4656.6688
256.74326  4631.3224
255.74426  4674.1788
254.74525  4690.0426
253.74625  4530.1607
252.74725  4583.6223
251.74825  4641.8504
250.74925  4615.0171
249.75025  4638.1755
248.75125  4557.6516
247.75225  4582.1191
246.75325  4562.4593
245.75425  4563.5009
244.75524  4569.5886
243.75624  4670.5902
242.75724  5014.0511
241.75824  5415.1778
240.75924  5662.1242
239.76024  5791.6614
238.76124  6029.0311
237.76224  6046.2652
236.76324  5613.1659
235.76424  5061.5286
234.76523  4648.6192
233.76623  4409.9174
232.76723  4297.52
231.76823  4288.3684
230.76923  4376.3891
229.77023  4500.8711
228.77123  4539.4643
227.77223  4526.2501
226.77323  4412.8351
225.77423  4413.4931
224.77522  4336.6634
223.77622  4257.8461
222.77722  4364.2437
221.77822  4354.1553
220.77922  4340.1206
219.78022  4255.8961
218.78122  4199.9145
217.78222  4227.6963
216.78322  4267.4548
215.78422  4307.4363
214.78521  4445.1656
213.78621  4383.348
212.78721  4256.2105
211.78821  4355.5527
210.78921  4400.8848
209.79021  4351.3851
208.79121  4239.5498
207.79221  4182.5889
206.79321  4295.062
205.79421  4387.1468
204.7952  4249.961
203.7962  4238.6234
202.7972  4351.0688
201.7982  4367.2846
200.7992  4417.9131
199.8002  4383.3105
198.8012  4374.7774
197.8022  4455.8593
196.8032  4488.9176
195.8042  4498.5832
194.80519  4514.3701
193.80619  4695.8682
192.80719  4600.542
191.80819  4466.6036
190.80919  4463.5678
189.81019  4416.4886
188.81119  4432.3845
187.81219  4485.288
186.81319  4367.0255
185.81419  4288.9354
184.81518  4374.0052
183.81618  4569.267
182.81718  4506.9771
181.81818  4503.8283
180.81918  4545.219
179.82018  4601.6044
178.82118  4584.3969
177.82218  4431.5713
176.82318  4407.712
175.82418  4331.7974
174.82517  4339.2123
173.82617  4544.769
172.82717  4537.9864
171.82817  4554.6039
170.82917  4446.151
169.83017  4406.1199
168.83117  4428.7831
167.83217  4371.5708
166.83317  4459.7368
165.83417  4459.1347
164.83516  4462.1151
163.83616  4519.0507
162.83716  4439.7621
161.83816  4346.552
160.83916  4523.8315
159.84016  4680.8362
158.84116  4920.8895
157.84216  5239.56
156.84316  5410.8482
155.84416  5575.7023
154.84515  5297.8414
153.84615  4958.9977
152.84715  4725.9061
151.84815  4604.0863
150.84915  4461.9688
149.85015  4478.881
148.85115  4549.4444
147.85215  4579.8537
146.85315  4520.6462
145.85415  4430.769
144.85514  4520.1019
143.85614  4551.5081
142.85714  4578.8138
141.85814  4636.7359
140.85914  4700.9067
139.86014  4640.8006
138.86114  4442.6632
137.86214  4382.5505
136.86314  4277.9682
135.86414  4256.8902
134.86513  4234.6116
133.86613  4207.9256
132.86713  4248.085
131.86813  4324.2077
130.86913  4249.7765
129.87013  4310.9907
128.87113  4471.7316
127.87213  4763.2865
126.87313  5403.9825
125.87413  6308.9182
124.87512  7135.7706
123.87612  6989.155
122.87712  6014.0508
121.87812  5016.5739
120.87912  4437.2968
119.88012  4075.5965
118.88112  3808.7884
117.88212  3661.6246
116.88312  3617.0876
115.88412  3679.7831
114.88511  3798.3877
113.88611  3845.4589
112.88711  3856.0603
111.88811  4066.698
110.88911  4210.0144
109.89011  4085.8729
108.89111  4046.8771
107.89211  4587.0954
106.89311  5835.229
105.89411  7524.3796
104.8951  8671.9628
103.8961  8009.5785
102.8971  6036.5758
101.8981  4455.8569
100.8991  3543.1091
99.9001  3090.2725
98.901099  2886.5644
97.902098  2863.6832
96.903097  2713.8993
95.904096  2592.1067
94.905095  2537.6279
93.906094  2479.6523
92.907093  2411.7628
91.908092  2388.9179
90.909091  2508.7971
89.91009  2631.0935
88.911089  2867.3393
87.912088  2859.8712
86.913087  2553.9485
85.914086  2695.0065
84.915085  3059.2658
83.916084  2827.5885
82.917083  2595.4488
81.918082  2988.6304
80.919081  3869.8214
79.92008  4492.9034
78.921079  4302.8213
77.922078  3587.6623
76.923077  2820.8692
75.924076  2396.4683
74.925075  2278.2992
73.926074  2204.267
72.927073  2149.6423
71.928072  2176.2091
70.929071  2226.1338
69.93007  2257.6645
68.931069  2231.5247
67.932068  2186.373
66.933067  2188.1546
65.934066  2107.4783
64.935065  2051.261
63.936064  1984.4994
62.937063  1972.088
61.938062  2036.9453
60.939061  2042.3969
59.94006  2023.6825
58.941059  2046.6116
57.942058  2050.4361
56.943057  1938.0147
55.944056  1932.0664
54.945055  1954.6409
53.946054  1919.378
52.947053  1957.355
51.948052  1958.3951
50.949051  1907.1526
49.95005  1871.5955
48.951049  1924.8898
47.952048  1980.8544
46.953047  1993.9869
45.954046  1931.0695
44.955045  1948.8398
43.956044  1942.2979
42.957043  1917.9294
41.958042  1910.6153
40.959041  1894.8051
39.96004  1790.6247
38.961039  1770.4831
37.962038  1773.1377
36.963037  1748.2335
35.964036  1797.4974
34.965035  1810.2559
33.966034  1797.5512
32.967033  1878.5086
31.968032  2010.761
30.969031  2036.4829
29.97003  2148.8898
28.971029  2286.3593
27.972028  2224.3957
26.973027  2052.1582
25.974026  1856.3761
24.975025  1752.4788
23.976024  1639.3888
22.977023  1568.9659
21.978022  1588.3047
20.979021  1668.0102
19.98002  1681.6023
18.981019  1702.788
17.982018  1782.1938
16.983017  1850.9213
15.984016  1884.9409
14.985015  1875.3939
13.986014  1847.2585
12.987013  1767.47
11.988012  1685.309
10.989011  1687.2344
9.99001  1684.0534
8.991009  1657.4777
7.992008  1631.3247
6.993007  1528.6052
5.994006  1537.702
4.995005  1569.4418
3.996004  1545.5107
2.997003  1495.6635
1.998002  1464.4347
0.999001  1415.2128
0  1343.6956

# Region:                       Co 2p
# Spectrum ID:                  4
# Acquisition Date:             07/22/26 13:51:22 UTC
# Analysis Method:              XPS
# Analyzer:                     PHOIBOS MCD5 Analyzer
# Analyzer Lens:                LargeArea:1.5kV
# Analyzer Slit:                5:7x20\B:open
# Scan Mode:                    FixedAnalyzerTransmission
# Curves/Scan:                  1
# Values/Curve:                 951
# Dwell Time:                   0.1
# Excitation Energy:            1486.61
# Binding Energy:               825
# Pass Energy:                  50
# Bias Voltage:                 90
# Detector Voltage:             3000
# Eff. Workfunction:            4.543
# Source:                       X-Ray Dummy
# Comment:                      
#
# Cycle: 0
# Number of Scans: 20
#
# Cycle: 0, Curve: 0
# Acquisition Date:             07/22/26 13:51:22 UTC
#
# ColumnLabels:                 energy counts/s
#
825  9694.3884
824.9  9681.4326
824.8  9745.0617
824.7  9766.6662
824.6  9496.9043
824.5  9609.1767
824.4  9738.9645
824.3  9678.335
824.2  9664.6573
824.1  9584.6348
824  9642.0631
823.9  9650.79
823.8  9681.2411
823.7  9677.3593
823.6  9632.6659
823.5  9600.4711
823.4  9576.6626
823.3  9653.5051
823.2  9712.2619
823.1  9656.6755
823  9626.7958
822.9  9611.949
822.8  9633.6348
822.7  9575.6685
822.6  9660.7934
822.5  9660.0233
822.4  9684.5601
822.3  9617.319
822.2  9621.3572
822.1  9710.495
822  9605.5628
821.9  9595.2687
821.8  9643.168
821.7  9629.0045
821.6  9554.8777
821.5  9650.9188
821.4  9615.9232
821.3  9664.0254
821.2  9726.4986
821.1  9559.9782
821  9667.5893
820.9  9713.3115
820.8  9653.9132
820.7  9715.0257
820.6  9711.4337
820.5  9702.0257
820.4  9612.9833
820.3  9627.3638
820.2  9615.8061
820.1  9630.163
820  9686.0949
819.9  9685.8866
819.8  9720.4212
819.7  9645.5802
819.6  9714.6243
819.5  9645.2228
819.4  9686.8493
819.3  9651.4476
819.2  9607.7627
819.1  9662.7808
819  9724.8918
818.9  9569.6512
818.8  9629.7088
818.7  9664.2292
818.6  9581.8263
818.5  9640.3866
818.4  9673.1379
818.3  9698.36
818.2  9574.8829
818.1  9540.2286
818  9660.0304
817.9  9730.1093
817.8  9622.4227
817.7  9764.1149
817.6  9699.9778
817.5  9657.8316
817.4  9622.7613
817.3  9596.0587
817.2  9621.48
817.1  9707.1674
817  9661.1989
816.9  9621.1862
816.8  9567.1972
816.7  9770.3502
816.6  9655.7291
816.5  9699.8918
816.4  9546.5693
816.3  9537.8777
816.2  9650.2018
816.1  9626.5279
816  9553.9386
815.9  9602.6877
815.8  9563.8824
815.7  9676.3169
815.6  9600.6328
815.5  9707.7054
815.4  9693.0199
815.3  9651.687
815.2  9683.248
815.1  9699.8257
815  9666.1419
814.9  9727.116
814.8  9672.1262
814.7  9651.8266
814.6  9584.1282
814.5  9598.7764
814.4  9692.0469
814.3  9719.7673
814.2  9825.6983
814.1  9711.2509
814  9691.5353
813.9  9670.2151
813.8  9723.07
813.7  9725.7737
813.6  9676.0076
813.5  9707.9421
813.4  9679.0001
813.3  9775.567
813.2  9661.0392
813.1  9725.8666
813  9774.4736
812.9  9630.5166
812.8  9734.2869
812.7  9772.1916
812.6  9659.0992
812.5  9631.4655
812.4  9712.7028
812.3  9660.404
812.2  9693.491
812.1  9677.3014
812  9727.7243
811.9  9768.2698
811.8  9645.1158
811.7  9710.4462
811.6  9813.5523
811.5  9699.1664
811.4  9743.9976
811.3  9797.1256
811.2  9792.2487
811.1  9767.0074
811  9692.2594
810.9  9820.5686
810.8  9834.4751
810.7  9733.197
810.6  9781.4192
810.5  9857.0256
810.4  9748.9728
810.3  9728.7401
810.2  9688.3332
810.1  9833.4466
810  9887.4119
809.9  9907.1443
809.8  9850.9673
809.7  9788.4038
809.6  9873.5801
809.5  9828.1145
809.4  9817.0795
809.3  9750.5107
809.2  9858.1999
809.1  9819.8145
809  9784.1178
808.9  9819.692
808.8  9850.1278
808.7  9701.9212
808.6  9855.6193
808.5  9716.4594
808.4  9767.1953
808.3  9858.8626
808.2  9713.2126
808.1  9745.9597
808  9798.2642
807.9  9861.0896
807.8  9868.8078
807.7  9834.1469
807.6  9967.1447
807.5  9916.7249
807.4  9852.8507
807.3  9844.7276
807.2  9829.1305
807.1  9847.0099
807  9857.1623
806.9  9874.0555
806.8  9931.2709
806.7  9863.7323
806.6  9929.1174
806.5  9848.8795
806.4  9826.7356
806.3  9845.6984
806.2  9902.7154
806.1  9828.7521
806  9842.6457
805.9  9755.3674
805.8  9835.3936
805.7  9863.048
805.6  9933.2417
805.5  9833.9366
805.4  9876.0302
805.3  9916.2855
805.2  9947.1169
805.1  9952.104
805  9986.6452
804.9  9898.6056
804.8  9842.9178
804.7  9861.5222
804.6  9821.8895
804.5  9887.2428
804.4  9917.7761
804.3  10028.203
804.2  9797.0955
804.1  9868.9429
804  9986.1397
803.9  9852.4454
803.8  9926.3336
803.7  9974.029
803.6  9979.7588
803.5  9866.9706
803.4  9941.5842
803.3  9907.1496
803.2  9856.4913
803.1  9906.1472
803  9958.0884
802.9  10032.744
802.8  9893.4064
802.7  9911.776
802.6  9989.4263
802.5  9962.2566
802.4  10031.538
802.3  9994.7612
802.2  9897.3072
802.1  10044.172
802  9956.3629
801.9  9989.7086
801.8  10070.852
801.7  10090.136
801.6  10029.975
801.5  10003.154
801.4  9884.9739
801.3  9922.5006
801.2  10006.723
801.1  10063.309
801  10082.863
800.9  9983.0056
800.8  10016.189
800.7  10023.537
800.6  10050.053
800.5  9834.4182
800.4  9902.5406
800.3  9973.1555
800.2  9885.125
800.1  9785.2174
800  9967.2131
799.9  9835.9477
799.8  9834.6248
799.7  9867.8648
799.6  9864.9037
799.5  9880.0929
799.4  9831.4142
799.3  9828.9731
799.2  9791.271
799.1  9854.1632
799  9786.7483
798.9  9783.1743
798.8  9825.2315
798.7  9795.2849
798.6  9780.4783
798.5  9803.2948
798.4  9793.4052
798.3  9836.5331
798.2  9806.3376
798.1  9790.2484
798  9878.5666
797.9  9876.2283
797.8  9874.5536
797.7  9805.1784
797.6  9844.6895
797.5  9667.4287
797.4  9735.6864
797.3  9904.4672
797.2  9811.9098
797.1  9918.8487
797  9737.8033
796.9  9828.6122
796.8  9737.6587
796.7  9837.6477
796.6  9813.6317
796.5  9706.5564
796.4  9819.9473
796.3  9853.6709
796.2  9914.9628
796.1  9930.2984
796  9981.8505
795.9  9996.5706
795.8  9932.8125
795.7  9755.8457
795.6  9761.2637
795.5  9832.8872
795.4  9951.6551
795.3  9843.2752
795.2  9956.5773
795.1  9900.7454
795  9822.3667
794.9  9948.7475
794.8  9963.5335
794.7  9987.6344
794.6  9913.6118
794.5  9961.914
794.4  9914.5986
794.3  9858.1685
794.2  9912.8239
794.1  10022.93
794  9877.9511
793.9  9965.9737
793.8  9900.4382
793.7  9966.9984
793.6  9990.6229
793.5  9971.0525
793.4  10112.341
793.3  9981.071
793.2  10088.796
793.1  10014.333
793  10062.75
792.9  10158.732
792.8  10093.712
792.7  10039.283
792.6  10012.632
792.5  10032.609
792.4  10012.975
792.3  10100.001
792.2  10131.245
792.1  10140.503
792  10101.226
791.9  10161.137
791.8  10126.617
791.7  9980.6747
791.6  9981.5103
791.5  10055.091
791.4  10152.769
791.3  10075.979
791.2  10159.964
791.1  10152.597
791  10070.005
790.9  10090.469
790.8  10176.215
790.7  10144.285
790.6  10079.244
790.5  10108.144
790.4  10090.375
790.3  10029.239
790.2  10194.625
790.1  10162.754
790  10142.08
789.9  10134.491
789.8  10211.867
789.7  10181.379
789.6  10113.996
789.5  10320.699
789.4  10150.093
789.3  10142.027
789.2  10156.963
789.1  10165.513
789  10192.14
788.9  10193.374
788.8  10236.572
788.7  10223.91
788.6  10309.911
788.5  10230.592
788.4  10171.446
788.3  10243.327
788.2  10357.201
788.1  10325.353
788  10303.806
787.9  10338.69
787.8  10266.438
787.7  10215.55
787.6  10345.807
787.5  10434.788
787.4  10399.768
787.3  10451.622
787.2  10372.384
787.1  10406.166
787  10499.295
786.9  10389.04
786.8  10481.917
786.7  10502.517
786.6  10482.695
786.5  10386.979
786.4  10532.773
786.3  10287.99
786.2  10403.805
786.1  10383.385
786  10354.593
785.9  10411.469
785.8  10455.887
785.7  10510.131
785.6  10423.904
785.5  10440.192
785.4  10359.585
785.3  10455.83
785.2  10374.877
785.1  10325.829
785  10316.51
784.9  10277.931
784.8  10342.582
784.7  10092.551
784.6  10094.96
784.5  10249.147
784.4  10105.422
784.3  10205.797
784.2  10050.798
784.1  10128.191
784  10164.876
783.9  10099.865
783.8  9970.7384
783.7  10018.646
783.6  10003.431
783.5  9915.3721
783.4  10017.226
783.3  9932.9715
783.2  9895.5791
783.1  10066.07
783  9995.7552
782.9  10082.969
782.8  9923.2527
782.7  9913.3418
782.6  9918.9918
782.5  9832.1284
782.4  9765.7778
782.3  9887.553
782.2  9778.3908
782.1  9774.9898
782  9822.6915
781.9  9802.9456
781.8  9764.9381
781.7  9818.9838
781.6  9719.3486
781.5  9728.3644
781.4  9821.351
781.3  9809.1843
781.2  9747.6136
781.1  9803.8044
781  9830.2464
780.9  9704.4651
780.8  9686.9237
780.7  9703.0182
780.6  9638.1041
780.5  9831.7269
780.4  9698.7026
780.3  9700.621
780.2  9661.0898
780.1  9734.412
780  9788.5437
779.9  9743.9979
779.8  9699.2018
779.7  9633.2177
779.6  9758.07
779.5  9768.7501
779.4  9716.2021
779.3  9675.9763
779.2  9642.8034
779.1  9723.1734
779  9727.5749
778.9  9624.6166
778.8  9636.4538
778.7  9691.2669
778.6  9727.5102
778.5  9709.6282
778.4  9736.3454
778.3  9625.7516
778.2  9746.5591
778.1  9715.6301
778  9698.0831
777.9  9679.5805
777.8  9588.7943
777.7  9585.3587
777.6  9595.4414
777.5  9648.2592
777.4  9767.0354
777.3  9720.2327
777.2  9647.6095
777.1  9563.7039
777  9555.3662
776.9  9592.5819
776.8  9675.0588
776.7  9707.9691
776.6  9624.7159
776.5  9540.506
776.4  9530.4578
776.3  9654.9092
776.2  9588.2792
776.1  9612.7613
776  9612.2284
775.9  9598.6792
775.8  9585.894
775.7  9636.7965
775.6  9627.074
775.5  9705.5488
775.4  9663.8675
775.3  9529.6762
775.2  9615.5233
775.1  9496.1461
775  9607.7841
774.9  9556.5599
774.8  9626.4777
774.7  9586.4989
774.6  9658.1083
774.5  9589.2065
774.4  9519.4405
774.3  9478.5629
774.2  9621.8545
774.1  9617.9365
774  9605.1234
773.9  9655.8984
773.8  9532.6247
773.7  9547.8516
773.6  9544.4447
773.5  9532.4655
773.4  9623.7465
773.3  9641.4753
773.2  9494.5557
773.1  9539.208
773  9571.6132
772.9  9535.74
772.8  9632.1221
772.7  9561.6929
772.6  9574.8732
772.5  9608.7252
772.4  9530.8223
772.3  9599.5406
772.2  9611.1179
772.1  9584.4035
772  9532.7703
771.9  9510.8239
771.8  9539.9302
771.7  9591.2873
771.6  9531.9585
771.5  9554.8403
771.4  9611.425
771.3  9628.7967
771.2  9614.1698
771.1  9569.2162
771  9663.2599
770.9  9574.3517
770.8  9622.5438
770.7  9699.8717
770.6  9664.0596
770.5  9561.4392
770.4  9607.5668
770.3  9678.577
770.2  9608.1231
770.1  9667.2956
770  9633.4869
769.9  9692.6233
769.8  9662.4042
769.7  9638.2071
769.6  9668.4207
769.5  9689.6054
769.4  9765.0803
769.3  9750.3761
769.2  9748.3019
769.1  9690.3217
769  9643.8613
768.9  9626.1686
768.8  9756.4593
768.7  9781.8552
768.6  9722.5596
768.5  9763.5592
768.4  9761.1317
768.3  9658.7903
768.2  9700.9016
768.1  9649.281
768  9655.3254
767.9  9630.1069
767.8  9677.4771
767.7  9611.9939
767.6  9680.8091
767.5  9611.1851
767.4  9670.8991
767.3  9577.5506
767.2  9733.405
767.1  9702.2991
767  9661.1529
766.9  9561.9483
766.8  9630.0268
766.7  9624.2652
766.6  9659.3383
766.5  9630.9227
766.4  9536.211
766.3  9524.2186
766.2  9543.8032
766.1  9652.8132
766  9550.2948
765.9  9534.5139
765.8  9419.1345
765.7  9478.2227
765.6  9490.1141
765.5  9484.4091
765.4  9501.4458
765.3  9521.0677
765.2  9554.3313
765.1  9564.3664
765  9542.765
764.9  9534.1137
764.8  9537.7203
764.7  9473.7209
764.6  9485.9468
764.5  9529.7487
764.4  9468.3768
764.3  9542.0108
764.2  9418.5368
764.1  9466.3537
764  9466.7357
763.9  9485.6434
763.8  9506.9283
763.7  9462.4958
763.6  9386.6526
763.5  9372.699
763.4  9481.9948
763.3  9498.9204
763.2  9487.2396
763.1  9415.649
763  9412.5245
762.9  9481.5742
762.8  9467.0707
762.7  9359.8363
762.6  9455.3986
762.5  9420.5535
762.4  9389.1504
762.3  9401.0221
762.2  9446.2317
762.1  9499.2439
762  9405.8496
761.9  9385.2691
761.8  9451.1545
761.7  9535.9869
761.6  9286.5201
761.5  9400.1355
761.4  9474.4459
761.3  9387.6892
761.2  9251.1121
761.1  9252.9277
761  9399.9119
760.9  9348.1993
760.8  9366.9174
760.7  9392.4794
760.6  9443.5055
760.5  9350.132
760.4  9353.9931
760.3  9390.1672
760.2  9396.169
760.1  9247.6256
760  9402.9562
759.9  9380.3797
759.8  9401.3179
759.7  9329.1059
759.6  9303.6741
759.5  9310.0567
759.4  9270.1701
759.3  9376.4142
759.2  9281.2167
759.1  9323.2499
759  9301.2262
758.9  9304.9335
758.8  9331.6414
758.7  9177.7315
758.6  9368.362
758.5  9213.5704
758.4  9257.0994
758.3  9333.0563
758.2  9341.1528
758.1  9347.3347
758  9345.1668
757.9  9176.9808
757.8  9223.6528
757.7  9237.6512
757.6  9144.2279
757.5  9148.8194
757.4  9262.813
757.3  9199.5248
757.2  9224.478
757.1  9179.5373
757  9145.3233
756.9  9080.0355
756.8  9225.3381
756.7  9150.5636
756.6  9265.7733
756.5  9175.4171
756.4  9169.223
756.3  9148.2128
756.2  9113.8541
756.1  9183.6872
756  9190.8475
755.9  9215.5643
755.8  9222.7443
755.7  9185.3344
755.6  9211.6682
755.5  9253.0989
755.4  9136.2003
755.3  9131.1452
755.2  9172.3184
755.1  9200.8093
755  9201.0747
754.9  9136.6819
754.8  9103.0633
754.7  9226.5639
754.6  9138.212
754.5  9120.9607
754.4  9086.6028
754.3  9164.3034
754.2  9063.4309
754.1  9099.058
754  9250.4335
753.9  9177.3422
753.8  9108.2797
753.7  9171.6692
753.6  9096.4693
753.5  9095.4998
753.4  9159.7924
753.3  9072.6594
753.2  9089.2158
753.1  9106.4506
753  9120.2566
752.9  9124.338
752.8  9049.7716
752.7  9002.1848
752.6  9070.7449
752.5  9013.6785
752.4  9066.3794
752.3  9019.898
752.2  9195.6157
752.1  9079.7796
752  9077.9767
751.9  9085.4875
751.8  9046.9239
751.7  9087.5215
751.6  9152.499
751.5  9163.7937
751.4  9090.2276
751.3  9012.1314
751.2  9063.0141
751.1  9046.702
751  9073.9797
750.9  9077.0617
750.8  9130.7098
750.7  9116.9149
750.6  9138.3278
750.5  9091.7356
750.4  9116.5091
750.3  9266.2762
750.2  9284.7598
750.1  9131.4351
750  9126.2239
749.9  9208.0437
749.8  9182.7174
749.7  9114.6145
749.6  9062.894
749.5  9047.3499
749.4  9122.9253
749.3  9149.1078
749.2  9323.2852
749.1  9174.0097
749  9169.582
748.9  9230.9655
748.8  9251.1652
748.7  9314.959
748.6  9377.7029
748.5  9470.952
748.4  9494.5885
748.3  9573.4716
748.2  9515.3012
748.1  9514.6239
748  9575.7011
747.9  9702.3363
747.8  9772.0074
747.7  9797.8111
747.6  9895.6885
747.5  9984.7101
747.4  10019.325
747.3  10143.167
747.2  10254.595
747.1  10306.519
747  10406.441
746.9  10482.438
746.8  10593.226
746.7  10688.254
746.6  10814.003
746.5  10963.861
746.4  11005.511
746.3  11094.333
746.2  11201.064
746.1  11317.691
746  11416.107
745.9  11544.304
745.8  11638.988
745.7  11627.25
745.6  11664.369
745.5  11818.449
745.4  11787.543
745.3  11745.927
745.2  11982.619
745.1  11950.043
745  11995.407
744.9  11959.828
744.8  11886.566
744.7  11952.763
744.6  12079.777
744.5  11903.121
744.4  11873.679
744.3  11782.151
744.2  11706.029
744.1  11526.383
744  11653.052
743.9  11469.139
743.8  11385.406
743.7  11288.181
743.6  11237.75
743.5  11196.994
743.4  11070.259
743.3  10915.78
743.2  10951.269
743.1  10716.144
743  10642.741
742.9  10574.194
742.8  10440.055
742.7  10516.905
742.6  10311.646
742.5  10113.556
742.4  10138.656
742.3  10049.947
742.2  9977.964
742.1  9923.0468
742  9841.0921
741.9  9758.4823
741.8  9680.2062
741.7  9697.7969
741.6  9595.6624
741.5  9558.5833
741.4  9511.0208
741.3  9495.785
741.2  9384.6665
741.1  9388.1631
741  9363.2556
740.9  9371.6118
740.8  9351.6621
740.7  9239.8384
740.6  9149.5151
740.5  9126.0219
740.4  9225.0886
740.3  9251.637
740.2  9154.6183
740.1  9204.0161
740  9202.0682
739.9  9137.8537
739.8  9069.9525
739.7  8988.3117
739.6  9143.1844
739.5  9111.4752
739.4  9066.7809
739.3  8989.2476
739.2  9014.9663
739.1  8996.8169
739  8995.0656
738.9  9160.2393
738.8  9101.4711
738.7  9087.4015
738.6  9052.9161
738.5  9016.2129
738.4  8995.951
738.3  9086.6178
738.2  8946.2968
738.1  9022.8039
738  9150.5438
737.9  9091.6424
737.8  9055.8351
737.7  9049.4475
737.6  9030.2145
737.5  9125.581
737.4  8936.6026
737.3  9035.157
737.2  9045.3998
737.1  9093.8687
737  8948.5263
736.9  8976.2052
736.8  9006.8451
736.7  9023.0697
736.6  8955.8183
736.5  8999.5356
736.4  8954.694
736.3  9078.7697
736.2  9100.0614
736.1  9018.7559
736  9072.11
735.9  9032.7075
735.8  8961.6002
735.7  9080.8865
735.6  8986.0279
735.5  8925.6055
735.4  8994.6919
735.3  8933.2208
735.2  8935.3523
735.1  9101.5358
735  9025.5769
734.9  8964.1369
734.8  8934.1865
734.7  8921.1207
734.6  8989.6551
734.5  9007.6343
734.4  8981.2939
734.3  8993.3895
734.2  9013.1108
734.1  8975.9365
734  9082.5512
733.9  9019.6191
733.8  8951.456
733.7  8987.8194
733.6  8949.9027
733.5  9015.1831
733.4  9051.7698
733.3  8973.3144
733.2  9021.7359
733.1  9092.3808
733  9200.6022
732.9  8985.3136
732.8  8999.9356
732.7  8942.8501
732.6  9109.5576
732.5  9127.3907
732.4  9038.8835
732.3  8955.6072
732.2  9066.8445
732.1  9121.4065
732  9000.7728
731.9  9072.4862
731.8  9143.9939
731.7  9098.0597
731.6  9170.9625
731.5  9116.5139
731.4  9123.8128
731.3  9021.6856
731.2  9078.6566
731.1  9094.9773
731  9140.0156
730.9  9187.2976
730.8  9114.9652
730.7  9182.6152
730.6  9106.1849
730.5  9244.208
730.4  9254.8595
730.3  9200.1521
730.2  9232.2446
730.1  9274.1319
730  9104.8107

# Region:                       Al 2p
# Spectrum ID:                  5
# Acquisition Date:             07/22/26 14:13:35 UTC
# Analysis Method:              XPS
# Analyzer:                     PHOIBOS MCD5 Analyzer
# Analyzer Lens:                LargeArea:1.5kV
# Analyzer Slit:                5:7x20\B:open
# Scan Mode:                    FixedAnalyzerTransmission
# Curves/Scan:                  1
# Values/Curve:                 331
# Dwell Time:                   0.1
# Excitation Energy:            1486.61
# Binding Energy:               90
# Pass Energy:                  50
# Bias Voltage:                 90
# Detector Voltage:             3000
# Eff. Workfunction:            4.543
# Source:                       X-Ray Dummy
# Comment:                      
#
# Cycle: 0
# Number of Scans: 2
#
# Cycle: 0, Curve: 0
# Acquisition Date:             07/22/26 14:13:35 UTC
#
# ColumnLabels:                 energy counts/s
#
90  2773.5365
89.9  2837.718
89.8  2790.3032
89.7  2834.5439
89.6  2843.5144
89.5  2888.6815
89.4  2958.3649
89.3  3099.8164
89.2  3128.7176
89.1  3068.1044
89  3224.2364
88.9  3051.4702
88.8  3089.0364
88.7  3164.868
88.6  3261.4441
88.5  3262.3862
88.4  3167.3598
88.3  3108.2326
88.2  3137.9304
88.1  3103.6362
88  3077.2506
87.9  3103.7752
87.8  3041.7267
87.7  2991.5578
87.6  2959.8545
87.5  2961.5899
87.4  2899.8349
87.3  2880.8359
87.2  2769.9772
87.1  2865.5978
87  2851.9278
86.9  2780.6831
86.8  2638.3878
86.7  2580.3328
86.6  2586.3158
86.5  2751.3602
86.4  2692.1591
86.3  2676.9089
86.2  2654.5439
86.1  2824.4418
86  2910.397
85.9  2999.2226
85.8  3030.1696
85.7  2951.8346
85.6  2989.8497
85.5  3147.4068
85.4  3131.1264
85.3  2989.2127
85.2  3276.9177
85.1  3257.3689
85  3122.1215
84.9  3499.8485
84.8  3434.0077
84.7  2993.094
84.6  3250.7579
84.5  3126.554
84.4  3039.7976
84.3  3230.4709
84.2  3219.53
84.1  2787.9747
84  2864.6587
83.9  2958.3935
83.8  2817.1954
83.7  2956.5068
83.6  2896.2734
83.5  2881.2852
83.4  2822.1782
83.3  2720.5864
83.2  2968.0399
83.1  2665.8699
83  2655.98
82.9  2681.5617
82.8  2787.4073
82.7  2782.7733
82.6  2785.1506
82.5  2727.8497
82.4  2840.5922
82.3  2976.1519
82.2  3002.2534
82.1  3136.5281
82  3196.2756
81.9  3081.8733
81.8  3266.7181
81.7  3337.3967
81.6  3531.4261
81.5  3620.2111
81.4  3646.2871
81.3  3656.3319
81.2  3972.8362
81.1  4006.9428
81  4136.5952
80.9  4382.5517
80.8  4126.9511
80.7  4279.0492
80.6  4370.4988
80.5  4712.1966
80.4  4470.0345
80.3  4912.0553
80.2  4755.6345
80.1  4956.5506
80  4646.6892
79.9  4929.4456
79.8  5061.1884
79.7  4931.7971
79.6  5164.8581
79.5  4912.5065
79.4  5046.7086
79.3  5191.2954
79.2  5093.4935
79.1  4822.2081
79  4878.1713
78.9  4793.9333
78.8  4772.7379
78.7  4283.6431
78.6  4089.9511
78.5  4159.9512
78.4  4025.0586
78.3  4247.3307
78.2  3971.6067
78.1  3712.6329
78  3358.5326
77.9  3696.7672
77.8  3615.6723
77.7  3535.3186
77.6  3381.7096
77.5  3206.059
77.4  3388.15
77.3  3157.1773
77.2  3074.014
77.1  2895.1506
77  2896.7735
76.9  2760.512
76.8  2813.8576
76.7  2799.7859
76.6  2646.1855
76.5  2566.2881
76.4  2667.2409
76.3  2538.4788
76.2  2640.7192
76.1  2500.2955
76  2490.9391
75.9  2668.9381
75.8  2483.5207
75.7  2587.2979
75.6  2465.4464
75.5  2340.4435
75.4  2376.7734
75.3  2482.1504
75.2  2468.3624
75.1  2470.7206
75  2424.9802
74.9  2420.9251
74.8  2412.2049
74.7  2225.1056
74.6  2341.4841
74.5  2280.4426
74.4  2165.1467
74.3  2312.6664
74.2  2426.7072
74.1  2358.9635
74  2317.7001
73.9  2242.6282
73.8  2515.0678
73.7  2380.9116
73.6  2288.6568
73.5  2373.8266
73.4  2295.315
73.3  2445.4314
73.2  2471.9102
73.1  2327.1725
73  2219.232
72.9  2378.6868
72.8  2290.5335
72.7  2323.8732
72.6  2136.3352
72.5  2277.9466
72.4  2362.4653
72.3  2414.5649
72.2  2262.4996
72.1  2388.022
72  2276.9955
71.9  2407.1282
71.8  2264.6397
71.7  2179.8025
71.6  2194.217
71.5  2174.2751
71.4  2515.8886
71.3  2359.6235
71.2  2335.1507
71.1  2348.988
71  2295.7915
70.9  2328.9853
70.8  2424.069
70.7  2429.227
70.6  2290.2144
70.5  2305.5394
70.4  2537.9841
70.3  2398.3374
70.2  2198.0178
70.1  2449.0514
70  2526.5962
69.9  2522.8059
69.8  2502.0001
69.7  2701.406
69.6  2531.3634
69.5  2490.2373
69.4  2396.3917
69.3  2315.3994
69.2  2561.7647
69.1  2428.1779
69  2486.6993
68.9  2493.3864
68.8  2303.2491
68.7  2327.0692
68.6  2356.7685
68.5  2427.3758
68.4  2439.1966
68.3  2296.6358
68.2  2304.5071
68.1  2375.1732
68  2385.8424
67.9  2351.5761
67.8  2271.4538
67.7  2419.23
67.6  2415.6679
67.5  2186.693
67.4  2322.5561
67.3  2316.7928
67.2  2283.4605
67.1  2355.1723
67  2292.1487
66.9  2292.7601
66.8  2262.1726
66.7  2223.4374
66.6  2190.876
66.5  2250.9471
66.4  2220.8304
66.3  2294.1886
66.2  2324.6011
66.1  2176.1157
66  2402.7101
65.9  2335.0591
65.8  2338.5067
65.7  2266.433
65.6  2317.9016
65.5  2209.9493
65.4  2143.196
65.3  2319.7981
65.2  2174.5732
65.1  2125.3903
65  2130.292
64.9  2157.2016
64.8  2063.6009
64.7  2119.2263
64.6  2179.9113
64.5  2056.9489
64.4  2098.6037
64.3  2188.1201
64.2  2214.4919
64.1  2214.1336
64  2197.6332
63.9  2363.827
63.8  2175.0656
63.7  2175.2291
63.6  2348.1171
63.5  2175.2163
63.4  2246.192
63.3  2176.0309
63.2  2100.2808
63.1  2102.0953
63  2193.1786
62.9  2097.0327
62.8  2142.1259
62.7  2062.9129
62.6  2159.6415
62.5  2188.7204
62.4  2133.1427
62.3  2082.37
62.2  2069.0252
62.1  2149.8067
62  2311.0234
61.9  2203.4792
61.8  2156.4399
61.7  2154.4435
61.6  2333.0754
61.5  2224.019
61.4  2234.8545
61.3  2113.3338
61.2  2270.483
61.1  2090.1148
61  1949.2952
60.9  2072.169
60.8  2168.3886
60.7  2354.6219
60.6  2306.2245
60.5  2124.581
60.4  2029.9286
60.3  2002.7601
60.2  2139.529
60.1  2156.7779
60  2094.1283
59.9  1949.2874
59.8  2066.2418
59.7  2036.7855
59.6  2229.005
59.5  2248.3143
59.4  2140.5465
59.3  2431.2153
59.2  2211.282
59.1  2233.1736
59  2310.3349
58.9  2172.7153
58.8  2174.4328
58.7  2151.0783
58.6  2061.4557
58.5  2156.4302
58.4  2297.1826
58.3  2074.3109
58.2  2214.5809
58.1  2207.9264
58  2221.9599
57.9  2240.4553
57.8  2186.7333
57.7  2147.2629
57.6  2066.5862
57.5  2137.8081
57.4  2122.7234
57.3  2165.1918
57.2  2143.4174
57.1  2158.936
57  2017.4465

# Operation:                    Peak Fit
# Range Start:                  90
# Range End:                    70.5317
# Parameter: "Transition" = 
# Parameter: "Label" = 
# Parameter: "Background Method" = Tougaard
# Parameter: "Peak Shape" = Voigt
# Parameter: "Asymmetric Peak" = false
# Parameter: "FWHM-Annotation" = S-B = <Signal-BG:@>\nFWHM = <FWHM:@>\nArea = <Area:@>
# Parameter: "Peak-Annotation" = <Label>\n<Transition>\nE = <Center:@>
#
# Result:
# Number of Results:            2
# Parameter: "Transition" = 
# Parameter: "Label" = 
# Parameter: "Center" = 79.589863276155029 eV +- 0.022362292003057668
# Parameter: "Area" = 11739.511180252208 cps eV +- 481.27636240813985
# Parameter: "FWHM (Lorentzian)" = 1.7501991238789616 eV +- 0.26680043781075291
# Parameter: "FWHM (Gaussian)" = 2.1526190909306755 eV +- 0.23470767958334945
# Parameter: "Asymmetry" = 0 +- 0
# Parameter: "Tougaard B" = 19748.113309694869 eV^2 +- 647.4993334553069
# Parameter: "Tougaard C" = 1643 eV^2 +- 0
# Parameter: "FWHM" = 3.2372319461614847 eV
# Parameter: "Baseline Offset" = 2261.1205871091679 cps +- 25.160052489697193
# Parameter: "Abbe factor" = 0.36438790257467724
# Parameter: "Reduced Chi Square" = 1.8980657463310655
# Parameter: "Q Probability" = 1.4099057631547431e-12
# Parameter: "Number of performed iterations" = 15
# Parameter: "Fit termination reason" = ConvergedInParameter
# Parameter: "Signal" = 5068.376382080316 cps
# Parameter: "Signal-BG" = 2741.5750297686395 cps
#
# Result Name:                  Background
# Number of Curves:             1
#
# Curve:                        0
# Values/Curve:                 121
#
90  3109.1642
89.838333  3095.5337
89.676667  3081.9369
89.515  3068.3731
89.353333  3054.8414
89.191667  3041.341
89.03  3027.8713
88.868333  3014.4314
88.706667  3001.0207
88.545  2987.6387
88.383333  2974.2846
88.221667  2960.958
88.06  2947.6584
87.898333  2934.3852
87.736667  2921.138
87.575  2907.9165
87.413333  2894.7203
87.251667  2881.5491
87.09  2868.4027
86.928333  2855.2809
86.766667  2842.1836
86.605  2829.1107
86.443333  2816.0622
86.281667  2803.0382
86.12  2790.0387
85.958333  2777.0641
85.796667  2764.1146
85.635  2751.1905
85.473333  2738.2924
85.311667  2725.4209
85.15  2712.5766
84.988333  2699.7604
84.826667  2686.9733
84.665  2674.2165
84.503333  2661.4912
84.341667  2648.7989
84.18  2636.1415
84.018333  2623.521
83.856667  2610.9398
83.695  2598.4006
83.533333  2585.9066
83.371667  2573.4614
83.21  2561.0693
83.048333  2548.7354
82.886667  2536.4656
82.725  2524.2668
82.563333  2512.1473
82.401667  2500.1166
82.24  2488.1864
82.078333  2476.37
81.916667  2464.6833
81.755  2453.1446
81.593333  2441.7753
81.431667  2430.5995
81.27  2419.6445
81.108333  2408.9404
80.946667  2398.5198
80.785  2388.4171
80.623333  2378.6679
80.461667  2369.3074
80.3  2360.3698
80.138333  2351.8862
79.976667  2343.8836
79.815  2336.3833
79.653333  2329.3999
79.491667  2322.9404
79.33  2317.004
79.168333  2311.5818
79.006667  2306.6576
78.845  2302.2089
78.683333  2298.2074
78.521667  2294.6212
78.36  2291.4158
78.198333  2288.5556
78.036667  2286.0051
77.875  2283.7301
77.713333  2281.6985
77.551667  2279.8805
77.39  2278.2496
77.228333  2276.7819
77.066667  2275.4567
76.905  2274.2561
76.743333  2273.1646
76.581667  2272.169
76.42  2271.2581
76.258333  2270.4223
76.096667  2269.6537
75.935  2268.9451
75.773333  2268.2907
75.611667  2267.6854
75.45  2267.1249
75.288333  2266.6052
75.126667  2266.1229
74.965  2265.6753
74.803333  2265.2596
74.641667  2264.8736
74.48  2264.5152
74.318333  2264.1825
74.156667  2263.8738
73.995  2263.5878
73.833333  2263.3229
73.671667  2263.0779
73.51  2262.8518
73.348333  2262.6435
73.186667  2262.452
73.025  2262.2764
72.863333  2262.116
72.701667  2261.9699
72.54  2261.8376
72.378333  2261.7183
72.216667  2261.6114
72.055  2261.5164
71.893333  2261.4328
71.731667  2261.3601
71.57  2261.2978
71.408333  2261.2455
71.246667  2261.2028
71.085  2261.1693
70.923333  2261.1446
70.761667  2261.1285
70.6  2261.1206

# Result Name:                  Peak Fit
# Number of Curves:             1
#
# Curve:                        0
# Values/Curve:                 121
#
90  3139.8362
89.838333  3127.1977
89.676667  3114.6422
89.515  3102.1722
89.353333  3089.7905
89.191667  3077.5003
89.03  3065.305
88.868333  3053.2088
88.706667  3041.216
88.545  3029.3316
88.383333  3017.5612
88.221667  3005.911
88.06  2994.388
87.898333  2982.9999
87.736667  2971.7553
87.575  2960.6641
87.413333  2949.737
87.251667  2938.9861
87.09  2928.4253
86.928333  2918.0699
86.766667  2907.9372
86.605  2898.0468
86.443333  2888.421
86.281667  2879.0849
86.12  2870.0674
85.958333  2861.4012
85.796667  2853.1239
85.635  2845.2791
85.473333  2837.9166
85.311667  2831.0948
85.15  2824.8814
84.988333  2819.3561
84.826667  2814.6125
84.665  2810.7619
84.503333  2807.9367
84.341667  2806.2957
84.18  2806.0306
84.018333  2807.3736
83.856667  2810.6075
83.695  2816.0777
83.533333  2824.2071
83.371667  2835.5125
83.21  2850.6239
83.048333  2870.3035
82.886667  2895.4639
82.725  2927.1804
82.563333  2966.6935
82.401667  3015.3944
82.24  3074.7845
82.078333  3146.4031
81.916667  3231.7144
81.755  3331.9502
81.593333  3447.912
81.431667  3579.7424
81.27  3726.6862
81.108333  3886.8724
80.946667  4057.1539
80.785  4233.0471
80.623333  4408.8061
80.461667  4577.654
80.3  4732.1755
80.138333  4864.8442
79.976667  4968.6381
79.815  5037.6688
79.653333  5067.7456
79.491667  5056.7934
79.33  5005.0655
79.168333  4915.1167
79.006667  4791.5437
78.845  4640.5294
78.683333  4469.2581
78.521667  4285.2817
78.36  4095.9191
78.198333  3907.7532
78.036667  3726.2728
77.875  3555.6755
77.713333  3398.8248
77.551667  3257.3361
77.39  3131.7519
77.228333  3021.7677
77.066667  2926.471
76.905  2844.5645
76.743333  2774.5561
76.581667  2714.9063
76.42  2664.1322
76.258333  2620.8726
76.096667  2583.9217
75.935  2552.2395
75.773333  2524.9469
75.611667  2501.3114
75.45  2480.7287
75.288333  2462.7034
75.126667  2446.8304
74.965  2432.7786
74.803333  2420.2766
74.641667  2409.1013
74.48  2399.0685
74.318333  2390.0252
74.156667  2381.8433
73.995  2374.4155
73.833333  2367.6507
73.671667  2361.4718
73.51  2355.8127
73.348333  2350.6165
73.186667  2345.8343
73.025  2341.4234
72.863333  2337.3468
72.701667  2333.572
72.54  2330.0706
72.378333  2326.8173
72.216667  2323.79
72.055  2320.9689
71.893333  2318.3365
71.731667  2315.877
71.57  2313.5765
71.408333  2311.4222
71.246667  2309.403
71.085  2307.5084
70.923333  2305.7293
70.761667  2304.0573
70.6  2302.4847

# Region:                       Al 2p Extended
# Spectrum ID:                  6
# Acquisition Date:             07/22/26 14:26:27 UTC
# Analysis Method:              XPS
# Analyzer:                     PHOIBOS MCD5 Analyzer
# Analyzer Lens:                LargeArea:1.5kV
# Analyzer Slit:                5:7x20\B:open
# Scan Mode:                    FixedAnalyzerTransmission
# Curves/Scan:                  1
# Values/Curve:                 1331
# Dwell Time:                   0.1
# Excitation Energy:            1486.61
# Binding Energy:               190
# Pass Energy:                  50
# Bias Voltage:                 90
# Detector Voltage:             3000
# Eff. Workfunction:            4.543
# Source:                       X-Ray Dummy
# Comment:                      
#
# Cycle: 0
# Number of Scans: 5
#
# Cycle: 0, Curve: 0
# Acquisition Date:             07/22/26 14:26:27 UTC
#
# ColumnLabels:                 energy counts/s
#
190  4690.4655
189.9  4697.364
189.8  4621.1061
189.7  4638.0323
189.6  4763.6462
189.5  4769.2662
189.4  4763.0279
189.3  4743.7628
189.2  4731.6354
189.1  4691.6422
189  4663.0334
188.9  4660.2987
188.8  4767.0318
188.7  4687.1911
188.6  4586.9634
188.5  4769.9462
188.4  4657.6407
188.3  4861.3211
188.2  4718.3971
188.1  4732.0876
188  4662.0021
187.9  4700.5289
187.8  4729.2743
187.7  4743.2606
187.6  5045.3286
187.5  4862.8375
187.4  4851.6171
187.3  4781.1434
187.2  4719.1549
187.1  4744.6324
187  4740.4383
186.9  4592.9851
186.8  4743.8231
186.7  4872.1236
186.6  4810.8404
186.5  4808.2708
186.4  4707.4873
186.3  4725.6397
186.2  4726.6795
186.1  4771.0671
186  4828.5355
185.9  4822.3509
185.8  4781.1848
185.7  4688.4226
185.6  4710.882
185.5  4562.2846
185.4  4704.3487
185.3  4802.6584
185.2  4737.2455
185.1  4674.9435
185  4768.8817
184.9  4767.7196
184.8  4669.1816
184.7  4728.0469
184.6  4721.9891
184.5  4790.6635
184.4  4687.7167
184.3  4628.4143
184.2  4701.5778
184.1  4689.6804
184  4829.2831
183.9  4980.5318
183.8  4891.1658
183.7  4627.2833
183.6  4773.6886
183.5  4806.3646
183.4  4740.0734
183.3  4762.439
183.2  4798.2611
183.1  4870.2027
183  4799.6413
182.9  4903.6436
182.8  4854.9073
182.7  4764.2402
182.6  4737.7268
182.5  4873.5246
182.4  4805.8545
182.3  4872.233
182.2  4858.1831
182.1  4838.9349
182  4710.0204
181.9  4725.4925
181.8  4853.2587
181.7  4875.2017
181.6  4833.4232
181.5  4690.3354
181.4  4703.9584
181.3  4883.7315
181.2  4766.3403
181.1  4702.3422
181  4850.2954
180.9  4819.6582
180.8  4882.5994
180.7  4904.6551
180.6  4869.5217
180.5  4875.8356
180.4  4723.3965
180.3  4675.8031
180.2  4781.4316
180.1  4957.1672
180  4892.1571
179.9  4878.0298
179.8  4784.0748
179.7  4657.5694
179.6  4822.34
179.5  4771.6333
179.4  4796.4841
179.3  4742.8901
179.2  4800.7706
179.1  4760.6252
179  4674.2042
178.9  4908.9207
178.8  4873.4091
178.7  4775.3759
178.6  4816.0385
178.5  4701.8849
178.4  4603.9451
178.3  4764.8853
178.2  4751.9289
178.1  4770.3315
178  4795.3933
177.9  4927.996
177.8  4837.7494
177.7  4742.8037
177.6  4694.6109
177.5  4793.8867
177.4  4900.01
177.3  4896.2955
177.2  4875.8347
177.1  4659.2344
177  4711.6143
176.9  4636.4009
176.8  4772.6624
176.7  4778.6892
176.6  4701.038
176.5  4775.4922
176.4  4845.3137
176.3  4815.2967
176.2  4762.4893
176.1  4761.0552
176  4778.237
175.9  4960.7254
175.8  5025.5629
175.7  4968.5202
175.6  4622.3457
175.5  4673.3666
175.4  4767.8267
175.3  4947.6372
175.2  4989.8901
175.1  4746.3053
175  4765.6198
174.9  4726.8566
174.8  4696.0767
174.7  4826.8436
174.6  4751.2432
174.5  4768.1845
174.4  4799.1449
174.3  4693.7332
174.2  4843.5204
174.1  4821.1411
174  4832.143
173.9  4841.2002
173.8  4563.2953
173.7  4792.0939
173.6  4785.5947
173.5  4662.5259
173.4  4631.5004
173.3  4714.6822
173.2  4750.3249
173.1  4639.8592
173  4751.0167
172.9  4686.0754
172.8  4872.3582
172.7  4839.0648
172.6  4798.0469
172.5  4829.9813
172.4  4775.4574
172.3  4718.7187
172.2  4795.8246
172.1  4655.1927
172  4742.8832
171.9  4880.9514
171.8  4780.3874
171.7  4731.7555
171.6  4701.1197
171.5  4845.5678
171.4  4803.9367
171.3  4798.0358
171.2  4780.002
171.1  4698.7339
171  4736.361
170.9  4641.2068
170.8  4793.7681
170.7  4614.9913
170.6  4721.4634
170.5  4767.1775
170.4  4843.8695
170.3  4813.0022
170.2  4847.8126
170.1  4560.9766
170  4775.3529
169.9  4659.7947
169.8  4612.8529
169.7  4851.154
169.6  4995.3989
169.5  4703.8535
169.4  4787.326
169.3  4751.7032
169.2  4771.0171
169.1  4633.3298
169  4635.5573
168.9  4799.6958
168.8  4634.3637
168.7  4554.064
168.6  4679.7214
168.5  4784.2134
168.4  4676.0869
168.3  4676.5795
168.2  4656.2343
168.1  4787.9147
168  4659.7365
167.9  4690.2332
167.8  4857.8975
167.7  4779.2466
167.6  4764.5456
167.5  4608.158
167.4  4506.0777
167.3  4781.1409
167.2  4786.1644
167.1  4692.6403
167  4648.9452
166.9  4639.8186
166.8  4790.8819
166.7  4620.5285
166.6  4619.4848
166.5  4707.427
166.4  4576.7511
166.3  4640.4138
166.2  4730.65
166.1  4680.2897
166  4671.2579
165.9  4786.6444
165.8  4703.4012
165.7  4730.1017
165.6  4441.1392
165.5  4741.6671
165.4  4727.3739
165.3  4736.0265
165.2  4652.5336
165.1  4915.6478
165  4851.5779
164.9  4850.5255
164.8  4659.5121
164.7  4568.9038
164.6  4743.517
164.5  4707.4421
164.4  4724.551
164.3  4758.324
164.2  4667.3698
164.1  4654.0732
164  4759.6734
163.9  4847.2478
163.8  4837.9069
163.7  4644.6438
163.6  4696.574
163.5  4712.4644
163.4  4725.9593
163.3  4720.6978
163.2  4735.1288
163.1  4759.4625
163  4817.3229
162.9  4669.3086
162.8  4789.316
162.7  4785.2982
162.6  4720.4809
162.5  4699.7012
162.4  4854.2545
162.3  4731.3654
162.2  4734.1314
162.1  4660.828
162  4815.3732
161.9  4934.9437
161.8  4752.3268
161.7  4785.2781
161.6  4903.9056
161.5  4734.9972
161.4  4687.5978
161.3  4847.6606
161.2  5036.8801
161.1  4874.1836
161  4842.2649
160.9  4865.6296
160.8  4892.5248
160.7  4706.1368
160.6  4770.2117
160.5  4962.8847
160.4  4853.0547
160.3  4958.9842
160.2  4977.482
160.1  4917.9787
160  4853.3256
159.9  4873.7511
159.8  4938.4736
159.7  5075.5478
159.6  5135.1481
159.5  5112.6728
159.4  5152.8684
159.3  5236.2064
159.2  5141.8348
159.1  5225.6699
159  5299.1842
158.9  5380.8377
158.8  5244.5322
158.7  5335.6335
158.6  5548.3309
158.5  5382.2149
158.4  5399.628
158.3  5556.202
158.2  5398.4005
158.1  5654.4551
158  5720.3271
157.9  5671.072
157.8  5673.8721
157.7  5569.923
157.6  5725.7504
157.5  5798.1436
157.4  5943.3823
157.3  5978.2475
157.2  5992.3789
157.1  6006.8663
157  6038.1334
156.9  5925.1997
156.8  5834.2548
156.7  5900.3781
156.6  6082.6711
156.5  6167.6083
156.4  6149.3427
156.3  5945.2289
156.2  5967.8224
156.1  5992.4355
156  6185.6414
155.9  5858.8706
155.8  5937.4392
155.7  5982.4031
155.6  6014.4931
155.5  5874.9524
155.4  5867.4597
155.3  5756.1975
155.2  5874.7464
155.1  5828.6835
155  5763.1274
154.9  5769.5026
154.8  5856.6744
154.7  5657.1331
154.6  5610.5038
154.5  5682.0743
154.4  5578.657
154.3  5699.8165
154.2  5278.5768
154.1  5499.098
154  5453.6323
153.9  5406.8259
153.8  5273.8776
153.7  5264.0292
153.6  5330.0525
153.5  5305.1243
153.4  5215.2136
153.3  5265.3704
153.2  5313.1294
153.1  5157.9718
153  5168.5751
152.9  5195.8206
152.8  5192.9928
152.7  5126.397
152.6  5094.1435
152.5  5014.4055
152.4  5016.8271
152.3  5073.0921
152.2  4996.3862
152.1  4893.804
152  4960.0145
151.9  4904.3753
151.8  4928.8812
151.7  4934.5831
151.6  5042.5807
151.5  4887.6479
151.4  5106.749
151.3  5017.6468
151.2  5028.5717
151.1  5050.099
151  4914.8389
150.9  4967.5777
150.8  4833.7748
150.7  4873.2019
150.6  4808.7428
150.5  4898.7002
150.4  4933.1848
150.3  4835.57
150.2  4875.8034
150.1  4888.2304
150  4723.986
149.9  4732.0764
149.8  5016.0736
149.7  4815.9707
149.6  4776.29
149.5  4864.7856
149.4  5019.3434
149.3  4949.7165
149.2  4890.2197
149.1  4870.2269
149  4950.2223
148.9  4880.4867
148.8  4827.7201
148.7  4904.1981
148.6  4707.7128
148.5  4984.2274
148.4  5111.5766
148.3  4850.0073
148.2  4720.2975
148.1  4740.2482
148  4958.9549
147.9  4768.8675
147.8  4759.897
147.7  4700.1766
147.6  4810.3171
147.5  4738.7996
147.4  4793.7311
147.3  4868.5355
147.2  4887.7228
147.1  4828.4428
147  4836.7958
146.9  4956.9671
146.8  4883.3106
146.7  4776.4528
146.6  4876.3322
146.5  4971.341
146.4  4845.7773
146.3  4709.3771
146.2  4761.4814
146.1  4666.8092
146  4960.7844
145.9  4840.0548
145.8  4666.8415
145.7  4854.8933
145.6  4823.9381
145.5  4793.1973
145.4  4924.4431
145.3  4736.301
145.2  4631.7145
145.1  4633.9572
145  4738.5445
144.9  4860.8862
144.8  4707.6469
144.7  4724.0267
144.6  4876.8903
144.5  4806.9732
144.4  4720.4153
144.3  4886.8353
144.2  4845.9648
144.1  4823.4147
144  4883.1499
143.9  4744.1543
143.8  4778.91
143.7  4742.4335
143.6  4770.0618
143.5  4969.567
143.4  4743.292
143.3  4790.428
143.2  4854.763
143.1  4849.5387
143  5002.6187
142.9  4885.0281
142.8  4912.2434
142.7  4960.3873
142.6  5002.8343
142.5  4986.2009
142.4  4897.6936
142.3  4998.444
142.2  4879.5595
142.1  4874.3507
142  4922.8264
141.9  4935.4756
141.8  5025.8894
141.7  4903.066
141.6  5028.5829
141.5  5120.3039
141.4  5177.2722
141.3  5166.3552
141.2  5025.5111
141.1  4998.4187
141  5027.3829
140.9  4968.3882
140.8  5042.2135
140.7  5243.2299
140.6  5151.1175
140.5  5085.5773
140.4  5206.2197
140.3  5139.5432
140.2  5095.7425
140.1  5015.0158
140  5028.9379
139.9  5236.0408
139.8  5028.7253
139.7  5008.0993
139.6  5074.1162
139.5  5046.1701
139.4  4957.7763
139.3  4930.1516
139.2  5037.0559
139.1  4818.4294
139  4889.4432
138.9  4825.4371
138.8  4770.4146
138.7  4960.5941
138.6  5010.8535
138.5  4851.5307
138.4  4706.2637
138.3  4875.52
138.2  4875.4109
138.1  4716.0305
138  4677.1741
137.9  4692.0077
137.8  4716.5064
137.7  4754.4691
137.6  4739.0446
137.5  4769.2047
137.4  4688.979
137.3  4684.3159
137.2  4687.0283
137.1  4757.1917
137  4512.2715
136.9  4527.8
136.8  4637.0186
136.7  4604.073
136.6  4521.1793
136.5  4666.4133
136.4  4495.6266
136.3  4598.0818
136.2  4642.7252
136.1  4564.8158
136  4587.749
135.9  4589.8418
135.8  4470.6297
135.7  4520.3594
135.6  4508.1971
135.5  4595.7241
135.4  4502.7468
135.3  4570.3431
135.2  4490.3121
135.1  4474.1105
135  4501.6239
134.9  4571.3567
134.8  4480.7047
134.7  4534.1208
134.6  4434.1541
134.5  4543.6196
134.4  4496.0369
134.3  4406.303
134.2  4603.0986
134.1  4340.3383
134  4609.9963
133.9  4586.1502
133.8  4488.6845
133.7  4457.7453
133.6  4604.1766
133.5  4403.6925
133.4  4432.0854
133.3  4457.3517
133.2  4321.0199
133.1  4452.7686
133  4592.2948
132.9  4664.6761
132.8  4474.238
132.7  4513.1694
132.6  4551.7869
132.5  4645.9856
132.4  4358.478
132.3  4563.2908
132.2  4584.9311
132.1  4522.7347
132  4575.5667
131.9  4604.2003
131.8  4704.2724
131.7  4527.5508
131.6  4532.2438
131.5  4557.6416
131.4  4697.3925
131.3  4535.5099
131.2  4504.5108
131.1  4558.5384
131  4594.6405
130.9  4604.9669
130.8  4535.3194
130.7  4532.754
130.6  4542.6906
130.5  4721.6412
130.4  4728.0393
130.3  4581.1053
130.2  4641.0963
130.1  4837.9259
130  4830.2899
129.9  4633.2894
129.8  4631.6862
129.7  4613.1515
129.6  4730.0064
129.5  4736.7457
129.4  4706.7082
129.3  4817.2736
129.2  4598.8012
129.1  4708.4092
129  4708.567
128.9  4856.7227
128.8  4959.5583
128.7  4710.295
128.6  4761.2817
128.5  4856.8071
128.4  4901.8619
128.3  4811.531
128.2  4844.9076
128.1  4817.3966
128  4937.3987
127.9  5027.2112
127.8  4981.634
127.7  5046.879
127.6  5308.3801
127.5  5256.7642
127.4  5090.874
127.3  5513.148
127.2  5416.6359
127.1  5429.2197
127  5526.0641
126.9  5689.777
126.8  5760.7697
126.7  5971.1784
126.6  6026.0452
126.5  6026.5954
126.4  6039.9994
126.3  6165.0839
126.2  6577.8006
126.1  6298.411
126  6693.2863
125.9  6742.814
125.8  6697.021
125.7  7045.7155
125.6  7060.4453
125.5  7277.3767
125.4  7373.3121
125.3  7544.3082
125.2  7623.3358
125.1  7494.233
125  7674.2544
124.9  7821.8576
124.8  7724.9096
124.7  7711.6694
124.6  7668.7206
124.5  7927.16
124.4  7930.1964
124.3  7862.6504
124.2  7829.6702
124.1  7873.5509
124  7759.7426
123.9  7555.4653
123.8  7592.1214
123.7  7437.8241
123.6  7500.447
123.5  7397.1551
123.4  7308.8882
123.3  7185.8147
123.2  7034.2651
123.1  6950.0915
123  6699.6947
122.9  6633.0901
122.8  6525.093
122.7  6419.425
122.6  6154.11
122.5  6085.754
122.4  5996.439
122.3  5828.2817
122.2  5818.9639
122.1  5752.6445
122  5523.2577
121.9  5244.6955
121.8  5121.6506
121.7  5202.4861
121.6  5120.3905
121.5  5137.6961
121.4  5027.4964
121.3  4865.3914
121.2  5038.7583
121.1  4789.6123
121  4690.4209
120.9  4592.7466
120.8  4638.138
120.7  4434.1379
120.6  4553.6303
120.5  4493.606
120.4  4384.4601
120.3  4446.619
120.2  4450.7788
120.1  4411.6411
120  4375.8916
119.9  4155.6251
119.8  4312.7839
119.7  4156.3318
119.6  4175.4894
119.5  4089.1057
119.4  4235.2984
119.3  4206.4114
119.2  4170.7305
119.1  4077.4544
119  4001.2968
118.9  4054.783
118.8  3974.1927
118.7  4097.2266
118.6  4016.3097
118.5  3924.6101
118.4  4112.0219
118.3  3932.2185
118.2  4056.3766
118.1  4038.445
118  4039.6454
117.9  3953.4581
117.8  4034.6167
117.7  3802.2858
117.6  3921.2888
117.5  3926.931
117.4  3790.1217
117.3  3977.9524
117.2  4012.0685
117.1  4060.731
117  4087.9378
116.9  4006.5977
116.8  3987.4142
116.7  3871.8992
116.6  4075.6177
116.5  4044.6577
116.4  4068.9554
116.3  3913.7175
116.2  3867.5759
116.1  3798.1494
116  3819.8089
115.9  3913.73
115.8  4018.6577
115.7  3984.1015
115.6  3985.0962
115.5  3994.2979
115.4  4006.0961
115.3  3952.2999
115.2  4069.6528
115.1  4009.4773
115  4056.5802
114.9  4162.535
114.8  4033.3486
114.7  4064.167
114.6  4081.5378
114.5  4084.0424
114.4  4256.5944
114.3  3978.9342
114.2  4014.6731
114.1  4058.2631
114  4138.1199
113.9  4138.6005
113.8  3995.9998
113.7  4144.6028
113.6  4177.9055
113.5  4184.2171
113.4  4133.2711
113.3  4095.5792
113.2  4180.9137
113.1  4293.3577
113  4096.3651
112.9  4101.8792
112.8  4114.4856
112.7  4069.0572
112.6  4067.5949
112.5  4244.0915
112.4  4234.5875
112.3  4378.0782
112.2  4261.7078
112.1  4193.4004
112  4250.2587
111.9  4314.2988
111.8  4290.7134
111.7  4424.0373
111.6  4364.6748
111.5  4383.1597
111.4  4390.5778
111.3  4234.7776
111.2  4292.3239
111.1  4432.5363
111  4372.2734
110.9  4417.6776
110.8  4408.1909
110.7  4464.3733
110.6  4415.8188
110.5  4361.1584
110.4  4373.0766
110.3  4361.1766
110.2  4436.4284
110.1  4542.0124
110  4560.4129
109.9  4363.0928
109.8  4532.1916
109.7  4436.4267
109.6  4446.3628
109.5  4367.9477
109.4  4324.5911
109.3  4198.0606
109.2  4367.4818
109.1  4379.0066
109  4317.5172
108.9  4379.727
108.8  4544.353
108.7  4426.5149
108.6  4447.8366
108.5  4494.1583
108.4  4517.206
108.3  4481.0245
108.2  4538.2981
108.1  4741.7159
108  4751.3393
107.9  4745.2858
107.8  4861.1387
107.7  4987.1449
107.6  5097.0989
107.5  5207.2545
107.4  5351.8826
107.3  5364.0591
107.2  5726.1526
107.1  5873.4401
107  5924.3465
106.9  6242.8561
106.8  6369.6912
106.7  6397.6302
106.6  6711.4388
106.5  6905.4515
106.4  7285.3603
106.3  7473.5059
106.2  7600.4942
106.1  7757.6869
106  7962.1714
105.9  8148.3034
105.8  8310.4284
105.7  8579.8295
105.6  8676.3487
105.5  8932.0164
105.4  9135.1935
105.3  9318.4005
105.2  9539.2722
105.1  9494.6967
105  9381.3458
104.9  9472.172
104.8  9619.3539
104.7  9593.4699
104.6  9675.7766
104.5  9481.8831
104.4  9500.3966
104.3  9372.3032
104.2  9062.746
104.1  9005.7407
104  8929.809
103.9  8717.1856
103.8  8499.3118
103.7  8288.8218
103.6  8305.7453
103.5  8112.101
103.4  7814.3916
103.3  7659.3618
103.2  7440.4282
103.1  7216.505
103  6881.1137
102.9  6636.6494
102.8  6410.067
102.7  6013.2881
102.6  5856.523
102.5  5665.9654
102.4  5662.9028
102.3  5408.0987
102.2  5326.2045
102.1  5234.8842
102  4998.6559
101.9  4811.7541
101.8  4712.3096
101.7  4511.8121
101.6  4474.4545
101.5  4404.2907
101.4  4285.7454
101.3  4121.1519
101.2  4052.5016
101.1  3938.3102
101  3893.7624
100.9  3814.4313
100.8  3823.4305
100.7  3841.6979
100.6  3728.107
100.5  3623.1705
100.4  3526.958
100.3  3530.8907
100.2  3353.6645
100.1  3398.2028
100  3384.7947
99.9  3251.5686
99.8  3392.3674
99.7  3228.0631
99.6  3202.3738
99.5  3252.7362
99.4  3321.146
99.3  3233.3353
99.2  3119.1194
99.1  3089.6484
99  3064.3606
98.9  3026.6983
98.8  3091.9643
98.7  2994.3752
98.6  2825.1377
98.5  2982.134
98.4  2923.0078
98.3  2919.6698
98.2  2990.8903
98.1  3048.2421
98  2864.9945
97.9  2868.6637
97.8  2959.1232
97.7  2842.6971
97.6  2813.4552
97.5  2894.1566
97.4  2815.7476
97.3  2826.4374
97.2  2908.9557
97.1  2891.8026
97  2892.9843
96.9  2838.5161
96.8  2787.4399
96.7  2903.9201
96.6  2854.4605
96.5  2831.3722
96.4  2798.5611
96.3  2838.6667
96.2  2807.6411
96.1  2746.1553
96  2982.2436
95.9  2914.8608
95.8  2813.9508
95.7  2792.3676
95.6  2800.6675
95.5  2829.7451
95.4  2865.6253
95.3  2820.7752
95.2  2746.5061
95.1  2686.4307
95  2753.212
94.9  2807.9212
94.8  2764.2949
94.7  2619.2343
94.6  2709.6797
94.5  2686.8822
94.4  2714.9574
94.3  2748.5348
94.2  2923.6772
94.1  2622.5709
94  2630.0963
93.9  2677.3201
93.8  2678.2472
93.7  2826.9978
93.6  2703.9533
93.5  2692.8329
93.4  2625.2397
93.3  2718.8558
93.2  2654.8346
93.1  2691.5591
93  2723.7622
92.9  2681.4094
92.8  2691.129
92.7  2742.7217
92.6  2790.6099
92.5  2657.95
92.4  2713.9741
92.3  2751.663
92.2  2514.1778
92.1  2628.603
92  2626.91
91.9  2571.751
91.8  2644.6797
91.7  2675.3534
91.6  2702.2727
91.5  2808.9098
91.4  2732.1706
91.3  2698.2553
91.2  2666.9904
91.1  2658.4074
91  2622.1853
90.9  2683.1848
90.8  2773.8608
90.7  2776.3878
90.6  2718.5713
90.5  2587.9276
90.4  2764.9194
90.3  2836.3039
90.2  2704.7088
90.1  2736.094
90  2868.2723
89.9  2869.5094
89.8  2713.1501
89.7  2789.9565
89.6  2919.0846
89.5  3026.3048
89.4  3115.175
89.3  3165.0784
89.2  3172.0933
89.1  3089.3844
89  3160.1827
88.9  3130.7057
88.8  3106.2281
88.7  3109.2066
88.6  3163.7667
88.5  3139.9401
88.4  3196.782
88.3  3107.3711
88.2  3125.4491
88.1  3032.1538
88  3148.2089
87.9  3116.3643
87.8  3144.243
87.7  3035.8095
87.6  2932.7898
87.5  2913.6343
87.4  2935.1056
87.3  2942.8798
87.2  2827.6832
87.1  2722.7913
87  2858.0828
86.9  2831.184
86.8  2629.8192
86.7  2765.5921
86.6  2796.3515
86.5  2631.2322
86.4  2785.1441
86.3  2749.1882
86.2  2837.3308
86.1  2737.3436
86  2890.4506
85.9  2828.2809
85.8  2948.0246
85.7  2995.4871
85.6  3117.5882
85.5  3032.7319
85.4  3032.7241
85.3  3213.4654
85.2  3224.1685
85.1  3164.4506
85  3209.3856
84.9  3317.8611
84.8  3362.2652
84.7  3367.0024
84.6  3279.8737
84.5  3227.1825
84.4  3292.9179
84.3  3285.2481
84.2  3246.2553
84.1  3221.7462
84  3117.1206
83.9  3087.8335
83.8  2915.9434
83.7  2957.3285
83.6  2892.9721
83.5  2806.033
83.4  2845.2877
83.3  2946.7276
83.2  2840.2528
83.1  2833.9254
83  2662.0742
82.9  2800.9222
82.8  2707.7601
82.7  2663.7341
82.6  2779.8835
82.5  2756.3964
82.4  2797.1569
82.3  2891.1188
82.2  2914.704
82.1  3004.2453
82  3019.7795
81.9  3124.2063
81.8  3261.9986
81.7  3224.0363
81.6  3425.2231
81.5  3563.0915
81.4  3667.4704
81.3  3677.7494
81.2  3925.6991
81.1  3966.3402
81  3973.8488
80.9  4228.6495
80.8  4355.0528
80.7  4440.7688
80.6  4568.8561
80.5  4560.9678
80.4  4738.5829
80.3  4723.1695
80.2  4949.2927
80.1  5054.818
80  4988.2118
79.9  4909.9133
79.8  5018.8628
79.7  5038.569
79.6  5076.2368
79.5  4980.0796
79.4  5055.1761
79.3  4884.0822
79.2  4919.2614
79.1  4996.1126
79  4766.4187
78.9  4606.1495
78.8  4674.1732
78.7  4521.4275
78.6  4472.3675
78.5  4415.6491
78.4  4238.8977
78.3  4129.6927
78.2  4087.6871
78.1  4061.6663
78  3859.4422
77.9  3815.8363
77.8  3708.2527
77.7  3461.7133
77.6  3317.8755
77.5  3269.2616
77.4  3242.7041
77.3  3149.1595
77.2  3105.4656
77.1  3070.3004
77  2958.6468
76.9  2866.1114
76.8  2782.998
76.7  2885.1434
76.6  2810.8304
76.5  2785.6065
76.4  2677.4341
76.3  2600.955
76.2  2565.2207
76.1  2597.746
76  2569.9
75.9  2511.2208
75.8  2513.4742
75.7  2478.3049
75.6  2460.59
75.5  2402.2335
75.4  2487.0381
75.3  2536.0424
75.2  2332.0956
75.1  2293.4743
75  2316.0444
74.9  2385.2293
74.8  2421.1337
74.7  2480.8625
74.6  2477.7647
74.5  2329.0107
74.4  2352.9012
74.3  2422.13
74.2  2449.6018
74.1  2384.0789
74  2388.5243
73.9  2307.7618
73.8  2273.8907
73.7  2284.9245
73.6  2329.3854
73.5  2325.9585
73.4  2363.9338
73.3  2414.3879
73.2  2318.1048
73.1  2334.981
73  2427.4919
72.9  2366.8534
72.8  2292.1445
72.7  2356.8988
72.6  2352.0877
72.5  2281.5964
72.4  2307.9758
72.3  2388.9026
72.2  2333.8352
72.1  2356.1827
72  2265.9676
71.9  2353.1585
71.8  2308.4332
71.7  2259.8105
71.6  2322.1651
71.5  2273.0314
71.4  2353.6568
71.3  2354.2788
71.2  2327.0186
71.1  2390.9009
71  2409.888
70.9  2438.8335
70.8  2407.7486
70.7  2329.8932
70.6  2392.4558
70.5  2476.1965
70.4  2313.4388
70.3  2393.8704
70.2  2352.8737
70.1  2372.9327
70  2467.6619
69.9  2412.2824
69.8  2510.3376
69.7  2516.9338
69.6  2485.3595
69.5  2390.0939
69.4  2459.3767
69.3  2525.215
69.2  2424.2259
69.1  2496.2015
69  2338.7166
68.9  2369.0557
68.8  2330.2299
68.7  2348.3473
68.6  2432.1054
68.5  2371.8016
68.4  2359.4143
68.3  2526.9571
68.2  2392.4125
68.1  2430.4607
68  2426.077
67.9  2362.5057
67.8  2407.9566
67.7  2302.1502
67.6  2416.8023
67.5  2532.2582
67.4  2474.1107
67.3  2325.5574
67.2  2389.6162
67.1  2352.3097
67  2352.1776
66.9  2316.081
66.8  2373.9013
66.7  2400.7202
66.6  2330.5735
66.5  2230.8521
66.4  2402.755
66.3  2362.0075
66.2  2246.9239
66.1  2320.5338
66  2359.3626
65.9  2321.8899
65.8  2251.3573
65.7  2292.0088
65.6  2228.7256
65.5  2194.1151
65.4  2189.5279
65.3  2293.4018
65.2  2177.2594
65.1  2280.345
65  2268.578
64.9  2294.2497
64.8  2225.4444
64.7  2236.8599
64.6  2328.8173
64.5  2309.0458
64.4  2330.9497
64.3  2222.0588
64.2  2103.0187
64.1  2228.9458
64  2162.3371
63.9  2247.8656
63.8  2275.9925
63.7  2269.8212
63.6  2123.3057
63.5  2184.7539
63.4  2171.7173
63.3  2156.3484
63.2  2142.2112
63.1  2188.5254
63  2222.0626
62.9  2241.0277
62.8  2224.3215
62.7  2183.1909
62.6  2141.9919
62.5  2118.145
62.4  2191.3056
62.3  2190.8958
62.2  2155.2837
62.1  2222.3671
62  2191.7261
61.9  2242.9308
61.8  2179.6696
61.7  2089.4947
61.6  2115.1683
61.5  2065.5549
61.4  2133.0724
61.3  2223.0091
61.2  2059.1244
61.1  2086.1587
61  2167.4756
60.9  2179.2212
60.8  2187.4687
60.7  2164.9238
60.6  2191.2818
60.5  2149.8231
60.4  2178.5382
60.3  2185.5941
60.2  2059.6516
60.1  2119.7146
60  2119.858
59.9  2198.9371
59.8  2106.7885
59.7  2158.1398
59.6  2227.6428
59.5  2237.6757
59.4  2230.6667
59.3  2210.988
59.2  2188.7423
59.1  2142.1079
59  2240.8219
58.9  2130.1887
58.8  2138.2953
58.7  2248.3803
58.6  2218.9806
58.5  2207.1093
58.4  2155.539
58.3  2198.0773
58.2  2248.7301
58.1  2127.9712
58  2189.1314
57.9  2188.4666
57.8  2195.2794
57.7  2173.6518
57.6  2108.1131
57.5  2181.3731
57.4  2364.8868
57.3  2211.7465
57.2  2067.8769
57.1  2124.9067
57  2133.532

# Operation:                    Peak Fit
# Range Start:                  90
# Range End:                    70.5317
# Parameter: "Transition" = 
# Parameter: "Label" = 
# Parameter: "Background Method" = Tougaard
# Parameter: "Peak Shape" = Voigt
# Parameter: "Asymmetric Peak" = false
# Parameter: "FWHM-Annotation" = S-B = <Signal-BG:@>\nFWHM = <FWHM:@>\nArea = <Area:@>
# Parameter: "Peak-Annotation" = <Label>\n<Transition>\nE = <Center:@>
#
# Result:
# Number of Results:            2
# Parameter: "Transition" = 
# Parameter: "Label" = 
# Parameter: "Center" = 79.535964899458349 eV +- 0.014076242645542702
# Parameter: "Area" = 11540.316618153904 cps eV +- 304.77380686894219
# Parameter: "FWHM (Lorentzian)" = 1.5540288492062215 eV +- 0.17285783466624671
# Parameter: "FWHM (Gaussian)" = 2.3138922038299956 eV +- 0.14294383673959268
# Parameter: "Asymmetry" = 0 +- 0
# Parameter: "Tougaard B" = 19888.678767055477 eV^2 +- 411.68120309229903
# Parameter: "Tougaard C" = 1643 eV^2 +- 0
# Parameter: "FWHM" = 3.2550736817524442 eV
# Parameter: "Baseline Offset" = 2295.2826968990353 cps +- 16.100066973797645
# Parameter: "Abbe factor" = 0.12791199560456126
# Parameter: "Reduced Chi Square" = 4.2293441965666538
# Parameter: "Q Probability" = 1.3769986829683403e-75
# Parameter: "Number of performed iterations" = 26
# Parameter: "Fit termination reason" = ConvergedInChi
# Parameter: "Signal" = 5106.8998021678435 cps
# Parameter: "Signal-BG" = 2748.3224925637201 cps
#
# Result Name:                  Background
# Number of Curves:             1
#
# Curve:                        0
# Values/Curve:                 121
#
90  3145.8839
89.838333  3132.2579
89.676667  3118.6661
89.515  3105.1077
89.353333  3091.5818
89.191667  3078.0875
89.03  3064.6242
88.868333  3051.191
88.706667  3037.7872
88.545  3024.4122
88.383333  3011.0652
88.221667  2997.7457
88.06  2984.453
87.898333  2971.1867
87.736667  2957.9463
87.575  2944.7312
87.413333  2931.5412
87.251667  2918.3757
87.09  2905.2346
86.928333  2892.1174
86.766667  2879.0242
86.605  2865.9545
86.443333  2852.9085
86.281667  2839.8859
86.12  2826.887
85.958333  2813.9116
85.796667  2800.9602
85.635  2788.0328
85.473333  2775.1298
85.311667  2762.2517
85.15  2749.3991
84.988333  2736.5726
84.826667  2723.773
84.665  2711.0013
84.503333  2698.2587
84.341667  2685.5464
84.18  2672.8659
84.018333  2660.2192
83.856667  2647.6084
83.695  2635.0358
83.533333  2622.5044
83.371667  2610.0175
83.21  2597.5793
83.048333  2585.1943
82.886667  2572.8683
82.725  2560.6079
82.563333  2548.421
82.401667  2536.3172
82.24  2524.3075
82.078333  2512.4055
81.916667  2500.6267
81.755  2488.9895
81.593333  2477.5151
81.431667  2466.2277
81.27  2455.1546
81.108333  2444.3259
80.946667  2433.7742
80.785  2423.5343
80.623333  2413.6417
80.461667  2404.1325
80.3  2395.0412
80.138333  2386.4001
79.976667  2378.2373
79.815  2370.576
79.653333  2363.4329
79.491667  2356.8173
79.33  2350.731
79.168333  2345.1679
79.006667  2340.1145
78.845  2335.5504
78.683333  2331.4493
78.521667  2327.7807
78.36  2324.5107
78.198333  2321.6038
78.036667  2319.0238
77.875  2316.7356
77.713333  2314.7052
77.551667  2312.9013
77.39  2311.2951
77.228333  2309.8609
77.066667  2308.576
76.905  2307.4206
76.743333  2306.3777
76.581667  2305.4329
76.42  2304.5737
76.258333  2303.7898
76.096667  2303.0722
75.935  2302.4137
75.773333  2301.8079
75.611667  2301.2493
75.45  2300.7336
75.288333  2300.2566
75.126667  2299.8151
74.965  2299.406
74.803333  2299.0268
74.641667  2298.6752
74.48  2298.3492
74.318333  2298.047
74.156667  2297.767
73.995  2297.5077
73.833333  2297.2679
73.671667  2297.0463
73.51  2296.8419
73.348333  2296.6538
73.186667  2296.4809
73.025  2296.3225
72.863333  2296.1779
72.701667  2296.0463
72.54  2295.9271
72.378333  2295.8197
72.216667  2295.7236
72.055  2295.6382
71.893333  2295.563
71.731667  2295.4977
71.57  2295.4417
71.408333  2295.3947
71.246667  2295.3564
71.085  2295.3263
70.923333  2295.3042
70.761667  2295.2898
70.6  2295.2827

# Result Name:                  Peak Fit
# Number of Curves:             1
#
# Curve:                        0
# Values/Curve:                 121
#
90  3172.5166
89.838333  3159.7521
89.676667  3147.0647
89.515  3134.4565
89.353333  3121.9296
89.191667  3109.4868
89.03  3097.131
88.868333  3084.8657
88.706667  3072.6944
88.545  3060.6216
88.383333  3048.6519
88.221667  3036.7907
88.06  3025.044
87.898333  3013.4185
87.736667  3001.9217
87.575  2990.5621
87.413333  2979.3492
87.251667  2968.2936
87.09  2957.4075
86.928333  2946.7045
86.766667  2936.1998
86.605  2925.9109
86.443333  2915.8577
86.281667  2906.0626
86.12  2896.5516
85.958333  2887.3542
85.796667  2878.5047
85.635  2870.0423
85.473333  2862.0132
85.311667  2854.4708
85.15  2847.4781
84.988333  2841.1094
84.826667  2835.4532
84.665  2830.6152
84.503333  2826.7226
84.341667  2823.9298
84.18  2822.4247
84.018333  2822.438
83.856667  2824.2532
83.695  2828.2203
83.533333  2834.771
83.371667  2844.4365
83.21  2857.8671
83.048333  2875.851
82.886667  2899.3313
82.725  2929.416
82.563333  2967.377
82.401667  3014.6301
82.24  3072.6909
82.078333  3143.0975
81.916667  3227.297
81.755  3326.4918
81.593333  3441.4518
81.431667  3572.3026
81.27  3718.3083
81.108333  3877.6782
80.946667  4047.4266
80.785  4223.3231
80.623333  4399.9591
80.461667  4570.9509
80.3  4729.2816
80.138333  4867.7603
79.976667  4979.5627
79.815  5058.7932
79.653333  5101.0042
79.491667  5103.6051
79.33  5066.107
79.168333  4990.1694
79.006667  4879.4424
78.845  4739.2262
78.683333  4575.9939
78.521667  4396.8403
78.36  4208.9237
78.198333  4018.9641
78.036667  3832.8441
77.875  3655.343
77.713333  3490.009
77.551667  3339.1601
77.39  3203.9874
77.228333  3084.7282
77.066667  2980.8767
76.905  2891.4007
76.743333  2814.9423
76.581667  2749.9879
76.42  2695
76.258333  2648.51
76.096667  2609.1771
75.935  2575.8179
75.773333  2547.4152
75.611667  2523.1124
75.45  2502.1988
75.288333  2484.0917
75.126667  2468.3163
74.965  2454.4875
74.803333  2442.2931
74.641667  2431.4799
74.48  2421.8412
74.318333  2413.2082
74.156667  2405.4418
73.995  2398.4266
73.833333  2392.0665
73.671667  2386.2806
73.51  2381.0008
73.348333  2376.1688
73.186667  2371.7351
73.025  2367.6569
72.863333  2363.8971
72.701667  2360.4237
72.54  2357.2086
72.378333  2354.2272
72.216667  2351.458
72.055  2348.8817
71.893333  2346.4814
71.731667  2344.2422
71.57  2342.1505
71.408333  2340.1944
71.246667  2338.363
71.085  2336.6467
70.923333  2335.0367
70.761667  2333.5252
70.6  2332.105

# Region:                       Mo 3d
# Spectrum ID:                  7
# Acquisition Date:             07/22/26 14:31:02 UTC
# Analysis Method:              XPS
# Analyzer:                     PHOIBOS MCD5 Analyzer
# Analyzer Lens:                LargeArea:1.5kV
# Analyzer Slit:                5:7x20\B:open
# Scan Mode:                    FixedAnalyzerTransmission
# Curves/Scan:                  1
# Values/Curve:                 421
# Dwell Time:                   0.1
# Excitation Energy:            1486.61
# Binding Energy:               257
# Pass Energy:                  50
# Bias Voltage:                 90
# Detector Voltage:             3000
# Eff. Workfunction:            4.543
# Source:                       X-Ray Dummy
# Comment:                      
#
# Cycle: 0
# Number of Scans: 5
#
# Cycle: 0, Curve: 0
# Acquisition Date:             07/22/26 14:31:02 UTC
#
# ColumnLabels:                 energy counts/s
#
257  5079.2582
256.9  5131.0553
256.8  5107.3733
256.7  4884.7709
256.6  5057.4029
256.5  5111.3724
256.4  5175.7489
256.3  5050.0289
256.2  4982.9689
256.1  5082.7535
256  5102.6372
255.9  5116.9435
255.8  5124.0127
255.7  5128.3033
255.6  5087.4674
255.5  5067.8439
255.4  4931.9671
255.3  5202.9864
255.2  5126.9103
255.1  5085.0507
255  5017.6083
254.9  5008.758
254.8  4921.6448
254.7  5142.4714
254.6  5047.157
254.5  5106.8581
254.4  5007.0975
254.3  5100.3896
254.2  5099.1484
254.1  5024.2003
254  5203.2288
253.9  5168.7245
253.8  5256.7906
253.7  5130.4061
253.6  4977.2869
253.5  5269.2174
253.4  5090.6417
253.3  4997.4492
253.2  5095.2875
253.1  4996.5866
253  5041.0373
252.9  5158.7873
252.8  5127.894
252.7  5285.2868
252.6  5001.4424
252.5  5173.2032
252.4  5067.3347
252.3  5047.2051
252.2  5013.2547
252.1  5057.5357
252  5276.9114
251.9  5051.7687
251.8  5087.3155
251.7  5057.9382
251.6  4877.436
251.5  5041.6051
251.4  4960.0249
251.3  5107.0017
251.2  5051.0642
251.1  5081.7037
251  4993.2732
250.9  4815.2859
250.8  5007.3887
250.7  5010.4179
250.6  5048.1919
250.5  4935.0685
250.4  5172.5656
250.3  5073.8979
250.2  5038.7006
250.1  5020.6942
250  5083.7561
249.9  4962.7234
249.8  4884.3267
249.7  5038.2466
249.6  4966.5168
249.5  5040.4914
249.4  5048.8904
249.3  4967.8881
249.2  4979.7519
249.1  4908.51
249  4939.9873
248.9  4956.8999
248.8  4932.1164
248.7  4946.3205
248.6  5025.6031
248.5  5013.096
248.4  4944.3814
248.3  4846.5311
248.2  5051.7934
248.1  5020.0706
248  4950.0503
247.9  4848.6231
247.8  5024.6901
247.7  4940.1651
247.6  4840.9594
247.5  4917.4683
247.4  4994.8262
247.3  4880.3881
247.2  5048.0482
247.1  4771.5255
247  5004.0569
246.9  5038.8786
246.8  4884.9863
246.7  5168.7493
246.6  5030.9575
246.5  4824.2201
246.4  4911.6524
246.3  5015.7735
246.2  4915.4554
246.1  4788.14
246  4875.474
245.9  4908.6497
245.8  4934.3517
245.7  4914.4652
245.6  4895.7473
245.5  4984.1402
245.4  4924.6064
245.3  4869.7496
245.2  4830.9318
245.1  4857.0959
245  5042.3994
244.9  5066.8251
244.8  4997.3027
244.7  4882.0735
244.6  4962.6717
244.5  4935.598
244.4  4869.4779
244.3  5009.6692
244.2  5038.4206
244.1  5134.1249
244  5076.0752
243.9  5094.5034
243.8  5121.7775
243.7  5180.8951
243.6  5114.8224
243.5  5114.5063
243.4  5207.1727
243.3  5250.0625
243.2  5170.568
243.1  5344.8244
243  5379.4912
242.9  5293.7786
242.8  5363.8415
242.7  5465.4453
242.6  5563.2418
242.5  5487.5013
242.4  5537.1603
242.3  5597.0684
242.2  5706.4634
242.1  5701.2095
242  5737.8314
241.9  5845.7177
241.8  5807.6755
241.7  5960.5965
241.6  5900.3138
241.5  6090.5519
241.4  5779.0989
241.3  6099.3429
241.2  6083.6704
241.1  5989.9413
241  6107.345
240.9  6142.8176
240.8  6144.0399
240.7  6037.1946
240.6  6214.7545
240.5  6187.8113
240.4  6143.4981
240.3  6223.2878
240.2  6289.5237
240.1  6293.4677
240  6279.7346
239.9  6274.3251
239.8  6401.2602
239.7  6472.0985
239.6  6367.3337
239.5  6351.7812
239.4  6437.9781
239.3  6604.898
239.2  6615.2786
239.1  6412.2981
239  6458.2843
238.9  6523.1953
238.8  6455.5616
238.7  6492.9034
238.6  6625.5934
238.5  6692.1824
238.4  6648.3405
238.3  6684.4394
238.2  6754.5623
238.1  6719.1917
238  6795.5622
237.9  6580.7233
237.8  6466.1688
237.7  6528.5516
237.6  6474.3808
237.5  6449.8159
237.4  6597.1973
237.3  6518.3718
237.2  6275.4563
237.1  6215.2898
237  6200.6027
236.9  6197.4967
236.8  6248.8791
236.7  6030.5668
236.6  5961.3908
236.5  5819.781
236.4  5868.1836
236.3  5705.8116
236.2  5770.4822
236.1  5535.57
236  5789.6757
235.9  5577.4643
235.8  5595.0781
235.7  5626.2391
235.6  5318.6997
235.5  5482.9669
235.4  5308.871
235.3  5107.636
235.2  5180.3624
235.1  5148.2929
235  5108.6755
234.9  5078.4615
234.8  5123.2983
234.7  5039.1403
234.6  5092.2397
234.5  4978.9216
234.4  4876.585
234.3  4946.3215
234.2  4995.7307
234.1  4810.2932
234  4883.7365
233.9  4742.6778
233.8  4737.5955
233.7  4918.4051
233.6  4975.3016
233.5  4858.7079
233.4  4749.475
233.3  4865.596
233.2  4809.7634
233.1  4745.7022
233  4843.5487
232.9  4799.7188
232.8  4822.557
232.7  4857.6036
232.6  4988.127
232.5  4781.2689
232.4  4831.2718
232.3  4843.0046
232.2  4757.2488
232.1  4733.3742
232  4750.6763
231.9  4735.7801
231.8  4765.9127
231.7  4791.9213
231.6  4855.2906
231.5  4831.678
231.4  4716.9304
231.3  4979.3091
231.2  4840.6639
231.1  4853.5189
231  4771.5217
230.9  4689.5455
230.8  4868.3901
230.7  4767.2643
230.6  4842.6982
230.5  4753.4576
230.4  4996.9112
230.3  5030.9502
230.2  5002.0892
230.1  4988.2495
230  4796.8517
229.9  4858.9063
229.8  4789.3669
229.7  4786.6156
229.6  4755.2515
229.5  4847.0761
229.4  4783.1235
229.3  4920.2831
229.2  4710.6892
229.1  4776.4578
229  4964.2619
228.9  4878.1431
228.8  4813.5669
228.7  4784.6599
228.6  4919.4281
228.5  4868.9605
228.4  4784.692
228.3  4785.0711
228.2  4774.7846
228.1  4917.3133
228  4831.9645
227.9  4919.701
227.8  4790.6557
227.7  4826.1679
227.6  4894.4258
227.5  4823.4868
227.4  4984.4644
227.3  5083.6639
227.2  4929.8942
227.1  4973.471
227  4958.5486
226.9  4957.4483
226.8  4794.3638
226.7  4880.5879
226.6  4963.578
226.5  4789.3971
226.4  4985.8668
226.3  4847.2818
226.2  4802.9336
226.1  4777.8036
226  4727.2773
225.9  4735.9843
225.8  4885.6961
225.7  4693.7633
225.6  4683.8525
225.5  4775.3771
225.4  4715.7109
225.3  4805.9894
225.2  4584.005
225.1  4813.1943
225  4846.7875
224.9  4905.3813
224.8  4682.6298
224.7  4778.3138
224.6  4723.0767
224.5  4719.6119
224.4  4700.4772
224.3  4735.409
224.2  4728.9787
224.1  4889.1515
224  4710.9366
223.9  4697.1089
223.8  4774.3708
223.7  4716.7923
223.6  4656.3237
223.5  4729.7239
223.4  4802.2616
223.3  4836.0489
223.2  4807.8578
223.1  4804.7613
223  4682.2528
222.9  4851.3325
222.8  4701.9465
222.7  4672.5643
222.6  4636.3374
222.5  4745.6127
222.4  4702.9108
222.3  4698.4189
222.2  4712.9804
222.1  4595.2998
222  4804.8714
221.9  4580.2415
221.8  4726.699
221.7  4593.6694
221.6  4603.0297
221.5  4822.2996
221.4  4814.2012
221.3  4698.4931
221.2  4736.078
221.1  4594.776
221  4766.3306
220.9  4571.6005
220.8  4828.2907
220.7  4796.4074
220.6  4798.1622
220.5  4824.0979
220.4  4629.1759
220.3  4616.3204
220.2  4580.89
220.1  4753.3652
220  4795.6727
219.9  4588.6888
219.8  4620.3866
219.7  4745.4912
219.6  4751.0463
219.5  4751.2854
219.4  4697.5736
219.3  4636.7971
219.2  4806.542
219.1  4676.2139
219  4720.4564
218.9  4783.1589
218.8  4686.4274
218.7  4732.4285
218.6  4726.5516
218.5  4775.2064
218.4  4716.421
218.3  4663.8806
218.2  4688.4152
218.1  4803.2784
218  4861.8544
217.9  4973.1007
217.8  4714.0288
217.7  4656.3932
217.6  4807.4913
217.5  4646.2305
217.4  4755.3984
217.3  4710.2888
217.2  4662.1609
217.1  4640.0276
217  4725.0671
216.9  4668.1352
216.8  4750.995
216.7  4865.8464
216.6  4609.7099
216.5  4581.2131
216.4  4801.1675
216.3  4810.7431
216.2  4703.6031
216.1  4690.7001
216  4737.9146
215.9  4788.4329
215.8  4691.3455
215.7  4625.6144
215.6  4498.0842
215.5  4713.0238
215.4  4671.9844
215.3  4700.8748
215.2  4821.068
215.1  4734.8825
215  4539.9637

# Region:                       Mo 3d Hi Res
# Spectrum ID:                  8
# Acquisition Date:             07/22/26 14:38:17 UTC
# Analysis Method:              XPS
# Analyzer:                     PHOIBOS MCD5 Analyzer
# Analyzer Lens:                LargeArea:1.5kV
# Analyzer Slit:                5:7x20\B:open
# Scan Mode:                    FixedAnalyzerTransmission
# Curves/Scan:                  1
# Values/Curve:                 421
# Dwell Time:                   0.1
# Excitation Energy:            1486.61
# Binding Energy:               257
# Pass Energy:                  10
# Bias Voltage:                 90
# Detector Voltage:             3000
# Eff. Workfunction:            4.543
# Source:                       X-Ray Dummy
# Comment:                      
#
# Cycle: 0
# Number of Scans: 20
#
# Cycle: 0, Curve: 0
# Acquisition Date:             07/22/26 14:38:17 UTC
#
# ColumnLabels:                 energy counts/s
#
257  356.51293
256.9  357.94593
256.8  353.20298
256.7  344.65861
256.6  360.33267
256.5  357.18949
256.4  326.23711
256.3  341.61738
256.2  358.74914
256.1  358.61224
256  361.85249
255.9  330.29973
255.8  344.54472
255.7  334.83896
255.6  344.04433
255.5  356.27704
255.4  340.19377
255.3  358.03603
255.2  345.73484
255.1  338.37617
255  357.65165
254.9  366.17374
254.8  345.13263
254.7  336.43054
254.6  351.20694
254.5  338.85265
254.4  348.26083
254.3  359.15864
254.2  369.26131
254.1  373.66966
254  356.35489
253.9  354.34994
253.8  353.74336
253.7  343.63435
253.6  351.57792
253.5  363.28759
253.4  354.92789
253.3  351.86091
253.2  374.78075
253.1  365.89511
253  339.50776
252.9  328.6558
252.8  364.50024
252.7  347.36948
252.6  346.36663
252.5  354.37139
252.4  374.28195
252.3  352.23188
252.2  375.03437
252.1  363.00578
252  343.33184
251.9  346.14456
251.8  342.47656
251.7  353.59836
251.6  348.56781
251.5  349.04668
251.4  358.41789
251.3  355.61138
251.2  335.36484
251.1  332.67796
251  338.68893
250.9  356.27363
250.8  344.88142
250.7  333.65559
250.6  341.05787
250.5  347.44255
250.4  349.50585
250.3  367.53556
250.2  348.35565
250.1  324.86838
250  327.55974
249.9  341.91382
249.8  339.03916
249.7  354.05309
249.6  342.27189
249.5  346.51164
249.4  323.12747
249.3  360.31622
249.2  329.67419
249.1  331.67618
249  345.31488
248.9  337.34023
248.8  335.82736
248.7  357.73476
248.6  354.00146
248.5  343.11333
248.4  341.00787
248.3  353.2877
248.2  327.71596
248.1  342.88336
248  337.34145
247.9  338.82845
247.8  339.58406
247.7  352.47403
247.6  340.0796
247.5  347.93637
247.4  354.34141
247.3  337.90988
247.2  330.93109
247.1  334.53181
247  332.60064
246.9  352.33793
246.8  339.43861
246.7  351.98685
246.6  348.01993
246.5  360.8553
246.4  346.51872
246.3  345.90882
246.2  347.50247
246.1  331.11242
246  336.83242
245.9  336.93112
245.8  354.69405
245.7  346.07731
245.6  320.57215
245.5  338.20987
245.4  353.42649
245.3  346.53701
245.2  339.04582
245.1  311.80021
245  321.37324
244.9  332.24604
244.8  344.3096
244.7  353.43613
244.6  337.76995
244.5  357.32667
244.4  337.05579
244.3  337.53313
244.2  347.51786
244.1  333.40548
244  362.41832
243.9  366.11292
243.8  349.99444
243.7  348.72949
243.6  367.35905
243.5  354.7298
243.4  339.23221
243.3  357.78671
243.2  336.59773
243.1  358.72531
243  349.51539
242.9  370.33792
242.8  368.43976
242.7  355.44202
242.6  380.98616
242.5  386.10331
242.4  368.89534
242.3  387.39703
242.2  378.95193
242.1  385.00831
242  381.03152
241.9  364.56076
241.8  382.48262
241.7  409.19196
241.6  366.23644
241.5  394.15762
241.4  409.79758
241.3  381.84598
241.2  418.14235
241.1  411.22151
241  407.1953
240.9  396.53355
240.8  403.3081
240.7  391.39749
240.6  419.05697
240.5  396.94466
240.4  423.92408
240.3  413.55312
240.2  409.78165
240.1  392.13276
240  401.97517
239.9  399.43015
239.8  440.86487
239.7  402.48616
239.6  374.31109
239.5  396.85583
239.4  429.86293
239.3  408.56853
239.2  416.96452
239.1  415.67159
239  428.54472
238.9  433.8559
238.8  425.72723
238.7  437.60047
238.6  423.44423
238.5  411.1961
238.4  433.90598
238.3  451.53606
238.2  438.66663
238.1  414.25337
238  450.24712
237.9  409.89752
237.8  427.59606
237.7  440.51035
237.6  451.17548
237.5  447.73264
237.4  440.20414
237.3  423.8795
237.2  428.65686
237.1  424.20824
237  406.34238
236.9  437.86657
236.8  411.60902
236.7  407.46262
236.6  375.36127
236.5  392.11813
236.4  385.48235
236.3  363.67813
236.2  365.78111
236.1  379.13249
236  385.85909
235.9  366.51823
235.8  366.30822
235.7  345.9133
235.6  355.82541
235.5  353.80073
235.4  344.21209
235.3  342.1842
235.2  345.20546
235.1  328.83756
235  329.01572
234.9  340.96348
234.8  342.19304
234.7  330.08986
234.6  343.40637
234.5  326.94196
234.4  313.7042
234.3  327.5993
234.2  333.63286
234.1  304.27514
234  330.33866
233.9  334.77987
233.8  354.33031
233.7  356.80433
233.6  332.79588
233.5  333.50617
233.4  330.21042
233.3  339.2749
233.2  333.15048
233.1  343.3782
233  333.63406
232.9  323.24304
232.8  330.7873
232.7  325.42113
232.6  317.43931
232.5  333.83324
232.4  323.79122
232.3  332.62638
232.2  308.15253
232.1  280.37703
232  316.93367
231.9  325.89033
231.8  326.0235
231.7  325.69992
231.6  332.3805
231.5  328.59148
231.4  331.93424
231.3  323.10645
231.2  331.54362
231.1  335.67702
231  327.34962
230.9  321.53781
230.8  311.91141
230.7  339.83835
230.6  346.53024
230.5  340.49025
230.4  342.76084
230.3  327.17679
230.2  343.92078
230.1  306.63042
230  313.82229
229.9  317.57791
229.8  316.02895
229.7  352.51598
229.6  339.84786
229.5  340.4898
229.4  328.08787
229.3  345.82822
229.2  330.21474
229.1  320.07432
229  321.19136
228.9  334.36053
228.8  345.49713
228.7  329.73898
228.6  321.4457
228.5  358.22426
228.4  333.68367
228.3  337.18944
228.2  331.70644
228.1  339.51661
228  347.95745
227.9  333.17538
227.8  313.13059
227.7  333.97899
227.6  328.99056
227.5  330.49612
227.4  336.58641
227.3  332.12221
227.2  336.90658
227.1  317.90499
227  335.11901
226.9  325.07411
226.8  312.11006
226.7  303.01519
226.6  322.1968
226.5  335.97025
226.4  325.36821
226.3  318.69203
226.2  336.37892
226.1  327.04415
226  329.34936
225.9  322.7355
225.8  340.45076
225.7  323.27754
225.6  331.1167
225.5  322.52652
225.4  304.35463
225.3  316.53188
225.2  332.04752
225.1  319.39941
225  312.05096
224.9  317.68746
224.8  337.63902
224.7  327.17815
224.6  323.7767
224.5  327.67175
224.4  324.80118
224.3  327.7195
224.2  317.55573
224.1  329.23418
224  307.58529
223.9  316.01367
223.8  313.17037
223.7  317.14537
223.6  321.085
223.5  328.16547
223.4  318.63015
223.3  322.74722
223.2  323.13477
223.1  303.0943
223  323.58225
222.9  334.15107
222.8  343.69282
222.7  301.9548
222.6  312.1652
222.5  345.76722
222.4  325.36579
222.3  317.31723
222.2  330.8999
222.1  297.64401
222  324.26202
221.9  324.40983
221.8  302.57736
221.7  322.19454
221.6  336.78703
221.5  342.07755
221.4  318.19056
221.3  311.90194
221.2  310.08355
221.1  323.4417
221  336.1675
220.9  304.95155
220.8  314.71501
220.7  321.51787
220.6  299.05057
220.5  316.95169
220.4  328.83599
220.3  317.54974
220.2  312.93404
220.1  334.07191
220  333.99872
219.9  296.79962
219.8  315.83996
219.7  318.56948
219.6  315.07094
219.5  314.48432
219.4  325.8773
219.3  318.81614
219.2  317.96233
219.1  307.10456
219  331.7852
218.9  312.51249
218.8  298.17341
218.7  319.07541
218.6  330.76321
218.5  308.27641
218.4  330.21113
218.3  313.35432
218.2  323.28972
218.1  334.6213
218  336.54971
217.9  325.29723
217.8  334.67394
217.7  308.76276
217.6  331.8546
217.5  309.46346
217.4  295.3963
217.3  323.18844
217.2  303.69525
217.1  326.25808
217  321.25445
216.9  300.17587
216.8  329.27344
216.7  327.46773
216.6  321.41507
216.5  326.06944
216.4  308.37499
216.3  321.38079
216.2  315.58749
216.1  343.81132
216  307.13452
215.9  328.85875
215.8  318.02204
215.7  330.97426
215.6  343.28591
215.5  314.41516
215.4  335.39142
215.3  336.63276
215.2  323.30666
215.1  306.55734
215  312.89449

# Operation:                    Multi Peak Fit
# Parameter: "Peak Function" = Voigt
# Parameter: "Background Function" = Tougaard 2
# Parameter: "Baseline" = Constant
# Parameter: "LM Parameters/Max Iterations" = 200
# Parameter: "LM Parameters/Tolerance" = 2.2204459999999999e-16
# Parameter: "Baseline/BL_I/Value" = nan counts
# Parameter: "Peak 1/C/Value" = nan eV
# Parameter: "Peak 1/A/Value" = nan counts eV
# Parameter: "Peak 1/FL/Value" = nan eV
# Parameter: "Peak 1/FG/Value" = nan eV
# Parameter: "Peak 1/a/Value" = 0
# Parameter: "Peak 1/a/Constraint" = Fixed: 0
# Parameter: "Peak 1/TB/Value" = nan eV^2
# Parameter: "Peak 1/TC/Value" = 1643 eV^2
# Parameter: "Peak 1/TC/Constraint" = Fixed: 1643
# Parameter: "Peak 2/C/Value" = nan eV
# Parameter: "Peak 2/A/Value" = nan counts eV
# Parameter: "Peak 2/FL/Value" = nan eV
# Parameter: "Peak 2/FG/Value" = nan eV
# Parameter: "Peak 2/a/Value" = 0
# Parameter: "Peak 2/a/Constraint" = Fixed: 0
# Parameter: "Peak 2/TB/Value" = nan eV^2
# Parameter: "Peak 2/TC/Value" = 1643 eV^2
# Parameter: "Peak 2/TC/Constraint" = Fixed: 1643
#
# Result:
# Number of Results:            5
# Parameter: "Baseline/BL_I/Value" = 644.47508529317497 counts +- 2.3614403769087295
# Parameter: "Peak 1/C/Value" = 1248.9374540124511 eV +- 0.16896923795167024
# Parameter: "Peak 1/C/Constraint" = Restricted: 1229.61 .. 1271.61
# Parameter: "Peak 1/Relative Area/Value" = 52.126647017027793 %
# Parameter: "Peak 1/A/Value" = 724.07751731984342 counts eV +- 178.3121036971105
# Parameter: "Peak 1/FL/Value" = 1.3296371843141641 eV +- 0.96752586781540473
# Parameter: "Peak 1/FG/Value" = 2.0044782553906875 eV +- 0.78682731815281337
# Parameter: "Peak 1/F/Value" = 2.8086475266795103 eV
# Parameter: "Peak 1/a/Value" = 0 +- 0
# Parameter: "Peak 1/a/Constraint" = Fixed: 0
# Parameter: "Peak 1/TB/Value" = 7899.1550539946056 eV^2 +- 20027.838018516137
# Parameter: "Peak 1/TC/Value" = 1643 eV^2 +- 0
# Parameter: "Peak 1/TC/Constraint" = Fixed: 1643
# Parameter: "Peak 2/C/Value" = 1245.894666840944 eV +- 0.33732082905576682
# Parameter: "Peak 2/C/Constraint" = Restricted: 1229.61 .. 1271.61
# Parameter: "Peak 2/Relative Area/Value" = 47.8733529829722 %
# Parameter: "Peak 2/A/Value" = 664.99613071916201 counts eV +- 305.25360219091533
# Parameter: "Peak 2/FL/Value" = 1.6732297917122838 eV +- 2.686029811247741
# Parameter: "Peak 2/FG/Value" = 2.8616535788364446 eV +- 2.0114611096993391
# Parameter: "Peak 2/F/Value" = 3.8602242059929996 eV
# Parameter: "Peak 2/a/Value" = 0 +- 0
# Parameter: "Peak 2/a/Constraint" = Fixed: 0
# Parameter: "Peak 2/TB/Value" = 8927.7476035938344 eV^2 +- 24366.152477127354
# Parameter: "Peak 2/TC/Value" = 1643 eV^2 +- 0
# Parameter: "Peak 2/TC/Constraint" = Fixed: 1643
# Parameter: "Fit Result/ChiSquare" = 356.239211644835
# Parameter: "Fit Result/Reduced ChiSquare" = 0.87100051746903417
# Parameter: "Fit Result/Abbe Factor" = 0.8747396447575132
# Parameter: "Fit Result/Q-Probability" = 0.97174299189745916
# Parameter: "Termination State" = ConvergedInChi
#
# Result Name:                  Background
# Number of Curves:             1
#
# Curve:                        0
# Values/Curve:                 301
#
257  353.59885
256.86  353.4127
256.72  353.22577
256.58  353.03805
256.44  352.84952
256.3  352.66018
256.16  352.47001
256.02  352.27901
255.88  352.08717
255.74  351.89448
255.6  351.70092
255.46  351.5065
255.32  351.31121
255.18  351.11502
255.04  350.91795
254.9  350.71997
254.76  350.52108
254.62  350.32128
254.48  350.12055
254.34  349.91889
254.2  349.71629
254.06  349.51275
253.92  349.30826
253.78  349.10282
253.64  348.89641
253.5  348.68903
253.36  348.48068
253.22  348.27136
253.08  348.06105
252.94  347.84975
252.8  347.63747
252.66  347.42419
252.52  347.20991
252.38  346.99464
252.24  346.77836
252.1  346.56107
251.96  346.34278
251.82  346.12348
251.68  345.90316
251.54  345.68184
251.4  345.4595
251.26  345.23616
251.12  345.0118
250.98  344.78642
250.84  344.56004
250.7  344.33265
250.56  344.10425
250.42  343.87485
250.28  343.64445
250.14  343.41304
250  343.18064
249.86  342.94725
249.72  342.71287
249.58  342.47751
249.44  342.24118
249.3  342.00387
249.16  341.7656
249.02  341.52637
248.88  341.28619
248.74  341.04507
248.6  340.80302
248.46  340.56005
248.32  340.31616
248.18  340.07137
248.04  339.82569
247.9  339.57913
247.76  339.3317
247.62  339.08342
247.48  338.8343
247.34  338.58436
247.2  338.33361
247.06  338.08206
246.92  337.82974
246.78  337.57667
246.64  337.32286
246.5  337.06833
246.36  336.81312
246.22  336.55723
246.08  336.3007
245.94  336.04356
245.8  335.78582
245.66  335.52754
245.52  335.26872
245.38  335.00942
245.24  334.74967
245.1  334.48952
244.96  334.229
244.82  333.96817
244.68  333.70709
244.54  333.44581
244.4  333.1844
244.26  332.92295
244.12  332.66152
243.98  332.40021
243.84  332.13913
243.7  331.87838
243.56  331.61809
243.42  331.35839
243.28  331.09945
243.14  330.84142
243  330.58448
242.86  330.32882
242.72  330.07466
242.58  329.82222
242.44  329.57172
242.3  329.3234
242.16  329.07752
242.02  328.83433
241.88  328.59408
241.74  328.35702
241.6  328.1234
241.46  327.89343
241.32  327.66735
241.18  327.44535
241.04  327.22761
240.9  327.01427
240.76  326.80547
240.62  326.60132
240.48  326.40188
240.34  326.20722
240.2  326.01737
240.06  325.83237
239.92  325.65223
239.78  325.47696
239.64  325.3066
239.5  325.14117
239.36  324.98075
239.22  324.8254
239.08  324.67525
238.94  324.53042
238.8  324.3911
238.66  324.25746
238.52  324.12971
238.38  324.00806
238.24  323.89269
238.1  323.78379
237.96  323.68148
237.82  323.58583
237.68  323.49688
237.54  323.41455
237.4  323.33871
237.26  323.26917
237.12  323.20565
236.98  323.14783
236.84  323.09532
236.7  323.04773
236.56  323.00462
236.42  322.96556
236.28  322.93013
236.14  322.89793
236  322.86859
235.86  322.84175
235.72  322.81711
235.58  322.79439
235.44  322.77336
235.3  322.75379
235.16  322.73553
235.02  322.7184
234.88  322.70229
234.74  322.68708
234.6  322.67268
234.46  322.65901
234.32  322.64599
234.18  322.63359
234.04  322.62173
233.9  322.61038
233.76  322.5995
233.62  322.58905
233.48  322.57901
233.34  322.56935
233.2  322.56003
233.06  322.55105
232.92  322.54239
232.78  322.53401
232.64  322.52591
232.5  322.51808
232.36  322.5105
232.22  322.50315
232.08  322.49602
231.94  322.48912
231.8  322.48241
231.66  322.4759
231.52  322.46958
231.38  322.46343
231.24  322.45746
231.1  322.45165
230.96  322.446
230.82  322.4405
230.68  322.43514
230.54  322.42993
230.4  322.42485
230.26  322.4199
230.12  322.41507
229.98  322.41037
229.84  322.40578
229.7  322.40131
229.56  322.39694
229.42  322.39268
229.28  322.38853
229.14  322.38447
229  322.38051
228.86  322.37664
228.72  322.37287
228.58  322.36918
228.44  322.36557
228.3  322.36206
228.16  322.35862
228.02  322.35526
227.88  322.35197
227.74  322.34877
227.6  322.34563
227.46  322.34257
227.32  322.33957
227.18  322.33664
227.04  322.33378
226.9  322.33098
226.76  322.32824
226.62  322.32557
226.48  322.32296
226.34  322.3204
226.2  322.3179
226.06  322.31546
225.92  322.31307
225.78  322.31074
225.64  322.30845
225.5  322.30622
225.36  322.30404
225.22  322.30191
225.08  322.29983
224.94  322.29779
224.8  322.29581
224.66  322.29386
224.52  322.29196
224.38  322.29011
224.24  322.2883
224.1  322.28653
223.96  322.2848
223.82  322.28311
223.68  322.28147
223.54  322.27986
223.4  322.27829
223.26  322.27676
223.12  322.27527
222.98  322.27381
222.84  322.27239
222.7  322.27101
222.56  322.26966
222.42  322.26835
222.28  322.26707
222.14  322.26582
222  322.26461
221.86  322.26343
221.72  322.26228
221.58  322.26116
221.44  322.26007
221.3  322.25902
221.16  322.25799
221.02  322.25699
220.88  322.25603
220.74  322.25509
220.6  322.25418
220.46  322.2533
220.32  322.25245
220.18  322.25162
220.04  322.25082
219.9  322.25005
219.76  322.24931
219.62  322.24859
219.48  322.24789
219.34  322.24723
219.2  322.24658
219.06  322.24596
218.92  322.24537
218.78  322.2448
218.64  322.24425
218.5  322.24373
218.36  322.24323
218.22  322.24276
218.08  322.2423
217.94  322.24187
217.8  322.24146
217.66  322.24107
217.52  322.24071
217.38  322.24036
217.24  322.24004
217.1  322.23974
216.96  322.23946
216.82  322.23919
216.68  322.23895
216.54  322.23873
216.4  322.23853
216.26  322.23835
216.12  322.23818
215.98  322.23804
215.84  322.23791
215.7  322.23781
215.56  322.23772
215.42  322.23765
215.28  322.23759
215.14  322.23756
215  322.23754

# Result Name:                  Combined
# Number of Curves:             1
#
# Curve:                        0
# Values/Curve:                 301
#
257  354.14361
256.86  353.96648
256.72  353.7888
256.58  353.61055
256.44  353.43175
256.3  353.25239
256.16  353.07247
256.02  352.89199
255.88  352.71094
255.74  352.52934
255.6  352.34718
255.46  352.16446
255.32  351.9812
255.18  351.79738
255.04  351.61302
254.9  351.42813
254.76  351.2427
254.62  351.05675
254.48  350.87029
254.34  350.68332
254.2  350.49586
254.06  350.30792
253.92  350.1195
253.78  349.93063
253.64  349.74132
253.5  349.55159
253.36  349.36146
253.22  349.17094
253.08  348.98006
252.94  348.78884
252.8  348.59732
252.66  348.40551
252.52  348.21344
252.38  348.02116
252.24  347.82868
252.1  347.63607
251.96  347.44334
251.82  347.25055
251.68  347.05774
251.54  346.86497
251.4  346.67229
251.26  346.47975
251.12  346.28742
250.98  346.09537
250.84  345.90368
250.7  345.71241
250.56  345.52166
250.42  345.33152
250.28  345.14208
250.14  344.95345
250  344.76576
249.86  344.57912
249.72  344.39367
249.58  344.20956
249.44  344.02694
249.3  343.846
249.16  343.66693
249.02  343.48993
248.88  343.31522
248.74  343.14307
248.6  342.97373
248.46  342.80752
248.32  342.64477
248.18  342.48584
248.04  342.33114
247.9  342.18113
247.76  342.0363
247.62  341.89723
247.48  341.76455
247.34  341.63898
247.2  341.52133
247.06  341.41251
246.92  341.31357
246.78  341.22572
246.64  341.15033
246.5  341.08898
246.36  341.04353
246.22  341.01611
246.08  341.0092
245.94  341.0257
245.8  341.06901
245.66  341.14307
245.52  341.25252
245.38  341.40272
245.24  341.59992
245.1  341.85133
244.96  342.16523
244.82  342.55103
244.68  343.01937
244.54  343.5821
244.4  344.25224
244.26  345.0439
244.12  345.97201
243.98  347.05205
243.84  348.29958
243.7  349.72967
243.56  351.35615
243.42  353.1908
243.28  355.24235
243.14  357.51547
243  360.00974
242.86  362.71857
242.72  365.6284
242.58  368.71798
242.44  371.958
242.3  375.31109
242.16  378.73232
242.02  382.17014
241.88  385.5679
241.74  388.86586
241.6  392.00371
241.46  394.92345
241.32  397.57256
241.18  399.90728
241.04  401.89588
240.9  403.52164
240.76  404.78543
240.62  405.70767
240.48  406.32936
240.34  406.71212
240.2  406.93688
240.06  407.1011
239.92  407.31435
239.78  407.69218
239.64  408.34824
239.5  409.38503
239.36  410.88363
239.22  412.89326
239.08  415.42158
238.94  418.42714
238.8  421.81507
238.66  425.43736
238.52  429.09842
238.38  432.56619
238.24  435.58842
238.1  437.91256
237.96  439.30754
237.82  439.5848
237.68  438.61607
237.54  436.34565
237.4  432.79548
237.26  428.06265
237.12  422.30947
236.98  415.74787
236.84  408.62004
236.7  401.17788
236.56  393.66381
236.42  386.29476
236.28  379.2507
236.14  372.66831
236  366.63956
235.86  361.21433
235.72  356.40608
235.58  352.19917
235.44  348.55682
235.3  345.42872
235.16  342.75755
235.02  340.48422
234.88  338.5517
234.74  336.90744
234.6  335.50472
234.46  334.30316
234.32  333.26855
234.18  332.37242
234.04  331.59131
233.9  330.90608
233.76  330.30116
233.62  329.76388
233.48  329.28395
233.34  328.85299
233.2  328.4641
233.06  328.11159
232.92  327.79075
232.78  327.49763
232.64  327.22891
232.5  326.98178
232.36  326.75383
232.22  326.543
232.08  326.34751
231.94  326.16582
231.8  325.99659
231.66  325.83863
231.52  325.69091
231.38  325.55252
231.24  325.42264
231.1  325.30056
230.96  325.18562
230.82  325.07726
230.68  324.97495
230.54  324.87824
230.4  324.7867
230.26  324.69995
230.12  324.61765
229.98  324.53948
229.84  324.46517
229.7  324.39444
229.56  324.32707
229.42  324.26284
229.28  324.20154
229.14  324.14299
229  324.08703
228.86  324.03349
228.72  323.98224
228.58  323.93314
228.44  323.88607
228.3  323.84091
228.16  323.79756
228.02  323.75592
227.88  323.7159
227.74  323.67741
227.6  323.64038
227.46  323.60472
227.32  323.57038
227.18  323.53727
227.04  323.50536
226.9  323.47456
226.76  323.44485
226.62  323.41615
226.48  323.38843
226.34  323.36164
226.2  323.33574
226.06  323.31068
225.92  323.28644
225.78  323.26298
225.64  323.24026
225.5  323.21826
225.36  323.19693
225.22  323.17626
225.08  323.15622
224.94  323.13679
224.8  323.11793
224.66  323.09962
224.52  323.08186
224.38  323.0646
224.24  323.04785
224.1  323.03156
223.96  323.01574
223.82  323.00036
223.68  322.98541
223.54  322.97086
223.4  322.95672
223.26  322.94295
223.12  322.92955
222.98  322.91652
222.84  322.90382
222.7  322.89146
222.56  322.87942
222.42  322.86769
222.28  322.85627
222.14  322.84513
222  322.83428
221.86  322.8237
221.72  322.81338
221.58  322.80333
221.44  322.79352
221.3  322.78395
221.16  322.77462
221.02  322.76551
220.88  322.75663
220.74  322.74796
220.6  322.73949
220.46  322.73123
220.32  322.72317
220.18  322.71529
220.04  322.7076
219.9  322.70009
219.76  322.69276
219.62  322.6856
219.48  322.6786
219.34  322.67177
219.2  322.66509
219.06  322.65857
218.92  322.6522
218.78  322.64597
218.64  322.63988
218.5  322.63393
218.36  322.62812
218.22  322.62244
218.08  322.61689
217.94  322.61146
217.8  322.60615
217.66  322.60096
217.52  322.59589
217.38  322.59094
217.24  322.58609
217.1  322.58135
216.96  322.57672
216.82  322.57219
216.68  322.56776
216.54  322.56344
216.4  322.5592
216.26  322.55507
216.12  322.55102
215.98  322.54707
215.84  322.5432
215.7  322.53942
215.56  322.53572
215.42  322.53211
215.28  322.52858
215.14  322.52513
215  322.52175

# Result Name:                  Peak 1
# Number of Curves:             1
#
# Curve:                        0
# Values/Curve:                 301
#
257  353.8049
256.86  353.62179
256.72  353.43796
256.58  353.2534
256.44  353.06812
256.3  352.88209
256.16  352.69531
256.02  352.50778
255.88  352.31949
255.74  352.13043
255.6  351.9406
255.46  351.74999
255.32  351.55859
255.18  351.3664
255.04  351.17342
254.9  350.97964
254.76  350.78505
254.62  350.58965
254.48  350.39344
254.34  350.19641
254.2  349.99857
254.06  349.7999
253.92  349.60041
253.78  349.4001
253.64  349.19897
253.5  348.997
253.36  348.79422
253.22  348.5906
253.08  348.38617
252.94  348.18091
252.8  347.97483
252.66  347.76793
252.52  347.56022
252.38  347.3517
252.24  347.14237
252.1  346.93224
251.96  346.72132
251.82  346.50962
251.68  346.29713
251.54  346.08388
251.4  345.86986
251.26  345.65509
251.12  345.43959
250.98  345.22336
250.84  345.00641
250.7  344.78877
250.56  344.57044
250.42  344.35144
250.28  344.1318
250.14  343.91153
250  343.69065
249.86  343.46918
249.72  343.24716
249.58  343.02459
249.44  342.80152
249.3  342.57796
249.16  342.35396
249.02  342.12954
248.88  341.90475
248.74  341.67961
248.6  341.45416
248.46  341.22846
248.32  341.00255
248.18  340.77647
248.04  340.55028
247.9  340.32404
247.76  340.0978
247.62  339.87163
247.48  339.6456
247.34  339.41978
247.2  339.19425
247.06  338.9691
246.92  338.74442
246.78  338.5203
246.64  338.29686
246.5  338.0742
246.36  337.85246
246.22  337.63176
246.08  337.41225
245.94  337.19409
245.8  336.97745
245.66  336.76252
245.52  336.5495
245.38  336.33861
245.24  336.13011
245.1  335.92426
244.96  335.72136
244.82  335.52174
244.68  335.32576
244.54  335.13382
244.4  334.94638
244.26  334.76394
244.12  334.58705
243.98  334.41635
243.84  334.25255
243.7  334.09643
243.56  333.94891
243.42  333.81102
243.28  333.6839
243.14  333.56889
243  333.46752
242.86  333.38153
242.72  333.31294
242.58  333.2641
242.44  333.23776
242.3  333.23712
242.16  333.26598
242.02  333.32887
241.88  333.43122
241.74  333.57957
241.6  333.78189
241.46  334.04791
241.32  334.38959
241.18  334.82164
241.04  335.36214
240.9  336.03325
240.76  336.86193
240.62  337.88059
240.48  339.12755
240.34  340.64725
240.2  342.48973
240.06  344.70936
239.92  347.36249
239.78  350.5037
239.64  354.18067
239.5  358.42767
239.36  363.25794
239.22  368.6557
239.08  374.56852
238.94  380.9014
238.8  387.51363
238.66  394.21969
238.52  400.79501
238.38  406.98693
238.24  412.5303
238.1  417.16669
237.96  420.66511
237.82  422.842
237.68  423.57793
237.54  422.82884
237.4  420.6302
237.26  417.09363
237.12  412.39638
236.98  406.76509
236.84  400.45607
236.7  393.73449
236.56  386.85494
236.42  380.04535
236.28  373.49554
236.14  367.35089
236  361.71095
235.86  356.63219
235.72  352.13373
235.58  348.20483
235.44  344.81288
235.3  341.91111
235.16  339.44525
235.02  337.3588
234.88  335.59693
234.74  334.109
234.6  332.84991
234.46  331.78067
234.32  330.86828
234.18  330.08531
234.04  329.40923
233.9  328.82167
233.76  328.30776
233.62  327.85547
233.48  327.45503
233.34  327.09853
233.2  326.77951
233.06  326.49267
232.92  326.23362
232.78  325.99874
232.64  325.78497
232.5  325.58975
232.36  325.4109
232.22  325.24657
232.08  325.09515
231.94  324.95528
231.8  324.82576
231.66  324.70557
231.52  324.59378
231.38  324.4896
231.24  324.39234
231.1  324.30137
230.96  324.21614
230.82  324.13616
230.68  324.06099
230.54  323.99024
230.4  323.92355
230.26  323.86062
230.12  323.80115
229.98  323.74488
229.84  323.69158
229.7  323.64105
229.56  323.59307
229.42  323.54749
229.28  323.50413
229.14  323.46285
229  323.42351
228.86  323.386
228.72  323.35019
228.58  323.31598
228.44  323.28327
228.3  323.25198
228.16  323.22202
228.02  323.19331
227.88  323.16579
227.74  323.13938
227.6  323.11403
227.46  323.08969
227.32  323.06628
227.18  323.04378
227.04  323.02212
226.9  323.00127
226.76  322.98119
226.62  322.96184
226.48  322.94318
226.34  322.92518
226.2  322.90782
226.06  322.89105
225.92  322.87485
225.78  322.8592
225.64  322.84408
225.5  322.82945
225.36  322.8153
225.22  322.80161
225.08  322.78835
224.94  322.77551
224.8  322.76308
224.66  322.75103
224.52  322.73935
224.38  322.72803
224.24  322.71705
224.1  322.7064
223.96  322.69606
223.82  322.68603
223.68  322.67628
223.54  322.66682
223.4  322.65764
223.26  322.64871
223.12  322.64004
222.98  322.63161
222.84  322.62341
222.7  322.61544
222.56  322.60769
222.42  322.60015
222.28  322.59282
222.14  322.58568
222  322.57874
221.86  322.57198
221.72  322.5654
221.58  322.559
221.44  322.55276
221.3  322.54669
221.16  322.54078
221.02  322.53502
220.88  322.5294
220.74  322.52394
220.6  322.51861
220.46  322.51342
220.32  322.50836
220.18  322.50343
220.04  322.49863
219.9  322.49395
219.76  322.48939
219.62  322.48494
219.48  322.4806
219.34  322.47637
219.2  322.47225
219.06  322.46823
218.92  322.46432
218.78  322.4605
218.64  322.45678
218.5  322.45315
218.36  322.44961
218.22  322.44616
218.08  322.44279
217.94  322.43951
217.8  322.43632
217.66  322.4332
217.52  322.43016
217.38  322.4272
217.24  322.42432
217.1  322.4215
216.96  322.41876
216.82  322.41609
216.68  322.41349
216.54  322.41096
216.4  322.40849
216.26  322.40608
216.12  322.40374
215.98  322.40145
215.84  322.39923
215.7  322.39707
215.56  322.39496
215.42  322.39291
215.28  322.39092
215.14  322.38898
215  322.38709

# Result Name:                  Peak 2
# Number of Curves:             1
#
# Curve:                        0
# Values/Curve:                 301
#
257  353.93755
256.86  353.75739
256.72  353.57661
256.58  353.3952
256.44  353.21316
256.3  353.03048
256.16  352.84717
256.02  352.66322
255.88  352.47862
255.74  352.29338
255.6  352.1075
255.46  351.92098
255.32  351.73381
255.18  351.546
255.04  351.35755
254.9  351.16846
254.76  350.97874
254.62  350.78838
254.48  350.5974
254.34  350.4058
254.2  350.21359
254.06  350.02077
253.92  349.82735
253.78  349.63334
253.64  349.43876
253.5  349.24362
253.36  349.04792
253.22  348.85169
253.08  348.65494
252.94  348.45769
252.8  348.25996
252.66  348.06176
252.52  347.86314
252.38  347.66409
252.24  347.46467
252.1  347.26489
251.96  347.06479
251.82  346.86441
251.68  346.66377
251.54  346.46293
251.4  346.26193
251.26  346.06081
251.12  345.85963
250.98  345.65844
250.84  345.45731
250.7  345.2563
250.56  345.05548
250.42  344.85492
250.28  344.65472
250.14  344.45497
250  344.25575
249.86  344.05719
249.72  343.85939
249.58  343.66248
249.44  343.4666
249.3  343.27191
249.16  343.07856
249.02  342.88675
248.88  342.69667
248.74  342.50853
248.6  342.32259
248.46  342.13911
248.32  341.95838
248.18  341.78074
248.04  341.60655
247.9  341.43622
247.76  341.27021
247.62  341.10903
247.48  340.95326
247.34  340.80356
247.2  340.66068
247.06  340.52547
246.92  340.3989
246.78  340.28208
246.64  340.17633
246.5  340.08312
246.36  340.00419
246.22  339.94158
246.08  339.89765
245.94  339.87517
245.8  339.87738
245.66  339.90809
245.52  339.97174
245.38  340.07353
245.24  340.21948
245.1  340.41658
244.96  340.67286
244.82  340.99746
244.68  341.4007
244.54  341.89409
244.4  342.49027
244.26  343.20291
244.12  344.04648
243.98  345.03591
243.84  346.18616
243.7  347.51161
243.56  349.02532
243.42  350.73817
243.28  352.6579
243.14  354.788
243  357.1267
242.86  359.66587
242.72  362.39013
242.58  365.2761
242.44  368.29196
242.3  371.39738
242.16  374.54386
242.02  377.6756
241.88  380.73076
241.74  383.64331
241.6  386.34522
241.46  388.76897
241.32  390.85032
241.18  392.531
241.04  393.76135
240.9  394.50265
240.76  394.72897
240.62  394.4284
240.48  393.60369
240.34  392.27209
240.2  390.46453
240.06  388.22411
239.92  385.60409
239.78  382.66544
239.64  379.47416
239.5  376.09853
239.36  372.60644
239.22  369.06297
239.08  365.52831
238.94  362.05616
238.8  358.69254
238.66  355.47514
238.52  352.43312
238.38  349.58732
238.24  346.95081
238.1  344.52966
237.96  342.32391
237.82  340.32863
237.68  338.53502
237.54  336.93135
237.4  335.50399
237.26  334.23819
237.12  333.11874
236.98  332.13061
236.84  331.25929
236.7  330.49111
236.56  329.81349
236.42  329.21497
236.28  328.68528
236.14  328.21535
236  327.7972
235.86  327.4239
235.72  327.08946
235.58  326.78873
235.44  326.5173
235.3  326.27141
235.16  326.04783
235.02  325.84383
234.88  325.65706
234.74  325.48552
234.6  325.32749
234.46  325.1815
234.32  325.04627
234.18  324.92069
234.04  324.80381
233.9  324.69479
233.76  324.59289
233.62  324.49746
233.48  324.40794
233.34  324.32381
233.2  324.24462
233.06  324.16997
232.92  324.09951
232.78  324.0329
232.64  323.96985
232.5  323.9101
232.36  323.85342
232.22  323.79958
232.08  323.74838
231.94  323.69966
231.8  323.65324
231.66  323.60897
231.52  323.56671
231.38  323.52635
231.24  323.48776
231.1  323.45084
230.96  323.41548
230.82  323.3816
230.68  323.34911
230.54  323.31793
230.4  323.28799
230.26  323.25923
230.12  323.23157
229.98  323.20497
229.84  323.17936
229.7  323.1547
229.56  323.13094
229.42  323.10803
229.28  323.08593
229.14  323.06461
229  323.04402
228.86  323.02414
228.72  323.00492
228.58  322.98634
228.44  322.96837
228.3  322.95099
228.16  322.93416
228.02  322.91787
227.88  322.90209
227.74  322.8868
227.6  322.87197
227.46  322.8576
227.32  322.84366
227.18  322.83014
227.04  322.81701
226.9  322.80427
226.76  322.7919
226.62  322.77988
226.48  322.7682
226.34  322.75685
226.2  322.74582
226.06  322.73509
225.92  322.72466
225.78  322.71451
225.64  322.70464
225.5  322.69503
225.36  322.68568
225.22  322.67657
225.08  322.6677
224.94  322.65906
224.8  322.65065
224.66  322.64245
224.52  322.63447
224.38  322.62668
224.24  322.61909
224.1  322.6117
223.96  322.60448
223.82  322.59745
223.68  322.59059
223.54  322.5839
223.4  322.57737
223.26  322.571
223.12  322.56479
222.98  322.55872
222.84  322.55281
222.7  322.54703
222.56  322.54139
222.42  322.53589
222.28  322.53051
222.14  322.52527
222  322.52014
221.86  322.51514
221.72  322.51026
221.58  322.50548
221.44  322.50083
221.3  322.49628
221.16  322.49183
221.02  322.48749
220.88  322.48325
220.74  322.47911
220.6  322.47506
220.46  322.47111
220.32  322.46725
220.18  322.46348
220.04  322.4598
219.9  322.4562
219.76  322.45268
219.62  322.44925
219.48  322.4459
219.34  322.44262
219.2  322.43942
219.06  322.4363
218.92  322.43325
218.78  322.43027
218.64  322.42736
218.5  322.42452
218.36  322.42175
218.22  322.41904
218.08  322.41639
217.94  322.41381
217.8  322.41129
217.66  322.40884
217.52  322.40644
217.38  322.4041
217.24  322.40181
217.1  322.39958
216.96  322.39741
216.82  322.39529
216.68  322.39323
216.54  322.39121
216.4  322.38925
216.26  322.38733
216.12  322.38547
215.98  322.38365
215.84  322.38188
215.7  322.38016
215.56  322.37848
215.42  322.37685
215.28  322.37526
215.14  322.37371
215  322.37221

# Result Name:                  Residuum
# Number of Curves:             1
#
# Curve:                        0
# Values/Curve:                 421
#
257  2.3696643
256.9  3.9291243
256.8  -0.68708151
256.7  -9.1044163
256.6  6.6969576
256.5  3.6813704
256.4  -27.143123
256.3  -11.634679
256.2  5.6255419
256.1  5.6173864
256  8.9866681
255.9  -22.436781
255.8  -8.0621829
255.7  -17.638062
255.6  -8.3025203
255.5  4.0606482
255.4  -11.891892
255.3  6.0813936
255.2  -6.088505
255.1  -13.315596
255  6.0917283
254.9  14.745937
254.8  -6.1627759
254.7  -14.732204
254.6  0.17711868
254.5  -12.043981
254.4  -2.5023526
254.3  8.5291534
254.2  18.765774
254.1  23.308323
254  6.1279987
253.9  4.2577208
253.8  3.7860421
253.7  -6.1878327
253.6  1.8910873
253.5  13.736324
253.4  5.5123942
253.3  2.5813805
253.2  25.637384
253.1  16.888083
253  -9.362749
252.9  -20.078032
252.8  15.903253
252.7  -1.0905268
252.6  -1.9562671
252.5  6.1857341
252.4  26.233641
252.3  4.3210143
252.2  27.261026
252.1  15.370033
252  -4.1662542
251.9  -1.2158356
251.8  -4.7461245
251.7  6.5133991
251.6  1.6205542
251.5  2.2370978
251.4  11.745929
251.3  9.0769579
251.2  -11.032134
251.1  -13.581689
251  -7.4335335
250.9  10.288164
250.8  -0.96724463
250.7  -12.056497
250.6  -4.5179138
250.5  2.0027853
250.4  4.2017677
250.3  22.366791
250.2  3.3217857
250.1  -20.031028
250  -17.205701
249.9  -2.7181883
249.8  -5.4600094
249.7  9.6861248
249.6  -1.9635603
249.5  2.4069432
249.4  -20.847277
249.3  16.470538
249.2  -14.043385
249.1  -11.914309
249  1.85038
248.9  -5.9994794
248.8  -7.3888453
248.7  14.640696
248.6  11.02804
248.5  0.25897333
248.4  -1.7291421
248.3  10.666189
248.2  -14.792023
248.1  0.48678071
248  -4.9460111
247.9  -3.3523561
247.8  -2.4927403
247.7  10.498385
247.6  -1.7979566
247.5  6.1535931
247.4  12.64985
247.3  -3.694323
247.2  -10.589923
247.1  -6.9105126
247  -8.7678771
246.9  11.037928
246.8  -1.7986165
246.7  10.806149
246.6  6.8889507
246.5  19.76663
246.4  5.4642503
246.3  4.8796975
246.2  6.4889797
246.1  -9.8960943
246  -4.1828207
245.9  -4.1037452
245.8  13.62535
245.7  4.9591069
245.6  -20.612892
245.5  -3.0611688
245.4  12.048259
245.3  5.0281056
245.2  -2.6197561
245.1  -30.050818
245  -20.695092
244.9  -10.074831
244.8  1.6972857
244.7  10.489455
244.6  -5.5583178
244.5  13.564957
244.4  -7.1961572
244.3  -7.2710306
244.2  2.0940921
244.1  -12.71087
244  15.530741
243.9  18.369771
243.8  1.3058024
243.7  -0.9998964
243.6  16.488657
243.5  2.6137231
243.4  -14.237959
243.3  2.8512112
243.2  -19.916052
243.1  0.51983976
243  -10.494096
242.9  8.4147823
242.8  4.49791
242.7  -10.617109
242.6  12.719748
242.5  15.550314
242.4  -4.0107627
242.3  12.086138
242.2  1.2013571
242.1  4.8016473
242  -1.6276519
241.9  -20.526269
241.8  -4.9857659
241.7  19.410788
241.6  -25.767117
241.5  0.043073584
241.4  13.703013
241.3  -16.080104
241.2  18.548136
241.1  10.134177
241  4.797712
240.9  -6.9879612
240.8  -1.1522528
240.7  -13.822973
240.6  13.243427
240.5  -9.3120591
240.4  17.351627
240.3  6.7647498
240.2  2.8448785
240.1  -14.92127
240  -5.2045324
239.9  -7.9252845
239.8  33.241238
239.7  -5.5397841
239.6  -34.29038
239.5  -12.529095
239.4  19.458266
239.3  -3.1121977
239.2  3.7415197
239.1  0.64204253
239  11.459362
238.9  14.494371
238.8  3.9122332
238.7  13.211419
238.6  -3.5701961
238.5  -18.415241
238.4  1.8139463
238.3  17.171926
238.2  2.3322853
238.1  -23.659148
238  11.231379
237.9  -29.674704
237.8  -11.928725
237.7  1.6766878
237.6  13.697063
237.5  12.273676
237.4  7.4087028
237.3  -5.6476351
237.2  2.9464091
237.1  2.7921335
237  -10.383303
236.9  26.138672
236.8  5.0942782
236.7  6.2848571
236.6  -20.443368
236.5  1.6418143
236.4  0.21760639
236.3  -16.553138
236.2  -9.6446124
236.1  8.246285
236  19.219727
235.9  3.817016
235.8  7.2299865
235.7  -9.8554296
235.6  3.0610831
235.5  3.7492579
235.4  -3.4007091
235.3  -3.2442878
235.2  1.7281273
235.1  -12.900159
235  -11.172606
234.9  2.1547634
234.8  4.6133242
234.7  -6.3937907
234.6  7.9018925
234.5  -7.6858285
234.4  -20.136644
234.3  -5.5330984
234.2  1.140223
234.1  -27.637913
234  -1.0475727
233.9  3.8740411
233.8  23.863982
233.7  26.741329
233.6  3.1041154
233.5  4.1570888
233.4  1.1785092
233.3  10.537299
233.2  4.6866368
233.1  15.169567
233  5.6638557
232.9  -4.5039682
232.8  3.2496137
232.7  -1.9198943
232.6  -9.7166551
232.5  6.8517161
232.4  -3.0256542
232.3  5.9651427
232.2  -18.36139
232.1  -45.997277
232  -9.3081707
231.9  -0.22567793
231.8  0.027155757
231.7  -0.18250875
231.6  6.6066216
231.5  2.9211259
231.4  6.3627299
231.3  -2.3706163
231.2  6.1568652
231.1  10.376699
231  2.1320912
230.9  -3.6003653
230.8  -13.150641
230.7  14.849367
230.6  21.611444
230.5  15.638906
230.4  17.974373
230.3  2.452749
230.2  19.256856
230.1  -17.975586
230  -10.727895
229.9  -6.9184249
229.8  -8.4154263
229.7  28.121756
229.6  15.502094
229.5  16.190848
229.4  3.8341864
229.3  21.618315
229.2  6.0472058
229.1  -4.0522079
229  -2.8954547
228.9  10.312193
228.8  21.486089
228.7  5.764093
228.6  -2.4941132
228.5  34.318468
228.4  9.8109034
228.3  13.348736
228.2  7.8968814
228.1  15.737303
228  24.20754
227.9  9.4540601
227.8  -10.562933
227.7  10.312504
227.6  5.3503762
227.5  6.8815414
227.4  12.996758
227.3  8.5568342
227.2  13.364839
227.1  -5.6137173
227  11.622751
226.9  1.5997362
226.8  -11.342984
226.7  -20.417045
226.6  -1.2151404
226.5  12.578108
226.4  1.9953879
226.3  -4.6619338
226.2  13.043366
226.1  3.7265684
226  6.0493407
225.9  -0.5473661
225.8  17.184647
225.7  0.027801569
225.6  7.8829717
225.5  -0.6915692
225.4  -18.848161
225.3  -6.6559533
225.2  8.8743262
225.1  -3.7594734
225  -11.093924
224.9  -5.4437139
224.8  14.521249
224.7  4.073506
224.6  0.68490663
224.5  4.5925434
224.4  1.7342982
224.3  4.6646876
224.2  -5.487266
224.1  6.2027624
224  -15.434777
223.9  -6.9952823
223.8  -9.8276869
223.7  -5.8420032
223.6  -1.8919068
223.5  5.1988309
223.4  -4.3264246
223.3  -0.19948428
223.2  0.19774679
223.1  -19.833236
223  0.66402868
222.9  11.241979
222.8  20.79269
222.7  -20.936535
222.6  -10.7175
222.5  22.892989
222.4  2.499872
222.3  -5.5405227
222.2  8.0501511
222.1  -25.197873
222  1.4278608
221.9  1.5832483
221.8  -20.241771
221.7  -0.61727844
221.6  13.982396
221.5  19.279969
221.4  -4.600087
221.3  -10.881902
221.2  -12.693607
221.1  0.67111505
221  13.403377
220.9  -17.806227
220.8  -8.0365403
220.7  -1.2275486
220.6  -23.688823
220.5  -5.7817865
220.4  6.1083315
220.3  -5.1722004
220.2  -9.7822753
220.1  11.36112
220  11.29337
219.9  -25.900392
219.8  -6.8547994
219.7  -4.1201111
219.6  -7.6135663
219.5  -8.1951915
219.4  3.202699
219.3  -3.8536353
219.2  -4.7026944
219.1  -15.555789
219  9.1294477
218.9  -10.138742
218.8  -24.473377
218.7  -3.5669944
218.6  8.1251021
218.5  -14.357466
218.4  7.5814247
218.3  -9.2712922
218.2  0.66814254
218.1  12.003686
218  13.935997
217.9  2.687349
217.8  12.067842
217.7  -13.839629
217.6  9.2558654
217.5  -13.131674
217.4  -27.195298
217.3  0.60032592
217.2  -18.88944
217.1  3.6767658
217  -1.3235523
216.9  -22.398862
216.8  6.7019152
216.7  4.8993744
216.6  -1.1501775
216.5  3.5072479
216.4  -14.184192
216.3  -1.175422
216.2  -6.9658107
216.1  21.260888
216  -15.413083
215.9  6.313919
215.8  -4.5200535
215.7  8.4348556
215.6  20.749153
215.5  -8.1189945
215.4  12.859831
215.3  14.103683
215.2  0.78007069
215.1  -15.966815
215  -9.6272642

# Region:                       Al 2p Hi Res
# Spectrum ID:                  9
# Acquisition Date:             07/22/26 14:52:51 UTC
# Analysis Method:              XPS
# Analyzer:                     PHOIBOS MCD5 Analyzer
# Analyzer Lens:                LargeArea:1.5kV
# Analyzer Slit:                5:7x20\B:open
# Scan Mode:                    FixedAnalyzerTransmission
# Curves/Scan:                  1
# Values/Curve:                 331
# Dwell Time:                   0.1
# Excitation Energy:            1486.61
# Binding Energy:               90
# Pass Energy:                  10
# Bias Voltage:                 90
# Detector Voltage:             3000
# Eff. Workfunction:            4.543
# Source:                       X-Ray Dummy
# Comment:                      
#
# Cycle: 0
# Number of Scans: 25
#
# Cycle: 0, Curve: 0
# Acquisition Date:             07/22/26 14:52:51 UTC
#
# ColumnLabels:                 energy counts/s
#
90  179.71443
89.9  200.94105
89.8  179.03206
89.7  196.74034
89.6  188.65753
89.5  186.00153
89.4  187.42405
89.3  192.97115
89.2  198.02335
89.1  191.79023
89  193.54432
88.9  193.8877
88.8  213.3452
88.7  200.03525
88.6  200.24954
88.5  207.51051
88.4  205.9145
88.3  217.352
88.2  205.56762
88.1  211.16103
88  201.56195
87.9  188.69222
87.8  204.54525
87.7  192.76637
87.6  201.36844
87.5  173.59451
87.4  173.05389
87.3  174.86411
87.2  170.58586
87.1  179.16187
87  176.72794
86.9  181.61869
86.8  185.57338
86.7  189.12656
86.6  183.79508
86.5  185.55416
86.4  174.12797
86.3  183.80361
86.2  177.35138
86.1  184.81956
86  195.56285
85.9  184.51809
85.8  193.332
85.7  196.09023
85.6  198.59555
85.5  197.76886
85.4  187.52144
85.3  190.05792
85.2  190.31727
85.1  197.57883
85  194.95461
84.9  206.42608
84.8  211.65566
84.7  221.13907
84.6  213.44392
84.5  198.30927
84.4  199.79747
84.3  200.84787
84.2  197.69572
84.1  196.96705
84  187.64094
83.9  191.94996
83.8  192.70747
83.7  180.12558
83.6  182.30408
83.5  179.20523
83.4  167.3523
83.3  180.55815
83.2  164.92656
83.1  163.61427
83  172.28936
82.9  169.32256
82.8  181.5779
82.7  187.08103
82.6  185.69479
82.5  183.89122
82.4  180.89793
82.3  198.98536
82.2  195.79482
82.1  203.1851
82  188.8004
81.9  191.86231
81.8  214.61958
81.7  200.3696
81.6  214.1595
81.5  216.19871
81.4  222.81933
81.3  239.80026
81.2  244.63456
81.1  255.27935
81  271.39261
80.9  259.1786
80.8  278.27086
80.7  291.10906
80.6  309.4935
80.5  307.9172
80.4  300.5192
80.3  322.24627
80.2  335.1502
80.1  349.52162
80  342.45991
79.9  332.17081
79.8  348.08453
79.7  344.83934
79.6  340.95802
79.5  329.37704
79.4  342.51323
79.3  349.7158
79.2  332.80591
79.1  348.5478
79  338.82507
78.9  322.84159
78.8  307.03461
78.7  313.04625
78.6  306.8932
78.5  292.59485
78.4  295.89137
78.3  278.403
78.2  261.60959
78.1  248.07288
78  230.77137
77.9  243.45912
77.8  230.10583
77.7  226.41021
77.6  204.80352
77.5  221.83788
77.4  209.86231
77.3  199.72423
77.2  197.32236
77.1  200.63048
77  188.86819
76.9  191.70017
76.8  189.6554
76.7  179.04204
76.6  188.23203
76.5  176.66898
76.4  177.4381
76.3  186.10443
76.2  176.5756
76.1  173.90215
76  189.05022
75.9  186.20215
75.8  175.6603
75.7  172.22663
75.6  178.2547
75.5  171.93427
75.4  164.56603
75.3  169.65755
75.2  172.2085
75.1  178.25363
75  180.90107
74.9  168.47906
74.8  174.99006
74.7  161.19186
74.6  163.55514
74.5  174.76973
74.4  175.00548
74.3  174.24711
74.2  168.92038
74.1  168.12083
74  172.81194
73.9  164.77373
73.8  155.96355
73.7  165.13515
73.6  164.93955
73.5  170.80291
73.4  180.82768
73.3  158.55502
73.2  163.13286
73.1  187.84785
73  182.02412
72.9  167.60398
72.8  178.36911
72.7  165.4322
72.6  163.82462
72.5  172.04328
72.4  172.21429
72.3  167.22633
72.2  159.69004
72.1  165.60173
72  178.83682
71.9  154.56419
71.8  168.0294
71.7  156.87074
71.6  171.56996
71.5  174.85778
71.4  158.73508
71.3  178.50523
71.2  172.82304
71.1  173.22753
71  165.65901
70.9  173.5487
70.8  177.67249
70.7  174.27102
70.6  172.90488
70.5  185.78232
70.4  180.2807
70.3  182.06801
70.2  174.23565
70.1  169.76365
70  167.57089
69.9  182.59981
69.8  178.10074
69.7  187.52295
69.6  179.53116
69.5  174.63224
69.4  185.14831
69.3  177.30243
69.2  190.55654
69.1  185.97068
69  171.52404
68.9  186.98882
68.8  175.70679
68.7  162.72038
68.6  170.93583
68.5  172.03778
68.4  177.92853
68.3  177.80065
68.2  177.10528
68.1  172.93604
68  169.37138
67.9  177.15404
67.8  160.90946
67.7  170.58095
67.6  166.22447
67.5  163.2636
67.4  177.2304
67.3  177.07901
67.2  181.50243
67.1  174.99556
67  174.89838
66.9  170.20932
66.8  172.03184
66.7  184.43821
66.6  182.67701
66.5  180.34881
66.4  178.51044
66.3  177.33121
66.2  165.052
66.1  166.02919
66  171.01501
65.9  170.98963
65.8  163.56385
65.7  171.52392
65.6  167.03835
65.5  157.87276
65.4  172.33523
65.3  169.92337
65.2  163.07833
65.1  166.25109
65  163.09627
64.9  176.76178
64.8  183.23615
64.7  176.11749
64.6  160.05981
64.5  160.8197
64.4  176.84103
64.3  171.576
64.2  169.52623
64.1  177.85353
64  165.69122
63.9  175.62105
63.8  167.21762
63.7  167.4567
63.6  159.25857
63.5  159.53504
63.4  176.76039
63.3  162.21038
63.2  159.48281
63.1  173.4169
63  160.19266
62.9  162.01063
62.8  168.97467
62.7  168.17069
62.6  152.56218
62.5  162.50377
62.4  158.62149
62.3  155.03234
62.2  158.53665
62.1  157.25936
62  160.39187
61.9  159.10139
61.8  179.8279
61.7  158.91771
61.6  156.01135
61.5  152.27546
61.4  158.08972
61.3  157.51616
61.2  167.1571
61.1  168.00223
61  168.75252
60.9  157.29676
60.8  170.53963
60.7  146.65629
60.6  162.78146
60.5  158.97143
60.4  161.55149
60.3  153.79948
60.2  164.86239
60.1  162.5863
60  162.98768
59.9  155.03478
59.8  163.36967
59.7  172.20782
59.6  150.40434
59.5  164.93369
59.4  151.39625
59.3  157.1218
59.2  156.90159
59.1  157.32039
59  152.30045
58.9  168.81744
58.8  154.47773
58.7  162.25184
58.6  153.58639
58.5  157.15727
58.4  155.09157
58.3  149.26661
58.2  154.86607
58.1  154.85155
58  150.30176
57.9  155.79796
57.8  146.89049
57.7  149.78958
57.6  154.04303
57.5  158.18649
57.4  163.16591
57.3  164.36801
57.2  154.44365
57.1  172.8518
57  172.40885

# Operation:                    Peak Fit
# Parameter: "Transition" = 
# Parameter: "Label" = 
# Parameter: "Background Method" = Tougaard
# Parameter: "Peak Shape" = Voigt
# Parameter: "Asymmetric Peak" = false
# Parameter: "FWHM-Annotation" = S-B = <Signal-BG:@>\nFWHM = <FWHM:@>\nArea = <Area:@>
# Parameter: "Peak-Annotation" = <Label>\n<Transition>\nE = <Center:@>
#
# Result:
# Number of Results:            2
# Parameter: "Transition" = 
# Parameter: "Label" = 
# Parameter: "Center" = 79.543458431277486 eV +- 0.021798551846005078
# Parameter: "Area" = 610.49527596648841 cps eV +- 17.585211907728283
# Parameter: "FWHM (Lorentzian)" = 0.82305306160583469 eV +- 0.19000605517021762
# Parameter: "FWHM (Gaussian)" = 2.3055445156548275 eV +- 0.15774316824854853
# Parameter: "Asymmetry" = 0 +- 0
# Parameter: "Tougaard B" = 13501.062380262314 eV^2 +- 796.91145502890515
# Parameter: "Tougaard C" = 1643 eV^2 +- 0
# Parameter: "FWHM" = 2.7771524717955374 eV
# Parameter: "Baseline Offset" = 166.28641901151394 cps +- 0.69154298707657658
# Parameter: "Abbe factor" = 0.4624057811019231
# Parameter: "Reduced Chi Square" = 1.3551291409774739
# Parameter: "Q Probability" = 2.0682929684405072e-05
# Parameter: "Number of performed iterations" = 15
# Parameter: "Fit termination reason" = ConvergedInParameter
# Parameter: "Signal" = 351.67981856603512 cps
# Parameter: "Signal-BG" = 183.21509202761467 cps
#
# Result Name:                  Background
# Number of Curves:             1
#
# Curve:                        0
# Values/Curve:                 239
#
90  196.78812
89.861345  196.40817
89.722689  196.02772
89.584034  195.64676
89.445378  195.2653
89.306723  194.88331
89.168067  194.50081
89.029412  194.11779
88.890756  193.73425
88.752101  193.35018
88.613445  192.96558
88.47479  192.58046
88.336134  192.19481
88.197479  191.80864
88.058824  191.42194
87.920168  191.03472
87.781513  190.64698
87.642857  190.25872
87.504202  189.86995
87.365546  189.48067
87.226891  189.09089
87.088235  188.70061
86.94958  188.30984
86.810924  187.91859
86.672269  187.52686
86.533613  187.13467
86.394958  186.74203
86.256303  186.34895
86.117647  185.95543
85.978992  185.56149
85.840336  185.16715
85.701681  184.77243
85.563025  184.37732
85.42437  183.98187
85.285714  183.58608
85.147059  183.18997
85.008403  182.79356
84.869748  182.39689
84.731092  181.99997
84.592437  181.60283
84.453782  181.2055
84.315126  180.80802
84.176471  180.41042
84.037815  180.01273
83.89916  179.615
83.760504  179.21728
83.621849  178.81962
83.483193  178.42207
83.344538  178.02471
83.205882  177.62761
83.067227  177.23086
82.928571  176.83457
82.789916  176.43884
82.651261  176.04384
82.512605  175.64973
82.37395  175.25672
82.235294  174.86507
82.096639  174.47508
81.957983  174.08711
81.819328  173.7016
81.680672  173.31907
81.542017  172.94013
81.403361  172.56548
81.264706  172.19595
81.12605  171.83244
80.987395  171.47597
80.848739  171.12766
80.710084  170.78867
80.571429  170.46023
80.432773  170.14358
80.294118  169.83993
80.155462  169.55044
80.016807  169.27614
79.878151  169.01793
79.739496  168.77651
79.60084  168.55237
79.462185  168.34574
79.323529  168.1566
79.184874  167.9847
79.046218  167.82953
78.907563  167.69037
78.768908  167.56631
78.630252  167.4563
78.491597  167.35921
78.352941  167.27381
78.214286  167.1989
78.07563  167.13327
77.936975  167.07577
77.798319  167.02532
77.659664  166.98094
77.521008  166.94175
77.382353  166.90697
77.243697  166.87592
77.105042  166.84802
76.966387  166.82279
76.827731  166.79982
76.689076  166.77877
76.55042  166.75935
76.411765  166.74135
76.273109  166.72456
76.134454  166.70884
75.995798  166.69406
75.857143  166.68012
75.718487  166.66692
75.579832  166.65439
75.441176  166.64247
75.302521  166.63111
75.163866  166.62025
75.02521  166.60987
74.886555  166.59993
74.747899  166.59039
74.609244  166.58122
74.470588  166.57241
74.331933  166.56393
74.193277  166.55576
74.054622  166.54789
73.915966  166.54028
73.777311  166.53294
73.638655  166.52585
73.5  166.51899
73.361345  166.51236
73.222689  166.50593
73.084034  166.49971
72.945378  166.49368
72.806723  166.48783
72.668067  166.48216
72.529412  166.47665
72.390756  166.47131
72.252101  166.46612
72.113445  166.46108
71.97479  166.45618
71.836134  166.45141
71.697479  166.44678
71.558824  166.44228
71.420168  166.43789
71.281513  166.43363
71.142857  166.42947
71.004202  166.42543
70.865546  166.42149
70.726891  166.41766
70.588235  166.41392
70.44958  166.41028
70.310924  166.40673
70.172269  166.40327
70.033613  166.3999
69.894958  166.39661
69.756303  166.3934
69.617647  166.39028
69.478992  166.38723
69.340336  166.38425
69.201681  166.38135
69.063025  166.37852
68.92437  166.37576
68.785714  166.37306
68.647059  166.37043
68.508403  166.36787
68.369748  166.36536
68.231092  166.36292
68.092437  166.36054
67.953782  166.35821
67.815126  166.35594
67.676471  166.35372
67.537815  166.35156
67.39916  166.34945
67.260504  166.34739
67.121849  166.34538
66.983193  166.34342
66.844538  166.3415
66.705882  166.33964
66.567227  166.33782
66.428571  166.33604
66.289916  166.33431
66.151261  166.33262
66.012605  166.33097
65.87395  166.32936
65.735294  166.32779
65.596639  166.32627
65.457983  166.32478
65.319328  166.32333
65.180672  166.32191
65.042017  166.32054
64.903361  166.31919
64.764706  166.31789
64.62605  166.31662
64.487395  166.31538
64.348739  166.31417
64.210084  166.313
64.071429  166.31186
63.932773  166.31075
63.794118  166.30967
63.655462  166.30863
63.516807  166.30761
63.378151  166.30662
63.239496  166.30566
63.10084  166.30473
62.962185  166.30383
62.823529  166.30295
62.684874  166.30211
62.546218  166.30128
62.407563  166.30049
62.268908  166.29972
62.130252  166.29898
61.991597  166.29826
61.852941  166.29756
61.714286  166.29689
61.57563  166.29625
61.436975  166.29563
61.298319  166.29503
61.159664  166.29445
61.021008  166.2939
60.882353  166.29337
60.743697  166.29286
60.605042  166.29237
60.466387  166.2919
60.327731  166.29146
60.189076  166.29104
60.05042  166.29063
59.911765  166.29025
59.773109  166.28988
59.634454  166.28954
59.495798  166.28922
59.357143  166.28891
59.218487  166.28862
59.079832  166.28836
58.941176  166.28811
58.802521  166.28788
58.663866  166.28766
58.52521  166.28747
58.386555  166.28729
58.247899  166.28713
58.109244  166.28698
57.970588  166.28686
57.831933  166.28675
57.693277  166.28665
57.554622  166.28657
57.415966  166.28651
57.277311  166.28646
57.138655  166.28643
57  166.28642

# Result Name:                  Peak Fit
# Number of Curves:             1
#
# Curve:                        0
# Values/Curve:                 239
#
90  197.53842
89.861345  197.17932
89.722689  196.82061
89.584034  196.46233
89.445378  196.10454
89.306723  195.7473
89.168067  195.39066
89.029412  195.03469
88.890756  194.67947
88.752101  194.32507
88.613445  193.97158
88.47479  193.6191
88.336134  193.26773
88.197479  192.91758
88.058824  192.56878
87.920168  192.22147
87.781513  191.87579
87.642857  191.5319
87.504202  191.19
87.365546  190.85027
87.226891  190.51294
87.088235  190.17825
86.94958  189.84645
86.810924  189.51786
86.672269  189.1928
86.533613  188.87164
86.394958  188.55478
86.256303  188.24269
86.117647  187.93588
85.978992  187.63493
85.840336  187.3405
85.701681  187.05335
85.563025  186.77432
85.42437  186.5044
85.285714  186.24471
85.147059  185.99656
85.008403  185.76149
84.869748  185.54129
84.731092  185.33809
84.592437  185.15445
84.453782  184.99344
84.315126  184.85882
84.176471  184.75521
84.037815  184.68836
83.89916  184.66548
83.760504  184.69569
83.621849  184.79058
83.483193  184.96494
83.344538  185.23765
83.205882  185.63273
83.067227  186.18061
82.928571  186.91945
82.789916  187.89658
82.651261  189.16974
82.512605  190.80806
82.37395  192.89242
82.235294  195.5148
82.096639  198.77638
81.957983  202.78387
81.819328  207.64382
81.680672  213.45477
81.542017  220.29733
81.403361  228.22256
81.264706  237.23943
81.12605  247.3025
80.987395  258.30124
80.848739  270.05269
80.710084  282.29897
80.571429  294.71109
80.432773  306.89973
80.294118  318.43322
80.155462  328.86177
80.016807  337.74623
79.878151  344.68896
79.739496  349.36359
79.60084  351.54064
79.462185  351.10612
79.323529  348.07091
79.184874  342.56987
79.046218  334.85074
78.907563  325.25416
78.768908  314.18715
78.630252  302.09288
78.491597  289.41998
78.352941  276.59443
78.214286  263.99624
78.07563  251.94274
77.936975  240.67901
77.798319  230.37519
77.659664  221.12999
77.521008  212.97865
77.382353  205.90408
77.243697  199.84925
77.105042  194.7297
76.966387  190.44485
76.827731  186.88764
76.689076  183.952
76.55042  181.53814
76.411765  179.5559
76.273109  177.92643
76.134454  176.58262
75.995798  175.46862
75.857143  174.5388
75.718487  173.75643
75.579832  173.09229
75.441176  172.52336
75.302521  172.03153
75.163866  171.60264
75.02521  171.22558
74.886555  170.89161
74.747899  170.59381
74.609244  170.32666
74.470588  170.08571
74.331933  169.86734
74.193277  169.66859
74.054622  169.48699
73.915966  169.32048
73.777311  169.16732
73.638655  169.02603
73.5  168.89534
73.361345  168.77416
73.222689  168.66154
73.084034  168.55665
72.945378  168.45875
72.806723  168.36722
72.668067  168.28149
72.529412  168.20105
72.390756  168.12546
72.252101  168.05432
72.113445  167.98728
71.97479  167.924
71.836134  167.86421
71.697479  167.80765
71.558824  167.75407
71.420168  167.70326
71.281513  167.65503
71.142857  167.60919
71.004202  167.5656
70.865546  167.52409
70.726891  167.48454
70.588235  167.44682
70.44958  167.4108
70.310924  167.3764
70.172269  167.34351
70.033613  167.31204
69.894958  167.28192
69.756303  167.25305
69.617647  167.22537
69.478992  167.19882
69.340336  167.17333
69.201681  167.14884
69.063025  167.12531
68.92437  167.10268
68.785714  167.0809
68.647059  167.05994
68.508403  167.03975
68.369748  167.0203
68.231092  167.00154
68.092437  166.98345
67.953782  166.966
67.815126  166.94915
67.676471  166.93287
67.537815  166.91715
67.39916  166.90195
67.260504  166.88725
67.121849  166.87304
66.983193  166.85929
66.844538  166.84597
66.705882  166.83308
66.567227  166.8206
66.428571  166.8085
66.289916  166.79678
66.151261  166.78541
66.012605  166.77439
65.87395  166.7637
65.735294  166.75332
65.596639  166.74326
65.457983  166.73348
65.319328  166.72399
65.180672  166.71478
65.042017  166.70582
64.903361  166.69712
64.764706  166.68867
64.62605  166.68045
64.487395  166.67246
64.348739  166.66469
64.210084  166.65713
64.071429  166.64978
63.932773  166.64263
63.794118  166.63566
63.655462  166.62889
63.516807  166.6223
63.378151  166.61587
63.239496  166.60962
63.10084  166.60354
62.962185  166.59761
62.823529  166.59183
62.684874  166.5862
62.546218  166.58072
62.407563  166.57538
62.268908  166.57018
62.130252  166.5651
61.991597  166.56016
61.852941  166.55534
61.714286  166.55064
61.57563  166.54606
61.436975  166.5416
61.298319  166.53724
61.159664  166.533
61.021008  166.52886
60.882353  166.52482
60.743697  166.52088
60.605042  166.51704
60.466387  166.5133
60.327731  166.50965
60.189076  166.50608
60.05042  166.50261
59.911765  166.49922
59.773109  166.49592
59.634454  166.49269
59.495798  166.48955
59.357143  166.48648
59.218487  166.48349
59.079832  166.48057
58.941176  166.47773
58.802521  166.47495
58.663866  166.47225
58.52521  166.46961
58.386555  166.46704
58.247899  166.46453
58.109244  166.46208
57.970588  166.4597
57.831933  166.45738
57.693277  166.45511
57.554622  166.4529
57.415966  166.45075
57.277311  166.44866
57.138655  166.44661
57  166.44462

# Region:                       Au 4d
# Spectrum ID:                  10
# Acquisition Date:             07/22/26 15:06:37 UTC
# Analysis Method:              XPS
# Analyzer:                     PHOIBOS MCD5 Analyzer
# Analyzer Lens:                LargeArea:1.5kV
# Analyzer Slit:                5:7x20\B:open
# Scan Mode:                    FixedAnalyzerTransmission
# Curves/Scan:                  1
# Values/Curve:                 901
# Dwell Time:                   0.1
# Excitation Energy:            1486.61
# Binding Energy:               385
# Pass Energy:                  50
# Bias Voltage:                 90
# Detector Voltage:             3000
# Eff. Workfunction:            4.543
# Source:                       X-Ray Dummy
# Comment:                      
#
# Cycle: 0
# Number of Scans: 2
#
# Cycle: 0, Curve: 0
# Acquisition Date:             07/22/26 15:06:37 UTC
#
# ColumnLabels:                 energy counts/s
#
385  5281.1869
384.9  5500.085
384.8  5160.9871
384.7  4921.9272
384.6  5290.5874
384.5  5281.2568
384.4  5428.9594
384.3  5423.523
384.2  5595.6159
384.1  5307.6863
384  5314.1237
383.9  5164.5948
383.8  5275.4817
383.7  5410.7301
383.6  5150.3829
383.5  5060.1651
383.4  5109.1881
383.3  5265.9495
383.2  5582.9656
383.1  5137.7564
383  5141.8198
382.9  5085.8695
382.8  5037.7128
382.7  5601.0409
382.6  5470.0474
382.5  5402.3082
382.4  5289.6109
382.3  5626.9183
382.2  5315.2942
382.1  5416.2191
382  5220.3407
381.9  5259.1464
381.8  5216.8547
381.7  5345.4008
381.6  5566.4032
381.5  5473.5743
381.4  5663.5157
381.3  5526.9935
381.2  5018.2559
381.1  5222.5285
381  5345.1671
380.9  5201.4493
380.8  5223.4654
380.7  5412.4833
380.6  5459.9388
380.5  5153.0171
380.4  5129.5919
380.3  5371.9383
380.2  5513.8349
380.1  5311.988
380  5383.3946
379.9  5246.0679
379.8  5300.3633
379.7  5223.6332
379.6  5241.0725
379.5  5429.796
379.4  5197.6561
379.3  5484.3648
379.2  5278.7489
379.1  5040.9569
379  5213.5596
378.9  5215.6294
378.8  5178.9324
378.7  5191.5359
378.6  5291.3756
378.5  5545.5521
378.4  5400.9803
378.3  5175.0116
378.2  5273.4796
378.1  5610.828
378  5194.8506
377.9  5167.6816
377.8  5106.0157
377.7  5219.2078
377.6  5294.2438
377.5  5415.593
377.4  5405.3626
377.3  5389.964
377.2  5604.9893
377.1  5537.7249
377  5302.6422
376.9  5268.3868
376.8  5205.9856
376.7  5281.5434
376.6  5409.6942
376.5  5201.5632
376.4  5102.5777
376.3  5247.4153
376.2  5139.7759
376.1  5379.4905
376  5300.3626
375.9  5346.9867
375.8  5382.3176
375.7  5762.2059
375.6  5475.8882
375.5  5357.7042
375.4  5371.5822
375.3  5389.1038
375.2  5324.861
375.1  5457.2009
375  5393.3708
374.9  5439.7515
374.8  5267.0272
374.7  5328.207
374.6  5076.2119
374.5  5405.2929
374.4  5244.1868
374.3  5517.108
374.2  5421.3677
374.1  5549.4865
374  5349.8021
373.9  5301.2221
373.8  5594.5911
373.7  5350.0591
373.6  5582.6061
373.5  5307.2328
373.4  5099.3355
373.3  5216.5601
373.2  5463.3751
373.1  5403.9879
373  5293.3169
372.9  5320.8985
372.8  5245.9946
372.7  5428.394
372.6  5118.5819
372.5  5407.5487
372.4  5435.227
372.3  5221.3408
372.2  5399.1136
372.1  5230.3174
372  5231.7963
371.9  5297.4269
371.8  5349.0496
371.7  5276.2846
371.6  5265.0381
371.5  5310.1133
371.4  5267.342
371.3  5336.7591
371.2  5567.8168
371.1  5482.0754
371  5355.9749
370.9  5439.4433
370.8  5285.4548
370.7  5408.5509
370.6  5413.9041
370.5  5635.2271
370.4  5413.6799
370.3  5163.4314
370.2  5305.4768
370.1  5430.9558
370  5203.7552
369.9  5493.3589
369.8  5445.3721
369.7  5298.928
369.6  5162.6862
369.5  5054.149
369.4  5260.1633
369.3  5264.7993
369.2  5254.0611
369.1  5479.0625
369  5395.9913
368.9  5160.7296
368.8  5104.7904
368.7  5298.3177
368.6  5171.1966
368.5  5398.1379
368.4  5264.9283
368.3  5300.1435
368.2  5370.1201
368.1  5529.2887
368  5259.331
367.9  5028.2812
367.8  5015.9775
367.7  5264.2839
367.6  5322.5987
367.5  5321.2451
367.4  5073.1937
367.3  5415.6483
367.2  5398.3394
367.1  5504.2394
367  5204.5172
366.9  5347.6909
366.8  5358.7772
366.7  5475.6995
366.6  5279.6808
366.5  5381.7722
366.4  5215.1436
366.3  5329.0173
366.2  5392.4342
366.1  5165.7624
366  5315.7614
365.9  5508.7609
365.8  5270.1217
365.7  5414.4249
365.6  5342.0409
365.5  5494.033
365.4  5299.1615
365.3  5512.752
365.2  5367.9864
365.1  5179.3046
365  5320.2776
364.9  5398.1588
364.8  5085.3466
364.7  5189.7177
364.6  5190.2168
364.5  5365.2199
364.4  5259.2862
364.3  5366.1663
364.2  5366.2119
364.1  5309.73
364  5343.0591
363.9  5136.2862
363.8  5391.0969
363.7  5327.0222
363.6  5354.4616
363.5  5072.7774
363.4  5217.8203
363.3  5000.9571
363.2  5244.1292
363.1  5180.0494
363  5341.0491
362.9  5461.2045
362.8  5478.318
362.7  5244.2387
362.6  5458.1574
362.5  5282.6271
362.4  5201.5889
362.3  5267.3192
362.2  5202.5443
362.1  5153.5169
362  5344.5264
361.9  5580.9526
361.8  5532.127
361.7  5350.3471
361.6  5486.4354
361.5  5456.751
361.4  5416.7514
361.3  5403.9472
361.2  5198.1777
361.1  5283.6723
361  5025.7921
360.9  5229.2508
360.8  5434.0465
360.7  5425.7249
360.6  5197.9709
360.5  5284.315
360.4  5333.4646
360.3  5445.7756
360.2  5441.0007
360.1  5669.3889
360  5415.7591
359.9  5439.25
359.8  4885.0868
359.7  5274.5806
359.6  5379.5068
359.5  5310.7884
359.4  5288.0509
359.3  5602.2177
359.2  5489.7716
359.1  5343.5511
359  5267.8853
358.9  5411.3911
358.8  5330.5829
358.7  5487.9872
358.6  5489.7133
358.5  5381.5544
358.4  5361.8633
358.3  5559.0237
358.2  5430.2435
358.1  5134.7003
358  5446.5794
357.9  5260.4564
357.8  5375.5517
357.7  5133.8031
357.6  5654.22
357.5  5368.8411
357.4  5050.5245
357.3  5673.5789
357.2  5605.5494
357.1  5270.7813
357  5426.383
356.9  5549.6211
356.8  5632.6793
356.7  5489.2355
356.6  5873.2471
356.5  5573.57
356.4  5583.905
356.3  5423.8066
356.2  5399.4644
356.1  5460.1982
356  5446.5769
355.9  5494.1168
355.8  5400.4659
355.7  5422.284
355.6  5551.9346
355.5  5582.7254
355.4  5541.4839
355.3  5568.3329
355.2  5552.9541
355.1  5339.9081
355  5606.4928
354.9  5506.5254
354.8  5428.1622
354.7  5486.0665
354.6  5513.4804
354.5  5447.0452
354.4  5661.4307
354.3  5618.2645
354.2  5355.249
354.1  5356.4849
354  5434.7064
353.9  5597.6664
353.8  5381.9403
353.7  5697.7047
353.6  5708.0396
353.5  5752.3753
353.4  5765.7957
353.3  5590.6954
353.2  5488.153
353.1  5309.2793
353  5340.7948
352.9  5486.1587
352.8  5368.9805
352.7  5821.1328
352.6  5680.6794
352.5  5385.58
352.4  5460.502
352.3  5534.1737
352.2  5499.5514
352.1  5495.9699
352  5557.4101
351.9  5752.0347
351.8  5606.4134
351.7  5602.7186
351.6  5581.9038
351.5  5516.783
351.4  5511.2894
351.3  5364.4601
351.2  5506.9072
351.1  5502.2061
351  5378.6648
350.9  5606.969
350.8  5303.6273
350.7  5379.4478
350.6  5472.9977
350.5  5490.6695
350.4  5380.3028
350.3  5184.3795
350.2  5198.4771
350.1  5124.2291
350  5396.4503
349.9  5421.8172
349.8  5280.4356
349.7  5373.6281
349.6  5397.8351
349.5  5369.5105
349.4  5147.525
349.3  5415.4456
349.2  5413.6862
349.1  5210.6023
349  5322.4233
348.9  5173.1638
348.8  5310.2465
348.7  5366.3642
348.6  5435.4444
348.5  5514.1269
348.4  5485.608
348.3  5589.6534
348.2  5282.0732
348.1  5312.0987
348  5233.6837
347.9  5306.2578
347.8  5416.6046
347.7  5467.0252
347.6  5456.8421
347.5  5503.1013
347.4  5423.2791
347.3  5379.1413
347.2  5453.0236
347.1  5341.1329
347  5228.9732
346.9  5577.1201
346.8  5341.0727
346.7  5407.9801
346.6  5477.9952
346.5  5231.9995
346.4  5110.0079
346.3  4991.5958
346.2  5180.3545
346.1  5157.2807
346  5138.2053
345.9  5367.0997
345.8  5546.283
345.7  5379.3762
345.6  5205.9136
345.5  5346.7205
345.4  5029.8273
345.3  5247.8359
345.2  5455.5732
345.1  5486.154
345  5384.3174
344.9  5219.0567
344.8  4953.7543
344.7  5150.4561
344.6  5379.0706
344.5  5284.7583
344.4  5413.7017
344.3  5173.1973
344.2  5323.9063
344.1  5360.6045
344  5329.5042
343.9  5371.8469
343.8  5286.4577
343.7  5066.1429
343.6  5281.3713
343.5  5075.7803
343.4  5371.1784
343.3  5382.2535
343.2  5301.3336
343.1  5170.8665
343  5480.3639
342.9  5202.1834
342.8  5543.6493
342.7  5589.2013
342.6  5431.8362
342.5  5299.9413
342.4  5508.3299
342.3  5204.1556
342.2  5252.6643
342.1  5221.0106
342  5402.5352
341.9  5141.1111
341.8  5354.7783
341.7  5342.1236
341.6  5267.4307
341.5  4943.793
341.4  5196.0398
341.3  5243.1004
341.2  5156.7274
341.1  5468.2325
341  5181.4316
340.9  5337.9975
340.8  5238.798
340.7  5309.6889
340.6  5204.2347
340.5  5096.7981
340.4  5274.0322
340.3  5360.7114
340.2  5228.1876
340.1  5129.1596
340  5388.8206
339.9  5331.135
339.8  5333.967
339.7  5307.6452
339.6  5504.1048
339.5  5549.1676
339.4  5462.2456
339.3  5207.1126
339.2  5316.9931
339.1  5151.6511
339  5547.226
338.9  5470.0182
338.8  5399.4031
338.7  5506.8606
338.6  5714.3749
338.5  5534.7556
338.4  5419.032
338.3  5129.8412
338.2  5565.799
338.1  5531.1107
338  5375.8535
337.9  5625.6261
337.8  5471.1658
337.7  5765.5333
337.6  5456.9848
337.5  5445.0475
337.4  5643.1814
337.3  5406.4465
337.2  5605.0836
337.1  5470.331
337  5444.7216
336.9  5496.9718
336.8  5568.6521
336.7  5475.0576
336.6  5500.3422
336.5  5300.2056
336.4  5456.5092
336.3  5480.2478
336.2  5631.1357
336.1  5650.87
336  5481.576
335.9  5525.1125
335.8  5648.734
335.7  5575.8992
335.6  5769.3562
335.5  5813.1186
335.4  5839.7644
335.3  5675.051
335.2  5699.7047
335.1  5603.2945
335  5389.699
334.9  5595.6381
334.8  5774.4639
334.7  5823.8407
334.6  5480.7939
334.5  5528.3775
334.4  5471.0612
334.3  5450.175
334.2  5532.5651
334.1  5657.0981
334  5380.6864
333.9  5463.1353
333.8  5252.4715
333.7  5517.2329
333.6  5309.249
333.5  5292.1096
333.4  5413.1053
333.3  5430.8859
333.2  5585.2421
333.1  5314.7131
333  5452.1908
332.9  5385.4641
332.8  5423.8615
332.7  5229.8791
332.6  5192.9147
332.5  5343.3775
332.4  5596.9878
332.3  5454.2961
332.2  5255.8294
332.1  5508.6156
332  5398.2004
331.9  5107.8029
331.8  5372.5979
331.7  5293.1322
331.6  5236.6913
331.5  4939.4726
331.4  5318.5895
331.3  5285.6492
331.2  5059.3704
331.1  5178.5339
331  5215.5081
330.9  5080.5067
330.8  5097.1902
330.7  5033.4011
330.6  5124.001
330.5  5052.0445
330.4  5359.0429
330.3  5168.4003
330.2  5318.4624
330.1  5155.6575
330  5040.8803
329.9  5043.2451
329.8  5062.6472
329.7  5090.2221
329.6  5156.6433
329.5  5012.4466
329.4  5252.3024
329.3  5258.7605
329.2  5331.242
329.1  5141.9873
329  5241.0864
328.9  5252.2174
328.8  5064.0633
328.7  5105.6391
328.6  5189.5812
328.5  5025.7389
328.4  4882.8936
328.3  5157.6678
328.2  5320.1414
328.1  5076.6872
328  4990.4459
327.9  5075.6749
327.8  5204.9229
327.7  5316.0402
327.6  5138.6604
327.5  5031.3907
327.4  5265.0819
327.3  5228.272
327.2  5234.0512
327.1  5367.8722
327  5133.0485
326.9  4912.4699
326.8  5151.5638
326.7  4948.1398
326.6  4967.1801
326.5  4837.1762
326.4  5292.6448
326.3  5135.607
326.2  5399.9006
326.1  5251.9652
326  5163.9357
325.9  5411.1095
325.8  5098.0757
325.7  5417.6564
325.6  5269.467
325.5  5169.2803
325.4  5019.7192
325.3  4911.1319
325.2  5013.717
325.1  5362.0773
325  5011.6334
324.9  5044.6877
324.8  5047.3096
324.7  5134.8355
324.6  5248.0162
324.5  5245.2661
324.4  5099.0907
324.3  5582.1178
324.2  5401.0918
324.1  5219.4224
324  5246.1665
323.9  5205.609
323.8  5209.3398
323.7  4985.7371
323.6  4901.6459
323.5  5186.4886
323.4  5081.8602
323.3  5213.3732
323.2  5106.0341
323.1  5122.659
323  5190.2562
322.9  5094.9439
322.8  4935.9252
322.7  5063.7008
322.6  5413.079
322.5  5288.6886
322.4  4979.451
322.3  5163.3221
322.2  5333.0135
322.1  5392.567
322  5154.6992
321.9  4958.9185
321.8  5197.8325
321.7  5302.584
321.6  5117.7474
321.5  5255.9673
321.4  4940.6717
321.3  5382.4571
321.2  5018.2322
321.1  4836.2367
321  5181.1027
320.9  5102.182
320.8  5079.9334
320.7  5133.3039
320.6  5151.5041
320.5  5310.6411
320.4  5247.8098
320.3  4989.0464
320.2  5027.1887
320.1  5110.7333
320  5072.3547
319.9  5156.1296
319.8  5158.2833
319.7  5242.7215
319.6  5262.2303
319.5  5194.2469
319.4  5206.6209
319.3  5052.1145
319.2  5121.2462
319.1  5217.6268
319  5149.5592
318.9  4907.727
318.8  5267.4619
318.7  4970.8485
318.6  5020.7488
318.5  5358.3885
318.4  5175.488
318.3  5042.1076
318.2  5105.3316
318.1  5097.9528
318  5090.8414
317.9  5086.6723
317.8  4913.6446
317.7  5092.0882
317.6  5326.0091
317.5  5304.7517
317.4  5130.8194
317.3  5287.8978
317.2  5068.8887
317.1  4992.6788
317  5232.7831
316.9  5229.5873
316.8  5005.4721
316.7  4981.6195
316.6  5173.4953
316.5  5070.2034
316.4  5078.8742
316.3  4955.071
316.2  5130.4038
316.1  5165.1752
316  5005.624
315.9  4973.6536
315.8  5065.7589
315.7  5165.2095
315.6  5363.2784
315.5  5437.7684
315.4  5178.4068
315.3  5296.4553
315.2  5355.2186
315.1  5032.0887
315  5152.6778
314.9  5005.9821
314.8  5187.5654
314.7  5424.1721
314.6  5126.3364
314.5  5328.6849
314.4  5209.9105
314.3  4828.1755
314.2  5245.405
314.1  5014.2973
314  5226.2126
313.9  5213.1798
313.8  5204.7535
313.7  5349.6793
313.6  5014.3457
313.5  5164.4644
313.4  5359.2648
313.3  5246.2333
313.2  5164.6279
313.1  5240.9013
313  5210.8056
312.9  5332.1217
312.8  5365.8232
312.7  5485.247
312.6  5108.7165
312.5  5259.4528
312.4  5299.0396
312.3  5254.6867
312.2  5075.9027
312.1  5118.2867
312  5289.7022
311.9  5228.4966
311.8  5067.151
311.7  5123.8245
311.6  4959.2212
311.5  5158.9708
311.4  5181.0593
311.3  5143.4531
311.2  4967.6165
311.1  5121.3951
311  5216.12
310.9  5506.8438
310.8  5358.1132
310.7  5353.6184
310.6  5079.7336
310.5  4933.1741
310.4  5331.7461
310.3  5309.2083
310.2  5411.7515
310.1  4923.3082
310  4987.5478
309.9  4974.1616
309.8  5090.8644
309.7  5171.3873
309.6  5003.8546
309.5  5132.5633
309.4  5105.5779
309.3  5246.6783
309.2  5313.6485
309.1  5140.3183
309  5132.6087
308.9  4793.28
308.8  5090.8397
308.7  5055.2339
308.6  4946.2966
308.5  5096.8311
308.4  5084.7395
308.3  5118.1651
308.2  4860.5712
308.1  4943.3586
308  5085.6278
307.9  5077.3881
307.8  4950.6481
307.7  5072.7762
307.6  4940.5561
307.5  5158.2489
307.4  5079.121
307.3  5010.1185
307.2  5227.4488
307.1  4971.7217
307  5170.2216
306.9  5197.275
306.8  4949.6348
306.7  5239.4784
306.6  5040.1706
306.5  5175.2254
306.4  5301.1925
306.3  5042.8286
306.2  5151.2276
306.1  5253.467
306  5222.9471
305.9  5161.4242
305.8  5145.8433
305.7  5172.9403
305.6  5056.7031
305.5  5199.497
305.4  5149.2474
305.3  5150.6453
305.2  5244.2655
305.1  5203.2333
305  5014.1128
304.9  5294.5421
304.8  5230.0578
304.7  5192.0967
304.6  4970.9528
304.5  5084.4963
304.4  5145.7194
304.3  4882.2525
304.2  5010.5611
304.1  5034.2323
304  4939.1202
303.9  5111.4808
303.8  5285.2249
303.7  5246.9289
303.6  5170.6621
303.5  4961.7851
303.4  5149.2739
303.3  5166.4589
303.2  5045.4967
303.1  4999.205
303  4923.5012
302.9  4780.3079
302.8  5003.6888
302.7  5402.7435
302.6  4824.7861
302.5  5058.0752
302.4  5044.1271
302.3  5138.3518
302.2  5126.6856
302.1  5038.1482
302  5222.2115
301.9  5121.7459
301.8  5193.3822
301.7  4945.6598
301.6  5125.5335
301.5  4995.6886
301.4  5012.6285
301.3  5109.3578
301.2  5253.8938
301.1  5044.0569
301  5103.0736
300.9  5230.0897
300.8  5251.7113
300.7  4919.6553
300.6  4961.9025
300.5  5218.9621
300.4  5306.867
300.3  5230.2656
300.2  5217.6658
300.1  5104.2154
300  4982.7766
299.9  5192.8233
299.8  5083.6858
299.7  5087.4469
299.6  5218.8892
299.5  5102.4491
299.4  4875.5242
299.3  5033.1598
299.2  5175.3727
299.1  5043.3969
299  5289.575
298.9  5235.8082
298.8  4984.2299
298.7  4965.8884
298.6  4997.5247
298.5  5186.7013
298.4  5231.0926
298.3  5170.1689
298.2  5319.9522
298.1  5086.6442
298  5089.6497
297.9  5225.7119
297.8  5065.1673
297.7  5130.1696
297.6  4962.141
297.5  5109.3253
297.4  4968.8509
297.3  5122.2302
297.2  5042.9715
297.1  5298.7147
297  5375.7877
296.9  5259.2398
296.8  5182.1991
296.7  5299.3737
296.6  5302.9198
296.5  5186.3597
296.4  5281.9026
296.3  5049.6325
296.2  5033.2086
296.1  5029.4266
296  4884.8098
295.9  5091.0463
295.8  4979.4329
295.7  5232.6803
295.6  5365.5554
295.5  5169.6461
295.4  5272.839
295.3  5363.204
295.2  5119.5406
295.1  5385.3617
295  5275.5529

# Region:                       Co 2p
# Spectrum ID:                  11
# Acquisition Date:             07/22/26 15:23:34 UTC
# Analysis Method:              XPS
# Analyzer:                     PHOIBOS MCD5 Analyzer
# Analyzer Lens:                LargeArea:1.5kV
# Analyzer Slit:                5:7x20\B:open
# Scan Mode:                    FixedAnalyzerTransmission
# Curves/Scan:                  1
# Values/Curve:                 951
# Dwell Time:                   0.1
# Excitation Energy:            1486.61
# Binding Energy:               825
# Pass Energy:                  50
# Bias Voltage:                 90
# Detector Voltage:             3000
# Eff. Workfunction:            4.543
# Source:                       X-Ray Dummy
# Comment:                      
#
# Cycle: 0
# Number of Scans: 80
#
# Cycle: 0, Curve: 0
# Acquisition Date:             07/22/26 15:23:34 UTC
#
# ColumnLabels:                 energy counts/s
#
825  10408.641
824.9  10413.979
824.8  10371.342
824.7  10509.753
824.6  10442.324
824.5  10437.926
824.4  10408.589
824.3  10352.095
824.2  10439.763
824.1  10476.431
824  10448.964
823.9  10434.311
823.8  10449.171
823.7  10379.073
823.6  10393.459
823.5  10459.681
823.4  10452.941
823.3  10495.088
823.2  10411.045
823.1  10430.645
823  10467.32
822.9  10458.063
822.8  10413.661
822.7  10451.94
822.6  10389.027
822.5  10459.682
822.4  10400.479
822.3  10412.316
822.2  10423.685
822.1  10393.181
822  10341.335
821.9  10416.397
821.8  10465.087
821.7  10424.397
821.6  10418.005
821.5  10417.909
821.4  10433.805
821.3  10423.101
821.2  10420.242
821.1  10443.888
821  10440.3
820.9  10421.66
820.8  10439.112
820.7  10357.558
820.6  10401.016
820.5  10381.175
820.4  10380.387
820.3  10443.57
820.2  10400.024
820.1  10449
820  10418.082
819.9  10375.76
819.8  10395.763
819.7  10378.127
819.6  10406.624
819.5  10434.299
819.4  10389.002
819.3  10488.275
819.2  10435.255
819.1  10404.551
819  10404.301
818.9  10388.826
818.8  10413.736
818.7  10441.318
818.6  10465.643
818.5  10417.114
818.4  10411.675
818.3  10389.168
818.2  10356.605
818.1  10331.632
818  10381.116
817.9  10397.794
817.8  10376.725
817.7  10368.123
817.6  10370.998
817.5  10402.917
817.4  10350.961
817.3  10369.281
817.2  10434.905
817.1  10444.82
817  10419.531
816.9  10376.095
816.8  10407.99
816.7  10413.717
816.6  10398.439
816.5  10396.664
816.4  10382.086
816.3  10395.654
816.2  10446.87
816.1  10498.327
816  10428.667
815.9  10397.422
815.8  10409.059
815.7  10451.897
815.6  10419.38
815.5  10382.182
815.4  10400.079
815.3  10414.758
815.2  10453.274
815.1  10392.897
815  10453.559
814.9  10398.46
814.8  10398.235
814.7  10434.144
814.6  10368.81
814.5  10448.787
814.4  10488.865
814.3  10408.314
814.2  10467.42
814.1  10434.064
814  10466.157
813.9  10492.806
813.8  10369.752
813.7  10418.105
813.6  10438.783
813.5  10492.777
813.4  10420.83
813.3  10421.68
813.2  10442.543
813.1  10458.205
813  10430.477
812.9  10463.487
812.8  10484.207
812.7  10460.263
812.6  10464.673
812.5  10447.889
812.4  10414.19
812.3  10428.985
812.2  10460.398
812.1  10519.234
812  10472.648
811.9  10503.967
811.8  10413.591
811.7  10441.849
811.6  10479.331
811.5  10509.225
811.4  10511.808
811.3  10546.716
811.2  10497.822
811.1  10592.339
811  10535.923
810.9  10523.706
810.8  10533.592
810.7  10550.788
810.6  10525.438
810.5  10514.514
810.4  10520.581
810.3  10524.008
810.2  10520.665
810.1  10576.961
810  10551.749
809.9  10616.681
809.8  10618.666
809.7  10530.618
809.6  10506.014
809.5  10608.007
809.4  10571.744
809.3  10600.143
809.2  10562.423
809.1  10546.245
809  10552.05
808.9  10625.084
808.8  10625.549
808.7  10615.416
808.6  10605.916
808.5  10647.616
808.4  10665.703
808.3  10655.319
808.2  10653.983
808.1  10665.464
808  10597.615
807.9  10597.38
807.8  10669.025
807.7  10653.135
807.6  10683.291
807.5  10668.839
807.4  10665.194
807.3  10700.748
807.2  10656.186
807.1  10609.65
807  10551.175
806.9  10600.954
806.8  10657.33
806.7  10600.27
806.6  10661.957
806.5  10597.677
806.4  10584.092
806.3  10662.684
806.2  10600.756
806.1  10599.254
806  10637.684
805.9  10645.007
805.8  10630.686
805.7  10603.259
805.6  10649.023
805.5  10623.509
805.4  10648.833
805.3  10635.936
805.2  10645.835
805.1  10678.907
805  10619.03
804.9  10599.189
804.8  10685.096
804.7  10687.362
804.6  10586.47
804.5  10640.64
804.4  10604.467
804.3  10664.984
804.2  10731.167
804.1  10678.912
804  10697.399
803.9  10723.992
803.8  10706.235
803.7  10772.378
803.6  10735.399
803.5  10718.283
803.4  10724.732
803.3  10707.446
803.2  10794.034
803.1  10755.548
803  10817.968
802.9  10785.967
802.8  10743.245
802.7  10739.312
802.6  10769.193
802.5  10772.486
802.4  10839.895
802.3  10777.439
802.2  10807.878
802.1  10788.2
802  10748.586
801.9  10792.373
801.8  10768.982
801.7  10803.026
801.6  10742.199
801.5  10761.854
801.4  10782.378
801.3  10763.688
801.2  10812.172
801.1  10739.109
801  10778.29
800.9  10756.467
800.8  10722.745
800.7  10742.959
800.6  10771.747
800.5  10696.054
800.4  10752.265
800.3  10735.605
800.2  10694.644
800.1  10672.365
800  10705.648
799.9  10685.386
799.8  10710.966
799.7  10660.353
799.6  10659.224
799.5  10627.701
799.4  10676.37
799.3  10625.952
799.2  10624.43
799.1  10685.408
799  10635.205
798.9  10635.674
798.8  10653.813
798.7  10579.759
798.6  10557.897
798.5  10586.759
798.4  10571.078
798.3  10563.973
798.2  10581.982
798.1  10574.509
798  10614.408
797.9  10597.878
797.8  10594.8
797.7  10583.861
797.6  10670.302
797.5  10638.732
797.4  10571.453
797.3  10579.326
797.2  10524.016
797.1  10532.33
797  10550.695
796.9  10623.71
796.8  10617.618
796.7  10587.804
796.6  10660.734
796.5  10550.589
796.4  10658.672
796.3  10623.107
796.2  10573.101
796.1  10630.797
796  10632.388
795.9  10631.385
795.8  10628.372
795.7  10625.118
795.6  10649.896
795.5  10664.886
795.4  10669.485
795.3  10643.9
795.2  10636.932
795.1  10683.263
795  10693.425
794.9  10712.484
794.8  10651.945
794.7  10693.841
794.6  10761.704
794.5  10681.256
794.4  10669.986
794.3  10718.42
794.2  10705.123
794.1  10740.824
794  10711.204
793.9  10767.939
793.8  10762.847
793.7  10791.054
793.6  10798.076
793.5  10781.585
793.4  10808.659
793.3  10773.621
793.2  10763.56
793.1  10782.232
793  10780.006
792.9  10813.225
792.8  10835.18
792.7  10885.762
792.6  10834.473
792.5  10844.585
792.4  10902.363
792.3  10820.163
792.2  10820.464
792.1  10796.471
792  10793.4
791.9  10816.683
791.8  10859.994
791.7  10889.918
791.6  10851.388
791.5  10866.106
791.4  10920.637
791.3  10936.617
791.2  10943.417
791.1  10906.591
791  10906.753
790.9  10944.223
790.8  10909.857
790.7  10884.827
790.6  10883.906
790.5  10931.152
790.4  10979.674
790.3  10876.354
790.2  10902.338
790.1  10897.863
790  10941.355
789.9  10947.934
789.8  10940.978
789.7  10908.183
789.6  10956.418
789.5  10989.788
789.4  10998.629
789.3  10976.385
789.2  10973.345
789.1  11010.806
789  11031.705
788.9  11000.967
788.8  10995.629
788.7  10981.911
788.6  11044.794
788.5  11087.737
788.4  11042.02
788.3  11096.257
788.2  11107.49
788.1  11086.579
788  11128.367
787.9  11105.101
787.8  11076.348
787.7  11179.651
787.6  11170.442
787.5  11149.435
787.4  11159.971
787.3  11167.624
787.2  11217.67
787.1  11226.218
787  11224.951
786.9  11216.66
786.8  11209.24
786.7  11239.879
786.6  11301.913
786.5  11339.947
786.4  11244.23
786.3  11245.413
786.2  11233.353
786.1  11258.342
786  11243.874
785.9  11260.939
785.8  11233.155
785.7  11243.266
785.6  11198.378
785.5  11195.506
785.4  11146.668
785.3  11139.667
785.2  11195.653
785.1  11190.67
785  11139.755
784.9  11112.577
784.8  11082.59
784.7  11067.187
784.6  10990.05
784.5  11047.721
784.4  10944.229
784.3  10927.697
784.2  10938.251
784.1  10879.995
784  10855.41
783.9  10884.241
783.8  10822.255
783.7  10835.868
783.6  10828.941
783.5  10822.727
783.4  10723.714
783.3  10726.572
783.2  10764.943
783.1  10751.471
783  10725.429
782.9  10656.952
782.8  10636.758
782.7  10723.617
782.6  10637.508
782.5  10592.74
782.4  10650.183
782.3  10624.528
782.2  10606.883
782.1  10625.931
782  10582.513
781.9  10577.871
781.8  10592.594
781.7  10541.221
781.6  10614.072
781.5  10541.353
781.4  10549.225
781.3  10519.305
781.2  10528.184
781.1  10562.341
781  10531.998
780.9  10504.825
780.8  10511.092
780.7  10495.31
780.6  10486.861
780.5  10519.664
780.4  10533.529
780.3  10516.82
780.2  10519.201
780.1  10497.321
780  10475.255
779.9  10524.401
779.8  10505.498
779.7  10506.532
779.6  10513.045
779.5  10459.329
779.4  10463.776
779.3  10443.974
779.2  10494.822
779.1  10533.777
779  10481.049
778.9  10427.823
778.8  10410.837
778.7  10446.365
778.6  10451.431
778.5  10415.091
778.4  10387.313
778.3  10413.006
778.2  10413.623
778.1  10398.661
778  10379.124
777.9  10365.332
777.8  10386.78
777.7  10385.769
777.6  10413.204
777.5  10412.338
777.4  10474.074
777.3  10377.723
777.2  10365.29
777.1  10416.665
777  10424.681
776.9  10388.119
776.8  10406.396
776.7  10362.482
776.6  10372.976
776.5  10402.904
776.4  10382.121
776.3  10387.66
776.2  10386.931
776.1  10432.908
776  10400.053
775.9  10364.126
775.8  10358.526
775.7  10337.98
775.6  10356.953
775.5  10365.471
775.4  10352.236
775.3  10326.168
775.2  10355.492
775.1  10307.763
775  10330.895
774.9  10346.484
774.8  10315.579
774.7  10317.819
774.6  10320.427
774.5  10343.403
774.4  10337.779
774.3  10350.695
774.2  10313.962
774.1  10336.463
774  10294.183
773.9  10275.108
773.8  10345.102
773.7  10298.445
773.6  10254.957
773.5  10294.967
773.4  10274.17
773.3  10251.311
773.2  10284.304
773.1  10251.93
773  10280.98
772.9  10320.392
772.8  10347.189
772.7  10274.994
772.6  10247.861
772.5  10300.08
772.4  10333.41
772.3  10308.137
772.2  10275.946
772.1  10361.69
772  10326.872
771.9  10320.153
771.8  10330.692
771.7  10359.406
771.6  10327.997
771.5  10331.245
771.4  10315.398
771.3  10322.931
771.2  10330.677
771.1  10406.978
771  10343.471
770.9  10373.504
770.8  10393.557
770.7  10339.709
770.6  10414.12
770.5  10399.424
770.4  10407.832
770.3  10413.703
770.2  10404.706
770.1  10420.815
770  10391.608
769.9  10450.989
769.8  10428.327
769.7  10442.292
769.6  10432.786
769.5  10467.092
769.4  10422.957
769.3  10371.626
769.2  10437.668
769.1  10449.209
769  10428.303
768.9  10409.911
768.8  10438.958
768.7  10425.856
768.6  10478.98
768.5  10497.357
768.4  10399.104
768.3  10468.283
768.2  10458.846
768.1  10431.801
768  10401.821
767.9  10385.298
767.8  10414.91
767.7  10413.929
767.6  10369.656
767.5  10429.419
767.4  10412.026
767.3  10425.319
767.2  10389.871
767.1  10375.245
767  10384.366
766.9  10362.864
766.8  10307.28
766.7  10281.488
766.6  10346.129
766.5  10303.509
766.4  10346.416
766.3  10325.466
766.2  10328.682
766.1  10262.577
766  10294.807
765.9  10288.892
765.8  10339.312
765.7  10327.337
765.6  10240.826
765.5  10268.105
765.4  10247.965
765.3  10234.922
765.2  10305.509
765.1  10241.19
765  10267.19
764.9  10258.723
764.8  10256.146
764.7  10186.97
764.6  10218.519
764.5  10188.424
764.4  10174.806
764.3  10245.383
764.2  10283.602
764.1  10249.189
764  10231.043
763.9  10229.077
763.8  10146.51
763.7  10171.25
763.6  10183.686
763.5  10143.398
763.4  10175.006
763.3  10165.528
763.2  10146.879
763.1  10185.778
763  10166.421
762.9  10162.942
762.8  10153.727
762.7  10149.646
762.6  10175.712
762.5  10188.905
762.4  10124.857
762.3  10131.63
762.2  10215.971
762.1  10123.169
762  10176.548
761.9  10132.483
761.8  10128.139
761.7  10134.148
761.6  10076.9
761.5  10122.944
761.4  10106.157
761.3  10136.057
761.2  10170.495
761.1  10120.459
761  10102.313
760.9  10130.471
760.8  10085.898
760.7  10115.609
760.6  10088.945
760.5  10088.739
760.4  10071.555
760.3  10063.352
760.2  10114.431
760.1  10054.213
760  10076.558
759.9  10101.706
759.8  10088.876
759.7  10061.808
759.6  10060.97
759.5  10049.709
759.4  10014.999
759.3  9982.3996
759.2  10057.845
759.1  9996.4815
759  10074.22
758.9  10001.878
758.8  10037.086
758.7  9983.1795
758.6  9961.4706
758.5  9963.5891
758.4  9964.1827
758.3  9983.8327
758.2  10003.989
758.1  10000.575
758  9970.9917
757.9  9972.2039
757.8  9949.8358
757.7  10017.026
757.6  10005.233
757.5  9951.9785
757.4  9930.3717
757.3  9926.9672
757.2  9965.5148
757.1  9932.7237
757  9900.0059
756.9  9934.2281
756.8  9953.3169
756.7  9893.9703
756.6  9960.3243
756.5  9888.4485
756.4  9948.4918
756.3  9877.4314
756.2  9885.396
756.1  9961.7749
756  9892.7887
755.9  9909.7921
755.8  9916.3971
755.7  9887.698
755.6  9841.1598
755.5  9891.0754
755.4  9864.69
755.3  9931.8634
755.2  9952.9722
755.1  9900.9472
755  9898.3377
754.9  9855.3479
754.8  9823.498
754.7  9837.3845
754.6  9806.4676
754.5  9876.3431
754.4  9887.1545
754.3  9887.1334
754.2  9861.963
754.1  9865.1111
754  9881.3936
753.9  9843.9114
753.8  9874.6919
753.7  9871.0743
753.6  9856.4338
753.5  9805.7797
753.4  9802.6791
753.3  9838.3887
753.2  9828.352
753.1  9828.4924
753  9765.4222
752.9  9832.6196
752.8  9765.7446
752.7  9803.2757
752.6  9819.0656
752.5  9785.1033
752.4  9772.9684
752.3  9799.9609
752.2  9816.5202
752.1  9796.6743
752  9758.8675
751.9  9779.6811
751.8  9817.132
751.7  9817.1019
751.6  9812.0193
751.5  9815.4111
751.4  9796.4581
751.3  9795.8412
751.2  9797.3014
751.1  9844.4699
751  9770.933
750.9  9787.917
750.8  9789.4713
750.7  9845.6803
750.6  9853.7136
750.5  9824.2769
750.4  9794.1702
750.3  9830.4064
750.2  9826.7663
750.1  9811.2553
750  9865.0876
749.9  9916.0799
749.8  9802.7433
749.7  9825.3625
749.6  9884.4221
749.5  9862.5901
749.4  9883.6156
749.3  9877.6094
749.2  9974.1437
749.1  9948.7078
749  9993.9763
748.9  10074.166
748.8  10065.418
748.7  10073.967
748.6  10109.409
748.5  10116.856
748.4  10168.19
748.3  10265.71
748.2  10238.366
748.1  10296.129
748  10429.67
747.9  10455.464
747.8  10491.97
747.7  10568.343
747.6  10620.659
747.5  10651.155
747.4  10818.263
747.3  10850.386
747.2  10948.724
747.1  11074.399
747  11180.893
746.9  11231.891
746.8  11380.874
746.7  11458.362
746.6  11583.797
746.5  11662.421
746.4  11812.726
746.3  11853.72
746.2  12061.337
746.1  12115.235
746  12203.928
745.9  12320.739
745.8  12385.61
745.7  12482.894
745.6  12574.691
745.5  12631.317
745.4  12643.803
745.3  12692.067
745.2  12743.092
745.1  12778.645
745  12818.066
744.9  12828.375
744.8  12841.408
744.7  12807.029
744.6  12817.697
744.5  12664.281
744.4  12675.583
744.3  12674.729
744.2  12599.117
744.1  12507.389
744  12449.878
743.9  12367.888
743.8  12323.032
743.7  12220.467
743.6  12108.343
743.5  12044.723
743.4  11824.488
743.3  11737.755
743.2  11682.252
743.1  11576.355
743  11453.847
742.9  11365.063
742.8  11316.8
742.7  11215.002
742.6  11084.622
742.5  10966.881
742.4  10888.8
742.3  10769.64
742.2  10736.772
742.1  10633.176
742  10569.936
741.9  10551.68
741.8  10459.205
741.7  10415.107
741.6  10332.142
741.5  10250.562
741.4  10253.377
741.3  10214.749
741.2  10219.312
741.1  10134.027
741  10131.397
740.9  10051.873
740.8  10028.95
740.7  9958.1752
740.6  9922.74
740.5  9969.56
740.4  9958.0939
740.3  9971.3034
740.2  9889.7593
740.1  9856.7867
740  9879.0896
739.9  9874.093
739.8  9823.8473
739.7  9807.6052
739.6  9783.4618
739.5  9813.7967
739.4  9823.3573
739.3  9817.4723
739.2  9801.1207
739.1  9754.5433
739  9783.5554
738.9  9767.586
738.8  9781.8696
738.7  9750.8597
738.6  9729.2874
738.5  9780.5604
738.4  9785.4013
738.3  9733.5322
738.2  9763.6805
738.1  9682.5727
738  9745.3442
737.9  9801.6769
737.8  9707.7277
737.7  9725.7723
737.6  9772.3769
737.5  9685.201
737.4  9694.0894
737.3  9639.6191
737.2  9712.7583
737.1  9691.2353
737  9721.1361
736.9  9686.3826
736.8  9679.8741
736.7  9728.5785
736.6  9709.8922
736.5  9689.1666
736.4  9696.8911
736.3  9694.9293
736.2  9723.6626
736.1  9727.96
736  9737.2075
735.9  9679.3938
735.8  9681.2573
735.7  9691.4785
735.6  9697.4431
735.5  9682.7809
735.4  9648.9222
735.3  9682.2632
735.2  9672.086
735.1  9662.1979
735  9684.5683
734.9  9713.2164
734.8  9715.8733
734.7  9710.4824
734.6  9726.5192
734.5  9694.8875
734.4  9734.9463
734.3  9689.935
734.2  9758.1891
734.1  9705.5618
734  9756.9198
733.9  9750.7948
733.8  9701.2109
733.7  9728.7285
733.6  9735.5429
733.5  9662.891
733.4  9766.3749
733.3  9788.7383
733.2  9738.2863
733.1  9703.1917
733  9733.3104
732.9  9751.4866
732.8  9758.3012
732.7  9726.4622
732.6  9734.3824
732.5  9733.8742
732.4  9793.7096
732.3  9834.8714
732.2  9794.3926
732.1  9829.4065
732  9732.0246
731.9  9808.7242
731.8  9806.4349
731.7  9784.4297
731.6  9790.7755
731.5  9814.6663
731.4  9798.3689
731.3  9836.5942
731.2  9839.101
731.1  9795.1682
731  9826.0916
730.9  9834.8289
730.8  9804.3038
730.7  9815.3909
730.6  9834.689
730.5  9823.3028
730.4  9848.3263
730.3  9863.5904
730.2  9918.9685
730.1  9875.9188
730  9832.199

# Group:                        Spectrum Group
#
