# Created by:        SpecsLab Prodigy, Version 4.79.1-r98952 
#
# XY-Serializer Export Settings:
#   Comment Prefix:           #
#   Output Meta Data:         yes
#   Energy Axis:              Binding Energy
#   Count Rate:               Counts per Second
#   Separate Scan Data:       no
#   Separate Channel Data:    no
#   External Channel Data:    yes
#   Transmission Function:    no
#   Error Bar:                no
#   Operation Results:        yes
#   Time Zone Format:         UTC
#
# Group:                        Spectrum Group
#
# Region:                       Overall
# Spectrum ID:                  1
# Acquisition Date:             07/22/26 19:55:24 UTC
# Analysis Method:              XPS
# Analyzer:                     PHOIBOS MCD5 Analyzer
# Analyzer Lens:                LargeArea:1.5kV
# Analyzer Slit:                5:7x20\B:open
# Scan Mode:                    FixedAnalyzerTransmission
# Curves/Scan:                  1
# Values/Curve:                 1002
# Dwell Time:                   0.125
# Excitation Energy:            1486.61
# Binding Energy:               1000
# Pass Energy:                  50
# Bias Voltage:                 90
# Detector Voltage:             3000
# Eff. Workfunction:            4.543
# Source:                       X-Ray Dummy
# Comment:                      x = 246.5
#                               y = 10.7
#                               z = 7.15
#                               theta = 200
#
# Cycle: 0
# Number of Scans: 4
#
# Cycle: 0, Curve: 0
# Acquisition Date:             07/22/26 19:55:24 UTC
#
# ColumnLabels:                 energy counts/s
#
1000  18415.967
999.001  18234.322
998.002  18278.549
997.003  18200.154
996.004  17903.503
995.005  17819.75
994.00599  17786.618
993.00699  17758.707
992.00799  17921.838
991.00899  17903.256
990.00999  17862.24
989.01099  17972.73
988.01199  18068.372
987.01299  18339.068
986.01399  18667.328
985.01499  19166.965
984.01598  19345.654
983.01698  19348.289
982.01798  19351.197
981.01898  19090.012
980.01998  18973.412
979.02098  18930.807
978.02198  18660.845
977.02298  18569.833
976.02398  18482.897
975.02498  17984.358
974.02597  17776.659
973.02697  17752.414
972.02797  17346.957
971.02897  16918.527
970.02997  16798.182
969.03097  16666.176
968.03197  16327.456
967.03297  16406.827
966.03397  16331.639
965.03497  16045.64
964.03596  16040.002
963.03696  16323.605
962.03796  16453.966
961.03896  16323.035
960.03996  16155.143
959.04096  16319.38
958.04196  16398.2
957.04296  16123.044
956.04396  16051.111
955.04496  16039.302
954.04595  15968.581
953.04695  15720.76
952.04795  15576.57
951.04895  15710.18
950.04995  15877.401
949.05095  15882.169
948.05195  15861.539
947.05295  15833.87
946.05395  15713.382
945.05495  15890.735
944.05594  16001.198
943.05694  15992.391
942.05794  16020.704
941.05894  15968.627
940.05994  16078.986
939.06094  15975.046
938.06194  16099.475
937.06294  16028.229
936.06394  16027.698
935.06494  16078.739
934.06593  15865.852
933.06693  15777.428
932.06793  15935.008
931.06893  15988.959
930.06993  16192.257
929.07093  16317.987
928.07193  15936.786
927.07293  15921.747
926.07393  16024.089
925.07493  16161.401
924.07592  16122.856
923.07692  15750.289
922.07792  15900.319
921.07892  16010.055
920.07992  15942.586
919.08092  15783.114
918.08192  15730.061
917.08292  15820.341
916.08392  15792.563
915.08492  15800.234
914.08591  15800.751
913.08691  15810.873
912.08791  15763.944
911.08891  15848.634
910.08991  16026.301
909.09091  15966.043
908.09191  15709.603
907.09291  15813.888
906.09391  15872.937
905.09491  15848.63
904.0959  15779.038
903.0969  15880.169
902.0979  16135.559
901.0989  16016.752
900.0999  15931.327
899.1009  16073.494
898.1019  15877.459
897.1029  15825.161
896.1039  15733.745
895.1049  15907.372
894.10589  15971.605
893.10689  15897.919
892.10789  15784.432
891.10889  15763.539
890.10989  15928.631
889.11089  15781.018
888.11189  15553.884
887.11289  15302.101
886.11389  15236.878
885.11489  15227.29
884.11588  15102.157
883.11688  15165.91
882.11788  14946.998
881.11888  14774.644
880.11988  14744.532
879.12088  14903.563
878.12188  14931.062
877.12288  15048.522
876.12388  15105.792
875.12488  15000.338
874.12587  14910.85
873.12687  14889.992
872.12787  14909.255
871.12887  14949.455
870.12987  14946.646
869.13087  14764.281
868.13187  14660.005
867.13287  14631.624
866.13387  14900.268
865.13487  14829.122
864.13586  14666.761
863.13686  14795.214
862.13786  14737.872
861.13886  14703.984
860.13986  14727.512
859.14086  14700.335
858.14186  14659.549
857.14286  14649.323
856.14386  14660.814
855.14486  14758.618
854.14585  14849.364
853.14685  14882.026
852.14785  14476.819
851.14885  14267.266
850.14985  14002.307
849.15085  13888.381
848.15185  13952.326
847.15285  13989.023
846.15385  13992.537
845.15485  13942.607
844.15584  14184.431
843.15684  14340.225
842.15784  14393.178
841.15884  14385.209
840.15984  14367.833
839.16084  14671.921
838.16184  14541.996
837.16284  14172.112
836.16384  13731.342
835.16484  13350.065
834.16583  13048.129
833.16683  12762.615
832.16783  12441.798
831.16883  12346.992
830.16983  12256.299
829.17083  12235.892
828.17183  12187.429
827.17283  11963.645
826.17383  11935.599
825.17483  12047.011
824.17582  11964.529
823.17682  12068.539
822.17782  11792.854
821.17882  11647.621
820.17982  11781.948
819.18082  12021.666
818.18182  12048.642
817.18282  11747.118
816.18382  11693.457
815.18482  11691.257
814.18581  11672.971
813.18681  11774.374
812.18781  11862.189
811.18881  11805.693
810.18981  11898.254
809.19081  11812.186
808.19181  11810.606
807.19281  11823.047
806.19381  11723.903
805.19481  11620.146
804.1958  11782.757
803.1968  11861.872
802.1978  11659.11
801.1988  11547.131
800.1998  11552.155
799.2008  11696.377
798.2018  11660.22
797.2028  11550.576
796.2038  11614.422
795.2048  11472.746
794.20579  11628.232
793.20679  11867.145
792.20779  11861.776
791.20879  11833.816
790.20979  11800.855
789.21079  11750.085
788.21179  11862.302
787.21279  12038.32
786.21379  12268.243
785.21479  12482.563
784.21578  12400.817
783.21678  12180.481
782.21778  12185.385
781.21878  12003.051
780.21978  11715.088
779.22078  11816.131
778.22178  11476.73
777.22278  11089.211
776.22378  11310.313
775.22478  11302.97
774.22577  11325.49
773.22677  11348.614
772.22777  11070.888
771.22877  11035.666
770.22977  11189.154
769.23077  11238.963
768.23177  11181.606
767.23277  11079.249
766.23377  10937.737
765.23477  10939.942
764.23576  10943.737
763.23676  10974.522
762.23776  10887.625
761.23876  10818.729
760.23976  10924.465
759.24076  10767.072
758.24176  10778.154
757.24276  10927.274
756.24376  10784.883
755.24476  10602.12
754.24575  10582.298
753.24675  10627.244
752.24775  10546.474
751.24875  10459.674
750.24975  10677.205
749.25075  10645.424
748.25175  10730.443
747.25275  10759.568
746.25375  10750.313
745.25475  11040.955
744.25574  11085.608
743.25674  10835.73
742.25774  10632.573
741.25874  10487.566
740.25974  10472.733
739.26074  10452.799
738.26174  10353.883
737.26274  10447.418
736.26374  10466.124
735.26474  10527.865
734.26573  10660.053
733.26673  10550.716
732.26773  10484.95
731.26873  10510.196
730.26973  10417.006
729.27073  10372.61
728.27173  10295.366
727.27273  10219.516
726.27373  10332.558
725.27473  10321.304
724.27572  10445.881
723.27672  10529.831
722.27772  10435.922
721.27872  10472.272
720.27972  10551.441
719.28072  10231.554
718.28172  10131.231
717.28272  9898.6868
716.28372  9751.8763
715.28472  9915.0794
714.28571  9922.3911
713.28671  10045.572
712.28771  10404.227
711.28871  10436.596
710.28971  10389.553
709.29071  10432.076
708.29171  10334.743
707.29271  10281.836
706.29371  9765.1061
705.29471  8885.8774
704.2957  8529.9732
703.2967  8474.0172
702.2977  8450.8263
701.2987  8582.3133
700.2997  8554.4159
699.3007  8368.7618
698.3017  8424.8668
697.3027  8401.4899
696.3037  8313.2736
695.3047  8272.4111
694.30569  8124.3496
693.30669  8212.0113
692.30769  8198.6311
691.30869  8013.2494
690.30969  7933.4091
689.31069  8141.9431
688.31169  8187.221
687.31269  7997.0667
686.31369  7948.5489
685.31469  8046.4284
684.31568  8112.5544
683.31668  8123.5251
682.31768  8042.7809
681.31868  7955.6213
680.31968  8003.7525
679.32068  8068.888
678.32168  7960.0171
677.32268  7948.6735
676.32368  8015.3591
675.32468  7920.5954
674.32567  8110.844
673.32667  8135.9423
672.32767  8057.1816
671.32867  8006.7898
670.32967  7992.3512
669.33067  8055.2375
668.33167  8101.5497
667.33267  8129.0997
666.33367  8108.3536
665.33467  8048.0423
664.33566  8084.6859
663.33666  8084.8938
662.33766  8006.6817
661.33866  8029.6602
660.33966  7949.9214
659.34066  7921.9193
658.34166  8063.6025
657.34266  8131.9987
656.34366  7978.3494
655.34466  8099.343
654.34565  8102.0489
653.34665  8004.5449
652.34765  7955.4799
651.34865  7999.4044
650.34965  8061.6276
649.35065  7953.6269
648.35165  7963.4536
647.35265  7974.3888
646.35365  8124.5388
645.35465  8275.5366
644.35564  8320.2767
643.35664  8261.9355
642.35764  8359.335
641.35864  8458.5192
640.35964  8404.0175
639.36064  8185.0025
638.36164  8026.9966
637.36264  7831.8266
636.36364  7861.5625
635.36464  8025.4241
634.36563  8004.1649
633.36663  7895.9567
632.36763  7838.1619
631.36863  7766.0143
630.36963  7711.0522
629.37063  7710.8954
628.37163  7629.8562
627.37263  7757.528
626.37363  7880.501
625.37463  7809.6932
624.37562  7737.4394
623.37662  7689.3756
622.37762  7694.7976
621.37862  7775.2855
620.37962  7556.8544
619.38062  7690.3559
618.38162  7831.1502
617.38262  7730.9443
616.38362  7721.0802
615.38462  7584.5785
614.38561  7556.9442
613.38661  7557.3634
612.38761  7479.1489
611.38861  7456.8172
610.38961  7507.7665
609.39061  7622.1563
608.39161  7736.5504
607.39261  7731.8689
606.39361  7618.2131
605.39461  7690.2752
604.3956  7944.0929
603.3966  7834.1708
602.3976  7635.0839
601.3986  7609.735
600.3996  7682.4799
599.4006  7634.0107
598.4016  7397.0349
597.4026  7464.9853
596.4036  7651.1772
595.4046  7683.1039
594.40559  7745.0867
593.40659  7799.6619
592.40759  7653.7178
591.40859  7540.0004
590.40959  7609.78
589.41059  7749.0898
588.41159  7735.6437
587.41259  7735.3037
586.41359  7832.5945
585.41459  7872.9935
584.41558  7812.254
583.41658  7690.0164
582.41758  7728.9914
581.41858  7686.4405
580.41958  7697.4304
579.42058  7700.0416
578.42158  7588.771
577.42258  7741.9189
576.42358  7985.5275
575.42458  7906.0585
574.42557  7861.2138
573.42657  7536.5979
572.42757  7456.6857
571.42857  7443.9159
570.42957  7279.9067
569.43057  7255.8337
568.43157  7283.0272
567.43257  7204.1622
566.43357  7235.5497
565.43457  7192.3691
564.43556  7229.8693
563.43656  7371.9759
562.43756  7471.5012
561.43856  7606.9021
560.43956  7577.866
559.44056  7599.7458
558.44156  7699.1544
557.44256  7628.7963
556.44356  7441.787
555.44456  7451.1744
554.44555  7389.756
553.44655  7181.4223
552.44755  7396.5622
551.44855  7443.4994
550.44955  7303.8399
549.45055  7472.9236
548.45155  7523.364
547.45255  7626.618
546.45355  7511.8972
545.45455  7371.6386
544.45554  7126.1655
543.45654  6788.9877
542.45754  6667.2952
541.45854  6485.6143
540.45954  6525.9346
539.46054  6966.3105
538.46154  7646.0811
537.46254  8830.3889
536.46354  10019.583
535.46454  10169.837
534.46553  9309.1951
533.46653  8455.621
532.46753  7824.8258
531.46853  7757.1604
530.46953  7468.6856
529.47053  6661.2049
528.47153  6075.2058
527.47253  5982.234
526.47353  6025.7674
525.47453  5994.9041
524.47552  5940.9591
523.47652  5891.485
522.47752  5811.6427
521.47852  5709.2446
520.47952  5609.8301
519.48052  5575.166
518.48152  5656.2817
517.48252  5696.3267
516.48352  5491.4824
515.48452  5463.9955
514.48551  5597.7464
513.48651  5409.0414
512.48751  5481.3962
511.48851  5470.3817
510.48951  5362.5137
509.49051  5390.1619
508.49151  5456.0956
507.49251  5517.9106
506.49351  5479.3237
505.49451  5413.0709
504.4955  5414.7789
503.4965  5465.4807
502.4975  5536.382
501.4985  5602.3477
500.4995  5615.645
499.5005  5501.5755
498.5015  5545.4025
497.5025  5649.0198
496.5035  5608.2369
495.5045  5420.5415
494.50549  5297.8747
493.50649  5414.2267
492.50749  5484.3061
491.50849  5461.9406
490.50949  5480.2292
489.51049  5427.4221
488.51149  5433.0858
487.51249  5411.7753
486.51349  5409.9371
485.51449  5531.5139
484.51548  5487.4039
483.51648  5389.648
482.51748  5326.5331
481.51848  5355.7531
480.51948  5415.4896
479.52048  5454.8552
478.52148  5428.0905
477.52248  5359.4004
476.52348  5361.1595
475.52448  5325.8784
474.52547  5253.7242
473.52647  5287.4012
472.52747  5440.1576
471.52847  5378.4441
470.52947  5363.0804
469.53047  5431.7364
468.53147  5309.4784
467.53247  5401.2544
466.53347  5507.1055
465.53447  5377.4383
464.53546  5354.4554
463.53646  5405.0419
462.53746  5405.6259
461.53846  5368.8167
460.53946  5449.1424
459.54046  5556.9766
458.54146  5423.7876
457.54246  5306.274
456.54346  5197.5329
455.54446  5215.9232
454.54545  5241.6971
453.54645  5262.9535
452.54745  5252.3827
451.54845  5234.7751
450.54945  5241.3325
449.55045  5308.0499
448.55145  5432.9727
447.55245  5488.8648
446.55345  5376.7132
445.55445  5443.6299
444.55544  5489.0308
443.55644  5395.5656
442.55744  5329.9281
441.55844  5458.0681
440.55944  5473.708
439.56044  5414.0378
438.56144  5338.9823
437.56244  5290.5208
436.56344  5352.1887
435.56444  5459.4582
434.56543  5471.813
433.56643  5413.4336
432.56743  5525.4018
431.56843  5505.3351
430.56943  5390.7164
429.57043  5431.0304
428.57143  5421.3023
427.57243  5326.0832
426.57343  5432.5351
425.57443  5516.3851
424.57542  5570.205
423.57642  5479.1403
422.57742  5419.7994
421.57842  5449.6749
420.57942  5417.2699
419.58042  5380.9097
418.58142  5382.8941
417.58242  5409.0316
416.58342  5529.7712
415.58442  5525.0256
414.58541  5431.5064
413.58641  5509.0559
412.58741  5467.4318
411.58841  5455.9822
410.58941  5531.289
409.59041  5543.3473
408.59141  5657.5498
407.59241  5600.0271
406.59341  5543.1601
405.59441  5585.0522
404.5954  5669.1574
403.5964  5603.0841
402.5974  5541.9687
401.5984  5629.5454
400.5994  5593.7959
399.6004  5685.0722
398.6014  5682.845
397.6024  5688.2665
396.6034  5704.5755
395.6044  5692.4444
394.60539  5687.7973
393.60639  5677.6162
392.60739  5605.4928
391.60839  5683.6387
390.60939  5654.3338
389.61039  5689.2611
388.61139  5750.2355
387.61239  5569.7364
386.61339  5571.3066
385.61439  5648.5761
384.61538  5797.4356
383.61638  5788.0815
382.61738  5668.5664
381.61838  5677.3238
380.61938  5739.1965
379.62038  5840.2184
378.62138  5890.0585
377.62238  5827.5711
376.62338  5786.4869
375.62438  5937.6081
374.62537  5984.5392
373.62637  5852.2972
372.62737  5890.1858
371.62837  5832.999
370.62937  5871.7752
369.63037  5995.2208
368.63137  6023.7129
367.63237  6055.6932
366.63337  5893.0285
365.63437  5956.7022
364.63536  6020.944
363.63636  6054.73
362.63736  6070.5443
361.63836  6133.1013
360.63936  6183.9988
359.64036  6207.957
358.64136  6367.4102
357.64236  6600.0745
356.64336  6884.9244
355.64436  7196.7501
354.64535  7452.9166
353.64635  7531.166
352.64735  7349.133
351.64835  7042.9954
350.64935  6711.757
349.65035  6339.7525
348.65135  6159.2532
347.65235  6187.061
346.65335  6199.5317
345.65435  6036.2107
344.65534  6018.3303
343.65634  6069.163
342.65734  5976.5827
341.65834  5998.1405
340.65934  6324.6617
339.66034  6563.1036
338.66134  6716.9166
337.66234  7120.1352
336.66334  7546.4585
335.66434  7769.5137
334.66533  7552.8001
333.66633  6940.3595
332.66733  6231.6343
331.66833  5865.3621
330.66933  5599.7613
329.67033  5364.7865
328.67133  5411.8002
327.67233  5474.9837
326.67333  5364.5915
325.67433  5276.7413
324.67532  5270.9886
323.67632  5108.9507
322.67732  5059.062
321.67832  5071.5956
320.67932  4971.0705
319.68032  4984.3943
318.68132  4899.1608
317.68232  4945.3125
316.68332  4977.6709
315.68432  4914.208
314.68531  4930.7562
313.68631  4939.805
312.68731  4969.8424
311.68831  4867.2459
310.68931  4840.3679
309.69031  4747.5914
308.69131  4642.6717
307.69231  4731.9502
306.69331  4757.0802
305.69431  4703.6351
304.6953  4684.6233
303.6963  4667.9779
302.6973  4650.0051
301.6983  4662.2277
300.6993  4657.4519
299.7003  4664.9415
298.7013  4610.7612
297.7023  4588.0783
296.7033  4570.3089
295.7043  4534.354
294.70529  4614.5917
293.70629  4707.9476
292.70729  4651.5467
291.70829  4685.3415
290.70929  4770.565
289.71029  4894.1446
288.71129  4932.8105
287.71229  5117.3929
286.71329  5630.0364
285.71429  6065.8715
284.71528  5909.0408
283.71628  5185.2071
282.71728  4664.9199
281.71828  4454.2884
280.71928  4423.4072
279.72028  4411.4559
278.72128  4384.5475
277.72228  4347.6468
276.72328  4441.986
275.72428  4394.2257
274.72527  4268.6475
273.72627  4368.1956
272.72727  4417.3867
271.72827  4390.5224
270.72927  4328.5074
269.73027  4310.7508
268.73127  4347.1193
267.73227  4372.5205
266.73327  4337.111
265.73427  4243.9564
264.73526  4276.0384
263.73626  4298.8691
262.73726  4155.0414
261.73826  4172.1087
260.73926  4169.6177
259.74026  4183.1599
258.74126  4284.7163
257.74226  4245.3955
256.74326  4234.7253
255.74426  4207.085
254.74525  4268.935
253.74625  4273.9846
252.74725  4295.5846
251.74825  4284.9627
250.74925  4265.447
249.75025  4163.7777
248.75125  4230.5357
247.75225  4259.643
246.75325  4196.7247
245.75425  4250.4448
244.75524  4225.2749
243.75624  4269.6727
242.75724  4295.7723
241.75824  4191.8891
240.75924  4225.933
239.76024  4303.5701
238.76124  4234.7302
237.76224  4237.8461
236.76324  4155.6519
235.76424  4105.1106
234.76523  4237.748
233.76623  4205.5051
232.76723  4140.9954
231.76823  4122.11
230.76923  4188.1351
229.77023  4240.6376
228.77123  4175.4357
227.77223  4099.3375
226.77323  4213.0298
225.77423  4140.4413
224.77522  4079.0004
223.77622  4011.6588
222.77722  4095.9326
221.77822  4166.4213
220.77922  4061.1723
219.78022  4086.2409
218.78122  4127.8891
217.78222  4193.1224
216.78322  4267.2829
215.78422  4218.6457
214.78521  4127.8629
213.78621  4081.6611
212.78721  4093.8297
211.78821  4120.765
210.78921  4251.4323
209.79021  4176.7261
208.79121  4126.7082
207.79221  4202.9536
206.79321  4120.7849
205.79421  4037.3069
204.7952  4047.6605
203.7962  4061.0082
202.7972  4131.1715
201.7982  4190.6353
200.7992  4157.6137
199.8002  4185.1158
198.8012  4170.7455
197.8022  4196.619
196.8032  4164.9582
195.8042  4125.3111
194.80519  4080.8083
193.80619  4141.65
192.80719  4236.4646
191.80819  4125.641
190.80919  4128.3305
189.81019  4154.6105
188.81119  4085.7264
187.81219  4101.071
186.81319  4102.9341
185.81419  4112.95
184.81518  4065.7747
183.81618  4016.654
182.81718  4009.0058
181.81818  4021.9627
180.81918  4097.8515
179.82018  4154.2059
178.82118  4063.1218
177.82218  4020.8063
176.82318  4051.7421
175.82418  4130.1503
174.82517  4115.5562
173.82617  4133.9437
172.82717  4185.005
171.82817  4074.3218
170.82917  4112.4449
169.83017  4137.9975
168.83117  4057.475
167.83217  4006.8355
166.83317  3994.6294
165.83417  4035.6215
164.83516  4099.1655
163.83616  4184.6092
162.83716  4145.9667
161.83816  4205.5272
160.83916  4231.7586
159.84016  4151.272
158.84116  4237.8269
157.84216  4350.3627
156.84316  4436.3551
155.84416  4437.4487
154.84515  4326.5547
153.84615  4366.874
152.84715  4331.8398
151.84815  4226.8189
150.84915  4249.1243
149.85015  4230.6723
148.85115  4242.0264
147.85215  4209.9364
146.85315  4170.7051
145.85415  4178.9209
144.85514  4193.5606
143.85614  4234.2397
142.85714  4299.1965
141.85814  4250.1454
140.85914  4322.6638
139.86014  4289.9047
138.86114  4214.9096
137.86214  4167.9678
136.86314  4146.82
135.86414  4095.341
134.86513  4146.7146
133.86613  4142.44
132.86713  4184.432
131.86813  4242.6017
130.86913  4232.7904
129.87013  4199.4427
128.87113  4174.2904
127.87213  4195.9642
126.87313  4362.9664
125.87413  4557.5374
124.87512  4691.8115
123.87612  4782.3838
122.87712  4664.4764
121.87812  4445.4142
120.87912  4249.6199
119.88012  4050.1225
118.88112  4025.2025
117.88212  4024.8759
116.88312  4137.0375
115.88412  4244.3154
114.88511  4077.6506
113.88611  4203.5075
112.88711  4378.0557
111.88811  4423.3247
110.88911  4467.1915
109.89011  4518.8353
108.89111  4509.7716
107.89211  4667.2023
106.89311  5121.0897
105.89411  5476.5273
104.8951  5684.5829
103.8961  5434.4646
102.8971  4816.597
101.8981  4393.0544
100.8991  4183.4073
99.9001  4093.628
98.901099  4054.274
97.902098  3907.4972
96.903097  3988.2953
95.904096  4072.6347
94.905095  4133.3651
93.906094  4197.4734
92.907093  4192.9909
91.908092  4239.9351
90.909091  4646.7813
89.91009  5571.1107
88.911089  7159.3295
87.912088  7250.1797
86.913087  6027.1517
85.914086  6540.1165
84.915085  7835.2247
83.916084  6734.9055
82.917083  4442.7713
81.918082  3545.7147
80.919081  3558.8869
79.92008  3698.6601
78.921079  3763.4096
77.922078  3589.8372
76.923077  3365.8518
75.924076  3276.3082
74.925075  3264.0815
73.926074  3232.2603
72.927073  3124.0273
71.928072  2952.0327
70.929071  2766.9484
69.93007  2644.6245
68.931069  2744.7352
67.932068  2694.253
66.933067  2662.2388
65.934066  2743.3774
64.935065  2703.2268
63.936064  2663.3861
62.937063  2628.1993
61.938062  2674.5436
60.939061  2747.9305
59.94006  2822.335
58.941059  2808.5583
57.942058  2867.0712
56.943057  2921.7447
55.944056  2890.3713
54.945055  2806.5813
53.946054  2651.3306
52.947053  2512.0911
51.948052  2415.6339
50.949051  2304.3205
49.95005  2198.8633
48.951049  2269.3199
47.952048  2303.6542
46.953047  2233.559
45.954046  2140.0188
44.955045  2193.5689
43.956044  2298.785
42.957043  2220.2146
41.958042  2070.8237
40.959041  2022.3982
39.96004  2021.0526
38.961039  1975.7948
37.962038  1959.1276
36.963037  2001.1254
35.964036  2042.6102
34.965035  2101.6303
33.966034  2044.4356
32.967033  2002.4686
31.968032  1990.3777
30.969031  2057.9117
29.97003  2128.9894
28.971029  2077.71
27.972028  2070.3775
26.973027  2122.8091
25.974026  2176.4829
24.975025  2114.1062
23.976024  2045.8892
22.977023  2010.4366
21.978022  1951.9854
20.979021  1981.9443
19.98002  2108.053
18.981019  2060.5986
17.982018  1965.1928
16.983017  1989.0453
15.984016  1989.0409
14.985015  1979.6338
13.986014  1968.1809
12.987013  1976.0324
11.988012  2004.3956
10.989011  1958.3148
9.99001  1955.0169
8.991009  2060.9909
7.992008  2193.9397
6.993007  2282.7976
5.994006  2319.0632
4.995005  2373.096
3.996004  2300.0227
2.997003  2133.5202
1.998002  1918.0596
0.999001  1845.7391
0  1710.1135

# Region:                       Co 2p
# Spectrum ID:                  2
# Acquisition Date:             07/22/26 20:12:20 UTC
# Analysis Method:              XPS
# Analyzer:                     PHOIBOS MCD5 Analyzer
# Analyzer Lens:                LargeArea:1.5kV
# Analyzer Slit:                5:7x20\B:open
# Scan Mode:                    FixedAnalyzerTransmission
# Curves/Scan:                  1
# Values/Curve:                 951
# Dwell Time:                   0.1
# Excitation Energy:            1486.61
# Binding Energy:               825
# Pass Energy:                  50
# Bias Voltage:                 90
# Detector Voltage:             3000
# Eff. Workfunction:            4.543
# Source:                       X-Ray Dummy
# Comment:                      
#
# Cycle: 0
# Number of Scans: 20
#
# Cycle: 0, Curve: 0
# Acquisition Date:             07/22/26 20:12:20 UTC
#
# ColumnLabels:                 energy counts/s
#
825  12022.731
824.9  12133.301
824.8  12103.362
824.7  12214.008
824.6  12091.5
824.5  11939.661
824.4  12055.762
824.3  12032.75
824.2  12204.936
824.1  12045.959
824  11999.87
823.9  12087.856
823.8  12081.796
823.7  11921.368
823.6  12051.838
823.5  12034.933
823.4  12130.643
823.3  11898.025
823.2  11977.587
823.1  12027.241
823  12180.532
822.9  12164.605
822.8  12004.422
822.7  12052.538
822.6  11992.322
822.5  11975.96
822.4  11935.999
822.3  11850.376
822.2  11946.16
822.1  12046.942
822  11939.386
821.9  11888.561
821.8  11955.271
821.7  12060.016
821.6  11975.372
821.5  11889.075
821.4  11898.445
821.3  11998.874
821.2  11900.965
821.1  11959.966
821  11951.646
820.9  11963.719
820.8  12028.178
820.7  11898.787
820.6  11781.353
820.5  11962.047
820.4  12028.751
820.3  11917.281
820.2  11861.628
820.1  11947.093
820  11983.092
819.9  11991.71
819.8  11931.898
819.7  12033.857
819.6  11896.484
819.5  11992.742
819.4  11925.399
819.3  11911.1
819.2  11990.612
819.1  11985.439
819  11795.835
818.9  11804.398
818.8  12015.076
818.7  11918.491
818.6  11974.963
818.5  11929.983
818.4  11935.234
818.3  11880.194
818.2  11767.565
818.1  11821.186
818  11930.195
817.9  11837.698
817.8  12001.938
817.7  11873.219
817.6  11906.261
817.5  11765.111
817.4  11934.109
817.3  11860.445
817.2  11902.804
817.1  11882.036
817  11851.045
816.9  11968.992
816.8  11879.158
816.7  11901.916
816.6  11934.865
816.5  11907.823
816.4  11929.412
816.3  11757.154
816.2  11791.181
816.1  11950.232
816  11955.321
815.9  11948.829
815.8  11896.012
815.7  11950.08
815.6  12007.77
815.5  11952.008
815.4  11942.475
815.3  11932.705
815.2  12019.115
815.1  12049.092
815  11839.616
814.9  11933.967
814.8  11938.761
814.7  12013.425
814.6  11976.39
814.5  11828.122
814.4  11982.451
814.3  11959.202
814.2  11898.637
814.1  12011.335
814  11916.535
813.9  11966.221
813.8  11764.906
813.7  11765.278
813.6  11887.232
813.5  11932.219
813.4  11869.064
813.3  11845.443
813.2  11893.434
813.1  12035.951
813  11896.748
812.9  11837.96
812.8  11877.755
812.7  11867.827
812.6  11956.152
812.5  12023.641
812.4  11933.088
812.3  11908.575
812.2  11856.176
812.1  12032.467
812  11997.684
811.9  11924.418
811.8  12004.109
811.7  12076.331
811.6  11829.722
811.5  11883.131
811.4  11879.969
811.3  11994.337
811.2  11855.658
811.1  11788.528
811  11894.294
810.9  11835.273
810.8  11937.806
810.7  11924.871
810.6  11960.732
810.5  12002.339
810.4  11860.377
810.3  11925.274
810.2  11927.438
810.1  11882.335
810  11787.308
809.9  11780.791
809.8  11770.093
809.7  11874.728
809.6  11930.873
809.5  11922.466
809.4  11896.47
809.3  11943.629
809.2  11931.582
809.1  11882.951
809  11978.837
808.9  11974.553
808.8  11810.032
808.7  11887.993
808.6  11857.249
808.5  11952.889
808.4  11975.853
808.3  11929.227
808.2  11969.045
808.1  11976.663
808  11995.683
807.9  11863.519
807.8  11883.299
807.7  11998.367
807.6  11902.858
807.5  11794.146
807.4  11855.367
807.3  11863.017
807.2  11838.075
807.1  11819.613
807  11990.907
806.9  11853.628
806.8  11975.206
806.7  11887.483
806.6  11897.658
806.5  11994.423
806.4  11915.537
806.3  11824.692
806.2  11771.39
806.1  11746.777
806  11790.886
805.9  11902.871
805.8  11898.192
805.7  11977.287
805.6  11911.283
805.5  11809.64
805.4  11853.944
805.3  11908.162
805.2  11798.34
805.1  11861.087
805  11821.178
804.9  11986.077
804.8  11984.989
804.7  11850.866
804.6  11799.468
804.5  11757.608
804.4  11775.932
804.3  11950.104
804.2  11901.725
804.1  11917.201
804  11844.667
803.9  11859.804
803.8  11782.947
803.7  11775.868
803.6  11763.406
803.5  11945.132
803.4  11887.633
803.3  11877.857
803.2  11851.804
803.1  11868.186
803  11923.019
802.9  11848.093
802.8  11749.243
802.7  11817.359
802.6  11863.919
802.5  11934.089
802.4  11931.574
802.3  11791.144
802.2  11844.172
802.1  11870.635
802  11839.326
801.9  11889.464
801.8  11860.274
801.7  11883.41
801.6  11871.904
801.5  11887.589
801.4  11871.741
801.3  11782.899
801.2  11849.907
801.1  11924.927
801  11876.407
800.9  11701.669
800.8  11853.585
800.7  11881.65
800.6  11877.851
800.5  11614.722
800.4  11794.563
800.3  11727.694
800.2  11798.405
800.1  11828.661
800  11877.901
799.9  11775.958
799.8  11682.335
799.7  11847.91
799.6  11922.475
799.5  11900.8
799.4  11766.688
799.3  11752.171
799.2  11655.756
799.1  11742.732
799  11720.494
798.9  11743.831
798.8  11720.771
798.7  11824.387
798.6  11843.501
798.5  11843.797
798.4  11845.52
798.3  11780.504
798.2  11802.276
798.1  11853.545
798  11854.862
797.9  11868.264
797.8  11794.53
797.7  11762.861
797.6  11876.898
797.5  11750.483
797.4  11775.614
797.3  11818.554
797.2  11927.878
797.1  11817.377
797  11720.074
796.9  11760.204
796.8  11840.833
796.7  11805.352
796.6  11697.901
796.5  11797.852
796.4  11758.554
796.3  11839.118
796.2  11666.892
796.1  11775.123
796  11771.793
795.9  11925.857
795.8  11823.534
795.7  11769.433
795.6  11773.663
795.5  11808.89
795.4  11694.114
795.3  11734.921
795.2  11799.315
795.1  11789.003
795  11799.746
794.9  11817.897
794.8  11712.984
794.7  11870.303
794.6  11899.379
794.5  11880.111
794.4  11822.968
794.3  11765.815
794.2  11853.049
794.1  11908.63
794  11917.448
793.9  11881.446
793.8  11931.841
793.7  11928.273
793.6  11912.385
793.5  11814.004
793.4  11926.373
793.3  11814.683
793.2  11938.234
793.1  11955.629
793  11902.084
792.9  11768.985
792.8  11896.656
792.7  11889.938
792.6  11857.296
792.5  11795.83
792.4  11846.183
792.3  11913.128
792.2  11900.388
792.1  11818.858
792  11896.326
791.9  11899.998
791.8  11904.141
791.7  11880.89
791.6  11871.097
791.5  12001.955
791.4  11878.473
791.3  11873.491
791.2  11850.784
791.1  11915.531
791  11947.994
790.9  11880.276
790.8  12011.61
790.7  11992.416
790.6  11995.894
790.5  11953.858
790.4  11953.182
790.3  11905.357
790.2  12025.059
790.1  11964.915
790  12041.801
789.9  11972.624
789.8  11975.789
789.7  12007.38
789.6  12027.144
789.5  12011.88
789.4  12011.714
789.3  12156.896
789.2  12047.303
789.1  12133.399
789  11953.363
788.9  12116.579
788.8  12218.796
788.7  12007.549
788.6  12205.493
788.5  11983.525
788.4  12045.91
788.3  12211.898
788.2  12238.617
788.1  12180.614
788  12257.617
787.9  12235.818
787.8  12191.404
787.7  12226.569
787.6  12180.096
787.5  12133.18
787.4  12186.966
787.3  12254.724
787.2  12216.433
787.1  12284.445
787  12332.787
786.9  12272.31
786.8  12257.44
786.7  12180.367
786.6  12289.546
786.5  12344.748
786.4  12229.764
786.3  12363.006
786.2  12277.34
786.1  12320.724
786  12418.397
785.9  12427.11
785.8  12289.233
785.7  12414.359
785.6  12354.057
785.5  12391.585
785.4  12354.203
785.3  12416.144
785.2  12406.932
785.1  12399.623
785  12316.97
784.9  12403.071
784.8  12472.268
784.7  12483.055
784.6  12639.607
784.5  12479.783
784.4  12525.587
784.3  12424.452
784.2  12364.043
784.1  12701.631
784  12601.914
783.9  12560
783.8  12439.522
783.7  12521.473
783.6  12438.372
783.5  12443.611
783.4  12606.835
783.3  12492.992
783.2  12487.293
783.1  12480.34
783  12437.878
782.9  12396.748
782.8  12444.165
782.7  12380.498
782.6  12420.432
782.5  12523.856
782.4  12520.301
782.3  12441.969
782.2  12383.921
782.1  12373.687
782  12458.869
781.9  12272.633
781.8  12376.845
781.7  12411.671
781.6  12294.299
781.5  12199.353
781.4  12272.437
781.3  12171.598
781.2  12221.038
781.1  12167.752
781  12048.993
780.9  12072.641
780.8  12061.653
780.7  11963.687
780.6  12041.655
780.5  12054.124
780.4  11980.743
780.3  11971.094
780.2  11994.437
780.1  11876.638
780  11914.426
779.9  11732.336
779.8  11892.9
779.7  11860.846
779.6  11802.783
779.5  11803.734
779.4  11779.742
779.3  11739.802
779.2  11601.196
779.1  11568.443
779  11708.92
778.9  11672.293
778.8  11711.034
778.7  11691.47
778.6  11578.025
778.5  11626.049
778.4  11568.366
778.3  11423.533
778.2  11402.552
778.1  11543.031
778  11497.232
777.9  11410.57
777.8  11445.678
777.7  11430.134
777.6  11542.14
777.5  11479.468
777.4  11533.056
777.3  11442.482
777.2  11481.412
777.1  11470.296
777  11424.846
776.9  11442.842
776.8  11514.505
776.7  11425.14
776.6  11427.028
776.5  11379.573
776.4  11541.681
776.3  11397.097
776.2  11345.738
776.1  11345.218
776  11426.552
775.9  11360.949
775.8  11399.641
775.7  11371.028
775.6  11307.445
775.5  11397.315
775.4  11376.486
775.3  11282.824
775.2  11411.851
775.1  11390.426
775  11323.985
774.9  11453.761
774.8  11520.989
774.7  11413.891
774.6  11331.669
774.5  11327.688
774.4  11211.128
774.3  11392.792
774.2  11403.521
774.1  11360.254
774  11271.043
773.9  11366.112
773.8  11372.223
773.7  11395.275
773.6  11324.088
773.5  11321.991
773.4  11239.429
773.3  11281.696
773.2  11374.376
773.1  11407.671
773  11327.969
772.9  11366.831
772.8  11210.437
772.7  11393.365
772.6  11362.929
772.5  11424.136
772.4  11356.005
772.3  11357.927
772.2  11260.515
772.1  11503.787
772  11252.858
771.9  11383.512
771.8  11332.569
771.7  11353.153
771.6  11410.704
771.5  11358.001
771.4  11444.683
771.3  11394.42
771.2  11410.79
771.1  11295.427
771  11488.539
770.9  11408.031
770.8  11404.643
770.7  11311.953
770.6  11277.347
770.5  11417.147
770.4  11377.766
770.3  11435.117
770.2  11313.037
770.1  11312.514
770  11341.836
769.9  11294.034
769.8  11461.875
769.7  11251.657
769.6  11335.921
769.5  11328.072
769.4  11276.162
769.3  11403.202
769.2  11371.773
769.1  11377.86
769  11335.013
768.9  11304.904
768.8  11319.806
768.7  11318.167
768.6  11333.058
768.5  11348.933
768.4  11286.42
768.3  11245.446
768.2  11363.391
768.1  11375.239
768  11230.162
767.9  11247.353
767.8  11347.727
767.7  11323.556
767.6  11318.118
767.5  11325.118
767.4  11160.365
767.3  11342.316
767.2  11276.882
767.1  11199.078
767  11210.074
766.9  11083.026
766.8  11292.186
766.7  11275.961
766.6  11296.449
766.5  11240.707
766.4  11206.747
766.3  11235.28
766.2  11336.372
766.1  11214.494
766  11128.993
765.9  11158.682
765.8  11052.074
765.7  11127.092
765.6  11252.713
765.5  11138.194
765.4  11115.835
765.3  11208.316
765.2  11224.113
765.1  11207.781
765  11084.84
764.9  11154.074
764.8  11157.861
764.7  11119.793
764.6  11246.356
764.5  11174.775
764.4  11249.956
764.3  11219.255
764.2  11145.961
764.1  11328.477
764  11264.845
763.9  11193.344
763.8  11265.328
763.7  11301.971
763.6  11209.848
763.5  11142.266
763.4  11104.766
763.3  11084.327
763.2  11127.028
763.1  11097.274
763  11238.805
762.9  11203.12
762.8  11188.743
762.7  11134.018
762.6  11158.771
762.5  11187.308
762.4  11105.158
762.3  11109.422
762.2  11210.006
762.1  11077.239
762  11246.778
761.9  11114.225
761.8  11052.775
761.7  10962.767
761.6  11089.276
761.5  11085.218
761.4  11080.1
761.3  11103.985
761.2  10965.134
761.1  11029.868
761  11188.018
760.9  11132.201
760.8  11062.966
760.7  11130.951
760.6  10936.549
760.5  11132.279
760.4  11019.201
760.3  10959.429
760.2  11028.067
760.1  11040.864
760  11115.194
759.9  11037.712
759.8  10932.398
759.7  11121.063
759.6  10968.508
759.5  10975.763
759.4  11094.985
759.3  11028.115
759.2  10948.425
759.1  11043.118
759  10904.644
758.9  10966.496
758.8  10947.723
758.7  10891.772
758.6  10979.605
758.5  10844.375
758.4  10856.336
758.3  10913.236
758.2  10847.054
758.1  10888.218
758  10963.046
757.9  11035.234
757.8  10865.844
757.7  10869.289
757.6  10854.958
757.5  10860.732
757.4  10750.609
757.3  10775.961
757.2  10858.487
757.1  10934.535
757  10890.809
756.9  10887.108
756.8  10851.029
756.7  10797.882
756.6  10840.924
756.5  10853.942
756.4  10892.141
756.3  10882.772
756.2  10957.132
756.1  10779.221
756  10855.181
755.9  10804.089
755.8  10829.751
755.7  10757.804
755.6  10898.052
755.5  10769.281
755.4  10763.201
755.3  10694.132
755.2  10801.051
755.1  10707.252
755  10748.943
754.9  10732.994
754.8  10729.975
754.7  10774.342
754.6  10643.477
754.5  10739.005
754.4  10770.084
754.3  10805.931
754.2  10735.793
754.1  10769.907
754  10679.336
753.9  10816.823
753.8  10724.024
753.7  10658.402
753.6  10697.377
753.5  10723.945
753.4  10750.731
753.3  10717.879
753.2  10717.828
753.1  10693.619
753  10807.862
752.9  10773.204
752.8  10745.158
752.7  10644.124
752.6  10727.021
752.5  10691.521
752.4  10694.864
752.3  10741.177
752.2  10649.643
752.1  10649.181
752  10561.515
751.9  10674.67
751.8  10765.738
751.7  10743.674
751.6  10654.437
751.5  10669.765
751.4  10663.741
751.3  10784.379
751.2  10722.649
751.1  10685.245
751  10694.476
750.9  10537.53
750.8  10755.523
750.7  10713.297
750.6  10789.121
750.5  10779.848
750.4  10759.443
750.3  10687.706
750.2  10701.397
750.1  10704.066
750  10628.121
749.9  10682.667
749.8  10677.643
749.7  10677.254
749.6  10660.72
749.5  10768.601
749.4  10693.825
749.3  10775.621
749.2  10794.354
749.1  10714.009
749  10830.689
748.9  10774.583
748.8  10775.81
748.7  10650.137
748.6  10735.501
748.5  10644.819
748.4  10703.199
748.3  10700.426
748.2  10683.935
748.1  10709.217
748  10676.826
747.9  10716.174
747.8  10679.134
747.7  10779.23
747.6  10774.83
747.5  10853.405
747.4  10726.758
747.3  10754.654
747.2  10946.932
747.1  10850.939
747  10865.114
746.9  10954.625
746.8  10957.086
746.7  10904.017
746.6  10973.431
746.5  11023.883
746.4  10988.46
746.3  11038.315
746.2  11050.315
746.1  11123.55
746  11136.394
745.9  10990.359
745.8  11176.863
745.7  11128.491
745.6  11123.357
745.5  11204.598
745.4  11179.137
745.3  11073.436
745.2  11184.897
745.1  11174.645
745  11225.537
744.9  11259.618
744.8  11112.375
744.7  11134.003
744.6  11123.011
744.5  11197.038
744.4  11096.012
744.3  11185.721
744.2  11161.584
744.1  11228.062
744  11166.082
743.9  11138.54
743.8  11111.677
743.7  11083.726
743.6  10963.04
743.5  11094.039
743.4  11053.347
743.3  11084.32
743.2  11077.507
743.1  10961.86
743  10995.21
742.9  10877.241
742.8  10910.051
742.7  10917.271
742.6  10940.448
742.5  10822.795
742.4  10829.164
742.3  10859.391
742.2  10727.193
742.1  10803.443
742  10839.715
741.9  10834.341
741.8  10683.156
741.7  10727.893
741.6  10565.146
741.5  10609.78
741.4  10716.244
741.3  10651.119
741.2  10604.175
741.1  10656.27
741  10685.279
740.9  10699.596
740.8  10589.911
740.7  10517.254
740.6  10676.199
740.5  10574.821
740.4  10638.804
740.3  10608.163
740.2  10588.927
740.1  10630.036
740  10709.808
739.9  10675.062
739.8  10650.687
739.7  10567.973
739.6  10637.274
739.5  10629.251
739.4  10597.261
739.3  10641.264
739.2  10539.728
739.1  10647.921
739  10430.637
738.9  10433.23
738.8  10497.049
738.7  10465.873
738.6  10596.408
738.5  10697.173
738.4  10497.731
738.3  10549.904
738.2  10657.323
738.1  10456.302
738  10570.778
737.9  10511.769
737.8  10495.753
737.7  10502.446
737.6  10523.817
737.5  10604.703
737.4  10590.702
737.3  10558.441
737.2  10556.029
737.1  10642.964
737  10599.039
736.9  10544.683
736.8  10640.817
736.7  10566.177
736.6  10563.062
736.5  10514.136
736.4  10478.206
736.3  10457.077
736.2  10435.309
736.1  10480.092
736  10480.299
735.9  10535.106
735.8  10520.909
735.7  10553.212
735.6  10565.568
735.5  10498.649
735.4  10467.611
735.3  10512.175
735.2  10515.48
735.1  10393.25
735  10511.849
734.9  10614.176
734.8  10431.326
734.7  10532.214
734.6  10540.095
734.5  10547.671
734.4  10544.145
734.3  10559.062
734.2  10554.88
734.1  10618.32
734  10536.175
733.9  10585.75
733.8  10538.569
733.7  10573.234
733.6  10575.335
733.5  10532.729
733.4  10544.055
733.3  10462.771
733.2  10644.568
733.1  10605.657
733  10523.056
732.9  10580.88
732.8  10567.216
732.7  10606.83
732.6  10474.704
732.5  10524.003
732.4  10512.255
732.3  10587.44
732.2  10527.332
732.1  10434.424
732  10555.473
731.9  10476.626
731.8  10483.916
731.7  10535.746
731.6  10494.9
731.5  10600.336
731.4  10599.283
731.3  10383.561
731.2  10425.545
731.1  10441.526
731  10591.663
730.9  10596.322
730.8  10455.23
730.7  10636.152
730.6  10531
730.5  10459.334
730.4  10622.472
730.3  10447.393
730.2  10477.983
730.1  10525.7
730  10471.663

# Region:                       Al 2p
# Spectrum ID:                  3
# Acquisition Date:             07/22/26 20:34:34 UTC
# Analysis Method:              XPS
# Analyzer:                     PHOIBOS MCD5 Analyzer
# Analyzer Lens:                LargeArea:1.5kV
# Analyzer Slit:                5:7x20\B:open
# Scan Mode:                    FixedAnalyzerTransmission
# Curves/Scan:                  1
# Values/Curve:                 331
# Dwell Time:                   0.1
# Excitation Energy:            1486.61
# Binding Energy:               90
# Pass Energy:                  50
# Bias Voltage:                 90
# Detector Voltage:             3000
# Eff. Workfunction:            4.543
# Source:                       X-Ray Dummy
# Comment:                      
#
# Cycle: 0
# Number of Scans: 2
#
# Cycle: 0, Curve: 0
# Acquisition Date:             07/22/26 20:34:34 UTC
#
# ColumnLabels:                 energy counts/s
#
90  5336.3132
89.9  5518.2383
89.8  5681.661
89.7  5950.1045
89.6  5748.0338
89.5  6088.3882
89.4  6432.7261
89.3  6757.389
89.2  6747.5598
89.1  6976.2342
89  7074.65
88.9  7572.6506
88.8  7859.1096
88.7  8023.9056
88.6  7897.3063
88.5  7995.7679
88.4  7759.2772
88.3  8046.8417
88.2  7525.5365
88.1  7876.4918
88  7686.1036
87.9  7732.233
87.8  7642.5965
87.7  7119.0881
87.6  6840.5387
87.5  6901.7985
87.4  6636.4546
87.3  6235.3482
87.2  6265.4106
87.1  5899.117
87  5746.5292
86.9  5729.2428
86.8  5549.0749
86.7  5584.3617
86.6  5502.8076
86.5  5583.9284
86.4  5324.4114
86.3  5401.3757
86.2  5448.0047
86.1  5757.4258
86  6145.4895
85.9  6253.3515
85.8  6279.1903
85.7  6611.9274
85.6  6924.8871
85.5  6960.3639
85.4  7447.226
85.3  7583.6632
85.2  7932.5491
85.1  7918.5289
85  8242.7721
84.9  8331.4046
84.8  8480.3206
84.7  8333.3034
84.6  8642.9318
84.5  8089.8369
84.4  8353.4268
84.3  8015.1387
84.2  7788.5134
84.1  7514.236
84  7335.8577
83.9  6910.5798
83.8  6474.3001
83.7  6165.4998
83.6  5800.4744
83.5  5612.5332
83.4  5408.3867
83.3  5131.9499
83.2  4630.9174
83.1  4667.619
83  4261.3373
82.9  4061.8546
82.8  4145.2684
82.7  4050.8638
82.6  3771.1202
82.5  3471.5897
82.4  3449.2217
82.3  3730.2589
82.2  3516.2794
82.1  3624.7323
82  3368.5612
81.9  3533.3521
81.8  3403.1263
81.7  3564.1616
81.6  3620.1986
81.5  3438.2411
81.4  3256.0463
81.3  3597.3111
81.2  3441.492
81.1  3308.4326
81  3430.883
80.9  3397.6732
80.8  3305.3283
80.7  3514.84
80.6  3608.1012
80.5  3762.0823
80.4  3762.8318
80.3  3750.2283
80.2  3928.7365
80.1  3859.5671
80  3828.2098
79.9  3817.9116
79.8  3693.1867
79.7  3858.1452
79.6  4047.7955
79.5  3941.7111
79.4  3862.7368
79.3  3782.3693
79.2  3863.0295
79.1  4003.672
79  3964.7205
78.9  4014.5864
78.8  3847.0313
78.7  3931.2975
78.6  3882.2397
78.5  3886.8123
78.4  4066.8718
78.3  3800.1585
78.2  3698.7972
78.1  3683.9662
78  3650.2904
77.9  3369.6007
77.8  3511.7141
77.7  3502.8634
77.6  3681.9843
77.5  3533.7415
77.4  3289.9846
77.3  3437.7478
77.2  3299.2489
77.1  3310.2491
77  3366.1279
76.9  3287.8047
76.8  3235.4225
76.7  3402.9353
76.6  3556.1285
76.5  3288.7159
76.4  3313.6761
76.3  3334.5307
76.2  3061.8365
76.1  3054.0531
76  3077.314
75.9  3110.333
75.8  3189.4719
75.7  3384.7812
75.6  3475.7445
75.5  3259.917
75.4  3221.848
75.3  3399.7795
75.2  3328.0423
75.1  3292.1765
75  3492.5445
74.9  3327.0457
74.8  3283.9907
74.7  3337.9154
74.6  3090.2811
74.5  3381.8245
74.4  3489.1566
74.3  3329.2899
74.2  3248.4897
74.1  3182.5282
74  3250.5482
73.9  3110.5026
73.8  3135.8943
73.7  3223.2448
73.6  3309.4883
73.5  3216.5861
73.4  3007.5033
73.3  3165.0305
73.2  2922.8741
73.1  3037.9194
73  3183.5614
72.9  3088.0476
72.8  3235.5394
72.7  3011.8055
72.6  2861.0811
72.5  2945.3919
72.4  2881.2878
72.3  2704.0282
72.2  2962.8947
72.1  2924.9928
72  2827.5765
71.9  2682.796
71.8  2727.3606
71.7  2959.6627
71.6  2994.0661
71.5  2943.3656
71.4  2946.7844
71.3  2691.5364
71.2  2903.9937
71.1  2648.7631
71  2790.9864
70.9  2643.0171
70.8  2612.7419
70.7  2733.5787
70.6  2929.6078
70.5  2724.3247
70.4  2815.2673
70.3  2842.588
70.2  2744.3365
70.1  2718.7039
70  2904.8183
69.9  2635.868
69.8  2621.006
69.7  2530.0757
69.6  2654.3912
69.5  2635.7822
69.4  2680.0475
69.3  2730.1697
69.2  2647.5787
69.1  2881.4059
69  2828.8895
68.9  2823.4644
68.8  2701.6741
68.7  2807.1573
68.6  2952.3249
68.5  2833.6703
68.4  2676.9018
68.3  2780.4476
68.2  2797.6349
68.1  2792.9128
68  2675.7611
67.9  2811.3248
67.8  2716.4598
67.7  2809.2149
67.6  2657.406
67.5  2850.3892
67.4  2733.723
67.3  2665.9299
67.2  2716.619
67.1  2574.5686
67  2712.7722
66.9  2580.444
66.8  2635.4167
66.7  2706.0968
66.6  2731.3901
66.5  2782.3367
66.4  2822.5349
66.3  2877.6607
66.2  2481.6003
66.1  2452.2002
66  2605.9484
65.9  2889.7159
65.8  2757.4423
65.7  2780.6824
65.6  2760.6155
65.5  2575.8424
65.4  2676.9196
65.3  2720.4587
65.2  2716.7928
65.1  2688.154
65  2735.4307
64.9  2647.407
64.8  2638.2384
64.7  2605.7991
64.6  2833.9881
64.5  2714.1447
64.4  2603.683
64.3  2709.7589
64.2  2599.1411
64.1  2705.7753
64  2668.3768
63.9  2736.7968
63.8  2744.2242
63.7  2734.909
63.6  2661.4067
63.5  2686.3912
63.4  2700.38
63.3  2745.8653
63.2  2538.1652
63.1  2609.6246
63  2400.3883
62.9  2485.0355
62.8  2516.6425
62.7  2572.9778
62.6  2681.1408
62.5  2739.3766
62.4  2769.0698
62.3  2754.1233
62.2  2632.2209
62.1  2594.4473
62  2650.3383
61.9  2586.4992
61.8  2775.1041
61.7  2760.3948
61.6  2429.3113
61.5  2700.9931
61.4  2557.586
61.3  2612.5338
61.2  2557.927
61.1  2588.5318
61  2625.3694
60.9  2595.7813
60.8  2650.2842
60.7  2775.6321
60.6  2768.4204
60.5  2825.3883
60.4  2895.1309
60.3  2728.0658
60.2  2754.8169
60.1  2807.9062
60  2804.5024
59.9  2767.3594
59.8  2725.522
59.7  2621.857
59.6  2766.483
59.5  2796.7992
59.4  2764.4924
59.3  2818.0337
59.2  2710.6662
59.1  2819.8765
59  2950.2187
58.9  2966.3247
58.8  2790.5674
58.7  2939.8885
58.6  2785.7497
58.5  2705.4248
58.4  3024.1412
58.3  2799.7697
58.2  2701.4905
58.1  2986.3444
58  3072.6024
57.9  2927.961
57.8  2907.626
57.7  2727.0768
57.6  2807.5308
57.5  3083.556
57.4  2911.0245
57.3  2730.1966
57.2  2879.0044
57.1  2943.2313
57  2983.754

# Operation:                    Peak Fit
# Range Start:                  90
# Range End:                    70.5317
# Parameter: "Transition" = 
# Parameter: "Label" = 
# Parameter: "Background Method" = Tougaard
# Parameter: "Peak Shape" = Voigt
# Parameter: "Asymmetric Peak" = false
# Parameter: "FWHM-Annotation" = S-B = <Signal-BG:@>\nFWHM = <FWHM:@>\nArea = <Area:@>
# Parameter: "Peak-Annotation" = <Label>\n<Transition>\nE = <Center:@>
#
# Result:
# Number of Results:            2
# Parameter: "Transition" = 
# Parameter: "Label" = 
# Parameter: "Center" = 84.684328373425387 eV +- 0.014322085740012808
# Parameter: "Area" = 15245.385926536288 cps eV +- 242.82161465510117
# Parameter: "FWHM (Lorentzian)" = 1.9890723712971419 eV +- 0.08187129108427281
# Parameter: "FWHM (Gaussian)" = 0.0010170780810907802 eV +- 101.99323528963708
# Parameter: "Asymmetry" = 0 +- 0
# Parameter: "Tougaard B" = 106324.90432332671 eV^2 +- 2075.5846685830725
# Parameter: "Tougaard C" = 1643 eV^2 +- 0
# Parameter: "FWHM" = 1.9890736565885345 eV
# Parameter: "Baseline Offset" = 3143.0441232371604 cps +- 14.747707363017932
# Parameter: "Abbe factor" = 0.051858532010633042
# Parameter: "Reduced Chi Square" = 12.406941200004599
# Parameter: "Q Probability" = 0
# Parameter: "Number of performed iterations" = 21
# Parameter: "Fit termination reason" = ConvergedInParameter
# Parameter: "Signal" = 8645.3591864378068 cps
# Parameter: "Signal-BG" = 4879.416369036353 cps
#
# Result Name:                  Background
# Number of Curves:             1
#
# Curve:                        0
# Values/Curve:                 197
#
90  7347.8766
89.90102  7252.2638
89.802041  7158.0299
89.703061  7065.1468
89.604082  6973.5874
89.505102  6883.3248
89.406122  6794.3329
89.307143  6706.5861
89.208163  6620.0595
89.109184  6534.7288
89.010204  6450.5703
88.911224  6367.5608
88.812245  6285.6779
88.713265  6204.8999
88.614286  6125.2057
88.515306  6046.5748
88.416327  5968.9876
88.317347  5892.4252
88.218367  5816.8694
88.119388  5742.3029
88.020408  5668.7094
87.921429  5596.0733
87.822449  5524.3801
87.723469  5453.6164
87.62449  5383.7697
87.52551  5314.8289
87.426531  5246.7843
87.327551  5179.6275
87.228571  5113.3517
87.129592  5047.9517
87.030612  4983.4245
86.931633  4919.7689
86.832653  4856.9864
86.733673  4795.0807
86.634694  4734.059
86.535714  4673.9312
86.436735  4614.7116
86.337755  4556.4182
86.238776  4499.074
86.139796  4442.7076
86.040816  4387.3533
85.941837  4333.0527
85.842857  4279.8546
85.743878  4227.8166
85.644898  4177.0051
85.545918  4127.4964
85.446939  4079.3761
85.347959  4032.7391
85.24898  3987.6877
85.15  3944.3287
85.05102  3902.7687
84.952041  3863.1079
84.853061  3825.4317
84.754082  3789.8028
84.655102  3756.2532
84.556122  3724.7801
84.457143  3695.3441
84.358163  3667.8735
84.259184  3642.2699
84.160204  3618.4173
84.061224  3596.1896
83.962245  3575.4584
83.863265  3556.0978
83.764286  3537.9885
83.665306  3521.0196
83.566327  3505.0897
83.467347  3490.1069
83.368367  3475.9886
83.269388  3462.6609
83.170408  3450.0577
83.071429  3438.1199
82.972449  3426.7948
82.873469  3416.0353
82.77449  3405.7991
82.67551  3396.0482
82.576531  3386.7487
82.477551  3377.8697
82.378571  3369.3833
82.279592  3361.2645
82.180612  3353.4901
82.081633  3346.0394
81.982653  3338.8933
81.883673  3332.0343
81.784694  3325.4463
81.685714  3319.1146
81.586735  3313.0255
81.487755  3307.1666
81.388776  3301.526
81.289796  3296.0931
81.190816  3290.8578
81.091837  3285.8107
80.992857  3280.943
80.893878  3276.2467
80.794898  3271.714
80.695918  3267.3378
80.596939  3263.1114
80.497959  3259.0284
80.39898  3255.0829
80.3  3251.2692
80.20102  3247.5822
80.102041  3244.0166
80.003061  3240.5679
79.904082  3237.2315
79.805102  3234.0031
79.706122  3230.8787
79.607143  3227.8545
79.508163  3224.9269
79.409184  3222.0923
79.310204  3219.3474
79.211224  3216.6891
79.112245  3214.1143
79.013265  3211.6203
78.914286  3209.2042
78.815306  3206.8634
78.716327  3204.5954
78.617347  3202.3978
78.518367  3200.2684
78.419388  3198.2048
78.320408  3196.205
78.221429  3194.2669
78.122449  3192.3887
78.023469  3190.5683
77.92449  3188.8041
77.82551  3187.0943
77.726531  3185.4372
77.627551  3183.8312
77.528571  3182.2748
77.429592  3180.7665
77.330612  3179.3049
77.231633  3177.8886
77.132653  3176.5163
77.033673  3175.1866
76.934694  3173.8984
76.835714  3172.6505
76.736735  3171.4417
76.637755  3170.2709
76.538776  3169.1371
76.439796  3168.0391
76.340816  3166.9761
76.241837  3165.947
76.142857  3164.9509
76.043878  3163.9869
75.944898  3163.0542
75.845918  3162.1518
75.746939  3161.279
75.647959  3160.4351
75.54898  3159.6191
75.45  3158.8304
75.35102  3158.0683
75.252041  3157.3321
75.153061  3156.6211
75.054082  3155.9346
74.955102  3155.2721
74.856122  3154.6329
74.757143  3154.0165
74.658163  3153.4222
74.559184  3152.8495
74.460204  3152.2979
74.361224  3151.7669
74.262245  3151.256
74.163265  3150.7646
74.064286  3150.2923
73.965306  3149.8387
73.866327  3149.4033
73.767347  3148.9857
73.668367  3148.5855
73.569388  3148.2022
73.470408  3147.8355
73.371429  3147.485
73.272449  3147.1503
73.173469  3146.8311
73.07449  3146.5271
72.97551  3146.2379
72.876531  3145.9632
72.777551  3145.7026
72.678571  3145.4559
72.579592  3145.2229
72.480612  3145.0031
72.381633  3144.7964
72.282653  3144.6024
72.183673  3144.421
72.084694  3144.2518
71.985714  3144.0947
71.886735  3143.9494
71.787755  3143.8157
71.688776  3143.6933
71.589796  3143.5822
71.490816  3143.4819
71.391837  3143.3925
71.292857  3143.3137
71.193878  3143.2452
71.094898  3143.187
70.995918  3143.1389
70.896939  3143.1007
70.797959  3143.0723
70.69898  3143.0535
70.6  3143.0441

# Result Name:                  Peak Fit
# Number of Curves:             1
#
# Curve:                        0
# Values/Curve:                 197
#
90  7512.9019
89.90102  7423.3891
89.802041  7335.5953
89.703061  7249.518
89.604082  7165.1576
89.505102  7082.5179
89.406122  7001.6062
89.307143  6922.4335
89.208163  6845.0153
89.109184  6769.3719
89.010204  6695.5286
88.911224  6623.5168
88.812245  6553.3743
88.713265  6485.1462
88.614286  6418.8859
88.515306  6354.6559
88.416327  6292.5292
88.317347  6232.5906
88.218367  6174.9382
88.119388  6119.6853
88.020408  6066.9626
87.921429  6016.9206
87.822449  5969.7327
87.723469  5925.5984
87.62449  5884.7472
87.52551  5847.4435
87.426531  5813.992
87.327551  5784.7438
87.228571  5760.1039
87.129592  5740.54
87.030612  5726.5922
86.931633  5718.8847
86.832653  5718.1386
86.733673  5725.1866
86.634694  5740.9888
86.535714  5766.6493
86.436735  5803.4325
86.337755  5852.777
86.238776  5916.303
86.139796  5995.8087
86.040816  6093.2448
85.941837  6210.6544
85.842857  6350.0564
85.743878  6513.2436
85.644898  6701.4599
85.545918  6914.9127
85.446939  7152.0914
85.347959  7408.8954
85.24898  7677.6639
85.15  7946.3463
85.05102  8198.2397
84.952041  8412.8519
84.853061  8568.3265
84.754082  8645.3342
84.655102  8631.4594
84.556122  8524.4365
84.457143  8332.7709
84.358163  8073.4455
84.259184  7767.7913
84.160204  7437.2256
84.061224  7100.1684
83.962245  6770.5733
83.863265  6457.7976
83.764286  6167.2616
83.665306  5901.4007
83.566327  5660.5956
83.467347  5443.9359
83.368367  5249.7847
83.269388  5076.1635
83.170408  4920.9994
83.071429  4782.2721
82.972449  4658.0944
82.873469  4546.7498
82.77449  4446.7036
82.67551  4356.5992
82.576531  4275.2464
82.477551  4201.6056
82.378571  4134.7712
82.279592  4073.9553
82.180612  4018.4728
82.081633  3967.7274
81.982653  3921.1996
81.883673  3878.4362
81.784694  3839.0412
81.685714  3802.6678
81.586735  3769.0116
81.487755  3737.8049
81.388776  3708.8118
81.289796  3681.8237
81.190816  3656.656
81.091837  3633.1449
80.992857  3611.1443
80.893878  3590.5244
80.794898  3571.1687
80.695918  3552.9732
80.596939  3535.8443
80.497959  3519.698
80.39898  3504.4584
80.3  3490.0569
80.20102  3476.4317
80.102041  3463.5264
80.003061  3451.2899
79.904082  3439.6757
79.805102  3428.6414
79.706122  3418.1483
79.607143  3408.1608
79.508163  3398.6465
79.409184  3389.5756
79.310204  3380.9206
79.211224  3372.6562
79.112245  3364.7592
79.013265  3357.208
78.914286  3349.9828
78.815306  3343.0651
78.716327  3336.4378
78.617347  3330.0851
78.518367  3323.9922
78.419388  3318.1455
78.320408  3312.532
78.221429  3307.1399
78.122449  3301.958
78.023469  3296.976
77.92449  3292.184
77.82551  3287.573
77.726531  3283.1343
77.627551  3278.8599
77.528571  3274.7422
77.429592  3270.7742
77.330612  3266.9492
77.231633  3263.2608
77.132653  3259.7031
77.033673  3256.2705
76.934694  3252.9576
76.835714  3249.7595
76.736735  3246.6715
76.637755  3243.689
76.538776  3240.8078
76.439796  3238.0238
76.340816  3235.3333
76.241837  3232.7325
76.142857  3230.2182
76.043878  3227.7869
75.944898  3225.4355
75.845918  3223.1612
75.746939  3220.961
75.647959  3218.8323
75.54898  3216.7725
75.45  3214.7791
75.35102  3212.8499
75.252041  3210.9825
75.153061  3209.175
75.054082  3207.4251
74.955102  3205.731
74.856122  3204.0909
74.757143  3202.5028
74.658163  3200.9652
74.559184  3199.4764
74.460204  3198.0349
74.361224  3196.639
74.262245  3195.2875
74.163265  3193.9788
74.064286  3192.7118
73.965306  3191.485
73.866327  3190.2974
73.767347  3189.1476
73.668367  3188.0347
73.569388  3186.9575
73.470408  3185.915
73.371429  3184.9062
73.272449  3183.9301
73.173469  3182.9858
73.07449  3182.0724
72.97551  3181.189
72.876531  3180.3349
72.777551  3179.5092
72.678571  3178.7112
72.579592  3177.9401
72.480612  3177.1953
72.381633  3176.476
72.282653  3175.7816
72.183673  3175.1114
72.084694  3174.465
71.985714  3173.8415
71.886735  3173.2406
71.787755  3172.6617
71.688776  3172.1041
71.589796  3171.5675
71.490816  3171.0514
71.391837  3170.5551
71.292857  3170.0784
71.193878  3169.6208
71.094898  3169.1819
70.995918  3168.7611
70.896939  3168.3583
70.797959  3167.9729
70.69898  3167.6046
70.6  3167.2531

# Region:                       Al 2p Extended
# Spectrum ID:                  4
# Acquisition Date:             07/22/26 20:47:26 UTC
# Analysis Method:              XPS
# Analyzer:                     PHOIBOS MCD5 Analyzer
# Analyzer Lens:                LargeArea:1.5kV
# Analyzer Slit:                5:7x20\B:open
# Scan Mode:                    FixedAnalyzerTransmission
# Curves/Scan:                  1
# Values/Curve:                 1331
# Dwell Time:                   0.1
# Excitation Energy:            1486.61
# Binding Energy:               190
# Pass Energy:                  50
# Bias Voltage:                 90
# Detector Voltage:             3000
# Eff. Workfunction:            4.543
# Source:                       X-Ray Dummy
# Comment:                      
#
# Cycle: 0
# Number of Scans: 5
#
# Cycle: 0, Curve: 0
# Acquisition Date:             07/22/26 20:47:26 UTC
#
# ColumnLabels:                 energy counts/s
#
190  4271.6617
189.9  4259.2802
189.8  4125.6952
189.7  4087.7929
189.6  4184.8492
189.5  4146.7144
189.4  4181.6966
189.3  4085.9249
189.2  4212.7293
189.1  4123.4433
189  4095.4638
188.9  4141.2777
188.8  4167.8025
188.7  4128.9592
188.6  4219.3533
188.5  4337.0967
188.4  4089.3533
188.3  3985.3873
188.2  4149.9224
188.1  4242.3394
188  4369.5473
187.9  4256.1407
187.8  4192.6203
187.7  4271.2835
187.6  4236.689
187.5  4021.5472
187.4  4120.2193
187.3  4232.4331
187.2  4214.812
187.1  4164.0359
187  4025.529
186.9  4037.6993
186.8  4202.5645
186.7  4146.6232
186.6  4168.9653
186.5  4224.4788
186.4  4085.9126
186.3  3908.3589
186.2  4148.1502
186.1  4137.8411
186  4134.3448
185.9  4111.4649
185.8  4096.373
185.7  4049.0967
185.6  4023.0126
185.5  4130.6928
185.4  4097.6977
185.3  4229.5374
185.2  4049.0258
185.1  4089.7788
185  4149.4629
184.9  4236.2169
184.8  4098.0179
184.7  4002.6032
184.6  4072.0023
184.5  4050.8132
184.4  3994.1199
184.3  4153.3847
184.2  4192.3386
184.1  4000.5314
184  4222.1443
183.9  4152.2174
183.8  4214.191
183.7  4157.8085
183.6  4145.2919
183.5  4158.3998
183.4  4125.3097
183.3  4227.8255
183.2  4163.7118
183.1  4059.8199
183  4331.35
182.9  4227.5386
182.8  4302.7176
182.7  4076.6743
182.6  4184.1194
182.5  4209.7395
182.4  4168.9615
182.3  4255.6167
182.2  4185.9561
182.1  4201.3499
182  4129.89
181.9  4201.6262
181.8  4127.707
181.7  4262.1663
181.6  4093.3653
181.5  4216.9752
181.4  4093.5058
181.3  3985.1221
181.2  4018.3387
181.1  4207.1867
181  4221.448
180.9  4214.2731
180.8  4068.8909
180.7  4078.4448
180.6  4128.6341
180.5  4132.6784
180.4  4181.5884
180.3  4092.5097
180.2  4098.8733
180.1  4131.3829
180  4215.5589
179.9  4271.3181
179.8  4258.2625
179.7  4245.2492
179.6  4206.3315
179.5  4189.2137
179.4  4191.1991
179.3  4295.6825
179.2  4336.3942
179.1  4054.6613
179  4188.2522
178.9  4128.3225
178.8  3961.8331
178.7  4079.0152
178.6  4130.367
178.5  4106.6498
178.4  3950.2607
178.3  4158.2274
178.2  4158.6215
178.1  4043.6117
178  4080.3152
177.9  4037.515
177.8  4249.103
177.7  4178.1944
177.6  4133.3267
177.5  4125.41
177.4  4249.724
177.3  4126.2366
177.2  4119.8248
177.1  4211.7907
177  4129.0611
176.9  4144.0779
176.8  4081.8316
176.7  4242.3404
176.6  4159.7251
176.5  4272.6051
176.4  4059.7621
176.3  4208.1464
176.2  4054.8535
176.1  4133.5993
176  4199.6038
175.9  4056.8562
175.8  4174.1026
175.7  4138.3161
175.6  4143.6307
175.5  4174.7828
175.4  4233.8537
175.3  4292.4544
175.2  4224.3097
175.1  4203.4233
175  4054.9429
174.9  4099.6429
174.8  4191.462
174.7  4216.2471
174.6  4180.945
174.5  4247.3163
174.4  4324.0102
174.3  4193.5568
174.2  4167.0732
174.1  4137.7473
174  4119.3269
173.9  4208.3973
173.8  4306.83
173.7  4039.0035
173.6  4134.1365
173.5  4167.6906
173.4  4043.412
173.3  4115.3258
173.2  4210.7479
173.1  4147.5656
173  4187.2354
172.9  4377.9482
172.8  4191.4621
172.7  4128.8903
172.6  4173.1054
172.5  4217.191
172.4  4175.4155
172.3  4064.5696
172.2  3917.2656
172.1  4093.5493
172  4103.8211
171.9  4038.4449
171.8  4231.1639
171.7  4055.924
171.6  4196.2918
171.5  4027.1426
171.4  4027.5437
171.3  4084.2346
171.2  4046.05
171.1  4085.129
171  4083.4575
170.9  4116.1844
170.8  4119.0439
170.7  4211.6332
170.6  4131.212
170.5  4168.2498
170.4  4055.8673
170.3  4053.7332
170.2  4222.0055
170.1  4227.1354
170  4279.2052
169.9  4203.0754
169.8  4224.4667
169.7  4173.9238
169.6  4073.5909
169.5  4084.5486
169.4  4113.6825
169.3  4065.7512
169.2  4085.2031
169.1  4214.859
169  4102.7614
168.9  3980.0103
168.8  4092.5324
168.7  4073.6294
168.6  4158.7265
168.5  3982.1195
168.4  4140.224
168.3  4124.6877
168.2  4098.9487
168.1  4165.7713
168  4125.0452
167.9  4216.0125
167.8  4152.4439
167.7  4196.3976
167.6  4131.9142
167.5  4014.9214
167.4  4037.1178
167.3  4119.3015
167.2  4188.0744
167.1  4160.02
167  4193.9912
166.9  4274.9895
166.8  4132.7099
166.7  4123.2476
166.6  4173.7693
166.5  4281.7104
166.4  4206.2409
166.3  4141.7518
166.2  4078.7498
166.1  4221.5609
166  4298.3038
165.9  4127.8204
165.8  4188.4873
165.7  4185.1311
165.6  4153.1451
165.5  4158.1204
165.4  4217.9232
165.3  4187.6039
165.2  4021.4939
165.1  4058.2552
165  4133.2378
164.9  4127.1957
164.8  4222.2342
164.7  4140.6013
164.6  4103.4903
164.5  4061.8222
164.4  4030.1583
164.3  4057.4216
164.2  4054.5677
164.1  4035.0245
164  4162.5951
163.9  4280.2634
163.8  4032.5782
163.7  4149.5586
163.6  4243.1642
163.5  4176.4625
163.4  4186.0885
163.3  4022.252
163.2  4114.3782
163.1  4153.869
163  4144.9615
162.9  4102.697
162.8  4265.1215
162.7  4197.8195
162.6  4058.872
162.5  4135.4004
162.4  4218.6768
162.3  4155.5022
162.2  4287.5703
162.1  4279.5039
162  4271.4967
161.9  4190.2171
161.8  4119.5261
161.7  4192.6195
161.6  4269.848
161.5  4168.0988
161.4  4203.3717
161.3  4267.7043
161.2  4218.1679
161.1  4203.493
161  4211.1452
160.9  4252.8684
160.8  4266.4094
160.7  4109.0081
160.6  4075.8895
160.5  4238.9332
160.4  4152.7099
160.3  4226.2291
160.2  4279.9171
160.1  4251.1245
160  4199.6322
159.9  4204.6466
159.8  4397.5063
159.7  4316.8324
159.6  4289.2806
159.5  4280.5046
159.4  4248.0548
159.3  4321.0247
159.2  4172.8342
159.1  4248.2953
159  4430.6943
158.9  4216.4022
158.8  4261.3024
158.7  4285.3741
158.6  4408.6553
158.5  4289.7788
158.4  4385.018
158.3  4477.0541
158.2  4298.3846
158.1  4438.229
158  4514.9444
157.9  4456.8545
157.8  4461.8984
157.7  4469.3859
157.6  4504.1823
157.5  4393.9586
157.4  4555.9782
157.3  4487.0185
157.2  4507.0998
157.1  4559.7454
157  4504.8933
156.9  4411.3795
156.8  4651.9404
156.7  4724.8253
156.6  4664.504
156.5  4501.7016
156.4  4657.6416
156.3  4559.8126
156.2  4604.5242
156.1  4571.859
156  4609.0741
155.9  4554.9902
155.8  4491.9834
155.7  4383.9331
155.6  4508.7491
155.5  4618.183
155.4  4256.7848
155.3  4540.0211
155.2  4444.8862
155.1  4585.157
155  4515.1292
154.9  4443.9607
154.8  4551.3048
154.7  4451.1924
154.6  4352.6138
154.5  4476.4395
154.4  4413.5507
154.3  4482.0586
154.2  4505.1304
154.1  4399.7002
154  4428.345
153.9  4347.1633
153.8  4508.8985
153.7  4430.1685
153.6  4364.0306
153.5  4199.2446
153.4  4339.5109
153.3  4220.1698
153.2  4343.6579
153.1  4324.5641
153  4186.2445
152.9  4298.1982
152.8  4241.6606
152.7  4226.3644
152.6  4257.0307
152.5  4202.6264
152.4  4201.6981
152.3  4319.5301
152.2  4172.9724
152.1  4203.3834
152  4213.9595
151.9  4146.6203
151.8  4106.0445
151.7  4098.1441
151.6  4110.9467
151.5  4216.2512
151.4  4201.3465
151.3  4281.1528
151.2  4235.228
151.1  4247.5062
151  4214.6654
150.9  4042.9772
150.8  4272.4032
150.7  4186.8917
150.6  4138.4779
150.5  4126.5297
150.4  4130.0778
150.3  4109.8999
150.2  4180.547
150.1  4191.4082
150  4246.738
149.9  4359.4615
149.8  4263.1376
149.7  4106.8118
149.6  4120.4187
149.5  4226.4778
149.4  4254.7
149.3  4293.3474
149.2  4173.6127
149.1  4207.173
149  4205.9404
148.9  4078.9098
148.8  4243.6098
148.7  4297.0235
148.6  4171.0818
148.5  4142.4146
148.4  4301.4695
148.3  4278.7058
148.2  4269.9186
148.1  4264.4019
148  4165.0334
147.9  4162.3274
147.8  4412.5017
147.7  4280.7509
147.6  4122.7019
147.5  4101.0909
147.4  4312.4602
147.3  4082.9508
147.2  4182.3826
147.1  4339.8774
147  4300.4138
146.9  4347.4475
146.8  4275.5633
146.7  4364.1293
146.6  4248.2846
146.5  4183.5243
146.4  4028.9096
146.3  4235.1252
146.2  4230.6577
146.1  4289.5148
146  4289.0548
145.9  4248.1188
145.8  4208.2211
145.7  4114.4675
145.6  4272.9912
145.5  4354.3262
145.4  4212.9322
145.3  4246.3682
145.2  4319.2397
145.1  4275.6698
145  4275.6529
144.9  4325.796
144.8  4163.6835
144.7  4201.8806
144.6  4430.1739
144.5  4309.0561
144.4  4219.1377
144.3  4200.4759
144.2  4283.2737
144.1  4237.336
144  4191.6879
143.9  4262.2748
143.8  4343.7439
143.7  4254.5763
143.6  4131.283
143.5  4196.5208
143.4  4393.8419
143.3  4275.5707
143.2  4175.9039
143.1  4199.6704
143  4334.6778
142.9  4307.8047
142.8  4250.8374
142.7  4176.2891
142.6  4331.8116
142.5  4275.2906
142.4  4234.516
142.3  4233.6021
142.2  4255.8383
142.1  4353.6753
142  4268.6917
141.9  4383.9316
141.8  4343.8946
141.7  4220.9325
141.6  4239.6101
141.5  4208.0353
141.4  4435.3746
141.3  4337.1119
141.2  4218.9612
141.1  4289.9999
141  4316.4519
140.9  4412.9083
140.8  4337.994
140.7  4439.413
140.6  4308.4707
140.5  4453.4415
140.4  4379.1513
140.3  4164.5973
140.2  4267.263
140.1  4350.4597
140  4314.2986
139.9  4322.5704
139.8  4305.733
139.7  4290.4529
139.6  4361.2562
139.5  4232.8513
139.4  4221.8452
139.3  4210.9782
139.2  4327.456
139.1  4348.9692
139  4300.7332
138.9  4187.069
138.8  4249.2515
138.7  4258.2598
138.6  4202.9854
138.5  4278.3736
138.4  4307.3323
138.3  4299.6239
138.2  4124.3836
138.1  4213.6908
138  4181.6175
137.9  4273.9759
137.8  4229.2293
137.7  4237.6345
137.6  4259.9419
137.5  4362.5245
137.4  4153.2458
137.3  4213.7441
137.2  4187.7554
137.1  4264.132
137  4202.857
136.9  4264.4485
136.8  4146.6986
136.7  4113.6029
136.6  4198.8302
136.5  4056.7617
136.4  4141.9249
136.3  4314.8327
136.2  4311.5271
136.1  4234.2169
136  4136.3315
135.9  4236.8421
135.8  4183.4622
135.7  4228.9104
135.6  4283.7787
135.5  4083.3297
135.4  4219.9863
135.3  4130.5254
135.2  4137.3853
135.1  4187.7681
135  4185.5671
134.9  4295.4452
134.8  4288.7868
134.7  4027.0715
134.6  4190.9627
134.5  4152.6213
134.4  4272.0311
134.3  4291.3964
134.2  4282.1684
134.1  4285.3432
134  4059.5479
133.9  4128.0992
133.8  3972.2218
133.7  4148.5678
133.6  4129.0732
133.5  4266.4983
133.4  4160.1362
133.3  4113.8723
133.2  4435.5552
133.1  4188.9719
133  4097.2823
132.9  4145.7712
132.8  4060.6165
132.7  4256.452
132.6  4274.7944
132.5  4193.8386
132.4  4141.5456
132.3  4083.319
132.2  4231.0692
132.1  4188.3419
132  4403.8938
131.9  4303.1979
131.8  4355.5218
131.7  4445.2969
131.6  4177.3443
131.5  4101.9546
131.4  4096.9022
131.3  4094.1187
131.2  4070.111
131.1  4050.1612
131  4074.7519
130.9  4351.5493
130.8  4025.3589
130.7  4230.3508
130.6  4201.6607
130.5  4273.7692
130.4  4211.8964
130.3  4127.0203
130.2  4270.7522
130.1  4349.8843
130  4347.3893
129.9  4182.3157
129.8  4113.559
129.7  4231.4467
129.6  4302.31
129.5  4212.1653
129.4  4467.9567
129.3  4338.6927
129.2  4406.2695
129.1  4264.2637
129  4279.4243
128.9  4382.2753
128.8  4220.6422
128.7  4221.6272
128.6  4234.7765
128.5  4225.307
128.4  4318.9247
128.3  4219.5602
128.2  4265.9712
128.1  4168.0043
128  4235.7584
127.9  4459.6108
127.8  4347.171
127.7  4379.2452
127.6  4425.715
127.5  4322.3816
127.4  4389.3432
127.3  4352.7649
127.2  4305.2521
127.1  4436.5793
127  4393.6842
126.9  4316.7036
126.8  4462.5784
126.7  4515.7168
126.6  4402.0758
126.5  4373.8007
126.4  4623.0892
126.3  4608.7886
126.2  4577.5288
126.1  4611.2269
126  4778.0172
125.9  4668.1111
125.8  4733.6267
125.7  4712.3179
125.6  4690.1463
125.5  4714.8269
125.4  4811.0906
125.3  4809.5684
125.2  4869.6892
125.1  4821.1025
125  4821.4615
124.9  5008.5839
124.8  4927.4418
124.7  4847.3561
124.6  4896.8223
124.5  5025.8412
124.4  4862.051
124.3  5080.9104
124.2  4919.1417
124.1  4930.9251
124  4914.461
123.9  4958.87
123.8  4920.9973
123.7  5010.0867
123.6  4942.5027
123.5  4768.5697
123.4  4788.6196
123.3  4840.956
123.2  4756.9236
123.1  4808.9104
123  4762.0232
122.9  4583.5851
122.8  4618.4118
122.7  4770.6127
122.6  4598.4031
122.5  4574.2379
122.4  4602.9281
122.3  4640.8387
122.2  4537.5244
122.1  4442.6373
122  4541.5515
121.9  4567.4064
121.8  4582.3669
121.7  4500.6899
121.6  4309.1821
121.5  4367.9015
121.4  4338.2844
121.3  4183.5897
121.2  4333.5041
121.1  4490.8694
121  4413.3849
120.9  4271.9584
120.8  4211.0926
120.7  4302.8424
120.6  4282.6077
120.5  4177.3772
120.4  4217.5754
120.3  4278.3917
120.2  4258.4206
120.1  4271.6942
120  4223.9724
119.9  4041.5779
119.8  3944.8093
119.7  4109.9488
119.6  4227.0659
119.5  4196.9102
119.4  4151.1783
119.3  4175.8661
119.2  4193.1146
119.1  4284.929
119  4161.7157
118.9  4270.1052
118.8  4169.3462
118.7  4027.7794
118.6  4109.0389
118.5  4190.6502
118.4  4374.7162
118.3  4266.5184
118.2  4151.0181
118.1  4003.588
118  4183.3598
117.9  4070.6504
117.8  4044.7284
117.7  4150.8905
117.6  4259.4994
117.5  4118.9691
117.4  4108.4678
117.3  4120.9015
117.2  4078.1956
117.1  4261.3052
117  4224.148
116.9  4268.5889
116.8  4308.4896
116.7  4285.5046
116.6  4144.1395
116.5  4074.4497
116.4  4137.4379
116.3  4235.094
116.2  4366.4236
116.1  4154.6979
116  4150.8105
115.9  4186.9112
115.8  4269.19
115.7  4216.1434
115.6  4278.0812
115.5  4160.0194
115.4  4244.2824
115.3  4254.6904
115.2  4238.0352
115.1  4238.3617
115  4297.0671
114.9  4271.2116
114.8  4143.7437
114.7  4297.1614
114.6  4321.8417
114.5  4156.8031
114.4  4203.6649
114.3  4214.5871
114.2  4237.2524
114.1  4260.2981
114  4228.8888
113.9  4285.2291
113.8  4331.5939
113.7  4162.4529
113.6  4366.4932
113.5  4317.2498
113.4  4341.4785
113.3  4288.8443
113.2  4390.5897
113.1  4320.1808
113  4322.9495
112.9  4360.0305
112.8  4258.717
112.7  4466.2113
112.6  4351.1986
112.5  4463.2053
112.4  4488.4187
112.3  4449.7302
112.2  4451.4446
112.1  4377.7265
112  4383.834
111.9  4345.9827
111.8  4458.8067
111.7  4500.4995
111.6  4455.8761
111.5  4490.4209
111.4  4405.7474
111.3  4533.8825
111.2  4584.339
111.1  4607.4867
111  4598.1835
110.9  4554.8912
110.8  4633.7578
110.7  4432.1549
110.6  4578.5073
110.5  4560.0953
110.4  4543.7853
110.3  4533.2866
110.2  4509.9873
110.1  4500.6474
110  4588.6442
109.9  4745.026
109.8  4701.7448
109.7  4580.5615
109.6  4576.6376
109.5  4561.7318
109.4  4695.6416
109.3  4479.2225
109.2  4577.3817
109.1  4535.5337
109  4512.3867
108.9  4558.9755
108.8  4580.026
108.7  4559.1802
108.6  4595.3293
108.5  4570.2079
108.4  4587.4169
108.3  4540.0795
108.2  4524.3633
108.1  4641.3339
108  4618.3525
107.9  4541.5993
107.8  4690.6758
107.7  4884.3898
107.6  4769.7348
107.5  4622.4261
107.4  4779.0328
107.3  4792.9123
107.2  4890.6477
107.1  4979.8691
107  4817.8633
106.9  5036.9348
106.8  5117.5328
106.7  5156.2218
106.6  5178.2959
106.5  5278.9909
106.4  5156.3242
106.3  5409.9341
106.2  5484.5596
106.1  5426.1441
106  5536.7023
105.9  5496.4203
105.8  5523.5549
105.7  5672.1399
105.6  5518.7998
105.5  5560.3497
105.4  5692.3402
105.3  5763.1361
105.2  5758.5208
105.1  5788.4776
105  5720.1628
104.9  5771.2208
104.8  5852.5386
104.7  5970.8903
104.6  5676.7913
104.5  5804.3492
104.4  5781.6982
104.3  5689.5392
104.2  5706.0088
104.1  5617.5795
104  5705.8656
103.9  5579.5055
103.8  5520.5946
103.7  5372.1827
103.6  5263.6214
103.5  5312.3437
103.4  5103.2876
103.3  5082.9834
103.2  5131.0046
103.1  5032.7453
103  5025.8202
102.9  5019.1937
102.8  4888.0786
102.7  4842.1395
102.6  4770.1349
102.5  4599.8602
102.4  4593.336
102.3  4588.8698
102.2  4563.4587
102.1  4578.0167
102  4374.531
101.9  4400.4977
101.8  4466.6682
101.7  4397.292
101.6  4359.9812
101.5  4279.049
101.4  4345.685
101.3  4282.7752
101.2  4167.3064
101.1  4238.8769
101  4273.7691
100.9  4228.4589
100.8  4057.7846
100.7  4001.5357
100.6  4299.3282
100.5  4270.8197
100.4  4263.9124
100.3  4055.3161
100.2  4062.1246
100.1  4092.2843
100  4138.9794
99.9  4171.2516
99.8  4097.9166
99.7  4124.854
99.6  4151.2997
99.5  4059.2135
99.4  4000.1145
99.3  4040.3733
99.2  4230.9609
99.1  4185.7469
99  4031.9628
98.9  3986.0682
98.8  4052.8036
98.7  4129.5861
98.6  3934.0461
98.5  3891.4864
98.4  3998.8755
98.3  3888.2222
98.2  3969.1476
98.1  3923.8521
98  3916.9266
97.9  3916.5611
97.8  4063.3349
97.7  4153.9232
97.6  4074.3513
97.5  3907.661
97.4  4055.2659
97.3  3987.967
97.2  3969.4401
97.1  4113.1718
97  3935.4605
96.9  3976.9608
96.8  3994.7202
96.7  3950.3019
96.6  3875.6855
96.5  3824.951
96.4  3903.0734
96.3  3927.9934
96.2  4032.8037
96.1  4123.8637
96  4147.3677
95.9  4067.0326
95.8  3918.3691
95.7  4134.7762
95.6  4084.5938
95.5  4041.1118
95.4  4123.0538
95.3  4048.4434
95.2  4139.3637
95.1  4085.5337
95  3908.6565
94.9  3997.8902
94.8  4121.5677
94.7  4025.8375
94.6  3945.0671
94.5  4155.7859
94.4  3985.8274
94.3  4254.848
94.2  4101.7612
94.1  4059.4986
94  4124.9453
93.9  4306.5485
93.8  3976.2565
93.7  4077.5136
93.6  4205.1398
93.5  4302.0397
93.4  4239.1886
93.3  4125.7589
93.2  4129.5084
93.1  4219.0203
93  4131.251
92.9  4238.5983
92.8  4259.7021
92.7  4208.0922
92.6  4263.2947
92.5  4201.3057
92.4  4213.2908
92.3  4207.8516
92.2  4305.547
92.1  4229.5088
92  4215.4556
91.9  4274.8794
91.8  4151.1742
91.7  4254.2963
91.6  4418.3756
91.5  4321.7105
91.4  4516.5537
91.3  4391.477
91.2  4289.9885
91.1  4368.5726
91  4527.2374
90.9  4376.6584
90.8  4691.0695
90.7  4661.4549
90.6  4802.0994
90.5  4848.2437
90.4  4826.3008
90.3  5040.0447
90.2  5093.5235
90.1  5215.3894
90  5270.6135
89.9  5628.1843
89.8  5578.0069
89.7  5838.1127
89.6  6000.7687
89.5  6255.0226
89.4  6370.3025
89.3  6633.8213
89.2  6676.7955
89.1  7079.6879
89  7370.5364
88.9  7429.5916
88.8  7510.8954
88.7  7537.8913
88.6  7721.9609
88.5  7867.6106
88.4  7873.6491
88.3  7935.8194
88.2  7822.5228
88.1  7970.6005
88  7852.136
87.9  7499.9704
87.8  7521.9445
87.7  7384.4754
87.6  6976.7602
87.5  6690.3431
87.4  6677.0817
87.3  6379.9899
87.2  6026.0131
87.1  5846.7286
87  5728.6062
86.9  5561.6969
86.8  5522.2374
86.7  5431.546
86.6  5541.6419
86.5  5570.7182
86.4  5647.7209
86.3  5535.2328
86.2  5645.1308
86.1  5903.9518
86  5992.4627
85.9  6246.7938
85.8  6403.9097
85.7  6548.7018
85.6  6887.874
85.5  7245.0045
85.4  7333.1921
85.3  7596.5611
85.2  7822.6413
85.1  8036.6409
85  8271.4409
84.9  8367.3251
84.8  8403.5132
84.7  8293.6534
84.6  8247.462
84.5  8469.692
84.4  8083.5452
84.3  7865.1354
84.2  7752.9419
84.1  7510.8993
84  7085.4315
83.9  6851.5555
83.8  6598.9547
83.7  6185.0548
83.6  6026.0677
83.5  5555.5969
83.4  5160.6398
83.3  5010.3278
83.2  4683.2144
83.1  4431.7365
83  4302.6226
82.9  4315.4792
82.8  4045.3787
82.7  3772.0327
82.6  3724.2436
82.5  3785.9129
82.4  3568.1805
82.3  3563.2528
82.2  3539.9868
82.1  3401.9576
82  3596.6496
81.9  3553.6889
81.8  3585.8398
81.7  3419.3642
81.6  3349.1542
81.5  3321.3529
81.4  3481.6392
81.3  3634.4297
81.2  3688.4749
81.1  3518.1207
81  3490.9839
80.9  3586.7219
80.8  3603.6747
80.7  3636.8785
80.6  3591.2091
80.5  3606.6264
80.4  3628.864
80.3  3745.7157
80.2  3725.4885
80.1  3844.0489
80  3707.5299
79.9  3781.0526
79.8  3885.8683
79.7  3904.7276
79.6  3888.4418
79.5  3952.8352
79.4  3920.8764
79.3  3883.7377
79.2  3845.7726
79.1  3964.857
79  3951.863
78.9  3871.5002
78.8  4014.2236
78.7  4073.5581
78.6  3771.7202
78.5  4004.9921
78.4  3790.3832
78.3  3850.2788
78.2  3772.3471
78.1  3678.4264
78  3685.1241
77.9  3559.6296
77.8  3476.7522
77.7  3678.8915
77.6  3586.3188
77.5  3608.0109
77.4  3421.3754
77.3  3319.1439
77.2  3512.9721
77.1  3445.568
77  3387.1344
76.9  3330.9777
76.8  3403.0459
76.7  3361.4623
76.6  3225.5829
76.5  3302.8433
76.4  3343.2372
76.3  3332.4106
76.2  3267.6244
76.1  3369.1537
76  3427.4325
75.9  3310.9884
75.8  3395.3825
75.7  3453.0567
75.6  3320.1858
75.5  3359.1193
75.4  3423.5128
75.3  3358.2823
75.2  3231.7509
75.1  3337.199
75  3319.8918
74.9  3455.5375
74.8  3370.5349
74.7  3298.4554
74.6  3214.6863
74.5  3262.0044
74.4  3197.8436
74.3  3178.9113
74.2  3233.3729
74.1  3290.8223
74  3258.2341
73.9  3117.2437
73.8  3223.234
73.7  3187.0172
73.6  3111.4925
73.5  3057.5009
73.4  3185.6336
73.3  3072.8144
73.2  3063.9053
73.1  2964.0516
73  2923.1396
72.9  3150.2883
72.8  3101.5417
72.7  3093.0358
72.6  2951.9361
72.5  2960.2894
72.4  3010.3939
72.3  2957.5104
72.2  2946.9883
72.1  2938.1528
72  2919.6079
71.9  2914.2612
71.8  2831.1042
71.7  2808.9661
71.6  2808.6143
71.5  2773.2908
71.4  2832.7461
71.3  2758.415
71.2  2751.2641
71.1  2664.98
71  2742.1416
70.9  2811.7555
70.8  2812.4384
70.7  2710.1591
70.6  2754.4921
70.5  2658.6435
70.4  2649.2962
70.3  2740.6874
70.2  2773.7102
70.1  2683.1486
70  2729.0846
69.9  2718.2793
69.8  2635.4662
69.7  2635.8859
69.6  2712.1885
69.5  2845.4201
69.4  2843.7601
69.3  2854.7231
69.2  2868.1723
69.1  2688.7957
69  2653.3723
68.9  2738.8563
68.8  2788.3147
68.7  2792.1194
68.6  2801.3058
68.5  2711.116
68.4  2766.8805
68.3  2810.4315
68.2  2792.766
68.1  2837.5204
68  2729.3059
67.9  2760.2694
67.8  2805.0116
67.7  2808.1146
67.6  2705.4863
67.5  2758.3572
67.4  2758.4705
67.3  2674.6927
67.2  2667.7083
67.1  2652.8247
67  2799.9692
66.9  2714.9885
66.8  2711.5654
66.7  2702.4649
66.6  2763.1443
66.5  2687.5379
66.4  2779.2741
66.3  2711.8963
66.2  2742.7286
66.1  2714.5086
66  2702.6212
65.9  2561.8588
65.8  2679.0758
65.7  2697.5626
65.6  2598.3436
65.5  2699.087
65.4  2835.2905
65.3  2691.5498
65.2  2684.8137
65.1  2650.3237
65  2760.9481
64.9  2676.8906
64.8  2675.4866
64.7  2648.594
64.6  2632.3477
64.5  2653.5049
64.4  2708.7786
64.3  2805.5556
64.2  2676.0875
64.1  2652.3593
64  2697.6342
63.9  2729.7497
63.8  2601.8698
63.7  2631.4781
63.6  2555.3341
63.5  2605.345
63.4  2614.4652
63.3  2632.2
63.2  2654.1734
63.1  2641.1176
63  2600.3843
62.9  2552.3161
62.8  2577.8197
62.7  2735.3977
62.6  2711.2548
62.5  2687.2722
62.4  2736.9871
62.3  2617.4044
62.2  2632.2208
62.1  2744.6607
62  2608.1826
61.9  2551.7276
61.8  2693.088
61.7  2752.4629
61.6  2782.553
61.5  2720.8835
61.4  2650.626
61.3  2620.9384
61.2  2448.496
61.1  2542.5601
61  2635.0569
60.9  2704.7099
60.8  2651.8765
60.7  2714.0754
60.6  2674.8803
60.5  2595.4015
60.4  2744.0503
60.3  2595.5121
60.2  2619.2267
60.1  2687.8995
60  2681.0271
59.9  2624.8777
59.8  2821.1083
59.7  2642.3952
59.6  2693.7779
59.5  2779.6516
59.4  2798.1879
59.3  2834.8496
59.2  2801.4491
59.1  2692.9658
59  2734.5461
58.9  2862.0528
58.8  2806.4442
58.7  2873.1841
58.6  2865.7235
58.5  2680.5683
58.4  2765.3011
58.3  2829.0717
58.2  2965.8042
58.1  2854.5519
58  2799.5966
57.9  2879.8427
57.8  2949.623
57.7  2967.1029
57.6  2915.4606
57.5  2885.3116
57.4  2945.5466
57.3  2791.9705
57.2  2907.1138
57.1  2944.8345
57  2850.7556

# Operation:                    Peak Fit
# Range Start:                  90
# Range End:                    70.5317
# Parameter: "Transition" = 
# Parameter: "Label" = 
# Parameter: "Background Method" = Tougaard
# Parameter: "Peak Shape" = Voigt
# Parameter: "Asymmetric Peak" = false
# Parameter: "FWHM-Annotation" = S-B = <Signal-BG:@>\nFWHM = <FWHM:@>\nArea = <Area:@>
# Parameter: "Peak-Annotation" = <Label>\n<Transition>\nE = <Center:@>
#
# Result:
# Number of Results:            2
# Parameter: "Transition" = 
# Parameter: "Label" = 
# Parameter: "Center" = 84.704713557150399 eV +- 0.0092891061162187066
# Parameter: "Area" = 15220.771829127054 cps eV +- 139.88983699623361
# Parameter: "FWHM (Lorentzian)" = 2.0210269548391882 eV +- 0.026323187972564468
# Parameter: "FWHM (Gaussian)" = 2.1694360330155881e-08 eV +- 0.0071342785052981011
# Parameter: "Asymmetry" = 0 +- 0
# Parameter: "Tougaard B" = 105710.71792769482 eV^2 +- 1107.072715994889
# Parameter: "Tougaard C" = 1643 eV^2 +- 0
# Parameter: "FWHM" = 2.0210276930739273 eV
# Parameter: "Baseline Offset" = 3162.1756310155697 cps +- 8.5941802244502785
# Parameter: "Abbe factor" = 0.02900625823633881
# Parameter: "Reduced Chi Square" = 29.238134331071532
# Parameter: "Q Probability" = 0
# Parameter: "Number of performed iterations" = 17
# Parameter: "Fit termination reason" = ConvergedInParameter
# Parameter: "Signal" = 8581.5468522498104 cps
# Parameter: "Signal-BG" = 4794.5151220849384 cps
#
# Result Name:                  Background
# Number of Curves:             1
#
# Curve:                        0
# Values/Curve:                 193
#
90  7316.1288
89.898958  7219.7735
89.797917  7124.8295
89.696875  7031.268
89.595833  6939.0605
89.494792  6848.1794
89.39375  6758.5974
89.292708  6670.2881
89.191667  6583.2258
89.090625  6497.3852
88.989583  6412.7418
88.888542  6329.272
88.7875  6246.9525
88.686458  6165.7611
88.585417  6085.676
88.484375  6006.6764
88.383333  5928.7422
88.282292  5851.8542
88.18125  5775.9941
88.080208  5701.1443
87.979167  5627.2884
87.878125  5554.411
87.777083  5482.4977
87.676042  5411.5354
87.575  5341.5122
87.473958  5272.4177
87.372917  5204.2427
87.271875  5136.9802
87.170833  5070.6245
87.069792  5005.1721
86.96875  4940.6219
86.867708  4876.975
86.766667  4814.2355
86.665625  4752.4104
86.564583  4691.5105
86.463542  4631.5504
86.3625  4572.5491
86.261458  4514.5308
86.160417  4457.5253
86.059375  4401.5691
85.958333  4346.7057
85.857292  4292.9867
85.75625  4240.4727
85.655208  4189.2335
85.554167  4139.3491
85.453125  4090.9093
85.352083  4044.0128
85.251042  3998.7655
85.15  3955.2767
85.048958  3913.6541
84.947917  3873.9963
84.846875  3836.3847
84.745833  3800.8747
84.644792  3767.4887
84.54375  3736.2122
84.442708  3706.9941
84.341667  3679.7517
84.240625  3654.3775
84.139583  3630.7485
84.038542  3608.7341
83.9375  3588.203
83.836458  3569.0283
83.735417  3551.0905
83.634375  3534.2792
83.533333  3518.494
83.432292  3503.6441
83.33125  3489.6482
83.230208  3476.4335
83.129167  3463.935
83.028125  3452.0948
82.927083  3440.8609
82.826042  3430.1871
82.725  3420.0318
82.623958  3410.3577
82.522917  3401.1313
82.421875  3392.3223
82.320833  3383.9032
82.219792  3375.8492
82.11875  3368.1376
82.017708  3360.7479
81.916667  3353.6611
81.815625  3346.86
81.714583  3340.3288
81.613542  3334.0528
81.5125  3328.0184
81.411458  3322.2133
81.310417  3316.6259
81.209375  3311.2454
81.108333  3306.0619
81.007292  3301.066
80.90625  3296.2492
80.805208  3291.6031
80.704167  3287.1203
80.603125  3282.7936
80.502083  3278.6163
80.401042  3274.5821
80.3  3270.6851
80.198958  3266.9196
80.097917  3263.2803
79.996875  3259.7623
79.895833  3256.3609
79.794792  3253.0715
79.69375  3249.8898
79.592708  3246.8119
79.491667  3243.834
79.390625  3240.9522
79.289583  3238.1633
79.188542  3235.4638
79.0875  3232.8507
78.986458  3230.3209
78.885417  3227.8714
78.784375  3225.4997
78.683333  3223.203
78.582292  3220.9789
78.48125  3218.8249
78.380208  3216.7387
78.279167  3214.7182
78.178125  3212.7612
78.077083  3210.8656
77.976042  3209.0295
77.875  3207.2511
77.773958  3205.5285
77.672917  3203.8601
77.571875  3202.2441
77.470833  3200.6789
77.369792  3199.163
77.26875  3197.695
77.167708  3196.2734
77.066667  3194.8967
76.965625  3193.5638
76.864583  3192.2732
76.763542  3191.0239
76.6625  3189.8145
76.561458  3188.644
76.460417  3187.5111
76.359375  3186.415
76.258333  3185.3545
76.157292  3184.3286
76.05625  3183.3363
75.955208  3182.3768
75.854167  3181.4492
75.753125  3180.5525
75.652083  3179.6859
75.551042  3178.8486
75.45  3178.0399
75.348958  3177.2589
75.247917  3176.505
75.146875  3175.7773
75.045833  3175.0754
74.944792  3174.3983
74.84375  3173.7456
74.742708  3173.1166
74.641667  3172.5107
74.540625  3171.9273
74.439583  3171.3658
74.338542  3170.8257
74.2375  3170.3065
74.136458  3169.8076
74.035417  3169.3286
73.934375  3168.869
73.833333  3168.4282
73.732292  3168.006
73.63125  3167.6017
73.530208  3167.2151
73.429167  3166.8456
73.328125  3166.4929
73.227083  3166.1567
73.126042  3165.8365
73.025  3165.5319
72.923958  3165.2427
72.822917  3164.9685
72.721875  3164.709
72.620833  3164.4638
72.519792  3164.2327
72.41875  3164.0154
72.317708  3163.8115
72.216667  3163.6208
72.115625  3163.4431
72.014583  3163.2781
71.913542  3163.1255
71.8125  3162.9851
71.711458  3162.8566
71.610417  3162.7399
71.509375  3162.6348
71.408333  3162.5409
71.307292  3162.4582
71.20625  3162.3865
71.105208  3162.3254
71.004167  3162.275
70.903125  3162.2349
70.802083  3162.2051
70.701042  3162.1854
70.6  3162.1756

# Result Name:                  Peak Fit
# Number of Curves:             1
#
# Curve:                        0
# Values/Curve:                 193
#
90  7484.5961
89.898958  7394.6174
89.797917  7306.4142
89.696875  7219.9854
89.595833  7135.3331
89.494792  7052.463
89.39375  6971.3849
89.292708  6892.1129
89.191667  6814.6659
89.090625  6739.0682
88.989583  6665.3499
88.888542  6593.548
88.7875  6523.7067
88.686458  6455.8787
88.585417  6390.126
88.484375  6326.5213
88.383333  6265.1492
88.282292  6206.108
88.18125  6149.5116
88.080208  6095.4914
87.979167  6044.1992
87.878125  5995.8103
87.777083  5950.5265
87.676042  5908.5806
87.575  5870.2409
87.473958  5835.8171
87.372917  5805.6667
87.271875  5780.2027
87.170833  5759.9021
87.069792  5745.3169
86.96875  5737.0853
86.867708  5735.9453
86.766667  5742.7498
86.665625  5758.4824
86.564583  5784.2745
86.463542  5821.4213
86.3625  5871.3944
86.261458  5935.8484
86.160417  6016.6123
86.059375  6115.6584
85.958333  6235.0303
85.857292  6376.709
85.75625  6542.3846
85.655208  6733.0948
85.554167  6948.6889
85.453125  7187.0907
85.352083  7443.3835
85.251042  7708.8405
85.15  7970.1929
85.048958  8209.6166
84.947917  8406.0022
84.846875  8537.8506
84.745833  8587.464
84.644792  8545.2039
84.54375  8412.0866
84.442708  8199.4973
84.341667  7926.1625
84.240625  7613.7767
84.139583  7282.9856
84.038542  6950.7943
83.9375  6629.5737
83.836458  6327.2516
83.735417  6048.1192
83.634375  5793.8069
83.533333  5564.1724
83.432292  5357.9993
83.33125  5173.4977
83.230208  5008.6384
83.129167  4861.3603
83.028125  4729.6909
82.927083  4611.809
82.826042  4506.0711
82.725  4411.0155
82.623958  4325.3553
82.522917  4247.9643
82.421875  4177.8606
82.320833  4114.19
82.219792  4056.21
82.11875  4003.2751
82.017708  3954.8237
81.916667  3910.3666
81.815625  3869.4769
81.714583  3831.7814
81.613542  3796.9533
81.5125  3764.7056
81.411458  3734.7857
81.310417  3706.9709
81.209375  3681.0644
81.108333  3656.8916
81.007292  3634.2975
80.90625  3613.1443
80.805208  3593.3086
80.704167  3574.6805
80.603125  3557.1611
80.502083  3540.6619
80.401042  3525.1029
80.3  3510.4121
80.198958  3496.5245
80.097917  3483.3811
79.996875  3470.9284
79.895833  3459.1176
79.794792  3447.9046
79.69375  3437.2489
79.592708  3427.1134
79.491667  3417.4645
79.390625  3408.271
79.289583  3399.5044
79.188542  3391.1386
79.0875  3383.1492
78.986458  3375.5142
78.885417  3368.2128
78.784375  3361.2261
78.683333  3354.5362
78.582292  3348.1269
78.48125  3341.983
78.380208  3336.0903
78.279167  3330.4355
78.178125  3325.0065
78.077083  3319.7917
77.976042  3314.7804
77.875  3309.9626
77.773958  3305.3289
77.672917  3300.8706
77.571875  3296.5793
77.470833  3292.4473
77.369792  3288.4673
77.26875  3284.6325
77.167708  3280.9364
77.066667  3277.3729
76.965625  3273.9362
76.864583  3270.621
76.763542  3267.4222
76.6625  3264.3348
76.561458  3261.3543
76.460417  3258.4763
76.359375  3255.6968
76.258333  3253.0119
76.157292  3250.4178
76.05625  3247.911
75.955208  3245.4881
75.854167  3243.1461
75.753125  3240.8819
75.652083  3238.6926
75.551042  3236.5754
75.45  3234.5278
75.348958  3232.5473
75.247917  3230.6315
75.146875  3228.7781
75.045833  3226.985
74.944792  3225.25
74.84375  3223.5713
74.742708  3221.9469
74.641667  3220.3751
74.540625  3218.854
74.439583  3217.3821
74.338542  3215.9577
74.2375  3214.5794
74.136458  3213.2456
74.035417  3211.955
73.934375  3210.7063
73.833333  3209.4981
73.732292  3208.3293
73.63125  3207.1985
73.530208  3206.1048
73.429167  3205.047
73.328125  3204.0241
73.227083  3203.035
73.126042  3202.0788
73.025  3201.1545
72.923958  3200.2613
72.822917  3199.3983
72.721875  3198.5647
72.620833  3197.7596
72.519792  3196.9824
72.41875  3196.2322
72.317708  3195.5083
72.216667  3194.8101
72.115625  3194.137
72.014583  3193.4881
71.913542  3192.8631
71.8125  3192.2612
71.711458  3191.6819
71.610417  3191.1247
71.509375  3190.5891
71.408333  3190.0744
71.307292  3189.5803
71.20625  3189.1063
71.105208  3188.6518
71.004167  3188.2166
70.903125  3187.8001
70.802083  3187.402
70.701042  3187.0219
70.6  3186.6593

# Region:                       Mo 3d
# Spectrum ID:                  5
# Acquisition Date:             07/22/26 20:52:01 UTC
# Analysis Method:              XPS
# Analyzer:                     PHOIBOS MCD5 Analyzer
# Analyzer Lens:                LargeArea:1.5kV
# Analyzer Slit:                5:7x20\B:open
# Scan Mode:                    FixedAnalyzerTransmission
# Curves/Scan:                  1
# Values/Curve:                 421
# Dwell Time:                   0.1
# Excitation Energy:            1486.61
# Binding Energy:               257
# Pass Energy:                  50
# Bias Voltage:                 90
# Detector Voltage:             3000
# Eff. Workfunction:            4.543
# Source:                       X-Ray Dummy
# Comment:                      
#
# Cycle: 0
# Number of Scans: 5
#
# Cycle: 0, Curve: 0
# Acquisition Date:             07/22/26 20:52:01 UTC
#
# ColumnLabels:                 energy counts/s
#
257  4296.7471
256.9  4241.4578
256.8  4272.0552
256.7  4273.4452
256.6  4211.8942
256.5  4236.2384
256.4  4272.8846
256.3  4289.1881
256.2  4384.8057
256.1  4329.4008
256  4312.2118
255.9  4208.7998
255.8  4231.9025
255.7  4196.3674
255.6  4436.9121
255.5  4237.472
255.4  4125.9076
255.3  4064.3075
255.2  4226.6166
255.1  4327.6987
255  4344.802
254.9  4237.0221
254.8  4354.53
254.7  4255.4495
254.6  4324.4171
254.5  4247.2823
254.4  4147.6726
254.3  4206.6508
254.2  4165.5187
254.1  4303.5841
254  4123.1906
253.9  4136.9036
253.8  4092.4837
253.7  4211.7114
253.6  4280.9722
253.5  4325.1325
253.4  4100.2402
253.3  4202.1622
253.2  4237.9873
253.1  4226.626
253  4249.5694
252.9  4306.0973
252.8  4125.5278
252.7  4284.3085
252.6  4401.2786
252.5  4384.9626
252.4  4373.8174
252.3  4238.5019
252.2  4233.4714
252.1  4218.0442
252  4264.8881
251.9  4306.9002
251.8  4289.6605
251.7  4218.2265
251.6  4205.3995
251.5  4185.8397
251.4  4303.6331
251.3  4153.2552
251.2  4230.0784
251.1  4239.0718
251  4266.9382
250.9  4220.3201
250.8  4240.8236
250.7  4376.6236
250.6  4261.047
250.5  4179.9912
250.4  4265.9596
250.3  4211.1338
250.2  4117.3159
250.1  4169.1441
250  4332.6742
249.9  4280.2104
249.8  4266.1735
249.7  4328.9622
249.6  4262.5374
249.5  4372.0381
249.4  4276.3174
249.3  4284.0108
249.2  4311.2691
249.1  4293.8026
249  4314.2527
248.9  4409.3751
248.8  4357.8037
248.7  4278.2893
248.6  4285.0621
248.5  4289.4488
248.4  4385.8588
248.3  4388.632
248.2  4235.6816
248.1  4282.5797
248  4138.6934
247.9  4307.008
247.8  4203.5208
247.7  4191.177
247.6  4114.5769
247.5  4323.7329
247.4  4288.8041
247.3  4230.5456
247.2  4262.2532
247.1  4313.548
247  4285.6608
246.9  4137.4553
246.8  4240.5705
246.7  4374.6795
246.6  4243.6334
246.5  4179.1401
246.4  4324.9308
246.3  4443.3531
246.2  4218.5238
246.1  4411.2743
246  4396.3039
245.9  4396.9418
245.8  4338.4581
245.7  4264.7339
245.6  4228.0211
245.5  4365.6669
245.4  4194.614
245.3  4202.0169
245.2  4430.0637
245.1  4378.1179
245  4284.6569
244.9  4284.7185
244.8  4306.3662
244.7  4309.6977
244.6  4337.1788
244.5  4381.9035
244.4  4359.148
244.3  4300.7185
244.2  4139.8692
244.1  4488.3557
244  4219.2681
243.9  4228.3863
243.8  4289.1984
243.7  4195.7581
243.6  4389.3782
243.5  4300.1985
243.4  4431.27
243.3  4316.5441
243.2  4414.2864
243.1  4340.0146
243  4405.5802
242.9  4424.4257
242.8  4432.5186
242.7  4416.8715
242.6  4308.798
242.5  4331.5451
242.4  4393.6012
242.3  4234.4729
242.2  4309.3893
242.1  4438.3193
242  4456.1476
241.9  4214.0935
241.8  4287.3353
241.7  4350.6825
241.6  4265.2298
241.5  4395.8399
241.4  4173.1128
241.3  4291.5181
241.2  4242.1318
241.1  4294.0104
241  4295.5341
240.9  4309.1198
240.8  4218.09
240.7  4329.9813
240.6  4293.5544
240.5  4193.8352
240.4  4157.7435
240.3  4198.2481
240.2  4404.443
240.1  4362.6192
240  4406.8229
239.9  4245.9012
239.8  4092.4799
239.7  4165.5656
239.6  4301.354
239.5  4186.907
239.4  4217.5955
239.3  4122.7484
239.2  4265.8424
239.1  4362.8994
239  4355.2747
238.9  4257.6649
238.8  4271.7893
238.7  4144.1243
238.6  4209.1304
238.5  4244.8177
238.4  4193.1394
238.3  4307.8017
238.2  4324.7787
238.1  4358.6522
238  4343.8378
237.9  4296.6961
237.8  4260.2302
237.7  4332.3088
237.6  4353.6031
237.5  4199.4549
237.4  4301.6361
237.3  4281.533
237.2  4359.011
237.1  4183.3394
237  4299.8305
236.9  4269.6422
236.8  4188.1932
236.7  4214.4039
236.6  4281.9451
236.5  4266.9677
236.4  4328.6145
236.3  4245.6183
236.2  4277.9697
236.1  4387.1312
236  4322.5611
235.9  4097.184
235.8  4068.3755
235.7  4058.5709
235.6  4186.5411
235.5  4309.6787
235.4  4269.7963
235.3  4201.9341
235.2  4306.4443
235.1  4248.8079
235  4162.1223
234.9  4373.9382
234.8  4445.3895
234.7  4328.3067
234.6  4200.9194
234.5  4106.0205
234.4  4203.5808
234.3  4158.5101
234.2  4134.2774
234.1  4191.2224
234  4302.3761
233.9  4394.5338
233.8  4363.3103
233.7  4228.5459
233.6  4260.0438
233.5  4340.854
233.4  4171.6008
233.3  4219.2643
233.2  4384.6678
233.1  4435.5255
233  4341.9192
232.9  4166.7101
232.8  4349.9959
232.7  4211.3141
232.6  4168.9927
232.5  4297.9148
232.4  4244.6013
232.3  4260.6948
232.2  4222.8809
232.1  4265.2742
232  4232.5061
231.9  4086.8661
231.8  4251.5367
231.7  4228.1506
231.6  4369.3138
231.5  4177.3245
231.4  4165.8032
231.3  4231.8719
231.2  4298.5427
231.1  4411.6114
231  4336.0623
230.9  4454.7911
230.8  4228.1381
230.7  4326.3367
230.6  4248.17
230.5  4193.4379
230.4  4256.1117
230.3  4187.3081
230.2  4229.2855
230.1  4252.369
230  4271.4413
229.9  4259.8111
229.8  4271.0481
229.7  4214.0097
229.6  4217.8365
229.5  4437.0866
229.4  4310.5035
229.3  4393.6429
229.2  4243.6218
229.1  4182.1186
229  4122.7526
228.9  4181.4522
228.8  4256.5997
228.7  4164.3949
228.6  4133.3788
228.5  4286.3417
228.4  4152.1181
228.3  4303.9245
228.2  4354.5091
228.1  4323.8969
228  4153.7354
227.9  4303.628
227.8  4289.6309
227.7  4186.4171
227.6  4180.8152
227.5  4322.3817
227.4  4295.8267
227.3  4181.5452
227.2  4137.7236
227.1  4097.3402
227  4172.3006
226.9  4121.5652
226.8  4044.6523
226.7  4180.7984
226.6  4123.787
226.5  4177.831
226.4  4142.8434
226.3  4224.3513
226.2  4268.8653
226.1  4252.9943
226  4240.5997
225.9  4325.7215
225.8  4247.4631
225.7  4153.5165
225.6  4087.758
225.5  4280.9763
225.4  4187.849
225.3  4108.2227
225.2  4244.899
225.1  4091.052
225  4195.6439
224.9  4077.9667
224.8  4059.8754
224.7  4074.2414
224.6  4191.7818
224.5  4060.1348
224.4  4188.8568
224.3  4250.4042
224.2  4243.5011
224.1  4267.0708
224  4043.2143
223.9  4147.8169
223.8  4249.3417
223.7  4084.037
223.6  4199.47
223.5  4148.3393
223.4  4129.8885
223.3  4261.4314
223.2  4173.3071
223.1  4179.5856
223  4078.6046
222.9  4122.7764
222.8  3968.349
222.7  4074.8271
222.6  4152.9584
222.5  4224.3214
222.4  4314.5438
222.3  4308.3972
222.2  4170.9894
222.1  4106.355
222  4022.675
221.9  4178.3944
221.8  4028.9721
221.7  4128.9364
221.6  4365.8978
221.5  4280.626
221.4  4161.6448
221.3  4047.3185
221.2  4235.6337
221.1  4309.0149
221  4264.6111
220.9  4189.5614
220.8  4234.9521
220.7  4094.1546
220.6  4149.0308
220.5  4223.2796
220.4  4149.197
220.3  4291.8684
220.2  4174.4187
220.1  4129.5957
220  4192.9046
219.9  4086.8134
219.8  4087.1766
219.7  4209.1612
219.6  4299.3532
219.5  4221.1283
219.4  4264.9137
219.3  4261.7553
219.2  4080.2543
219.1  4137.3013
219  4308.2691
218.9  4331.1666
218.8  4347.1669
218.7  4305.4267
218.6  4087.9034
218.5  4413.3017
218.4  4132.5776
218.3  4117.9757
218.2  4277.5344
218.1  4157.4817
218  4222.3113
217.9  4238.0108
217.8  4258.7059
217.7  4128.1777
217.6  4324.9021
217.5  4159.8632
217.4  4179.4295
217.3  4186.381
217.2  4031.2921
217.1  4121.4636
217  4194.0791
216.9  4155.6594
216.8  4109.025
216.7  4183.3644
216.6  4179.1098
216.5  4300.4542
216.4  4172.9916
216.3  4158.526
216.2  4191.1785
216.1  4194.8902
216  4145.4931
215.9  4113.1632
215.8  4239.0438
215.7  4132.7096
215.6  4205.6345
215.5  4147.1685
215.4  4128.5363
215.3  4187.0567
215.2  4168.575
215.1  4101.0996
215  4193.9255

# Region:                       Mo 3d Hi Res
# Spectrum ID:                  6
# Acquisition Date:             07/22/26 20:59:15 UTC
# Analysis Method:              XPS
# Analyzer:                     PHOIBOS MCD5 Analyzer
# Analyzer Lens:                LargeArea:1.5kV
# Analyzer Slit:                5:7x20\B:open
# Scan Mode:                    FixedAnalyzerTransmission
# Curves/Scan:                  1
# Values/Curve:                 421
# Dwell Time:                   0.1
# Excitation Energy:            1486.61
# Binding Energy:               257
# Pass Energy:                  10
# Bias Voltage:                 90
# Detector Voltage:             3000
# Eff. Workfunction:            4.543
# Source:                       X-Ray Dummy
# Comment:                      
#
# Cycle: 0
# Number of Scans: 20
#
# Cycle: 0, Curve: 0
# Acquisition Date:             07/22/26 20:59:15 UTC
#
# ColumnLabels:                 energy counts/s
#
257  292.89882
256.9  313.14232
256.8  321.09305
256.7  333.43337
256.6  315.05196
256.5  336.46953
256.4  321.3313
256.3  331.71366
256.2  316.02229
256.1  310.94741
256  318.33117
255.9  335.76546
255.8  335.00168
255.7  311.4637
255.6  307.14888
255.5  306.70193
255.4  337.88444
255.3  325.6678
255.2  307.31313
255.1  319.75564
255  322.37195
254.9  325.92052
254.8  323.56296
254.7  331.9499
254.6  316.58907
254.5  323.47521
254.4  326.07591
254.3  322.07086
254.2  305.11926
254.1  322.92868
254  307.79539
253.9  315.74805
253.8  330.43091
253.7  321.5528
253.6  333.39241
253.5  328.28807
253.4  327.03658
253.3  319.7405
253.2  331.36377
253.1  343.36262
253  331.85018
252.9  330.03535
252.8  327.41949
252.7  333.40379
252.6  318.02705
252.5  309.2623
252.4  339.99129
252.3  297.81561
252.2  318.32933
252.1  332.18999
252  320.93683
251.9  324.32352
251.8  305.43023
251.7  328.44032
251.6  326.77287
251.5  307.78795
251.4  330.96151
251.3  331.05956
251.2  316.61453
251.1  334.57444
251  309.75752
250.9  334.57323
250.8  316.00384
250.7  323.69362
250.6  314.43855
250.5  328.7955
250.4  311.85068
250.3  293.56011
250.2  315.22945
250.1  338.74682
250  335.56705
249.9  334.18251
249.8  320.20251
249.7  299.293
249.6  305.84601
249.5  319.9448
249.4  324.68063
249.3  334.38285
249.2  333.78045
249.1  316.57637
249  331.62846
248.9  328.67869
248.8  322.36055
248.7  310.0261
248.6  322.54801
248.5  302.87753
248.4  333.94631
248.3  334.49634
248.2  339.83919
248.1  314.59823
248  324.82642
247.9  321.30293
247.8  336.15522
247.7  314.30231
247.6  297.0542
247.5  310.04518
247.4  342.23018
247.3  304.42153
247.2  329.20768
247.1  315.26154
247  307.82033
246.9  309.36162
246.8  324.30021
246.7  341.70992
246.6  323.72129
246.5  307.27515
246.4  329.23746
246.3  319.10521
246.2  312.09613
246.1  310.04146
246  314.74481
245.9  328.07612
245.8  328.37854
245.7  349.60294
245.6  307.02495
245.5  320.78414
245.4  319.07177
245.3  334.00052
245.2  320.665
245.1  335.21253
245  328.74377
244.9  334.46979
244.8  335.97828
244.7  325.53676
244.6  334.87592
244.5  314.71432
244.4  336.6197
244.3  318.09019
244.2  321.77696
244.1  331.09477
244  320.68975
243.9  337.62284
243.8  315.94263
243.7  310.18429
243.6  315.86923
243.5  325.15484
243.4  320.12148
243.3  311.1806
243.2  325.30643
243.1  325.62594
243  342.29563
242.9  318.83619
242.8  330.54382
242.7  319.46589
242.6  327.17903
242.5  323.83805
242.4  321.40012
242.3  339.48236
242.2  325.04361
242.1  308.10206
242  309.44747
241.9  335.65374
241.8  324.87591
241.7  319.9775
241.6  300.694
241.5  315.69974
241.4  321.6162
241.3  329.01591
241.2  321.23448
241.1  325.25602
241  326.38976
240.9  314.70586
240.8  313.07978
240.7  336.59023
240.6  329.97323
240.5  323.19131
240.4  322.36984
240.3  337.44403
240.2  337.97702
240.1  322.10022
240  317.70937
239.9  321.09759
239.8  327.96655
239.7  307.45339
239.6  335.816
239.5  316.09708
239.4  320.2141
239.3  322.85278
239.2  305.27962
239.1  310.82955
239  329.32238
238.9  321.67806
238.8  316.61117
238.7  305.52596
238.6  320.97517
238.5  327.27633
238.4  304.08477
238.3  337.52274
238.2  333.44946
238.1  315.04622
238  312.74699
237.9  309.95458
237.8  315.70632
237.7  324.47937
237.6  308.28532
237.5  313.06903
237.4  317.82211
237.3  344.83404
237.2  315.5629
237.1  332.90697
237  340.81105
236.9  305.09496
236.8  329.0021
236.7  328.18842
236.6  320.39226
236.5  301.32755
236.4  341.43453
236.3  320.57124
236.2  336.72482
236.1  315.25814
236  315.94814
235.9  316.64361
235.8  324.1395
235.7  330.38945
235.6  308.75897
235.5  308.55387
235.4  324.04892
235.3  320.68255
235.2  333.37896
235.1  310.02421
235  314.1029
234.9  315.84387
234.8  314.3415
234.7  322.19052
234.6  301.85261
234.5  306.79916
234.4  303.19689
234.3  321.29081
234.2  307.2388
234.1  301.26251
234  314.81145
233.9  304.55828
233.8  302.69372
233.7  314.84928
233.6  293.69886
233.5  310.59376
233.4  289.92161
233.3  323.946
233.2  322.39434
233.1  324.53336
233  322.96264
232.9  291.84971
232.8  314.68646
232.7  320.45048
232.6  311.03759
232.5  323.75714
232.4  318.35555
232.3  345.64787
232.2  334.62213
232.1  315.81141
232  304.65437
231.9  326.65811
231.8  299.74611
231.7  317.14715
231.6  320.73293
231.5  337.4626
231.4  322.77033
231.3  318.34763
231.2  314.81087
231.1  308.01095
231  313.43056
230.9  315.92312
230.8  304.11232
230.7  317.15922
230.6  329.87888
230.5  318.60328
230.4  325.37631
230.3  322.81003
230.2  327.33207
230.1  327.506
230  310.97188
229.9  332.60237
229.8  295.79367
229.7  324.54775
229.6  309.07971
229.5  313.88871
229.4  329.18224
229.3  316.91019
229.2  307.79078
229.1  301.50148
229  306.94256
228.9  308.27099
228.8  311.88452
228.7  334.74193
228.6  315.90836
228.5  347.78142
228.4  315.18025
228.3  301.74227
228.2  302.19605
228.1  311.60547
228  316.30891
227.9  303.25054
227.8  298.47267
227.7  331.27917
227.6  308.01097
227.5  299.52873
227.4  295.75937
227.3  297.38972
227.2  304.37794
227.1  302.17156
227  305.59794
226.9  313.9565
226.8  304.66763
226.7  325.74324
226.6  321.57729
226.5  329.66364
226.4  303.95173
226.3  290.29636
226.2  323.83436
226.1  311.1742
226  314.55431
225.9  285.13917
225.8  315.13631
225.7  340.86855
225.6  331.73389
225.5  305.26771
225.4  291.92068
225.3  320.66995
225.2  291.29928
225.1  297.23049
225  298.16246
224.9  322.31732
224.8  318.19354
224.7  305.14318
224.6  299.2845
224.5  308.58648
224.4  311.51381
224.3  296.72741
224.2  307.53207
224.1  312.4993
224  292.41883
223.9  330.03443
223.8  320.88773
223.7  313.92335
223.6  325.7219
223.5  296.05808
223.4  335.1256
223.3  325.35896
223.2  303.60367
223.1  312.96902
223  286.96045
222.9  311.53468
222.8  319.87519
222.7  312.6882
222.6  302.31207
222.5  308.95191
222.4  320.90215
222.3  311.78942
222.2  314.18293
222.1  321.91952
222  317.20868
221.9  328.95724
221.8  307.08551
221.7  293.60159
221.6  295.3948
221.5  306.86585
221.4  308.55962
221.3  293.61373
221.2  316.36644
221.1  321.69011
221  310.88198
220.9  310.72439
220.8  310.54598
220.7  314.11964
220.6  313.68628
220.5  322.78209
220.4  301.60992
220.3  293.14133
220.2  302.73413
220.1  323.4331
220  318.75386
219.9  324.73788
219.8  321.38717
219.7  289.41132
219.6  292.06261
219.5  312.61328
219.4  320.95782
219.3  302.7009
219.2  304.73932
219.1  312.704
219  308.34828
218.9  306.80194
218.8  312.42272
218.7  280.88518
218.6  306.36246
218.5  301.76324
218.4  300.04285
218.3  313.70105
218.2  322.53691
218.1  319.76085
218  316.10222
217.9  324.5158
217.8  316.81282
217.7  313.44417
217.6  321.60137
217.5  308.85502
217.4  317.04566
217.3  322.36451
217.2  314.29686
217.1  327.72091
217  328.17303
216.9  328.28708
216.8  315.19179
216.7  310.19058
216.6  326.51082
216.5  294.9764
216.4  318.24506
216.3  305.43546
216.2  305.94305
216.1  315.96666
216  317.10485
215.9  327.6695
215.8  316.13674
215.7  322.26833
215.6  318.82015
215.5  302.22313
215.4  312.77784
215.3  314.15964
215.2  308.27329
215.1  321.6572
215  313.26092

# Operation:                    Multi Peak Fit
# Parameter: "Peak Function" = Voigt
# Parameter: "Background Function" = Tougaard 2
# Parameter: "Baseline" = Constant
# Parameter: "LM Parameters/Max Iterations" = 200
# Parameter: "LM Parameters/Tolerance" = 2.2204459999999999e-16
# Parameter: "Baseline/BL_I/Value" = nan counts
# Parameter: "Peak 1/C/Value" = nan eV
# Parameter: "Peak 1/A/Value" = nan counts eV
# Parameter: "Peak 1/FL/Value" = nan eV
# Parameter: "Peak 1/FG/Value" = nan eV
# Parameter: "Peak 1/a/Value" = 0
# Parameter: "Peak 1/a/Constraint" = Fixed: 0
# Parameter: "Peak 1/TB/Value" = nan eV^2
# Parameter: "Peak 1/TC/Value" = 1643 eV^2
# Parameter: "Peak 1/TC/Constraint" = Fixed: 1643
# Parameter: "Peak 2/C/Value" = nan eV
# Parameter: "Peak 2/A/Value" = nan counts eV
# Parameter: "Peak 2/FL/Value" = nan eV
# Parameter: "Peak 2/FG/Value" = nan eV
# Parameter: "Peak 2/a/Value" = 0
# Parameter: "Peak 2/a/Constraint" = Fixed: 0
# Parameter: "Peak 2/TB/Value" = nan eV^2
# Parameter: "Peak 2/TC/Value" = 1643 eV^2
# Parameter: "Peak 2/TC/Constraint" = Fixed: 1643
#
# Result:
# Number of Results:            5
# Parameter: "Baseline/BL_I/Value" = 631.96227591465333 counts +- 1.3994232437403664
# Parameter: "Peak 1/C/Value" = 1236.6043119523624 eV +- 0.057491604312074361
# Parameter: "Peak 1/C/Constraint" = Restricted: 1229.61 .. 1271.61
# Parameter: "Peak 1/Relative Area/Value" = 20.395638719237905 %
# Parameter: "Peak 1/A/Value" = 11.325795580095654 counts eV +- 5.8584982324898363
# Parameter: "Peak 1/FL/Value" = 0 eV +- 0
# Parameter: "Peak 1/FG/Value" = 0.2267758732496705 eV +- 0.13243262575193654
# Parameter: "Peak 1/F/Value" = 0.2267758732496705 eV
# Parameter: "Peak 1/a/Value" = 0 +- 0
# Parameter: "Peak 1/a/Constraint" = Fixed: 0
# Parameter: "Peak 1/TB/Value" = 0 eV^2 +- 0
# Parameter: "Peak 1/TC/Value" = 1643 eV^2 +- 0
# Parameter: "Peak 1/TC/Constraint" = Fixed: 1643
# Parameter: "Peak 2/C/Value" = 1233.5240638109178 eV +- 0.26410338825107826
# Parameter: "Peak 2/C/Constraint" = Restricted: 1229.61 .. 1271.61
# Parameter: "Peak 2/Relative Area/Value" = 79.604361280762092 %
# Parameter: "Peak 2/A/Value" = 44.204681969561832 counts eV +- 26.333566068945689
# Parameter: "Peak 2/FL/Value" = 1.0870468999159952 eV +- 0.80036191256954159
# Parameter: "Peak 2/FG/Value" = 0.00018444505591568003 eV +- 0
# Parameter: "Peak 2/F/Value" = 1.087047330611691 eV
# Parameter: "Peak 2/a/Value" = 0 +- 0
# Parameter: "Peak 2/a/Constraint" = Fixed: 0
# Parameter: "Peak 2/TB/Value" = 95017.538636112658 eV^2 +- 50672.137601306553
# Parameter: "Peak 2/TC/Value" = 1643 eV^2 +- 0
# Parameter: "Peak 2/TC/Constraint" = Fixed: 1643
# Parameter: "Fit Result/ChiSquare" = 376.8685854792044
# Parameter: "Fit Result/Reduced ChiSquare" = 0.92143908430123322
# Parameter: "Fit Result/Abbe Factor" = 0.81455025786568958
# Parameter: "Fit Result/Q-Probability" = 0.87093588735820038
# Parameter: "Termination State" = ConvergedInParameter
#
# Result Name:                  Background
# Number of Curves:             1
#
# Curve:                        0
# Values/Curve:                 3706
#
257  322.54094
256.98866  322.52406
256.97733  322.50721
256.96599  322.49039
256.95466  322.47359
256.94332  322.45682
256.93198  322.44007
256.92065  322.42335
256.90931  322.40665
256.89798  322.38998
256.88664  322.37333
256.8753  322.3567
256.86397  322.3401
256.85263  322.32353
256.8413  322.30698
256.82996  322.29045
256.81862  322.27395
256.80729  322.25748
256.79595  322.24103
256.78462  322.2246
256.77328  322.20819
256.76194  322.19182
256.75061  322.17546
256.73927  322.15913
256.72794  322.14282
256.7166  322.12654
256.70526  322.11028
256.69393  322.09405
256.68259  322.07784
256.67126  322.06165
256.65992  322.04549
256.64858  322.02935
256.63725  322.01323
256.62591  321.99714
256.61457  321.98107
256.60324  321.96502
256.5919  321.949
256.58057  321.933
256.56923  321.91703
256.55789  321.90108
256.54656  321.88515
256.53522  321.86924
256.52389  321.85336
256.51255  321.8375
256.50121  321.82167
256.48988  321.80585
256.47854  321.79006
256.46721  321.7743
256.45587  321.75855
256.44453  321.74283
256.4332  321.72713
256.42186  321.71146
256.41053  321.6958
256.39919  321.68017
256.38785  321.66456
256.37652  321.64898
256.36518  321.63341
256.35385  321.61787
256.34251  321.60235
256.33117  321.58686
256.31984  321.57139
256.3085  321.55593
256.29717  321.5405
256.28583  321.5251
256.27449  321.50971
256.26316  321.49435
256.25182  321.47901
256.24049  321.46369
256.22915  321.44839
256.21781  321.43312
256.20648  321.41786
256.19514  321.40263
256.18381  321.38742
256.17247  321.37223
256.16113  321.35707
256.1498  321.34192
256.13846  321.3268
256.12713  321.3117
256.11579  321.29662
256.10445  321.28156
256.09312  321.26652
256.08178  321.2515
256.07045  321.23651
256.05911  321.22154
256.04777  321.20658
256.03644  321.19165
256.0251  321.17674
256.01377  321.16185
256.00243  321.14699
255.99109  321.13214
255.97976  321.11731
255.96842  321.10251
255.95709  321.08773
255.94575  321.07296
255.93441  321.05822
255.92308  321.0435
255.91174  321.0288
255.9004  321.01412
255.88907  320.99946
255.87773  320.98482
255.8664  320.9702
255.85506  320.95561
255.84372  320.94103
255.83239  320.92647
255.82105  320.91194
255.80972  320.89742
255.79838  320.88293
255.78704  320.86845
255.77571  320.854
255.76437  320.83957
255.75304  320.82515
255.7417  320.81076
255.73036  320.79639
255.71903  320.78203
255.70769  320.7677
255.69636  320.75339
255.68502  320.73909
255.67368  320.72482
255.66235  320.71057
255.65101  320.69633
255.63968  320.68212
255.62834  320.66793
255.617  320.65376
255.60567  320.6396
255.59433  320.62547
255.583  320.61135
255.57166  320.59726
255.56032  320.58319
255.54899  320.56913
255.53765  320.5551
255.52632  320.54108
255.51498  320.52709
255.50364  320.51311
255.49231  320.49915
255.48097  320.48522
255.46964  320.4713
255.4583  320.4574
255.44696  320.44352
255.43563  320.42966
255.42429  320.41582
255.41296  320.402
255.40162  320.3882
255.39028  320.37442
255.37895  320.36066
255.36761  320.34691
255.35628  320.33319
255.34494  320.31949
255.3336  320.3058
255.32227  320.29213
255.31093  320.27849
255.2996  320.26486
255.28826  320.25125
255.27692  320.23766
255.26559  320.22409
255.25425  320.21054
255.24291  320.19701
255.23158  320.18349
255.22024  320.17
255.20891  320.15652
255.19757  320.14307
255.18623  320.12963
255.1749  320.11621
255.16356  320.10282
255.15223  320.08944
255.14089  320.07607
255.12955  320.06273
255.11822  320.04941
255.10688  320.0361
255.09555  320.02282
255.08421  320.00955
255.07287  319.99631
255.06154  319.98308
255.0502  319.96987
255.03887  319.95668
255.02753  319.94351
255.01619  319.93035
255.00486  319.91722
254.99352  319.9041
254.98219  319.89101
254.97085  319.87793
254.95951  319.86487
254.94818  319.85183
254.93684  319.83881
254.92551  319.82581
254.91417  319.81283
254.90283  319.79986
254.8915  319.78692
254.88016  319.77399
254.86883  319.76109
254.85749  319.7482
254.84615  319.73533
254.83482  319.72248
254.82348  319.70965
254.81215  319.69684
254.80081  319.68404
254.78947  319.67127
254.77814  319.65852
254.7668  319.64578
254.75547  319.63306
254.74413  319.62037
254.73279  319.60769
254.72146  319.59503
254.71012  319.58239
254.69879  319.56977
254.68745  319.55716
254.67611  319.54458
254.66478  319.53202
254.65344  319.51948
254.64211  319.50695
254.63077  319.49445
254.61943  319.48196
254.6081  319.4695
254.59676  319.45705
254.58543  319.44462
254.57409  319.43221
254.56275  319.41983
254.55142  319.40746
254.54008  319.39511
254.52874  319.38278
254.51741  319.37047
254.50607  319.35819
254.49474  319.34592
254.4834  319.33367
254.47206  319.32144
254.46073  319.30923
254.44939  319.29704
254.43806  319.28488
254.42672  319.27273
254.41538  319.2606
254.40405  319.2485
254.39271  319.23641
254.38138  319.22435
254.37004  319.2123
254.3587  319.20028
254.34737  319.18828
254.33603  319.1763
254.3247  319.16433
254.31336  319.1524
254.30202  319.14048
254.29069  319.12858
254.27935  319.11671
254.26802  319.10485
254.25668  319.09302
254.24534  319.08121
254.23401  319.06943
254.22267  319.05766
254.21134  319.04592
254.2  319.0342
254.18866  319.0225
254.17733  319.01083
254.16599  318.99917
254.15466  318.98755
254.14332  318.97594
254.13198  318.96436
254.12065  318.9528
254.10931  318.94126
254.09798  318.92975
254.08664  318.91826
254.0753  318.9068
254.06397  318.89536
254.05263  318.88395
254.0413  318.87256
254.02996  318.86119
254.01862  318.84986
254.00729  318.83854
253.99595  318.82725
253.98462  318.81599
253.97328  318.80476
253.96194  318.79355
253.95061  318.78236
253.93927  318.77121
253.92794  318.76008
253.9166  318.74898
253.90526  318.73791
253.89393  318.72686
253.88259  318.71585
253.87126  318.70486
253.85992  318.6939
253.84858  318.68297
253.83725  318.67207
253.82591  318.6612
253.81457  318.65036
253.80324  318.63956
253.7919  318.62878
253.78057  318.61803
253.76923  318.60732
253.75789  318.59664
253.74656  318.58599
253.73522  318.57538
253.72389  318.5648
253.71255  318.55425
253.70121  318.54374
253.68988  318.53326
253.67854  318.52282
253.66721  318.51242
253.65587  318.50205
253.64453  318.49172
253.6332  318.48143
253.62186  318.47117
253.61053  318.46096
253.59919  318.45078
253.58785  318.44064
253.57652  318.43055
253.56518  318.42049
253.55385  318.41048
253.54251  318.40051
253.53117  318.39059
253.51984  318.38071
253.5085  318.37087
253.49717  318.36108
253.48583  318.35133
253.47449  318.34163
253.46316  318.33198
253.45182  318.32238
253.44049  318.31282
253.42915  318.30332
253.41781  318.29387
253.40648  318.28446
253.39514  318.27511
253.38381  318.26582
253.37247  318.25657
253.36113  318.24738
253.3498  318.23825
253.33846  318.22917
253.32713  318.22015
253.31579  318.21118
253.30445  318.20227
253.29312  318.19342
253.28178  318.18464
253.27045  318.17591
253.25911  318.16724
253.24777  318.15863
253.23644  318.15009
253.2251  318.1416
253.21377  318.13318
253.20243  318.12483
253.19109  318.11653
253.17976  318.10831
253.16842  318.10014
253.15709  318.09204
253.14575  318.08401
253.13441  318.07604
253.12308  318.06814
253.11174  318.06031
253.1004  318.05254
253.08907  318.04484
253.07773  318.0372
253.0664  318.02963
253.05506  318.02213
253.04372  318.01469
253.03239  318.00732
253.02105  318.00001
253.00972  317.99277
252.99838  317.98559
252.98704  317.97848
252.97571  317.97143
252.96437  317.96445
252.95304  317.95753
252.9417  317.95067
252.93036  317.94387
252.91903  317.93714
252.90769  317.93046
252.89636  317.92385
252.88502  317.91729
252.87368  317.9108
252.86235  317.90436
252.85101  317.89798
252.83968  317.89166
252.82834  317.88539
252.817  317.87917
252.80567  317.87302
252.79433  317.86691
252.783  317.86086
252.77166  317.85485
252.76032  317.8489
252.74899  317.843
252.73765  317.83715
252.72632  317.83135
252.71498  317.82559
252.70364  317.81988
252.69231  317.81422
252.68097  317.8086
252.66964  317.80303
252.6583  317.7975
252.64696  317.79202
252.63563  317.78657
252.62429  317.78117
252.61296  317.77581
252.60162  317.77049
252.59028  317.7652
252.57895  317.75996
252.56761  317.75475
252.55628  317.74958
252.54494  317.74445
252.5336  317.73936
252.52227  317.7343
252.51093  317.72927
252.4996  317.72428
252.48826  317.71932
252.47692  317.7144
252.46559  317.7095
252.45425  317.70464
252.44291  317.69981
252.43158  317.69501
252.42024  317.69025
252.40891  317.68551
252.39757  317.6808
252.38623  317.67612
252.3749  317.67147
252.36356  317.66684
252.35223  317.66225
252.34089  317.65768
252.32955  317.65313
252.31822  317.64862
252.30688  317.64413
252.29555  317.63966
252.28421  317.63522
252.27287  317.6308
252.26154  317.62641
252.2502  317.62205
252.23887  317.6177
252.22753  317.61338
252.21619  317.60908
252.20486  317.60481
252.19352  317.60055
252.18219  317.59632
252.17085  317.59211
252.15951  317.58792
252.14818  317.58376
252.13684  317.57961
252.12551  317.57548
252.11417  317.57138
252.10283  317.56729
252.0915  317.56322
252.08016  317.55918
252.06883  317.55515
252.05749  317.55114
252.04615  317.54715
252.03482  317.54317
252.02348  317.53922
252.01215  317.53528
252.00081  317.53137
251.98947  317.52747
251.97814  317.52358
251.9668  317.51972
251.95547  317.51587
251.94413  317.51203
251.93279  317.50822
251.92146  317.50442
251.91012  317.50063
251.89879  317.49687
251.88745  317.49312
251.87611  317.48938
251.86478  317.48566
251.85344  317.48195
251.84211  317.47826
251.83077  317.47459
251.81943  317.47093
251.8081  317.46728
251.79676  317.46365
251.78543  317.46003
251.77409  317.45643
251.76275  317.45284
251.75142  317.44927
251.74008  317.44571
251.72874  317.44216
251.71741  317.43863
251.70607  317.43511
251.69474  317.4316
251.6834  317.42811
251.67206  317.42463
251.66073  317.42116
251.64939  317.41771
251.63806  317.41426
251.62672  317.41084
251.61538  317.40742
251.60405  317.40401
251.59271  317.40062
251.58138  317.39724
251.57004  317.39387
251.5587  317.39052
251.54737  317.38717
251.53603  317.38384
251.5247  317.38052
251.51336  317.37721
251.50202  317.37391
251.49069  317.37063
251.47935  317.36735
251.46802  317.36409
251.45668  317.36084
251.44534  317.3576
251.43401  317.35436
251.42267  317.35114
251.41134  317.34794
251.4  317.34474
251.38866  317.34155
251.37733  317.33837
251.36599  317.33521
251.35466  317.33205
251.34332  317.3289
251.33198  317.32577
251.32065  317.32264
251.30931  317.31953
251.29798  317.31642
251.28664  317.31333
251.2753  317.31024
251.26397  317.30716
251.25263  317.3041
251.2413  317.30104
251.22996  317.298
251.21862  317.29496
251.20729  317.29193
251.19595  317.28891
251.18462  317.2859
251.17328  317.2829
251.16194  317.27991
251.15061  317.27693
251.13927  317.27396
251.12794  317.271
251.1166  317.26804
251.10526  317.2651
251.09393  317.26216
251.08259  317.25924
251.07126  317.25632
251.05992  317.25341
251.04858  317.25051
251.03725  317.24761
251.02591  317.24473
251.01457  317.24185
251.00324  317.23899
250.9919  317.23613
250.98057  317.23328
250.96923  317.23044
250.95789  317.22761
250.94656  317.22478
250.93522  317.22196
250.92389  317.21916
250.91255  317.21635
250.90121  317.21356
250.88988  317.21078
250.87854  317.208
250.86721  317.20523
250.85587  317.20247
250.84453  317.19972
250.8332  317.19698
250.82186  317.19424
250.81053  317.19151
250.79919  317.18879
250.78785  317.18607
250.77652  317.18337
250.76518  317.18067
250.75385  317.17798
250.74251  317.17529
250.73117  317.17262
250.71984  317.16995
250.7085  317.16729
250.69717  317.16463
250.68583  317.16199
250.67449  317.15935
250.66316  317.15671
250.65182  317.15409
250.64049  317.15147
250.62915  317.14886
250.61781  317.14626
250.60648  317.14366
250.59514  317.14107
250.58381  317.13849
250.57247  317.13591
250.56113  317.13334
250.5498  317.13078
250.53846  317.12823
250.52713  317.12568
250.51579  317.12314
250.50445  317.1206
250.49312  317.11808
250.48178  317.11556
250.47045  317.11304
250.45911  317.11053
250.44777  317.10803
250.43644  317.10554
250.4251  317.10305
250.41377  317.10057
250.40243  317.09809
250.39109  317.09563
250.37976  317.09317
250.36842  317.09071
250.35709  317.08826
250.34575  317.08582
250.33441  317.08338
250.32308  317.08095
250.31174  317.07853
250.3004  317.07611
250.28907  317.0737
250.27773  317.0713
250.2664  317.0689
250.25506  317.06651
250.24372  317.06412
250.23239  317.06174
250.22105  317.05937
250.20972  317.057
250.19838  317.05464
250.18704  317.05228
250.17571  317.04993
250.16437  317.04759
250.15304  317.04525
250.1417  317.04292
250.13036  317.04059
250.11903  317.03827
250.10769  317.03596
250.09636  317.03365
250.08502  317.03134
250.07368  317.02905
250.06235  317.02676
250.05101  317.02447
250.03968  317.02219
250.02834  317.01992
250.017  317.01765
250.00567  317.01539
249.99433  317.01313
249.983  317.01088
249.97166  317.00863
249.96032  317.00639
249.94899  317.00416
249.93765  317.00193
249.92632  316.99971
249.91498  316.99749
249.90364  316.99528
249.89231  316.99307
249.88097  316.99087
249.86964  316.98867
249.8583  316.98648
249.84696  316.98429
249.83563  316.98211
249.82429  316.97994
249.81296  316.97777
249.80162  316.97561
249.79028  316.97345
249.77895  316.97129
249.76761  316.96915
249.75628  316.967
249.74494  316.96487
249.7336  316.96273
249.72227  316.96061
249.71093  316.95848
249.6996  316.95637
249.68826  316.95425
249.67692  316.95215
249.66559  316.95004
249.65425  316.94795
249.64291  316.94586
249.63158  316.94377
249.62024  316.94169
249.60891  316.93961
249.59757  316.93754
249.58623  316.93547
249.5749  316.93341
249.56356  316.93135
249.55223  316.9293
249.54089  316.92726
249.52955  316.92521
249.51822  316.92318
249.50688  316.92114
249.49555  316.91912
249.48421  316.91709
249.47287  316.91508
249.46154  316.91306
249.4502  316.91106
249.43887  316.90905
249.42753  316.90705
249.41619  316.90506
249.40486  316.90307
249.39352  316.90109
249.38219  316.89911
249.37085  316.89713
249.35951  316.89516
249.34818  316.89319
249.33684  316.89123
249.32551  316.88928
249.31417  316.88732
249.30283  316.88538
249.2915  316.88343
249.28016  316.8815
249.26883  316.87956
249.25749  316.87763
249.24615  316.87571
249.23482  316.87379
249.22348  316.87187
249.21215  316.86996
249.20081  316.86805
249.18947  316.86615
249.17814  316.86425
249.1668  316.86236
249.15547  316.86047
249.14413  316.85859
249.13279  316.85671
249.12146  316.85483
249.11012  316.85296
249.09879  316.85109
249.08745  316.84923
249.07611  316.84737
249.06478  316.84551
249.05344  316.84366
249.04211  316.84182
249.03077  316.83998
249.01943  316.83814
249.0081  316.83631
248.99676  316.83448
248.98543  316.83265
248.97409  316.83083
248.96275  316.82902
248.95142  316.82721
248.94008  316.8254
248.92874  316.82359
248.91741  316.82179
248.90607  316.82
248.89474  316.81821
248.8834  316.81642
248.87206  316.81464
248.86073  316.81286
248.84939  316.81108
248.83806  316.80931
248.82672  316.80755
248.81538  316.80578
248.80405  316.80402
248.79271  316.80227
248.78138  316.80052
248.77004  316.79877
248.7587  316.79703
248.74737  316.79529
248.73603  316.79356
248.7247  316.79182
248.71336  316.7901
248.70202  316.78837
248.69069  316.78666
248.67935  316.78494
248.66802  316.78323
248.65668  316.78152
248.64534  316.77982
248.63401  316.77812
248.62267  316.77642
248.61134  316.77473
248.6  316.77304
248.58866  316.77136
248.57733  316.76968
248.56599  316.768
248.55466  316.76633
248.54332  316.76466
248.53198  316.76299
248.52065  316.76133
248.50931  316.75967
248.49798  316.75802
248.48664  316.75637
248.4753  316.75472
248.46397  316.75308
248.45263  316.75144
248.4413  316.7498
248.42996  316.74817
248.41862  316.74654
248.40729  316.74492
248.39595  316.7433
248.38462  316.74168
248.37328  316.74006
248.36194  316.73845
248.35061  316.73685
248.33927  316.73524
248.32794  316.73365
248.3166  316.73205
248.30526  316.73046
248.29393  316.72887
248.28259  316.72728
248.27126  316.7257
248.25992  316.72412
248.24858  316.72255
248.23725  316.72098
248.22591  316.71941
248.21457  316.71785
248.20324  316.71628
248.1919  316.71473
248.18057  316.71317
248.16923  316.71162
248.15789  316.71008
248.14656  316.70853
248.13522  316.70699
248.12389  316.70546
248.11255  316.70392
248.10121  316.70239
248.08988  316.70087
248.07854  316.69934
248.06721  316.69782
248.05587  316.69631
248.04453  316.6948
248.0332  316.69329
248.02186  316.69178
248.01053  316.69028
247.99919  316.68878
247.98785  316.68728
247.97652  316.68579
247.96518  316.6843
247.95385  316.68281
247.94251  316.68133
247.93117  316.67985
247.91984  316.67837
247.9085  316.6769
247.89717  316.67543
247.88583  316.67396
247.87449  316.6725
247.86316  316.67104
247.85182  316.66958
247.84049  316.66813
247.82915  316.66668
247.81781  316.66523
247.80648  316.66379
247.79514  316.66234
247.78381  316.66091
247.77247  316.65947
247.76113  316.65804
247.7498  316.65661
247.73846  316.65519
247.72713  316.65376
247.71579  316.65234
247.70445  316.65093
247.69312  316.64951
247.68178  316.6481
247.67045  316.6467
247.65911  316.64529
247.64777  316.64389
247.63644  316.6425
247.6251  316.6411
247.61377  316.63971
247.60243  316.63832
247.59109  316.63694
247.57976  316.63555
247.56842  316.63417
247.55709  316.6328
247.54575  316.63142
247.53441  316.63005
247.52308  316.62869
247.51174  316.62732
247.5004  316.62596
247.48907  316.6246
247.47773  316.62325
247.4664  316.62189
247.45506  316.62054
247.44372  316.6192
247.43239  316.61785
247.42105  316.61651
247.40972  316.61518
247.39838  316.61384
247.38704  316.61251
247.37571  316.61118
247.36437  316.60985
247.35304  316.60853
247.3417  316.60721
247.33036  316.60589
247.31903  316.60458
247.30769  316.60326
247.29636  316.60195
247.28502  316.60065
247.27368  316.59935
247.26235  316.59804
247.25101  316.59675
247.23968  316.59545
247.22834  316.59416
247.217  316.59287
247.20567  316.59158
247.19433  316.5903
247.183  316.58902
247.17166  316.58774
247.16032  316.58646
247.14899  316.58519
247.13765  316.58392
247.12632  316.58265
247.11498  316.58139
247.10364  316.58013
247.09231  316.57887
247.08097  316.57761
247.06964  316.57636
247.0583  316.57511
247.04696  316.57386
247.03563  316.57261
247.02429  316.57137
247.01296  316.57013
247.00162  316.56889
246.99028  316.56766
246.97895  316.56643
246.96761  316.5652
246.95628  316.56397
246.94494  316.56275
246.9336  316.56152
246.92227  316.5603
246.91093  316.55909
246.8996  316.55787
246.88826  316.55666
246.87692  316.55545
246.86559  316.55425
246.85425  316.55305
246.84291  316.55184
246.83158  316.55065
246.82024  316.54945
246.80891  316.54826
246.79757  316.54707
246.78623  316.54588
246.7749  316.54469
246.76356  316.54351
246.75223  316.54233
246.74089  316.54115
246.72955  316.53998
246.71822  316.53881
246.70688  316.53763
246.69555  316.53647
246.68421  316.5353
246.67287  316.53414
246.66154  316.53298
246.6502  316.53182
246.63887  316.53067
246.62753  316.52951
246.61619  316.52836
246.60486  316.52721
246.59352  316.52607
246.58219  316.52493
246.57085  316.52379
246.55951  316.52265
246.54818  316.52151
246.53684  316.52038
246.52551  316.51925
246.51417  316.51812
246.50283  316.51699
246.4915  316.51587
246.48016  316.51475
246.46883  316.51363
246.45749  316.51251
246.44615  316.5114
246.43482  316.51029
246.42348  316.50918
246.41215  316.50807
246.40081  316.50697
246.38947  316.50587
246.37814  316.50477
246.3668  316.50367
246.35547  316.50257
246.34413  316.50148
246.33279  316.50039
246.32146  316.4993
246.31012  316.49822
246.29879  316.49713
246.28745  316.49605
246.27611  316.49497
246.26478  316.4939
246.25344  316.49282
246.24211  316.49175
246.23077  316.49068
246.21943  316.48961
246.2081  316.48855
246.19676  316.48748
246.18543  316.48642
246.17409  316.48536
246.16275  316.48431
246.15142  316.48325
246.14008  316.4822
246.12874  316.48115
246.11741  316.48011
246.10607  316.47906
246.09474  316.47802
246.0834  316.47698
246.07206  316.47594
246.06073  316.4749
246.04939  316.47387
246.03806  316.47284
246.02672  316.47181
246.01538  316.47078
246.00405  316.46975
245.99271  316.46873
245.98138  316.46771
245.97004  316.46669
245.9587  316.46568
245.94737  316.46466
245.93603  316.46365
245.9247  316.46264
245.91336  316.46163
245.90202  316.46062
245.89069  316.45962
245.87935  316.45862
245.86802  316.45762
245.85668  316.45662
245.84534  316.45563
245.83401  316.45463
245.82267  316.45364
245.81134  316.45265
245.8  316.45167
245.78866  316.45068
245.77733  316.4497
245.76599  316.44872
245.75466  316.44774
245.74332  316.44676
245.73198  316.44579
245.72065  316.44482
245.70931  316.44385
245.69798  316.44288
245.68664  316.44191
245.6753  316.44095
245.66397  316.43999
245.65263  316.43903
245.6413  316.43807
245.62996  316.43711
245.61862  316.43616
245.60729  316.43521
245.59595  316.43426
245.58462  316.43331
245.57328  316.43236
245.56194  316.43142
245.55061  316.43048
245.53927  316.42954
245.52794  316.4286
245.5166  316.42766
245.50526  316.42673
245.49393  316.4258
245.48259  316.42487
245.47126  316.42394
245.45992  316.42301
245.44858  316.42209
245.43725  316.42116
245.42591  316.42024
245.41457  316.41933
245.40324  316.41841
245.3919  316.41749
245.38057  316.41658
245.36923  316.41567
245.35789  316.41476
245.34656  316.41385
245.33522  316.41295
245.32389  316.41205
245.31255  316.41115
245.30121  316.41025
245.28988  316.40935
245.27854  316.40845
245.26721  316.40756
245.25587  316.40667
245.24453  316.40578
245.2332  316.40489
245.22186  316.404
245.21053  316.40312
245.19919  316.40224
245.18785  316.40136
245.17652  316.40048
245.16518  316.3996
245.15385  316.39873
245.14251  316.39785
245.13117  316.39698
245.11984  316.39611
245.1085  316.39524
245.09717  316.39438
245.08583  316.39351
245.07449  316.39265
245.06316  316.39179
245.05182  316.39093
245.04049  316.39008
245.02915  316.38922
245.01781  316.38837
245.00648  316.38752
244.99514  316.38667
244.98381  316.38582
244.97247  316.38497
244.96113  316.38413
244.9498  316.38329
244.93846  316.38244
244.92713  316.38161
244.91579  316.38077
244.90445  316.37993
244.89312  316.3791
244.88178  316.37827
244.87045  316.37744
244.85911  316.37661
244.84777  316.37578
244.83644  316.37496
244.8251  316.37413
244.81377  316.37331
244.80243  316.37249
244.79109  316.37167
244.77976  316.37086
244.76842  316.37004
244.75709  316.36923
244.74575  316.36842
244.73441  316.36761
244.72308  316.3668
244.71174  316.36599
244.7004  316.36519
244.68907  316.36439
244.67773  316.36358
244.6664  316.36278
244.65506  316.36199
244.64372  316.36119
244.63239  316.3604
244.62105  316.3596
244.60972  316.35881
244.59838  316.35802
244.58704  316.35723
244.57571  316.35645
244.56437  316.35566
244.55304  316.35488
244.5417  316.3541
244.53036  316.35332
244.51903  316.35254
244.50769  316.35177
244.49636  316.35099
244.48502  316.35022
244.47368  316.34945
244.46235  316.34868
244.45101  316.34791
244.43968  316.34714
244.42834  316.34638
244.417  316.34561
244.40567  316.34485
244.39433  316.34409
244.383  316.34333
244.37166  316.34257
244.36032  316.34182
244.34899  316.34106
244.33765  316.34031
244.32632  316.33956
244.31498  316.33881
244.30364  316.33806
244.29231  316.33732
244.28097  316.33657
244.26964  316.33583
244.2583  316.33509
244.24696  316.33435
244.23563  316.33361
244.22429  316.33287
244.21296  316.33214
244.20162  316.3314
244.19028  316.33067
244.17895  316.32994
244.16761  316.32921
244.15628  316.32848
244.14494  316.32776
244.1336  316.32703
244.12227  316.32631
244.11093  316.32559
244.0996  316.32487
244.08826  316.32415
244.07692  316.32343
244.06559  316.32271
244.05425  316.322
244.04291  316.32129
244.03158  316.32058
244.02024  316.31987
244.00891  316.31916
243.99757  316.31845
243.98623  316.31775
243.9749  316.31704
243.96356  316.31634
243.95223  316.31564
243.94089  316.31494
243.92955  316.31424
243.91822  316.31354
243.90688  316.31285
243.89555  316.31216
243.88421  316.31146
243.87287  316.31077
243.86154  316.31008
243.8502  316.30939
243.83887  316.30871
243.82753  316.30802
243.81619  316.30734
243.80486  316.30666
243.79352  316.30598
243.78219  316.3053
243.77085  316.30462
243.75951  316.30394
243.74818  316.30327
243.73684  316.30259
243.72551  316.30192
243.71417  316.30125
243.70283  316.30058
243.6915  316.29991
243.68016  316.29925
243.66883  316.29858
243.65749  316.29792
243.64615  316.29725
243.63482  316.29659
243.62348  316.29593
243.61215  316.29527
243.60081  316.29462
243.58947  316.29396
243.57814  316.29331
243.5668  316.29265
243.55547  316.292
243.54413  316.29135
243.53279  316.2907
243.52146  316.29005
243.51012  316.28941
243.49879  316.28876
243.48745  316.28812
243.47611  316.28748
243.46478  316.28684
243.45344  316.2862
243.44211  316.28556
243.43077  316.28492
243.41943  316.28429
243.4081  316.28365
243.39676  316.28302
243.38543  316.28239
243.37409  316.28176
243.36275  316.28113
243.35142  316.2805
243.34008  316.27987
243.32874  316.27925
243.31741  316.27862
243.30607  316.278
243.29474  316.27738
243.2834  316.27676
243.27206  316.27614
243.26073  316.27552
243.24939  316.27491
243.23806  316.27429
243.22672  316.27368
243.21538  316.27307
243.20405  316.27246
243.19271  316.27185
243.18138  316.27124
243.17004  316.27063
243.1587  316.27002
243.14737  316.26942
243.13603  316.26882
243.1247  316.26821
243.11336  316.26761
243.10202  316.26701
243.09069  316.26642
243.07935  316.26582
243.06802  316.26522
243.05668  316.26463
243.04534  316.26403
243.03401  316.26344
243.02267  316.26285
243.01134  316.26226
243  316.26167
242.98866  316.26108
242.97733  316.2605
242.96599  316.25991
242.95466  316.25933
242.94332  316.25875
242.93198  316.25817
242.92065  316.25759
242.90931  316.25701
242.89798  316.25643
242.88664  316.25585
242.8753  316.25528
242.86397  316.2547
242.85263  316.25413
242.8413  316.25356
242.82996  316.25299
242.81862  316.25242
242.80729  316.25185
242.79595  316.25128
242.78462  316.25072
242.77328  316.25015
242.76194  316.24959
242.75061  316.24903
242.73927  316.24846
242.72794  316.2479
242.7166  316.24735
242.70526  316.24679
242.69393  316.24623
242.68259  316.24568
242.67126  316.24512
242.65992  316.24457
242.64858  316.24402
242.63725  316.24346
242.62591  316.24292
242.61457  316.24237
242.60324  316.24182
242.5919  316.24127
242.58057  316.24073
242.56923  316.24018
242.55789  316.23964
242.54656  316.2391
242.53522  316.23856
242.52389  316.23802
242.51255  316.23748
242.50121  316.23694
242.48988  316.23641
242.47854  316.23587
242.46721  316.23534
242.45587  316.2348
242.44453  316.23427
242.4332  316.23374
242.42186  316.23321
242.41053  316.23268
242.39919  316.23216
242.38785  316.23163
242.37652  316.2311
242.36518  316.23058
242.35385  316.23006
242.34251  316.22954
242.33117  316.22901
242.31984  316.22849
242.3085  316.22798
242.29717  316.22746
242.28583  316.22694
242.27449  316.22643
242.26316  316.22591
242.25182  316.2254
242.24049  316.22489
242.22915  316.22437
242.21781  316.22386
242.20648  316.22335
242.19514  316.22285
242.18381  316.22234
242.17247  316.22183
242.16113  316.22133
242.1498  316.22082
242.13846  316.22032
242.12713  316.21982
242.11579  316.21932
242.10445  316.21882
242.09312  316.21832
242.08178  316.21782
242.07045  316.21733
242.05911  316.21683
242.04777  316.21634
242.03644  316.21584
242.0251  316.21535
242.01377  316.21486
242.00243  316.21437
241.99109  316.21388
241.97976  316.21339
241.96842  316.2129
241.95709  316.21241
241.94575  316.21193
241.93441  316.21144
241.92308  316.21096
241.91174  316.21048
241.9004  316.21
241.88907  316.20952
241.87773  316.20904
241.8664  316.20856
241.85506  316.20808
241.84372  316.2076
241.83239  316.20713
241.82105  316.20665
241.80972  316.20618
241.79838  316.20571
241.78704  316.20524
241.77571  316.20477
241.76437  316.2043
241.75304  316.20383
241.7417  316.20336
241.73036  316.20289
241.71903  316.20243
241.70769  316.20196
241.69636  316.2015
241.68502  316.20103
241.67368  316.20057
241.66235  316.20011
241.65101  316.19965
241.63968  316.19919
241.62834  316.19873
241.617  316.19828
241.60567  316.19782
241.59433  316.19736
241.583  316.19691
241.57166  316.19646
241.56032  316.196
241.54899  316.19555
241.53765  316.1951
241.52632  316.19465
241.51498  316.1942
241.50364  316.19375
241.49231  316.19331
241.48097  316.19286
241.46964  316.19242
241.4583  316.19197
241.44696  316.19153
241.43563  316.19109
241.42429  316.19064
241.41296  316.1902
241.40162  316.18976
241.39028  316.18933
241.37895  316.18889
241.36761  316.18845
241.35628  316.18801
241.34494  316.18758
241.3336  316.18714
241.32227  316.18671
241.31093  316.18628
241.2996  316.18585
241.28826  316.18542
241.27692  316.18499
241.26559  316.18456
241.25425  316.18413
241.24291  316.1837
241.23158  316.18328
241.22024  316.18285
241.20891  316.18243
241.19757  316.182
241.18623  316.18158
241.1749  316.18116
241.16356  316.18074
241.15223  316.18032
241.14089  316.1799
241.12955  316.17948
241.11822  316.17906
241.10688  316.17864
241.09555  316.17823
241.08421  316.17781
241.07287  316.1774
241.06154  316.17699
241.0502  316.17657
241.03887  316.17616
241.02753  316.17575
241.01619  316.17534
241.00486  316.17493
240.99352  316.17452
240.98219  316.17412
240.97085  316.17371
240.95951  316.1733
240.94818  316.1729
240.93684  316.1725
240.92551  316.17209
240.91417  316.17169
240.90283  316.17129
240.8915  316.17089
240.88016  316.17049
240.86883  316.17009
240.85749  316.16969
240.84615  316.16929
240.83482  316.1689
240.82348  316.1685
240.81215  316.16811
240.80081  316.16771
240.78947  316.16732
240.77814  316.16693
240.7668  316.16653
240.75547  316.16614
240.74413  316.16575
240.73279  316.16536
240.72146  316.16497
240.71012  316.16459
240.69879  316.1642
240.68745  316.16381
240.67611  316.16343
240.66478  316.16304
240.65344  316.16266
240.64211  316.16228
240.63077  316.1619
240.61943  316.16151
240.6081  316.16113
240.59676  316.16075
240.58543  316.16037
240.57409  316.16
240.56275  316.15962
240.55142  316.15924
240.54008  316.15887
240.52874  316.15849
240.51741  316.15812
240.50607  316.15774
240.49474  316.15737
240.4834  316.157
240.47206  316.15663
240.46073  316.15626
240.44939  316.15589
240.43806  316.15552
240.42672  316.15515
240.41538  316.15478
240.40405  316.15442
240.39271  316.15405
240.38138  316.15368
240.37004  316.15332
240.3587  316.15296
240.34737  316.15259
240.33603  316.15223
240.3247  316.15187
240.31336  316.15151
240.30202  316.15115
240.29069  316.15079
240.27935  316.15043
240.26802  316.15007
240.25668  316.14972
240.24534  316.14936
240.23401  316.149
240.22267  316.14865
240.21134  316.1483
240.2  316.14794
240.18866  316.14759
240.17733  316.14724
240.16599  316.14689
240.15466  316.14654
240.14332  316.14619
240.13198  316.14584
240.12065  316.14549
240.10931  316.14514
240.09798  316.14479
240.08664  316.14445
240.0753  316.1441
240.06397  316.14376
240.05263  316.14341
240.0413  316.14307
240.02996  316.14273
240.01862  316.14239
240.00729  316.14204
239.99595  316.1417
239.98462  316.14136
239.97328  316.14103
239.96194  316.14069
239.95061  316.14035
239.93927  316.14001
239.92794  316.13968
239.9166  316.13934
239.90526  316.13901
239.89393  316.13867
239.88259  316.13834
239.87126  316.138
239.85992  316.13767
239.84858  316.13734
239.83725  316.13701
239.82591  316.13668
239.81457  316.13635
239.80324  316.13602
239.7919  316.13569
239.78057  316.13537
239.76923  316.13504
239.75789  316.13471
239.74656  316.13439
239.73522  316.13406
239.72389  316.13374
239.71255  316.13342
239.70121  316.13309
239.68988  316.13277
239.67854  316.13245
239.66721  316.13213
239.65587  316.13181
239.64453  316.13149
239.6332  316.13117
239.62186  316.13085
239.61053  316.13053
239.59919  316.13022
239.58785  316.1299
239.57652  316.12959
239.56518  316.12927
239.55385  316.12896
239.54251  316.12864
239.53117  316.12833
239.51984  316.12802
239.5085  316.12771
239.49717  316.1274
239.48583  316.12709
239.47449  316.12678
239.46316  316.12647
239.45182  316.12616
239.44049  316.12585
239.42915  316.12554
239.41781  316.12524
239.40648  316.12493
239.39514  316.12463
239.38381  316.12432
239.37247  316.12402
239.36113  316.12371
239.3498  316.12341
239.33846  316.12311
239.32713  316.12281
239.31579  316.12251
239.30445  316.12221
239.29312  316.12191
239.28178  316.12161
239.27045  316.12131
239.25911  316.12101
239.24777  316.12071
239.23644  316.12042
239.2251  316.12012
239.21377  316.11983
239.20243  316.11953
239.19109  316.11924
239.17976  316.11894
239.16842  316.11865
239.15709  316.11836
239.14575  316.11807
239.13441  316.11777
239.12308  316.11748
239.11174  316.11719
239.1004  316.1169
239.08907  316.11662
239.07773  316.11633
239.0664  316.11604
239.05506  316.11575
239.04372  316.11547
239.03239  316.11518
239.02105  316.1149
239.00972  316.11461
238.99838  316.11433
238.98704  316.11404
238.97571  316.11376
238.96437  316.11348
238.95304  316.1132
238.9417  316.11292
238.93036  316.11264
238.91903  316.11236
238.90769  316.11208
238.89636  316.1118
238.88502  316.11152
238.87368  316.11124
238.86235  316.11096
238.85101  316.11069
238.83968  316.11041
238.82834  316.11014
238.817  316.10986
238.80567  316.10959
238.79433  316.10931
238.783  316.10904
238.77166  316.10877
238.76032  316.1085
238.74899  316.10822
238.73765  316.10795
238.72632  316.10768
238.71498  316.10741
238.70364  316.10714
238.69231  316.10688
238.68097  316.10661
238.66964  316.10634
238.6583  316.10607
238.64696  316.10581
238.63563  316.10554
238.62429  316.10527
238.61296  316.10501
238.60162  316.10475
238.59028  316.10448
238.57895  316.10422
238.56761  316.10396
238.55628  316.10369
238.54494  316.10343
238.5336  316.10317
238.52227  316.10291
238.51093  316.10265
238.4996  316.10239
238.48826  316.10213
238.47692  316.10187
238.46559  316.10162
238.45425  316.10136
238.44291  316.1011
238.43158  316.10085
238.42024  316.10059
238.40891  316.10034
238.39757  316.10008
238.38623  316.09983
238.3749  316.09957
238.36356  316.09932
238.35223  316.09907
238.34089  316.09881
238.32955  316.09856
238.31822  316.09831
238.30688  316.09806
238.29555  316.09781
238.28421  316.09756
238.27287  316.09731
238.26154  316.09706
238.2502  316.09682
238.23887  316.09657
238.22753  316.09632
238.21619  316.09608
238.20486  316.09583
238.19352  316.09558
238.18219  316.09534
238.17085  316.0951
238.15951  316.09485
238.14818  316.09461
238.13684  316.09437
238.12551  316.09412
238.11417  316.09388
238.10283  316.09364
238.0915  316.0934
238.08016  316.09316
238.06883  316.09292
238.05749  316.09268
238.04615  316.09244
238.03482  316.0922
238.02348  316.09196
238.01215  316.09173
238.00081  316.09149
237.98947  316.09125
237.97814  316.09102
237.9668  316.09078
237.95547  316.09055
237.94413  316.09031
237.93279  316.09008
237.92146  316.08984
237.91012  316.08961
237.89879  316.08938
237.88745  316.08915
237.87611  316.08892
237.86478  316.08868
237.85344  316.08845
237.84211  316.08822
237.83077  316.08799
237.81943  316.08776
237.8081  316.08754
237.79676  316.08731
237.78543  316.08708
237.77409  316.08685
237.76275  316.08662
237.75142  316.0864
237.74008  316.08617
237.72874  316.08595
237.71741  316.08572
237.70607  316.0855
237.69474  316.08527
237.6834  316.08505
237.67206  316.08483
237.66073  316.0846
237.64939  316.08438
237.63806  316.08416
237.62672  316.08394
237.61538  316.08372
237.60405  316.0835
237.59271  316.08328
237.58138  316.08306
237.57004  316.08284
237.5587  316.08262
237.54737  316.0824
237.53603  316.08218
237.5247  316.08197
237.51336  316.08175
237.50202  316.08153
237.49069  316.08132
237.47935  316.0811
237.46802  316.08089
237.45668  316.08067
237.44534  316.08046
237.43401  316.08024
237.42267  316.08003
237.41134  316.07982
237.4  316.07961
237.38866  316.07939
237.37733  316.07918
237.36599  316.07897
237.35466  316.07876
237.34332  316.07855
237.33198  316.07834
237.32065  316.07813
237.30931  316.07792
237.29798  316.07771
237.28664  316.0775
237.2753  316.0773
237.26397  316.07709
237.25263  316.07688
237.2413  316.07668
237.22996  316.07647
237.21862  316.07627
237.20729  316.07606
237.19595  316.07586
237.18462  316.07565
237.17328  316.07545
237.16194  316.07524
237.15061  316.07504
237.13927  316.07484
237.12794  316.07464
237.1166  316.07443
237.10526  316.07423
237.09393  316.07403
237.08259  316.07383
237.07126  316.07363
237.05992  316.07343
237.04858  316.07323
237.03725  316.07303
237.02591  316.07284
237.01457  316.07264
237.00324  316.07244
236.9919  316.07224
236.98057  316.07205
236.96923  316.07185
236.95789  316.07165
236.94656  316.07146
236.93522  316.07126
236.92389  316.07107
236.91255  316.07087
236.90121  316.07068
236.88988  316.07049
236.87854  316.07029
236.86721  316.0701
236.85587  316.06991
236.84453  316.06971
236.8332  316.06952
236.82186  316.06933
236.81053  316.06914
236.79919  316.06895
236.78785  316.06876
236.77652  316.06857
236.76518  316.06838
236.75385  316.06819
236.74251  316.068
236.73117  316.06782
236.71984  316.06763
236.7085  316.06744
236.69717  316.06725
236.68583  316.06707
236.67449  316.06688
236.66316  316.0667
236.65182  316.06651
236.64049  316.06633
236.62915  316.06614
236.61781  316.06596
236.60648  316.06577
236.59514  316.06559
236.58381  316.06541
236.57247  316.06522
236.56113  316.06504
236.5498  316.06486
236.53846  316.06468
236.52713  316.0645
236.51579  316.06432
236.50445  316.06413
236.49312  316.06395
236.48178  316.06378
236.47045  316.0636
236.45911  316.06342
236.44777  316.06324
236.43644  316.06306
236.4251  316.06288
236.41377  316.0627
236.40243  316.06253
236.39109  316.06235
236.37976  316.06217
236.36842  316.062
236.35709  316.06182
236.34575  316.06165
236.33441  316.06147
236.32308  316.0613
236.31174  316.06112
236.3004  316.06095
236.28907  316.06078
236.27773  316.0606
236.2664  316.06043
236.25506  316.06026
236.24372  316.06008
236.23239  316.05991
236.22105  316.05974
236.20972  316.05957
236.19838  316.0594
236.18704  316.05923
236.17571  316.05906
236.16437  316.05889
236.15304  316.05872
236.1417  316.05855
236.13036  316.05838
236.11903  316.05821
236.10769  316.05805
236.09636  316.05788
236.08502  316.05771
236.07368  316.05755
236.06235  316.05738
236.05101  316.05721
236.03968  316.05705
236.02834  316.05688
236.017  316.05672
236.00567  316.05655
235.99433  316.05639
235.983  316.05622
235.97166  316.05606
235.96032  316.0559
235.94899  316.05573
235.93765  316.05557
235.92632  316.05541
235.91498  316.05524
235.90364  316.05508
235.89231  316.05492
235.88097  316.05476
235.86964  316.0546
235.8583  316.05444
235.84696  316.05428
235.83563  316.05412
235.82429  316.05396
235.81296  316.0538
235.80162  316.05364
235.79028  316.05348
235.77895  316.05333
235.76761  316.05317
235.75628  316.05301
235.74494  316.05285
235.7336  316.0527
235.72227  316.05254
235.71093  316.05238
235.6996  316.05223
235.68826  316.05207
235.67692  316.05192
235.66559  316.05176
235.65425  316.05161
235.64291  316.05145
235.63158  316.0513
235.62024  316.05115
235.60891  316.05099
235.59757  316.05084
235.58623  316.05069
235.5749  316.05053
235.56356  316.05038
235.55223  316.05023
235.54089  316.05008
235.52955  316.04993
235.51822  316.04978
235.50688  316.04963
235.49555  316.04948
235.48421  316.04933
235.47287  316.04918
235.46154  316.04903
235.4502  316.04888
235.43887  316.04873
235.42753  316.04858
235.41619  316.04843
235.40486  316.04829
235.39352  316.04814
235.38219  316.04799
235.37085  316.04784
235.35951  316.0477
235.34818  316.04755
235.33684  316.04741
235.32551  316.04726
235.31417  316.04712
235.30283  316.04697
235.2915  316.04683
235.28016  316.04668
235.26883  316.04654
235.25749  316.04639
235.24615  316.04625
235.23482  316.04611
235.22348  316.04596
235.21215  316.04582
235.20081  316.04568
235.18947  316.04554
235.17814  316.0454
235.1668  316.04525
235.15547  316.04511
235.14413  316.04497
235.13279  316.04483
235.12146  316.04469
235.11012  316.04455
235.09879  316.04441
235.08745  316.04427
235.07611  316.04413
235.06478  316.04399
235.05344  316.04386
235.04211  316.04372
235.03077  316.04358
235.01943  316.04344
235.0081  316.0433
234.99676  316.04317
234.98543  316.04303
234.97409  316.04289
234.96275  316.04276
234.95142  316.04262
234.94008  316.04249
234.92874  316.04235
234.91741  316.04222
234.90607  316.04208
234.89474  316.04195
234.8834  316.04181
234.87206  316.04168
234.86073  316.04154
234.84939  316.04141
234.83806  316.04128
234.82672  316.04114
234.81538  316.04101
234.80405  316.04088
234.79271  316.04075
234.78138  316.04062
234.77004  316.04048
234.7587  316.04035
234.74737  316.04022
234.73603  316.04009
234.7247  316.03996
234.71336  316.03983
234.70202  316.0397
234.69069  316.03957
234.67935  316.03944
234.66802  316.03931
234.65668  316.03918
234.64534  316.03905
234.63401  316.03893
234.62267  316.0388
234.61134  316.03867
234.6  316.03854
234.58866  316.03842
234.57733  316.03829
234.56599  316.03816
234.55466  316.03804
234.54332  316.03791
234.53198  316.03778
234.52065  316.03766
234.50931  316.03753
234.49798  316.03741
234.48664  316.03728
234.4753  316.03716
234.46397  316.03703
234.45263  316.03691
234.4413  316.03679
234.42996  316.03666
234.41862  316.03654
234.40729  316.03642
234.39595  316.03629
234.38462  316.03617
234.37328  316.03605
234.36194  316.03593
234.35061  316.0358
234.33927  316.03568
234.32794  316.03556
234.3166  316.03544
234.30526  316.03532
234.29393  316.0352
234.28259  316.03508
234.27126  316.03496
234.25992  316.03484
234.24858  316.03472
234.23725  316.0346
234.22591  316.03448
234.21457  316.03436
234.20324  316.03424
234.1919  316.03412
234.18057  316.03401
234.16923  316.03389
234.15789  316.03377
234.14656  316.03365
234.13522  316.03354
234.12389  316.03342
234.11255  316.0333
234.10121  316.03319
234.08988  316.03307
234.07854  316.03295
234.06721  316.03284
234.05587  316.03272
234.04453  316.03261
234.0332  316.03249
234.02186  316.03238
234.01053  316.03226
233.99919  316.03215
233.98785  316.03204
233.97652  316.03192
233.96518  316.03181
233.95385  316.03169
233.94251  316.03158
233.93117  316.03147
233.91984  316.03136
233.9085  316.03124
233.89717  316.03113
233.88583  316.03102
233.87449  316.03091
233.86316  316.0308
233.85182  316.03069
233.84049  316.03057
233.82915  316.03046
233.81781  316.03035
233.80648  316.03024
233.79514  316.03013
233.78381  316.03002
233.77247  316.02991
233.76113  316.0298
233.7498  316.0297
233.73846  316.02959
233.72713  316.02948
233.71579  316.02937
233.70445  316.02926
233.69312  316.02915
233.68178  316.02904
233.67045  316.02894
233.65911  316.02883
233.64777  316.02872
233.63644  316.02862
233.6251  316.02851
233.61377  316.0284
233.60243  316.0283
233.59109  316.02819
233.57976  316.02808
233.56842  316.02798
233.55709  316.02787
233.54575  316.02777
233.53441  316.02766
233.52308  316.02756
233.51174  316.02745
233.5004  316.02735
233.48907  316.02725
233.47773  316.02714
233.4664  316.02704
233.45506  316.02694
233.44372  316.02683
233.43239  316.02673
233.42105  316.02663
233.40972  316.02652
233.39838  316.02642
233.38704  316.02632
233.37571  316.02622
233.36437  316.02612
233.35304  316.02601
233.3417  316.02591
233.33036  316.02581
233.31903  316.02571
233.30769  316.02561
233.29636  316.02551
233.28502  316.02541
233.27368  316.02531
233.26235  316.02521
233.25101  316.02511
233.23968  316.02501
233.22834  316.02491
233.217  316.02481
233.20567  316.02471
233.19433  316.02462
233.183  316.02452
233.17166  316.02442
233.16032  316.02432
233.14899  316.02422
233.13765  316.02413
233.12632  316.02403
233.11498  316.02393
233.10364  316.02383
233.09231  316.02374
233.08097  316.02364
233.06964  316.02355
233.0583  316.02345
233.04696  316.02335
233.03563  316.02326
233.02429  316.02316
233.01296  316.02307
233.00162  316.02297
232.99028  316.02288
232.97895  316.02278
232.96761  316.02269
232.95628  316.02259
232.94494  316.0225
232.9336  316.0224
232.92227  316.02231
232.91093  316.02222
232.8996  316.02212
232.88826  316.02203
232.87692  316.02194
232.86559  316.02185
232.85425  316.02175
232.84291  316.02166
232.83158  316.02157
232.82024  316.02148
232.80891  316.02138
232.79757  316.02129
232.78623  316.0212
232.7749  316.02111
232.76356  316.02102
232.75223  316.02093
232.74089  316.02084
232.72955  316.02075
232.71822  316.02066
232.70688  316.02057
232.69555  316.02048
232.68421  316.02039
232.67287  316.0203
232.66154  316.02021
232.6502  316.02012
232.63887  316.02003
232.62753  316.01994
232.61619  316.01985
232.60486  316.01976
232.59352  316.01968
232.58219  316.01959
232.57085  316.0195
232.55951  316.01941
232.54818  316.01932
232.53684  316.01924
232.52551  316.01915
232.51417  316.01906
232.50283  316.01898
232.4915  316.01889
232.48016  316.0188
232.46883  316.01872
232.45749  316.01863
232.44615  316.01854
232.43482  316.01846
232.42348  316.01837
232.41215  316.01829
232.40081  316.0182
232.38947  316.01812
232.37814  316.01803
232.3668  316.01795
232.35547  316.01786
232.34413  316.01778
232.33279  316.0177
232.32146  316.01761
232.31012  316.01753
232.29879  316.01744
232.28745  316.01736
232.27611  316.01728
232.26478  316.01719
232.25344  316.01711
232.24211  316.01703
232.23077  316.01695
232.21943  316.01686
232.2081  316.01678
232.19676  316.0167
232.18543  316.01662
232.17409  316.01654
232.16275  316.01645
232.15142  316.01637
232.14008  316.01629
232.12874  316.01621
232.11741  316.01613
232.10607  316.01605
232.09474  316.01597
232.0834  316.01589
232.07206  316.01581
232.06073  316.01573
232.04939  316.01565
232.03806  316.01557
232.02672  316.01549
232.01538  316.01541
232.00405  316.01533
231.99271  316.01525
231.98138  316.01517
231.97004  316.01509
231.9587  316.01502
231.94737  316.01494
231.93603  316.01486
231.9247  316.01478
231.91336  316.0147
231.90202  316.01463
231.89069  316.01455
231.87935  316.01447
231.86802  316.01439
231.85668  316.01432
231.84534  316.01424
231.83401  316.01416
231.82267  316.01409
231.81134  316.01401
231.8  316.01393
231.78866  316.01386
231.77733  316.01378
231.76599  316.01371
231.75466  316.01363
231.74332  316.01356
231.73198  316.01348
231.72065  316.01341
231.70931  316.01333
231.69798  316.01326
231.68664  316.01318
231.6753  316.01311
231.66397  316.01303
231.65263  316.01296
231.6413  316.01288
231.62996  316.01281
231.61862  316.01274
231.60729  316.01266
231.59595  316.01259
231.58462  316.01252
231.57328  316.01244
231.56194  316.01237
231.55061  316.0123
231.53927  316.01222
231.52794  316.01215
231.5166  316.01208
231.50526  316.01201
231.49393  316.01194
231.48259  316.01186
231.47126  316.01179
231.45992  316.01172
231.44858  316.01165
231.43725  316.01158
231.42591  316.01151
231.41457  316.01144
231.40324  316.01136
231.3919  316.01129
231.38057  316.01122
231.36923  316.01115
231.35789  316.01108
231.34656  316.01101
231.33522  316.01094
231.32389  316.01087
231.31255  316.0108
231.30121  316.01073
231.28988  316.01066
231.27854  316.0106
231.26721  316.01053
231.25587  316.01046
231.24453  316.01039
231.2332  316.01032
231.22186  316.01025
231.21053  316.01018
231.19919  316.01011
231.18785  316.01005
231.17652  316.00998
231.16518  316.00991
231.15385  316.00984
231.14251  316.00978
231.13117  316.00971
231.11984  316.00964
231.1085  316.00957
231.09717  316.00951
231.08583  316.00944
231.07449  316.00937
231.06316  316.00931
231.05182  316.00924
231.04049  316.00917
231.02915  316.00911
231.01781  316.00904
231.00648  316.00898
230.99514  316.00891
230.98381  316.00885
230.97247  316.00878
230.96113  316.00871
230.9498  316.00865
230.93846  316.00858
230.92713  316.00852
230.91579  316.00846
230.90445  316.00839
230.89312  316.00833
230.88178  316.00826
230.87045  316.0082
230.85911  316.00813
230.84777  316.00807
230.83644  316.00801
230.8251  316.00794
230.81377  316.00788
230.80243  316.00782
230.79109  316.00775
230.77976  316.00769
230.76842  316.00763
230.75709  316.00756
230.74575  316.0075
230.73441  316.00744
230.72308  316.00738
230.71174  316.00731
230.7004  316.00725
230.68907  316.00719
230.67773  316.00713
230.6664  316.00707
230.65506  316.007
230.64372  316.00694
230.63239  316.00688
230.62105  316.00682
230.60972  316.00676
230.59838  316.0067
230.58704  316.00664
230.57571  316.00658
230.56437  316.00652
230.55304  316.00645
230.5417  316.00639
230.53036  316.00633
230.51903  316.00627
230.50769  316.00621
230.49636  316.00615
230.48502  316.00609
230.47368  316.00604
230.46235  316.00598
230.45101  316.00592
230.43968  316.00586
230.42834  316.0058
230.417  316.00574
230.40567  316.00568
230.39433  316.00562
230.383  316.00556
230.37166  316.0055
230.36032  316.00545
230.34899  316.00539
230.33765  316.00533
230.32632  316.00527
230.31498  316.00521
230.30364  316.00516
230.29231  316.0051
230.28097  316.00504
230.26964  316.00498
230.2583  316.00493
230.24696  316.00487
230.23563  316.00481
230.22429  316.00476
230.21296  316.0047
230.20162  316.00464
230.19028  316.00459
230.17895  316.00453
230.16761  316.00447
230.15628  316.00442
230.14494  316.00436
230.1336  316.0043
230.12227  316.00425
230.11093  316.00419
230.0996  316.00414
230.08826  316.00408
230.07692  316.00403
230.06559  316.00397
230.05425  316.00392
230.04291  316.00386
230.03158  316.00381
230.02024  316.00375
230.00891  316.0037
229.99757  316.00364
229.98623  316.00359
229.9749  316.00353
229.96356  316.00348
229.95223  316.00343
229.94089  316.00337
229.92955  316.00332
229.91822  316.00326
229.90688  316.00321
229.89555  316.00316
229.88421  316.0031
229.87287  316.00305
229.86154  316.003
229.8502  316.00294
229.83887  316.00289
229.82753  316.00284
229.81619  316.00279
229.80486  316.00273
229.79352  316.00268
229.78219  316.00263
229.77085  316.00258
229.75951  316.00252
229.74818  316.00247
229.73684  316.00242
229.72551  316.00237
229.71417  316.00232
229.70283  316.00226
229.6915  316.00221
229.68016  316.00216
229.66883  316.00211
229.65749  316.00206
229.64615  316.00201
229.63482  316.00196
229.62348  316.00191
229.61215  316.00186
229.60081  316.0018
229.58947  316.00175
229.57814  316.0017
229.5668  316.00165
229.55547  316.0016
229.54413  316.00155
229.53279  316.0015
229.52146  316.00145
229.51012  316.0014
229.49879  316.00135
229.48745  316.0013
229.47611  316.00125
229.46478  316.00121
229.45344  316.00116
229.44211  316.00111
229.43077  316.00106
229.41943  316.00101
229.4081  316.00096
229.39676  316.00091
229.38543  316.00086
229.37409  316.00081
229.36275  316.00077
229.35142  316.00072
229.34008  316.00067
229.32874  316.00062
229.31741  316.00057
229.30607  316.00053
229.29474  316.00048
229.2834  316.00043
229.27206  316.00038
229.26073  316.00033
229.24939  316.00029
229.23806  316.00024
229.22672  316.00019
229.21538  316.00015
229.20405  316.0001
229.19271  316.00005
229.18138  316.00001
229.17004  315.99996
229.1587  315.99991
229.14737  315.99987
229.13603  315.99982
229.1247  315.99977
229.11336  315.99973
229.10202  315.99968
229.09069  315.99963
229.07935  315.99959
229.06802  315.99954
229.05668  315.9995
229.04534  315.99945
229.03401  315.99941
229.02267  315.99936
229.01134  315.99932
229  315.99927
228.98866  315.99922
228.97733  315.99918
228.96599  315.99913
228.95466  315.99909
228.94332  315.99905
228.93198  315.999
228.92065  315.99896
228.90931  315.99891
228.89798  315.99887
228.88664  315.99882
228.8753  315.99878
228.86397  315.99873
228.85263  315.99869
228.8413  315.99865
228.82996  315.9986
228.81862  315.99856
228.80729  315.99852
228.79595  315.99847
228.78462  315.99843
228.77328  315.99839
228.76194  315.99834
228.75061  315.9983
228.73927  315.99826
228.72794  315.99821
228.7166  315.99817
228.70526  315.99813
228.69393  315.99808
228.68259  315.99804
228.67126  315.998
228.65992  315.99796
228.64858  315.99792
228.63725  315.99787
228.62591  315.99783
228.61457  315.99779
228.60324  315.99775
228.5919  315.9977
228.58057  315.99766
228.56923  315.99762
228.55789  315.99758
228.54656  315.99754
228.53522  315.9975
228.52389  315.99746
228.51255  315.99741
228.50121  315.99737
228.48988  315.99733
228.47854  315.99729
228.46721  315.99725
228.45587  315.99721
228.44453  315.99717
228.4332  315.99713
228.42186  315.99709
228.41053  315.99705
228.39919  315.99701
228.38785  315.99697
228.37652  315.99693
228.36518  315.99689
228.35385  315.99685
228.34251  315.99681
228.33117  315.99677
228.31984  315.99673
228.3085  315.99669
228.29717  315.99665
228.28583  315.99661
228.27449  315.99657
228.26316  315.99653
228.25182  315.99649
228.24049  315.99645
228.22915  315.99641
228.21781  315.99637
228.20648  315.99633
228.19514  315.99629
228.18381  315.99626
228.17247  315.99622
228.16113  315.99618
228.1498  315.99614
228.13846  315.9961
228.12713  315.99606
228.11579  315.99603
228.10445  315.99599
228.09312  315.99595
228.08178  315.99591
228.07045  315.99587
228.05911  315.99584
228.04777  315.9958
228.03644  315.99576
228.0251  315.99572
228.01377  315.99568
228.00243  315.99565
227.99109  315.99561
227.97976  315.99557
227.96842  315.99554
227.95709  315.9955
227.94575  315.99546
227.93441  315.99542
227.92308  315.99539
227.91174  315.99535
227.9004  315.99531
227.88907  315.99528
227.87773  315.99524
227.8664  315.9952
227.85506  315.99517
227.84372  315.99513
227.83239  315.9951
227.82105  315.99506
227.80972  315.99502
227.79838  315.99499
227.78704  315.99495
227.77571  315.99492
227.76437  315.99488
227.75304  315.99484
227.7417  315.99481
227.73036  315.99477
227.71903  315.99474
227.70769  315.9947
227.69636  315.99467
227.68502  315.99463
227.67368  315.9946
227.66235  315.99456
227.65101  315.99453
227.63968  315.99449
227.62834  315.99446
227.617  315.99442
227.60567  315.99439
227.59433  315.99435
227.583  315.99432
227.57166  315.99428
227.56032  315.99425
227.54899  315.99421
227.53765  315.99418
227.52632  315.99415
227.51498  315.99411
227.50364  315.99408
227.49231  315.99404
227.48097  315.99401
227.46964  315.99398
227.4583  315.99394
227.44696  315.99391
227.43563  315.99388
227.42429  315.99384
227.41296  315.99381
227.40162  315.99378
227.39028  315.99374
227.37895  315.99371
227.36761  315.99368
227.35628  315.99364
227.34494  315.99361
227.3336  315.99358
227.32227  315.99354
227.31093  315.99351
227.2996  315.99348
227.28826  315.99345
227.27692  315.99341
227.26559  315.99338
227.25425  315.99335
227.24291  315.99332
227.23158  315.99328
227.22024  315.99325
227.20891  315.99322
227.19757  315.99319
227.18623  315.99316
227.1749  315.99312
227.16356  315.99309
227.15223  315.99306
227.14089  315.99303
227.12955  315.993
227.11822  315.99296
227.10688  315.99293
227.09555  315.9929
227.08421  315.99287
227.07287  315.99284
227.06154  315.99281
227.0502  315.99278
227.03887  315.99275
227.02753  315.99271
227.01619  315.99268
227.00486  315.99265
226.99352  315.99262
226.98219  315.99259
226.97085  315.99256
226.95951  315.99253
226.94818  315.9925
226.93684  315.99247
226.92551  315.99244
226.91417  315.99241
226.90283  315.99238
226.8915  315.99235
226.88016  315.99232
226.86883  315.99229
226.85749  315.99226
226.84615  315.99223
226.83482  315.9922
226.82348  315.99217
226.81215  315.99214
226.80081  315.99211
226.78947  315.99208
226.77814  315.99205
226.7668  315.99202
226.75547  315.99199
226.74413  315.99196
226.73279  315.99193
226.72146  315.9919
226.71012  315.99187
226.69879  315.99184
226.68745  315.99181
226.67611  315.99178
226.66478  315.99176
226.65344  315.99173
226.64211  315.9917
226.63077  315.99167
226.61943  315.99164
226.6081  315.99161
226.59676  315.99158
226.58543  315.99155
226.57409  315.99153
226.56275  315.9915
226.55142  315.99147
226.54008  315.99144
226.52874  315.99141
226.51741  315.99139
226.50607  315.99136
226.49474  315.99133
226.4834  315.9913
226.47206  315.99127
226.46073  315.99125
226.44939  315.99122
226.43806  315.99119
226.42672  315.99116
226.41538  315.99113
226.40405  315.99111
226.39271  315.99108
226.38138  315.99105
226.37004  315.99103
226.3587  315.991
226.34737  315.99097
226.33603  315.99094
226.3247  315.99092
226.31336  315.99089
226.30202  315.99086
226.29069  315.99084
226.27935  315.99081
226.26802  315.99078
226.25668  315.99076
226.24534  315.99073
226.23401  315.9907
226.22267  315.99068
226.21134  315.99065
226.2  315.99062
226.18866  315.9906
226.17733  315.99057
226.16599  315.99054
226.15466  315.99052
226.14332  315.99049
226.13198  315.99047
226.12065  315.99044
226.10931  315.99041
226.09798  315.99039
226.08664  315.99036
226.0753  315.99034
226.06397  315.99031
226.05263  315.99028
226.0413  315.99026
226.02996  315.99023
226.01862  315.99021
226.00729  315.99018
225.99595  315.99016
225.98462  315.99013
225.97328  315.99011
225.96194  315.99008
225.95061  315.99006
225.93927  315.99003
225.92794  315.99001
225.9166  315.98998
225.90526  315.98996
225.89393  315.98993
225.88259  315.98991
225.87126  315.98988
225.85992  315.98986
225.84858  315.98983
225.83725  315.98981
225.82591  315.98978
225.81457  315.98976
225.80324  315.98973
225.7919  315.98971
225.78057  315.98968
225.76923  315.98966
225.75789  315.98964
225.74656  315.98961
225.73522  315.98959
225.72389  315.98956
225.71255  315.98954
225.70121  315.98952
225.68988  315.98949
225.67854  315.98947
225.66721  315.98944
225.65587  315.98942
225.64453  315.9894
225.6332  315.98937
225.62186  315.98935
225.61053  315.98933
225.59919  315.9893
225.58785  315.98928
225.57652  315.98926
225.56518  315.98923
225.55385  315.98921
225.54251  315.98919
225.53117  315.98916
225.51984  315.98914
225.5085  315.98912
225.49717  315.98909
225.48583  315.98907
225.47449  315.98905
225.46316  315.98903
225.45182  315.989
225.44049  315.98898
225.42915  315.98896
225.41781  315.98893
225.40648  315.98891
225.39514  315.98889
225.38381  315.98887
225.37247  315.98884
225.36113  315.98882
225.3498  315.9888
225.33846  315.98878
225.32713  315.98875
225.31579  315.98873
225.30445  315.98871
225.29312  315.98869
225.28178  315.98867
225.27045  315.98864
225.25911  315.98862
225.24777  315.9886
225.23644  315.98858
225.2251  315.98856
225.21377  315.98854
225.20243  315.98851
225.19109  315.98849
225.17976  315.98847
225.16842  315.98845
225.15709  315.98843
225.14575  315.98841
225.13441  315.98838
225.12308  315.98836
225.11174  315.98834
225.1004  315.98832
225.08907  315.9883
225.07773  315.98828
225.0664  315.98826
225.05506  315.98824
225.04372  315.98821
225.03239  315.98819
225.02105  315.98817
225.00972  315.98815
224.99838  315.98813
224.98704  315.98811
224.97571  315.98809
224.96437  315.98807
224.95304  315.98805
224.9417  315.98803
224.93036  315.98801
224.91903  315.98799
224.90769  315.98797
224.89636  315.98795
224.88502  315.98793
224.87368  315.98791
224.86235  315.98788
224.85101  315.98786
224.83968  315.98784
224.82834  315.98782
224.817  315.9878
224.80567  315.98778
224.79433  315.98776
224.783  315.98774
224.77166  315.98772
224.76032  315.9877
224.74899  315.98768
224.73765  315.98766
224.72632  315.98765
224.71498  315.98763
224.70364  315.98761
224.69231  315.98759
224.68097  315.98757
224.66964  315.98755
224.6583  315.98753
224.64696  315.98751
224.63563  315.98749
224.62429  315.98747
224.61296  315.98745
224.60162  315.98743
224.59028  315.98741
224.57895  315.98739
224.56761  315.98737
224.55628  315.98735
224.54494  315.98734
224.5336  315.98732
224.52227  315.9873
224.51093  315.98728
224.4996  315.98726
224.48826  315.98724
224.47692  315.98722
224.46559  315.9872
224.45425  315.98719
224.44291  315.98717
224.43158  315.98715
224.42024  315.98713
224.40891  315.98711
224.39757  315.98709
224.38623  315.98707
224.3749  315.98706
224.36356  315.98704
224.35223  315.98702
224.34089  315.987
224.32955  315.98698
224.31822  315.98696
224.30688  315.98695
224.29555  315.98693
224.28421  315.98691
224.27287  315.98689
224.26154  315.98687
224.2502  315.98686
224.23887  315.98684
224.22753  315.98682
224.21619  315.9868
224.20486  315.98679
224.19352  315.98677
224.18219  315.98675
224.17085  315.98673
224.15951  315.98672
224.14818  315.9867
224.13684  315.98668
224.12551  315.98666
224.11417  315.98665
224.10283  315.98663
224.0915  315.98661
224.08016  315.98659
224.06883  315.98658
224.05749  315.98656
224.04615  315.98654
224.03482  315.98652
224.02348  315.98651
224.01215  315.98649
224.00081  315.98647
223.98947  315.98646
223.97814  315.98644
223.9668  315.98642
223.95547  315.98641
223.94413  315.98639
223.93279  315.98637
223.92146  315.98636
223.91012  315.98634
223.89879  315.98632
223.88745  315.98631
223.87611  315.98629
223.86478  315.98627
223.85344  315.98626
223.84211  315.98624
223.83077  315.98622
223.81943  315.98621
223.8081  315.98619
223.79676  315.98617
223.78543  315.98616
223.77409  315.98614
223.76275  315.98613
223.75142  315.98611
223.74008  315.98609
223.72874  315.98608
223.71741  315.98606
223.70607  315.98605
223.69474  315.98603
223.6834  315.98601
223.67206  315.986
223.66073  315.98598
223.64939  315.98597
223.63806  315.98595
223.62672  315.98593
223.61538  315.98592
223.60405  315.9859
223.59271  315.98589
223.58138  315.98587
223.57004  315.98586
223.5587  315.98584
223.54737  315.98583
223.53603  315.98581
223.5247  315.98579
223.51336  315.98578
223.50202  315.98576
223.49069  315.98575
223.47935  315.98573
223.46802  315.98572
223.45668  315.9857
223.44534  315.98569
223.43401  315.98567
223.42267  315.98566
223.41134  315.98564
223.4  315.98563
223.38866  315.98561
223.37733  315.9856
223.36599  315.98558
223.35466  315.98557
223.34332  315.98555
223.33198  315.98554
223.32065  315.98552
223.30931  315.98551
223.29798  315.98549
223.28664  315.98548
223.2753  315.98547
223.26397  315.98545
223.25263  315.98544
223.2413  315.98542
223.22996  315.98541
223.21862  315.98539
223.20729  315.98538
223.19595  315.98536
223.18462  315.98535
223.17328  315.98534
223.16194  315.98532
223.15061  315.98531
223.13927  315.98529
223.12794  315.98528
223.1166  315.98526
223.10526  315.98525
223.09393  315.98524
223.08259  315.98522
223.07126  315.98521
223.05992  315.98519
223.04858  315.98518
223.03725  315.98517
223.02591  315.98515
223.01457  315.98514
223.00324  315.98513
222.9919  315.98511
222.98057  315.9851
222.96923  315.98508
222.95789  315.98507
222.94656  315.98506
222.93522  315.98504
222.92389  315.98503
222.91255  315.98502
222.90121  315.985
222.88988  315.98499
222.87854  315.98498
222.86721  315.98496
222.85587  315.98495
222.84453  315.98494
222.8332  315.98492
222.82186  315.98491
222.81053  315.9849
222.79919  315.98488
222.78785  315.98487
222.77652  315.98486
222.76518  315.98484
222.75385  315.98483
222.74251  315.98482
222.73117  315.98481
222.71984  315.98479
222.7085  315.98478
222.69717  315.98477
222.68583  315.98475
222.67449  315.98474
222.66316  315.98473
222.65182  315.98472
222.64049  315.9847
222.62915  315.98469
222.61781  315.98468
222.60648  315.98466
222.59514  315.98465
222.58381  315.98464
222.57247  315.98463
222.56113  315.98461
222.5498  315.9846
222.53846  315.98459
222.52713  315.98458
222.51579  315.98456
222.50445  315.98455
222.49312  315.98454
222.48178  315.98453
222.47045  315.98452
222.45911  315.9845
222.44777  315.98449
222.43644  315.98448
222.4251  315.98447
222.41377  315.98445
222.40243  315.98444
222.39109  315.98443
222.37976  315.98442
222.36842  315.98441
222.35709  315.98439
222.34575  315.98438
222.33441  315.98437
222.32308  315.98436
222.31174  315.98435
222.3004  315.98434
222.28907  315.98432
222.27773  315.98431
222.2664  315.9843
222.25506  315.98429
222.24372  315.98428
222.23239  315.98426
222.22105  315.98425
222.20972  315.98424
222.19838  315.98423
222.18704  315.98422
222.17571  315.98421
222.16437  315.9842
222.15304  315.98418
222.1417  315.98417
222.13036  315.98416
222.11903  315.98415
222.10769  315.98414
222.09636  315.98413
222.08502  315.98412
222.07368  315.98411
222.06235  315.98409
222.05101  315.98408
222.03968  315.98407
222.02834  315.98406
222.017  315.98405
222.00567  315.98404
221.99433  315.98403
221.983  315.98402
221.97166  315.98401
221.96032  315.98399
221.94899  315.98398
221.93765  315.98397
221.92632  315.98396
221.91498  315.98395
221.90364  315.98394
221.89231  315.98393
221.88097  315.98392
221.86964  315.98391
221.8583  315.9839
221.84696  315.98389
221.83563  315.98388
221.82429  315.98387
221.81296  315.98385
221.80162  315.98384
221.79028  315.98383
221.77895  315.98382
221.76761  315.98381
221.75628  315.9838
221.74494  315.98379
221.7336  315.98378
221.72227  315.98377
221.71093  315.98376
221.6996  315.98375
221.68826  315.98374
221.67692  315.98373
221.66559  315.98372
221.65425  315.98371
221.64291  315.9837
221.63158  315.98369
221.62024  315.98368
221.60891  315.98367
221.59757  315.98366
221.58623  315.98365
221.5749  315.98364
221.56356  315.98363
221.55223  315.98362
221.54089  315.98361
221.52955  315.9836
221.51822  315.98359
221.50688  315.98358
221.49555  315.98357
221.48421  315.98356
221.47287  315.98355
221.46154  315.98354
221.4502  315.98353
221.43887  315.98352
221.42753  315.98351
221.41619  315.9835
221.40486  315.98349
221.39352  315.98348
221.38219  315.98347
221.37085  315.98346
221.35951  315.98345
221.34818  315.98344
221.33684  315.98344
221.32551  315.98343
221.31417  315.98342
221.30283  315.98341
221.2915  315.9834
221.28016  315.98339
221.26883  315.98338
221.25749  315.98337
221.24615  315.98336
221.23482  315.98335
221.22348  315.98334
221.21215  315.98333
221.20081  315.98332
221.18947  315.98331
221.17814  315.98331
221.1668  315.9833
221.15547  315.98329
221.14413  315.98328
221.13279  315.98327
221.12146  315.98326
221.11012  315.98325
221.09879  315.98324
221.08745  315.98323
221.07611  315.98322
221.06478  315.98322
221.05344  315.98321
221.04211  315.9832
221.03077  315.98319
221.01943  315.98318
221.0081  315.98317
220.99676  315.98316
220.98543  315.98315
220.97409  315.98315
220.96275  315.98314
220.95142  315.98313
220.94008  315.98312
220.92874  315.98311
220.91741  315.9831
220.90607  315.98309
220.89474  315.98309
220.8834  315.98308
220.87206  315.98307
220.86073  315.98306
220.84939  315.98305
220.83806  315.98304
220.82672  315.98304
220.81538  315.98303
220.80405  315.98302
220.79271  315.98301
220.78138  315.983
220.77004  315.98299
220.7587  315.98299
220.74737  315.98298
220.73603  315.98297
220.7247  315.98296
220.71336  315.98295
220.70202  315.98294
220.69069  315.98294
220.67935  315.98293
220.66802  315.98292
220.65668  315.98291
220.64534  315.9829
220.63401  315.9829
220.62267  315.98289
220.61134  315.98288
220.6  315.98287
220.58866  315.98286
220.57733  315.98286
220.56599  315.98285
220.55466  315.98284
220.54332  315.98283
220.53198  315.98283
220.52065  315.98282
220.50931  315.98281
220.49798  315.9828
220.48664  315.9828
220.4753  315.98279
220.46397  315.98278
220.45263  315.98277
220.4413  315.98276
220.42996  315.98276
220.41862  315.98275
220.40729  315.98274
220.39595  315.98273
220.38462  315.98273
220.37328  315.98272
220.36194  315.98271
220.35061  315.9827
220.33927  315.9827
220.32794  315.98269
220.3166  315.98268
220.30526  315.98268
220.29393  315.98267
220.28259  315.98266
220.27126  315.98265
220.25992  315.98265
220.24858  315.98264
220.23725  315.98263
220.22591  315.98262
220.21457  315.98262
220.20324  315.98261
220.1919  315.9826
220.18057  315.9826
220.16923  315.98259
220.15789  315.98258
220.14656  315.98258
220.13522  315.98257
220.12389  315.98256
220.11255  315.98255
220.10121  315.98255
220.08988  315.98254
220.07854  315.98253
220.06721  315.98253
220.05587  315.98252
220.04453  315.98251
220.0332  315.98251
220.02186  315.9825
220.01053  315.98249
219.99919  315.98249
219.98785  315.98248
219.97652  315.98247
219.96518  315.98247
219.95385  315.98246
219.94251  315.98245
219.93117  315.98245
219.91984  315.98244
219.9085  315.98243
219.89717  315.98243
219.88583  315.98242
219.87449  315.98241
219.86316  315.98241
219.85182  315.9824
219.84049  315.98239
219.82915  315.98239
219.81781  315.98238
219.80648  315.98237
219.79514  315.98237
219.78381  315.98236
219.77247  315.98236
219.76113  315.98235
219.7498  315.98234
219.73846  315.98234
219.72713  315.98233
219.71579  315.98232
219.70445  315.98232
219.69312  315.98231
219.68178  315.9823
219.67045  315.9823
219.65911  315.98229
219.64777  315.98229
219.63644  315.98228
219.6251  315.98227
219.61377  315.98227
219.60243  315.98226
219.59109  315.98226
219.57976  315.98225
219.56842  315.98224
219.55709  315.98224
219.54575  315.98223
219.53441  315.98223
219.52308  315.98222
219.51174  315.98221
219.5004  315.98221
219.48907  315.9822
219.47773  315.9822
219.4664  315.98219
219.45506  315.98219
219.44372  315.98218
219.43239  315.98217
219.42105  315.98217
219.40972  315.98216
219.39838  315.98216
219.38704  315.98215
219.37571  315.98215
219.36437  315.98214
219.35304  315.98213
219.3417  315.98213
219.33036  315.98212
219.31903  315.98212
219.30769  315.98211
219.29636  315.98211
219.28502  315.9821
219.27368  315.9821
219.26235  315.98209
219.25101  315.98208
219.23968  315.98208
219.22834  315.98207
219.217  315.98207
219.20567  315.98206
219.19433  315.98206
219.183  315.98205
219.17166  315.98205
219.16032  315.98204
219.14899  315.98204
219.13765  315.98203
219.12632  315.98203
219.11498  315.98202
219.10364  315.98202
219.09231  315.98201
219.08097  315.982
219.06964  315.982
219.0583  315.98199
219.04696  315.98199
219.03563  315.98198
219.02429  315.98198
219.01296  315.98197
219.00162  315.98197
218.99028  315.98196
218.97895  315.98196
218.96761  315.98195
218.95628  315.98195
218.94494  315.98194
218.9336  315.98194
218.92227  315.98193
218.91093  315.98193
218.8996  315.98192
218.88826  315.98192
218.87692  315.98191
218.86559  315.98191
218.85425  315.9819
218.84291  315.9819
218.83158  315.9819
218.82024  315.98189
218.80891  315.98189
218.79757  315.98188
218.78623  315.98188
218.7749  315.98187
218.76356  315.98187
218.75223  315.98186
218.74089  315.98186
218.72955  315.98185
218.71822  315.98185
218.70688  315.98184
218.69555  315.98184
218.68421  315.98183
218.67287  315.98183
218.66154  315.98183
218.6502  315.98182
218.63887  315.98182
218.62753  315.98181
218.61619  315.98181
218.60486  315.9818
218.59352  315.9818
218.58219  315.98179
218.57085  315.98179
218.55951  315.98179
218.54818  315.98178
218.53684  315.98178
218.52551  315.98177
218.51417  315.98177
218.50283  315.98176
218.4915  315.98176
218.48016  315.98176
218.46883  315.98175
218.45749  315.98175
218.44615  315.98174
218.43482  315.98174
218.42348  315.98173
218.41215  315.98173
218.40081  315.98173
218.38947  315.98172
218.37814  315.98172
218.3668  315.98171
218.35547  315.98171
218.34413  315.98171
218.33279  315.9817
218.32146  315.9817
218.31012  315.98169
218.29879  315.98169
218.28745  315.98169
218.27611  315.98168
218.26478  315.98168
218.25344  315.98167
218.24211  315.98167
218.23077  315.98167
218.21943  315.98166
218.2081  315.98166
218.19676  315.98165
218.18543  315.98165
218.17409  315.98165
218.16275  315.98164
218.15142  315.98164
218.14008  315.98163
218.12874  315.98163
218.11741  315.98163
218.10607  315.98162
218.09474  315.98162
218.0834  315.98162
218.07206  315.98161
218.06073  315.98161
218.04939  315.98161
218.03806  315.9816
218.02672  315.9816
218.01538  315.98159
218.00405  315.98159
217.99271  315.98159
217.98138  315.98158
217.97004  315.98158
217.9587  315.98158
217.94737  315.98157
217.93603  315.98157
217.9247  315.98157
217.91336  315.98156
217.90202  315.98156
217.89069  315.98156
217.87935  315.98155
217.86802  315.98155
217.85668  315.98155
217.84534  315.98154
217.83401  315.98154
217.82267  315.98154
217.81134  315.98153
217.8  315.98153
217.78866  315.98153
217.77733  315.98152
217.76599  315.98152
217.75466  315.98152
217.74332  315.98151
217.73198  315.98151
217.72065  315.98151
217.70931  315.9815
217.69798  315.9815
217.68664  315.9815
217.6753  315.98149
217.66397  315.98149
217.65263  315.98149
217.6413  315.98148
217.62996  315.98148
217.61862  315.98148
217.60729  315.98148
217.59595  315.98147
217.58462  315.98147
217.57328  315.98147
217.56194  315.98146
217.55061  315.98146
217.53927  315.98146
217.52794  315.98145
217.5166  315.98145
217.50526  315.98145
217.49393  315.98145
217.48259  315.98144
217.47126  315.98144
217.45992  315.98144
217.44858  315.98143
217.43725  315.98143
217.42591  315.98143
217.41457  315.98143
217.40324  315.98142
217.3919  315.98142
217.38057  315.98142
217.36923  315.98141
217.35789  315.98141
217.34656  315.98141
217.33522  315.98141
217.32389  315.9814
217.31255  315.9814
217.30121  315.9814
217.28988  315.9814
217.27854  315.98139
217.26721  315.98139
217.25587  315.98139
217.24453  315.98139
217.2332  315.98138
217.22186  315.98138
217.21053  315.98138
217.19919  315.98138
217.18785  315.98137
217.17652  315.98137
217.16518  315.98137
217.15385  315.98137
217.14251  315.98136
217.13117  315.98136
217.11984  315.98136
217.1085  315.98136
217.09717  315.98135
217.08583  315.98135
217.07449  315.98135
217.06316  315.98135
217.05182  315.98134
217.04049  315.98134
217.02915  315.98134
217.01781  315.98134
217.00648  315.98133
216.99514  315.98133
216.98381  315.98133
216.97247  315.98133
216.96113  315.98133
216.9498  315.98132
216.93846  315.98132
216.92713  315.98132
216.91579  315.98132
216.90445  315.98131
216.89312  315.98131
216.88178  315.98131
216.87045  315.98131
216.85911  315.98131
216.84777  315.9813
216.83644  315.9813
216.8251  315.9813
216.81377  315.9813
216.80243  315.9813
216.79109  315.98129
216.77976  315.98129
216.76842  315.98129
216.75709  315.98129
216.74575  315.98129
216.73441  315.98128
216.72308  315.98128
216.71174  315.98128
216.7004  315.98128
216.68907  315.98128
216.67773  315.98127
216.6664  315.98127
216.65506  315.98127
216.64372  315.98127
216.63239  315.98127
216.62105  315.98127
216.60972  315.98126
216.59838  315.98126
216.58704  315.98126
216.57571  315.98126
216.56437  315.98126
216.55304  315.98125
216.5417  315.98125
216.53036  315.98125
216.51903  315.98125
216.50769  315.98125
216.49636  315.98125
216.48502  315.98124
216.47368  315.98124
216.46235  315.98124
216.45101  315.98124
216.43968  315.98124
216.42834  315.98124
216.417  315.98123
216.40567  315.98123
216.39433  315.98123
216.383  315.98123
216.37166  315.98123
216.36032  315.98123
216.34899  315.98123
216.33765  315.98122
216.32632  315.98122
216.31498  315.98122
216.30364  315.98122
216.29231  315.98122
216.28097  315.98122
216.26964  315.98122
216.2583  315.98121
216.24696  315.98121
216.23563  315.98121
216.22429  315.98121
216.21296  315.98121
216.20162  315.98121
216.19028  315.98121
216.17895  315.9812
216.16761  315.9812
216.15628  315.9812
216.14494  315.9812
216.1336  315.9812
216.12227  315.9812
216.11093  315.9812
216.0996  315.9812
216.08826  315.98119
216.07692  315.98119
216.06559  315.98119
216.05425  315.98119
216.04291  315.98119
216.03158  315.98119
216.02024  315.98119
216.00891  315.98119
215.99757  315.98119
215.98623  315.98118
215.9749  315.98118
215.96356  315.98118
215.95223  315.98118
215.94089  315.98118
215.92955  315.98118
215.91822  315.98118
215.90688  315.98118
215.89555  315.98118
215.88421  315.98118
215.87287  315.98117
215.86154  315.98117
215.8502  315.98117
215.83887  315.98117
215.82753  315.98117
215.81619  315.98117
215.80486  315.98117
215.79352  315.98117
215.78219  315.98117
215.77085  315.98117
215.75951  315.98117
215.74818  315.98116
215.73684  315.98116
215.72551  315.98116
215.71417  315.98116
215.70283  315.98116
215.6915  315.98116
215.68016  315.98116
215.66883  315.98116
215.65749  315.98116
215.64615  315.98116
215.63482  315.98116
215.62348  315.98116
215.61215  315.98116
215.60081  315.98116
215.58947  315.98115
215.57814  315.98115
215.5668  315.98115
215.55547  315.98115
215.54413  315.98115
215.53279  315.98115
215.52146  315.98115
215.51012  315.98115
215.49879  315.98115
215.48745  315.98115
215.47611  315.98115
215.46478  315.98115
215.45344  315.98115
215.44211  315.98115
215.43077  315.98115
215.41943  315.98115
215.4081  315.98115
215.39676  315.98115
215.38543  315.98115
215.37409  315.98114
215.36275  315.98114
215.35142  315.98114
215.34008  315.98114
215.32874  315.98114
215.31741  315.98114
215.30607  315.98114
215.29474  315.98114
215.2834  315.98114
215.27206  315.98114
215.26073  315.98114
215.24939  315.98114
215.23806  315.98114
215.22672  315.98114
215.21538  315.98114
215.20405  315.98114
215.19271  315.98114
215.18138  315.98114
215.17004  315.98114
215.1587  315.98114
215.14737  315.98114
215.13603  315.98114
215.1247  315.98114
215.11336  315.98114
215.10202  315.98114
215.09069  315.98114
215.07935  315.98114
215.06802  315.98114
215.05668  315.98114
215.04534  315.98114
215.03401  315.98114
215.02267  315.98114
215.01134  315.98114
215  315.98114

# Result Name:                  Combined
# Number of Curves:             1
#
# Curve:                        0
# Values/Curve:                 3706
#
257  322.78582
256.98866  322.77034
256.97733  322.7549
256.96599  322.7395
256.95466  322.72413
256.94332  322.70881
256.93198  322.69352
256.92065  322.67827
256.90931  322.66305
256.89798  322.64788
256.88664  322.63274
256.8753  322.61764
256.86397  322.60257
256.85263  322.58755
256.8413  322.57256
256.82996  322.55761
256.81862  322.54271
256.80729  322.52784
256.79595  322.513
256.78462  322.49821
256.77328  322.48346
256.76194  322.46874
256.75061  322.45406
256.73927  322.43943
256.72794  322.42483
256.7166  322.41027
256.70526  322.39576
256.69393  322.38128
256.68259  322.36684
256.67126  322.35244
256.65992  322.33808
256.64858  322.32377
256.63725  322.30949
256.62591  322.29526
256.61457  322.28106
256.60324  322.26691
256.5919  322.25279
256.58057  322.23872
256.56923  322.22469
256.55789  322.21071
256.54656  322.19676
256.53522  322.18286
256.52389  322.169
256.51255  322.15518
256.50121  322.1414
256.48988  322.12767
256.47854  322.11398
256.46721  322.10033
256.45587  322.08673
256.44453  322.07317
256.4332  322.05966
256.42186  322.04619
256.41053  322.03276
256.39919  322.01938
256.38785  322.00604
256.37652  321.99275
256.36518  321.9795
256.35385  321.9663
256.34251  321.95315
256.33117  321.94004
256.31984  321.92698
256.3085  321.91397
256.29717  321.901
256.28583  321.88808
256.27449  321.8752
256.26316  321.86238
256.25182  321.8496
256.24049  321.83688
256.22915  321.8242
256.21781  321.81157
256.20648  321.79899
256.19514  321.78646
256.18381  321.77398
256.17247  321.76155
256.16113  321.74917
256.1498  321.73684
256.13846  321.72457
256.12713  321.71235
256.11579  321.70018
256.10445  321.68806
256.09312  321.676
256.08178  321.66399
256.07045  321.65203
256.05911  321.64013
256.04777  321.62828
256.03644  321.61649
256.0251  321.60476
256.01377  321.59308
256.00243  321.58145
255.99109  321.56989
255.97976  321.55838
255.96842  321.54694
255.95709  321.53555
255.94575  321.52422
255.93441  321.51295
255.92308  321.50174
255.91174  321.49059
255.9004  321.4795
255.88907  321.46848
255.87773  321.45752
255.8664  321.44662
255.85506  321.43579
255.84372  321.42502
255.83239  321.41432
255.82105  321.40368
255.80972  321.39311
255.79838  321.3826
255.78704  321.37217
255.77571  321.3618
255.76437  321.35151
255.75304  321.34128
255.7417  321.33112
255.73036  321.32104
255.71903  321.31103
255.70769  321.30109
255.69636  321.29123
255.68502  321.28144
255.67368  321.27173
255.66235  321.26209
255.65101  321.25254
255.63968  321.24306
255.62834  321.23366
255.617  321.22434
255.60567  321.2151
255.59433  321.20595
255.583  321.19688
255.57166  321.18789
255.56032  321.17899
255.54899  321.17018
255.53765  321.16146
255.52632  321.15282
255.51498  321.14427
255.50364  321.13582
255.49231  321.12746
255.48097  321.11919
255.46964  321.11102
255.4583  321.10294
255.44696  321.09497
255.43563  321.08709
255.42429  321.07931
255.41296  321.07164
255.40162  321.06406
255.39028  321.0566
255.37895  321.04924
255.36761  321.04198
255.35628  321.03484
255.34494  321.02781
255.3336  321.02089
255.32227  321.01409
255.31093  321.0074
255.2996  321.00083
255.28826  320.99438
255.27692  320.98806
255.26559  320.98185
255.25425  320.97578
255.24291  320.96983
255.23158  320.96401
255.22024  320.95832
255.20891  320.95277
255.19757  320.94735
255.18623  320.94207
255.1749  320.93694
255.16356  320.93194
255.15223  320.9271
255.14089  320.9224
255.12955  320.91785
255.11822  320.91345
255.10688  320.90921
255.09555  320.90513
255.08421  320.90121
255.07287  320.89746
255.06154  320.89387
255.0502  320.89046
255.03887  320.88721
255.02753  320.88415
255.01619  320.88126
255.00486  320.87856
254.99352  320.87604
254.98219  320.87372
254.97085  320.87159
254.95951  320.86965
254.94818  320.86792
254.93684  320.86639
254.92551  320.86507
254.91417  320.86397
254.90283  320.86308
254.8915  320.86242
254.88016  320.86198
254.86883  320.86177
254.85749  320.8618
254.84615  320.86207
254.83482  320.86258
254.82348  320.86334
254.81215  320.86436
254.80081  320.86564
254.78947  320.86719
254.77814  320.86901
254.7668  320.8711
254.75547  320.87348
254.74413  320.87615
254.73279  320.87912
254.72146  320.88239
254.71012  320.88596
254.69879  320.88986
254.68745  320.89407
254.67611  320.89862
254.66478  320.9035
254.65344  320.90873
254.64211  320.91431
254.63077  320.92025
254.61943  320.92656
254.6081  320.93325
254.59676  320.94033
254.58543  320.9478
254.57409  320.95567
254.56275  320.96396
254.55142  320.97267
254.54008  320.98182
254.52874  320.99141
254.51741  321.00146
254.50607  321.01198
254.49474  321.02297
254.4834  321.03445
254.47206  321.04643
254.46073  321.05892
254.44939  321.07195
254.43806  321.08551
254.42672  321.09962
254.41538  321.1143
254.40405  321.12956
254.39271  321.14542
254.38138  321.16189
254.37004  321.17898
254.3587  321.19672
254.34737  321.21512
254.33603  321.23419
254.3247  321.25396
254.31336  321.27444
254.30202  321.29565
254.29069  321.31761
254.27935  321.34035
254.26802  321.36387
254.25668  321.3882
254.24534  321.41337
254.23401  321.43939
254.22267  321.46629
254.21134  321.49409
254.2  321.52282
254.18866  321.5525
254.17733  321.58315
254.16599  321.61481
254.15466  321.6475
254.14332  321.68125
254.13198  321.71609
254.12065  321.75205
254.10931  321.78915
254.09798  321.82743
254.08664  321.86693
254.0753  321.90767
254.06397  321.94969
254.05263  321.99302
254.0413  322.0377
254.02996  322.08377
254.01862  322.13126
254.00729  322.18022
253.99595  322.23068
253.98462  322.28268
253.97328  322.33626
253.96194  322.39148
253.95061  322.44836
253.93927  322.50695
253.92794  322.56731
253.9166  322.62946
253.90526  322.69347
253.89393  322.75938
253.88259  322.82723
253.87126  322.89707
253.85992  322.96896
253.84858  323.04294
253.83725  323.11906
253.82591  323.19737
253.81457  323.27792
253.80324  323.36077
253.7919  323.44595
253.78057  323.53352
253.76923  323.62353
253.75789  323.71602
253.74656  323.81104
253.73522  323.90864
253.72389  324.00886
253.71255  324.11174
253.70121  324.21731
253.68988  324.32561
253.67854  324.43668
253.66721  324.55054
253.65587  324.66722
253.64453  324.78673
253.6332  324.90908
253.62186  325.03429
253.61053  325.16235
253.59919  325.29326
253.58785  325.42699
253.57652  325.56352
253.56518  325.70281
253.55385  325.84481
253.54251  325.98946
253.53117  326.1367
253.51984  326.28642
253.5085  326.43852
253.49717  326.59288
253.48583  326.74937
253.47449  326.90782
253.46316  327.06806
253.45182  327.22988
253.44049  327.39307
253.42915  327.55738
253.41781  327.72255
253.40648  327.88828
253.39514  328.05427
253.38381  328.22016
253.37247  328.3856
253.36113  328.55019
253.3498  328.71353
253.33846  328.87517
253.32713  329.03465
253.31579  329.19151
253.30445  329.34523
253.29312  329.49531
253.28178  329.64123
253.27045  329.78243
253.25911  329.91838
253.24777  330.04854
253.23644  330.17235
253.2251  330.28928
253.21377  330.39879
253.20243  330.50038
253.19109  330.59355
253.17976  330.67783
253.16842  330.75279
253.15709  330.81803
253.14575  330.87318
253.13441  330.91794
253.12308  330.95203
253.11174  330.97525
253.1004  330.98742
253.08907  330.98846
253.07773  330.9783
253.0664  330.95697
253.05506  330.92454
253.04372  330.88113
253.03239  330.82694
253.02105  330.76219
253.00972  330.68718
252.99838  330.60224
252.98704  330.50776
252.97571  330.40414
252.96437  330.29184
252.95304  330.17134
252.9417  330.04314
252.93036  329.90776
252.91903  329.76573
252.90769  329.61761
252.89636  329.46393
252.88502  329.30524
252.87368  329.14209
252.86235  328.975
252.85101  328.8045
252.83968  328.63109
252.82834  328.45527
252.817  328.27749
252.80567  328.09823
252.79433  327.91789
252.783  327.73688
252.77166  327.55558
252.76032  327.37434
252.74899  327.19349
252.73765  327.01335
252.72632  326.83417
252.71498  326.65623
252.70364  326.47976
252.69231  326.30497
252.68097  326.13204
252.66964  325.96114
252.6583  325.79243
252.64696  325.62604
252.63563  325.46207
252.62429  325.30064
252.61296  325.14181
252.60162  324.98566
252.59028  324.83224
252.57895  324.68161
252.56761  324.53378
252.55628  324.38878
252.54494  324.24663
252.5336  324.10733
252.52227  323.97088
252.51093  323.83727
252.4996  323.70648
252.48826  323.57849
252.47692  323.45328
252.46559  323.33081
252.45425  323.21106
252.44291  323.09399
252.43158  322.97956
252.42024  322.86772
252.40891  322.75843
252.39757  322.65165
252.38623  322.54733
252.3749  322.44542
252.36356  322.34588
252.35223  322.24865
252.34089  322.15368
252.32955  322.06093
252.31822  321.97035
252.30688  321.88188
252.29555  321.79547
252.28421  321.71108
252.27287  321.62866
252.26154  321.54816
252.2502  321.46954
252.23887  321.39273
252.22753  321.31771
252.21619  321.24442
252.20486  321.17282
252.19352  321.10287
252.18219  321.03452
252.17085  320.96773
252.15951  320.90246
252.14818  320.83867
252.13684  320.77632
252.12551  320.71538
252.11417  320.6558
252.10283  320.59754
252.0915  320.54059
252.08016  320.48488
252.06883  320.43041
252.05749  320.37713
252.04615  320.325
252.03482  320.27401
252.02348  320.22412
252.01215  320.17529
252.00081  320.12751
251.98947  320.08074
251.97814  320.03495
251.9668  319.99013
251.95547  319.94624
251.94413  319.90326
251.93279  319.86116
251.92146  319.81993
251.91012  319.77954
251.89879  319.73996
251.88745  319.70118
251.87611  319.66318
251.86478  319.62593
251.85344  319.58941
251.84211  319.55361
251.83077  319.51851
251.81943  319.48409
251.8081  319.45034
251.79676  319.41722
251.78543  319.38474
251.77409  319.35287
251.76275  319.3216
251.75142  319.29091
251.74008  319.26079
251.72874  319.23122
251.71741  319.20219
251.70607  319.17369
251.69474  319.1457
251.6834  319.11821
251.67206  319.09122
251.66073  319.06469
251.64939  319.03864
251.63806  319.01304
251.62672  318.98788
251.61538  318.96315
251.60405  318.93885
251.59271  318.91496
251.58138  318.89147
251.57004  318.86837
251.5587  318.84566
251.54737  318.82332
251.53603  318.80135
251.5247  318.77974
251.51336  318.75847
251.50202  318.73755
251.49069  318.71696
251.47935  318.6967
251.46802  318.67675
251.45668  318.65712
251.44534  318.63779
251.43401  318.61876
251.42267  318.60002
251.41134  318.58157
251.4  318.56339
251.38866  318.54549
251.37733  318.52786
251.36599  318.51048
251.35466  318.49336
251.34332  318.47649
251.33198  318.45986
251.32065  318.44348
251.30931  318.42732
251.29798  318.4114
251.28664  318.3957
251.2753  318.38022
251.26397  318.36496
251.25263  318.3499
251.2413  318.33506
251.22996  318.32041
251.21862  318.30596
251.20729  318.29171
251.19595  318.27765
251.18462  318.26377
251.17328  318.25008
251.16194  318.23657
251.15061  318.22323
251.13927  318.21006
251.12794  318.19706
251.1166  318.18423
251.10526  318.17156
251.09393  318.15905
251.08259  318.1467
251.07126  318.13449
251.05992  318.12244
251.04858  318.11054
251.03725  318.09878
251.02591  318.08716
251.01457  318.07568
251.00324  318.06434
250.9919  318.05313
250.98057  318.04206
250.96923  318.03111
250.95789  318.02029
250.94656  318.0096
250.93522  317.99902
250.92389  317.98857
250.91255  317.97824
250.90121  317.96802
250.88988  317.95791
250.87854  317.94792
250.86721  317.93804
250.85587  317.92826
250.84453  317.91859
250.8332  317.90903
250.82186  317.89957
250.81053  317.89021
250.79919  317.88094
250.78785  317.87178
250.77652  317.86271
250.76518  317.85373
250.75385  317.84485
250.74251  317.83606
250.73117  317.82736
250.71984  317.81874
250.7085  317.81022
250.69717  317.80178
250.68583  317.79342
250.67449  317.78514
250.66316  317.77695
250.65182  317.76883
250.64049  317.7608
250.62915  317.75284
250.61781  317.74495
250.60648  317.73715
250.59514  317.72941
250.58381  317.72175
250.57247  317.71416
250.56113  317.70664
250.5498  317.69919
250.53846  317.69181
250.52713  317.6845
250.51579  317.67726
250.50445  317.67009
250.49312  317.663
250.48178  317.656
250.47045  317.64909
250.45911  317.64231
250.44777  317.6357
250.43644  317.62933
250.4251  317.6233
250.41377  317.61778
250.40243  317.61302
250.39109  317.6094
250.37976  317.60748
250.36842  317.60807
250.35709  317.61232
250.34575  317.6218
250.33441  317.63871
250.32308  317.66596
250.31174  317.70739
250.3004  317.76794
250.28907  317.85382
250.27773  317.97267
250.2664  318.13368
250.25506  318.34756
250.24372  318.62648
250.23239  318.9838
250.22105  319.4336
250.20972  319.99008
250.19838  320.66667
250.18704  321.47493
250.17571  322.42342
250.16437  323.51629
250.15304  324.75207
250.1417  326.12247
250.13036  327.61149
250.11903  329.19491
250.10769  330.84037
250.09636  332.50795
250.08502  334.15151
250.07368  335.72052
250.06235  337.16261
250.05101  338.42632
250.03968  339.46411
250.02834  340.23536
250.017  340.70892
250.00567  340.86525
249.99433  340.69768
249.983  340.21292
249.97166  339.43057
249.96032  338.3818
249.94899  337.10727
249.93765  335.65453
249.92632  334.07503
249.91498  332.42119
249.90364  330.74347
249.89231  329.08803
249.88097  327.49474
249.86964  325.99595
249.8583  324.61583
249.84696  323.37036
249.83563  322.26781
249.82429  321.30963
249.81296  320.49162
249.80162  319.80525
249.79028  319.23892
249.77895  318.7792
249.76761  318.41191
249.75628  318.12294
249.74494  317.89894
249.7336  317.72776
249.72227  317.59867
249.71093  317.5025
249.6996  317.43162
249.68826  317.37981
249.67692  317.34215
249.66559  317.31478
249.65425  317.2948
249.64291  317.28004
249.63158  317.26888
249.62024  317.26021
249.60891  317.25319
249.59757  317.24729
249.58623  317.24211
249.5749  317.23741
249.56356  317.23301
249.55223  317.22881
249.54089  317.22475
249.52955  317.22077
249.51822  317.21684
249.50688  317.21297
249.49555  317.20913
249.48421  317.20531
249.47287  317.20152
249.46154  317.19776
249.4502  317.19402
249.43887  317.19029
249.42753  317.18659
249.41619  317.18291
249.40486  317.17925
249.39352  317.17561
249.38219  317.17198
249.37085  317.16838
249.35951  317.1648
249.34818  317.16123
249.33684  317.15769
249.32551  317.15416
249.31417  317.15065
249.30283  317.14716
249.2915  317.14368
249.28016  317.14023
249.26883  317.13679
249.25749  317.13337
249.24615  317.12997
249.23482  317.12658
249.22348  317.12321
249.21215  317.11986
249.20081  317.11653
249.18947  317.11321
249.17814  317.10991
249.1668  317.10662
249.15547  317.10335
249.14413  317.1001
249.13279  317.09686
249.12146  317.09364
249.11012  317.09043
249.09879  317.08724
249.08745  317.08406
249.07611  317.0809
249.06478  317.07776
249.05344  317.07463
249.04211  317.07151
249.03077  317.06841
249.01943  317.06532
249.0081  317.06225
248.99676  317.05919
248.98543  317.05615
248.97409  317.05312
248.96275  317.0501
248.95142  317.0471
248.94008  317.04411
248.92874  317.04114
248.91741  317.03818
248.90607  317.03523
248.89474  317.03229
248.8834  317.02937
248.87206  317.02646
248.86073  317.02357
248.84939  317.02068
248.83806  317.01781
248.82672  317.01496
248.81538  317.01211
248.80405  317.00928
248.79271  317.00646
248.78138  317.00365
248.77004  317.00086
248.7587  316.99807
248.74737  316.9953
248.73603  316.99254
248.7247  316.98979
248.71336  316.98706
248.70202  316.98433
248.69069  316.98162
248.67935  316.97892
248.66802  316.97622
248.65668  316.97355
248.64534  316.97088
248.63401  316.96822
248.62267  316.96557
248.61134  316.96294
248.6  316.96031
248.58866  316.9577
248.57733  316.9551
248.56599  316.9525
248.55466  316.94992
248.54332  316.94735
248.53198  316.94479
248.52065  316.94224
248.50931  316.9397
248.49798  316.93717
248.48664  316.93465
248.4753  316.93214
248.46397  316.92964
248.45263  316.92715
248.4413  316.92466
248.42996  316.92219
248.41862  316.91973
248.40729  316.91728
248.39595  316.91484
248.38462  316.91241
248.37328  316.90998
248.36194  316.90757
248.35061  316.90516
248.33927  316.90277
248.32794  316.90038
248.3166  316.898
248.30526  316.89563
248.29393  316.89328
248.28259  316.89092
248.27126  316.88858
248.25992  316.88625
248.24858  316.88393
248.23725  316.88161
248.22591  316.8793
248.21457  316.87701
248.20324  316.87472
248.1919  316.87243
248.18057  316.87016
248.16923  316.8679
248.15789  316.86564
248.14656  316.86339
248.13522  316.86115
248.12389  316.85892
248.11255  316.8567
248.10121  316.85448
248.08988  316.85227
248.07854  316.85007
248.06721  316.84788
248.05587  316.8457
248.04453  316.84352
248.0332  316.84135
248.02186  316.83919
248.01053  316.83704
247.99919  316.83489
247.98785  316.83275
247.97652  316.83062
247.96518  316.8285
247.95385  316.82639
247.94251  316.82428
247.93117  316.82218
247.91984  316.82008
247.9085  316.818
247.89717  316.81592
247.88583  316.81385
247.87449  316.81178
247.86316  316.80972
247.85182  316.80767
247.84049  316.80563
247.82915  316.80359
247.81781  316.80156
247.80648  316.79954
247.79514  316.79752
247.78381  316.79551
247.77247  316.79351
247.76113  316.79151
247.7498  316.78952
247.73846  316.78754
247.72713  316.78557
247.71579  316.7836
247.70445  316.78163
247.69312  316.77968
247.68178  316.77773
247.67045  316.77578
247.65911  316.77385
247.64777  316.77192
247.63644  316.76999
247.6251  316.76807
247.61377  316.76616
247.60243  316.76426
247.59109  316.76236
247.57976  316.76046
247.56842  316.75858
247.55709  316.75669
247.54575  316.75482
247.53441  316.75295
247.52308  316.75109
247.51174  316.74923
247.5004  316.74738
247.48907  316.74553
247.47773  316.74369
247.4664  316.74186
247.45506  316.74003
247.44372  316.73821
247.43239  316.7364
247.42105  316.73458
247.40972  316.73278
247.39838  316.73098
247.38704  316.72919
247.37571  316.7274
247.36437  316.72562
247.35304  316.72384
247.3417  316.72207
247.33036  316.7203
247.31903  316.71854
247.30769  316.71679
247.29636  316.71504
247.28502  316.71329
247.27368  316.71156
247.26235  316.70982
247.25101  316.70809
247.23968  316.70637
247.22834  316.70465
247.217  316.70294
247.20567  316.70124
247.19433  316.69953
247.183  316.69784
247.17166  316.69615
247.16032  316.69446
247.14899  316.69278
247.13765  316.6911
247.12632  316.68943
247.11498  316.68776
247.10364  316.6861
247.09231  316.68445
247.08097  316.68279
247.06964  316.68115
247.0583  316.67951
247.04696  316.67787
247.03563  316.67624
247.02429  316.67461
247.01296  316.67299
247.00162  316.67137
246.99028  316.66976
246.97895  316.66815
246.96761  316.66655
246.95628  316.66495
246.94494  316.66336
246.9336  316.66177
246.92227  316.66018
246.91093  316.6586
246.8996  316.65703
246.88826  316.65546
246.87692  316.65389
246.86559  316.65233
246.85425  316.65077
246.84291  316.64922
246.83158  316.64767
246.82024  316.64613
246.80891  316.64459
246.79757  316.64305
246.78623  316.64152
246.7749  316.63999
246.76356  316.63847
246.75223  316.63696
246.74089  316.63544
246.72955  316.63393
246.71822  316.63243
246.70688  316.63093
246.69555  316.62943
246.68421  316.62794
246.67287  316.62645
246.66154  316.62497
246.6502  316.62349
246.63887  316.62202
246.62753  316.62054
246.61619  316.61908
246.60486  316.61761
246.59352  316.61616
246.58219  316.6147
246.57085  316.61325
246.55951  316.6118
246.54818  316.61036
246.53684  316.60892
246.52551  316.60749
246.51417  316.60606
246.50283  316.60463
246.4915  316.60321
246.48016  316.60179
246.46883  316.60038
246.45749  316.59897
246.44615  316.59756
246.43482  316.59616
246.42348  316.59476
246.41215  316.59336
246.40081  316.59197
246.38947  316.59058
246.37814  316.5892
246.3668  316.58782
246.35547  316.58644
246.34413  316.58507
246.33279  316.5837
246.32146  316.58233
246.31012  316.58097
246.29879  316.57961
246.28745  316.57826
246.27611  316.57691
246.26478  316.57556
246.25344  316.57422
246.24211  316.57288
246.23077  316.57154
246.21943  316.57021
246.2081  316.56888
246.19676  316.56755
246.18543  316.56623
246.17409  316.56491
246.16275  316.5636
246.15142  316.56229
246.14008  316.56098
246.12874  316.55968
246.11741  316.55837
246.10607  316.55708
246.09474  316.55578
246.0834  316.55449
246.07206  316.55321
246.06073  316.55192
246.04939  316.55064
246.03806  316.54936
246.02672  316.54809
246.01538  316.54682
246.00405  316.54555
245.99271  316.54429
245.98138  316.54303
245.97004  316.54177
245.9587  316.54052
245.94737  316.53927
245.93603  316.53802
245.9247  316.53678
245.91336  316.53553
245.90202  316.5343
245.89069  316.53306
245.87935  316.53183
245.86802  316.5306
245.85668  316.52938
245.84534  316.52816
245.83401  316.52694
245.82267  316.52572
245.81134  316.52451
245.8  316.5233
245.78866  316.5221
245.77733  316.52089
245.76599  316.51969
245.75466  316.5185
245.74332  316.5173
245.73198  316.51611
245.72065  316.51493
245.70931  316.51374
245.69798  316.51256
245.68664  316.51138
245.6753  316.51021
245.66397  316.50903
245.65263  316.50786
245.6413  316.5067
245.62996  316.50553
245.61862  316.50437
245.60729  316.50322
245.59595  316.50206
245.58462  316.50091
245.57328  316.49976
245.56194  316.49861
245.55061  316.49747
245.53927  316.49633
245.52794  316.49519
245.5166  316.49406
245.50526  316.49293
245.49393  316.4918
245.48259  316.49067
245.47126  316.48955
245.45992  316.48843
245.44858  316.48731
245.43725  316.4862
245.42591  316.48509
245.41457  316.48398
245.40324  316.48287
245.3919  316.48177
245.38057  316.48067
245.36923  316.47957
245.35789  316.47847
245.34656  316.47738
245.33522  316.47629
245.32389  316.4752
245.31255  316.47412
245.30121  316.47304
245.28988  316.47196
245.27854  316.47088
245.26721  316.46981
245.25587  316.46874
245.24453  316.46767
245.2332  316.4666
245.22186  316.46554
245.21053  316.46448
245.19919  316.46342
245.18785  316.46237
245.17652  316.46132
245.16518  316.46027
245.15385  316.45922
245.14251  316.45817
245.13117  316.45713
245.11984  316.45609
245.1085  316.45505
245.09717  316.45402
245.08583  316.45299
245.07449  316.45196
245.06316  316.45093
245.05182  316.4499
245.04049  316.44888
245.02915  316.44786
245.01781  316.44685
245.00648  316.44583
244.99514  316.44482
244.98381  316.44381
244.97247  316.4428
244.96113  316.4418
244.9498  316.44079
244.93846  316.43979
244.92713  316.4388
244.91579  316.4378
244.90445  316.43681
244.89312  316.43582
244.88178  316.43483
244.87045  316.43384
244.85911  316.43286
244.84777  316.43188
244.83644  316.4309
244.8251  316.42993
244.81377  316.42895
244.80243  316.42798
244.79109  316.42701
244.77976  316.42604
244.76842  316.42508
244.75709  316.42412
244.74575  316.42316
244.73441  316.4222
244.72308  316.42125
244.71174  316.42029
244.7004  316.41934
244.68907  316.41839
244.67773  316.41745
244.6664  316.4165
244.65506  316.41556
244.64372  316.41462
244.63239  316.41369
244.62105  316.41275
244.60972  316.41182
244.59838  316.41089
244.58704  316.40996
244.57571  316.40903
244.56437  316.40811
244.55304  316.40719
244.5417  316.40627
244.53036  316.40535
244.51903  316.40444
244.50769  316.40352
244.49636  316.40261
244.48502  316.4017
244.47368  316.4008
244.46235  316.39989
244.45101  316.39899
244.43968  316.39809
244.42834  316.39719
244.417  316.3963
244.40567  316.3954
244.39433  316.39451
244.383  316.39362
244.37166  316.39273
244.36032  316.39185
244.34899  316.39096
244.33765  316.39008
244.32632  316.3892
244.31498  316.38833
244.30364  316.38745
244.29231  316.38658
244.28097  316.38571
244.26964  316.38484
244.2583  316.38397
244.24696  316.38311
244.23563  316.38224
244.22429  316.38138
244.21296  316.38052
244.20162  316.37967
244.19028  316.37881
244.17895  316.37796
244.16761  316.37711
244.15628  316.37626
244.14494  316.37541
244.1336  316.37457
244.12227  316.37373
244.11093  316.37288
244.0996  316.37205
244.08826  316.37121
244.07692  316.37037
244.06559  316.36954
244.05425  316.36871
244.04291  316.36788
244.03158  316.36705
244.02024  316.36623
244.00891  316.3654
243.99757  316.36458
243.98623  316.36376
243.9749  316.36294
243.96356  316.36213
243.95223  316.36131
243.94089  316.3605
243.92955  316.35969
243.91822  316.35888
243.90688  316.35808
243.89555  316.35727
243.88421  316.35647
243.87287  316.35567
243.86154  316.35487
243.8502  316.35407
243.83887  316.35327
243.82753  316.35248
243.81619  316.35169
243.80486  316.3509
243.79352  316.35011
243.78219  316.34932
243.77085  316.34854
243.75951  316.34776
243.74818  316.34697
243.73684  316.3462
243.72551  316.34542
243.71417  316.34464
243.70283  316.34387
243.6915  316.3431
243.68016  316.34233
243.66883  316.34156
243.65749  316.34079
243.64615  316.34002
243.63482  316.33926
243.62348  316.3385
243.61215  316.33774
243.60081  316.33698
243.58947  316.33622
243.57814  316.33547
243.5668  316.33472
243.55547  316.33397
243.54413  316.33322
243.53279  316.33247
243.52146  316.33172
243.51012  316.33098
243.49879  316.33023
243.48745  316.32949
243.47611  316.32875
243.46478  316.32802
243.45344  316.32728
243.44211  316.32654
243.43077  316.32581
243.41943  316.32508
243.4081  316.32435
243.39676  316.32362
243.38543  316.3229
243.37409  316.32217
243.36275  316.32145
243.35142  316.32073
243.34008  316.32001
243.32874  316.31929
243.31741  316.31857
243.30607  316.31786
243.29474  316.31715
243.2834  316.31643
243.27206  316.31572
243.26073  316.31502
243.24939  316.31431
243.23806  316.3136
243.22672  316.3129
243.21538  316.3122
243.20405  316.3115
243.19271  316.3108
243.18138  316.3101
243.17004  316.3094
243.1587  316.30871
243.14737  316.30802
243.13603  316.30733
243.1247  316.30664
243.11336  316.30595
243.10202  316.30526
243.09069  316.30458
243.07935  316.30389
243.06802  316.30321
243.05668  316.30253
243.04534  316.30185
243.03401  316.30118
243.02267  316.3005
243.01134  316.29983
243  316.29915
242.98866  316.29848
242.97733  316.29781
242.96599  316.29714
242.95466  316.29648
242.94332  316.29581
242.93198  316.29515
242.92065  316.29449
242.90931  316.29382
242.89798  316.29316
242.88664  316.29251
242.8753  316.29185
242.86397  316.2912
242.85263  316.29054
242.8413  316.28989
242.82996  316.28924
242.81862  316.28859
242.80729  316.28794
242.79595  316.2873
242.78462  316.28665
242.77328  316.28601
242.76194  316.28537
242.75061  316.28472
242.73927  316.28409
242.72794  316.28345
242.7166  316.28281
242.70526  316.28218
242.69393  316.28154
242.68259  316.28091
242.67126  316.28028
242.65992  316.27965
242.64858  316.27902
242.63725  316.2784
242.62591  316.27777
242.61457  316.27715
242.60324  316.27652
242.5919  316.2759
242.58057  316.27528
242.56923  316.27467
242.55789  316.27405
242.54656  316.27343
242.53522  316.27282
242.52389  316.27221
242.51255  316.27159
242.50121  316.27098
242.48988  316.27037
242.47854  316.26977
242.46721  316.26916
242.45587  316.26856
242.44453  316.26795
242.4332  316.26735
242.42186  316.26675
242.41053  316.26615
242.39919  316.26555
242.38785  316.26496
242.37652  316.26436
242.36518  316.26377
242.35385  316.26317
242.34251  316.26258
242.33117  316.26199
242.31984  316.2614
242.3085  316.26081
242.29717  316.26023
242.28583  316.25964
242.27449  316.25906
242.26316  316.25848
242.25182  316.25789
242.24049  316.25731
242.22915  316.25673
242.21781  316.25616
242.20648  316.25558
242.19514  316.25501
242.18381  316.25443
242.17247  316.25386
242.16113  316.25329
242.1498  316.25272
242.13846  316.25215
242.12713  316.25158
242.11579  316.25102
242.10445  316.25045
242.09312  316.24989
242.08178  316.24932
242.07045  316.24876
242.05911  316.2482
242.04777  316.24764
242.03644  316.24709
242.0251  316.24653
242.01377  316.24597
242.00243  316.24542
241.99109  316.24487
241.97976  316.24432
241.96842  316.24377
241.95709  316.24322
241.94575  316.24267
241.93441  316.24212
241.92308  316.24158
241.91174  316.24103
241.9004  316.24049
241.88907  316.23995
241.87773  316.2394
241.8664  316.23887
241.85506  316.23833
241.84372  316.23779
241.83239  316.23725
241.82105  316.23672
241.80972  316.23618
241.79838  316.23565
241.78704  316.23512
241.77571  316.23459
241.76437  316.23406
241.75304  316.23353
241.7417  316.233
241.73036  316.23248
241.71903  316.23195
241.70769  316.23143
241.69636  316.23091
241.68502  316.23039
241.67368  316.22987
241.66235  316.22935
241.65101  316.22883
241.63968  316.22831
241.62834  316.2278
241.617  316.22728
241.60567  316.22677
241.59433  316.22626
241.583  316.22574
241.57166  316.22523
241.56032  316.22473
241.54899  316.22422
241.53765  316.22371
241.52632  316.2232
241.51498  316.2227
241.50364  316.2222
241.49231  316.22169
241.48097  316.22119
241.46964  316.22069
241.4583  316.22019
241.44696  316.21969
241.43563  316.2192
241.42429  316.2187
241.41296  316.21821
241.40162  316.21771
241.39028  316.21722
241.37895  316.21673
241.36761  316.21624
241.35628  316.21575
241.34494  316.21526
241.3336  316.21477
241.32227  316.21429
241.31093  316.2138
241.2996  316.21332
241.28826  316.21283
241.27692  316.21235
241.26559  316.21187
241.25425  316.21139
241.24291  316.21091
241.23158  316.21043
241.22024  316.20995
241.20891  316.20948
241.19757  316.209
241.18623  316.20853
241.1749  316.20805
241.16356  316.20758
241.15223  316.20711
241.14089  316.20664
241.12955  316.20617
241.11822  316.2057
241.10688  316.20524
241.09555  316.20477
241.08421  316.20431
241.07287  316.20384
241.06154  316.20338
241.0502  316.20292
241.03887  316.20246
241.02753  316.202
241.01619  316.20154
241.00486  316.20108
240.99352  316.20062
240.98219  316.20017
240.97085  316.19971
240.95951  316.19926
240.94818  316.1988
240.93684  316.19835
240.92551  316.1979
240.91417  316.19745
240.90283  316.197
240.8915  316.19655
240.88016  316.1961
240.86883  316.19566
240.85749  316.19521
240.84615  316.19477
240.83482  316.19432
240.82348  316.19388
240.81215  316.19344
240.80081  316.193
240.78947  316.19256
240.77814  316.19212
240.7668  316.19168
240.75547  316.19124
240.74413  316.19081
240.73279  316.19037
240.72146  316.18994
240.71012  316.18951
240.69879  316.18907
240.68745  316.18864
240.67611  316.18821
240.66478  316.18778
240.65344  316.18735
240.64211  316.18692
240.63077  316.1865
240.61943  316.18607
240.6081  316.18565
240.59676  316.18522
240.58543  316.1848
240.57409  316.18438
240.56275  316.18396
240.55142  316.18353
240.54008  316.18311
240.52874  316.1827
240.51741  316.18228
240.50607  316.18186
240.49474  316.18145
240.4834  316.18103
240.47206  316.18062
240.46073  316.1802
240.44939  316.17979
240.43806  316.17938
240.42672  316.17897
240.41538  316.17856
240.40405  316.17815
240.39271  316.17774
240.38138  316.17733
240.37004  316.17693
240.3587  316.17652
240.34737  316.17611
240.33603  316.17571
240.3247  316.17531
240.31336  316.17491
240.30202  316.1745
240.29069  316.1741
240.27935  316.1737
240.26802  316.17331
240.25668  316.17291
240.24534  316.17251
240.23401  316.17211
240.22267  316.17172
240.21134  316.17132
240.2  316.17093
240.18866  316.17054
240.17733  316.17014
240.16599  316.16975
240.15466  316.16936
240.14332  316.16897
240.13198  316.16858
240.12065  316.1682
240.10931  316.16781
240.09798  316.16742
240.08664  316.16704
240.0753  316.16665
240.06397  316.16627
240.05263  316.16589
240.0413  316.1655
240.02996  316.16512
240.01862  316.16474
240.00729  316.16436
239.99595  316.16398
239.98462  316.1636
239.97328  316.16323
239.96194  316.16285
239.95061  316.16247
239.93927  316.1621
239.92794  316.16172
239.9166  316.16135
239.90526  316.16098
239.89393  316.16061
239.88259  316.16024
239.87126  316.15986
239.85992  316.1595
239.84858  316.15913
239.83725  316.15876
239.82591  316.15839
239.81457  316.15802
239.80324  316.15766
239.7919  316.15729
239.78057  316.15693
239.76923  316.15657
239.75789  316.1562
239.74656  316.15584
239.73522  316.15548
239.72389  316.15512
239.71255  316.15476
239.70121  316.1544
239.68988  316.15404
239.67854  316.15369
239.66721  316.15333
239.65587  316.15297
239.64453  316.15262
239.6332  316.15227
239.62186  316.15191
239.61053  316.15156
239.59919  316.15121
239.58785  316.15086
239.57652  316.1505
239.56518  316.15015
239.55385  316.14981
239.54251  316.14946
239.53117  316.14911
239.51984  316.14876
239.5085  316.14842
239.49717  316.14807
239.48583  316.14773
239.47449  316.14738
239.46316  316.14704
239.45182  316.1467
239.44049  316.14635
239.42915  316.14601
239.41781  316.14567
239.40648  316.14533
239.39514  316.14499
239.38381  316.14466
239.37247  316.14432
239.36113  316.14398
239.3498  316.14365
239.33846  316.14331
239.32713  316.14298
239.31579  316.14264
239.30445  316.14231
239.29312  316.14198
239.28178  316.14164
239.27045  316.14131
239.25911  316.14098
239.24777  316.14065
239.23644  316.14032
239.2251  316.13999
239.21377  316.13967
239.20243  316.13934
239.19109  316.13901
239.17976  316.13869
239.16842  316.13836
239.15709  316.13804
239.14575  316.13771
239.13441  316.13739
239.12308  316.13707
239.11174  316.13675
239.1004  316.13643
239.08907  316.13611
239.07773  316.13579
239.0664  316.13547
239.05506  316.13515
239.04372  316.13483
239.03239  316.13451
239.02105  316.1342
239.00972  316.13388
238.99838  316.13357
238.98704  316.13325
238.97571  316.13294
238.96437  316.13263
238.95304  316.13231
238.9417  316.132
238.93036  316.13169
238.91903  316.13138
238.90769  316.13107
238.89636  316.13076
238.88502  316.13045
238.87368  316.13014
238.86235  316.12984
238.85101  316.12953
238.83968  316.12923
238.82834  316.12892
238.817  316.12862
238.80567  316.12831
238.79433  316.12801
238.783  316.12771
238.77166  316.1274
238.76032  316.1271
238.74899  316.1268
238.73765  316.1265
238.72632  316.1262
238.71498  316.1259
238.70364  316.1256
238.69231  316.12531
238.68097  316.12501
238.66964  316.12471
238.6583  316.12442
238.64696  316.12412
238.63563  316.12383
238.62429  316.12353
238.61296  316.12324
238.60162  316.12295
238.59028  316.12265
238.57895  316.12236
238.56761  316.12207
238.55628  316.12178
238.54494  316.12149
238.5336  316.1212
238.52227  316.12091
238.51093  316.12063
238.4996  316.12034
238.48826  316.12005
238.47692  316.11977
238.46559  316.11948
238.45425  316.1192
238.44291  316.11891
238.43158  316.11863
238.42024  316.11834
238.40891  316.11806
238.39757  316.11778
238.38623  316.1175
238.3749  316.11722
238.36356  316.11694
238.35223  316.11666
238.34089  316.11638
238.32955  316.1161
238.31822  316.11582
238.30688  316.11555
238.29555  316.11527
238.28421  316.11499
238.27287  316.11472
238.26154  316.11444
238.2502  316.11417
238.23887  316.11389
238.22753  316.11362
238.21619  316.11335
238.20486  316.11308
238.19352  316.1128
238.18219  316.11253
238.17085  316.11226
238.15951  316.11199
238.14818  316.11172
238.13684  316.11145
238.12551  316.11119
238.11417  316.11092
238.10283  316.11065
238.0915  316.11038
238.08016  316.11012
238.06883  316.10985
238.05749  316.10959
238.04615  316.10932
238.03482  316.10906
238.02348  316.1088
238.01215  316.10853
238.00081  316.10827
237.98947  316.10801
237.97814  316.10775
237.9668  316.10749
237.95547  316.10723
237.94413  316.10697
237.93279  316.10671
237.92146  316.10645
237.91012  316.10619
237.89879  316.10594
237.88745  316.10568
237.87611  316.10542
237.86478  316.10517
237.85344  316.10491
237.84211  316.10466
237.83077  316.1044
237.81943  316.10415
237.8081  316.1039
237.79676  316.10364
237.78543  316.10339
237.77409  316.10314
237.76275  316.10289
237.75142  316.10264
237.74008  316.10239
237.72874  316.10214
237.71741  316.10189
237.70607  316.10164
237.69474  316.1014
237.6834  316.10115
237.67206  316.1009
237.66073  316.10065
237.64939  316.10041
237.63806  316.10016
237.62672  316.09992
237.61538  316.09967
237.60405  316.09943
237.59271  316.09919
237.58138  316.09894
237.57004  316.0987
237.5587  316.09846
237.54737  316.09822
237.53603  316.09798
237.5247  316.09774
237.51336  316.0975
237.50202  316.09726
237.49069  316.09702
237.47935  316.09678
237.46802  316.09654
237.45668  316.09631
237.44534  316.09607
237.43401  316.09583
237.42267  316.0956
237.41134  316.09536
237.4  316.09513
237.38866  316.09489
237.37733  316.09466
237.36599  316.09443
237.35466  316.09419
237.34332  316.09396
237.33198  316.09373
237.32065  316.0935
237.30931  316.09327
237.29798  316.09304
237.28664  316.09281
237.2753  316.09258
237.26397  316.09235
237.25263  316.09212
237.2413  316.09189
237.22996  316.09166
237.21862  316.09144
237.20729  316.09121
237.19595  316.09098
237.18462  316.09076
237.17328  316.09053
237.16194  316.09031
237.15061  316.09008
237.13927  316.08986
237.12794  316.08963
237.1166  316.08941
237.10526  316.08919
237.09393  316.08897
237.08259  316.08875
237.07126  316.08852
237.05992  316.0883
237.04858  316.08808
237.03725  316.08786
237.02591  316.08764
237.01457  316.08742
237.00324  316.08721
236.9919  316.08699
236.98057  316.08677
236.96923  316.08655
236.95789  316.08634
236.94656  316.08612
236.93522  316.08591
236.92389  316.08569
236.91255  316.08547
236.90121  316.08526
236.88988  316.08505
236.87854  316.08483
236.86721  316.08462
236.85587  316.08441
236.84453  316.0842
236.8332  316.08398
236.82186  316.08377
236.81053  316.08356
236.79919  316.08335
236.78785  316.08314
236.77652  316.08293
236.76518  316.08272
236.75385  316.08251
236.74251  316.0823
236.73117  316.0821
236.71984  316.08189
236.7085  316.08168
236.69717  316.08148
236.68583  316.08127
236.67449  316.08106
236.66316  316.08086
236.65182  316.08065
236.64049  316.08045
236.62915  316.08024
236.61781  316.08004
236.60648  316.07984
236.59514  316.07964
236.58381  316.07943
236.57247  316.07923
236.56113  316.07903
236.5498  316.07883
236.53846  316.07863
236.52713  316.07843
236.51579  316.07823
236.50445  316.07803
236.49312  316.07783
236.48178  316.07763
236.47045  316.07743
236.45911  316.07723
236.44777  316.07704
236.43644  316.07684
236.4251  316.07664
236.41377  316.07645
236.40243  316.07625
236.39109  316.07606
236.37976  316.07586
236.36842  316.07567
236.35709  316.07547
236.34575  316.07528
236.33441  316.07508
236.32308  316.07489
236.31174  316.0747
236.3004  316.07451
236.28907  316.07431
236.27773  316.07412
236.2664  316.07393
236.25506  316.07374
236.24372  316.07355
236.23239  316.07336
236.22105  316.07317
236.20972  316.07298
236.19838  316.07279
236.18704  316.07261
236.17571  316.07242
236.16437  316.07223
236.15304  316.07204
236.1417  316.07186
236.13036  316.07167
236.11903  316.07148
236.10769  316.0713
236.09636  316.07111
236.08502  316.07093
236.07368  316.07074
236.06235  316.07056
236.05101  316.07038
236.03968  316.07019
236.02834  316.07001
236.017  316.06983
236.00567  316.06965
235.99433  316.06946
235.983  316.06928
235.97166  316.0691
235.96032  316.06892
235.94899  316.06874
235.93765  316.06856
235.92632  316.06838
235.91498  316.0682
235.90364  316.06802
235.89231  316.06784
235.88097  316.06767
235.86964  316.06749
235.8583  316.06731
235.84696  316.06713
235.83563  316.06696
235.82429  316.06678
235.81296  316.0666
235.80162  316.06643
235.79028  316.06625
235.77895  316.06608
235.76761  316.0659
235.75628  316.06573
235.74494  316.06556
235.7336  316.06538
235.72227  316.06521
235.71093  316.06504
235.6996  316.06487
235.68826  316.06469
235.67692  316.06452
235.66559  316.06435
235.65425  316.06418
235.64291  316.06401
235.63158  316.06384
235.62024  316.06367
235.60891  316.0635
235.59757  316.06333
235.58623  316.06316
235.5749  316.06299
235.56356  316.06282
235.55223  316.06266
235.54089  316.06249
235.52955  316.06232
235.51822  316.06216
235.50688  316.06199
235.49555  316.06182
235.48421  316.06166
235.47287  316.06149
235.46154  316.06133
235.4502  316.06116
235.43887  316.061
235.42753  316.06083
235.41619  316.06067
235.40486  316.06051
235.39352  316.06034
235.38219  316.06018
235.37085  316.06002
235.35951  316.05986
235.34818  316.05969
235.33684  316.05953
235.32551  316.05937
235.31417  316.05921
235.30283  316.05905
235.2915  316.05889
235.28016  316.05873
235.26883  316.05857
235.25749  316.05841
235.24615  316.05825
235.23482  316.0581
235.22348  316.05794
235.21215  316.05778
235.20081  316.05762
235.18947  316.05747
235.17814  316.05731
235.1668  316.05715
235.15547  316.057
235.14413  316.05684
235.13279  316.05668
235.12146  316.05653
235.11012  316.05637
235.09879  316.05622
235.08745  316.05607
235.07611  316.05591
235.06478  316.05576
235.05344  316.0556
235.04211  316.05545
235.03077  316.0553
235.01943  316.05515
235.0081  316.05499
234.99676  316.05484
234.98543  316.05469
234.97409  316.05454
234.96275  316.05439
234.95142  316.05424
234.94008  316.05409
234.92874  316.05394
234.91741  316.05379
234.90607  316.05364
234.89474  316.05349
234.8834  316.05334
234.87206  316.05319
234.86073  316.05305
234.84939  316.0529
234.83806  316.05275
234.82672  316.0526
234.81538  316.05246
234.80405  316.05231
234.79271  316.05216
234.78138  316.05202
234.77004  316.05187
234.7587  316.05173
234.74737  316.05158
234.73603  316.05144
234.7247  316.05129
234.71336  316.05115
234.70202  316.051
234.69069  316.05086
234.67935  316.05072
234.66802  316.05057
234.65668  316.05043
234.64534  316.05029
234.63401  316.05015
234.62267  316.05001
234.61134  316.04986
234.6  316.04972
234.58866  316.04958
234.57733  316.04944
234.56599  316.0493
234.55466  316.04916
234.54332  316.04902
234.53198  316.04888
234.52065  316.04874
234.50931  316.0486
234.49798  316.04846
234.48664  316.04833
234.4753  316.04819
234.46397  316.04805
234.45263  316.04791
234.4413  316.04778
234.42996  316.04764
234.41862  316.0475
234.40729  316.04737
234.39595  316.04723
234.38462  316.04709
234.37328  316.04696
234.36194  316.04682
234.35061  316.04669
234.33927  316.04655
234.32794  316.04642
234.3166  316.04628
234.30526  316.04615
234.29393  316.04602
234.28259  316.04588
234.27126  316.04575
234.25992  316.04562
234.24858  316.04549
234.23725  316.04535
234.22591  316.04522
234.21457  316.04509
234.20324  316.04496
234.1919  316.04483
234.18057  316.0447
234.16923  316.04457
234.15789  316.04443
234.14656  316.0443
234.13522  316.04417
234.12389  316.04405
234.11255  316.04392
234.10121  316.04379
234.08988  316.04366
234.07854  316.04353
234.06721  316.0434
234.05587  316.04327
234.04453  316.04315
234.0332  316.04302
234.02186  316.04289
234.01053  316.04276
233.99919  316.04264
233.98785  316.04251
233.97652  316.04238
233.96518  316.04226
233.95385  316.04213
233.94251  316.04201
233.93117  316.04188
233.91984  316.04176
233.9085  316.04163
233.89717  316.04151
233.88583  316.04138
233.87449  316.04126
233.86316  316.04114
233.85182  316.04101
233.84049  316.04089
233.82915  316.04077
233.81781  316.04064
233.80648  316.04052
233.79514  316.0404
233.78381  316.04028
233.77247  316.04016
233.76113  316.04004
233.7498  316.03991
233.73846  316.03979
233.72713  316.03967
233.71579  316.03955
233.70445  316.03943
233.69312  316.03931
233.68178  316.03919
233.67045  316.03907
233.65911  316.03895
233.64777  316.03884
233.63644  316.03872
233.6251  316.0386
233.61377  316.03848
233.60243  316.03836
233.59109  316.03824
233.57976  316.03813
233.56842  316.03801
233.55709  316.03789
233.54575  316.03778
233.53441  316.03766
233.52308  316.03754
233.51174  316.03743
233.5004  316.03731
233.48907  316.0372
233.47773  316.03708
233.4664  316.03697
233.45506  316.03685
233.44372  316.03674
233.43239  316.03662
233.42105  316.03651
233.40972  316.03639
233.39838  316.03628
233.38704  316.03617
233.37571  316.03605
233.36437  316.03594
233.35304  316.03583
233.3417  316.03572
233.33036  316.0356
233.31903  316.03549
233.30769  316.03538
233.29636  316.03527
233.28502  316.03516
233.27368  316.03504
233.26235  316.03493
233.25101  316.03482
233.23968  316.03471
233.22834  316.0346
233.217  316.03449
233.20567  316.03438
233.19433  316.03427
233.183  316.03416
233.17166  316.03405
233.16032  316.03395
233.14899  316.03384
233.13765  316.03373
233.12632  316.03362
233.11498  316.03351
233.10364  316.0334
233.09231  316.0333
233.08097  316.03319
233.06964  316.03308
233.0583  316.03298
233.04696  316.03287
233.03563  316.03276
233.02429  316.03266
233.01296  316.03255
233.00162  316.03244
232.99028  316.03234
232.97895  316.03223
232.96761  316.03213
232.95628  316.03202
232.94494  316.03192
232.9336  316.03181
232.92227  316.03171
232.91093  316.03161
232.8996  316.0315
232.88826  316.0314
232.87692  316.03129
232.86559  316.03119
232.85425  316.03109
232.84291  316.03099
232.83158  316.03088
232.82024  316.03078
232.80891  316.03068
232.79757  316.03058
232.78623  316.03047
232.7749  316.03037
232.76356  316.03027
232.75223  316.03017
232.74089  316.03007
232.72955  316.02997
232.71822  316.02987
232.70688  316.02977
232.69555  316.02967
232.68421  316.02957
232.67287  316.02947
232.66154  316.02937
232.6502  316.02927
232.63887  316.02917
232.62753  316.02907
232.61619  316.02897
232.60486  316.02887
232.59352  316.02877
232.58219  316.02868
232.57085  316.02858
232.55951  316.02848
232.54818  316.02838
232.53684  316.02829
232.52551  316.02819
232.51417  316.02809
232.50283  316.028
232.4915  316.0279
232.48016  316.0278
232.46883  316.02771
232.45749  316.02761
232.44615  316.02751
232.43482  316.02742
232.42348  316.02732
232.41215  316.02723
232.40081  316.02713
232.38947  316.02704
232.37814  316.02694
232.3668  316.02685
232.35547  316.02676
232.34413  316.02666
232.33279  316.02657
232.32146  316.02647
232.31012  316.02638
232.29879  316.02629
232.28745  316.02619
232.27611  316.0261
232.26478  316.02601
232.25344  316.02592
232.24211  316.02582
232.23077  316.02573
232.21943  316.02564
232.2081  316.02555
232.19676  316.02546
232.18543  316.02537
232.17409  316.02527
232.16275  316.02518
232.15142  316.02509
232.14008  316.025
232.12874  316.02491
232.11741  316.02482
232.10607  316.02473
232.09474  316.02464
232.0834  316.02455
232.07206  316.02446
232.06073  316.02437
232.04939  316.02428
232.03806  316.0242
232.02672  316.02411
232.01538  316.02402
232.00405  316.02393
231.99271  316.02384
231.98138  316.02375
231.97004  316.02367
231.9587  316.02358
231.94737  316.02349
231.93603  316.0234
231.9247  316.02332
231.91336  316.02323
231.90202  316.02314
231.89069  316.02306
231.87935  316.02297
231.86802  316.02288
231.85668  316.0228
231.84534  316.02271
231.83401  316.02262
231.82267  316.02254
231.81134  316.02245
231.8  316.02237
231.78866  316.02228
231.77733  316.0222
231.76599  316.02211
231.75466  316.02203
231.74332  316.02195
231.73198  316.02186
231.72065  316.02178
231.70931  316.02169
231.69798  316.02161
231.68664  316.02153
231.6753  316.02144
231.66397  316.02136
231.65263  316.02128
231.6413  316.02119
231.62996  316.02111
231.61862  316.02103
231.60729  316.02095
231.59595  316.02086
231.58462  316.02078
231.57328  316.0207
231.56194  316.02062
231.55061  316.02054
231.53927  316.02046
231.52794  316.02037
231.5166  316.02029
231.50526  316.02021
231.49393  316.02013
231.48259  316.02005
231.47126  316.01997
231.45992  316.01989
231.44858  316.01981
231.43725  316.01973
231.42591  316.01965
231.41457  316.01957
231.40324  316.01949
231.3919  316.01941
231.38057  316.01933
231.36923  316.01926
231.35789  316.01918
231.34656  316.0191
231.33522  316.01902
231.32389  316.01894
231.31255  316.01886
231.30121  316.01879
231.28988  316.01871
231.27854  316.01863
231.26721  316.01855
231.25587  316.01848
231.24453  316.0184
231.2332  316.01832
231.22186  316.01825
231.21053  316.01817
231.19919  316.01809
231.18785  316.01802
231.17652  316.01794
231.16518  316.01786
231.15385  316.01779
231.14251  316.01771
231.13117  316.01764
231.11984  316.01756
231.1085  316.01749
231.09717  316.01741
231.08583  316.01734
231.07449  316.01726
231.06316  316.01719
231.05182  316.01711
231.04049  316.01704
231.02915  316.01696
231.01781  316.01689
231.00648  316.01682
230.99514  316.01674
230.98381  316.01667
230.97247  316.0166
230.96113  316.01652
230.9498  316.01645
230.93846  316.01638
230.92713  316.0163
230.91579  316.01623
230.90445  316.01616
230.89312  316.01609
230.88178  316.01601
230.87045  316.01594
230.85911  316.01587
230.84777  316.0158
230.83644  316.01573
230.8251  316.01565
230.81377  316.01558
230.80243  316.01551
230.79109  316.01544
230.77976  316.01537
230.76842  316.0153
230.75709  316.01523
230.74575  316.01516
230.73441  316.01509
230.72308  316.01502
230.71174  316.01495
230.7004  316.01488
230.68907  316.01481
230.67773  316.01474
230.6664  316.01467
230.65506  316.0146
230.64372  316.01453
230.63239  316.01446
230.62105  316.01439
230.60972  316.01432
230.59838  316.01425
230.58704  316.01419
230.57571  316.01412
230.56437  316.01405
230.55304  316.01398
230.5417  316.01391
230.53036  316.01385
230.51903  316.01378
230.50769  316.01371
230.49636  316.01364
230.48502  316.01358
230.47368  316.01351
230.46235  316.01344
230.45101  316.01338
230.43968  316.01331
230.42834  316.01324
230.417  316.01318
230.40567  316.01311
230.39433  316.01304
230.383  316.01298
230.37166  316.01291
230.36032  316.01285
230.34899  316.01278
230.33765  316.01271
230.32632  316.01265
230.31498  316.01258
230.30364  316.01252
230.29231  316.01245
230.28097  316.01239
230.26964  316.01232
230.2583  316.01226
230.24696  316.0122
230.23563  316.01213
230.22429  316.01207
230.21296  316.012
230.20162  316.01194
230.19028  316.01188
230.17895  316.01181
230.16761  316.01175
230.15628  316.01169
230.14494  316.01162
230.1336  316.01156
230.12227  316.0115
230.11093  316.01143
230.0996  316.01137
230.08826  316.01131
230.07692  316.01125
230.06559  316.01118
230.05425  316.01112
230.04291  316.01106
230.03158  316.011
230.02024  316.01093
230.00891  316.01087
229.99757  316.01081
229.98623  316.01075
229.9749  316.01069
229.96356  316.01063
229.95223  316.01057
229.94089  316.01051
229.92955  316.01044
229.91822  316.01038
229.90688  316.01032
229.89555  316.01026
229.88421  316.0102
229.87287  316.01014
229.86154  316.01008
229.8502  316.01002
229.83887  316.00996
229.82753  316.0099
229.81619  316.00984
229.80486  316.00978
229.79352  316.00972
229.78219  316.00967
229.77085  316.00961
229.75951  316.00955
229.74818  316.00949
229.73684  316.00943
229.72551  316.00937
229.71417  316.00931
229.70283  316.00925
229.6915  316.0092
229.68016  316.00914
229.66883  316.00908
229.65749  316.00902
229.64615  316.00896
229.63482  316.00891
229.62348  316.00885
229.61215  316.00879
229.60081  316.00873
229.58947  316.00868
229.57814  316.00862
229.5668  316.00856
229.55547  316.00851
229.54413  316.00845
229.53279  316.00839
229.52146  316.00834
229.51012  316.00828
229.49879  316.00822
229.48745  316.00817
229.47611  316.00811
229.46478  316.00806
229.45344  316.008
229.44211  316.00794
229.43077  316.00789
229.41943  316.00783
229.4081  316.00778
229.39676  316.00772
229.38543  316.00767
229.37409  316.00761
229.36275  316.00756
229.35142  316.0075
229.34008  316.00745
229.32874  316.00739
229.31741  316.00734
229.30607  316.00728
229.29474  316.00723
229.2834  316.00718
229.27206  316.00712
229.26073  316.00707
229.24939  316.00701
229.23806  316.00696
229.22672  316.00691
229.21538  316.00685
229.20405  316.0068
229.19271  316.00675
229.18138  316.00669
229.17004  316.00664
229.1587  316.00659
229.14737  316.00653
229.13603  316.00648
229.1247  316.00643
229.11336  316.00638
229.10202  316.00632
229.09069  316.00627
229.07935  316.00622
229.06802  316.00617
229.05668  316.00612
229.04534  316.00606
229.03401  316.00601
229.02267  316.00596
229.01134  316.00591
229  316.00586
228.98866  316.00581
228.97733  316.00576
228.96599  316.0057
228.95466  316.00565
228.94332  316.0056
228.93198  316.00555
228.92065  316.0055
228.90931  316.00545
228.89798  316.0054
228.88664  316.00535
228.8753  316.0053
228.86397  316.00525
228.85263  316.0052
228.8413  316.00515
228.82996  316.0051
228.81862  316.00505
228.80729  316.005
228.79595  316.00495
228.78462  316.0049
228.77328  316.00485
228.76194  316.0048
228.75061  316.00475
228.73927  316.0047
228.72794  316.00465
228.7166  316.00461
228.70526  316.00456
228.69393  316.00451
228.68259  316.00446
228.67126  316.00441
228.65992  316.00436
228.64858  316.00432
228.63725  316.00427
228.62591  316.00422
228.61457  316.00417
228.60324  316.00412
228.5919  316.00408
228.58057  316.00403
228.56923  316.00398
228.55789  316.00393
228.54656  316.00389
228.53522  316.00384
228.52389  316.00379
228.51255  316.00374
228.50121  316.0037
228.48988  316.00365
228.47854  316.0036
228.46721  316.00356
228.45587  316.00351
228.44453  316.00346
228.4332  316.00342
228.42186  316.00337
228.41053  316.00332
228.39919  316.00328
228.38785  316.00323
228.37652  316.00319
228.36518  316.00314
228.35385  316.00309
228.34251  316.00305
228.33117  316.003
228.31984  316.00296
228.3085  316.00291
228.29717  316.00287
228.28583  316.00282
228.27449  316.00278
228.26316  316.00273
228.25182  316.00269
228.24049  316.00264
228.22915  316.0026
228.21781  316.00255
228.20648  316.00251
228.19514  316.00246
228.18381  316.00242
228.17247  316.00238
228.16113  316.00233
228.1498  316.00229
228.13846  316.00224
228.12713  316.0022
228.11579  316.00216
228.10445  316.00211
228.09312  316.00207
228.08178  316.00202
228.07045  316.00198
228.05911  316.00194
228.04777  316.00189
228.03644  316.00185
228.0251  316.00181
228.01377  316.00177
228.00243  316.00172
227.99109  316.00168
227.97976  316.00164
227.96842  316.00159
227.95709  316.00155
227.94575  316.00151
227.93441  316.00147
227.92308  316.00142
227.91174  316.00138
227.9004  316.00134
227.88907  316.0013
227.87773  316.00126
227.8664  316.00121
227.85506  316.00117
227.84372  316.00113
227.83239  316.00109
227.82105  316.00105
227.80972  316.00101
227.79838  316.00096
227.78704  316.00092
227.77571  316.00088
227.76437  316.00084
227.75304  316.0008
227.7417  316.00076
227.73036  316.00072
227.71903  316.00068
227.70769  316.00064
227.69636  316.0006
227.68502  316.00056
227.67368  316.00052
227.66235  316.00047
227.65101  316.00043
227.63968  316.00039
227.62834  316.00035
227.617  316.00031
227.60567  316.00027
227.59433  316.00023
227.583  316.00019
227.57166  316.00015
227.56032  316.00012
227.54899  316.00008
227.53765  316.00004
227.52632  316
227.51498  315.99996
227.50364  315.99992
227.49231  315.99988
227.48097  315.99984
227.46964  315.9998
227.4583  315.99976
227.44696  315.99972
227.43563  315.99968
227.42429  315.99965
227.41296  315.99961
227.40162  315.99957
227.39028  315.99953
227.37895  315.99949
227.36761  315.99945
227.35628  315.99942
227.34494  315.99938
227.3336  315.99934
227.32227  315.9993
227.31093  315.99926
227.2996  315.99923
227.28826  315.99919
227.27692  315.99915
227.26559  315.99911
227.25425  315.99908
227.24291  315.99904
227.23158  315.999
227.22024  315.99896
227.20891  315.99893
227.19757  315.99889
227.18623  315.99885
227.1749  315.99882
227.16356  315.99878
227.15223  315.99874
227.14089  315.99871
227.12955  315.99867
227.11822  315.99863
227.10688  315.9986
227.09555  315.99856
227.08421  315.99852
227.07287  315.99849
227.06154  315.99845
227.0502  315.99841
227.03887  315.99838
227.02753  315.99834
227.01619  315.99831
227.00486  315.99827
226.99352  315.99824
226.98219  315.9982
226.97085  315.99816
226.95951  315.99813
226.94818  315.99809
226.93684  315.99806
226.92551  315.99802
226.91417  315.99799
226.90283  315.99795
226.8915  315.99792
226.88016  315.99788
226.86883  315.99785
226.85749  315.99781
226.84615  315.99778
226.83482  315.99774
226.82348  315.99771
226.81215  315.99767
226.80081  315.99764
226.78947  315.99761
226.77814  315.99757
226.7668  315.99754
226.75547  315.9975
226.74413  315.99747
226.73279  315.99743
226.72146  315.9974
226.71012  315.99737
226.69879  315.99733
226.68745  315.9973
226.67611  315.99726
226.66478  315.99723
226.65344  315.9972
226.64211  315.99716
226.63077  315.99713
226.61943  315.9971
226.6081  315.99706
226.59676  315.99703
226.58543  315.997
226.57409  315.99696
226.56275  315.99693
226.55142  315.9969
226.54008  315.99687
226.52874  315.99683
226.51741  315.9968
226.50607  315.99677
226.49474  315.99673
226.4834  315.9967
226.47206  315.99667
226.46073  315.99664
226.44939  315.99661
226.43806  315.99657
226.42672  315.99654
226.41538  315.99651
226.40405  315.99648
226.39271  315.99644
226.38138  315.99641
226.37004  315.99638
226.3587  315.99635
226.34737  315.99632
226.33603  315.99629
226.3247  315.99625
226.31336  315.99622
226.30202  315.99619
226.29069  315.99616
226.27935  315.99613
226.26802  315.9961
226.25668  315.99607
226.24534  315.99603
226.23401  315.996
226.22267  315.99597
226.21134  315.99594
226.2  315.99591
226.18866  315.99588
226.17733  315.99585
226.16599  315.99582
226.15466  315.99579
226.14332  315.99576
226.13198  315.99573
226.12065  315.9957
226.10931  315.99567
226.09798  315.99564
226.08664  315.99561
226.0753  315.99557
226.06397  315.99554
226.05263  315.99551
226.0413  315.99548
226.02996  315.99545
226.01862  315.99542
226.00729  315.9954
225.99595  315.99537
225.98462  315.99534
225.97328  315.99531
225.96194  315.99528
225.95061  315.99525
225.93927  315.99522
225.92794  315.99519
225.9166  315.99516
225.90526  315.99513
225.89393  315.9951
225.88259  315.99507
225.87126  315.99504
225.85992  315.99501
225.84858  315.99498
225.83725  315.99496
225.82591  315.99493
225.81457  315.9949
225.80324  315.99487
225.7919  315.99484
225.78057  315.99481
225.76923  315.99478
225.75789  315.99475
225.74656  315.99473
225.73522  315.9947
225.72389  315.99467
225.71255  315.99464
225.70121  315.99461
225.68988  315.99458
225.67854  315.99456
225.66721  315.99453
225.65587  315.9945
225.64453  315.99447
225.6332  315.99445
225.62186  315.99442
225.61053  315.99439
225.59919  315.99436
225.58785  315.99433
225.57652  315.99431
225.56518  315.99428
225.55385  315.99425
225.54251  315.99422
225.53117  315.9942
225.51984  315.99417
225.5085  315.99414
225.49717  315.99412
225.48583  315.99409
225.47449  315.99406
225.46316  315.99403
225.45182  315.99401
225.44049  315.99398
225.42915  315.99395
225.41781  315.99393
225.40648  315.9939
225.39514  315.99387
225.38381  315.99385
225.37247  315.99382
225.36113  315.99379
225.3498  315.99377
225.33846  315.99374
225.32713  315.99372
225.31579  315.99369
225.30445  315.99366
225.29312  315.99364
225.28178  315.99361
225.27045  315.99358
225.25911  315.99356
225.24777  315.99353
225.23644  315.99351
225.2251  315.99348
225.21377  315.99346
225.20243  315.99343
225.19109  315.9934
225.17976  315.99338
225.16842  315.99335
225.15709  315.99333
225.14575  315.9933
225.13441  315.99328
225.12308  315.99325
225.11174  315.99323
225.1004  315.9932
225.08907  315.99318
225.07773  315.99315
225.0664  315.99313
225.05506  315.9931
225.04372  315.99308
225.03239  315.99305
225.02105  315.99303
225.00972  315.993
224.99838  315.99298
224.98704  315.99295
224.97571  315.99293
224.96437  315.9929
224.95304  315.99288
224.9417  315.99285
224.93036  315.99283
224.91903  315.9928
224.90769  315.99278
224.89636  315.99276
224.88502  315.99273
224.87368  315.99271
224.86235  315.99268
224.85101  315.99266
224.83968  315.99264
224.82834  315.99261
224.817  315.99259
224.80567  315.99256
224.79433  315.99254
224.783  315.99252
224.77166  315.99249
224.76032  315.99247
224.74899  315.99245
224.73765  315.99242
224.72632  315.9924
224.71498  315.99237
224.70364  315.99235
224.69231  315.99233
224.68097  315.9923
224.66964  315.99228
224.6583  315.99226
224.64696  315.99223
224.63563  315.99221
224.62429  315.99219
224.61296  315.99217
224.60162  315.99214
224.59028  315.99212
224.57895  315.9921
224.56761  315.99207
224.55628  315.99205
224.54494  315.99203
224.5336  315.99201
224.52227  315.99198
224.51093  315.99196
224.4996  315.99194
224.48826  315.99192
224.47692  315.99189
224.46559  315.99187
224.45425  315.99185
224.44291  315.99183
224.43158  315.9918
224.42024  315.99178
224.40891  315.99176
224.39757  315.99174
224.38623  315.99172
224.3749  315.99169
224.36356  315.99167
224.35223  315.99165
224.34089  315.99163
224.32955  315.99161
224.31822  315.99158
224.30688  315.99156
224.29555  315.99154
224.28421  315.99152
224.27287  315.9915
224.26154  315.99148
224.2502  315.99145
224.23887  315.99143
224.22753  315.99141
224.21619  315.99139
224.20486  315.99137
224.19352  315.99135
224.18219  315.99133
224.17085  315.9913
224.15951  315.99128
224.14818  315.99126
224.13684  315.99124
224.12551  315.99122
224.11417  315.9912
224.10283  315.99118
224.0915  315.99116
224.08016  315.99114
224.06883  315.99112
224.05749  315.9911
224.04615  315.99107
224.03482  315.99105
224.02348  315.99103
224.01215  315.99101
224.00081  315.99099
223.98947  315.99097
223.97814  315.99095
223.9668  315.99093
223.95547  315.99091
223.94413  315.99089
223.93279  315.99087
223.92146  315.99085
223.91012  315.99083
223.89879  315.99081
223.88745  315.99079
223.87611  315.99077
223.86478  315.99075
223.85344  315.99073
223.84211  315.99071
223.83077  315.99069
223.81943  315.99067
223.8081  315.99065
223.79676  315.99063
223.78543  315.99061
223.77409  315.99059
223.76275  315.99057
223.75142  315.99055
223.74008  315.99053
223.72874  315.99051
223.71741  315.99049
223.70607  315.99047
223.69474  315.99045
223.6834  315.99044
223.67206  315.99042
223.66073  315.9904
223.64939  315.99038
223.63806  315.99036
223.62672  315.99034
223.61538  315.99032
223.60405  315.9903
223.59271  315.99028
223.58138  315.99026
223.57004  315.99024
223.5587  315.99023
223.54737  315.99021
223.53603  315.99019
223.5247  315.99017
223.51336  315.99015
223.50202  315.99013
223.49069  315.99011
223.47935  315.99009
223.46802  315.99008
223.45668  315.99006
223.44534  315.99004
223.43401  315.99002
223.42267  315.99
223.41134  315.98998
223.4  315.98997
223.38866  315.98995
223.37733  315.98993
223.36599  315.98991
223.35466  315.98989
223.34332  315.98987
223.33198  315.98986
223.32065  315.98984
223.30931  315.98982
223.29798  315.9898
223.28664  315.98978
223.2753  315.98977
223.26397  315.98975
223.25263  315.98973
223.2413  315.98971
223.22996  315.9897
223.21862  315.98968
223.20729  315.98966
223.19595  315.98964
223.18462  315.98963
223.17328  315.98961
223.16194  315.98959
223.15061  315.98957
223.13927  315.98956
223.12794  315.98954
223.1166  315.98952
223.10526  315.9895
223.09393  315.98949
223.08259  315.98947
223.07126  315.98945
223.05992  315.98943
223.04858  315.98942
223.03725  315.9894
223.02591  315.98938
223.01457  315.98937
223.00324  315.98935
222.9919  315.98933
222.98057  315.98932
222.96923  315.9893
222.95789  315.98928
222.94656  315.98927
222.93522  315.98925
222.92389  315.98923
222.91255  315.98922
222.90121  315.9892
222.88988  315.98918
222.87854  315.98917
222.86721  315.98915
222.85587  315.98913
222.84453  315.98912
222.8332  315.9891
222.82186  315.98908
222.81053  315.98907
222.79919  315.98905
222.78785  315.98903
222.77652  315.98902
222.76518  315.989
222.75385  315.98899
222.74251  315.98897
222.73117  315.98895
222.71984  315.98894
222.7085  315.98892
222.69717  315.98891
222.68583  315.98889
222.67449  315.98887
222.66316  315.98886
222.65182  315.98884
222.64049  315.98883
222.62915  315.98881
222.61781  315.98879
222.60648  315.98878
222.59514  315.98876
222.58381  315.98875
222.57247  315.98873
222.56113  315.98872
222.5498  315.9887
222.53846  315.98869
222.52713  315.98867
222.51579  315.98865
222.50445  315.98864
222.49312  315.98862
222.48178  315.98861
222.47045  315.98859
222.45911  315.98858
222.44777  315.98856
222.43644  315.98855
222.4251  315.98853
222.41377  315.98852
222.40243  315.9885
222.39109  315.98849
222.37976  315.98847
222.36842  315.98846
222.35709  315.98844
222.34575  315.98843
222.33441  315.98841
222.32308  315.9884
222.31174  315.98838
222.3004  315.98837
222.28907  315.98835
222.27773  315.98834
222.2664  315.98832
222.25506  315.98831
222.24372  315.9883
222.23239  315.98828
222.22105  315.98827
222.20972  315.98825
222.19838  315.98824
222.18704  315.98822
222.17571  315.98821
222.16437  315.98819
222.15304  315.98818
222.1417  315.98817
222.13036  315.98815
222.11903  315.98814
222.10769  315.98812
222.09636  315.98811
222.08502  315.98809
222.07368  315.98808
222.06235  315.98807
222.05101  315.98805
222.03968  315.98804
222.02834  315.98802
222.017  315.98801
222.00567  315.988
221.99433  315.98798
221.983  315.98797
221.97166  315.98795
221.96032  315.98794
221.94899  315.98793
221.93765  315.98791
221.92632  315.9879
221.91498  315.98789
221.90364  315.98787
221.89231  315.98786
221.88097  315.98784
221.86964  315.98783
221.8583  315.98782
221.84696  315.9878
221.83563  315.98779
221.82429  315.98778
221.81296  315.98776
221.80162  315.98775
221.79028  315.98774
221.77895  315.98772
221.76761  315.98771
221.75628  315.9877
221.74494  315.98768
221.7336  315.98767
221.72227  315.98766
221.71093  315.98764
221.6996  315.98763
221.68826  315.98762
221.67692  315.98761
221.66559  315.98759
221.65425  315.98758
221.64291  315.98757
221.63158  315.98755
221.62024  315.98754
221.60891  315.98753
221.59757  315.98751
221.58623  315.9875
221.5749  315.98749
221.56356  315.98748
221.55223  315.98746
221.54089  315.98745
221.52955  315.98744
221.51822  315.98743
221.50688  315.98741
221.49555  315.9874
221.48421  315.98739
221.47287  315.98738
221.46154  315.98736
221.4502  315.98735
221.43887  315.98734
221.42753  315.98733
221.41619  315.98731
221.40486  315.9873
221.39352  315.98729
221.38219  315.98728
221.37085  315.98726
221.35951  315.98725
221.34818  315.98724
221.33684  315.98723
221.32551  315.98722
221.31417  315.9872
221.30283  315.98719
221.2915  315.98718
221.28016  315.98717
221.26883  315.98716
221.25749  315.98714
221.24615  315.98713
221.23482  315.98712
221.22348  315.98711
221.21215  315.9871
221.20081  315.98708
221.18947  315.98707
221.17814  315.98706
221.1668  315.98705
221.15547  315.98704
221.14413  315.98702
221.13279  315.98701
221.12146  315.987
221.11012  315.98699
221.09879  315.98698
221.08745  315.98697
221.07611  315.98696
221.06478  315.98694
221.05344  315.98693
221.04211  315.98692
221.03077  315.98691
221.01943  315.9869
221.0081  315.98689
220.99676  315.98688
220.98543  315.98686
220.97409  315.98685
220.96275  315.98684
220.95142  315.98683
220.94008  315.98682
220.92874  315.98681
220.91741  315.9868
220.90607  315.98679
220.89474  315.98677
220.8834  315.98676
220.87206  315.98675
220.86073  315.98674
220.84939  315.98673
220.83806  315.98672
220.82672  315.98671
220.81538  315.9867
220.80405  315.98669
220.79271  315.98668
220.78138  315.98667
220.77004  315.98665
220.7587  315.98664
220.74737  315.98663
220.73603  315.98662
220.7247  315.98661
220.71336  315.9866
220.70202  315.98659
220.69069  315.98658
220.67935  315.98657
220.66802  315.98656
220.65668  315.98655
220.64534  315.98654
220.63401  315.98653
220.62267  315.98652
220.61134  315.98651
220.6  315.9865
220.58866  315.98648
220.57733  315.98647
220.56599  315.98646
220.55466  315.98645
220.54332  315.98644
220.53198  315.98643
220.52065  315.98642
220.50931  315.98641
220.49798  315.9864
220.48664  315.98639
220.4753  315.98638
220.46397  315.98637
220.45263  315.98636
220.4413  315.98635
220.42996  315.98634
220.41862  315.98633
220.40729  315.98632
220.39595  315.98631
220.38462  315.9863
220.37328  315.98629
220.36194  315.98628
220.35061  315.98627
220.33927  315.98626
220.32794  315.98625
220.3166  315.98624
220.30526  315.98623
220.29393  315.98622
220.28259  315.98621
220.27126  315.9862
220.25992  315.98619
220.24858  315.98618
220.23725  315.98617
220.22591  315.98617
220.21457  315.98616
220.20324  315.98615
220.1919  315.98614
220.18057  315.98613
220.16923  315.98612
220.15789  315.98611
220.14656  315.9861
220.13522  315.98609
220.12389  315.98608
220.11255  315.98607
220.10121  315.98606
220.08988  315.98605
220.07854  315.98604
220.06721  315.98603
220.05587  315.98602
220.04453  315.98601
220.0332  315.98601
220.02186  315.986
220.01053  315.98599
219.99919  315.98598
219.98785  315.98597
219.97652  315.98596
219.96518  315.98595
219.95385  315.98594
219.94251  315.98593
219.93117  315.98592
219.91984  315.98591
219.9085  315.98591
219.89717  315.9859
219.88583  315.98589
219.87449  315.98588
219.86316  315.98587
219.85182  315.98586
219.84049  315.98585
219.82915  315.98584
219.81781  315.98583
219.80648  315.98583
219.79514  315.98582
219.78381  315.98581
219.77247  315.9858
219.76113  315.98579
219.7498  315.98578
219.73846  315.98577
219.72713  315.98577
219.71579  315.98576
219.70445  315.98575
219.69312  315.98574
219.68178  315.98573
219.67045  315.98572
219.65911  315.98571
219.64777  315.98571
219.63644  315.9857
219.6251  315.98569
219.61377  315.98568
219.60243  315.98567
219.59109  315.98566
219.57976  315.98566
219.56842  315.98565
219.55709  315.98564
219.54575  315.98563
219.53441  315.98562
219.52308  315.98561
219.51174  315.98561
219.5004  315.9856
219.48907  315.98559
219.47773  315.98558
219.4664  315.98557
219.45506  315.98557
219.44372  315.98556
219.43239  315.98555
219.42105  315.98554
219.40972  315.98553
219.39838  315.98553
219.38704  315.98552
219.37571  315.98551
219.36437  315.9855
219.35304  315.98549
219.3417  315.98549
219.33036  315.98548
219.31903  315.98547
219.30769  315.98546
219.29636  315.98545
219.28502  315.98545
219.27368  315.98544
219.26235  315.98543
219.25101  315.98542
219.23968  315.98542
219.22834  315.98541
219.217  315.9854
219.20567  315.98539
219.19433  315.98539
219.183  315.98538
219.17166  315.98537
219.16032  315.98536
219.14899  315.98536
219.13765  315.98535
219.12632  315.98534
219.11498  315.98533
219.10364  315.98533
219.09231  315.98532
219.08097  315.98531
219.06964  315.9853
219.0583  315.9853
219.04696  315.98529
219.03563  315.98528
219.02429  315.98527
219.01296  315.98527
219.00162  315.98526
218.99028  315.98525
218.97895  315.98525
218.96761  315.98524
218.95628  315.98523
218.94494  315.98522
218.9336  315.98522
218.92227  315.98521
218.91093  315.9852
218.8996  315.9852
218.88826  315.98519
218.87692  315.98518
218.86559  315.98517
218.85425  315.98517
218.84291  315.98516
218.83158  315.98515
218.82024  315.98515
218.80891  315.98514
218.79757  315.98513
218.78623  315.98513
218.7749  315.98512
218.76356  315.98511
218.75223  315.98511
218.74089  315.9851
218.72955  315.98509
218.71822  315.98508
218.70688  315.98508
218.69555  315.98507
218.68421  315.98506
218.67287  315.98506
218.66154  315.98505
218.6502  315.98504
218.63887  315.98504
218.62753  315.98503
218.61619  315.98502
218.60486  315.98502
218.59352  315.98501
218.58219  315.98501
218.57085  315.985
218.55951  315.98499
218.54818  315.98499
218.53684  315.98498
218.52551  315.98497
218.51417  315.98497
218.50283  315.98496
218.4915  315.98495
218.48016  315.98495
218.46883  315.98494
218.45749  315.98493
218.44615  315.98493
218.43482  315.98492
218.42348  315.98492
218.41215  315.98491
218.40081  315.9849
218.38947  315.9849
218.37814  315.98489
218.3668  315.98488
218.35547  315.98488
218.34413  315.98487
218.33279  315.98487
218.32146  315.98486
218.31012  315.98485
218.29879  315.98485
218.28745  315.98484
218.27611  315.98484
218.26478  315.98483
218.25344  315.98482
218.24211  315.98482
218.23077  315.98481
218.21943  315.98481
218.2081  315.9848
218.19676  315.98479
218.18543  315.98479
218.17409  315.98478
218.16275  315.98478
218.15142  315.98477
218.14008  315.98477
218.12874  315.98476
218.11741  315.98475
218.10607  315.98475
218.09474  315.98474
218.0834  315.98474
218.07206  315.98473
218.06073  315.98473
218.04939  315.98472
218.03806  315.98471
218.02672  315.98471
218.01538  315.9847
218.00405  315.9847
217.99271  315.98469
217.98138  315.98469
217.97004  315.98468
217.9587  315.98467
217.94737  315.98467
217.93603  315.98466
217.9247  315.98466
217.91336  315.98465
217.90202  315.98465
217.89069  315.98464
217.87935  315.98464
217.86802  315.98463
217.85668  315.98463
217.84534  315.98462
217.83401  315.98462
217.82267  315.98461
217.81134  315.9846
217.8  315.9846
217.78866  315.98459
217.77733  315.98459
217.76599  315.98458
217.75466  315.98458
217.74332  315.98457
217.73198  315.98457
217.72065  315.98456
217.70931  315.98456
217.69798  315.98455
217.68664  315.98455
217.6753  315.98454
217.66397  315.98454
217.65263  315.98453
217.6413  315.98453
217.62996  315.98452
217.61862  315.98452
217.60729  315.98451
217.59595  315.98451
217.58462  315.9845
217.57328  315.9845
217.56194  315.98449
217.55061  315.98449
217.53927  315.98448
217.52794  315.98448
217.5166  315.98447
217.50526  315.98447
217.49393  315.98446
217.48259  315.98446
217.47126  315.98445
217.45992  315.98445
217.44858  315.98444
217.43725  315.98444
217.42591  315.98443
217.41457  315.98443
217.40324  315.98443
217.3919  315.98442
217.38057  315.98442
217.36923  315.98441
217.35789  315.98441
217.34656  315.9844
217.33522  315.9844
217.32389  315.98439
217.31255  315.98439
217.30121  315.98438
217.28988  315.98438
217.27854  315.98437
217.26721  315.98437
217.25587  315.98437
217.24453  315.98436
217.2332  315.98436
217.22186  315.98435
217.21053  315.98435
217.19919  315.98434
217.18785  315.98434
217.17652  315.98433
217.16518  315.98433
217.15385  315.98433
217.14251  315.98432
217.13117  315.98432
217.11984  315.98431
217.1085  315.98431
217.09717  315.9843
217.08583  315.9843
217.07449  315.9843
217.06316  315.98429
217.05182  315.98429
217.04049  315.98428
217.02915  315.98428
217.01781  315.98428
217.00648  315.98427
216.99514  315.98427
216.98381  315.98426
216.97247  315.98426
216.96113  315.98425
216.9498  315.98425
216.93846  315.98425
216.92713  315.98424
216.91579  315.98424
216.90445  315.98423
216.89312  315.98423
216.88178  315.98423
216.87045  315.98422
216.85911  315.98422
216.84777  315.98422
216.83644  315.98421
216.8251  315.98421
216.81377  315.9842
216.80243  315.9842
216.79109  315.9842
216.77976  315.98419
216.76842  315.98419
216.75709  315.98418
216.74575  315.98418
216.73441  315.98418
216.72308  315.98417
216.71174  315.98417
216.7004  315.98417
216.68907  315.98416
216.67773  315.98416
216.6664  315.98415
216.65506  315.98415
216.64372  315.98415
216.63239  315.98414
216.62105  315.98414
216.60972  315.98414
216.59838  315.98413
216.58704  315.98413
216.57571  315.98413
216.56437  315.98412
216.55304  315.98412
216.5417  315.98412
216.53036  315.98411
216.51903  315.98411
216.50769  315.9841
216.49636  315.9841
216.48502  315.9841
216.47368  315.98409
216.46235  315.98409
216.45101  315.98409
216.43968  315.98408
216.42834  315.98408
216.417  315.98408
216.40567  315.98407
216.39433  315.98407
216.383  315.98407
216.37166  315.98406
216.36032  315.98406
216.34899  315.98406
216.33765  315.98405
216.32632  315.98405
216.31498  315.98405
216.30364  315.98405
216.29231  315.98404
216.28097  315.98404
216.26964  315.98404
216.2583  315.98403
216.24696  315.98403
216.23563  315.98403
216.22429  315.98402
216.21296  315.98402
216.20162  315.98402
216.19028  315.98401
216.17895  315.98401
216.16761  315.98401
216.15628  315.98401
216.14494  315.984
216.1336  315.984
216.12227  315.984
216.11093  315.98399
216.0996  315.98399
216.08826  315.98399
216.07692  315.98398
216.06559  315.98398
216.05425  315.98398
216.04291  315.98398
216.03158  315.98397
216.02024  315.98397
216.00891  315.98397
215.99757  315.98396
215.98623  315.98396
215.9749  315.98396
215.96356  315.98396
215.95223  315.98395
215.94089  315.98395
215.92955  315.98395
215.91822  315.98395
215.90688  315.98394
215.89555  315.98394
215.88421  315.98394
215.87287  315.98394
215.86154  315.98393
215.8502  315.98393
215.83887  315.98393
215.82753  315.98392
215.81619  315.98392
215.80486  315.98392
215.79352  315.98392
215.78219  315.98391
215.77085  315.98391
215.75951  315.98391
215.74818  315.98391
215.73684  315.9839
215.72551  315.9839
215.71417  315.9839
215.70283  315.9839
215.6915  315.98389
215.68016  315.98389
215.66883  315.98389
215.65749  315.98389
215.64615  315.98389
215.63482  315.98388
215.62348  315.98388
215.61215  315.98388
215.60081  315.98388
215.58947  315.98387
215.57814  315.98387
215.5668  315.98387
215.55547  315.98387
215.54413  315.98386
215.53279  315.98386
215.52146  315.98386
215.51012  315.98386
215.49879  315.98386
215.48745  315.98385
215.47611  315.98385
215.46478  315.98385
215.45344  315.98385
215.44211  315.98385
215.43077  315.98384
215.41943  315.98384
215.4081  315.98384
215.39676  315.98384
215.38543  315.98383
215.37409  315.98383
215.36275  315.98383
215.35142  315.98383
215.34008  315.98383
215.32874  315.98382
215.31741  315.98382
215.30607  315.98382
215.29474  315.98382
215.2834  315.98382
215.27206  315.98382
215.26073  315.98381
215.24939  315.98381
215.23806  315.98381
215.22672  315.98381
215.21538  315.98381
215.20405  315.9838
215.19271  315.9838
215.18138  315.9838
215.17004  315.9838
215.1587  315.9838
215.14737  315.9838
215.13603  315.98379
215.1247  315.98379
215.11336  315.98379
215.10202  315.98379
215.09069  315.98379
215.07935  315.98378
215.06802  315.98378
215.05668  315.98378
215.04534  315.98378
215.03401  315.98378
215.02267  315.98378
215.01134  315.98378
215  315.98377

# Result Name:                  Peak 1
# Number of Curves:             1
#
# Curve:                        0
# Values/Curve:                 3706
#
257  322.54094
256.98866  322.52406
256.97733  322.50721
256.96599  322.49039
256.95466  322.47359
256.94332  322.45682
256.93198  322.44007
256.92065  322.42335
256.90931  322.40665
256.89798  322.38998
256.88664  322.37333
256.8753  322.3567
256.86397  322.3401
256.85263  322.32353
256.8413  322.30698
256.82996  322.29045
256.81862  322.27395
256.80729  322.25748
256.79595  322.24103
256.78462  322.2246
256.77328  322.20819
256.76194  322.19182
256.75061  322.17546
256.73927  322.15913
256.72794  322.14282
256.7166  322.12654
256.70526  322.11028
256.69393  322.09405
256.68259  322.07784
256.67126  322.06165
256.65992  322.04549
256.64858  322.02935
256.63725  322.01323
256.62591  321.99714
256.61457  321.98107
256.60324  321.96502
256.5919  321.949
256.58057  321.933
256.56923  321.91703
256.55789  321.90108
256.54656  321.88515
256.53522  321.86924
256.52389  321.85336
256.51255  321.8375
256.50121  321.82167
256.48988  321.80585
256.47854  321.79006
256.46721  321.7743
256.45587  321.75855
256.44453  321.74283
256.4332  321.72713
256.42186  321.71146
256.41053  321.6958
256.39919  321.68017
256.38785  321.66456
256.37652  321.64898
256.36518  321.63341
256.35385  321.61787
256.34251  321.60235
256.33117  321.58686
256.31984  321.57139
256.3085  321.55593
256.29717  321.5405
256.28583  321.5251
256.27449  321.50971
256.26316  321.49435
256.25182  321.47901
256.24049  321.46369
256.22915  321.44839
256.21781  321.43312
256.20648  321.41786
256.19514  321.40263
256.18381  321.38742
256.17247  321.37223
256.16113  321.35707
256.1498  321.34192
256.13846  321.3268
256.12713  321.3117
256.11579  321.29662
256.10445  321.28156
256.09312  321.26652
256.08178  321.2515
256.07045  321.23651
256.05911  321.22154
256.04777  321.20658
256.03644  321.19165
256.0251  321.17674
256.01377  321.16185
256.00243  321.14699
255.99109  321.13214
255.97976  321.11731
255.96842  321.10251
255.95709  321.08773
255.94575  321.07296
255.93441  321.05822
255.92308  321.0435
255.91174  321.0288
255.9004  321.01412
255.88907  320.99946
255.87773  320.98482
255.8664  320.9702
255.85506  320.95561
255.84372  320.94103
255.83239  320.92647
255.82105  320.91194
255.80972  320.89742
255.79838  320.88293
255.78704  320.86845
255.77571  320.854
255.76437  320.83957
255.75304  320.82515
255.7417  320.81076
255.73036  320.79639
255.71903  320.78203
255.70769  320.7677
255.69636  320.75339
255.68502  320.73909
255.67368  320.72482
255.66235  320.71057
255.65101  320.69633
255.63968  320.68212
255.62834  320.66793
255.617  320.65376
255.60567  320.6396
255.59433  320.62547
255.583  320.61135
255.57166  320.59726
255.56032  320.58319
255.54899  320.56913
255.53765  320.5551
255.52632  320.54108
255.51498  320.52709
255.50364  320.51311
255.49231  320.49915
255.48097  320.48522
255.46964  320.4713
255.4583  320.4574
255.44696  320.44352
255.43563  320.42966
255.42429  320.41582
255.41296  320.402
255.40162  320.3882
255.39028  320.37442
255.37895  320.36066
255.36761  320.34691
255.35628  320.33319
255.34494  320.31949
255.3336  320.3058
255.32227  320.29213
255.31093  320.27849
255.2996  320.26486
255.28826  320.25125
255.27692  320.23766
255.26559  320.22409
255.25425  320.21054
255.24291  320.19701
255.23158  320.18349
255.22024  320.17
255.20891  320.15652
255.19757  320.14307
255.18623  320.12963
255.1749  320.11621
255.16356  320.10282
255.15223  320.08944
255.14089  320.07607
255.12955  320.06273
255.11822  320.04941
255.10688  320.0361
255.09555  320.02282
255.08421  320.00955
255.07287  319.99631
255.06154  319.98308
255.0502  319.96987
255.03887  319.95668
255.02753  319.94351
255.01619  319.93035
255.00486  319.91722
254.99352  319.9041
254.98219  319.89101
254.97085  319.87793
254.95951  319.86487
254.94818  319.85183
254.93684  319.83881
254.92551  319.82581
254.91417  319.81283
254.90283  319.79986
254.8915  319.78692
254.88016  319.77399
254.86883  319.76109
254.85749  319.7482
254.84615  319.73533
254.83482  319.72248
254.82348  319.70965
254.81215  319.69684
254.80081  319.68404
254.78947  319.67127
254.77814  319.65852
254.7668  319.64578
254.75547  319.63306
254.74413  319.62037
254.73279  319.60769
254.72146  319.59503
254.71012  319.58239
254.69879  319.56977
254.68745  319.55716
254.67611  319.54458
254.66478  319.53202
254.65344  319.51948
254.64211  319.50695
254.63077  319.49445
254.61943  319.48196
254.6081  319.4695
254.59676  319.45705
254.58543  319.44462
254.57409  319.43221
254.56275  319.41983
254.55142  319.40746
254.54008  319.39511
254.52874  319.38278
254.51741  319.37047
254.50607  319.35819
254.49474  319.34592
254.4834  319.33367
254.47206  319.32144
254.46073  319.30923
254.44939  319.29704
254.43806  319.28488
254.42672  319.27273
254.41538  319.2606
254.40405  319.2485
254.39271  319.23641
254.38138  319.22435
254.37004  319.2123
254.3587  319.20028
254.34737  319.18828
254.33603  319.1763
254.3247  319.16433
254.31336  319.1524
254.30202  319.14048
254.29069  319.12858
254.27935  319.11671
254.26802  319.10485
254.25668  319.09302
254.24534  319.08121
254.23401  319.06943
254.22267  319.05766
254.21134  319.04592
254.2  319.0342
254.18866  319.0225
254.17733  319.01083
254.16599  318.99917
254.15466  318.98755
254.14332  318.97594
254.13198  318.96436
254.12065  318.9528
254.10931  318.94126
254.09798  318.92975
254.08664  318.91826
254.0753  318.9068
254.06397  318.89536
254.05263  318.88395
254.0413  318.87256
254.02996  318.86119
254.01862  318.84986
254.00729  318.83854
253.99595  318.82725
253.98462  318.81599
253.97328  318.80476
253.96194  318.79355
253.95061  318.78236
253.93927  318.77121
253.92794  318.76008
253.9166  318.74898
253.90526  318.73791
253.89393  318.72686
253.88259  318.71585
253.87126  318.70486
253.85992  318.6939
253.84858  318.68297
253.83725  318.67207
253.82591  318.6612
253.81457  318.65036
253.80324  318.63956
253.7919  318.62878
253.78057  318.61803
253.76923  318.60732
253.75789  318.59664
253.74656  318.58599
253.73522  318.57538
253.72389  318.5648
253.71255  318.55425
253.70121  318.54374
253.68988  318.53326
253.67854  318.52282
253.66721  318.51242
253.65587  318.50205
253.64453  318.49172
253.6332  318.48143
253.62186  318.47117
253.61053  318.46096
253.59919  318.45078
253.58785  318.44064
253.57652  318.43055
253.56518  318.42049
253.55385  318.41048
253.54251  318.40051
253.53117  318.39059
253.51984  318.38071
253.5085  318.37087
253.49717  318.36108
253.48583  318.35133
253.47449  318.34163
253.46316  318.33198
253.45182  318.32238
253.44049  318.31282
253.42915  318.30332
253.41781  318.29387
253.40648  318.28446
253.39514  318.27511
253.38381  318.26582
253.37247  318.25657
253.36113  318.24738
253.3498  318.23825
253.33846  318.22917
253.32713  318.22015
253.31579  318.21118
253.30445  318.20227
253.29312  318.19342
253.28178  318.18464
253.27045  318.17591
253.25911  318.16724
253.24777  318.15863
253.23644  318.15009
253.2251  318.1416
253.21377  318.13318
253.20243  318.12483
253.19109  318.11653
253.17976  318.10831
253.16842  318.10014
253.15709  318.09204
253.14575  318.08401
253.13441  318.07604
253.12308  318.06814
253.11174  318.06031
253.1004  318.05254
253.08907  318.04484
253.07773  318.0372
253.0664  318.02963
253.05506  318.02213
253.04372  318.01469
253.03239  318.00732
253.02105  318.00001
253.00972  317.99277
252.99838  317.98559
252.98704  317.97848
252.97571  317.97143
252.96437  317.96445
252.95304  317.95753
252.9417  317.95067
252.93036  317.94387
252.91903  317.93714
252.90769  317.93046
252.89636  317.92385
252.88502  317.91729
252.87368  317.9108
252.86235  317.90436
252.85101  317.89798
252.83968  317.89166
252.82834  317.88539
252.817  317.87917
252.80567  317.87302
252.79433  317.86691
252.783  317.86086
252.77166  317.85485
252.76032  317.8489
252.74899  317.843
252.73765  317.83715
252.72632  317.83135
252.71498  317.82559
252.70364  317.81988
252.69231  317.81422
252.68097  317.8086
252.66964  317.80303
252.6583  317.7975
252.64696  317.79202
252.63563  317.78657
252.62429  317.78117
252.61296  317.77581
252.60162  317.77049
252.59028  317.7652
252.57895  317.75996
252.56761  317.75475
252.55628  317.74958
252.54494  317.74445
252.5336  317.73936
252.52227  317.7343
252.51093  317.72927
252.4996  317.72428
252.48826  317.71932
252.47692  317.7144
252.46559  317.7095
252.45425  317.70464
252.44291  317.69981
252.43158  317.69501
252.42024  317.69025
252.40891  317.68551
252.39757  317.6808
252.38623  317.67612
252.3749  317.67147
252.36356  317.66684
252.35223  317.66225
252.34089  317.65768
252.32955  317.65313
252.31822  317.64862
252.30688  317.64413
252.29555  317.63966
252.28421  317.63522
252.27287  317.6308
252.26154  317.62641
252.2502  317.62205
252.23887  317.6177
252.22753  317.61338
252.21619  317.60908
252.20486  317.60481
252.19352  317.60055
252.18219  317.59632
252.17085  317.59211
252.15951  317.58792
252.14818  317.58376
252.13684  317.57961
252.12551  317.57548
252.11417  317.57138
252.10283  317.56729
252.0915  317.56322
252.08016  317.55918
252.06883  317.55515
252.05749  317.55114
252.04615  317.54715
252.03482  317.54317
252.02348  317.53922
252.01215  317.53528
252.00081  317.53137
251.98947  317.52747
251.97814  317.52358
251.9668  317.51972
251.95547  317.51587
251.94413  317.51203
251.93279  317.50822
251.92146  317.50442
251.91012  317.50063
251.89879  317.49687
251.88745  317.49312
251.87611  317.48938
251.86478  317.48566
251.85344  317.48195
251.84211  317.47826
251.83077  317.47459
251.81943  317.47093
251.8081  317.46728
251.79676  317.46365
251.78543  317.46003
251.77409  317.45643
251.76275  317.45284
251.75142  317.44927
251.74008  317.44571
251.72874  317.44216
251.71741  317.43863
251.70607  317.43511
251.69474  317.4316
251.6834  317.42811
251.67206  317.42463
251.66073  317.42116
251.64939  317.41771
251.63806  317.41426
251.62672  317.41084
251.61538  317.40742
251.60405  317.40401
251.59271  317.40062
251.58138  317.39724
251.57004  317.39387
251.5587  317.39052
251.54737  317.38717
251.53603  317.38384
251.5247  317.38052
251.51336  317.37721
251.50202  317.37391
251.49069  317.37063
251.47935  317.36735
251.46802  317.36409
251.45668  317.36084
251.44534  317.3576
251.43401  317.35436
251.42267  317.35114
251.41134  317.34794
251.4  317.34474
251.38866  317.34155
251.37733  317.33837
251.36599  317.33521
251.35466  317.33205
251.34332  317.3289
251.33198  317.32577
251.32065  317.32264
251.30931  317.31953
251.29798  317.31642
251.28664  317.31333
251.2753  317.31024
251.26397  317.30716
251.25263  317.3041
251.2413  317.30104
251.22996  317.298
251.21862  317.29496
251.20729  317.29193
251.19595  317.28891
251.18462  317.2859
251.17328  317.2829
251.16194  317.27991
251.15061  317.27693
251.13927  317.27396
251.12794  317.271
251.1166  317.26804
251.10526  317.2651
251.09393  317.26216
251.08259  317.25924
251.07126  317.25632
251.05992  317.25341
251.04858  317.25051
251.03725  317.24761
251.02591  317.24473
251.01457  317.24185
251.00324  317.23899
250.9919  317.23613
250.98057  317.23328
250.96923  317.23044
250.95789  317.22761
250.94656  317.22478
250.93522  317.22196
250.92389  317.21916
250.91255  317.21635
250.90121  317.21356
250.88988  317.21078
250.87854  317.208
250.86721  317.20523
250.85587  317.20247
250.84453  317.19972
250.8332  317.19698
250.82186  317.19424
250.81053  317.19151
250.79919  317.18879
250.78785  317.18607
250.77652  317.18337
250.76518  317.18067
250.75385  317.17798
250.74251  317.17529
250.73117  317.17262
250.71984  317.16995
250.7085  317.16729
250.69717  317.16463
250.68583  317.16199
250.67449  317.15935
250.66316  317.15671
250.65182  317.15409
250.64049  317.15147
250.62915  317.14886
250.61781  317.14626
250.60648  317.14366
250.59514  317.14107
250.58381  317.13849
250.57247  317.13591
250.56113  317.13335
250.5498  317.13078
250.53846  317.12823
250.52713  317.12569
250.51579  317.12316
250.50445  317.12064
250.49312  317.11814
250.48178  317.11567
250.47045  317.11325
250.45911  317.11089
250.44777  317.10866
250.43644  317.1066
250.4251  317.10484
250.41377  317.10353
250.40243  317.10294
250.39109  317.10343
250.37976  317.10558
250.36842  317.11019
250.35709  317.1184
250.34575  317.13181
250.33441  317.1526
250.32308  317.18368
250.31174  317.2289
250.3004  317.29319
250.28907  317.38277
250.27773  317.50528
250.2664  317.66991
250.25506  317.88736
250.24372  318.16982
250.23239  318.53063
250.22105  318.98389
250.20972  319.54379
250.19838  320.22375
250.18704  321.03535
250.17571  321.98714
250.16437  323.08328
250.15304  324.32229
250.1417  325.69589
250.13036  327.18806
250.11903  328.77461
250.10769  330.42316
250.09636  332.0938
250.08502  333.74037
250.07368  335.31238
250.06235  336.75743
250.05101  338.02406
250.03968  339.06475
250.02834  339.83886
250.017  340.31526
250.00567  340.4744
249.99433  340.3096
249.983  339.82759
249.97166  339.04796
249.96032  338.00187
249.94899  336.73
249.93765  335.27989
249.92632  333.70301
249.91498  332.05174
249.90364  330.37658
249.89231  328.72366
249.88097  327.13287
249.86964  325.63656
249.8583  324.25889
249.84696  323.01585
249.83563  321.9157
249.82429  320.95989
249.81296  320.14424
249.80162  319.4602
249.79028  318.89618
249.77895  318.43874
249.76761  318.07371
249.75628  317.78698
249.74494  317.5652
249.7336  317.39621
249.72227  317.2693
249.71093  317.17528
249.6996  317.10654
249.68826  317.05684
249.67692  317.02126
249.66559  316.99597
249.65425  316.97804
249.64291  316.96531
249.63158  316.95617
249.62024  316.94948
249.60891  316.94444
249.59757  316.94049
249.58623  316.93726
249.5749  316.93447
249.56356  316.93198
249.55223  316.92966
249.54089  316.92746
249.52955  316.92533
249.51822  316.92324
249.50688  316.92118
249.49555  316.91914
249.48421  316.9171
249.47287  316.91508
249.46154  316.91307
249.4502  316.91106
249.43887  316.90905
249.42753  316.90705
249.41619  316.90506
249.40486  316.90307
249.39352  316.90109
249.38219  316.89911
249.37085  316.89713
249.35951  316.89516
249.34818  316.89319
249.33684  316.89123
249.32551  316.88928
249.31417  316.88732
249.30283  316.88538
249.2915  316.88343
249.28016  316.8815
249.26883  316.87956
249.25749  316.87763
249.24615  316.87571
249.23482  316.87379
249.22348  316.87187
249.21215  316.86996
249.20081  316.86805
249.18947  316.86615
249.17814  316.86425
249.1668  316.86236
249.15547  316.86047
249.14413  316.85859
249.13279  316.85671
249.12146  316.85483
249.11012  316.85296
249.09879  316.85109
249.08745  316.84923
249.07611  316.84737
249.06478  316.84551
249.05344  316.84366
249.04211  316.84182
249.03077  316.83998
249.01943  316.83814
249.0081  316.83631
248.99676  316.83448
248.98543  316.83265
248.97409  316.83083
248.96275  316.82902
248.95142  316.82721
248.94008  316.8254
248.92874  316.82359
248.91741  316.82179
248.90607  316.82
248.89474  316.81821
248.8834  316.81642
248.87206  316.81464
248.86073  316.81286
248.84939  316.81108
248.83806  316.80931
248.82672  316.80755
248.81538  316.80578
248.80405  316.80402
248.79271  316.80227
248.78138  316.80052
248.77004  316.79877
248.7587  316.79703
248.74737  316.79529
248.73603  316.79356
248.7247  316.79182
248.71336  316.7901
248.70202  316.78837
248.69069  316.78666
248.67935  316.78494
248.66802  316.78323
248.65668  316.78152
248.64534  316.77982
248.63401  316.77812
248.62267  316.77642
248.61134  316.77473
248.6  316.77304
248.58866  316.77136
248.57733  316.76968
248.56599  316.768
248.55466  316.76633
248.54332  316.76466
248.53198  316.76299
248.52065  316.76133
248.50931  316.75967
248.49798  316.75802
248.48664  316.75637
248.4753  316.75472
248.46397  316.75308
248.45263  316.75144
248.4413  316.7498
248.42996  316.74817
248.41862  316.74654
248.40729  316.74492
248.39595  316.7433
248.38462  316.74168
248.37328  316.74006
248.36194  316.73845
248.35061  316.73685
248.33927  316.73524
248.32794  316.73365
248.3166  316.73205
248.30526  316.73046
248.29393  316.72887
248.28259  316.72728
248.27126  316.7257
248.25992  316.72412
248.24858  316.72255
248.23725  316.72098
248.22591  316.71941
248.21457  316.71785
248.20324  316.71628
248.1919  316.71473
248.18057  316.71317
248.16923  316.71162
248.15789  316.71008
248.14656  316.70853
248.13522  316.70699
248.12389  316.70546
248.11255  316.70392
248.10121  316.70239
248.08988  316.70087
248.07854  316.69934
248.06721  316.69782
248.05587  316.69631
248.04453  316.6948
248.0332  316.69329
248.02186  316.69178
248.01053  316.69028
247.99919  316.68878
247.98785  316.68728
247.97652  316.68579
247.96518  316.6843
247.95385  316.68281
247.94251  316.68133
247.93117  316.67985
247.91984  316.67837
247.9085  316.6769
247.89717  316.67543
247.88583  316.67396
247.87449  316.6725
247.86316  316.67104
247.85182  316.66958
247.84049  316.66813
247.82915  316.66668
247.81781  316.66523
247.80648  316.66379
247.79514  316.66234
247.78381  316.66091
247.77247  316.65947
247.76113  316.65804
247.7498  316.65661
247.73846  316.65519
247.72713  316.65376
247.71579  316.65234
247.70445  316.65093
247.69312  316.64951
247.68178  316.6481
247.67045  316.6467
247.65911  316.64529
247.64777  316.64389
247.63644  316.6425
247.6251  316.6411
247.61377  316.63971
247.60243  316.63832
247.59109  316.63694
247.57976  316.63555
247.56842  316.63417
247.55709  316.6328
247.54575  316.63142
247.53441  316.63005
247.52308  316.62869
247.51174  316.62732
247.5004  316.62596
247.48907  316.6246
247.47773  316.62325
247.4664  316.62189
247.45506  316.62054
247.44372  316.6192
247.43239  316.61785
247.42105  316.61651
247.40972  316.61518
247.39838  316.61384
247.38704  316.61251
247.37571  316.61118
247.36437  316.60985
247.35304  316.60853
247.3417  316.60721
247.33036  316.60589
247.31903  316.60458
247.30769  316.60326
247.29636  316.60195
247.28502  316.60065
247.27368  316.59935
247.26235  316.59804
247.25101  316.59675
247.23968  316.59545
247.22834  316.59416
247.217  316.59287
247.20567  316.59158
247.19433  316.5903
247.183  316.58902
247.17166  316.58774
247.16032  316.58646
247.14899  316.58519
247.13765  316.58392
247.12632  316.58265
247.11498  316.58139
247.10364  316.58013
247.09231  316.57887
247.08097  316.57761
247.06964  316.57636
247.0583  316.57511
247.04696  316.57386
247.03563  316.57261
247.02429  316.57137
247.01296  316.57013
247.00162  316.56889
246.99028  316.56766
246.97895  316.56643
246.96761  316.5652
246.95628  316.56397
246.94494  316.56275
246.9336  316.56152
246.92227  316.5603
246.91093  316.55909
246.8996  316.55787
246.88826  316.55666
246.87692  316.55545
246.86559  316.55425
246.85425  316.55305
246.84291  316.55184
246.83158  316.55065
246.82024  316.54945
246.80891  316.54826
246.79757  316.54707
246.78623  316.54588
246.7749  316.54469
246.76356  316.54351
246.75223  316.54233
246.74089  316.54115
246.72955  316.53998
246.71822  316.53881
246.70688  316.53763
246.69555  316.53647
246.68421  316.5353
246.67287  316.53414
246.66154  316.53298
246.6502  316.53182
246.63887  316.53067
246.62753  316.52951
246.61619  316.52836
246.60486  316.52721
246.59352  316.52607
246.58219  316.52493
246.57085  316.52379
246.55951  316.52265
246.54818  316.52151
246.53684  316.52038
246.52551  316.51925
246.51417  316.51812
246.50283  316.51699
246.4915  316.51587
246.48016  316.51475
246.46883  316.51363
246.45749  316.51251
246.44615  316.5114
246.43482  316.51029
246.42348  316.50918
246.41215  316.50807
246.40081  316.50697
246.38947  316.50587
246.37814  316.50477
246.3668  316.50367
246.35547  316.50257
246.34413  316.50148
246.33279  316.50039
246.32146  316.4993
246.31012  316.49822
246.29879  316.49713
246.28745  316.49605
246.27611  316.49497
246.26478  316.4939
246.25344  316.49282
246.24211  316.49175
246.23077  316.49068
246.21943  316.48961
246.2081  316.48855
246.19676  316.48748
246.18543  316.48642
246.17409  316.48536
246.16275  316.48431
246.15142  316.48325
246.14008  316.4822
246.12874  316.48115
246.11741  316.48011
246.10607  316.47906
246.09474  316.47802
246.0834  316.47698
246.07206  316.47594
246.06073  316.4749
246.04939  316.47387
246.03806  316.47284
246.02672  316.47181
246.01538  316.47078
246.00405  316.46975
245.99271  316.46873
245.98138  316.46771
245.97004  316.46669
245.9587  316.46568
245.94737  316.46466
245.93603  316.46365
245.9247  316.46264
245.91336  316.46163
245.90202  316.46062
245.89069  316.45962
245.87935  316.45862
245.86802  316.45762
245.85668  316.45662
245.84534  316.45563
245.83401  316.45463
245.82267  316.45364
245.81134  316.45265
245.8  316.45167
245.78866  316.45068
245.77733  316.4497
245.76599  316.44872
245.75466  316.44774
245.74332  316.44676
245.73198  316.44579
245.72065  316.44482
245.70931  316.44385
245.69798  316.44288
245.68664  316.44191
245.6753  316.44095
245.66397  316.43999
245.65263  316.43903
245.6413  316.43807
245.62996  316.43711
245.61862  316.43616
245.60729  316.43521
245.59595  316.43426
245.58462  316.43331
245.57328  316.43236
245.56194  316.43142
245.55061  316.43048
245.53927  316.42954
245.52794  316.4286
245.5166  316.42766
245.50526  316.42673
245.49393  316.4258
245.48259  316.42487
245.47126  316.42394
245.45992  316.42301
245.44858  316.42209
245.43725  316.42116
245.42591  316.42024
245.41457  316.41933
245.40324  316.41841
245.3919  316.41749
245.38057  316.41658
245.36923  316.41567
245.35789  316.41476
245.34656  316.41385
245.33522  316.41295
245.32389  316.41205
245.31255  316.41115
245.30121  316.41025
245.28988  316.40935
245.27854  316.40845
245.26721  316.40756
245.25587  316.40667
245.24453  316.40578
245.2332  316.40489
245.22186  316.404
245.21053  316.40312
245.19919  316.40224
245.18785  316.40136
245.17652  316.40048
245.16518  316.3996
245.15385  316.39873
245.14251  316.39785
245.13117  316.39698
245.11984  316.39611
245.1085  316.39524
245.09717  316.39438
245.08583  316.39351
245.07449  316.39265
245.06316  316.39179
245.05182  316.39093
245.04049  316.39008
245.02915  316.38922
245.01781  316.38837
245.00648  316.38752
244.99514  316.38667
244.98381  316.38582
244.97247  316.38497
244.96113  316.38413
244.9498  316.38329
244.93846  316.38244
244.92713  316.38161
244.91579  316.38077
244.90445  316.37993
244.89312  316.3791
244.88178  316.37827
244.87045  316.37744
244.85911  316.37661
244.84777  316.37578
244.83644  316.37496
244.8251  316.37413
244.81377  316.37331
244.80243  316.37249
244.79109  316.37167
244.77976  316.37086
244.76842  316.37004
244.75709  316.36923
244.74575  316.36842
244.73441  316.36761
244.72308  316.3668
244.71174  316.36599
244.7004  316.36519
244.68907  316.36439
244.67773  316.36358
244.6664  316.36278
244.65506  316.36199
244.64372  316.36119
244.63239  316.3604
244.62105  316.3596
244.60972  316.35881
244.59838  316.35802
244.58704  316.35723
244.57571  316.35645
244.56437  316.35566
244.55304  316.35488
244.5417  316.3541
244.53036  316.35332
244.51903  316.35254
244.50769  316.35177
244.49636  316.35099
244.48502  316.35022
244.47368  316.34945
244.46235  316.34868
244.45101  316.34791
244.43968  316.34714
244.42834  316.34638
244.417  316.34561
244.40567  316.34485
244.39433  316.34409
244.383  316.34333
244.37166  316.34257
244.36032  316.34182
244.34899  316.34106
244.33765  316.34031
244.32632  316.33956
244.31498  316.33881
244.30364  316.33806
244.29231  316.33732
244.28097  316.33657
244.26964  316.33583
244.2583  316.33509
244.24696  316.33435
244.23563  316.33361
244.22429  316.33287
244.21296  316.33214
244.20162  316.3314
244.19028  316.33067
244.17895  316.32994
244.16761  316.32921
244.15628  316.32848
244.14494  316.32776
244.1336  316.32703
244.12227  316.32631
244.11093  316.32559
244.0996  316.32487
244.08826  316.32415
244.07692  316.32343
244.06559  316.32271
244.05425  316.322
244.04291  316.32129
244.03158  316.32058
244.02024  316.31987
244.00891  316.31916
243.99757  316.31845
243.98623  316.31775
243.9749  316.31704
243.96356  316.31634
243.95223  316.31564
243.94089  316.31494
243.92955  316.31424
243.91822  316.31354
243.90688  316.31285
243.89555  316.31216
243.88421  316.31146
243.87287  316.31077
243.86154  316.31008
243.8502  316.30939
243.83887  316.30871
243.82753  316.30802
243.81619  316.30734
243.80486  316.30666
243.79352  316.30598
243.78219  316.3053
243.77085  316.30462
243.75951  316.30394
243.74818  316.30327
243.73684  316.30259
243.72551  316.30192
243.71417  316.30125
243.70283  316.30058
243.6915  316.29991
243.68016  316.29925
243.66883  316.29858
243.65749  316.29792
243.64615  316.29725
243.63482  316.29659
243.62348  316.29593
243.61215  316.29527
243.60081  316.29462
243.58947  316.29396
243.57814  316.29331
243.5668  316.29265
243.55547  316.292
243.54413  316.29135
243.53279  316.2907
243.52146  316.29005
243.51012  316.28941
243.49879  316.28876
243.48745  316.28812
243.47611  316.28748
243.46478  316.28684
243.45344  316.2862
243.44211  316.28556
243.43077  316.28492
243.41943  316.28429
243.4081  316.28365
243.39676  316.28302
243.38543  316.28239
243.37409  316.28176
243.36275  316.28113
243.35142  316.2805
243.34008  316.27987
243.32874  316.27925
243.31741  316.27862
243.30607  316.278
243.29474  316.27738
243.2834  316.27676
243.27206  316.27614
243.26073  316.27552
243.24939  316.27491
243.23806  316.27429
243.22672  316.27368
243.21538  316.27307
243.20405  316.27246
243.19271  316.27185
243.18138  316.27124
243.17004  316.27063
243.1587  316.27002
243.14737  316.26942
243.13603  316.26882
243.1247  316.26821
243.11336  316.26761
243.10202  316.26701
243.09069  316.26642
243.07935  316.26582
243.06802  316.26522
243.05668  316.26463
243.04534  316.26403
243.03401  316.26344
243.02267  316.26285
243.01134  316.26226
243  316.26167
242.98866  316.26108
242.97733  316.2605
242.96599  316.25991
242.95466  316.25933
242.94332  316.25875
242.93198  316.25817
242.92065  316.25759
242.90931  316.25701
242.89798  316.25643
242.88664  316.25585
242.8753  316.25528
242.86397  316.2547
242.85263  316.25413
242.8413  316.25356
242.82996  316.25299
242.81862  316.25242
242.80729  316.25185
242.79595  316.25128
242.78462  316.25072
242.77328  316.25015
242.76194  316.24959
242.75061  316.24903
242.73927  316.24846
242.72794  316.2479
242.7166  316.24735
242.70526  316.24679
242.69393  316.24623
242.68259  316.24568
242.67126  316.24512
242.65992  316.24457
242.64858  316.24402
242.63725  316.24346
242.62591  316.24292
242.61457  316.24237
242.60324  316.24182
242.5919  316.24127
242.58057  316.24073
242.56923  316.24018
242.55789  316.23964
242.54656  316.2391
242.53522  316.23856
242.52389  316.23802
242.51255  316.23748
242.50121  316.23694
242.48988  316.23641
242.47854  316.23587
242.46721  316.23534
242.45587  316.2348
242.44453  316.23427
242.4332  316.23374
242.42186  316.23321
242.41053  316.23268
242.39919  316.23216
242.38785  316.23163
242.37652  316.2311
242.36518  316.23058
242.35385  316.23006
242.34251  316.22954
242.33117  316.22901
242.31984  316.22849
242.3085  316.22798
242.29717  316.22746
242.28583  316.22694
242.27449  316.22643
242.26316  316.22591
242.25182  316.2254
242.24049  316.22489
242.22915  316.22437
242.21781  316.22386
242.20648  316.22335
242.19514  316.22285
242.18381  316.22234
242.17247  316.22183
242.16113  316.22133
242.1498  316.22082
242.13846  316.22032
242.12713  316.21982
242.11579  316.21932
242.10445  316.21882
242.09312  316.21832
242.08178  316.21782
242.07045  316.21733
242.05911  316.21683
242.04777  316.21634
242.03644  316.21584
242.0251  316.21535
242.01377  316.21486
242.00243  316.21437
241.99109  316.21388
241.97976  316.21339
241.96842  316.2129
241.95709  316.21241
241.94575  316.21193
241.93441  316.21144
241.92308  316.21096
241.91174  316.21048
241.9004  316.21
241.88907  316.20952
241.87773  316.20904
241.8664  316.20856
241.85506  316.20808
241.84372  316.2076
241.83239  316.20713
241.82105  316.20665
241.80972  316.20618
241.79838  316.20571
241.78704  316.20524
241.77571  316.20477
241.76437  316.2043
241.75304  316.20383
241.7417  316.20336
241.73036  316.20289
241.71903  316.20243
241.70769  316.20196
241.69636  316.2015
241.68502  316.20103
241.67368  316.20057
241.66235  316.20011
241.65101  316.19965
241.63968  316.19919
241.62834  316.19873
241.617  316.19828
241.60567  316.19782
241.59433  316.19736
241.583  316.19691
241.57166  316.19646
241.56032  316.196
241.54899  316.19555
241.53765  316.1951
241.52632  316.19465
241.51498  316.1942
241.50364  316.19375
241.49231  316.19331
241.48097  316.19286
241.46964  316.19242
241.4583  316.19197
241.44696  316.19153
241.43563  316.19109
241.42429  316.19064
241.41296  316.1902
241.40162  316.18976
241.39028  316.18933
241.37895  316.18889
241.36761  316.18845
241.35628  316.18801
241.34494  316.18758
241.3336  316.18714
241.32227  316.18671
241.31093  316.18628
241.2996  316.18585
241.28826  316.18542
241.27692  316.18499
241.26559  316.18456
241.25425  316.18413
241.24291  316.1837
241.23158  316.18328
241.22024  316.18285
241.20891  316.18243
241.19757  316.182
241.18623  316.18158
241.1749  316.18116
241.16356  316.18074
241.15223  316.18032
241.14089  316.1799
241.12955  316.17948
241.11822  316.17906
241.10688  316.17864
241.09555  316.17823
241.08421  316.17781
241.07287  316.1774
241.06154  316.17699
241.0502  316.17657
241.03887  316.17616
241.02753  316.17575
241.01619  316.17534
241.00486  316.17493
240.99352  316.17452
240.98219  316.17412
240.97085  316.17371
240.95951  316.1733
240.94818  316.1729
240.93684  316.1725
240.92551  316.17209
240.91417  316.17169
240.90283  316.17129
240.8915  316.17089
240.88016  316.17049
240.86883  316.17009
240.85749  316.16969
240.84615  316.16929
240.83482  316.1689
240.82348  316.1685
240.81215  316.16811
240.80081  316.16771
240.78947  316.16732
240.77814  316.16693
240.7668  316.16653
240.75547  316.16614
240.74413  316.16575
240.73279  316.16536
240.72146  316.16497
240.71012  316.16459
240.69879  316.1642
240.68745  316.16381
240.67611  316.16343
240.66478  316.16304
240.65344  316.16266
240.64211  316.16228
240.63077  316.1619
240.61943  316.16151
240.6081  316.16113
240.59676  316.16075
240.58543  316.16037
240.57409  316.16
240.56275  316.15962
240.55142  316.15924
240.54008  316.15887
240.52874  316.15849
240.51741  316.15812
240.50607  316.15774
240.49474  316.15737
240.4834  316.157
240.47206  316.15663
240.46073  316.15626
240.44939  316.15589
240.43806  316.15552
240.42672  316.15515
240.41538  316.15478
240.40405  316.15442
240.39271  316.15405
240.38138  316.15368
240.37004  316.15332
240.3587  316.15296
240.34737  316.15259
240.33603  316.15223
240.3247  316.15187
240.31336  316.15151
240.30202  316.15115
240.29069  316.15079
240.27935  316.15043
240.26802  316.15007
240.25668  316.14972
240.24534  316.14936
240.23401  316.149
240.22267  316.14865
240.21134  316.1483
240.2  316.14794
240.18866  316.14759
240.17733  316.14724
240.16599  316.14689
240.15466  316.14654
240.14332  316.14619
240.13198  316.14584
240.12065  316.14549
240.10931  316.14514
240.09798  316.14479
240.08664  316.14445
240.0753  316.1441
240.06397  316.14376
240.05263  316.14341
240.0413  316.14307
240.02996  316.14273
240.01862  316.14239
240.00729  316.14204
239.99595  316.1417
239.98462  316.14136
239.97328  316.14103
239.96194  316.14069
239.95061  316.14035
239.93927  316.14001
239.92794  316.13968
239.9166  316.13934
239.90526  316.13901
239.89393  316.13867
239.88259  316.13834
239.87126  316.138
239.85992  316.13767
239.84858  316.13734
239.83725  316.13701
239.82591  316.13668
239.81457  316.13635
239.80324  316.13602
239.7919  316.13569
239.78057  316.13537
239.76923  316.13504
239.75789  316.13471
239.74656  316.13439
239.73522  316.13406
239.72389  316.13374
239.71255  316.13342
239.70121  316.13309
239.68988  316.13277
239.67854  316.13245
239.66721  316.13213
239.65587  316.13181
239.64453  316.13149
239.6332  316.13117
239.62186  316.13085
239.61053  316.13053
239.59919  316.13022
239.58785  316.1299
239.57652  316.12959
239.56518  316.12927
239.55385  316.12896
239.54251  316.12864
239.53117  316.12833
239.51984  316.12802
239.5085  316.12771
239.49717  316.1274
239.48583  316.12709
239.47449  316.12678
239.46316  316.12647
239.45182  316.12616
239.44049  316.12585
239.42915  316.12554
239.41781  316.12524
239.40648  316.12493
239.39514  316.12463
239.38381  316.12432
239.37247  316.12402
239.36113  316.12371
239.3498  316.12341
239.33846  316.12311
239.32713  316.12281
239.31579  316.12251
239.30445  316.12221
239.29312  316.12191
239.28178  316.12161
239.27045  316.12131
239.25911  316.12101
239.24777  316.12071
239.23644  316.12042
239.2251  316.12012
239.21377  316.11983
239.20243  316.11953
239.19109  316.11924
239.17976  316.11894
239.16842  316.11865
239.15709  316.11836
239.14575  316.11807
239.13441  316.11777
239.12308  316.11748
239.11174  316.11719
239.1004  316.1169
239.08907  316.11662
239.07773  316.11633
239.0664  316.11604
239.05506  316.11575
239.04372  316.11547
239.03239  316.11518
239.02105  316.1149
239.00972  316.11461
238.99838  316.11433
238.98704  316.11404
238.97571  316.11376
238.96437  316.11348
238.95304  316.1132
238.9417  316.11292
238.93036  316.11264
238.91903  316.11236
238.90769  316.11208
238.89636  316.1118
238.88502  316.11152
238.87368  316.11124
238.86235  316.11096
238.85101  316.11069
238.83968  316.11041
238.82834  316.11014
238.817  316.10986
238.80567  316.10959
238.79433  316.10931
238.783  316.10904
238.77166  316.10877
238.76032  316.1085
238.74899  316.10822
238.73765  316.10795
238.72632  316.10768
238.71498  316.10741
238.70364  316.10714
238.69231  316.10688
238.68097  316.10661
238.66964  316.10634
238.6583  316.10607
238.64696  316.10581
238.63563  316.10554
238.62429  316.10527
238.61296  316.10501
238.60162  316.10475
238.59028  316.10448
238.57895  316.10422
238.56761  316.10396
238.55628  316.10369
238.54494  316.10343
238.5336  316.10317
238.52227  316.10291
238.51093  316.10265
238.4996  316.10239
238.48826  316.10213
238.47692  316.10187
238.46559  316.10162
238.45425  316.10136
238.44291  316.1011
238.43158  316.10085
238.42024  316.10059
238.40891  316.10034
238.39757  316.10008
238.38623  316.09983
238.3749  316.09957
238.36356  316.09932
238.35223  316.09907
238.34089  316.09881
238.32955  316.09856
238.31822  316.09831
238.30688  316.09806
238.29555  316.09781
238.28421  316.09756
238.27287  316.09731
238.26154  316.09706
238.2502  316.09682
238.23887  316.09657
238.22753  316.09632
238.21619  316.09608
238.20486  316.09583
238.19352  316.09558
238.18219  316.09534
238.17085  316.0951
238.15951  316.09485
238.14818  316.09461
238.13684  316.09437
238.12551  316.09412
238.11417  316.09388
238.10283  316.09364
238.0915  316.0934
238.08016  316.09316
238.06883  316.09292
238.05749  316.09268
238.04615  316.09244
238.03482  316.0922
238.02348  316.09196
238.01215  316.09173
238.00081  316.09149
237.98947  316.09125
237.97814  316.09102
237.9668  316.09078
237.95547  316.09055
237.94413  316.09031
237.93279  316.09008
237.92146  316.08984
237.91012  316.08961
237.89879  316.08938
237.88745  316.08915
237.87611  316.08892
237.86478  316.08868
237.85344  316.08845
237.84211  316.08822
237.83077  316.08799
237.81943  316.08776
237.8081  316.08754
237.79676  316.08731
237.78543  316.08708
237.77409  316.08685
237.76275  316.08662
237.75142  316.0864
237.74008  316.08617
237.72874  316.08595
237.71741  316.08572
237.70607  316.0855
237.69474  316.08527
237.6834  316.08505
237.67206  316.08483
237.66073  316.0846
237.64939  316.08438
237.63806  316.08416
237.62672  316.08394
237.61538  316.08372
237.60405  316.0835
237.59271  316.08328
237.58138  316.08306
237.57004  316.08284
237.5587  316.08262
237.54737  316.0824
237.53603  316.08218
237.5247  316.08197
237.51336  316.08175
237.50202  316.08153
237.49069  316.08132
237.47935  316.0811
237.46802  316.08089
237.45668  316.08067
237.44534  316.08046
237.43401  316.08024
237.42267  316.08003
237.41134  316.07982
237.4  316.07961
237.38866  316.07939
237.37733  316.07918
237.36599  316.07897
237.35466  316.07876
237.34332  316.07855
237.33198  316.07834
237.32065  316.07813
237.30931  316.07792
237.29798  316.07771
237.28664  316.0775
237.2753  316.0773
237.26397  316.07709
237.25263  316.07688
237.2413  316.07668
237.22996  316.07647
237.21862  316.07627
237.20729  316.07606
237.19595  316.07586
237.18462  316.07565
237.17328  316.07545
237.16194  316.07524
237.15061  316.07504
237.13927  316.07484
237.12794  316.07464
237.1166  316.07443
237.10526  316.07423
237.09393  316.07403
237.08259  316.07383
237.07126  316.07363
237.05992  316.07343
237.04858  316.07323
237.03725  316.07303
237.02591  316.07284
237.01457  316.07264
237.00324  316.07244
236.9919  316.07224
236.98057  316.07205
236.96923  316.07185
236.95789  316.07165
236.94656  316.07146
236.93522  316.07126
236.92389  316.07107
236.91255  316.07087
236.90121  316.07068
236.88988  316.07049
236.87854  316.07029
236.86721  316.0701
236.85587  316.06991
236.84453  316.06971
236.8332  316.06952
236.82186  316.06933
236.81053  316.06914
236.79919  316.06895
236.78785  316.06876
236.77652  316.06857
236.76518  316.06838
236.75385  316.06819
236.74251  316.068
236.73117  316.06782
236.71984  316.06763
236.7085  316.06744
236.69717  316.06725
236.68583  316.06707
236.67449  316.06688
236.66316  316.0667
236.65182  316.06651
236.64049  316.06633
236.62915  316.06614
236.61781  316.06596
236.60648  316.06577
236.59514  316.06559
236.58381  316.06541
236.57247  316.06522
236.56113  316.06504
236.5498  316.06486
236.53846  316.06468
236.52713  316.0645
236.51579  316.06432
236.50445  316.06413
236.49312  316.06395
236.48178  316.06378
236.47045  316.0636
236.45911  316.06342
236.44777  316.06324
236.43644  316.06306
236.4251  316.06288
236.41377  316.0627
236.40243  316.06253
236.39109  316.06235
236.37976  316.06217
236.36842  316.062
236.35709  316.06182
236.34575  316.06165
236.33441  316.06147
236.32308  316.0613
236.31174  316.06112
236.3004  316.06095
236.28907  316.06078
236.27773  316.0606
236.2664  316.06043
236.25506  316.06026
236.24372  316.06008
236.23239  316.05991
236.22105  316.05974
236.20972  316.05957
236.19838  316.0594
236.18704  316.05923
236.17571  316.05906
236.16437  316.05889
236.15304  316.05872
236.1417  316.05855
236.13036  316.05838
236.11903  316.05821
236.10769  316.05805
236.09636  316.05788
236.08502  316.05771
236.07368  316.05755
236.06235  316.05738
236.05101  316.05721
236.03968  316.05705
236.02834  316.05688
236.017  316.05672
236.00567  316.05655
235.99433  316.05639
235.983  316.05622
235.97166  316.05606
235.96032  316.0559
235.94899  316.05573
235.93765  316.05557
235.92632  316.05541
235.91498  316.05524
235.90364  316.05508
235.89231  316.05492
235.88097  316.05476
235.86964  316.0546
235.8583  316.05444
235.84696  316.05428
235.83563  316.05412
235.82429  316.05396
235.81296  316.0538
235.80162  316.05364
235.79028  316.05348
235.77895  316.05333
235.76761  316.05317
235.75628  316.05301
235.74494  316.05285
235.7336  316.0527
235.72227  316.05254
235.71093  316.05238
235.6996  316.05223
235.68826  316.05207
235.67692  316.05192
235.66559  316.05176
235.65425  316.05161
235.64291  316.05145
235.63158  316.0513
235.62024  316.05115
235.60891  316.05099
235.59757  316.05084
235.58623  316.05069
235.5749  316.05053
235.56356  316.05038
235.55223  316.05023
235.54089  316.05008
235.52955  316.04993
235.51822  316.04978
235.50688  316.04963
235.49555  316.04948
235.48421  316.04933
235.47287  316.04918
235.46154  316.04903
235.4502  316.04888
235.43887  316.04873
235.42753  316.04858
235.41619  316.04843
235.40486  316.04829
235.39352  316.04814
235.38219  316.04799
235.37085  316.04784
235.35951  316.0477
235.34818  316.04755
235.33684  316.04741
235.32551  316.04726
235.31417  316.04712
235.30283  316.04697
235.2915  316.04683
235.28016  316.04668
235.26883  316.04654
235.25749  316.04639
235.24615  316.04625
235.23482  316.04611
235.22348  316.04596
235.21215  316.04582
235.20081  316.04568
235.18947  316.04554
235.17814  316.0454
235.1668  316.04525
235.15547  316.04511
235.14413  316.04497
235.13279  316.04483
235.12146  316.04469
235.11012  316.04455
235.09879  316.04441
235.08745  316.04427
235.07611  316.04413
235.06478  316.04399
235.05344  316.04386
235.04211  316.04372
235.03077  316.04358
235.01943  316.04344
235.0081  316.0433
234.99676  316.04317
234.98543  316.04303
234.97409  316.04289
234.96275  316.04276
234.95142  316.04262
234.94008  316.04249
234.92874  316.04235
234.91741  316.04222
234.90607  316.04208
234.89474  316.04195
234.8834  316.04181
234.87206  316.04168
234.86073  316.04154
234.84939  316.04141
234.83806  316.04128
234.82672  316.04114
234.81538  316.04101
234.80405  316.04088
234.79271  316.04075
234.78138  316.04062
234.77004  316.04048
234.7587  316.04035
234.74737  316.04022
234.73603  316.04009
234.7247  316.03996
234.71336  316.03983
234.70202  316.0397
234.69069  316.03957
234.67935  316.03944
234.66802  316.03931
234.65668  316.03918
234.64534  316.03905
234.63401  316.03893
234.62267  316.0388
234.61134  316.03867
234.6  316.03854
234.58866  316.03842
234.57733  316.03829
234.56599  316.03816
234.55466  316.03804
234.54332  316.03791
234.53198  316.03778
234.52065  316.03766
234.50931  316.03753
234.49798  316.03741
234.48664  316.03728
234.4753  316.03716
234.46397  316.03703
234.45263  316.03691
234.4413  316.03679
234.42996  316.03666
234.41862  316.03654
234.40729  316.03642
234.39595  316.03629
234.38462  316.03617
234.37328  316.03605
234.36194  316.03593
234.35061  316.0358
234.33927  316.03568
234.32794  316.03556
234.3166  316.03544
234.30526  316.03532
234.29393  316.0352
234.28259  316.03508
234.27126  316.03496
234.25992  316.03484
234.24858  316.03472
234.23725  316.0346
234.22591  316.03448
234.21457  316.03436
234.20324  316.03424
234.1919  316.03412
234.18057  316.03401
234.16923  316.03389
234.15789  316.03377
234.14656  316.03365
234.13522  316.03354
234.12389  316.03342
234.11255  316.0333
234.10121  316.03319
234.08988  316.03307
234.07854  316.03295
234.06721  316.03284
234.05587  316.03272
234.04453  316.03261
234.0332  316.03249
234.02186  316.03238
234.01053  316.03226
233.99919  316.03215
233.98785  316.03204
233.97652  316.03192
233.96518  316.03181
233.95385  316.03169
233.94251  316.03158
233.93117  316.03147
233.91984  316.03136
233.9085  316.03124
233.89717  316.03113
233.88583  316.03102
233.87449  316.03091
233.86316  316.0308
233.85182  316.03069
233.84049  316.03057
233.82915  316.03046
233.81781  316.03035
233.80648  316.03024
233.79514  316.03013
233.78381  316.03002
233.77247  316.02991
233.76113  316.0298
233.7498  316.0297
233.73846  316.02959
233.72713  316.02948
233.71579  316.02937
233.70445  316.02926
233.69312  316.02915
233.68178  316.02904
233.67045  316.02894
233.65911  316.02883
233.64777  316.02872
233.63644  316.02862
233.6251  316.02851
233.61377  316.0284
233.60243  316.0283
233.59109  316.02819
233.57976  316.02808
233.56842  316.02798
233.55709  316.02787
233.54575  316.02777
233.53441  316.02766
233.52308  316.02756
233.51174  316.02745
233.5004  316.02735
233.48907  316.02725
233.47773  316.02714
233.4664  316.02704
233.45506  316.02694
233.44372  316.02683
233.43239  316.02673
233.42105  316.02663
233.40972  316.02652
233.39838  316.02642
233.38704  316.02632
233.37571  316.02622
233.36437  316.02612
233.35304  316.02601
233.3417  316.02591
233.33036  316.02581
233.31903  316.02571
233.30769  316.02561
233.29636  316.02551
233.28502  316.02541
233.27368  316.02531
233.26235  316.02521
233.25101  316.02511
233.23968  316.02501
233.22834  316.02491
233.217  316.02481
233.20567  316.02471
233.19433  316.02462
233.183  316.02452
233.17166  316.02442
233.16032  316.02432
233.14899  316.02422
233.13765  316.02413
233.12632  316.02403
233.11498  316.02393
233.10364  316.02383
233.09231  316.02374
233.08097  316.02364
233.06964  316.02355
233.0583  316.02345
233.04696  316.02335
233.03563  316.02326
233.02429  316.02316
233.01296  316.02307
233.00162  316.02297
232.99028  316.02288
232.97895  316.02278
232.96761  316.02269
232.95628  316.02259
232.94494  316.0225
232.9336  316.0224
232.92227  316.02231
232.91093  316.02222
232.8996  316.02212
232.88826  316.02203
232.87692  316.02194
232.86559  316.02185
232.85425  316.02175
232.84291  316.02166
232.83158  316.02157
232.82024  316.02148
232.80891  316.02138
232.79757  316.02129
232.78623  316.0212
232.7749  316.02111
232.76356  316.02102
232.75223  316.02093
232.74089  316.02084
232.72955  316.02075
232.71822  316.02066
232.70688  316.02057
232.69555  316.02048
232.68421  316.02039
232.67287  316.0203
232.66154  316.02021
232.6502  316.02012
232.63887  316.02003
232.62753  316.01994
232.61619  316.01985
232.60486  316.01976
232.59352  316.01968
232.58219  316.01959
232.57085  316.0195
232.55951  316.01941
232.54818  316.01932
232.53684  316.01924
232.52551  316.01915
232.51417  316.01906
232.50283  316.01898
232.4915  316.01889
232.48016  316.0188
232.46883  316.01872
232.45749  316.01863
232.44615  316.01854
232.43482  316.01846
232.42348  316.01837
232.41215  316.01829
232.40081  316.0182
232.38947  316.01812
232.37814  316.01803
232.3668  316.01795
232.35547  316.01786
232.34413  316.01778
232.33279  316.0177
232.32146  316.01761
232.31012  316.01753
232.29879  316.01744
232.28745  316.01736
232.27611  316.01728
232.26478  316.01719
232.25344  316.01711
232.24211  316.01703
232.23077  316.01695
232.21943  316.01686
232.2081  316.01678
232.19676  316.0167
232.18543  316.01662
232.17409  316.01654
232.16275  316.01645
232.15142  316.01637
232.14008  316.01629
232.12874  316.01621
232.11741  316.01613
232.10607  316.01605
232.09474  316.01597
232.0834  316.01589
232.07206  316.01581
232.06073  316.01573
232.04939  316.01565
232.03806  316.01557
232.02672  316.01549
232.01538  316.01541
232.00405  316.01533
231.99271  316.01525
231.98138  316.01517
231.97004  316.01509
231.9587  316.01502
231.94737  316.01494
231.93603  316.01486
231.9247  316.01478
231.91336  316.0147
231.90202  316.01463
231.89069  316.01455
231.87935  316.01447
231.86802  316.01439
231.85668  316.01432
231.84534  316.01424
231.83401  316.01416
231.82267  316.01409
231.81134  316.01401
231.8  316.01393
231.78866  316.01386
231.77733  316.01378
231.76599  316.01371
231.75466  316.01363
231.74332  316.01356
231.73198  316.01348
231.72065  316.01341
231.70931  316.01333
231.69798  316.01326
231.68664  316.01318
231.6753  316.01311
231.66397  316.01303
231.65263  316.01296
231.6413  316.01288
231.62996  316.01281
231.61862  316.01274
231.60729  316.01266
231.59595  316.01259
231.58462  316.01252
231.57328  316.01244
231.56194  316.01237
231.55061  316.0123
231.53927  316.01222
231.52794  316.01215
231.5166  316.01208
231.50526  316.01201
231.49393  316.01194
231.48259  316.01186
231.47126  316.01179
231.45992  316.01172
231.44858  316.01165
231.43725  316.01158
231.42591  316.01151
231.41457  316.01144
231.40324  316.01136
231.3919  316.01129
231.38057  316.01122
231.36923  316.01115
231.35789  316.01108
231.34656  316.01101
231.33522  316.01094
231.32389  316.01087
231.31255  316.0108
231.30121  316.01073
231.28988  316.01066
231.27854  316.0106
231.26721  316.01053
231.25587  316.01046
231.24453  316.01039
231.2332  316.01032
231.22186  316.01025
231.21053  316.01018
231.19919  316.01011
231.18785  316.01005
231.17652  316.00998
231.16518  316.00991
231.15385  316.00984
231.14251  316.00978
231.13117  316.00971
231.11984  316.00964
231.1085  316.00957
231.09717  316.00951
231.08583  316.00944
231.07449  316.00937
231.06316  316.00931
231.05182  316.00924
231.04049  316.00917
231.02915  316.00911
231.01781  316.00904
231.00648  316.00898
230.99514  316.00891
230.98381  316.00885
230.97247  316.00878
230.96113  316.00871
230.9498  316.00865
230.93846  316.00858
230.92713  316.00852
230.91579  316.00846
230.90445  316.00839
230.89312  316.00833
230.88178  316.00826
230.87045  316.0082
230.85911  316.00813
230.84777  316.00807
230.83644  316.00801
230.8251  316.00794
230.81377  316.00788
230.80243  316.00782
230.79109  316.00775
230.77976  316.00769
230.76842  316.00763
230.75709  316.00756
230.74575  316.0075
230.73441  316.00744
230.72308  316.00738
230.71174  316.00731
230.7004  316.00725
230.68907  316.00719
230.67773  316.00713
230.6664  316.00707
230.65506  316.007
230.64372  316.00694
230.63239  316.00688
230.62105  316.00682
230.60972  316.00676
230.59838  316.0067
230.58704  316.00664
230.57571  316.00658
230.56437  316.00652
230.55304  316.00645
230.5417  316.00639
230.53036  316.00633
230.51903  316.00627
230.50769  316.00621
230.49636  316.00615
230.48502  316.00609
230.47368  316.00604
230.46235  316.00598
230.45101  316.00592
230.43968  316.00586
230.42834  316.0058
230.417  316.00574
230.40567  316.00568
230.39433  316.00562
230.383  316.00556
230.37166  316.0055
230.36032  316.00545
230.34899  316.00539
230.33765  316.00533
230.32632  316.00527
230.31498  316.00521
230.30364  316.00516
230.29231  316.0051
230.28097  316.00504
230.26964  316.00498
230.2583  316.00493
230.24696  316.00487
230.23563  316.00481
230.22429  316.00476
230.21296  316.0047
230.20162  316.00464
230.19028  316.00459
230.17895  316.00453
230.16761  316.00447
230.15628  316.00442
230.14494  316.00436
230.1336  316.0043
230.12227  316.00425
230.11093  316.00419
230.0996  316.00414
230.08826  316.00408
230.07692  316.00403
230.06559  316.00397
230.05425  316.00392
230.04291  316.00386
230.03158  316.00381
230.02024  316.00375
230.00891  316.0037
229.99757  316.00364
229.98623  316.00359
229.9749  316.00353
229.96356  316.00348
229.95223  316.00343
229.94089  316.00337
229.92955  316.00332
229.91822  316.00326
229.90688  316.00321
229.89555  316.00316
229.88421  316.0031
229.87287  316.00305
229.86154  316.003
229.8502  316.00294
229.83887  316.00289
229.82753  316.00284
229.81619  316.00279
229.80486  316.00273
229.79352  316.00268
229.78219  316.00263
229.77085  316.00258
229.75951  316.00252
229.74818  316.00247
229.73684  316.00242
229.72551  316.00237
229.71417  316.00232
229.70283  316.00226
229.6915  316.00221
229.68016  316.00216
229.66883  316.00211
229.65749  316.00206
229.64615  316.00201
229.63482  316.00196
229.62348  316.00191
229.61215  316.00186
229.60081  316.0018
229.58947  316.00175
229.57814  316.0017
229.5668  316.00165
229.55547  316.0016
229.54413  316.00155
229.53279  316.0015
229.52146  316.00145
229.51012  316.0014
229.49879  316.00135
229.48745  316.0013
229.47611  316.00125
229.46478  316.00121
229.45344  316.00116
229.44211  316.00111
229.43077  316.00106
229.41943  316.00101
229.4081  316.00096
229.39676  316.00091
229.38543  316.00086
229.37409  316.00081
229.36275  316.00077
229.35142  316.00072
229.34008  316.00067
229.32874  316.00062
229.31741  316.00057
229.30607  316.00053
229.29474  316.00048
229.2834  316.00043
229.27206  316.00038
229.26073  316.00033
229.24939  316.00029
229.23806  316.00024
229.22672  316.00019
229.21538  316.00015
229.20405  316.0001
229.19271  316.00005
229.18138  316.00001
229.17004  315.99996
229.1587  315.99991
229.14737  315.99987
229.13603  315.99982
229.1247  315.99977
229.11336  315.99973
229.10202  315.99968
229.09069  315.99963
229.07935  315.99959
229.06802  315.99954
229.05668  315.9995
229.04534  315.99945
229.03401  315.99941
229.02267  315.99936
229.01134  315.99932
229  315.99927
228.98866  315.99922
228.97733  315.99918
228.96599  315.99913
228.95466  315.99909
228.94332  315.99905
228.93198  315.999
228.92065  315.99896
228.90931  315.99891
228.89798  315.99887
228.88664  315.99882
228.8753  315.99878
228.86397  315.99873
228.85263  315.99869
228.8413  315.99865
228.82996  315.9986
228.81862  315.99856
228.80729  315.99852
228.79595  315.99847
228.78462  315.99843
228.77328  315.99839
228.76194  315.99834
228.75061  315.9983
228.73927  315.99826
228.72794  315.99821
228.7166  315.99817
228.70526  315.99813
228.69393  315.99808
228.68259  315.99804
228.67126  315.998
228.65992  315.99796
228.64858  315.99792
228.63725  315.99787
228.62591  315.99783
228.61457  315.99779
228.60324  315.99775
228.5919  315.9977
228.58057  315.99766
228.56923  315.99762
228.55789  315.99758
228.54656  315.99754
228.53522  315.9975
228.52389  315.99746
228.51255  315.99741
228.50121  315.99737
228.48988  315.99733
228.47854  315.99729
228.46721  315.99725
228.45587  315.99721
228.44453  315.99717
228.4332  315.99713
228.42186  315.99709
228.41053  315.99705
228.39919  315.99701
228.38785  315.99697
228.37652  315.99693
228.36518  315.99689
228.35385  315.99685
228.34251  315.99681
228.33117  315.99677
228.31984  315.99673
228.3085  315.99669
228.29717  315.99665
228.28583  315.99661
228.27449  315.99657
228.26316  315.99653
228.25182  315.99649
228.24049  315.99645
228.22915  315.99641
228.21781  315.99637
228.20648  315.99633
228.19514  315.99629
228.18381  315.99626
228.17247  315.99622
228.16113  315.99618
228.1498  315.99614
228.13846  315.9961
228.12713  315.99606
228.11579  315.99603
228.10445  315.99599
228.09312  315.99595
228.08178  315.99591
228.07045  315.99587
228.05911  315.99584
228.04777  315.9958
228.03644  315.99576
228.0251  315.99572
228.01377  315.99568
228.00243  315.99565
227.99109  315.99561
227.97976  315.99557
227.96842  315.99554
227.95709  315.9955
227.94575  315.99546
227.93441  315.99542
227.92308  315.99539
227.91174  315.99535
227.9004  315.99531
227.88907  315.99528
227.87773  315.99524
227.8664  315.9952
227.85506  315.99517
227.84372  315.99513
227.83239  315.9951
227.82105  315.99506
227.80972  315.99502
227.79838  315.99499
227.78704  315.99495
227.77571  315.99492
227.76437  315.99488
227.75304  315.99484
227.7417  315.99481
227.73036  315.99477
227.71903  315.99474
227.70769  315.9947
227.69636  315.99467
227.68502  315.99463
227.67368  315.9946
227.66235  315.99456
227.65101  315.99453
227.63968  315.99449
227.62834  315.99446
227.617  315.99442
227.60567  315.99439
227.59433  315.99435
227.583  315.99432
227.57166  315.99428
227.56032  315.99425
227.54899  315.99421
227.53765  315.99418
227.52632  315.99415
227.51498  315.99411
227.50364  315.99408
227.49231  315.99404
227.48097  315.99401
227.46964  315.99398
227.4583  315.99394
227.44696  315.99391
227.43563  315.99388
227.42429  315.99384
227.41296  315.99381
227.40162  315.99378
227.39028  315.99374
227.37895  315.99371
227.36761  315.99368
227.35628  315.99364
227.34494  315.99361
227.3336  315.99358
227.32227  315.99354
227.31093  315.99351
227.2996  315.99348
227.28826  315.99345
227.27692  315.99341
227.26559  315.99338
227.25425  315.99335
227.24291  315.99332
227.23158  315.99328
227.22024  315.99325
227.20891  315.99322
227.19757  315.99319
227.18623  315.99316
227.1749  315.99312
227.16356  315.99309
227.15223  315.99306
227.14089  315.99303
227.12955  315.993
227.11822  315.99296
227.10688  315.99293
227.09555  315.9929
227.08421  315.99287
227.07287  315.99284
227.06154  315.99281
227.0502  315.99278
227.03887  315.99275
227.02753  315.99271
227.01619  315.99268
227.00486  315.99265
226.99352  315.99262
226.98219  315.99259
226.97085  315.99256
226.95951  315.99253
226.94818  315.9925
226.93684  315.99247
226.92551  315.99244
226.91417  315.99241
226.90283  315.99238
226.8915  315.99235
226.88016  315.99232
226.86883  315.99229
226.85749  315.99226
226.84615  315.99223
226.83482  315.9922
226.82348  315.99217
226.81215  315.99214
226.80081  315.99211
226.78947  315.99208
226.77814  315.99205
226.7668  315.99202
226.75547  315.99199
226.74413  315.99196
226.73279  315.99193
226.72146  315.9919
226.71012  315.99187
226.69879  315.99184
226.68745  315.99181
226.67611  315.99178
226.66478  315.99176
226.65344  315.99173
226.64211  315.9917
226.63077  315.99167
226.61943  315.99164
226.6081  315.99161
226.59676  315.99158
226.58543  315.99155
226.57409  315.99153
226.56275  315.9915
226.55142  315.99147
226.54008  315.99144
226.52874  315.99141
226.51741  315.99139
226.50607  315.99136
226.49474  315.99133
226.4834  315.9913
226.47206  315.99127
226.46073  315.99125
226.44939  315.99122
226.43806  315.99119
226.42672  315.99116
226.41538  315.99113
226.40405  315.99111
226.39271  315.99108
226.38138  315.99105
226.37004  315.99103
226.3587  315.991
226.34737  315.99097
226.33603  315.99094
226.3247  315.99092
226.31336  315.99089
226.30202  315.99086
226.29069  315.99084
226.27935  315.99081
226.26802  315.99078
226.25668  315.99076
226.24534  315.99073
226.23401  315.9907
226.22267  315.99068
226.21134  315.99065
226.2  315.99062
226.18866  315.9906
226.17733  315.99057
226.16599  315.99054
226.15466  315.99052
226.14332  315.99049
226.13198  315.99047
226.12065  315.99044
226.10931  315.99041
226.09798  315.99039
226.08664  315.99036
226.0753  315.99034
226.06397  315.99031
226.05263  315.99028
226.0413  315.99026
226.02996  315.99023
226.01862  315.99021
226.00729  315.99018
225.99595  315.99016
225.98462  315.99013
225.97328  315.99011
225.96194  315.99008
225.95061  315.99006
225.93927  315.99003
225.92794  315.99001
225.9166  315.98998
225.90526  315.98996
225.89393  315.98993
225.88259  315.98991
225.87126  315.98988
225.85992  315.98986
225.84858  315.98983
225.83725  315.98981
225.82591  315.98978
225.81457  315.98976
225.80324  315.98973
225.7919  315.98971
225.78057  315.98968
225.76923  315.98966
225.75789  315.98964
225.74656  315.98961
225.73522  315.98959
225.72389  315.98956
225.71255  315.98954
225.70121  315.98952
225.68988  315.98949
225.67854  315.98947
225.66721  315.98944
225.65587  315.98942
225.64453  315.9894
225.6332  315.98937
225.62186  315.98935
225.61053  315.98933
225.59919  315.9893
225.58785  315.98928
225.57652  315.98926
225.56518  315.98923
225.55385  315.98921
225.54251  315.98919
225.53117  315.98916
225.51984  315.98914
225.5085  315.98912
225.49717  315.98909
225.48583  315.98907
225.47449  315.98905
225.46316  315.98903
225.45182  315.989
225.44049  315.98898
225.42915  315.98896
225.41781  315.98893
225.40648  315.98891
225.39514  315.98889
225.38381  315.98887
225.37247  315.98884
225.36113  315.98882
225.3498  315.9888
225.33846  315.98878
225.32713  315.98875
225.31579  315.98873
225.30445  315.98871
225.29312  315.98869
225.28178  315.98867
225.27045  315.98864
225.25911  315.98862
225.24777  315.9886
225.23644  315.98858
225.2251  315.98856
225.21377  315.98854
225.20243  315.98851
225.19109  315.98849
225.17976  315.98847
225.16842  315.98845
225.15709  315.98843
225.14575  315.98841
225.13441  315.98838
225.12308  315.98836
225.11174  315.98834
225.1004  315.98832
225.08907  315.9883
225.07773  315.98828
225.0664  315.98826
225.05506  315.98824
225.04372  315.98821
225.03239  315.98819
225.02105  315.98817
225.00972  315.98815
224.99838  315.98813
224.98704  315.98811
224.97571  315.98809
224.96437  315.98807
224.95304  315.98805
224.9417  315.98803
224.93036  315.98801
224.91903  315.98799
224.90769  315.98797
224.89636  315.98795
224.88502  315.98793
224.87368  315.98791
224.86235  315.98788
224.85101  315.98786
224.83968  315.98784
224.82834  315.98782
224.817  315.9878
224.80567  315.98778
224.79433  315.98776
224.783  315.98774
224.77166  315.98772
224.76032  315.9877
224.74899  315.98768
224.73765  315.98766
224.72632  315.98765
224.71498  315.98763
224.70364  315.98761
224.69231  315.98759
224.68097  315.98757
224.66964  315.98755
224.6583  315.98753
224.64696  315.98751
224.63563  315.98749
224.62429  315.98747
224.61296  315.98745
224.60162  315.98743
224.59028  315.98741
224.57895  315.98739
224.56761  315.98737
224.55628  315.98735
224.54494  315.98734
224.5336  315.98732
224.52227  315.9873
224.51093  315.98728
224.4996  315.98726
224.48826  315.98724
224.47692  315.98722
224.46559  315.9872
224.45425  315.98719
224.44291  315.98717
224.43158  315.98715
224.42024  315.98713
224.40891  315.98711
224.39757  315.98709
224.38623  315.98707
224.3749  315.98706
224.36356  315.98704
224.35223  315.98702
224.34089  315.987
224.32955  315.98698
224.31822  315.98696
224.30688  315.98695
224.29555  315.98693
224.28421  315.98691
224.27287  315.98689
224.26154  315.98687
224.2502  315.98686
224.23887  315.98684
224.22753  315.98682
224.21619  315.9868
224.20486  315.98679
224.19352  315.98677
224.18219  315.98675
224.17085  315.98673
224.15951  315.98672
224.14818  315.9867
224.13684  315.98668
224.12551  315.98666
224.11417  315.98665
224.10283  315.98663
224.0915  315.98661
224.08016  315.98659
224.06883  315.98658
224.05749  315.98656
224.04615  315.98654
224.03482  315.98652
224.02348  315.98651
224.01215  315.98649
224.00081  315.98647
223.98947  315.98646
223.97814  315.98644
223.9668  315.98642
223.95547  315.98641
223.94413  315.98639
223.93279  315.98637
223.92146  315.98636
223.91012  315.98634
223.89879  315.98632
223.88745  315.98631
223.87611  315.98629
223.86478  315.98627
223.85344  315.98626
223.84211  315.98624
223.83077  315.98622
223.81943  315.98621
223.8081  315.98619
223.79676  315.98617
223.78543  315.98616
223.77409  315.98614
223.76275  315.98613
223.75142  315.98611
223.74008  315.98609
223.72874  315.98608
223.71741  315.98606
223.70607  315.98605
223.69474  315.98603
223.6834  315.98601
223.67206  315.986
223.66073  315.98598
223.64939  315.98597
223.63806  315.98595
223.62672  315.98593
223.61538  315.98592
223.60405  315.9859
223.59271  315.98589
223.58138  315.98587
223.57004  315.98586
223.5587  315.98584
223.54737  315.98583
223.53603  315.98581
223.5247  315.98579
223.51336  315.98578
223.50202  315.98576
223.49069  315.98575
223.47935  315.98573
223.46802  315.98572
223.45668  315.9857
223.44534  315.98569
223.43401  315.98567
223.42267  315.98566
223.41134  315.98564
223.4  315.98563
223.38866  315.98561
223.37733  315.9856
223.36599  315.98558
223.35466  315.98557
223.34332  315.98555
223.33198  315.98554
223.32065  315.98552
223.30931  315.98551
223.29798  315.98549
223.28664  315.98548
223.2753  315.98547
223.26397  315.98545
223.25263  315.98544
223.2413  315.98542
223.22996  315.98541
223.21862  315.98539
223.20729  315.98538
223.19595  315.98536
223.18462  315.98535
223.17328  315.98534
223.16194  315.98532
223.15061  315.98531
223.13927  315.98529
223.12794  315.98528
223.1166  315.98526
223.10526  315.98525
223.09393  315.98524
223.08259  315.98522
223.07126  315.98521
223.05992  315.98519
223.04858  315.98518
223.03725  315.98517
223.02591  315.98515
223.01457  315.98514
223.00324  315.98513
222.9919  315.98511
222.98057  315.9851
222.96923  315.98508
222.95789  315.98507
222.94656  315.98506
222.93522  315.98504
222.92389  315.98503
222.91255  315.98502
222.90121  315.985
222.88988  315.98499
222.87854  315.98498
222.86721  315.98496
222.85587  315.98495
222.84453  315.98494
222.8332  315.98492
222.82186  315.98491
222.81053  315.9849
222.79919  315.98488
222.78785  315.98487
222.77652  315.98486
222.76518  315.98484
222.75385  315.98483
222.74251  315.98482
222.73117  315.98481
222.71984  315.98479
222.7085  315.98478
222.69717  315.98477
222.68583  315.98475
222.67449  315.98474
222.66316  315.98473
222.65182  315.98472
222.64049  315.9847
222.62915  315.98469
222.61781  315.98468
222.60648  315.98466
222.59514  315.98465
222.58381  315.98464
222.57247  315.98463
222.56113  315.98461
222.5498  315.9846
222.53846  315.98459
222.52713  315.98458
222.51579  315.98456
222.50445  315.98455
222.49312  315.98454
222.48178  315.98453
222.47045  315.98452
222.45911  315.9845
222.44777  315.98449
222.43644  315.98448
222.4251  315.98447
222.41377  315.98445
222.40243  315.98444
222.39109  315.98443
222.37976  315.98442
222.36842  315.98441
222.35709  315.98439
222.34575  315.98438
222.33441  315.98437
222.32308  315.98436
222.31174  315.98435
222.3004  315.98434
222.28907  315.98432
222.27773  315.98431
222.2664  315.9843
222.25506  315.98429
222.24372  315.98428
222.23239  315.98426
222.22105  315.98425
222.20972  315.98424
222.19838  315.98423
222.18704  315.98422
222.17571  315.98421
222.16437  315.9842
222.15304  315.98418
222.1417  315.98417
222.13036  315.98416
222.11903  315.98415
222.10769  315.98414
222.09636  315.98413
222.08502  315.98412
222.07368  315.98411
222.06235  315.98409
222.05101  315.98408
222.03968  315.98407
222.02834  315.98406
222.017  315.98405
222.00567  315.98404
221.99433  315.98403
221.983  315.98402
221.97166  315.98401
221.96032  315.98399
221.94899  315.98398
221.93765  315.98397
221.92632  315.98396
221.91498  315.98395
221.90364  315.98394
221.89231  315.98393
221.88097  315.98392
221.86964  315.98391
221.8583  315.9839
221.84696  315.98389
221.83563  315.98388
221.82429  315.98387
221.81296  315.98385
221.80162  315.98384
221.79028  315.98383
221.77895  315.98382
221.76761  315.98381
221.75628  315.9838
221.74494  315.98379
221.7336  315.98378
221.72227  315.98377
221.71093  315.98376
221.6996  315.98375
221.68826  315.98374
221.67692  315.98373
221.66559  315.98372
221.65425  315.98371
221.64291  315.9837
221.63158  315.98369
221.62024  315.98368
221.60891  315.98367
221.59757  315.98366
221.58623  315.98365
221.5749  315.98364
221.56356  315.98363
221.55223  315.98362
221.54089  315.98361
221.52955  315.9836
221.51822  315.98359
221.50688  315.98358
221.49555  315.98357
221.48421  315.98356
221.47287  315.98355
221.46154  315.98354
221.4502  315.98353
221.43887  315.98352
221.42753  315.98351
221.41619  315.9835
221.40486  315.98349
221.39352  315.98348
221.38219  315.98347
221.37085  315.98346
221.35951  315.98345
221.34818  315.98344
221.33684  315.98344
221.32551  315.98343
221.31417  315.98342
221.30283  315.98341
221.2915  315.9834
221.28016  315.98339
221.26883  315.98338
221.25749  315.98337
221.24615  315.98336
221.23482  315.98335
221.22348  315.98334
221.21215  315.98333
221.20081  315.98332
221.18947  315.98331
221.17814  315.98331
221.1668  315.9833
221.15547  315.98329
221.14413  315.98328
221.13279  315.98327
221.12146  315.98326
221.11012  315.98325
221.09879  315.98324
221.08745  315.98323
221.07611  315.98322
221.06478  315.98322
221.05344  315.98321
221.04211  315.9832
221.03077  315.98319
221.01943  315.98318
221.0081  315.98317
220.99676  315.98316
220.98543  315.98315
220.97409  315.98315
220.96275  315.98314
220.95142  315.98313
220.94008  315.98312
220.92874  315.98311
220.91741  315.9831
220.90607  315.98309
220.89474  315.98309
220.8834  315.98308
220.87206  315.98307
220.86073  315.98306
220.84939  315.98305
220.83806  315.98304
220.82672  315.98304
220.81538  315.98303
220.80405  315.98302
220.79271  315.98301
220.78138  315.983
220.77004  315.98299
220.7587  315.98299
220.74737  315.98298
220.73603  315.98297
220.7247  315.98296
220.71336  315.98295
220.70202  315.98294
220.69069  315.98294
220.67935  315.98293
220.66802  315.98292
220.65668  315.98291
220.64534  315.9829
220.63401  315.9829
220.62267  315.98289
220.61134  315.98288
220.6  315.98287
220.58866  315.98286
220.57733  315.98286
220.56599  315.98285
220.55466  315.98284
220.54332  315.98283
220.53198  315.98283
220.52065  315.98282
220.50931  315.98281
220.49798  315.9828
220.48664  315.9828
220.4753  315.98279
220.46397  315.98278
220.45263  315.98277
220.4413  315.98276
220.42996  315.98276
220.41862  315.98275
220.40729  315.98274
220.39595  315.98273
220.38462  315.98273
220.37328  315.98272
220.36194  315.98271
220.35061  315.9827
220.33927  315.9827
220.32794  315.98269
220.3166  315.98268
220.30526  315.98268
220.29393  315.98267
220.28259  315.98266
220.27126  315.98265
220.25992  315.98265
220.24858  315.98264
220.23725  315.98263
220.22591  315.98262
220.21457  315.98262
220.20324  315.98261
220.1919  315.9826
220.18057  315.9826
220.16923  315.98259
220.15789  315.98258
220.14656  315.98258
220.13522  315.98257
220.12389  315.98256
220.11255  315.98255
220.10121  315.98255
220.08988  315.98254
220.07854  315.98253
220.06721  315.98253
220.05587  315.98252
220.04453  315.98251
220.0332  315.98251
220.02186  315.9825
220.01053  315.98249
219.99919  315.98249
219.98785  315.98248
219.97652  315.98247
219.96518  315.98247
219.95385  315.98246
219.94251  315.98245
219.93117  315.98245
219.91984  315.98244
219.9085  315.98243
219.89717  315.98243
219.88583  315.98242
219.87449  315.98241
219.86316  315.98241
219.85182  315.9824
219.84049  315.98239
219.82915  315.98239
219.81781  315.98238
219.80648  315.98237
219.79514  315.98237
219.78381  315.98236
219.77247  315.98236
219.76113  315.98235
219.7498  315.98234
219.73846  315.98234
219.72713  315.98233
219.71579  315.98232
219.70445  315.98232
219.69312  315.98231
219.68178  315.9823
219.67045  315.9823
219.65911  315.98229
219.64777  315.98229
219.63644  315.98228
219.6251  315.98227
219.61377  315.98227
219.60243  315.98226
219.59109  315.98226
219.57976  315.98225
219.56842  315.98224
219.55709  315.98224
219.54575  315.98223
219.53441  315.98223
219.52308  315.98222
219.51174  315.98221
219.5004  315.98221
219.48907  315.9822
219.47773  315.9822
219.4664  315.98219
219.45506  315.98219
219.44372  315.98218
219.43239  315.98217
219.42105  315.98217
219.40972  315.98216
219.39838  315.98216
219.38704  315.98215
219.37571  315.98215
219.36437  315.98214
219.35304  315.98213
219.3417  315.98213
219.33036  315.98212
219.31903  315.98212
219.30769  315.98211
219.29636  315.98211
219.28502  315.9821
219.27368  315.9821
219.26235  315.98209
219.25101  315.98208
219.23968  315.98208
219.22834  315.98207
219.217  315.98207
219.20567  315.98206
219.19433  315.98206
219.183  315.98205
219.17166  315.98205
219.16032  315.98204
219.14899  315.98204
219.13765  315.98203
219.12632  315.98203
219.11498  315.98202
219.10364  315.98202
219.09231  315.98201
219.08097  315.982
219.06964  315.982
219.0583  315.98199
219.04696  315.98199
219.03563  315.98198
219.02429  315.98198
219.01296  315.98197
219.00162  315.98197
218.99028  315.98196
218.97895  315.98196
218.96761  315.98195
218.95628  315.98195
218.94494  315.98194
218.9336  315.98194
218.92227  315.98193
218.91093  315.98193
218.8996  315.98192
218.88826  315.98192
218.87692  315.98191
218.86559  315.98191
218.85425  315.9819
218.84291  315.9819
218.83158  315.9819
218.82024  315.98189
218.80891  315.98189
218.79757  315.98188
218.78623  315.98188
218.7749  315.98187
218.76356  315.98187
218.75223  315.98186
218.74089  315.98186
218.72955  315.98185
218.71822  315.98185
218.70688  315.98184
218.69555  315.98184
218.68421  315.98183
218.67287  315.98183
218.66154  315.98183
218.6502  315.98182
218.63887  315.98182
218.62753  315.98181
218.61619  315.98181
218.60486  315.9818
218.59352  315.9818
218.58219  315.98179
218.57085  315.98179
218.55951  315.98179
218.54818  315.98178
218.53684  315.98178
218.52551  315.98177
218.51417  315.98177
218.50283  315.98176
218.4915  315.98176
218.48016  315.98176
218.46883  315.98175
218.45749  315.98175
218.44615  315.98174
218.43482  315.98174
218.42348  315.98173
218.41215  315.98173
218.40081  315.98173
218.38947  315.98172
218.37814  315.98172
218.3668  315.98171
218.35547  315.98171
218.34413  315.98171
218.33279  315.9817
218.32146  315.9817
218.31012  315.98169
218.29879  315.98169
218.28745  315.98169
218.27611  315.98168
218.26478  315.98168
218.25344  315.98167
218.24211  315.98167
218.23077  315.98167
218.21943  315.98166
218.2081  315.98166
218.19676  315.98165
218.18543  315.98165
218.17409  315.98165
218.16275  315.98164
218.15142  315.98164
218.14008  315.98163
218.12874  315.98163
218.11741  315.98163
218.10607  315.98162
218.09474  315.98162
218.0834  315.98162
218.07206  315.98161
218.06073  315.98161
218.04939  315.98161
218.03806  315.9816
218.02672  315.9816
218.01538  315.98159
218.00405  315.98159
217.99271  315.98159
217.98138  315.98158
217.97004  315.98158
217.9587  315.98158
217.94737  315.98157
217.93603  315.98157
217.9247  315.98157
217.91336  315.98156
217.90202  315.98156
217.89069  315.98156
217.87935  315.98155
217.86802  315.98155
217.85668  315.98155
217.84534  315.98154
217.83401  315.98154
217.82267  315.98154
217.81134  315.98153
217.8  315.98153
217.78866  315.98153
217.77733  315.98152
217.76599  315.98152
217.75466  315.98152
217.74332  315.98151
217.73198  315.98151
217.72065  315.98151
217.70931  315.9815
217.69798  315.9815
217.68664  315.9815
217.6753  315.98149
217.66397  315.98149
217.65263  315.98149
217.6413  315.98148
217.62996  315.98148
217.61862  315.98148
217.60729  315.98148
217.59595  315.98147
217.58462  315.98147
217.57328  315.98147
217.56194  315.98146
217.55061  315.98146
217.53927  315.98146
217.52794  315.98145
217.5166  315.98145
217.50526  315.98145
217.49393  315.98145
217.48259  315.98144
217.47126  315.98144
217.45992  315.98144
217.44858  315.98143
217.43725  315.98143
217.42591  315.98143
217.41457  315.98143
217.40324  315.98142
217.3919  315.98142
217.38057  315.98142
217.36923  315.98141
217.35789  315.98141
217.34656  315.98141
217.33522  315.98141
217.32389  315.9814
217.31255  315.9814
217.30121  315.9814
217.28988  315.9814
217.27854  315.98139
217.26721  315.98139
217.25587  315.98139
217.24453  315.98139
217.2332  315.98138
217.22186  315.98138
217.21053  315.98138
217.19919  315.98138
217.18785  315.98137
217.17652  315.98137
217.16518  315.98137
217.15385  315.98137
217.14251  315.98136
217.13117  315.98136
217.11984  315.98136
217.1085  315.98136
217.09717  315.98135
217.08583  315.98135
217.07449  315.98135
217.06316  315.98135
217.05182  315.98134
217.04049  315.98134
217.02915  315.98134
217.01781  315.98134
217.00648  315.98133
216.99514  315.98133
216.98381  315.98133
216.97247  315.98133
216.96113  315.98133
216.9498  315.98132
216.93846  315.98132
216.92713  315.98132
216.91579  315.98132
216.90445  315.98131
216.89312  315.98131
216.88178  315.98131
216.87045  315.98131
216.85911  315.98131
216.84777  315.9813
216.83644  315.9813
216.8251  315.9813
216.81377  315.9813
216.80243  315.9813
216.79109  315.98129
216.77976  315.98129
216.76842  315.98129
216.75709  315.98129
216.74575  315.98129
216.73441  315.98128
216.72308  315.98128
216.71174  315.98128
216.7004  315.98128
216.68907  315.98128
216.67773  315.98127
216.6664  315.98127
216.65506  315.98127
216.64372  315.98127
216.63239  315.98127
216.62105  315.98127
216.60972  315.98126
216.59838  315.98126
216.58704  315.98126
216.57571  315.98126
216.56437  315.98126
216.55304  315.98125
216.5417  315.98125
216.53036  315.98125
216.51903  315.98125
216.50769  315.98125
216.49636  315.98125
216.48502  315.98124
216.47368  315.98124
216.46235  315.98124
216.45101  315.98124
216.43968  315.98124
216.42834  315.98124
216.417  315.98123
216.40567  315.98123
216.39433  315.98123
216.383  315.98123
216.37166  315.98123
216.36032  315.98123
216.34899  315.98123
216.33765  315.98122
216.32632  315.98122
216.31498  315.98122
216.30364  315.98122
216.29231  315.98122
216.28097  315.98122
216.26964  315.98122
216.2583  315.98121
216.24696  315.98121
216.23563  315.98121
216.22429  315.98121
216.21296  315.98121
216.20162  315.98121
216.19028  315.98121
216.17895  315.9812
216.16761  315.9812
216.15628  315.9812
216.14494  315.9812
216.1336  315.9812
216.12227  315.9812
216.11093  315.9812
216.0996  315.9812
216.08826  315.98119
216.07692  315.98119
216.06559  315.98119
216.05425  315.98119
216.04291  315.98119
216.03158  315.98119
216.02024  315.98119
216.00891  315.98119
215.99757  315.98119
215.98623  315.98118
215.9749  315.98118
215.96356  315.98118
215.95223  315.98118
215.94089  315.98118
215.92955  315.98118
215.91822  315.98118
215.90688  315.98118
215.89555  315.98118
215.88421  315.98118
215.87287  315.98117
215.86154  315.98117
215.8502  315.98117
215.83887  315.98117
215.82753  315.98117
215.81619  315.98117
215.80486  315.98117
215.79352  315.98117
215.78219  315.98117
215.77085  315.98117
215.75951  315.98117
215.74818  315.98116
215.73684  315.98116
215.72551  315.98116
215.71417  315.98116
215.70283  315.98116
215.6915  315.98116
215.68016  315.98116
215.66883  315.98116
215.65749  315.98116
215.64615  315.98116
215.63482  315.98116
215.62348  315.98116
215.61215  315.98116
215.60081  315.98116
215.58947  315.98115
215.57814  315.98115
215.5668  315.98115
215.55547  315.98115
215.54413  315.98115
215.53279  315.98115
215.52146  315.98115
215.51012  315.98115
215.49879  315.98115
215.48745  315.98115
215.47611  315.98115
215.46478  315.98115
215.45344  315.98115
215.44211  315.98115
215.43077  315.98115
215.41943  315.98115
215.4081  315.98115
215.39676  315.98115
215.38543  315.98115
215.37409  315.98114
215.36275  315.98114
215.35142  315.98114
215.34008  315.98114
215.32874  315.98114
215.31741  315.98114
215.30607  315.98114
215.29474  315.98114
215.2834  315.98114
215.27206  315.98114
215.26073  315.98114
215.24939  315.98114
215.23806  315.98114
215.22672  315.98114
215.21538  315.98114
215.20405  315.98114
215.19271  315.98114
215.18138  315.98114
215.17004  315.98114
215.1587  315.98114
215.14737  315.98114
215.13603  315.98114
215.1247  315.98114
215.11336  315.98114
215.10202  315.98114
215.09069  315.98114
215.07935  315.98114
215.06802  315.98114
215.05668  315.98114
215.04534  315.98114
215.03401  315.98114
215.02267  315.98114
215.01134  315.98114
215  315.98114

# Result Name:                  Peak 2
# Number of Curves:             1
#
# Curve:                        0
# Values/Curve:                 3706
#
257  322.78582
256.98866  322.77034
256.97733  322.7549
256.96599  322.7395
256.95466  322.72413
256.94332  322.70881
256.93198  322.69352
256.92065  322.67827
256.90931  322.66305
256.89798  322.64788
256.88664  322.63274
256.8753  322.61764
256.86397  322.60257
256.85263  322.58755
256.8413  322.57256
256.82996  322.55761
256.81862  322.54271
256.80729  322.52784
256.79595  322.513
256.78462  322.49821
256.77328  322.48346
256.76194  322.46874
256.75061  322.45406
256.73927  322.43943
256.72794  322.42483
256.7166  322.41027
256.70526  322.39576
256.69393  322.38128
256.68259  322.36684
256.67126  322.35244
256.65992  322.33808
256.64858  322.32377
256.63725  322.30949
256.62591  322.29526
256.61457  322.28106
256.60324  322.26691
256.5919  322.25279
256.58057  322.23872
256.56923  322.22469
256.55789  322.21071
256.54656  322.19676
256.53522  322.18286
256.52389  322.169
256.51255  322.15518
256.50121  322.1414
256.48988  322.12767
256.47854  322.11398
256.46721  322.10033
256.45587  322.08673
256.44453  322.07317
256.4332  322.05966
256.42186  322.04619
256.41053  322.03276
256.39919  322.01938
256.38785  322.00604
256.37652  321.99275
256.36518  321.9795
256.35385  321.9663
256.34251  321.95315
256.33117  321.94004
256.31984  321.92698
256.3085  321.91397
256.29717  321.901
256.28583  321.88808
256.27449  321.8752
256.26316  321.86238
256.25182  321.8496
256.24049  321.83688
256.22915  321.8242
256.21781  321.81157
256.20648  321.79899
256.19514  321.78646
256.18381  321.77398
256.17247  321.76155
256.16113  321.74917
256.1498  321.73684
256.13846  321.72457
256.12713  321.71235
256.11579  321.70018
256.10445  321.68806
256.09312  321.676
256.08178  321.66399
256.07045  321.65203
256.05911  321.64013
256.04777  321.62828
256.03644  321.61649
256.0251  321.60476
256.01377  321.59308
256.00243  321.58145
255.99109  321.56989
255.97976  321.55838
255.96842  321.54694
255.95709  321.53555
255.94575  321.52422
255.93441  321.51295
255.92308  321.50174
255.91174  321.49059
255.9004  321.4795
255.88907  321.46848
255.87773  321.45752
255.8664  321.44662
255.85506  321.43579
255.84372  321.42502
255.83239  321.41432
255.82105  321.40368
255.80972  321.39311
255.79838  321.3826
255.78704  321.37217
255.77571  321.3618
255.76437  321.35151
255.75304  321.34128
255.7417  321.33112
255.73036  321.32104
255.71903  321.31103
255.70769  321.30109
255.69636  321.29123
255.68502  321.28144
255.67368  321.27173
255.66235  321.26209
255.65101  321.25254
255.63968  321.24306
255.62834  321.23366
255.617  321.22434
255.60567  321.2151
255.59433  321.20595
255.583  321.19688
255.57166  321.18789
255.56032  321.17899
255.54899  321.17018
255.53765  321.16146
255.52632  321.15282
255.51498  321.14427
255.50364  321.13582
255.49231  321.12746
255.48097  321.11919
255.46964  321.11102
255.4583  321.10294
255.44696  321.09497
255.43563  321.08709
255.42429  321.07931
255.41296  321.07164
255.40162  321.06406
255.39028  321.0566
255.37895  321.04924
255.36761  321.04198
255.35628  321.03484
255.34494  321.02781
255.3336  321.02089
255.32227  321.01409
255.31093  321.0074
255.2996  321.00083
255.28826  320.99438
255.27692  320.98806
255.26559  320.98185
255.25425  320.97578
255.24291  320.96983
255.23158  320.96401
255.22024  320.95832
255.20891  320.95277
255.19757  320.94735
255.18623  320.94207
255.1749  320.93694
255.16356  320.93194
255.15223  320.9271
255.14089  320.9224
255.12955  320.91785
255.11822  320.91345
255.10688  320.90921
255.09555  320.90513
255.08421  320.90121
255.07287  320.89746
255.06154  320.89387
255.0502  320.89046
255.03887  320.88721
255.02753  320.88415
255.01619  320.88126
255.00486  320.87856
254.99352  320.87604
254.98219  320.87372
254.97085  320.87159
254.95951  320.86965
254.94818  320.86792
254.93684  320.86639
254.92551  320.86507
254.91417  320.86397
254.90283  320.86308
254.8915  320.86242
254.88016  320.86198
254.86883  320.86177
254.85749  320.8618
254.84615  320.86207
254.83482  320.86258
254.82348  320.86334
254.81215  320.86436
254.80081  320.86564
254.78947  320.86719
254.77814  320.86901
254.7668  320.8711
254.75547  320.87348
254.74413  320.87615
254.73279  320.87912
254.72146  320.88239
254.71012  320.88596
254.69879  320.88986
254.68745  320.89407
254.67611  320.89862
254.66478  320.9035
254.65344  320.90873
254.64211  320.91431
254.63077  320.92025
254.61943  320.92656
254.6081  320.93325
254.59676  320.94033
254.58543  320.9478
254.57409  320.95567
254.56275  320.96396
254.55142  320.97267
254.54008  320.98182
254.52874  320.99141
254.51741  321.00146
254.50607  321.01198
254.49474  321.02297
254.4834  321.03445
254.47206  321.04643
254.46073  321.05892
254.44939  321.07195
254.43806  321.08551
254.42672  321.09962
254.41538  321.1143
254.40405  321.12956
254.39271  321.14542
254.38138  321.16189
254.37004  321.17898
254.3587  321.19672
254.34737  321.21512
254.33603  321.23419
254.3247  321.25396
254.31336  321.27444
254.30202  321.29565
254.29069  321.31761
254.27935  321.34035
254.26802  321.36387
254.25668  321.3882
254.24534  321.41337
254.23401  321.43939
254.22267  321.46629
254.21134  321.49409
254.2  321.52282
254.18866  321.5525
254.17733  321.58315
254.16599  321.61481
254.15466  321.6475
254.14332  321.68125
254.13198  321.71609
254.12065  321.75205
254.10931  321.78915
254.09798  321.82743
254.08664  321.86693
254.0753  321.90767
254.06397  321.94969
254.05263  321.99302
254.0413  322.0377
254.02996  322.08377
254.01862  322.13126
254.00729  322.18022
253.99595  322.23068
253.98462  322.28268
253.97328  322.33626
253.96194  322.39148
253.95061  322.44836
253.93927  322.50695
253.92794  322.56731
253.9166  322.62946
253.90526  322.69347
253.89393  322.75938
253.88259  322.82723
253.87126  322.89707
253.85992  322.96896
253.84858  323.04294
253.83725  323.11906
253.82591  323.19737
253.81457  323.27792
253.80324  323.36077
253.7919  323.44595
253.78057  323.53352
253.76923  323.62353
253.75789  323.71602
253.74656  323.81104
253.73522  323.90864
253.72389  324.00886
253.71255  324.11174
253.70121  324.21731
253.68988  324.32561
253.67854  324.43668
253.66721  324.55054
253.65587  324.66722
253.64453  324.78673
253.6332  324.90908
253.62186  325.03429
253.61053  325.16235
253.59919  325.29326
253.58785  325.42699
253.57652  325.56352
253.56518  325.70281
253.55385  325.84481
253.54251  325.98946
253.53117  326.1367
253.51984  326.28642
253.5085  326.43852
253.49717  326.59288
253.48583  326.74937
253.47449  326.90782
253.46316  327.06806
253.45182  327.22988
253.44049  327.39307
253.42915  327.55738
253.41781  327.72255
253.40648  327.88828
253.39514  328.05427
253.38381  328.22016
253.37247  328.3856
253.36113  328.55019
253.3498  328.71353
253.33846  328.87517
253.32713  329.03465
253.31579  329.19151
253.30445  329.34523
253.29312  329.49531
253.28178  329.64123
253.27045  329.78243
253.25911  329.91838
253.24777  330.04854
253.23644  330.17235
253.2251  330.28928
253.21377  330.39879
253.20243  330.50038
253.19109  330.59355
253.17976  330.67783
253.16842  330.75279
253.15709  330.81803
253.14575  330.87318
253.13441  330.91794
253.12308  330.95203
253.11174  330.97525
253.1004  330.98742
253.08907  330.98846
253.07773  330.9783
253.0664  330.95697
253.05506  330.92454
253.04372  330.88113
253.03239  330.82694
253.02105  330.76219
253.00972  330.68718
252.99838  330.60224
252.98704  330.50776
252.97571  330.40414
252.96437  330.29184
252.95304  330.17134
252.9417  330.04314
252.93036  329.90776
252.91903  329.76573
252.90769  329.61761
252.89636  329.46393
252.88502  329.30524
252.87368  329.14209
252.86235  328.975
252.85101  328.8045
252.83968  328.63109
252.82834  328.45527
252.817  328.27749
252.80567  328.09823
252.79433  327.91789
252.783  327.73688
252.77166  327.55558
252.76032  327.37434
252.74899  327.19349
252.73765  327.01335
252.72632  326.83417
252.71498  326.65623
252.70364  326.47976
252.69231  326.30497
252.68097  326.13204
252.66964  325.96114
252.6583  325.79243
252.64696  325.62604
252.63563  325.46207
252.62429  325.30064
252.61296  325.14181
252.60162  324.98566
252.59028  324.83224
252.57895  324.68161
252.56761  324.53378
252.55628  324.38878
252.54494  324.24663
252.5336  324.10733
252.52227  323.97088
252.51093  323.83727
252.4996  323.70648
252.48826  323.57849
252.47692  323.45328
252.46559  323.33081
252.45425  323.21106
252.44291  323.09399
252.43158  322.97956
252.42024  322.86772
252.40891  322.75843
252.39757  322.65165
252.38623  322.54733
252.3749  322.44542
252.36356  322.34588
252.35223  322.24865
252.34089  322.15368
252.32955  322.06093
252.31822  321.97035
252.30688  321.88188
252.29555  321.79547
252.28421  321.71108
252.27287  321.62866
252.26154  321.54816
252.2502  321.46954
252.23887  321.39273
252.22753  321.31771
252.21619  321.24442
252.20486  321.17282
252.19352  321.10287
252.18219  321.03452
252.17085  320.96773
252.15951  320.90246
252.14818  320.83867
252.13684  320.77632
252.12551  320.71538
252.11417  320.6558
252.10283  320.59754
252.0915  320.54059
252.08016  320.48488
252.06883  320.43041
252.05749  320.37713
252.04615  320.325
252.03482  320.27401
252.02348  320.22412
252.01215  320.17529
252.00081  320.12751
251.98947  320.08074
251.97814  320.03495
251.9668  319.99013
251.95547  319.94624
251.94413  319.90326
251.93279  319.86116
251.92146  319.81993
251.91012  319.77954
251.89879  319.73996
251.88745  319.70118
251.87611  319.66318
251.86478  319.62593
251.85344  319.58941
251.84211  319.55361
251.83077  319.51851
251.81943  319.48409
251.8081  319.45034
251.79676  319.41722
251.78543  319.38474
251.77409  319.35287
251.76275  319.3216
251.75142  319.29091
251.74008  319.26079
251.72874  319.23122
251.71741  319.20219
251.70607  319.17369
251.69474  319.1457
251.6834  319.11821
251.67206  319.09122
251.66073  319.06469
251.64939  319.03864
251.63806  319.01304
251.62672  318.98788
251.61538  318.96315
251.60405  318.93885
251.59271  318.91496
251.58138  318.89147
251.57004  318.86837
251.5587  318.84566
251.54737  318.82332
251.53603  318.80135
251.5247  318.77974
251.51336  318.75847
251.50202  318.73755
251.49069  318.71696
251.47935  318.6967
251.46802  318.67675
251.45668  318.65712
251.44534  318.63779
251.43401  318.61876
251.42267  318.60002
251.41134  318.58157
251.4  318.56339
251.38866  318.54549
251.37733  318.52786
251.36599  318.51048
251.35466  318.49336
251.34332  318.47649
251.33198  318.45986
251.32065  318.44348
251.30931  318.42732
251.29798  318.4114
251.28664  318.3957
251.2753  318.38022
251.26397  318.36496
251.25263  318.3499
251.2413  318.33506
251.22996  318.32041
251.21862  318.30596
251.20729  318.29171
251.19595  318.27765
251.18462  318.26377
251.17328  318.25008
251.16194  318.23657
251.15061  318.22323
251.13927  318.21006
251.12794  318.19706
251.1166  318.18423
251.10526  318.17156
251.09393  318.15905
251.08259  318.1467
251.07126  318.13449
251.05992  318.12244
251.04858  318.11054
251.03725  318.09878
251.02591  318.08716
251.01457  318.07568
251.00324  318.06434
250.9919  318.05313
250.98057  318.04206
250.96923  318.03111
250.95789  318.02029
250.94656  318.0096
250.93522  317.99902
250.92389  317.98857
250.91255  317.97824
250.90121  317.96802
250.88988  317.95791
250.87854  317.94792
250.86721  317.93804
250.85587  317.92826
250.84453  317.91859
250.8332  317.90903
250.82186  317.89957
250.81053  317.89021
250.79919  317.88094
250.78785  317.87178
250.77652  317.86271
250.76518  317.85373
250.75385  317.84485
250.74251  317.83606
250.73117  317.82736
250.71984  317.81874
250.7085  317.81022
250.69717  317.80178
250.68583  317.79342
250.67449  317.78514
250.66316  317.77695
250.65182  317.76883
250.64049  317.7608
250.62915  317.75284
250.61781  317.74495
250.60648  317.73715
250.59514  317.72941
250.58381  317.72175
250.57247  317.71416
250.56113  317.70664
250.5498  317.69919
250.53846  317.69181
250.52713  317.68449
250.51579  317.67724
250.50445  317.67006
250.49312  317.66294
250.48178  317.65588
250.47045  317.64889
250.45911  317.64195
250.44777  317.63508
250.43644  317.62827
250.4251  317.62151
250.41377  317.61482
250.40243  317.60818
250.39109  317.60159
250.37976  317.59507
250.36842  317.58859
250.35709  317.58217
250.34575  317.57581
250.33441  317.56949
250.32308  317.56323
250.31174  317.55702
250.3004  317.55086
250.28907  317.54475
250.27773  317.53868
250.2664  317.53267
250.25506  317.5267
250.24372  317.52078
250.23239  317.51491
250.22105  317.50908
250.20972  317.50329
250.19838  317.49756
250.18704  317.49186
250.17571  317.48621
250.16437  317.4806
250.15304  317.47503
250.1417  317.4695
250.13036  317.46402
250.11903  317.45857
250.10769  317.45317
250.09636  317.4478
250.08502  317.44248
250.07368  317.43719
250.06235  317.43194
250.05101  317.42673
250.03968  317.42155
250.02834  317.41641
250.017  317.41131
250.00567  317.40624
249.99433  317.40121
249.983  317.39621
249.97166  317.39125
249.96032  317.38632
249.94899  317.38142
249.93765  317.37656
249.92632  317.37173
249.91498  317.36693
249.90364  317.36217
249.89231  317.35743
249.88097  317.35273
249.86964  317.34806
249.8583  317.34342
249.84696  317.33881
249.83563  317.33423
249.82429  317.32967
249.81296  317.32515
249.80162  317.32066
249.79028  317.31619
249.77895  317.31175
249.76761  317.30734
249.75628  317.30296
249.74494  317.29861
249.7336  317.29428
249.72227  317.28998
249.71093  317.2857
249.6996  317.28145
249.68826  317.27723
249.67692  317.27303
249.66559  317.26886
249.65425  317.26471
249.64291  317.26059
249.63158  317.25649
249.62024  317.25241
249.60891  317.24836
249.59757  317.24433
249.58623  317.24033
249.5749  317.23635
249.56356  317.23239
249.55223  317.22845
249.54089  317.22454
249.52955  317.22065
249.51822  317.21678
249.50688  317.21293
249.49555  317.20911
249.48421  317.2053
249.47287  317.20152
249.46154  317.19776
249.4502  317.19401
249.43887  317.19029
249.42753  317.18659
249.41619  317.18291
249.40486  317.17925
249.39352  317.17561
249.38219  317.17198
249.37085  317.16838
249.35951  317.1648
249.34818  317.16123
249.33684  317.15769
249.32551  317.15416
249.31417  317.15065
249.30283  317.14716
249.2915  317.14368
249.28016  317.14023
249.26883  317.13679
249.25749  317.13337
249.24615  317.12997
249.23482  317.12658
249.22348  317.12321
249.21215  317.11986
249.20081  317.11653
249.18947  317.11321
249.17814  317.10991
249.1668  317.10662
249.15547  317.10335
249.14413  317.1001
249.13279  317.09686
249.12146  317.09364
249.11012  317.09043
249.09879  317.08724
249.08745  317.08406
249.07611  317.0809
249.06478  317.07776
249.05344  317.07463
249.04211  317.07151
249.03077  317.06841
249.01943  317.06532
249.0081  317.06225
248.99676  317.05919
248.98543  317.05615
248.97409  317.05312
248.96275  317.0501
248.95142  317.0471
248.94008  317.04411
248.92874  317.04114
248.91741  317.03818
248.90607  317.03523
248.89474  317.03229
248.8834  317.02937
248.87206  317.02646
248.86073  317.02357
248.84939  317.02068
248.83806  317.01781
248.82672  317.01496
248.81538  317.01211
248.80405  317.00928
248.79271  317.00646
248.78138  317.00365
248.77004  317.00086
248.7587  316.99807
248.74737  316.9953
248.73603  316.99254
248.7247  316.98979
248.71336  316.98706
248.70202  316.98433
248.69069  316.98162
248.67935  316.97892
248.66802  316.97622
248.65668  316.97355
248.64534  316.97088
248.63401  316.96822
248.62267  316.96557
248.61134  316.96294
248.6  316.96031
248.58866  316.9577
248.57733  316.9551
248.56599  316.9525
248.55466  316.94992
248.54332  316.94735
248.53198  316.94479
248.52065  316.94224
248.50931  316.9397
248.49798  316.93717
248.48664  316.93465
248.4753  316.93214
248.46397  316.92964
248.45263  316.92715
248.4413  316.92466
248.42996  316.92219
248.41862  316.91973
248.40729  316.91728
248.39595  316.91484
248.38462  316.91241
248.37328  316.90998
248.36194  316.90757
248.35061  316.90516
248.33927  316.90277
248.32794  316.90038
248.3166  316.898
248.30526  316.89563
248.29393  316.89328
248.28259  316.89092
248.27126  316.88858
248.25992  316.88625
248.24858  316.88393
248.23725  316.88161
248.22591  316.8793
248.21457  316.87701
248.20324  316.87472
248.1919  316.87243
248.18057  316.87016
248.16923  316.8679
248.15789  316.86564
248.14656  316.86339
248.13522  316.86115
248.12389  316.85892
248.11255  316.8567
248.10121  316.85448
248.08988  316.85227
248.07854  316.85007
248.06721  316.84788
248.05587  316.8457
248.04453  316.84352
248.0332  316.84135
248.02186  316.83919
248.01053  316.83704
247.99919  316.83489
247.98785  316.83275
247.97652  316.83062
247.96518  316.8285
247.95385  316.82639
247.94251  316.82428
247.93117  316.82218
247.91984  316.82008
247.9085  316.818
247.89717  316.81592
247.88583  316.81385
247.87449  316.81178
247.86316  316.80972
247.85182  316.80767
247.84049  316.80563
247.82915  316.80359
247.81781  316.80156
247.80648  316.79954
247.79514  316.79752
247.78381  316.79551
247.77247  316.79351
247.76113  316.79151
247.7498  316.78952
247.73846  316.78754
247.72713  316.78557
247.71579  316.7836
247.70445  316.78163
247.69312  316.77968
247.68178  316.77773
247.67045  316.77578
247.65911  316.77385
247.64777  316.77192
247.63644  316.76999
247.6251  316.76807
247.61377  316.76616
247.60243  316.76426
247.59109  316.76236
247.57976  316.76046
247.56842  316.75858
247.55709  316.75669
247.54575  316.75482
247.53441  316.75295
247.52308  316.75109
247.51174  316.74923
247.5004  316.74738
247.48907  316.74553
247.47773  316.74369
247.4664  316.74186
247.45506  316.74003
247.44372  316.73821
247.43239  316.7364
247.42105  316.73458
247.40972  316.73278
247.39838  316.73098
247.38704  316.72919
247.37571  316.7274
247.36437  316.72562
247.35304  316.72384
247.3417  316.72207
247.33036  316.7203
247.31903  316.71854
247.30769  316.71679
247.29636  316.71504
247.28502  316.71329
247.27368  316.71156
247.26235  316.70982
247.25101  316.70809
247.23968  316.70637
247.22834  316.70465
247.217  316.70294
247.20567  316.70124
247.19433  316.69953
247.183  316.69784
247.17166  316.69615
247.16032  316.69446
247.14899  316.69278
247.13765  316.6911
247.12632  316.68943
247.11498  316.68776
247.10364  316.6861
247.09231  316.68445
247.08097  316.68279
247.06964  316.68115
247.0583  316.67951
247.04696  316.67787
247.03563  316.67624
247.02429  316.67461
247.01296  316.67299
247.00162  316.67137
246.99028  316.66976
246.97895  316.66815
246.96761  316.66655
246.95628  316.66495
246.94494  316.66336
246.9336  316.66177
246.92227  316.66018
246.91093  316.6586
246.8996  316.65703
246.88826  316.65546
246.87692  316.65389
246.86559  316.65233
246.85425  316.65077
246.84291  316.64922
246.83158  316.64767
246.82024  316.64613
246.80891  316.64459
246.79757  316.64305
246.78623  316.64152
246.7749  316.63999
246.76356  316.63847
246.75223  316.63696
246.74089  316.63544
246.72955  316.63393
246.71822  316.63243
246.70688  316.63093
246.69555  316.62943
246.68421  316.62794
246.67287  316.62645
246.66154  316.62497
246.6502  316.62349
246.63887  316.62202
246.62753  316.62054
246.61619  316.61908
246.60486  316.61761
246.59352  316.61616
246.58219  316.6147
246.57085  316.61325
246.55951  316.6118
246.54818  316.61036
246.53684  316.60892
246.52551  316.60749
246.51417  316.60606
246.50283  316.60463
246.4915  316.60321
246.48016  316.60179
246.46883  316.60038
246.45749  316.59897
246.44615  316.59756
246.43482  316.59616
246.42348  316.59476
246.41215  316.59336
246.40081  316.59197
246.38947  316.59058
246.37814  316.5892
246.3668  316.58782
246.35547  316.58644
246.34413  316.58507
246.33279  316.5837
246.32146  316.58233
246.31012  316.58097
246.29879  316.57961
246.28745  316.57826
246.27611  316.57691
246.26478  316.57556
246.25344  316.57422
246.24211  316.57288
246.23077  316.57154
246.21943  316.57021
246.2081  316.56888
246.19676  316.56755
246.18543  316.56623
246.17409  316.56491
246.16275  316.5636
246.15142  316.56229
246.14008  316.56098
246.12874  316.55968
246.11741  316.55837
246.10607  316.55708
246.09474  316.55578
246.0834  316.55449
246.07206  316.55321
246.06073  316.55192
246.04939  316.55064
246.03806  316.54936
246.02672  316.54809
246.01538  316.54682
246.00405  316.54555
245.99271  316.54429
245.98138  316.54303
245.97004  316.54177
245.9587  316.54052
245.94737  316.53927
245.93603  316.53802
245.9247  316.53678
245.91336  316.53553
245.90202  316.5343
245.89069  316.53306
245.87935  316.53183
245.86802  316.5306
245.85668  316.52938
245.84534  316.52816
245.83401  316.52694
245.82267  316.52572
245.81134  316.52451
245.8  316.5233
245.78866  316.5221
245.77733  316.52089
245.76599  316.51969
245.75466  316.5185
245.74332  316.5173
245.73198  316.51611
245.72065  316.51493
245.70931  316.51374
245.69798  316.51256
245.68664  316.51138
245.6753  316.51021
245.66397  316.50903
245.65263  316.50786
245.6413  316.5067
245.62996  316.50553
245.61862  316.50437
245.60729  316.50322
245.59595  316.50206
245.58462  316.50091
245.57328  316.49976
245.56194  316.49861
245.55061  316.49747
245.53927  316.49633
245.52794  316.49519
245.5166  316.49406
245.50526  316.49293
245.49393  316.4918
245.48259  316.49067
245.47126  316.48955
245.45992  316.48843
245.44858  316.48731
245.43725  316.4862
245.42591  316.48509
245.41457  316.48398
245.40324  316.48287
245.3919  316.48177
245.38057  316.48067
245.36923  316.47957
245.35789  316.47847
245.34656  316.47738
245.33522  316.47629
245.32389  316.4752
245.31255  316.47412
245.30121  316.47304
245.28988  316.47196
245.27854  316.47088
245.26721  316.46981
245.25587  316.46874
245.24453  316.46767
245.2332  316.4666
245.22186  316.46554
245.21053  316.46448
245.19919  316.46342
245.18785  316.46237
245.17652  316.46132
245.16518  316.46027
245.15385  316.45922
245.14251  316.45817
245.13117  316.45713
245.11984  316.45609
245.1085  316.45505
245.09717  316.45402
245.08583  316.45299
245.07449  316.45196
245.06316  316.45093
245.05182  316.4499
245.04049  316.44888
245.02915  316.44786
245.01781  316.44685
245.00648  316.44583
244.99514  316.44482
244.98381  316.44381
244.97247  316.4428
244.96113  316.4418
244.9498  316.44079
244.93846  316.43979
244.92713  316.4388
244.91579  316.4378
244.90445  316.43681
244.89312  316.43582
244.88178  316.43483
244.87045  316.43384
244.85911  316.43286
244.84777  316.43188
244.83644  316.4309
244.8251  316.42993
244.81377  316.42895
244.80243  316.42798
244.79109  316.42701
244.77976  316.42604
244.76842  316.42508
244.75709  316.42412
244.74575  316.42316
244.73441  316.4222
244.72308  316.42125
244.71174  316.42029
244.7004  316.41934
244.68907  316.41839
244.67773  316.41745
244.6664  316.4165
244.65506  316.41556
244.64372  316.41462
244.63239  316.41369
244.62105  316.41275
244.60972  316.41182
244.59838  316.41089
244.58704  316.40996
244.57571  316.40903
244.56437  316.40811
244.55304  316.40719
244.5417  316.40627
244.53036  316.40535
244.51903  316.40444
244.50769  316.40352
244.49636  316.40261
244.48502  316.4017
244.47368  316.4008
244.46235  316.39989
244.45101  316.39899
244.43968  316.39809
244.42834  316.39719
244.417  316.3963
244.40567  316.3954
244.39433  316.39451
244.383  316.39362
244.37166  316.39273
244.36032  316.39185
244.34899  316.39096
244.33765  316.39008
244.32632  316.3892
244.31498  316.38833
244.30364  316.38745
244.29231  316.38658
244.28097  316.38571
244.26964  316.38484
244.2583  316.38397
244.24696  316.38311
244.23563  316.38224
244.22429  316.38138
244.21296  316.38052
244.20162  316.37967
244.19028  316.37881
244.17895  316.37796
244.16761  316.37711
244.15628  316.37626
244.14494  316.37541
244.1336  316.37457
244.12227  316.37373
244.11093  316.37288
244.0996  316.37205
244.08826  316.37121
244.07692  316.37037
244.06559  316.36954
244.05425  316.36871
244.04291  316.36788
244.03158  316.36705
244.02024  316.36623
244.00891  316.3654
243.99757  316.36458
243.98623  316.36376
243.9749  316.36294
243.96356  316.36213
243.95223  316.36131
243.94089  316.3605
243.92955  316.35969
243.91822  316.35888
243.90688  316.35808
243.89555  316.35727
243.88421  316.35647
243.87287  316.35567
243.86154  316.35487
243.8502  316.35407
243.83887  316.35327
243.82753  316.35248
243.81619  316.35169
243.80486  316.3509
243.79352  316.35011
243.78219  316.34932
243.77085  316.34854
243.75951  316.34776
243.74818  316.34697
243.73684  316.3462
243.72551  316.34542
243.71417  316.34464
243.70283  316.34387
243.6915  316.3431
243.68016  316.34233
243.66883  316.34156
243.65749  316.34079
243.64615  316.34002
243.63482  316.33926
243.62348  316.3385
243.61215  316.33774
243.60081  316.33698
243.58947  316.33622
243.57814  316.33547
243.5668  316.33472
243.55547  316.33397
243.54413  316.33322
243.53279  316.33247
243.52146  316.33172
243.51012  316.33098
243.49879  316.33023
243.48745  316.32949
243.47611  316.32875
243.46478  316.32802
243.45344  316.32728
243.44211  316.32654
243.43077  316.32581
243.41943  316.32508
243.4081  316.32435
243.39676  316.32362
243.38543  316.3229
243.37409  316.32217
243.36275  316.32145
243.35142  316.32073
243.34008  316.32001
243.32874  316.31929
243.31741  316.31857
243.30607  316.31786
243.29474  316.31715
243.2834  316.31643
243.27206  316.31572
243.26073  316.31502
243.24939  316.31431
243.23806  316.3136
243.22672  316.3129
243.21538  316.3122
243.20405  316.3115
243.19271  316.3108
243.18138  316.3101
243.17004  316.3094
243.1587  316.30871
243.14737  316.30802
243.13603  316.30733
243.1247  316.30664
243.11336  316.30595
243.10202  316.30526
243.09069  316.30458
243.07935  316.30389
243.06802  316.30321
243.05668  316.30253
243.04534  316.30185
243.03401  316.30118
243.02267  316.3005
243.01134  316.29983
243  316.29915
242.98866  316.29848
242.97733  316.29781
242.96599  316.29714
242.95466  316.29648
242.94332  316.29581
242.93198  316.29515
242.92065  316.29449
242.90931  316.29382
242.89798  316.29316
242.88664  316.29251
242.8753  316.29185
242.86397  316.2912
242.85263  316.29054
242.8413  316.28989
242.82996  316.28924
242.81862  316.28859
242.80729  316.28794
242.79595  316.2873
242.78462  316.28665
242.77328  316.28601
242.76194  316.28537
242.75061  316.28472
242.73927  316.28409
242.72794  316.28345
242.7166  316.28281
242.70526  316.28218
242.69393  316.28154
242.68259  316.28091
242.67126  316.28028
242.65992  316.27965
242.64858  316.27902
242.63725  316.2784
242.62591  316.27777
242.61457  316.27715
242.60324  316.27652
242.5919  316.2759
242.58057  316.27528
242.56923  316.27467
242.55789  316.27405
242.54656  316.27343
242.53522  316.27282
242.52389  316.27221
242.51255  316.27159
242.50121  316.27098
242.48988  316.27037
242.47854  316.26977
242.46721  316.26916
242.45587  316.26856
242.44453  316.26795
242.4332  316.26735
242.42186  316.26675
242.41053  316.26615
242.39919  316.26555
242.38785  316.26496
242.37652  316.26436
242.36518  316.26377
242.35385  316.26317
242.34251  316.26258
242.33117  316.26199
242.31984  316.2614
242.3085  316.26081
242.29717  316.26023
242.28583  316.25964
242.27449  316.25906
242.26316  316.25848
242.25182  316.25789
242.24049  316.25731
242.22915  316.25673
242.21781  316.25616
242.20648  316.25558
242.19514  316.25501
242.18381  316.25443
242.17247  316.25386
242.16113  316.25329
242.1498  316.25272
242.13846  316.25215
242.12713  316.25158
242.11579  316.25102
242.10445  316.25045
242.09312  316.24989
242.08178  316.24932
242.07045  316.24876
242.05911  316.2482
242.04777  316.24764
242.03644  316.24709
242.0251  316.24653
242.01377  316.24597
242.00243  316.24542
241.99109  316.24487
241.97976  316.24432
241.96842  316.24377
241.95709  316.24322
241.94575  316.24267
241.93441  316.24212
241.92308  316.24158
241.91174  316.24103
241.9004  316.24049
241.88907  316.23995
241.87773  316.2394
241.8664  316.23887
241.85506  316.23833
241.84372  316.23779
241.83239  316.23725
241.82105  316.23672
241.80972  316.23618
241.79838  316.23565
241.78704  316.23512
241.77571  316.23459
241.76437  316.23406
241.75304  316.23353
241.7417  316.233
241.73036  316.23248
241.71903  316.23195
241.70769  316.23143
241.69636  316.23091
241.68502  316.23039
241.67368  316.22987
241.66235  316.22935
241.65101  316.22883
241.63968  316.22831
241.62834  316.2278
241.617  316.22728
241.60567  316.22677
241.59433  316.22626
241.583  316.22574
241.57166  316.22523
241.56032  316.22473
241.54899  316.22422
241.53765  316.22371
241.52632  316.2232
241.51498  316.2227
241.50364  316.2222
241.49231  316.22169
241.48097  316.22119
241.46964  316.22069
241.4583  316.22019
241.44696  316.21969
241.43563  316.2192
241.42429  316.2187
241.41296  316.21821
241.40162  316.21771
241.39028  316.21722
241.37895  316.21673
241.36761  316.21624
241.35628  316.21575
241.34494  316.21526
241.3336  316.21477
241.32227  316.21429
241.31093  316.2138
241.2996  316.21332
241.28826  316.21283
241.27692  316.21235
241.26559  316.21187
241.25425  316.21139
241.24291  316.21091
241.23158  316.21043
241.22024  316.20995
241.20891  316.20948
241.19757  316.209
241.18623  316.20853
241.1749  316.20805
241.16356  316.20758
241.15223  316.20711
241.14089  316.20664
241.12955  316.20617
241.11822  316.2057
241.10688  316.20524
241.09555  316.20477
241.08421  316.20431
241.07287  316.20384
241.06154  316.20338
241.0502  316.20292
241.03887  316.20246
241.02753  316.202
241.01619  316.20154
241.00486  316.20108
240.99352  316.20062
240.98219  316.20017
240.97085  316.19971
240.95951  316.19926
240.94818  316.1988
240.93684  316.19835
240.92551  316.1979
240.91417  316.19745
240.90283  316.197
240.8915  316.19655
240.88016  316.1961
240.86883  316.19566
240.85749  316.19521
240.84615  316.19477
240.83482  316.19432
240.82348  316.19388
240.81215  316.19344
240.80081  316.193
240.78947  316.19256
240.77814  316.19212
240.7668  316.19168
240.75547  316.19124
240.74413  316.19081
240.73279  316.19037
240.72146  316.18994
240.71012  316.18951
240.69879  316.18907
240.68745  316.18864
240.67611  316.18821
240.66478  316.18778
240.65344  316.18735
240.64211  316.18692
240.63077  316.1865
240.61943  316.18607
240.6081  316.18565
240.59676  316.18522
240.58543  316.1848
240.57409  316.18438
240.56275  316.18396
240.55142  316.18353
240.54008  316.18311
240.52874  316.1827
240.51741  316.18228
240.50607  316.18186
240.49474  316.18145
240.4834  316.18103
240.47206  316.18062
240.46073  316.1802
240.44939  316.17979
240.43806  316.17938
240.42672  316.17897
240.41538  316.17856
240.40405  316.17815
240.39271  316.17774
240.38138  316.17733
240.37004  316.17693
240.3587  316.17652
240.34737  316.17611
240.33603  316.17571
240.3247  316.17531
240.31336  316.17491
240.30202  316.1745
240.29069  316.1741
240.27935  316.1737
240.26802  316.17331
240.25668  316.17291
240.24534  316.17251
240.23401  316.17211
240.22267  316.17172
240.21134  316.17132
240.2  316.17093
240.18866  316.17054
240.17733  316.17014
240.16599  316.16975
240.15466  316.16936
240.14332  316.16897
240.13198  316.16858
240.12065  316.1682
240.10931  316.16781
240.09798  316.16742
240.08664  316.16704
240.0753  316.16665
240.06397  316.16627
240.05263  316.16589
240.0413  316.1655
240.02996  316.16512
240.01862  316.16474
240.00729  316.16436
239.99595  316.16398
239.98462  316.1636
239.97328  316.16323
239.96194  316.16285
239.95061  316.16247
239.93927  316.1621
239.92794  316.16172
239.9166  316.16135
239.90526  316.16098
239.89393  316.16061
239.88259  316.16024
239.87126  316.15986
239.85992  316.1595
239.84858  316.15913
239.83725  316.15876
239.82591  316.15839
239.81457  316.15802
239.80324  316.15766
239.7919  316.15729
239.78057  316.15693
239.76923  316.15657
239.75789  316.1562
239.74656  316.15584
239.73522  316.15548
239.72389  316.15512
239.71255  316.15476
239.70121  316.1544
239.68988  316.15404
239.67854  316.15369
239.66721  316.15333
239.65587  316.15297
239.64453  316.15262
239.6332  316.15227
239.62186  316.15191
239.61053  316.15156
239.59919  316.15121
239.58785  316.15086
239.57652  316.1505
239.56518  316.15015
239.55385  316.14981
239.54251  316.14946
239.53117  316.14911
239.51984  316.14876
239.5085  316.14842
239.49717  316.14807
239.48583  316.14773
239.47449  316.14738
239.46316  316.14704
239.45182  316.1467
239.44049  316.14635
239.42915  316.14601
239.41781  316.14567
239.40648  316.14533
239.39514  316.14499
239.38381  316.14466
239.37247  316.14432
239.36113  316.14398
239.3498  316.14365
239.33846  316.14331
239.32713  316.14298
239.31579  316.14264
239.30445  316.14231
239.29312  316.14198
239.28178  316.14164
239.27045  316.14131
239.25911  316.14098
239.24777  316.14065
239.23644  316.14032
239.2251  316.13999
239.21377  316.13967
239.20243  316.13934
239.19109  316.13901
239.17976  316.13869
239.16842  316.13836
239.15709  316.13804
239.14575  316.13771
239.13441  316.13739
239.12308  316.13707
239.11174  316.13675
239.1004  316.13643
239.08907  316.13611
239.07773  316.13579
239.0664  316.13547
239.05506  316.13515
239.04372  316.13483
239.03239  316.13451
239.02105  316.1342
239.00972  316.13388
238.99838  316.13357
238.98704  316.13325
238.97571  316.13294
238.96437  316.13263
238.95304  316.13231
238.9417  316.132
238.93036  316.13169
238.91903  316.13138
238.90769  316.13107
238.89636  316.13076
238.88502  316.13045
238.87368  316.13014
238.86235  316.12984
238.85101  316.12953
238.83968  316.12923
238.82834  316.12892
238.817  316.12862
238.80567  316.12831
238.79433  316.12801
238.783  316.12771
238.77166  316.1274
238.76032  316.1271
238.74899  316.1268
238.73765  316.1265
238.72632  316.1262
238.71498  316.1259
238.70364  316.1256
238.69231  316.12531
238.68097  316.12501
238.66964  316.12471
238.6583  316.12442
238.64696  316.12412
238.63563  316.12383
238.62429  316.12353
238.61296  316.12324
238.60162  316.12295
238.59028  316.12265
238.57895  316.12236
238.56761  316.12207
238.55628  316.12178
238.54494  316.12149
238.5336  316.1212
238.52227  316.12091
238.51093  316.12063
238.4996  316.12034
238.48826  316.12005
238.47692  316.11977
238.46559  316.11948
238.45425  316.1192
238.44291  316.11891
238.43158  316.11863
238.42024  316.11834
238.40891  316.11806
238.39757  316.11778
238.38623  316.1175
238.3749  316.11722
238.36356  316.11694
238.35223  316.11666
238.34089  316.11638
238.32955  316.1161
238.31822  316.11582
238.30688  316.11555
238.29555  316.11527
238.28421  316.11499
238.27287  316.11472
238.26154  316.11444
238.2502  316.11417
238.23887  316.11389
238.22753  316.11362
238.21619  316.11335
238.20486  316.11308
238.19352  316.1128
238.18219  316.11253
238.17085  316.11226
238.15951  316.11199
238.14818  316.11172
238.13684  316.11145
238.12551  316.11119
238.11417  316.11092
238.10283  316.11065
238.0915  316.11038
238.08016  316.11012
238.06883  316.10985
238.05749  316.10959
238.04615  316.10932
238.03482  316.10906
238.02348  316.1088
238.01215  316.10853
238.00081  316.10827
237.98947  316.10801
237.97814  316.10775
237.9668  316.10749
237.95547  316.10723
237.94413  316.10697
237.93279  316.10671
237.92146  316.10645
237.91012  316.10619
237.89879  316.10594
237.88745  316.10568
237.87611  316.10542
237.86478  316.10517
237.85344  316.10491
237.84211  316.10466
237.83077  316.1044
237.81943  316.10415
237.8081  316.1039
237.79676  316.10364
237.78543  316.10339
237.77409  316.10314
237.76275  316.10289
237.75142  316.10264
237.74008  316.10239
237.72874  316.10214
237.71741  316.10189
237.70607  316.10164
237.69474  316.1014
237.6834  316.10115
237.67206  316.1009
237.66073  316.10065
237.64939  316.10041
237.63806  316.10016
237.62672  316.09992
237.61538  316.09967
237.60405  316.09943
237.59271  316.09919
237.58138  316.09894
237.57004  316.0987
237.5587  316.09846
237.54737  316.09822
237.53603  316.09798
237.5247  316.09774
237.51336  316.0975
237.50202  316.09726
237.49069  316.09702
237.47935  316.09678
237.46802  316.09654
237.45668  316.09631
237.44534  316.09607
237.43401  316.09583
237.42267  316.0956
237.41134  316.09536
237.4  316.09513
237.38866  316.09489
237.37733  316.09466
237.36599  316.09443
237.35466  316.09419
237.34332  316.09396
237.33198  316.09373
237.32065  316.0935
237.30931  316.09327
237.29798  316.09304
237.28664  316.09281
237.2753  316.09258
237.26397  316.09235
237.25263  316.09212
237.2413  316.09189
237.22996  316.09166
237.21862  316.09144
237.20729  316.09121
237.19595  316.09098
237.18462  316.09076
237.17328  316.09053
237.16194  316.09031
237.15061  316.09008
237.13927  316.08986
237.12794  316.08963
237.1166  316.08941
237.10526  316.08919
237.09393  316.08897
237.08259  316.08875
237.07126  316.08852
237.05992  316.0883
237.04858  316.08808
237.03725  316.08786
237.02591  316.08764
237.01457  316.08742
237.00324  316.08721
236.9919  316.08699
236.98057  316.08677
236.96923  316.08655
236.95789  316.08634
236.94656  316.08612
236.93522  316.08591
236.92389  316.08569
236.91255  316.08547
236.90121  316.08526
236.88988  316.08505
236.87854  316.08483
236.86721  316.08462
236.85587  316.08441
236.84453  316.0842
236.8332  316.08398
236.82186  316.08377
236.81053  316.08356
236.79919  316.08335
236.78785  316.08314
236.77652  316.08293
236.76518  316.08272
236.75385  316.08251
236.74251  316.0823
236.73117  316.0821
236.71984  316.08189
236.7085  316.08168
236.69717  316.08148
236.68583  316.08127
236.67449  316.08106
236.66316  316.08086
236.65182  316.08065
236.64049  316.08045
236.62915  316.08024
236.61781  316.08004
236.60648  316.07984
236.59514  316.07964
236.58381  316.07943
236.57247  316.07923
236.56113  316.07903
236.5498  316.07883
236.53846  316.07863
236.52713  316.07843
236.51579  316.07823
236.50445  316.07803
236.49312  316.07783
236.48178  316.07763
236.47045  316.07743
236.45911  316.07723
236.44777  316.07704
236.43644  316.07684
236.4251  316.07664
236.41377  316.07645
236.40243  316.07625
236.39109  316.07606
236.37976  316.07586
236.36842  316.07567
236.35709  316.07547
236.34575  316.07528
236.33441  316.07508
236.32308  316.07489
236.31174  316.0747
236.3004  316.07451
236.28907  316.07431
236.27773  316.07412
236.2664  316.07393
236.25506  316.07374
236.24372  316.07355
236.23239  316.07336
236.22105  316.07317
236.20972  316.07298
236.19838  316.07279
236.18704  316.07261
236.17571  316.07242
236.16437  316.07223
236.15304  316.07204
236.1417  316.07186
236.13036  316.07167
236.11903  316.07148
236.10769  316.0713
236.09636  316.07111
236.08502  316.07093
236.07368  316.07074
236.06235  316.07056
236.05101  316.07038
236.03968  316.07019
236.02834  316.07001
236.017  316.06983
236.00567  316.06965
235.99433  316.06946
235.983  316.06928
235.97166  316.0691
235.96032  316.06892
235.94899  316.06874
235.93765  316.06856
235.92632  316.06838
235.91498  316.0682
235.90364  316.06802
235.89231  316.06784
235.88097  316.06767
235.86964  316.06749
235.8583  316.06731
235.84696  316.06713
235.83563  316.06696
235.82429  316.06678
235.81296  316.0666
235.80162  316.06643
235.79028  316.06625
235.77895  316.06608
235.76761  316.0659
235.75628  316.06573
235.74494  316.06556
235.7336  316.06538
235.72227  316.06521
235.71093  316.06504
235.6996  316.06487
235.68826  316.06469
235.67692  316.06452
235.66559  316.06435
235.65425  316.06418
235.64291  316.06401
235.63158  316.06384
235.62024  316.06367
235.60891  316.0635
235.59757  316.06333
235.58623  316.06316
235.5749  316.06299
235.56356  316.06282
235.55223  316.06266
235.54089  316.06249
235.52955  316.06232
235.51822  316.06216
235.50688  316.06199
235.49555  316.06182
235.48421  316.06166
235.47287  316.06149
235.46154  316.06133
235.4502  316.06116
235.43887  316.061
235.42753  316.06083
235.41619  316.06067
235.40486  316.06051
235.39352  316.06034
235.38219  316.06018
235.37085  316.06002
235.35951  316.05986
235.34818  316.05969
235.33684  316.05953
235.32551  316.05937
235.31417  316.05921
235.30283  316.05905
235.2915  316.05889
235.28016  316.05873
235.26883  316.05857
235.25749  316.05841
235.24615  316.05825
235.23482  316.0581
235.22348  316.05794
235.21215  316.05778
235.20081  316.05762
235.18947  316.05747
235.17814  316.05731
235.1668  316.05715
235.15547  316.057
235.14413  316.05684
235.13279  316.05668
235.12146  316.05653
235.11012  316.05637
235.09879  316.05622
235.08745  316.05607
235.07611  316.05591
235.06478  316.05576
235.05344  316.0556
235.04211  316.05545
235.03077  316.0553
235.01943  316.05515
235.0081  316.05499
234.99676  316.05484
234.98543  316.05469
234.97409  316.05454
234.96275  316.05439
234.95142  316.05424
234.94008  316.05409
234.92874  316.05394
234.91741  316.05379
234.90607  316.05364
234.89474  316.05349
234.8834  316.05334
234.87206  316.05319
234.86073  316.05305
234.84939  316.0529
234.83806  316.05275
234.82672  316.0526
234.81538  316.05246
234.80405  316.05231
234.79271  316.05216
234.78138  316.05202
234.77004  316.05187
234.7587  316.05173
234.74737  316.05158
234.73603  316.05144
234.7247  316.05129
234.71336  316.05115
234.70202  316.051
234.69069  316.05086
234.67935  316.05072
234.66802  316.05057
234.65668  316.05043
234.64534  316.05029
234.63401  316.05015
234.62267  316.05001
234.61134  316.04986
234.6  316.04972
234.58866  316.04958
234.57733  316.04944
234.56599  316.0493
234.55466  316.04916
234.54332  316.04902
234.53198  316.04888
234.52065  316.04874
234.50931  316.0486
234.49798  316.04846
234.48664  316.04833
234.4753  316.04819
234.46397  316.04805
234.45263  316.04791
234.4413  316.04778
234.42996  316.04764
234.41862  316.0475
234.40729  316.04737
234.39595  316.04723
234.38462  316.04709
234.37328  316.04696
234.36194  316.04682
234.35061  316.04669
234.33927  316.04655
234.32794  316.04642
234.3166  316.04628
234.30526  316.04615
234.29393  316.04602
234.28259  316.04588
234.27126  316.04575
234.25992  316.04562
234.24858  316.04549
234.23725  316.04535
234.22591  316.04522
234.21457  316.04509
234.20324  316.04496
234.1919  316.04483
234.18057  316.0447
234.16923  316.04457
234.15789  316.04443
234.14656  316.0443
234.13522  316.04417
234.12389  316.04405
234.11255  316.04392
234.10121  316.04379
234.08988  316.04366
234.07854  316.04353
234.06721  316.0434
234.05587  316.04327
234.04453  316.04315
234.0332  316.04302
234.02186  316.04289
234.01053  316.04276
233.99919  316.04264
233.98785  316.04251
233.97652  316.04238
233.96518  316.04226
233.95385  316.04213
233.94251  316.04201
233.93117  316.04188
233.91984  316.04176
233.9085  316.04163
233.89717  316.04151
233.88583  316.04138
233.87449  316.04126
233.86316  316.04114
233.85182  316.04101
233.84049  316.04089
233.82915  316.04077
233.81781  316.04064
233.80648  316.04052
233.79514  316.0404
233.78381  316.04028
233.77247  316.04016
233.76113  316.04004
233.7498  316.03991
233.73846  316.03979
233.72713  316.03967
233.71579  316.03955
233.70445  316.03943
233.69312  316.03931
233.68178  316.03919
233.67045  316.03907
233.65911  316.03895
233.64777  316.03884
233.63644  316.03872
233.6251  316.0386
233.61377  316.03848
233.60243  316.03836
233.59109  316.03824
233.57976  316.03813
233.56842  316.03801
233.55709  316.03789
233.54575  316.03778
233.53441  316.03766
233.52308  316.03754
233.51174  316.03743
233.5004  316.03731
233.48907  316.0372
233.47773  316.03708
233.4664  316.03697
233.45506  316.03685
233.44372  316.03674
233.43239  316.03662
233.42105  316.03651
233.40972  316.03639
233.39838  316.03628
233.38704  316.03617
233.37571  316.03605
233.36437  316.03594
233.35304  316.03583
233.3417  316.03572
233.33036  316.0356
233.31903  316.03549
233.30769  316.03538
233.29636  316.03527
233.28502  316.03516
233.27368  316.03504
233.26235  316.03493
233.25101  316.03482
233.23968  316.03471
233.22834  316.0346
233.217  316.03449
233.20567  316.03438
233.19433  316.03427
233.183  316.03416
233.17166  316.03405
233.16032  316.03395
233.14899  316.03384
233.13765  316.03373
233.12632  316.03362
233.11498  316.03351
233.10364  316.0334
233.09231  316.0333
233.08097  316.03319
233.06964  316.03308
233.0583  316.03298
233.04696  316.03287
233.03563  316.03276
233.02429  316.03266
233.01296  316.03255
233.00162  316.03244
232.99028  316.03234
232.97895  316.03223
232.96761  316.03213
232.95628  316.03202
232.94494  316.03192
232.9336  316.03181
232.92227  316.03171
232.91093  316.03161
232.8996  316.0315
232.88826  316.0314
232.87692  316.03129
232.86559  316.03119
232.85425  316.03109
232.84291  316.03099
232.83158  316.03088
232.82024  316.03078
232.80891  316.03068
232.79757  316.03058
232.78623  316.03047
232.7749  316.03037
232.76356  316.03027
232.75223  316.03017
232.74089  316.03007
232.72955  316.02997
232.71822  316.02987
232.70688  316.02977
232.69555  316.02967
232.68421  316.02957
232.67287  316.02947
232.66154  316.02937
232.6502  316.02927
232.63887  316.02917
232.62753  316.02907
232.61619  316.02897
232.60486  316.02887
232.59352  316.02877
232.58219  316.02868
232.57085  316.02858
232.55951  316.02848
232.54818  316.02838
232.53684  316.02829
232.52551  316.02819
232.51417  316.02809
232.50283  316.028
232.4915  316.0279
232.48016  316.0278
232.46883  316.02771
232.45749  316.02761
232.44615  316.02751
232.43482  316.02742
232.42348  316.02732
232.41215  316.02723
232.40081  316.02713
232.38947  316.02704
232.37814  316.02694
232.3668  316.02685
232.35547  316.02676
232.34413  316.02666
232.33279  316.02657
232.32146  316.02647
232.31012  316.02638
232.29879  316.02629
232.28745  316.02619
232.27611  316.0261
232.26478  316.02601
232.25344  316.02592
232.24211  316.02582
232.23077  316.02573
232.21943  316.02564
232.2081  316.02555
232.19676  316.02546
232.18543  316.02537
232.17409  316.02527
232.16275  316.02518
232.15142  316.02509
232.14008  316.025
232.12874  316.02491
232.11741  316.02482
232.10607  316.02473
232.09474  316.02464
232.0834  316.02455
232.07206  316.02446
232.06073  316.02437
232.04939  316.02428
232.03806  316.0242
232.02672  316.02411
232.01538  316.02402
232.00405  316.02393
231.99271  316.02384
231.98138  316.02375
231.97004  316.02367
231.9587  316.02358
231.94737  316.02349
231.93603  316.0234
231.9247  316.02332
231.91336  316.02323
231.90202  316.02314
231.89069  316.02306
231.87935  316.02297
231.86802  316.02288
231.85668  316.0228
231.84534  316.02271
231.83401  316.02262
231.82267  316.02254
231.81134  316.02245
231.8  316.02237
231.78866  316.02228
231.77733  316.0222
231.76599  316.02211
231.75466  316.02203
231.74332  316.02195
231.73198  316.02186
231.72065  316.02178
231.70931  316.02169
231.69798  316.02161
231.68664  316.02153
231.6753  316.02144
231.66397  316.02136
231.65263  316.02128
231.6413  316.02119
231.62996  316.02111
231.61862  316.02103
231.60729  316.02095
231.59595  316.02086
231.58462  316.02078
231.57328  316.0207
231.56194  316.02062
231.55061  316.02054
231.53927  316.02046
231.52794  316.02037
231.5166  316.02029
231.50526  316.02021
231.49393  316.02013
231.48259  316.02005
231.47126  316.01997
231.45992  316.01989
231.44858  316.01981
231.43725  316.01973
231.42591  316.01965
231.41457  316.01957
231.40324  316.01949
231.3919  316.01941
231.38057  316.01933
231.36923  316.01926
231.35789  316.01918
231.34656  316.0191
231.33522  316.01902
231.32389  316.01894
231.31255  316.01886
231.30121  316.01879
231.28988  316.01871
231.27854  316.01863
231.26721  316.01855
231.25587  316.01848
231.24453  316.0184
231.2332  316.01832
231.22186  316.01825
231.21053  316.01817
231.19919  316.01809
231.18785  316.01802
231.17652  316.01794
231.16518  316.01786
231.15385  316.01779
231.14251  316.01771
231.13117  316.01764
231.11984  316.01756
231.1085  316.01749
231.09717  316.01741
231.08583  316.01734
231.07449  316.01726
231.06316  316.01719
231.05182  316.01711
231.04049  316.01704
231.02915  316.01696
231.01781  316.01689
231.00648  316.01682
230.99514  316.01674
230.98381  316.01667
230.97247  316.0166
230.96113  316.01652
230.9498  316.01645
230.93846  316.01638
230.92713  316.0163
230.91579  316.01623
230.90445  316.01616
230.89312  316.01609
230.88178  316.01601
230.87045  316.01594
230.85911  316.01587
230.84777  316.0158
230.83644  316.01573
230.8251  316.01565
230.81377  316.01558
230.80243  316.01551
230.79109  316.01544
230.77976  316.01537
230.76842  316.0153
230.75709  316.01523
230.74575  316.01516
230.73441  316.01509
230.72308  316.01502
230.71174  316.01495
230.7004  316.01488
230.68907  316.01481
230.67773  316.01474
230.6664  316.01467
230.65506  316.0146
230.64372  316.01453
230.63239  316.01446
230.62105  316.01439
230.60972  316.01432
230.59838  316.01425
230.58704  316.01419
230.57571  316.01412
230.56437  316.01405
230.55304  316.01398
230.5417  316.01391
230.53036  316.01385
230.51903  316.01378
230.50769  316.01371
230.49636  316.01364
230.48502  316.01358
230.47368  316.01351
230.46235  316.01344
230.45101  316.01338
230.43968  316.01331
230.42834  316.01324
230.417  316.01318
230.40567  316.01311
230.39433  316.01304
230.383  316.01298
230.37166  316.01291
230.36032  316.01285
230.34899  316.01278
230.33765  316.01271
230.32632  316.01265
230.31498  316.01258
230.30364  316.01252
230.29231  316.01245
230.28097  316.01239
230.26964  316.01232
230.2583  316.01226
230.24696  316.0122
230.23563  316.01213
230.22429  316.01207
230.21296  316.012
230.20162  316.01194
230.19028  316.01188
230.17895  316.01181
230.16761  316.01175
230.15628  316.01169
230.14494  316.01162
230.1336  316.01156
230.12227  316.0115
230.11093  316.01143
230.0996  316.01137
230.08826  316.01131
230.07692  316.01125
230.06559  316.01118
230.05425  316.01112
230.04291  316.01106
230.03158  316.011
230.02024  316.01093
230.00891  316.01087
229.99757  316.01081
229.98623  316.01075
229.9749  316.01069
229.96356  316.01063
229.95223  316.01057
229.94089  316.01051
229.92955  316.01044
229.91822  316.01038
229.90688  316.01032
229.89555  316.01026
229.88421  316.0102
229.87287  316.01014
229.86154  316.01008
229.8502  316.01002
229.83887  316.00996
229.82753  316.0099
229.81619  316.00984
229.80486  316.00978
229.79352  316.00972
229.78219  316.00967
229.77085  316.00961
229.75951  316.00955
229.74818  316.00949
229.73684  316.00943
229.72551  316.00937
229.71417  316.00931
229.70283  316.00925
229.6915  316.0092
229.68016  316.00914
229.66883  316.00908
229.65749  316.00902
229.64615  316.00896
229.63482  316.00891
229.62348  316.00885
229.61215  316.00879
229.60081  316.00873
229.58947  316.00868
229.57814  316.00862
229.5668  316.00856
229.55547  316.00851
229.54413  316.00845
229.53279  316.00839
229.52146  316.00834
229.51012  316.00828
229.49879  316.00822
229.48745  316.00817
229.47611  316.00811
229.46478  316.00806
229.45344  316.008
229.44211  316.00794
229.43077  316.00789
229.41943  316.00783
229.4081  316.00778
229.39676  316.00772
229.38543  316.00767
229.37409  316.00761
229.36275  316.00756
229.35142  316.0075
229.34008  316.00745
229.32874  316.00739
229.31741  316.00734
229.30607  316.00728
229.29474  316.00723
229.2834  316.00718
229.27206  316.00712
229.26073  316.00707
229.24939  316.00701
229.23806  316.00696
229.22672  316.00691
229.21538  316.00685
229.20405  316.0068
229.19271  316.00675
229.18138  316.00669
229.17004  316.00664
229.1587  316.00659
229.14737  316.00653
229.13603  316.00648
229.1247  316.00643
229.11336  316.00638
229.10202  316.00632
229.09069  316.00627
229.07935  316.00622
229.06802  316.00617
229.05668  316.00612
229.04534  316.00606
229.03401  316.00601
229.02267  316.00596
229.01134  316.00591
229  316.00586
228.98866  316.00581
228.97733  316.00576
228.96599  316.0057
228.95466  316.00565
228.94332  316.0056
228.93198  316.00555
228.92065  316.0055
228.90931  316.00545
228.89798  316.0054
228.88664  316.00535
228.8753  316.0053
228.86397  316.00525
228.85263  316.0052
228.8413  316.00515
228.82996  316.0051
228.81862  316.00505
228.80729  316.005
228.79595  316.00495
228.78462  316.0049
228.77328  316.00485
228.76194  316.0048
228.75061  316.00475
228.73927  316.0047
228.72794  316.00465
228.7166  316.00461
228.70526  316.00456
228.69393  316.00451
228.68259  316.00446
228.67126  316.00441
228.65992  316.00436
228.64858  316.00432
228.63725  316.00427
228.62591  316.00422
228.61457  316.00417
228.60324  316.00412
228.5919  316.00408
228.58057  316.00403
228.56923  316.00398
228.55789  316.00393
228.54656  316.00389
228.53522  316.00384
228.52389  316.00379
228.51255  316.00374
228.50121  316.0037
228.48988  316.00365
228.47854  316.0036
228.46721  316.00356
228.45587  316.00351
228.44453  316.00346
228.4332  316.00342
228.42186  316.00337
228.41053  316.00332
228.39919  316.00328
228.38785  316.00323
228.37652  316.00319
228.36518  316.00314
228.35385  316.00309
228.34251  316.00305
228.33117  316.003
228.31984  316.00296
228.3085  316.00291
228.29717  316.00287
228.28583  316.00282
228.27449  316.00278
228.26316  316.00273
228.25182  316.00269
228.24049  316.00264
228.22915  316.0026
228.21781  316.00255
228.20648  316.00251
228.19514  316.00246
228.18381  316.00242
228.17247  316.00238
228.16113  316.00233
228.1498  316.00229
228.13846  316.00224
228.12713  316.0022
228.11579  316.00216
228.10445  316.00211
228.09312  316.00207
228.08178  316.00202
228.07045  316.00198
228.05911  316.00194
228.04777  316.00189
228.03644  316.00185
228.0251  316.00181
228.01377  316.00177
228.00243  316.00172
227.99109  316.00168
227.97976  316.00164
227.96842  316.00159
227.95709  316.00155
227.94575  316.00151
227.93441  316.00147
227.92308  316.00142
227.91174  316.00138
227.9004  316.00134
227.88907  316.0013
227.87773  316.00126
227.8664  316.00121
227.85506  316.00117
227.84372  316.00113
227.83239  316.00109
227.82105  316.00105
227.80972  316.00101
227.79838  316.00096
227.78704  316.00092
227.77571  316.00088
227.76437  316.00084
227.75304  316.0008
227.7417  316.00076
227.73036  316.00072
227.71903  316.00068
227.70769  316.00064
227.69636  316.0006
227.68502  316.00056
227.67368  316.00052
227.66235  316.00047
227.65101  316.00043
227.63968  316.00039
227.62834  316.00035
227.617  316.00031
227.60567  316.00027
227.59433  316.00023
227.583  316.00019
227.57166  316.00015
227.56032  316.00012
227.54899  316.00008
227.53765  316.00004
227.52632  316
227.51498  315.99996
227.50364  315.99992
227.49231  315.99988
227.48097  315.99984
227.46964  315.9998
227.4583  315.99976
227.44696  315.99972
227.43563  315.99968
227.42429  315.99965
227.41296  315.99961
227.40162  315.99957
227.39028  315.99953
227.37895  315.99949
227.36761  315.99945
227.35628  315.99942
227.34494  315.99938
227.3336  315.99934
227.32227  315.9993
227.31093  315.99926
227.2996  315.99923
227.28826  315.99919
227.27692  315.99915
227.26559  315.99911
227.25425  315.99908
227.24291  315.99904
227.23158  315.999
227.22024  315.99896
227.20891  315.99893
227.19757  315.99889
227.18623  315.99885
227.1749  315.99882
227.16356  315.99878
227.15223  315.99874
227.14089  315.99871
227.12955  315.99867
227.11822  315.99863
227.10688  315.9986
227.09555  315.99856
227.08421  315.99852
227.07287  315.99849
227.06154  315.99845
227.0502  315.99841
227.03887  315.99838
227.02753  315.99834
227.01619  315.99831
227.00486  315.99827
226.99352  315.99824
226.98219  315.9982
226.97085  315.99816
226.95951  315.99813
226.94818  315.99809
226.93684  315.99806
226.92551  315.99802
226.91417  315.99799
226.90283  315.99795
226.8915  315.99792
226.88016  315.99788
226.86883  315.99785
226.85749  315.99781
226.84615  315.99778
226.83482  315.99774
226.82348  315.99771
226.81215  315.99767
226.80081  315.99764
226.78947  315.99761
226.77814  315.99757
226.7668  315.99754
226.75547  315.9975
226.74413  315.99747
226.73279  315.99743
226.72146  315.9974
226.71012  315.99737
226.69879  315.99733
226.68745  315.9973
226.67611  315.99726
226.66478  315.99723
226.65344  315.9972
226.64211  315.99716
226.63077  315.99713
226.61943  315.9971
226.6081  315.99706
226.59676  315.99703
226.58543  315.997
226.57409  315.99696
226.56275  315.99693
226.55142  315.9969
226.54008  315.99687
226.52874  315.99683
226.51741  315.9968
226.50607  315.99677
226.49474  315.99673
226.4834  315.9967
226.47206  315.99667
226.46073  315.99664
226.44939  315.99661
226.43806  315.99657
226.42672  315.99654
226.41538  315.99651
226.40405  315.99648
226.39271  315.99644
226.38138  315.99641
226.37004  315.99638
226.3587  315.99635
226.34737  315.99632
226.33603  315.99629
226.3247  315.99625
226.31336  315.99622
226.30202  315.99619
226.29069  315.99616
226.27935  315.99613
226.26802  315.9961
226.25668  315.99607
226.24534  315.99603
226.23401  315.996
226.22267  315.99597
226.21134  315.99594
226.2  315.99591
226.18866  315.99588
226.17733  315.99585
226.16599  315.99582
226.15466  315.99579
226.14332  315.99576
226.13198  315.99573
226.12065  315.9957
226.10931  315.99567
226.09798  315.99564
226.08664  315.99561
226.0753  315.99557
226.06397  315.99554
226.05263  315.99551
226.0413  315.99548
226.02996  315.99545
226.01862  315.99542
226.00729  315.9954
225.99595  315.99537
225.98462  315.99534
225.97328  315.99531
225.96194  315.99528
225.95061  315.99525
225.93927  315.99522
225.92794  315.99519
225.9166  315.99516
225.90526  315.99513
225.89393  315.9951
225.88259  315.99507
225.87126  315.99504
225.85992  315.99501
225.84858  315.99498
225.83725  315.99496
225.82591  315.99493
225.81457  315.9949
225.80324  315.99487
225.7919  315.99484
225.78057  315.99481
225.76923  315.99478
225.75789  315.99475
225.74656  315.99473
225.73522  315.9947
225.72389  315.99467
225.71255  315.99464
225.70121  315.99461
225.68988  315.99458
225.67854  315.99456
225.66721  315.99453
225.65587  315.9945
225.64453  315.99447
225.6332  315.99445
225.62186  315.99442
225.61053  315.99439
225.59919  315.99436
225.58785  315.99433
225.57652  315.99431
225.56518  315.99428
225.55385  315.99425
225.54251  315.99422
225.53117  315.9942
225.51984  315.99417
225.5085  315.99414
225.49717  315.99412
225.48583  315.99409
225.47449  315.99406
225.46316  315.99403
225.45182  315.99401
225.44049  315.99398
225.42915  315.99395
225.41781  315.99393
225.40648  315.9939
225.39514  315.99387
225.38381  315.99385
225.37247  315.99382
225.36113  315.99379
225.3498  315.99377
225.33846  315.99374
225.32713  315.99372
225.31579  315.99369
225.30445  315.99366
225.29312  315.99364
225.28178  315.99361
225.27045  315.99358
225.25911  315.99356
225.24777  315.99353
225.23644  315.99351
225.2251  315.99348
225.21377  315.99346
225.20243  315.99343
225.19109  315.9934
225.17976  315.99338
225.16842  315.99335
225.15709  315.99333
225.14575  315.9933
225.13441  315.99328
225.12308  315.99325
225.11174  315.99323
225.1004  315.9932
225.08907  315.99318
225.07773  315.99315
225.0664  315.99313
225.05506  315.9931
225.04372  315.99308
225.03239  315.99305
225.02105  315.99303
225.00972  315.993
224.99838  315.99298
224.98704  315.99295
224.97571  315.99293
224.96437  315.9929
224.95304  315.99288
224.9417  315.99285
224.93036  315.99283
224.91903  315.9928
224.90769  315.99278
224.89636  315.99276
224.88502  315.99273
224.87368  315.99271
224.86235  315.99268
224.85101  315.99266
224.83968  315.99264
224.82834  315.99261
224.817  315.99259
224.80567  315.99256
224.79433  315.99254
224.783  315.99252
224.77166  315.99249
224.76032  315.99247
224.74899  315.99245
224.73765  315.99242
224.72632  315.9924
224.71498  315.99237
224.70364  315.99235
224.69231  315.99233
224.68097  315.9923
224.66964  315.99228
224.6583  315.99226
224.64696  315.99223
224.63563  315.99221
224.62429  315.99219
224.61296  315.99217
224.60162  315.99214
224.59028  315.99212
224.57895  315.9921
224.56761  315.99207
224.55628  315.99205
224.54494  315.99203
224.5336  315.99201
224.52227  315.99198
224.51093  315.99196
224.4996  315.99194
224.48826  315.99192
224.47692  315.99189
224.46559  315.99187
224.45425  315.99185
224.44291  315.99183
224.43158  315.9918
224.42024  315.99178
224.40891  315.99176
224.39757  315.99174
224.38623  315.99172
224.3749  315.99169
224.36356  315.99167
224.35223  315.99165
224.34089  315.99163
224.32955  315.99161
224.31822  315.99158
224.30688  315.99156
224.29555  315.99154
224.28421  315.99152
224.27287  315.9915
224.26154  315.99148
224.2502  315.99145
224.23887  315.99143
224.22753  315.99141
224.21619  315.99139
224.20486  315.99137
224.19352  315.99135
224.18219  315.99133
224.17085  315.9913
224.15951  315.99128
224.14818  315.99126
224.13684  315.99124
224.12551  315.99122
224.11417  315.9912
224.10283  315.99118
224.0915  315.99116
224.08016  315.99114
224.06883  315.99112
224.05749  315.9911
224.04615  315.99107
224.03482  315.99105
224.02348  315.99103
224.01215  315.99101
224.00081  315.99099
223.98947  315.99097
223.97814  315.99095
223.9668  315.99093
223.95547  315.99091
223.94413  315.99089
223.93279  315.99087
223.92146  315.99085
223.91012  315.99083
223.89879  315.99081
223.88745  315.99079
223.87611  315.99077
223.86478  315.99075
223.85344  315.99073
223.84211  315.99071
223.83077  315.99069
223.81943  315.99067
223.8081  315.99065
223.79676  315.99063
223.78543  315.99061
223.77409  315.99059
223.76275  315.99057
223.75142  315.99055
223.74008  315.99053
223.72874  315.99051
223.71741  315.99049
223.70607  315.99047
223.69474  315.99045
223.6834  315.99044
223.67206  315.99042
223.66073  315.9904
223.64939  315.99038
223.63806  315.99036
223.62672  315.99034
223.61538  315.99032
223.60405  315.9903
223.59271  315.99028
223.58138  315.99026
223.57004  315.99024
223.5587  315.99023
223.54737  315.99021
223.53603  315.99019
223.5247  315.99017
223.51336  315.99015
223.50202  315.99013
223.49069  315.99011
223.47935  315.99009
223.46802  315.99008
223.45668  315.99006
223.44534  315.99004
223.43401  315.99002
223.42267  315.99
223.41134  315.98998
223.4  315.98997
223.38866  315.98995
223.37733  315.98993
223.36599  315.98991
223.35466  315.98989
223.34332  315.98987
223.33198  315.98986
223.32065  315.98984
223.30931  315.98982
223.29798  315.9898
223.28664  315.98978
223.2753  315.98977
223.26397  315.98975
223.25263  315.98973
223.2413  315.98971
223.22996  315.9897
223.21862  315.98968
223.20729  315.98966
223.19595  315.98964
223.18462  315.98963
223.17328  315.98961
223.16194  315.98959
223.15061  315.98957
223.13927  315.98956
223.12794  315.98954
223.1166  315.98952
223.10526  315.9895
223.09393  315.98949
223.08259  315.98947
223.07126  315.98945
223.05992  315.98943
223.04858  315.98942
223.03725  315.9894
223.02591  315.98938
223.01457  315.98937
223.00324  315.98935
222.9919  315.98933
222.98057  315.98932
222.96923  315.9893
222.95789  315.98928
222.94656  315.98927
222.93522  315.98925
222.92389  315.98923
222.91255  315.98922
222.90121  315.9892
222.88988  315.98918
222.87854  315.98917
222.86721  315.98915
222.85587  315.98913
222.84453  315.98912
222.8332  315.9891
222.82186  315.98908
222.81053  315.98907
222.79919  315.98905
222.78785  315.98903
222.77652  315.98902
222.76518  315.989
222.75385  315.98899
222.74251  315.98897
222.73117  315.98895
222.71984  315.98894
222.7085  315.98892
222.69717  315.98891
222.68583  315.98889
222.67449  315.98887
222.66316  315.98886
222.65182  315.98884
222.64049  315.98883
222.62915  315.98881
222.61781  315.98879
222.60648  315.98878
222.59514  315.98876
222.58381  315.98875
222.57247  315.98873
222.56113  315.98872
222.5498  315.9887
222.53846  315.98869
222.52713  315.98867
222.51579  315.98865
222.50445  315.98864
222.49312  315.98862
222.48178  315.98861
222.47045  315.98859
222.45911  315.98858
222.44777  315.98856
222.43644  315.98855
222.4251  315.98853
222.41377  315.98852
222.40243  315.9885
222.39109  315.98849
222.37976  315.98847
222.36842  315.98846
222.35709  315.98844
222.34575  315.98843
222.33441  315.98841
222.32308  315.9884
222.31174  315.98838
222.3004  315.98837
222.28907  315.98835
222.27773  315.98834
222.2664  315.98832
222.25506  315.98831
222.24372  315.9883
222.23239  315.98828
222.22105  315.98827
222.20972  315.98825
222.19838  315.98824
222.18704  315.98822
222.17571  315.98821
222.16437  315.98819
222.15304  315.98818
222.1417  315.98817
222.13036  315.98815
222.11903  315.98814
222.10769  315.98812
222.09636  315.98811
222.08502  315.98809
222.07368  315.98808
222.06235  315.98807
222.05101  315.98805
222.03968  315.98804
222.02834  315.98802
222.017  315.98801
222.00567  315.988
221.99433  315.98798
221.983  315.98797
221.97166  315.98795
221.96032  315.98794
221.94899  315.98793
221.93765  315.98791
221.92632  315.9879
221.91498  315.98789
221.90364  315.98787
221.89231  315.98786
221.88097  315.98784
221.86964  315.98783
221.8583  315.98782
221.84696  315.9878
221.83563  315.98779
221.82429  315.98778
221.81296  315.98776
221.80162  315.98775
221.79028  315.98774
221.77895  315.98772
221.76761  315.98771
221.75628  315.9877
221.74494  315.98768
221.7336  315.98767
221.72227  315.98766
221.71093  315.98764
221.6996  315.98763
221.68826  315.98762
221.67692  315.98761
221.66559  315.98759
221.65425  315.98758
221.64291  315.98757
221.63158  315.98755
221.62024  315.98754
221.60891  315.98753
221.59757  315.98751
221.58623  315.9875
221.5749  315.98749
221.56356  315.98748
221.55223  315.98746
221.54089  315.98745
221.52955  315.98744
221.51822  315.98743
221.50688  315.98741
221.49555  315.9874
221.48421  315.98739
221.47287  315.98738
221.46154  315.98736
221.4502  315.98735
221.43887  315.98734
221.42753  315.98733
221.41619  315.98731
221.40486  315.9873
221.39352  315.98729
221.38219  315.98728
221.37085  315.98726
221.35951  315.98725
221.34818  315.98724
221.33684  315.98723
221.32551  315.98722
221.31417  315.9872
221.30283  315.98719
221.2915  315.98718
221.28016  315.98717
221.26883  315.98716
221.25749  315.98714
221.24615  315.98713
221.23482  315.98712
221.22348  315.98711
221.21215  315.9871
221.20081  315.98708
221.18947  315.98707
221.17814  315.98706
221.1668  315.98705
221.15547  315.98704
221.14413  315.98702
221.13279  315.98701
221.12146  315.987
221.11012  315.98699
221.09879  315.98698
221.08745  315.98697
221.07611  315.98696
221.06478  315.98694
221.05344  315.98693
221.04211  315.98692
221.03077  315.98691
221.01943  315.9869
221.0081  315.98689
220.99676  315.98688
220.98543  315.98686
220.97409  315.98685
220.96275  315.98684
220.95142  315.98683
220.94008  315.98682
220.92874  315.98681
220.91741  315.9868
220.90607  315.98679
220.89474  315.98677
220.8834  315.98676
220.87206  315.98675
220.86073  315.98674
220.84939  315.98673
220.83806  315.98672
220.82672  315.98671
220.81538  315.9867
220.80405  315.98669
220.79271  315.98668
220.78138  315.98667
220.77004  315.98665
220.7587  315.98664
220.74737  315.98663
220.73603  315.98662
220.7247  315.98661
220.71336  315.9866
220.70202  315.98659
220.69069  315.98658
220.67935  315.98657
220.66802  315.98656
220.65668  315.98655
220.64534  315.98654
220.63401  315.98653
220.62267  315.98652
220.61134  315.98651
220.6  315.9865
220.58866  315.98648
220.57733  315.98647
220.56599  315.98646
220.55466  315.98645
220.54332  315.98644
220.53198  315.98643
220.52065  315.98642
220.50931  315.98641
220.49798  315.9864
220.48664  315.98639
220.4753  315.98638
220.46397  315.98637
220.45263  315.98636
220.4413  315.98635
220.42996  315.98634
220.41862  315.98633
220.40729  315.98632
220.39595  315.98631
220.38462  315.9863
220.37328  315.98629
220.36194  315.98628
220.35061  315.98627
220.33927  315.98626
220.32794  315.98625
220.3166  315.98624
220.30526  315.98623
220.29393  315.98622
220.28259  315.98621
220.27126  315.9862
220.25992  315.98619
220.24858  315.98618
220.23725  315.98617
220.22591  315.98617
220.21457  315.98616
220.20324  315.98615
220.1919  315.98614
220.18057  315.98613
220.16923  315.98612
220.15789  315.98611
220.14656  315.9861
220.13522  315.98609
220.12389  315.98608
220.11255  315.98607
220.10121  315.98606
220.08988  315.98605
220.07854  315.98604
220.06721  315.98603
220.05587  315.98602
220.04453  315.98601
220.0332  315.98601
220.02186  315.986
220.01053  315.98599
219.99919  315.98598
219.98785  315.98597
219.97652  315.98596
219.96518  315.98595
219.95385  315.98594
219.94251  315.98593
219.93117  315.98592
219.91984  315.98591
219.9085  315.98591
219.89717  315.9859
219.88583  315.98589
219.87449  315.98588
219.86316  315.98587
219.85182  315.98586
219.84049  315.98585
219.82915  315.98584
219.81781  315.98583
219.80648  315.98583
219.79514  315.98582
219.78381  315.98581
219.77247  315.9858
219.76113  315.98579
219.7498  315.98578
219.73846  315.98577
219.72713  315.98577
219.71579  315.98576
219.70445  315.98575
219.69312  315.98574
219.68178  315.98573
219.67045  315.98572
219.65911  315.98571
219.64777  315.98571
219.63644  315.9857
219.6251  315.98569
219.61377  315.98568
219.60243  315.98567
219.59109  315.98566
219.57976  315.98566
219.56842  315.98565
219.55709  315.98564
219.54575  315.98563
219.53441  315.98562
219.52308  315.98561
219.51174  315.98561
219.5004  315.9856
219.48907  315.98559
219.47773  315.98558
219.4664  315.98557
219.45506  315.98557
219.44372  315.98556
219.43239  315.98555
219.42105  315.98554
219.40972  315.98553
219.39838  315.98553
219.38704  315.98552
219.37571  315.98551
219.36437  315.9855
219.35304  315.98549
219.3417  315.98549
219.33036  315.98548
219.31903  315.98547
219.30769  315.98546
219.29636  315.98545
219.28502  315.98545
219.27368  315.98544
219.26235  315.98543
219.25101  315.98542
219.23968  315.98542
219.22834  315.98541
219.217  315.9854
219.20567  315.98539
219.19433  315.98539
219.183  315.98538
219.17166  315.98537
219.16032  315.98536
219.14899  315.98536
219.13765  315.98535
219.12632  315.98534
219.11498  315.98533
219.10364  315.98533
219.09231  315.98532
219.08097  315.98531
219.06964  315.9853
219.0583  315.9853
219.04696  315.98529
219.03563  315.98528
219.02429  315.98527
219.01296  315.98527
219.00162  315.98526
218.99028  315.98525
218.97895  315.98525
218.96761  315.98524
218.95628  315.98523
218.94494  315.98522
218.9336  315.98522
218.92227  315.98521
218.91093  315.9852
218.8996  315.9852
218.88826  315.98519
218.87692  315.98518
218.86559  315.98517
218.85425  315.98517
218.84291  315.98516
218.83158  315.98515
218.82024  315.98515
218.80891  315.98514
218.79757  315.98513
218.78623  315.98513
218.7749  315.98512
218.76356  315.98511
218.75223  315.98511
218.74089  315.9851
218.72955  315.98509
218.71822  315.98508
218.70688  315.98508
218.69555  315.98507
218.68421  315.98506
218.67287  315.98506
218.66154  315.98505
218.6502  315.98504
218.63887  315.98504
218.62753  315.98503
218.61619  315.98502
218.60486  315.98502
218.59352  315.98501
218.58219  315.98501
218.57085  315.985
218.55951  315.98499
218.54818  315.98499
218.53684  315.98498
218.52551  315.98497
218.51417  315.98497
218.50283  315.98496
218.4915  315.98495
218.48016  315.98495
218.46883  315.98494
218.45749  315.98493
218.44615  315.98493
218.43482  315.98492
218.42348  315.98492
218.41215  315.98491
218.40081  315.9849
218.38947  315.9849
218.37814  315.98489
218.3668  315.98488
218.35547  315.98488
218.34413  315.98487
218.33279  315.98487
218.32146  315.98486
218.31012  315.98485
218.29879  315.98485
218.28745  315.98484
218.27611  315.98484
218.26478  315.98483
218.25344  315.98482
218.24211  315.98482
218.23077  315.98481
218.21943  315.98481
218.2081  315.9848
218.19676  315.98479
218.18543  315.98479
218.17409  315.98478
218.16275  315.98478
218.15142  315.98477
218.14008  315.98477
218.12874  315.98476
218.11741  315.98475
218.10607  315.98475
218.09474  315.98474
218.0834  315.98474
218.07206  315.98473
218.06073  315.98473
218.04939  315.98472
218.03806  315.98471
218.02672  315.98471
218.01538  315.9847
218.00405  315.9847
217.99271  315.98469
217.98138  315.98469
217.97004  315.98468
217.9587  315.98467
217.94737  315.98467
217.93603  315.98466
217.9247  315.98466
217.91336  315.98465
217.90202  315.98465
217.89069  315.98464
217.87935  315.98464
217.86802  315.98463
217.85668  315.98463
217.84534  315.98462
217.83401  315.98462
217.82267  315.98461
217.81134  315.9846
217.8  315.9846
217.78866  315.98459
217.77733  315.98459
217.76599  315.98458
217.75466  315.98458
217.74332  315.98457
217.73198  315.98457
217.72065  315.98456
217.70931  315.98456
217.69798  315.98455
217.68664  315.98455
217.6753  315.98454
217.66397  315.98454
217.65263  315.98453
217.6413  315.98453
217.62996  315.98452
217.61862  315.98452
217.60729  315.98451
217.59595  315.98451
217.58462  315.9845
217.57328  315.9845
217.56194  315.98449
217.55061  315.98449
217.53927  315.98448
217.52794  315.98448
217.5166  315.98447
217.50526  315.98447
217.49393  315.98446
217.48259  315.98446
217.47126  315.98445
217.45992  315.98445
217.44858  315.98444
217.43725  315.98444
217.42591  315.98443
217.41457  315.98443
217.40324  315.98443
217.3919  315.98442
217.38057  315.98442
217.36923  315.98441
217.35789  315.98441
217.34656  315.9844
217.33522  315.9844
217.32389  315.98439
217.31255  315.98439
217.30121  315.98438
217.28988  315.98438
217.27854  315.98437
217.26721  315.98437
217.25587  315.98437
217.24453  315.98436
217.2332  315.98436
217.22186  315.98435
217.21053  315.98435
217.19919  315.98434
217.18785  315.98434
217.17652  315.98433
217.16518  315.98433
217.15385  315.98433
217.14251  315.98432
217.13117  315.98432
217.11984  315.98431
217.1085  315.98431
217.09717  315.9843
217.08583  315.9843
217.07449  315.9843
217.06316  315.98429
217.05182  315.98429
217.04049  315.98428
217.02915  315.98428
217.01781  315.98428
217.00648  315.98427
216.99514  315.98427
216.98381  315.98426
216.97247  315.98426
216.96113  315.98425
216.9498  315.98425
216.93846  315.98425
216.92713  315.98424
216.91579  315.98424
216.90445  315.98423
216.89312  315.98423
216.88178  315.98423
216.87045  315.98422
216.85911  315.98422
216.84777  315.98422
216.83644  315.98421
216.8251  315.98421
216.81377  315.9842
216.80243  315.9842
216.79109  315.9842
216.77976  315.98419
216.76842  315.98419
216.75709  315.98418
216.74575  315.98418
216.73441  315.98418
216.72308  315.98417
216.71174  315.98417
216.7004  315.98417
216.68907  315.98416
216.67773  315.98416
216.6664  315.98415
216.65506  315.98415
216.64372  315.98415
216.63239  315.98414
216.62105  315.98414
216.60972  315.98414
216.59838  315.98413
216.58704  315.98413
216.57571  315.98413
216.56437  315.98412
216.55304  315.98412
216.5417  315.98412
216.53036  315.98411
216.51903  315.98411
216.50769  315.9841
216.49636  315.9841
216.48502  315.9841
216.47368  315.98409
216.46235  315.98409
216.45101  315.98409
216.43968  315.98408
216.42834  315.98408
216.417  315.98408
216.40567  315.98407
216.39433  315.98407
216.383  315.98407
216.37166  315.98406
216.36032  315.98406
216.34899  315.98406
216.33765  315.98405
216.32632  315.98405
216.31498  315.98405
216.30364  315.98405
216.29231  315.98404
216.28097  315.98404
216.26964  315.98404
216.2583  315.98403
216.24696  315.98403
216.23563  315.98403
216.22429  315.98402
216.21296  315.98402
216.20162  315.98402
216.19028  315.98401
216.17895  315.98401
216.16761  315.98401
216.15628  315.98401
216.14494  315.984
216.1336  315.984
216.12227  315.984
216.11093  315.98399
216.0996  315.98399
216.08826  315.98399
216.07692  315.98398
216.06559  315.98398
216.05425  315.98398
216.04291  315.98398
216.03158  315.98397
216.02024  315.98397
216.00891  315.98397
215.99757  315.98396
215.98623  315.98396
215.9749  315.98396
215.96356  315.98396
215.95223  315.98395
215.94089  315.98395
215.92955  315.98395
215.91822  315.98395
215.90688  315.98394
215.89555  315.98394
215.88421  315.98394
215.87287  315.98394
215.86154  315.98393
215.8502  315.98393
215.83887  315.98393
215.82753  315.98392
215.81619  315.98392
215.80486  315.98392
215.79352  315.98392
215.78219  315.98391
215.77085  315.98391
215.75951  315.98391
215.74818  315.98391
215.73684  315.9839
215.72551  315.9839
215.71417  315.9839
215.70283  315.9839
215.6915  315.98389
215.68016  315.98389
215.66883  315.98389
215.65749  315.98389
215.64615  315.98389
215.63482  315.98388
215.62348  315.98388
215.61215  315.98388
215.60081  315.98388
215.58947  315.98387
215.57814  315.98387
215.5668  315.98387
215.55547  315.98387
215.54413  315.98386
215.53279  315.98386
215.52146  315.98386
215.51012  315.98386
215.49879  315.98386
215.48745  315.98385
215.47611  315.98385
215.46478  315.98385
215.45344  315.98385
215.44211  315.98385
215.43077  315.98384
215.41943  315.98384
215.4081  315.98384
215.39676  315.98384
215.38543  315.98383
215.37409  315.98383
215.36275  315.98383
215.35142  315.98383
215.34008  315.98383
215.32874  315.98382
215.31741  315.98382
215.30607  315.98382
215.29474  315.98382
215.2834  315.98382
215.27206  315.98382
215.26073  315.98381
215.24939  315.98381
215.23806  315.98381
215.22672  315.98381
215.21538  315.98381
215.20405  315.9838
215.19271  315.9838
215.18138  315.9838
215.17004  315.9838
215.1587  315.9838
215.14737  315.9838
215.13603  315.98379
215.1247  315.98379
215.11336  315.98379
215.10202  315.98379
215.09069  315.98379
215.07935  315.98378
215.06802  315.98378
215.05668  315.98378
215.04534  315.98378
215.03401  315.98378
215.02267  315.98378
215.01134  315.98378
215  315.98377

# Result Name:                  Residuum
# Number of Curves:             1
#
# Curve:                        0
# Values/Curve:                 421
#
257  -29.901858
256.9  -9.5228744
256.8  -1.4396048
256.7  11.030221
256.6  -7.2247936
256.5  14.315951
256.4  -0.70245811
256.3  9.7962241
256.2  -5.7825088
256.1  -10.748662
256  -3.2603505
255.9  14.274019
255.8  13.605455
255.7  -9.8426199
255.6  -14.073362
255.5  -14.442724
255.4  16.810112
255.3  4.6555865
255.2  -13.64633
255.1  -1.1618511
255  1.483908
254.9  5.047216
254.8  2.6869807
254.7  11.050422
254.6  -4.3590747
254.5  2.4476876
254.4  4.9312061
254.3  0.76195662
254.2  -16.412777
254.1  1.0991259
254  -14.425972
253.9  -6.9844957
253.8  7.037504
253.7  -2.6843608
253.6  8.1003988
253.5  1.7259592
253.4  -0.9543851
253.3  -9.671823
253.2  0.83521086
253.1  12.367619
253  1.2279818
252.9  0.51431845
252.8  -0.59572034
252.7  6.9734338
252.6  -6.9434213
252.5  -14.455609
252.4  17.31025
252.3  -24.020188
252.2  -2.8198458
252.1  11.60037
252  0.80636149
251.9  4.5731145
251.8  -14.002533
251.7  9.2756416
251.6  7.8366537
251.5  -10.951755
251.4  12.392354
251.3  12.639671
251.2  -1.6736879
251.1  16.40323
251  -8.3089929
250.9  16.601005
250.8  -1.8829731
250.7  5.8846203
250.6  -3.2992065
250.5  11.123247
250.4  -5.7663251
250.3  -24.215207
250.2  -5.3374505
250.1  6.7699464
250  -5.2593483
249.9  3.9711548
249.8  0.48080701
249.7  -18.145119
249.6  -11.40673
249.5  2.7299896
249.4  7.4988353
249.3  17.232521
249.2  16.660188
249.1  -0.51512264
249  14.56455
248.9  11.641262
248.8  5.3485661
248.7  -6.9613994
248.6  5.5841019
248.5  -14.063615
248.4  17.027133
248.3  17.598386
248.2  22.961776
248.1  -2.2593104
248  7.9881285
247.9  4.4833053
247.8  19.353706
247.7  -2.4816363
247.6  -19.712682
247.5  -6.7051077
247.4  25.496013
247.3  -12.296952
247.2  12.504471
247.1  -1.4268101
247  -8.8535495
246.9  -7.2981485
246.8  7.6541909
246.7  25.077301
246.6  7.1017435
246.5  -9.331638
246.4  12.643117
246.3  2.5230188
246.2  -4.4741946
246.1  -6.5172657
246  -1.8025988
245.9  11.539777
245.8  11.853007
245.7  33.08798
245.6  -9.4796783
245.5  4.2896222
245.4  2.5871348
245.3  17.525549
245.2  4.1994842
245.1  18.756272
245  12.29657
244.9  18.031457
244.8  19.548628
244.7  9.1155996
244.6  18.463086
244.5  -1.6903659
244.4  20.222984
244.3  1.7012879
244.2  5.395721
244.1  14.721029
244  4.3233483
243.9  21.263642
243.8  -0.40951787
243.7  -6.1609472
243.6  -0.46922889
243.5  8.8230157
243.4  3.7961676
243.3  -5.138328
243.2  8.9937473
243.1  9.3193969
243  25.99509
242.9  2.5415473
242.8  14.254951
242.7  3.182697
242.6  10.901396
242.5  7.5658649
242.4  5.1332715
242.3  23.220756
242.2  8.7871539
242.1  -8.1493565
242  -6.7990027
241.9  19.412125
241.8  8.6390593
241.7  3.7453174
241.6  -15.533606
241.5  -0.52336442
241.4  5.3975063
241.3  12.801539
241.2  5.0243553
241.1  9.0500638
241  10.187897
240.9  -1.4919927
240.8  -3.1141337
240.7  20.400174
240.6  13.786964
240.5  7.0087723
240.4  6.1909531
240.3  21.268729
240.2  21.805237
240.1  5.9318827
240  1.5444187
239.9  4.9359662
239.8  11.808198
239.7  -8.7017638
239.6  19.663994
239.5  -0.051843343
239.4  4.0682139
239.3  6.7098631
239.2  -10.860376
239.1  -5.3075744
239  13.188067
238.9  5.5465151
238.8  0.48233461
238.7  -10.600215
238.6  4.8516134
238.5  11.155342
238.4  -12.033705
238.3  21.406745
238.2  17.335894
238.1  -1.064962
238  -3.3618491
237.9  -6.1519612
237.8  -0.3979636
237.7  8.3772996
237.6  -7.8145749
237.5  -3.0287238
237.4  1.726449
237.3  28.740434
237.2  -0.52867745
237.1  16.817381
237  24.723409
236.9  -10.990768
236.8  12.918251
236.7  12.106423
236.6  4.3120766
236.5  -14.750852
236.4  25.357873
236.3  4.4962971
236.2  20.651566
236.1  -0.81346439
236  -0.12183763
235.9  0.57523689
235.8  8.0726937
235.7  14.32418
235.6  -7.3047842
235.5  -7.5083989
235.4  7.9881032
235.3  4.6231657
235.2  17.320984
235.1  -6.0323851
235  -1.9523368
234.9  -0.21003437
234.8  -1.7110998
234.7  6.1392023
234.6  -14.197442
234.5  -9.2496511
234.4  -12.850712
234.3  5.2444107
234.2  -8.8064257
234.1  -14.781569
234  -1.2314937
233.9  -11.483552
233.8  -13.347022
233.7  -1.1903883
233.6  -22.339755
233.5  -5.4438254
233.4  -26.114952
233.3  7.9104286
233.2  6.3597509
233.1  8.4997307
233  6.9299563
232.9  -24.182044
232.8  -1.3443808
232.7  4.4205366
232.6  -4.9914771
232.5  7.7289396
232.4  2.3281988
232.3  29.621344
232.2  18.596426
232.1  -0.2134868
232  -11.369745
231.9  10.634778
231.8  -16.276464
231.7  1.1253211
231.6  4.7118425
231.5  21.442226
231.4  6.7506717
231.3  2.3286594
231.2  -1.2074133
231.1  -8.0066627
231  -2.5863936
230.9  -0.093181217
230.8  -11.903346
230.7  1.1441725
230.6  13.864446
230.5  2.5894511
230.4  9.3630742
230.3  6.7973687
230.2  11.319985
230.1  11.494473
230  -5.0390959
229.9  16.591937
229.8  -20.216235
229.7  8.5383635
229.6  -6.9291565
229.5  -2.119653
229.4  13.174362
229.3  0.90279745
229.2  -8.2161342
229.1  -14.504963
229  -9.0634283
228.9  -7.7345451
228.8  -4.1205694
228.7  18.737279
228.6  -0.095867778
228.5  31.777612
228.4  -0.82314882
228.3  -14.260721
228.2  -13.806539
228.1  -4.3967316
228  0.30708983
227.9  -12.750904
227.8  -17.528403
227.7  15.278462
227.6  -7.9893869
227.5  -16.471277
227.4  -20.240289
227.3  -18.6096
227.2  -11.621046
227.1  -13.827108
227  -10.40041
226.9  -2.0415343
226.8  -11.330095
226.7  9.7458159
226.6  5.5801651
226.5  13.666811
226.4  -12.044815
226.3  -25.699905
226.2  7.8383731
226.1  -4.8215218
226  -1.4411386
225.9  -30.856018
225.8  -0.85862823
225.7  24.873867
225.6  15.739455
225.5  -10.726484
225.4  -24.073275
225.3  4.6762359
225.2  -24.694212
225.1  -18.762776
225  -17.830584
224.9  6.3244984
224.8  2.2009236
224.7  -10.849223
224.6  -16.707695
224.5  -7.4055158
224.4  -4.4779894
224.3  -19.264194
224.2  -8.4593458
224.1  -3.4919298
224  -23.572218
223.9  14.043566
223.8  4.8970479
223.7  -2.0671658
223.6  9.7315523
223.5  -19.932099
223.4  19.135583
223.3  9.36911
223.2  -12.386024
223.1  -3.0205244
223  -29.028934
222.9  -4.4545576
222.8  3.8860962
222.7  -3.3007458
222.6  -13.676739
222.5  -7.0367665
222.4  4.9136074
222.3  -4.1989833
222.2  -1.8053427
222.1  5.9313699
222  1.22066
221.9  12.969333
221.8  -8.9022746
221.7  -22.38607
221.6  -20.592751
221.5  -9.1215886
221.4  -7.4277082
221.3  -22.373485
221.2  0.37932896
221.1  5.7030963
221  -5.1049236
220.9  -5.262416
220.8  -5.440732
220.7  -1.8669781
220.6  -2.3002366
220.5  6.7956604
220.4  -14.376423
220.3  -22.844918
220.2  -13.252042
220.1  7.4470176
220  2.7678561
219.9  8.7519589
219.8  5.4013273
219.7  -26.574444
219.6  -23.923082
219.5  -3.3723363
219.4  4.9722703
219.3  -13.284577
219.2  -11.246091
219.1  -3.2813422
219  -7.6369976
218.9  -9.1832721
218.8  -3.5624351
218.7  -35.099912
218.6  -9.6225747
218.5  -14.221733
218.4  -15.942071
218.3  -2.2838116
218.2  6.5520966
218.1  3.7760873
218  0.11751617
217.9  8.5311416
217.8  0.82821126
217.7  -2.540398
217.6  5.61685
217.5  -7.1294579
217.4  1.061224
217.3  6.3801125
217.2  -1.6874972
217.1  11.736595
217  12.188754
216.9  12.302841
216.8  -0.79241834
216.7  -5.7935892
216.6  10.526682
216.5  -21.007705
216.4  2.2609833
216.3  -10.548588
216.2  -10.04097
216.1  -0.017332197
216  1.1208829
215.9  11.68555
215.8  0.15281473
215.7  6.2844265
215.6  2.8362707
215.5  -13.76073
215.4  -3.2060037
215.3  -1.8241862
215.2  -7.7105093
215.1  5.6734111
215  -2.7228581

# Region:                       Al 2p Hi Res
# Spectrum ID:                  7
# Acquisition Date:             07/22/26 21:13:54 UTC
# Analysis Method:              XPS
# Analyzer:                     PHOIBOS MCD5 Analyzer
# Analyzer Lens:                LargeArea:1.5kV
# Analyzer Slit:                5:7x20\B:open
# Scan Mode:                    FixedAnalyzerTransmission
# Curves/Scan:                  1
# Values/Curve:                 331
# Dwell Time:                   0.1
# Excitation Energy:            1486.61
# Binding Energy:               90
# Pass Energy:                  10
# Bias Voltage:                 90
# Detector Voltage:             3000
# Eff. Workfunction:            4.543
# Source:                       X-Ray Dummy
# Comment:                      
#
# Cycle: 0
# Number of Scans: 25
#
# Cycle: 0, Curve: 0
# Acquisition Date:             07/22/26 21:13:54 UTC
#
# ColumnLabels:                 energy counts/s
#
90  313.75062
89.9  326.83435
89.8  332.99056
89.7  344.02622
89.6  333.47766
89.5  359.88353
89.4  359.65866
89.3  375.35817
89.2  414.14972
89.1  425.22605
89  482.27514
88.9  532.71709
88.8  554.2581
88.7  600.46217
88.6  609.82359
88.5  636.96686
88.4  633.46064
88.3  677.49749
88.2  638.74398
88.1  615.68832
88  555.82382
87.9  504.71578
87.8  473.86726
87.7  444.49941
87.6  422.75235
87.5  373.02687
87.4  349.80269
87.3  332.41068
87.2  310.80145
87.1  322.46975
87  304.60347
86.9  306.01243
86.8  297.23375
86.7  307.52096
86.6  301.37831
86.5  317.89696
86.4  304.99213
86.3  312.33036
86.2  312.55313
86.1  327.96368
86  336.65496
85.9  343.8176
85.8  367.62645
85.7  371.6226
85.6  407.71863
85.5  426.54788
85.4  473.53327
85.3  497.93699
85.2  569.73667
85.1  610.6704
85  664.1313
84.9  699.45738
84.8  709.61079
84.7  787.135
84.6  740.53743
84.5  697.08826
84.4  635.46801
84.3  600.71365
84.2  538.66512
84.1  453.68681
84  441.52712
83.9  368.09513
83.8  344.14314
83.7  332.38169
83.6  316.53117
83.5  297.90194
83.4  286.48029
83.3  273.47954
83.2  262.68253
83.1  258.35727
83  264.23259
82.9  259.32336
82.8  241.98119
82.7  245.56772
82.6  233.46301
82.5  252.45776
82.4  255.77701
82.3  245.31868
82.2  252.06078
82.1  253.6425
82  248.98035
81.9  243.51305
81.8  231.87253
81.7  235.05502
81.6  228.30836
81.5  265.91929
81.4  245.94871
81.3  239.04064
81.2  237.97122
81.1  254.90981
81  254.68017
80.9  254.91562
80.8  240.88967
80.7  245.633
80.6  275.07441
80.5  253.22907
80.4  257.71624
80.3  260.65833
80.2  258.68543
80.1  265.61142
80  257.44763
79.9  280.94317
79.8  292.0452
79.7  267.35128
79.6  263.882
79.5  284.96191
79.4  274.93252
79.3  281.34011
79.2  272.72206
79.1  271.51718
79  274.42325
78.9  268.88931
78.8  275.41314
78.7  279.54926
78.6  268.57729
78.5  258.28775
78.4  275.73965
78.3  273.85954
78.2  263.30718
78.1  241.96593
78  249.20836
77.9  256.42913
77.8  248.06748
77.7  251.81194
77.6  236.56396
77.5  239.56518
77.4  228.77251
77.3  241.04231
77.2  240.57578
77.1  234.27137
77  242.63926
76.9  232.91578
76.8  238.47946
76.7  233.09413
76.6  230.42176
76.5  250.82605
76.4  232.50495
76.3  232.33664
76.2  232.01566
76.1  230.93945
76  220.75736
75.9  228.46909
75.8  235.62011
75.7  233.81135
75.6  238.09451
75.5  230.00627
75.4  243.84243
75.3  246.6204
75.2  242.14487
75.1  237.37468
75  265.22268
74.9  244.55871
74.8  247.37996
74.7  245.03888
74.6  243.2364
74.5  249.55962
74.4  245.36076
74.3  241.59671
74.2  237.76479
74.1  216.80287
74  213.26603
73.9  234.40972
73.8  229.9972
73.7  222.03321
73.6  224.34664
73.5  232.55153
73.4  229.90554
73.3  240.1572
73.2  219.47164
73.1  214.79571
73  227.28126
72.9  207.29388
72.8  217.5167
72.7  233.00729
72.6  232.48549
72.5  236.0099
72.4  228.35863
72.3  223.97616
72.2  234.78199
72.1  209.6664
72  222.91405
71.9  216.58482
71.8  206.3857
71.7  208.95507
71.6  220.67684
71.5  209.82381
71.4  201.79886
71.3  208.31669
71.2  214.5784
71.1  213.52545
71  198.79812
70.9  209.55471
70.8  210.52889
70.7  214.64161
70.6  212.92564
70.5  198.68885
70.4  189.18414
70.3  199.37253
70.2  208.61399
70.1  206.51923
70  201.11641
69.9  206.45259
69.8  220.17496
69.7  213.5704
69.6  199.26617
69.5  193.11942
69.4  204.74591
69.3  200.34049
69.2  195.51207
69.1  201.93336
69  226.05542
68.9  195.11794
68.8  217.02816
68.7  209.83122
68.6  209.37077
68.5  204.91328
68.4  204.81607
68.3  214.10719
68.2  216.74211
68.1  194.29186
68  196.43086
67.9  198.98252
67.8  197.27284
67.7  211.93231
67.6  190.46377
67.5  191.65233
67.4  198.62554
67.3  203.54474
67.2  210.0763
67.1  211.04178
67  195.25802
66.9  205.45946
66.8  216.79066
66.7  213.23406
66.6  210.47219
66.5  203.32233
66.4  201.28062
66.3  200.50072
66.2  190.62184
66.1  204.59296
66  203.94267
65.9  194.4027
65.8  207.01215
65.7  194.30022
65.6  207.48532
65.5  202.56606
65.4  207.7828
65.3  202.26526
65.2  211.89655
65.1  202.86068
65  187.23441
64.9  203.09391
64.8  204.02495
64.7  194.25279
64.6  192.44462
64.5  204.12818
64.4  207.91811
64.3  208.03239
64.2  203.7358
64.1  191.75446
64  220.65814
63.9  205.6143
63.8  187.12338
63.7  200.99245
63.6  214.0195
63.5  206.14141
63.4  194.2924
63.3  199.4275
63.2  186.24491
63.1  192.48802
63  199.65109
62.9  202.12032
62.8  198.61965
62.7  190.40215
62.6  209.09422
62.5  208.80335
62.4  198.54782
62.3  210.21913
62.2  209.32563
62.1  192.77582
62  197.29278
61.9  197.53524
61.8  194.59438
61.7  191.28461
61.6  203.10618
61.5  206.05241
61.4  196.22627
61.3  199.92219
61.2  208.68517
61.1  219.08118
61  203.86224
60.9  198.28152
60.8  204.09704
60.7  200.82385
60.6  212.57608
60.5  201.66883
60.4  186.64805
60.3  193.85991
60.2  199.27375
60.1  187.20865
60  208.42903
59.9  203.87812
59.8  201.21523
59.7  215.93587
59.6  204.10908
59.5  205.22911
59.4  211.46504
59.3  206.74455
59.2  209.34127
59.1  206.02002
59  215.26227
58.9  203.3972
58.8  195.54993
58.7  207.74437
58.6  222.17922
58.5  216.37918
58.4  213.30045
58.3  196.53768
58.2  210.07005
58.1  222.1364
58  214.179
57.9  206.17313
57.8  215.76562
57.7  194.61657
57.6  218.21834
57.5  207.35228
57.4  199.47817
57.3  199.91784
57.2  208.47981
57.1  208.09403
57  216.59458

# Operation:                    Peak Fit
# Parameter: "Transition" = 
# Parameter: "Label" = 
# Parameter: "Background Method" = Tougaard
# Parameter: "Peak Shape" = Voigt
# Parameter: "Asymmetric Peak" = false
# Parameter: "FWHM-Annotation" = S-B = <Signal-BG:@>\nFWHM = <FWHM:@>\nArea = <Area:@>
# Parameter: "Peak-Annotation" = <Label>\n<Transition>\nE = <Center:@>
#
# Result:
# Number of Results:            2
# Parameter: "Transition" = 
# Parameter: "Label" = 
# Parameter: "Center" = 84.70696784460165 eV +- 0.0076300531655622769
# Parameter: "Area" = 827.45526534628993 cps eV +- 12.125235409294934
# Parameter: "FWHM (Lorentzian)" = 0.96779865395658149 eV +- 0.038083332929432549
# Parameter: "FWHM (Gaussian)" = 0.31201525571677874 eV +- 0.095739318343611601
# Parameter: "Asymmetry" = 0 +- 0
# Parameter: "Tougaard B" = 101607.72498613417 eV^2 +- 1846.8582655690579
# Parameter: "Tougaard C" = 1643 eV^2 +- 0
# Parameter: "FWHM" = 1.0653141279081098 eV
# Parameter: "Baseline Offset" = 213.64268870820132 cps +- 0.62896300982530806
# Parameter: "Abbe factor" = 0.05176647915250427
# Parameter: "Reduced Chi Square" = 12.607565681245942
# Parameter: "Q Probability" = 0
# Parameter: "Number of performed iterations" = 14
# Parameter: "Fit termination reason" = ConvergedInParameter
# Parameter: "Signal" = 761.66621312655718 cps
# Parameter: "Signal-BG" = 510.34455149121902 cps
#
# Result Name:                  Background
# Number of Curves:             1
#
# Curve:                        0
# Values/Curve:                 621
#
90  462.79246
89.946774  459.8384
89.893548  456.90642
89.840323  453.99626
89.787097  451.10767
89.733871  448.24042
89.680645  445.39426
89.627419  442.56894
89.574194  439.76424
89.520968  436.97992
89.467742  434.21573
89.414516  431.47146
89.36129  428.74687
89.308065  426.04174
89.254839  423.35584
89.201613  420.68895
89.148387  418.04085
89.095161  415.41132
89.041935  412.80015
88.98871  410.20712
88.935484  407.63202
88.882258  405.07465
88.829032  402.5348
88.775806  400.01227
88.722581  397.50685
88.669355  395.01834
88.616129  392.54655
88.562903  390.09129
88.509677  387.65236
88.456452  385.22957
88.403226  382.82274
88.35  380.43168
88.296774  378.05621
88.243548  375.69615
88.190323  373.35133
88.137097  371.02158
88.083871  368.70671
88.030645  366.40658
87.977419  364.121
87.924194  361.84982
87.870968  359.59288
87.817742  357.35003
87.764516  355.12112
87.71129  352.90599
87.658065  350.70451
87.604839  348.51653
87.551613  346.34192
87.498387  344.18055
87.445161  342.03228
87.391935  339.897
87.33871  337.77459
87.285484  335.66494
87.232258  333.56794
87.179032  331.48348
87.125806  329.41148
87.072581  327.35185
87.019355  325.30451
86.966129  323.26937
86.912903  321.24639
86.859677  319.2355
86.806452  317.23666
86.753226  315.24983
86.7  313.27498
86.646774  311.31212
86.593548  309.36123
86.540323  307.42235
86.487097  305.49549
86.433871  303.58071
86.380645  301.67809
86.327419  299.78771
86.274194  297.9097
86.220968  296.0442
86.167742  294.19139
86.114516  292.35148
86.06129  290.52472
86.008065  288.7114
85.954839  286.91188
85.901613  285.12655
85.848387  283.35587
85.795161  281.60039
85.741935  279.86074
85.68871  278.13763
85.635484  276.4319
85.582258  274.74451
85.529032  273.07657
85.475806  271.42936
85.422581  269.80435
85.369355  268.20323
85.316129  266.62794
85.262903  265.08066
85.209677  263.56389
85.156452  262.08039
85.103226  260.6332
85.05  259.22557
84.996774  257.86093
84.943548  256.54271
84.890323  255.27424
84.837097  254.05847
84.783871  252.89787
84.730645  251.79413
84.677419  250.74808
84.624194  249.75957
84.570968  248.8275
84.517742  247.94988
84.464516  247.12402
84.41129  246.34671
84.358065  245.61445
84.304839  244.92358
84.251613  244.27054
84.198387  243.6519
84.145161  243.06445
84.091935  242.50529
84.03871  241.97179
83.985484  241.46158
83.932258  240.97259
83.879032  240.50296
83.825806  240.05107
83.772581  239.61546
83.719355  239.19486
83.666129  238.78813
83.612903  238.39428
83.559677  238.0124
83.506452  237.64169
83.453226  237.28143
83.4  236.93099
83.346774  236.58977
83.293548  236.25725
83.240323  235.93296
83.187097  235.61645
83.133871  235.30733
83.080645  235.00524
83.027419  234.70985
82.974194  234.42084
82.920968  234.13795
82.867742  233.86089
82.814516  233.58944
82.76129  233.32337
82.708065  233.06247
82.654839  232.80654
82.601613  232.5554
82.548387  232.30889
82.495161  232.06684
82.441935  231.8291
82.38871  231.59554
82.335484  231.36601
82.282258  231.1404
82.229032  230.91858
82.175806  230.70044
82.122581  230.48589
82.069355  230.27481
82.016129  230.0671
81.962903  229.86269
81.909677  229.66148
81.856452  229.46339
81.803226  229.26834
81.75  229.07626
81.696774  228.88707
81.643548  228.7007
81.590323  228.51709
81.537097  228.33618
81.483871  228.1579
81.430645  227.98219
81.377419  227.80901
81.324194  227.63828
81.270968  227.46997
81.217742  227.30402
81.164516  227.14039
81.11129  226.97902
81.058065  226.81987
81.004839  226.6629
80.951613  226.50806
80.898387  226.35532
80.845161  226.20463
80.791935  226.05596
80.73871  225.90926
80.685484  225.76451
80.632258  225.62167
80.579032  225.4807
80.525806  225.34157
80.472581  225.20425
80.419355  225.06871
80.366129  224.93491
80.312903  224.80283
80.259677  224.67244
80.206452  224.54371
80.153226  224.41662
80.1  224.29112
80.046774  224.16722
79.993548  224.04486
79.940323  223.92404
79.887097  223.80472
79.833871  223.68688
79.780645  223.57051
79.727419  223.45557
79.674194  223.34205
79.620968  223.22992
79.567742  223.11917
79.514516  223.00976
79.46129  222.90169
79.408065  222.79494
79.354839  222.68947
79.301613  222.58528
79.248387  222.48235
79.195161  222.38066
79.141935  222.28018
79.08871  222.18091
79.035484  222.08283
78.982258  221.98591
78.929032  221.89015
78.875806  221.79552
78.822581  221.70202
78.769355  221.60962
78.716129  221.51831
78.662903  221.42808
78.609677  221.33891
78.556452  221.25079
78.503226  221.16369
78.45  221.07762
78.396774  220.99256
78.343548  220.90848
78.290323  220.82538
78.237097  220.74325
78.183871  220.66208
78.130645  220.58184
78.077419  220.50254
78.024194  220.42414
77.970968  220.34666
77.917742  220.27007
77.864516  220.19436
77.81129  220.11952
77.758065  220.04553
77.704839  219.9724
77.651613  219.90011
77.598387  219.82864
77.545161  219.75799
77.491935  219.68814
77.43871  219.61909
77.385484  219.55083
77.332258  219.48334
77.279032  219.41663
77.225806  219.35066
77.172581  219.28545
77.119355  219.22098
77.066129  219.15723
77.012903  219.09421
76.959677  219.0319
76.906452  218.97029
76.853226  218.90938
76.8  218.84915
76.746774  218.78961
76.693548  218.73073
76.640323  218.67251
76.587097  218.61495
76.533871  218.55804
76.480645  218.50176
76.427419  218.44611
76.374194  218.39109
76.320968  218.33668
76.267742  218.28289
76.214516  218.22969
76.16129  218.17709
76.108065  218.12507
76.054839  218.07364
76.001613  218.02278
75.948387  217.97248
75.895161  217.92275
75.841935  217.87357
75.78871  217.82494
75.735484  217.77685
75.682258  217.72929
75.629032  217.68226
75.575806  217.63575
75.522581  217.58976
75.469355  217.54428
75.416129  217.49931
75.362903  217.45483
75.309677  217.41085
75.256452  217.36735
75.203226  217.32433
75.15  217.28179
75.096774  217.23972
75.043548  217.19812
74.990323  217.15698
74.937097  217.11629
74.883871  217.07605
74.830645  217.03625
74.777419  216.99689
74.724194  216.95797
74.670968  216.91948
74.617742  216.88141
74.564516  216.84376
74.51129  216.80653
74.458065  216.7697
74.404839  216.73329
74.351613  216.69727
74.298387  216.66165
74.245161  216.62642
74.191935  216.59158
74.13871  216.55712
74.085484  216.52305
74.032258  216.48934
73.979032  216.45601
73.925806  216.42305
73.872581  216.39044
73.819355  216.3582
73.766129  216.32631
73.712903  216.29477
73.659677  216.26357
73.606452  216.23272
73.553226  216.20221
73.5  216.17203
73.446774  216.14219
73.393548  216.11267
73.340323  216.08348
73.287097  216.05461
73.233871  216.02605
73.180645  215.99781
73.127419  215.96988
73.074194  215.94225
73.020968  215.91493
72.967742  215.88791
72.914516  215.86118
72.86129  215.83475
72.808065  215.80861
72.754839  215.78275
72.701613  215.75718
72.648387  215.73189
72.595161  215.70687
72.541935  215.68214
72.48871  215.65767
72.435484  215.63347
72.382258  215.60954
72.329032  215.58587
72.275806  215.56246
72.222581  215.53931
72.169355  215.51641
72.116129  215.49376
72.062903  215.47136
72.009677  215.44921
71.956452  215.4273
71.903226  215.40563
71.85  215.3842
71.796774  215.36301
71.743548  215.34205
71.690323  215.32132
71.637097  215.30081
71.583871  215.28054
71.530645  215.26048
71.477419  215.24065
71.424194  215.22103
71.370968  215.20163
71.317742  215.18245
71.264516  215.16347
71.21129  215.14471
71.158065  215.12615
71.104839  215.10779
71.051613  215.08964
70.998387  215.07169
70.945161  215.05394
70.891935  215.03638
70.83871  215.01901
70.785484  215.00184
70.732258  214.98486
70.679032  214.96806
70.625806  214.95145
70.572581  214.93502
70.519355  214.91878
70.466129  214.90271
70.412903  214.88682
70.359677  214.87111
70.306452  214.85557
70.253226  214.84021
70.2  214.82501
70.146774  214.80998
70.093548  214.79512
70.040323  214.78043
69.987097  214.76589
69.933871  214.75152
69.880645  214.73731
69.827419  214.72326
69.774194  214.70936
69.720968  214.69561
69.667742  214.68202
69.614516  214.66858
69.56129  214.65529
69.508065  214.64215
69.454839  214.62916
69.401613  214.61631
69.348387  214.6036
69.295161  214.59103
69.241935  214.57861
69.18871  214.56632
69.135484  214.55417
69.082258  214.54216
69.029032  214.53028
68.975806  214.51854
68.922581  214.50692
68.869355  214.49544
68.816129  214.48408
68.762903  214.47286
68.709677  214.46176
68.656452  214.45078
68.603226  214.43993
68.55  214.4292
68.496774  214.41859
68.443548  214.4081
68.390323  214.39773
68.337097  214.38747
68.283871  214.37733
68.230645  214.36731
68.177419  214.3574
68.124194  214.3476
68.070968  214.33791
68.017742  214.32833
67.964516  214.31887
67.91129  214.3095
67.858065  214.30025
67.804839  214.2911
67.751613  214.28206
67.698387  214.27311
67.645161  214.26427
67.591935  214.25553
67.53871  214.2469
67.485484  214.23836
67.432258  214.22991
67.379032  214.22157
67.325806  214.21332
67.272581  214.20516
67.219355  214.1971
67.166129  214.18913
67.112903  214.18126
67.059677  214.17347
67.006452  214.16578
66.953226  214.15817
66.9  214.15065
66.846774  214.14322
66.793548  214.13587
66.740323  214.12862
66.687097  214.12144
66.633871  214.11435
66.580645  214.10734
66.527419  214.10041
66.474194  214.09357
66.420968  214.0868
66.367742  214.08011
66.314516  214.07351
66.26129  214.06697
66.208065  214.06052
66.154839  214.05414
66.101613  214.04784
66.048387  214.04161
65.995161  214.03546
65.941935  214.02938
65.88871  214.02337
65.835484  214.01743
65.782258  214.01157
65.729032  214.00577
65.675806  214.00004
65.622581  213.99439
65.569355  213.98879
65.516129  213.98327
65.462903  213.97781
65.409677  213.97242
65.356452  213.9671
65.303226  213.96184
65.25  213.95664
65.196774  213.9515
65.143548  213.94643
65.090323  213.94142
65.037097  213.93647
64.983871  213.93159
64.930645  213.92676
64.877419  213.92199
64.824194  213.91728
64.770968  213.91263
64.717742  213.90803
64.664516  213.9035
64.61129  213.89902
64.558065  213.89459
64.504839  213.89022
64.451613  213.88591
64.398387  213.88165
64.345161  213.87744
64.291935  213.87329
64.23871  213.86919
64.185484  213.86514
64.132258  213.86114
64.079032  213.8572
64.025806  213.8533
63.972581  213.84946
63.919355  213.84566
63.866129  213.84191
63.812903  213.83821
63.759677  213.83456
63.706452  213.83096
63.653226  213.82741
63.6  213.8239
63.546774  213.82043
63.493548  213.81702
63.440323  213.81364
63.387097  213.81032
63.333871  213.80703
63.280645  213.8038
63.227419  213.8006
63.174194  213.79745
63.120968  213.79434
63.067742  213.79127
63.014516  213.78825
62.96129  213.78526
62.908065  213.78232
62.854839  213.77942
62.801613  213.77656
62.748387  213.77374
62.695161  213.77095
62.641935  213.76821
62.58871  213.76551
62.535484  213.76284
62.482258  213.76021
62.429032  213.75762
62.375806  213.75507
62.322581  213.75255
62.269355  213.75007
62.216129  213.74763
62.162903  213.74522
62.109677  213.74285
62.056452  213.74052
62.003226  213.73821
61.95  213.73595
61.896774  213.73372
61.843548  213.73152
61.790323  213.72935
61.737097  213.72722
61.683871  213.72512
61.630645  213.72306
61.577419  213.72102
61.524194  213.71902
61.470968  213.71705
61.417742  213.71512
61.364516  213.71321
61.31129  213.71133
61.258065  213.70949
61.204839  213.70767
61.151613  213.70589
61.098387  213.70414
61.045161  213.70241
60.991935  213.70072
60.93871  213.69905
60.885484  213.69741
60.832258  213.69581
60.779032  213.69423
60.725806  213.69268
60.672581  213.69115
60.619355  213.68966
60.566129  213.68819
60.512903  213.68675
60.459677  213.68533
60.406452  213.68394
60.353226  213.68258
60.3  213.68125
60.246774  213.67994
60.193548  213.67866
60.140323  213.6774
60.087097  213.67617
60.033871  213.67496
59.980645  213.67378
59.927419  213.67263
59.874194  213.6715
59.820968  213.67039
59.767742  213.66931
59.714516  213.66825
59.66129  213.66721
59.608065  213.6662
59.554839  213.66522
59.501613  213.66425
59.448387  213.66331
59.395161  213.66239
59.341935  213.6615
59.28871  213.66063
59.235484  213.65978
59.182258  213.65895
59.129032  213.65815
59.075806  213.65737
59.022581  213.65661
58.969355  213.65587
58.916129  213.65515
58.862903  213.65445
58.809677  213.65378
58.756452  213.65313
58.703226  213.6525
58.65  213.65188
58.596774  213.65129
58.543548  213.65073
58.490323  213.65018
58.437097  213.64965
58.383871  213.64914
58.330645  213.64865
58.277419  213.64818
58.224194  213.64774
58.170968  213.64731
58.117742  213.6469
58.064516  213.64651
58.01129  213.64614
57.958065  213.64579
57.904839  213.64546
57.851613  213.64515
57.798387  213.64486
57.745161  213.64458
57.691935  213.64433
57.63871  213.64409
57.585484  213.64387
57.532258  213.64367
57.479032  213.64349
57.425806  213.64333
57.372581  213.64319
57.319355  213.64306
57.266129  213.64296
57.212903  213.64287
57.159677  213.6428
57.106452  213.64274
57.053226  213.64271
57  213.64269

# Result Name:                  Peak Fit
# Number of Curves:             1
#
# Curve:                        0
# Values/Curve:                 621
#
90  467.31236
89.946774  464.44998
89.893548  461.61249
89.840323  458.79975
89.787097  456.01164
89.733871  453.24803
89.680645  450.50883
89.627419  447.79394
89.574194  445.10326
89.520968  442.43672
89.467742  439.79425
89.414516  437.1758
89.36129  434.58133
89.308065  432.0108
89.254839  429.4642
89.201613  426.94153
89.148387  424.4428
89.095161  421.96805
89.041935  419.51731
88.98871  417.09066
88.935484  414.68818
88.882258  412.30998
88.829032  409.95618
88.775806  407.62694
88.722581  405.32243
88.669355  403.04286
88.616129  400.78847
88.562903  398.55952
88.509677  396.35632
88.456452  394.17919
88.403226  392.02852
88.35  389.90472
88.296774  387.80827
88.243548  385.73968
88.190323  383.69952
88.137097  381.68843
88.083871  379.70709
88.030645  377.75627
87.977419  375.83682
87.924194  373.94967
87.870968  372.09583
87.817742  370.27642
87.764516  368.49268
87.71129  366.74596
87.658065  365.03775
87.604839  363.36968
87.551613  361.74356
87.498387  360.16137
87.445161  358.62529
87.391935  357.13774
87.33871  355.70137
87.285484  354.31912
87.232258  352.99424
87.179032  351.73033
87.125806  350.53138
87.072581  349.40181
87.019355  348.34657
86.966129  347.37113
86.912903  346.48162
86.859677  345.68489
86.806452  344.9886
86.753226  344.40135
86.7  343.93282
86.646774  343.5939
86.593548  343.39689
86.540323  343.35574
86.487097  343.48623
86.433871  343.80635
86.380645  344.33658
86.327419  345.10037
86.274194  346.12457
86.220968  347.44002
86.167742  349.08228
86.114516  351.0924
86.06129  353.51792
86.008065  356.41395
85.954839  359.8446
85.901613  363.88445
85.848387  368.62038
85.795161  374.15358
85.741935  380.60169
85.68871  388.10113
85.635484  396.80905
85.582258  406.90489
85.529032  418.59045
85.475806  432.08757
85.422581  447.63152
85.369355  465.45768
85.316129  485.77837
85.262903  508.74636
85.209677  534.40225
85.156452  562.60569
85.103226  592.95553
85.05  624.7122
84.996774  656.74469
84.943548  687.5316
84.890323  715.24327
84.837097  737.91832
84.783871  753.71963
84.730645  761.22293
84.677419  759.66762
84.624194  749.09932
84.570968  730.36112
84.517742  704.9363
84.464516  674.68961
84.41129  641.57915
84.358065  607.40732
84.304839  573.65467
84.251613  541.40763
84.198387  511.36501
84.145161  483.89496
84.091935  459.11392
84.03871  436.9656
83.985484  417.28824
83.932258  399.86524
83.879032  384.46014
83.825806  370.83845
83.772581  358.78014
83.719355  348.08562
83.666129  338.57778
83.612903  330.10163
83.559677  322.52277
83.506452  315.72528
83.453226  309.60948
83.4  304.08975
83.346774  299.09255
83.293548  294.55468
83.240323  290.4217
83.187097  286.64666
83.133871  283.18899
83.080645  280.01348
83.027419  277.08958
82.974194  274.39064
82.920968  271.89338
82.867742  269.57742
82.814516  267.42484
82.76129  265.41987
82.708065  263.54858
82.654839  261.79863
82.601613  260.15907
82.548387  258.62016
82.495161  257.17321
82.441935  255.81046
82.38871  254.52495
82.335484  253.31043
82.282258  252.16127
82.229032  251.07241
82.175806  250.03927
82.122581  249.0577
82.069355  248.12393
82.016129  247.23456
81.962903  246.38648
81.909677  245.57684
81.856452  244.80306
81.803226  244.06278
81.75  243.35381
81.696774  242.67418
81.643548  242.02205
81.590323  241.39573
81.537097  240.79368
81.483871  240.21447
81.430645  239.65677
81.377419  239.11936
81.324194  238.60111
81.270968  238.10095
81.217742  237.61793
81.164516  237.15113
81.11129  236.6997
81.058065  236.26287
81.004839  235.83989
80.951613  235.43008
80.898387  235.0328
80.845161  234.64745
80.791935  234.27347
80.73871  233.91033
80.685484  233.55755
80.632258  233.21465
80.579032  232.8812
80.525806  232.5568
80.472581  232.24105
80.419355  231.9336
80.366129  231.63409
80.312903  231.34222
80.259677  231.05766
80.206452  230.78014
80.153226  230.50937
80.1  230.24511
80.046774  229.9871
79.993548  229.73511
79.940323  229.48893
79.887097  229.24834
79.833871  229.01314
79.780645  228.78315
79.727419  228.55818
79.674194  228.33807
79.620968  228.12265
79.567742  227.91177
79.514516  227.70527
79.46129  227.50302
79.408065  227.30489
79.354839  227.11073
79.301613  226.92044
79.248387  226.73389
79.195161  226.55097
79.141935  226.37157
79.08871  226.19558
79.035484  226.02292
78.982258  225.85348
78.929032  225.68718
78.875806  225.52392
78.822581  225.36362
78.769355  225.20621
78.716129  225.0516
78.662903  224.89972
78.609677  224.7505
78.556452  224.60386
78.503226  224.45975
78.45  224.3181
78.396774  224.17885
78.343548  224.04193
78.290323  223.90729
78.237097  223.77488
78.183871  223.64464
78.130645  223.51653
78.077419  223.39048
78.024194  223.26646
77.970968  223.14441
77.917742  223.02429
77.864516  222.90606
77.81129  222.78968
77.758065  222.67511
77.704839  222.5623
77.651613  222.45121
77.598387  222.34182
77.545161  222.23409
77.491935  222.12797
77.43871  222.02344
77.385484  221.92046
77.332258  221.81901
77.279032  221.71905
77.225806  221.62055
77.172581  221.52348
77.119355  221.42782
77.066129  221.33353
77.012903  221.24059
76.959677  221.14898
76.906452  221.05866
76.853226  220.96962
76.8  220.88183
76.746774  220.79527
76.693548  220.70991
76.640323  220.62574
76.587097  220.54273
76.533871  220.46085
76.480645  220.3801
76.427419  220.30044
76.374194  220.22187
76.320968  220.14436
76.267742  220.06789
76.214516  219.99244
76.16129  219.918
76.108065  219.84456
76.054839  219.77208
76.001613  219.70057
75.948387  219.62999
75.895161  219.56034
75.841935  219.4916
75.78871  219.42376
75.735484  219.35679
75.682258  219.2907
75.629032  219.22545
75.575806  219.16104
75.522581  219.09746
75.469355  219.0347
75.416129  218.97273
75.362903  218.91155
75.309677  218.85114
75.256452  218.7915
75.203226  218.73261
75.15  218.67446
75.096774  218.61703
75.043548  218.56033
74.990323  218.50433
74.937097  218.44903
74.883871  218.39441
74.830645  218.34047
74.777419  218.28719
74.724194  218.23457
74.670968  218.1826
74.617742  218.13126
74.564516  218.08056
74.51129  218.03046
74.458065  217.98098
74.404839  217.9321
74.351613  217.88382
74.298387  217.83611
74.245161  217.78898
74.191935  217.74242
74.13871  217.69642
74.085484  217.65097
74.032258  217.60607
73.979032  217.5617
73.925806  217.51786
73.872581  217.47454
73.819355  217.43174
73.766129  217.38945
73.712903  217.34765
73.659677  217.30635
73.606452  217.26554
73.553226  217.22521
73.5  217.18535
73.446774  217.14596
73.393548  217.10704
73.340323  217.06857
73.287097  217.03055
73.233871  216.99297
73.180645  216.95583
73.127419  216.91912
73.074194  216.88284
73.020968  216.84698
72.967742  216.81154
72.914516  216.7765
72.86129  216.74187
72.808065  216.70765
72.754839  216.67381
72.701613  216.64037
72.648387  216.60731
72.595161  216.57462
72.541935  216.54232
72.48871  216.51038
72.435484  216.47881
72.382258  216.4476
72.329032  216.41675
72.275806  216.38625
72.222581  216.35609
72.169355  216.32628
72.116129  216.29681
72.062903  216.26767
72.009677  216.23887
71.956452  216.21039
71.903226  216.18223
71.85  216.15439
71.796774  216.12686
71.743548  216.09965
71.690323  216.07274
71.637097  216.04614
71.583871  216.01983
71.530645  215.99383
71.477419  215.96811
71.424194  215.94268
71.370968  215.91754
71.317742  215.89268
71.264516  215.8681
71.21129  215.84379
71.158065  215.81975
71.104839  215.79599
71.051613  215.77248
70.998387  215.74925
70.945161  215.72627
70.891935  215.70354
70.83871  215.68107
70.785484  215.65885
70.732258  215.63688
70.679032  215.61515
70.625806  215.59366
70.572581  215.57241
70.519355  215.55139
70.466129  215.53061
70.412903  215.51006
70.359677  215.48974
70.306452  215.46964
70.253226  215.44976
70.2  215.4301
70.146774  215.41066
70.093548  215.39144
70.040323  215.37243
69.987097  215.35362
69.933871  215.33503
69.880645  215.31664
69.827419  215.29845
69.774194  215.28046
69.720968  215.26267
69.667742  215.24508
69.614516  215.22768
69.56129  215.21047
69.508065  215.19345
69.454839  215.17661
69.401613  215.15996
69.348387  215.1435
69.295161  215.12721
69.241935  215.11111
69.18871  215.09518
69.135484  215.07942
69.082258  215.06384
69.029032  215.04843
68.975806  215.03318
68.922581  215.01811
68.869355  215.0032
68.816129  214.98845
68.762903  214.97386
68.709677  214.95943
68.656452  214.94517
68.603226  214.93105
68.55  214.91709
68.496774  214.90329
68.443548  214.88963
68.390323  214.87613
68.337097  214.86277
68.283871  214.84956
68.230645  214.83649
68.177419  214.82356
68.124194  214.81078
68.070968  214.79813
68.017742  214.78563
67.964516  214.77326
67.91129  214.76102
67.858065  214.74892
67.804839  214.73695
67.751613  214.72511
67.698387  214.71341
67.645161  214.70183
67.591935  214.69037
67.53871  214.67904
67.485484  214.66784
67.432258  214.65675
67.379032  214.64579
67.325806  214.63495
67.272581  214.62422
67.219355  214.61362
67.166129  214.60313
67.112903  214.59275
67.059677  214.58249
67.006452  214.57234
66.953226  214.5623
66.9  214.55237
66.846774  214.54255
66.793548  214.53284
66.740323  214.52323
66.687097  214.51373
66.633871  214.50433
66.580645  214.49503
66.527419  214.48584
66.474194  214.47675
66.420968  214.46776
66.367742  214.45886
66.314516  214.45007
66.26129  214.44137
66.208065  214.43276
66.154839  214.42426
66.101613  214.41584
66.048387  214.40752
65.995161  214.39929
65.941935  214.39114
65.88871  214.38309
65.835484  214.37513
65.782258  214.36726
65.729032  214.35947
65.675806  214.35177
65.622581  214.34415
65.569355  214.33662
65.516129  214.32917
65.462903  214.3218
65.409677  214.31452
65.356452  214.30731
65.303226  214.30019
65.25  214.29314
65.196774  214.28618
65.143548  214.27929
65.090323  214.27247
65.037097  214.26574
64.983871  214.25908
64.930645  214.25249
64.877419  214.24597
64.824194  214.23953
64.770968  214.23316
64.717742  214.22687
64.664516  214.22064
64.61129  214.21448
64.558065  214.20839
64.504839  214.20237
64.451613  214.19642
64.398387  214.19054
64.345161  214.18472
64.291935  214.17896
64.23871  214.17328
64.185484  214.16765
64.132258  214.16209
64.079032  214.1566
64.025806  214.15116
63.972581  214.14579
63.919355  214.14048
63.866129  214.13523
63.812903  214.13004
63.759677  214.12491
63.706452  214.11984
63.653226  214.11482
63.6  214.10987
63.546774  214.10497
63.493548  214.10012
63.440323  214.09534
63.387097  214.09061
63.333871  214.08593
63.280645  214.08131
63.227419  214.07674
63.174194  214.07223
63.120968  214.06776
63.067742  214.06335
63.014516  214.059
62.96129  214.05469
62.908065  214.05043
62.854839  214.04623
62.801613  214.04207
62.748387  214.03796
62.695161  214.03391
62.641935  214.0299
62.58871  214.02593
62.535484  214.02202
62.482258  214.01815
62.429032  214.01433
62.375806  214.01056
62.322581  214.00683
62.269355  214.00314
62.216129  213.9995
62.162903  213.99591
62.109677  213.99236
62.056452  213.98885
62.003226  213.98539
61.95  213.98197
61.896774  213.97859
61.843548  213.97525
61.790323  213.97196
61.737097  213.9687
61.683871  213.96549
61.630645  213.96232
61.577419  213.95918
61.524194  213.95609
61.470968  213.95304
61.417742  213.95002
61.364516  213.94705
61.31129  213.94411
61.258065  213.94121
61.204839  213.93835
61.151613  213.93552
61.098387  213.93273
61.045161  213.92998
60.991935  213.92727
60.93871  213.92459
60.885484  213.92194
60.832258  213.91934
60.779032  213.91676
60.725806  213.91423
60.672581  213.91172
60.619355  213.90925
60.566129  213.90682
60.512903  213.90442
60.459677  213.90205
60.406452  213.89971
60.353226  213.89741
60.3  213.89514
60.246774  213.8929
60.193548  213.89069
60.140323  213.88852
60.087097  213.88638
60.033871  213.88427
59.980645  213.88218
59.927419  213.88013
59.874194  213.87811
59.820968  213.87613
59.767742  213.87417
59.714516  213.87224
59.66129  213.87034
59.608065  213.86846
59.554839  213.86662
59.501613  213.86481
59.448387  213.86303
59.395161  213.86127
59.341935  213.85954
59.28871  213.85784
59.235484  213.85617
59.182258  213.85452
59.129032  213.85291
59.075806  213.85132
59.022581  213.84975
58.969355  213.84822
58.916129  213.84671
58.862903  213.84522
58.809677  213.84377
58.756452  213.84234
58.703226  213.84093
58.65  213.83955
58.596774  213.8382
58.543548  213.83687
58.490323  213.83556
58.437097  213.83429
58.383871  213.83303
58.330645  213.8318
58.277419  213.8306
58.224194  213.82942
58.170968  213.82826
58.117742  213.82713
58.064516  213.82602
58.01129  213.82494
57.958065  213.82388
57.904839  213.82284
57.851613  213.82182
57.798387  213.82083
57.745161  213.81987
57.691935  213.81892
57.63871  213.818
57.585484  213.8171
57.532258  213.81622
57.479032  213.81537
57.425806  213.81454
57.372581  213.81373
57.319355  213.81294
57.266129  213.81218
57.212903  213.81143
57.159677  213.81071
57.106452  213.81001
57.053226  213.80933
57  213.80867

# Region:                       Au 4d
# Spectrum ID:                  8
# Acquisition Date:             07/22/26 21:27:41 UTC
# Analysis Method:              XPS
# Analyzer:                     PHOIBOS MCD5 Analyzer
# Analyzer Lens:                LargeArea:1.5kV
# Analyzer Slit:                5:7x20\B:open
# Scan Mode:                    FixedAnalyzerTransmission
# Curves/Scan:                  1
# Values/Curve:                 901
# Dwell Time:                   0.1
# Excitation Energy:            1486.61
# Binding Energy:               385
# Pass Energy:                  50
# Bias Voltage:                 90
# Detector Voltage:             3000
# Eff. Workfunction:            4.543
# Source:                       X-Ray Dummy
# Comment:                      
#
# Cycle: 0
# Number of Scans: 2
#
# Cycle: 0, Curve: 0
# Acquisition Date:             07/22/26 21:27:41 UTC
#
# ColumnLabels:                 energy counts/s
#
385  5968.2993
384.9  5851.846
384.8  5844.2568
384.7  5769.7025
384.6  5943.3003
384.5  5855.7138
384.4  6117.6476
384.3  5857.5426
384.2  5885.9688
384.1  6063.1578
384  5673.9065
383.9  5664.3855
383.8  5702.5072
383.7  5806.0602
383.6  5840.4297
383.5  5885.8647
383.4  5723.1934
383.3  5768.2625
383.2  5828.2507
383.1  6040.6338
383  5496.049
382.9  5771.7293
382.8  5954.2795
382.7  5908.0478
382.6  6117.9018
382.5  5797.6927
382.4  6108.3018
382.3  6117.8484
382.2  5876.4585
382.1  5881.2225
382  5973.0195
381.9  6097.9859
381.8  5953.2064
381.7  5917.0732
381.6  5868.6648
381.5  5725.3577
381.4  5683.3607
381.3  5885.3653
381.2  5740.5159
381.1  5686.6868
381  5980.8159
380.9  5606.9919
380.8  5652.3086
380.7  6097.4442
380.6  6100.5884
380.5  5840.179
380.4  6019.7468
380.3  5996.4703
380.2  5964.7021
380.1  5969.8366
380  6110.1736
379.9  5602.9895
379.8  5747.5977
379.7  5700.421
379.6  5779.4318
379.5  6028.7097
379.4  5847.2988
379.3  5813.8043
379.2  5724.7297
379.1  5832.6517
379  5710.9939
378.9  5923.0484
378.8  6132.527
378.7  6233.3576
378.6  5737.1476
378.5  5748.1726
378.4  5845.3445
378.3  5878.8346
378.2  5824.8681
378.1  5930.158
378  5753.3529
377.9  6024.4152
377.8  5973.3311
377.7  5808.1492
377.6  5881.8446
377.5  6082.2894
377.4  5959.2367
377.3  6146.7211
377.2  6066.7802
377.1  5928.1965
377  5922.9453
376.9  6104.562
376.8  5777.2981
376.7  5804.1044
376.6  5907.8281
376.5  6088.7907
376.4  5690.6695
376.3  5957.6656
376.2  5938.1213
376.1  5815.579
376  5914.0532
375.9  6098.3326
375.8  5786.266
375.7  5924.9592
375.6  6053.7354
375.5  5812.9301
375.4  6041.0379
375.3  6075.7878
375.2  5888.2869
375.1  6185.3707
375  5920.5297
374.9  6012.4598
374.8  6359.4276
374.7  6055.2357
374.6  5730.5588
374.5  5794.2638
374.4  6151.6201
374.3  6111.6753
374.2  6236.0302
374.1  6048.7988
374  5852.5037
373.9  5954.4091
373.8  5932.392
373.7  6011.7416
373.6  6040.0483
373.5  5905.328
373.4  6075.1643
373.3  5926.3977
373.2  5814.4634
373.1  5747.1862
373  6186.0911
372.9  6021.5463
372.8  5931.3667
372.7  5784.266
372.6  5985.0007
372.5  5897.4871
372.4  5732.9041
372.3  5800.1791
372.2  5879.9637
372.1  5818.6672
372  5790.765
371.9  5829.8269
371.8  5952.0649
371.7  6259.6065
371.6  5869.6313
371.5  5886.5193
371.4  6208.746
371.3  5948.3444
371.2  5838.2631
371.1  5867.1516
371  5757.2452
370.9  5962.4407
370.8  6223.0941
370.7  5985.0964
370.6  6008.4089
370.5  5927.8169
370.4  6070.2326
370.3  5835.8645
370.2  6174.0924
370.1  5987.1204
370  6209.1223
369.9  6228.1259
369.8  5917.418
369.7  5993.6033
369.6  6194.2697
369.5  6075.3988
369.4  6063.53
369.3  6043.4314
369.2  6228.2453
369.1  6038.3312
369  6108.2547
368.9  5994.9388
368.8  5995.7694
368.7  6077.487
368.6  6272.5461
368.5  6447.6133
368.4  6362.0741
368.3  6298.0253
368.2  6189.307
368.1  6370.3722
368  6134.1265
367.9  5663.6992
367.8  6062.8163
367.7  5969.1232
367.6  6130.1148
367.5  6030.9933
367.4  6134.4199
367.3  6055.6078
367.2  6324.0651
367.1  6222.9697
367  6223.2134
366.9  6140.6205
366.8  6018.7372
366.7  5891.2996
366.6  5873.9543
366.5  6155.4999
366.4  5807.8062
366.3  5833.9592
366.2  5987.5878
366.1  5906.5742
366  5879.9986
365.9  5990.9382
365.8  6032.9052
365.7  5771.8501
365.6  5944.8678
365.5  6222.763
365.4  6063.5815
365.3  6155.1687
365.2  6139.7124
365.1  5960.24
365  5932.5103
364.9  6496.3475
364.8  6176.3771
364.7  6070.0361
364.6  5928.8777
364.5  6107.9768
364.4  6123.8092
364.3  6156.4203
364.2  6042.0049
364.1  6101.8588
364  5916.9704
363.9  5924.6124
363.8  5958.396
363.7  5786.9398
363.6  6099.4861
363.5  5906.4653
363.4  6257.0321
363.3  6033.9986
363.2  6230.5238
363.1  6058.823
363  6189.0781
362.9  6257.9086
362.8  5953.3068
362.7  6224.0797
362.6  6187.7525
362.5  6044.811
362.4  6123.8328
362.3  6130.8236
362.2  5931.7589
362.1  6228.6171
362  6197.843
361.9  6187.3548
361.8  6149.7447
361.7  6188.807
361.6  6132.5291
361.5  6509.9482
361.4  6023.8051
361.3  6080.0881
361.2  5932.6266
361.1  5909.0802
361  6208.8598
360.9  6297.3592
360.8  6414.2133
360.7  6452.1039
360.6  6451.5351
360.5  6349.1841
360.4  6418.0368
360.3  6358.0217
360.2  6046.8149
360.1  6462.0541
360  6632.988
359.9  6311.6812
359.8  6274.961
359.7  6309.9424
359.6  6438.9033
359.5  6520.0098
359.4  6371.9766
359.3  6008.8525
359.2  6215.4766
359.1  6251.1441
359  6606.8603
358.9  6592.4472
358.8  6259.7037
358.7  6363.1813
358.6  6318.4692
358.5  6547.4046
358.4  6235.024
358.3  6218.2074
358.2  6468.5374
358.1  6662.5557
358  6460.6686
357.9  6386.3416
357.8  6507.6777
357.7  6546.7011
357.6  6503.5756
357.5  6562.8301
357.4  6647.1426
357.3  6590.5803
357.2  6735.7087
357.1  6819.9972
357  6767.1727
356.9  6827.5945
356.8  6701.872
356.7  6735.8093
356.6  6820.0272
356.5  7048.1096
356.4  7083.0175
356.3  7082.8185
356.2  7144.1409
356.1  6878.5263
356  7050.0239
355.9  6901.8055
355.8  7022.9888
355.7  6936.5349
355.6  6940.8456
355.5  7148.1447
355.4  7099.8246
355.3  6999.6729
355.2  6883.8382
355.1  7024.2643
355  7145.5148
354.9  7476.7194
354.8  7324.9007
354.7  7146.5456
354.6  7561.1379
354.5  7693.1824
354.4  7337.4744
354.3  7574.2033
354.2  7662.2283
354.1  7422.9071
354  7331.8818
353.9  7640.4018
353.8  7543.8853
353.7  7645.8378
353.6  7497.4675
353.5  7351.9612
353.4  7508.1659
353.3  7815.8852
353.2  7486.8712
353.1  7151.1466
353  7310.3291
352.9  7298.6763
352.8  7105.5627
352.7  7486.2359
352.6  7389.9401
352.5  7401.256
352.4  7101.7762
352.3  6823.5912
352.2  6861.0082
352.1  7237.3904
352  7355.8583
351.9  6922.4844
351.8  7239.9263
351.7  7222.8593
351.6  7076.599
351.5  6948.1353
351.4  6817.6854
351.3  7025.7381
351.2  7087.2076
351.1  6949.6758
351  6723.7013
350.9  6869.1867
350.8  6700.7508
350.7  6580.2585
350.6  6686.6426
350.5  6719.6117
350.4  6353.7099
350.3  6472.6004
350.2  6644.9719
350.1  6617.7404
350  6432.2029
349.9  6707.2669
349.8  6398.4221
349.7  6544.9485
349.6  6543.2096
349.5  6561.1339
349.4  6140.7163
349.3  6336.1955
349.2  6361.11
349.1  6461.9235
349  6407.8051
348.9  6338.8661
348.8  6422.2468
348.7  6561.0854
348.6  6382.7269
348.5  6224.0503
348.4  6058.9495
348.3  6301.0403
348.2  6098.7693
348.1  6362.4755
348  6351.0089
347.9  6042.3352
347.8  6035.33
347.7  5768.6265
347.6  6149.993
347.5  6729.0772
347.4  6127.3497
347.3  6128.8329
347.2  6070.1105
347.1  6247.2268
347  6094.7914
346.9  6237.4914
346.8  6495.6987
346.7  6352.9468
346.6  6328.4406
346.5  6216.3661
346.4  6251.1379
346.3  6385.588
346.2  5948.1057
346.1  6085.3961
346  5879.4831
345.9  5990.9876
345.8  6036.9282
345.7  6100.6043
345.6  6173.8577
345.5  5941.9597
345.4  6220.9456
345.3  6068.589
345.2  6203.5932
345.1  5866.9117
345  6066.8173
344.9  6033.1504
344.8  6294.0251
344.7  6320.2097
344.6  5871.5599
344.5  6048.1352
344.4  6111.5303
344.3  5970.1429
344.2  6189.1507
344.1  6007.4271
344  6324.0289
343.9  6196.8062
343.8  5963.5268
343.7  5943.1637
343.6  6090.033
343.5  6180.5916
343.4  6092.5283
343.3  6219.0833
343.2  6396.8406
343.1  6425.4197
343  6348.0096
342.9  6149.4491
342.8  5962.8331
342.7  6163.0195
342.6  6183.2804
342.5  6197.2276
342.4  6261.305
342.3  6076.8678
342.2  6029.6599
342.1  6341.4224
342  6556.752
341.9  6125.8097
341.8  6350.2409
341.7  6190.7478
341.6  6114.3758
341.5  6269.4209
341.4  6374.9181
341.3  6499.6011
341.2  6244.8168
341.1  6211.0003
341  6255.6608
340.9  6247.5361
340.8  6131.1524
340.7  6316.2232
340.6  6493.689
340.5  6469.0856
340.4  6148.6643
340.3  6410.3456
340.2  6119.1925
340.1  6482.2916
340  6441.39
339.9  6283.6724
339.8  6402.0166
339.7  6452.4781
339.6  6615.2824
339.5  6521.7493
339.4  6910.1315
339.3  6370.6585
339.2  7023.4633
339.1  6980.6077
339  6914.8569
338.9  6457.6092
338.8  6523.1956
338.7  6995.8031
338.6  6864.1022
338.5  6791.8419
338.4  6877.7295
338.3  6995.4579
338.2  6798.001
338.1  6967.3626
338  6908.9514
337.9  6995.0481
337.8  7070.2197
337.7  7560.8511
337.6  7320.325
337.5  7498.799
337.4  7214.1124
337.3  7233.6368
337.2  7541.0081
337.1  7394.2262
337  7600.2297
336.9  7557.1658
336.8  7589.1481
336.7  7913.2135
336.6  7364.3246
336.5  7794.3408
336.4  8077.7693
336.3  8039.8921
336.2  7776.4508
336.1  7923.6373
336  7973.1541
335.9  7858.5829
335.8  7912.5712
335.7  8161.7916
335.6  7903.0904
335.5  7785.8738
335.4  7993.604
335.3  7659.6935
335.2  7642.3921
335.1  8049.9019
335  7684.1287
334.9  7634.3201
334.8  7863.8596
334.7  7236.4526
334.6  7251.8561
334.5  7292.8268
334.4  7487.8337
334.3  7365.4771
334.2  7253.0564
334.1  7343.5577
334  7181.3143
333.9  7019.9944
333.8  7005.0923
333.7  7105.0555
333.6  6923.625
333.5  6682.574
333.4  6640.223
333.3  6531.4068
333.2  6477.5662
333.1  6494.3801
333  6734.3432
332.9  6479.4959
332.8  6208.7022
332.7  6261.2235
332.6  6248.1457
332.5  5838.6057
332.4  6428.364
332.3  6104.8552
332.2  5935.477
332.1  6014.1159
332  6030.7366
331.9  5821.2552
331.8  5951.3408
331.7  5860.7406
331.6  5877.205
331.5  5623.1002
331.4  5746.9911
331.3  5785.43
331.2  5638.2096
331.1  5775.2268
331  5547.9474
330.9  5757.4318
330.8  5748.6277
330.7  5499.1067
330.6  5576.2553
330.5  5631.0045
330.4  5507.7149
330.3  5617.2398
330.2  5814.9675
330.1  5561.7343
330  5379.8119
329.9  5692.9045
329.8  5374.3731
329.7  5391.3931
329.6  5628.5266
329.5  5280.6657
329.4  5287.8711
329.3  5370.2672
329.2  5457.8216
329.1  5560.443
329  5432.9158
328.9  5526.4701
328.8  5393.9629
328.7  5466.2276
328.6  5512.9638
328.5  5172.1222
328.4  5011.747
328.3  5544.5438
328.2  5394.8939
328.1  5287.4249
328  5253.6474
327.9  5509.5342
327.8  5548.4022
327.7  5513.2592
327.6  5525.9361
327.5  5220.0634
327.4  5309.1537
327.3  5331.9959
327.2  5512.2099
327.1  5289.0491
327  5598.2871
326.9  5328.6621
326.8  5603.7513
326.7  5395.6502
326.6  5373.9264
326.5  5284.9003
326.4  5246.7848
326.3  5326.2382
326.2  5326.4962
326.1  5429.7006
326  5470.3737
325.9  5521.0574
325.8  5426.8981
325.7  5523.1079
325.6  5321.0285
325.5  5712.1935
325.4  5386.0152
325.3  5310.3151
325.2  5401.2106
325.1  5279.6944
325  5304.9086
324.9  5252.9757
324.8  5289.8229
324.7  5257.2679
324.6  5210.9341
324.5  5482.7675
324.4  4955.0892
324.3  5272.3174
324.2  5131.2947
324.1  5322.3932
324  5312.6003
323.9  5286.1835
323.8  5294.5833
323.7  5116.7975
323.6  5169.1884
323.5  5418.9489
323.4  4985.8526
323.3  5132.1076
323.2  5228.1921
323.1  5219.6609
323  5257.2204
322.9  5383.9406
322.8  5108.4896
322.7  4891.3001
322.6  5112.6129
322.5  5148.2889
322.4  4974.2817
322.3  5044.6279
322.2  5213.7542
322.1  5017.982
322  5193.2692
321.9  5186.1427
321.8  5183.085
321.7  5106.9912
321.6  5100.1168
321.5  5238.8038
321.4  5174.0864
321.3  4883.2143
321.2  5385.7259
321.1  5393.8004
321  5143.3533
320.9  4884.2051
320.8  5153.5811
320.7  4878.5422
320.6  5157.74
320.5  5036.8885
320.4  5072.0724
320.3  5087.144
320.2  5075.9523
320.1  5082.085
320  5111.7869
319.9  5003.8727
319.8  4955.8799
319.7  4991.3323
319.6  5111.5385
319.5  4949.2223
319.4  5064.9774
319.3  5193.2434
319.2  4909.6462
319.1  4733.2205
319  4953.2408
318.9  5193.653
318.8  5138.8026
318.7  5033.7623
318.6  4873.0668
318.5  5127.4093
318.4  5214.0711
318.3  4962.7434
318.2  5079.7018
318.1  5078.2589
318  4946.3341
317.9  5121.9865
317.8  4927.8885
317.7  4956.9992
317.6  5104.1252
317.5  4947.4143
317.4  4969.7659
317.3  5044.5455
317.2  4957.4457
317.1  5174.732
317  4800.8822
316.9  4886.1531
316.8  5015.7094
316.7  4950.3381
316.6  4909.5429
316.5  5151.3006
316.4  5181.7424
316.3  4877.9381
316.2  4911.1177
316.1  5128.6768
316  4966.4667
315.9  4866.8709
315.8  4957.4052
315.7  5028.9868
315.6  5088.9349
315.5  5104.4151
315.4  5042.2009
315.3  5057.3574
315.2  4842.0647
315.1  5191.3179
315  5033.1991
314.9  5026.0027
314.8  5127.2653
314.7  4956.5471
314.6  5132.6756
314.5  4805.5105
314.4  4939.7603
314.3  5143.4696
314.2  4907.5361
314.1  4717.4011
314  4671.3262
313.9  4800.0289
313.8  4964.2658
313.7  4899.5461
313.6  4753.7776
313.5  5127.6752
313.4  5033.3574
313.3  4755.8726
313.2  5064.3625
313.1  4798.7836
313  4969.1636
312.9  4840.4179
312.8  4851.7195
312.7  5059.8332
312.6  4835.9871
312.5  4929.8322
312.4  4807.2923
312.3  4860.3416
312.2  4738.2361
312.1  5165.1683
312  5261.5009
311.9  5036.8094
311.8  5046.7786
311.7  5125.1577
311.6  5083.9923
311.5  5231.7159
311.4  4956.0266
311.3  5134.132
311.2  5256.2128
311.1  5329.2725
311  5090.8427
310.9  5181.8016
310.8  4796.6745
310.7  4877.9841
310.6  4850.2044
310.5  4884.4598
310.4  4948.4399
310.3  5293.0987
310.2  4744.2906
310.1  5162.8277
310  5157.2912
309.9  4938.1619
309.8  5078.498
309.7  4922.8017
309.6  4939.5312
309.5  4894.8808
309.4  4930.1265
309.3  4738.7726
309.2  4728.5746
309.1  4893.4412
309  4841.059
308.9  4924.7244
308.8  5012.4557
308.7  4993.5461
308.6  4878.7371
308.5  4732.9756
308.4  5071.9564
308.3  5294.5833
308.2  5221.4741
308.1  5010.9578
308  4848.0929
307.9  5050.0514
307.8  5077.3958
307.7  5183.5956
307.6  5029.1876
307.5  4942.6269
307.4  5032.5738
307.3  5088.1029
307.2  4987.1689
307.1  4884.7205
307  4917.3396
306.9  5124.5178
306.8  4894.1691
306.7  4821.3977
306.6  4720.5613
306.5  4763.5643
306.4  4959.2399
306.3  4758.1357
306.2  4691.0002
306.1  4846.2069
306  4910.0094
305.9  4915.0526
305.8  4538.7023
305.7  4634.7047
305.6  4765.6995
305.5  4653.7922
305.4  4634.5876
305.3  4886.08
305.2  4837.3512
305.1  4923.6838
305  4843.8146
304.9  4791.4316
304.8  4720.8584
304.7  4596.8399
304.6  4585.146
304.5  4715.7345
304.4  4713.7819
304.3  4790.3152
304.2  4714.3892
304.1  4942.8338
304  4909.4942
303.9  4793.4392
303.8  4687.476
303.7  4953.6538
303.6  4886.5138
303.5  4811.331
303.4  4832.2907
303.3  4743.8158
303.2  4718.7277
303.1  4862.9551
303  4869.3343
302.9  4447.9625
302.8  4634.28
302.7  4899.638
302.6  4708.5004
302.5  4613.2319
302.4  4811.2484
302.3  4675.0044
302.2  4816.0692
302.1  4829.8702
302  4784.5045
301.9  4708.1439
301.8  4731.8565
301.7  4736.9046
301.6  4883.4474
301.5  4849.5915
301.4  4782.7741
301.3  4670.5074
301.2  4814.3759
301.1  4833.2478
301  4768.4924
300.9  4917.3825
300.8  4818.9342
300.7  4464.1235
300.6  4769.8683
300.5  4691.6958
300.4  4769.2536
300.3  4773.934
300.2  4631.5155
300.1  4795.8766
300  4796.136
299.9  4754.9779
299.8  4786.2544
299.7  4917.3292
299.6  4704.3382
299.5  4849.6155
299.4  4835.6385
299.3  4826.8397
299.2  4684.1719
299.1  4778.1698
299  4757.6981
298.9  4839.1878
298.8  4664.6812
298.7  4562.3132
298.6  4489.3803
298.5  4395.8815
298.4  4462.2771
298.3  4698.2546
298.2  4452.1105
298.1  4607.4179
298  4730.1299
297.9  4677.7848
297.8  4685.0285
297.7  4726.3446
297.6  4808.0131
297.5  4745.5617
297.4  4472.6886
297.3  4721.8266
297.2  4937.3522
297.1  4790.3143
297  4943.9101
296.9  4720.4252
296.8  4522.2437
296.7  4864.834
296.6  4828.648
296.5  4764.1505
296.4  4662.0229
296.3  5087.9674
296.2  4791.3921
296.1  4476.5907
296  4580.9081
295.9  4515.793
295.8  4681.0232
295.7  4998.6328
295.6  4756.0754
295.5  4685.8756
295.4  4727.2373
295.3  4813.7218
295.2  4726.2879
295.1  4784.1836
295  4787.9061

# Group:                        Spectrum Group
#
# Region:                       Overall
# Spectrum ID:                  9
# Acquisition Date:             07/23/26 13:36:21 UTC
# Analysis Method:              XPS
# Analyzer:                     PHOIBOS MCD5 Analyzer
# Analyzer Lens:                LargeArea:1.5kV
# Analyzer Slit:                5:7x20\B:open
# Scan Mode:                    FixedAnalyzerTransmission
# Curves/Scan:                  1
# Values/Curve:                 1002
# Dwell Time:                   0.125
# Excitation Energy:            1486.61
# Binding Energy:               1000
# Pass Energy:                  50
# Bias Voltage:                 90
# Detector Voltage:             3000
# Eff. Workfunction:            4.543
# Source:                       X-Ray Dummy
# Comment:                      I think the last round of scans was at the wrong x
#                               Iris diameter was set to 20 for previous day's experiments!
#
# Cycle: 0
# Number of Scans: 1
#
# Cycle: 0, Curve: 0
# Acquisition Date:             07/23/26 13:36:21 UTC
#
# ColumnLabels:                 energy counts/s
#
1000  13792.084
999.001  13641.269
998.002  13698.996
997.003  13556.307
996.004  13115.923
995.005  12815.893
994.00599  12977.911
993.00699  12536.545
992.00799  12473.95
991.00899  12946.018
990.00999  12777.973
989.01099  12962.602
988.01199  13865.079
987.01299  13908.051
986.01399  14156.736
985.01499  15371.376
984.01598  16012.578
983.01698  16271.625
982.01798  15791.546
981.01898  14569.777
980.01998  14232.676
979.02098  13903.132
978.02198  13678.607
977.02298  13407.687
976.02398  13214.173
975.02498  12876.697
974.02597  12444.285
973.02697  12295.429
972.02797  11425.531
971.02897  11052.07
970.02997  11028.814
969.03097  10854.264
968.03197  10764.291
967.03297  10534.288
966.03397  10396.856
965.03497  10537.752
964.03596  10926.047
963.03696  11019.772
962.03796  10805.314
961.03896  10873.573
960.03996  10824.537
959.04096  10548.233
958.04196  10295.693
957.04296  10347.796
956.04396  10805.451
955.04496  10640.79
954.04595  10636.964
953.04695  10590.838
952.04795  10085.507
951.04895  10595.88
950.04995  10874.157
949.05095  10652.886
948.05195  10624.79
947.05295  10780.446
946.05395  10464.89
945.05495  10517.805
944.05594  10530.425
943.05694  10740.996
942.05794  10716.781
941.05894  10585.797
940.05994  10615.887
939.06094  10663.928
938.06194  10742.361
937.06294  10673.567
936.06394  10675.947
935.06494  10317.11
934.06593  10478.859
933.06693  10801.562
932.06793  10878.878
931.06893  10455.005
930.06993  10270.631
929.07093  10484.411
928.07193  10722.486
927.07293  10875.969
926.07393  10381.142
925.07493  10373.629
924.07592  10366.962
923.07692  10433.549
922.07792  10861.354
921.07892  10651.291
920.07992  10113.813
919.08092  10515.404
918.08192  10844.557
917.08292  10606.914
916.08392  10455.171
915.08492  10425.271
914.08591  10501.029
913.08691  10314.234
912.08791  10227.676
911.08891  10511.614
910.08991  10688.084
909.09091  10480.836
908.09191  10565.23
907.09291  10299.65
906.09391  10426.954
905.09491  10587.771
904.0959  10783.216
903.0969  10713.866
902.0979  10632.901
901.0989  10563.231
900.0999  10414.428
899.1009  10790.994
898.1019  10722.679
897.1029  10370.32
896.1039  10634.005
895.1049  10941.775
894.10589  10933.316
893.10689  10676.982
892.10789  10684.674
891.10889  10563.223
890.10989  10482.726
889.11089  10640.392
888.11189  10401.633
887.11289  10150.292
886.11389  10099.718
885.11489  10469.843
884.11588  10553.88
883.11688  10497.163
882.11788  10643.22
881.11888  10543.54
880.11988  10446.049
879.12088  10113.631
878.12188  10020.796
877.12288  10133.453
876.12388  10161.088
875.12488  10233.212
874.12587  10302.462
873.12687  10381.172
872.12787  10466.77
871.12887  10321.566
870.12987  10452.799
869.13087  10274.967
868.13187  10053.438
867.13287  10392.692
866.13387  10161.287
865.13487  10225.569
864.13586  10313.732
863.13686  10344.84
862.13786  10401.862
861.13886  10316.877
860.13986  10574.352
859.14086  10700.441
858.14186  10577.664
857.14286  10736.915
856.14386  10625.755
855.14486  10332.253
854.14585  10701.714
853.14685  10348.3
852.14785  10076.629
851.14885  10309.573
850.14985  10460.765
849.15085  10781.417
848.15185  10544.551
847.15285  10439.847
846.15385  10697.89
845.15485  10645.82
844.15584  10550.347
843.15684  10476.984
842.15784  10320.732
841.15884  10448.718
840.15984  10642.605
839.16084  10704.998
838.16184  10533.973
837.16284  10367.194
836.16384  9930.7393
835.16484  10229.932
834.16583  10425.071
833.16683  10294.985
832.16783  10398.087
831.16883  10254.017
830.16983  10175.219
829.17083  9995.7683
828.17183  10283.565
827.17283  10167.43
826.17383  9908.9812
825.17483  10275.163
824.17582  10091.385
823.17682  10015.234
822.17782  10237.969
821.17882  10034.903
820.17982  10237.852
819.18082  10379.554
818.18182  9944.6458
817.18282  9874.2459
816.18382  10044.743
815.18482  9614.4553
814.18581  9481.3893
813.18681  9809.911
812.18781  9806.9866
811.18881  10127.337
810.18981  10272.897
809.19081  10181.269
808.19181  10093.133
807.19281  10114.374
806.19381  9875.7561
805.19481  9645.3136
804.1958  9885.757
803.1968  10172.69
802.1978  10046.968
801.1988  10059.473
800.1998  10246.355
799.2008  9854.7706
798.2018  9678.016
797.2028  10006.041
796.2038  10299.208
795.2048  10066.888
794.20579  10012.627
793.20679  10069.859
792.20779  10110.682
791.20879  10248.088
790.20979  10642.771
789.21079  10249.079
788.21179  10102.12
787.21279  10443.17
786.21379  10661.536
785.21479  10398.917
784.21578  10300.552
783.21678  10406.887
782.21778  10088.017
781.21878  10183.49
780.21978  10231.738
779.22078  9754.5353
778.22178  9861.062
777.22278  9989.8413
776.22378  9941.2626
775.22478  9892.2975
774.22577  9755.0686
773.22677  9837.4368
772.22777  9852.6569
771.22877  9894.8237
770.22977  10060.069
769.23077  10263.002
768.23177  9884.1983
767.23277  9624.3153
766.23377  9903.8801
765.23477  9954.7246
764.23576  10078.327
763.23676  10130.457
762.23776  10019.46
761.23876  9975.5339
760.23976  9702.7323
759.24076  9530.7338
758.24176  9729.7875
757.24276  9778.6577
756.24376  9642.6841
755.24476  9586.9321
754.24575  9401.1485
753.24675  9190.5728
752.24775  9414.099
751.24875  9576.0691
750.24975  9332.8118
749.25075  9540.0442
748.25175  9943.5123
747.25275  9976.6561
746.25375  10256.761
745.25475  10802.105
744.25574  10909.028
743.25674  10540.621
742.25774  10004.817
741.25874  9488.9756
740.25974  9495.9909
739.26074  9694.4771
738.26174  9253.2905
737.26274  9142.6558
736.26374  9462.226
735.26474  9541.9177
734.26573  9285.8602
733.26673  8930.5234
732.26773  8914.6784
731.26873  9230.5084
730.26973  9064.471
729.27073  9101.4091
728.27173  9649.323
727.27273  9648.5309
726.27373  9419.8218
725.27473  9309.0909
724.27572  9266.1672
723.27672  9208.6643
722.27772  9508.0212
721.27872  9242.4677
720.27972  9246.7316
719.28072  9243.0836
718.28172  9234.4975
717.28272  9512.3386
716.28372  9445.7081
715.28472  9151.4141
714.28571  8823.0824
713.28671  9238.0726
712.28771  9477.3323
711.28871  9223.3545
710.28971  9172.443
709.29071  8940.0807
708.29171  8683.5045
707.29271  8774.2172
706.29371  8888.7699
705.29471  8905.0886
704.2957  9044.2159
703.2967  8856.3725
702.2977  8679.5925
701.2987  8753.1384
700.2997  8799.2919
699.3007  8782.4902
698.3017  8845.5736
697.3027  8801.1959
696.3037  8882.6931
695.3047  8754.7486
694.30569  8774.5611
693.30669  8918.709
692.30769  8571.3657
691.30869  8332.8549
690.30969  8583.8554
689.31069  8456.3285
688.31169  8547.6375
687.31269  8760.7635
686.31369  8635.1329
685.31469  8465.2544
684.31568  8428.5221
683.31668  8561.7223
682.31768  8773.1533
681.31868  9069.6553
680.31968  8701.141
679.32068  8631.4683
678.32168  8889.1983
677.32268  8820.0211
676.32368  8962.2781
675.32468  8789.5605
674.32567  8652.9065
673.32667  8561.1068
672.32767  8696.7257
671.32867  8557.2236
670.32967  8528.8739
669.33067  8713.6883
668.33167  8634.8911
667.33267  8617.7847
666.33367  8727.0723
665.33467  8569.0798
664.33566  8622.193
663.33666  8648.7121
662.33766  8553.6567
661.33866  8602.8961
660.33966  8719.9886
659.34066  8772.7674
658.34166  8758.3451
657.34266  8933.4895
656.34366  8857.7417
655.34466  8742.8985
654.34565  8589.8809
653.34665  8997.8523
652.34765  9512.2786
651.34865  9365.3487
650.34965  8778.3898
649.35065  8639.264
648.35165  9040.9439
647.35265  9142.5079
646.35365  9154.5233
645.35465  9194.8338
644.35564  8900.7684
643.35664  8885.2694
642.35764  9212.1828
641.35864  9136.9316
640.35964  9099.0493
639.36064  9051.4324
638.36164  8908.8129
637.36264  8972.9053
636.36364  8785.5015
635.36464  8742.0955
634.36563  8584.1607
633.36663  8796.118
632.36763  8937.5901
631.36863  8594.411
630.36963  8432.2945
629.37063  8435.6343
628.37163  8707.0216
627.37263  8833.2823
626.37363  8895.4226
625.37463  8754.4949
624.37562  8611.3564
623.37662  8514.3988
622.37762  8411.2388
621.37862  8727.8775
620.37962  8864.408
619.38062  8771.6586
618.38162  8356.7472
617.38262  8504.2778
616.38362  8812.9087
615.38462  8639.536
614.38561  8842.5356
613.38661  9009.9812
612.38761  8950.2481
611.38861  8701.4935
610.38961  8814.4025
609.39061  8988.3382
608.39161  9202.1652
607.39261  8872.2045
606.39361  8474.486
605.39461  8862.9545
604.3956  9051.1939
603.3966  9129.8905
602.3976  8712.9918
601.3986  8740.905
600.3996  9148.8001
599.4006  9120.405
598.4016  9107.4955
597.4026  9057.5692
596.4036  9101.4339
595.4046  8995.9034
594.40559  8796.9408
593.40659  8683.9003
592.40759  9143.7545
591.40859  8913.9781
590.40959  8557.3347
589.41059  9136.4531
588.41159  9431.8552
587.41259  8969.7892
586.41359  9032.3011
585.41459  9170.0795
584.41558  9048.1402
583.41658  9113.713
582.41758  9119.5378
581.41858  9028.2515
580.41958  9269.614
579.42058  9104.5544
578.42158  8730.6302
577.42258  8889.9344
576.42358  8871.7735
575.42458  9054.1846
574.42557  9351.1136
573.42657  9249.1096
572.42757  8993.1687
571.42857  8736.4007
570.42957  8828.5188
569.43057  8987.834
568.43157  8905.3482
567.43257  8914.255
566.43357  9009.7383
565.43457  9176.4163
564.43556  9483.924
563.43656  9756.4599
562.43756  9835.4599
561.43856  9799.2463
560.43956  10158.03
559.44056  10108.866
558.44156  9856.9277
557.44256  9717.0061
556.44356  9696.3865
555.44456  9389.1966
554.44555  9567.7715
553.44655  9726.6112
552.44755  9780.2366
551.44855  9786.4498
550.44955  9616.3739
549.45055  9017.6819
548.45155  8619.2139
547.45255  8725.5686
546.45355  8717.3489
545.45455  8158.613
544.45554  7722.6577
543.45654  7505.9955
542.45754  7570.3061
541.45854  7699.5592
540.45954  8095.0572
539.46054  9386.7678
538.46154  12040.804
537.46254  15547.892
536.46354  18256.343
535.46454  17080.169
534.46553  13384.496
533.46653  10166.501
532.46753  8349.6179
531.46853  7693.6179
530.46953  7424.3502
529.47053  7228.857
528.47153  7054.77
527.47253  6938.4807
526.47353  7170.8012
525.47453  7424.9645
524.47552  7023.9223
523.47652  6501.0803
522.47752  6398.2324
521.47852  6311.4046
520.47952  5798.5557
519.48052  5634.5539
518.48152  5738.3938
517.48252  6096.7005
516.48352  6104.1304
515.48452  6130.4068
514.48551  6242.3657
513.48651  6298.5906
512.48751  6170.6131
511.48851  5924.0855
510.48951  5720.9415
509.49051  5900.3368
508.49151  5932.1777
507.49251  5890.9887
506.49351  6054.901
505.49451  5800.2577
504.4955  5678.2042
503.4965  5818.8159
502.4975  5938.4345
501.4985  5958.1898
500.4995  5862.36
499.5005  5857.8006
498.5015  5804.4416
497.5025  5953.0045
496.5035  5795.5179
495.5045  5811.7599
494.50549  5872.7346
493.50649  5742.2693
492.50749  5693.1009
491.50849  5959.8445
490.50949  6003.6716
489.51049  5939.9275
488.51149  5904.1306
487.51249  5918.381
486.51349  5872.9602
485.51449  5688.6735
484.51548  5943.219
483.51648  5991.7831
482.51748  6033.4212
481.51848  5928.3897
480.51948  5865.7614
479.52048  5930.5951
478.52148  5873.9359
477.52248  5812.5134
476.52348  5792.1128
475.52448  5804.686
474.52547  5866.166
473.52647  5749.9427
472.52747  5863.2354
471.52847  5955.2558
470.52947  5728.2997
469.53047  5982.4418
468.53147  6258.3245
467.53247  6139.176
466.53347  5907.1947
465.53447  6243.7662
464.53546  6211.1811
463.53646  5895.5439
462.53746  5859.9831
461.53846  5804.1656
460.53946  5871.3492
459.54046  5909.3377
458.54146  5767.7321
457.54246  5973.2488
456.54346  5988.4934
455.54446  5874.2505
454.54545  5691.8386
453.54645  5731.7481
452.54745  6097.8812
451.54845  6173.7096
450.54945  5881.6763
449.55045  5714.663
448.55145  5868.5727
447.55245  6110.968
446.55345  6511.2934
445.55445  6409.8929
444.55544  5894.9185
443.55644  5863.6663
442.55744  5864.0927
441.55844  5853.4711
440.55944  5795.9667
439.56044  5794.5537
438.56144  5766.8117
437.56244  6055.3009
436.56344  6117.0684
435.56444  5699.2078
434.56543  6038.487
433.56643  6236.3927
432.56743  6254.6514
431.56843  6129.2866
430.56943  6317.643
429.57043  6142.3892
428.57143  6138.0292
427.57243  6075.7042
426.57343  6531.7083
425.57443  6444.7612
424.57542  6007.8738
423.57642  6279.0776
422.57742  6489.0726
421.57842  6465.5552
420.57942  6408.8723
419.58042  6436.4026
418.58142  6346.6782
417.58242  6383.5874
416.58342  6311.9552
415.58442  6191.5898
414.58541  6155.8216
413.58641  5993.549
412.58741  6290.9776
411.58841  6418.7564
410.58941  6334.4097
409.59041  6344.6132
408.59141  6255.708
407.59241  6225.0954
406.59341  6399.9523
405.59441  6800.8237
404.5954  6799.2979
403.5964  6919.1436
402.5974  6893.8416
401.5984  6347.5127
400.5994  6323.9932
399.6004  6120.5684
398.6014  5944.8282
397.6024  6145.9858
396.6034  6070.0258
395.6044  6144.4856
394.60539  6257.0794
393.60639  6366.6642
392.60739  6488.6656
391.60839  6252.7609
390.60939  6337.2903
389.61039  6354.3033
388.61139  6349.1219
387.61239  6325.1971
386.61339  6339.7324
385.61439  6485.1212
384.61538  6122.5319
383.61638  6250.1645
382.61738  6577.6277
381.61838  6547.4439
380.61938  6440.4739
379.62038  6437.2225
378.62138  6502.6832
377.62238  6354.0517
376.62338  6598.9264
375.62438  6610.6497
374.62537  6757.8206
373.62637  6945.102
372.62737  6676.9676
371.62837  6769.3768
370.62937  6887.7109
369.63037  6871.5932
368.63137  6628.5259
367.63237  6581.34
366.63337  6794.424
365.63437  6979.2486
364.63536  6865.3809
363.63636  7116.3664
362.63736  7526.9427
361.63836  7929.4499
360.63936  7947.0932
359.64036  8364.7859
358.64136  8964.8971
357.64236  9234.3178
356.64336  8971.8382
355.64436  8424.9327
354.64535  8279.6479
353.64635  8058.7218
352.64735  7801.5384
351.64835  7671.0921
350.64935  7442.0018
349.65035  7224.0042
348.65135  7165.5317
347.65235  7126.1452
346.65335  7145.8647
345.65435  7330.9125
344.65534  7203.699
343.65634  7408.9054
342.65734  8049.7201
341.65834  8678.1677
340.65934  9345.2083
339.66034  9650.5419
338.66134  9130.5365
337.66234  8657.3399
336.66334  8547.1276
335.66434  8036.4717
334.66533  7423.6158
333.66633  7149.5634
332.66733  6593.2015
331.66833  6357.6629
330.66933  6146.396
329.67033  6100.7182
328.67133  6082.109
327.67233  5901.1247
326.67333  5539.7968
325.67433  5253.466
324.67532  5402.1949
323.67632  5309.1785
322.67732  5095.6914
321.67832  5127.2072
320.67932  5201.7956
319.68032  5081.8714
318.68132  5334.5812
317.68232  5319.3774
316.68332  5071.3719
315.68432  4939.7393
314.68531  5051.911
313.68631  5208.2392
312.68731  5086.7225
311.68831  4984.7744
310.68931  5090.4649
309.69031  5028.6752
308.69131  4928.8346
307.69231  4875.7344
306.69331  4961.4095
305.69431  4809.5693
304.6953  4849.7491
303.6963  5111.822
302.6973  4923.0109
301.6983  4811.1545
300.6993  4727.5864
299.7003  4983.1018
298.7013  5003.8327
297.7023  5071.4848
296.7033  5052.8286
295.7043  5054.1587
294.70529  5353.2283
293.70629  5076.3652
292.70729  4947.0514
291.70829  4975.6249
290.70929  5079.5005
289.71029  5146.04
288.71129  5261.5523
287.71229  5362.5735
286.71329  5139.5183
285.71429  5152.2401
284.71528  5190.3704
283.71628  4914.6444
282.71728  4798.1067
281.71828  4838.6375
280.71928  4939.8452
279.72028  4977.1745
278.72128  5082.4196
277.72228  5026.3098
276.72328  4727.3979
275.72428  4934.9058
274.72527  5067.6773
273.72627  5077.2641
272.72727  4944.627
271.72827  4748.944
270.72927  4594.1581
269.73027  4680.1146
268.73127  4881.2527
267.73227  4914.6759
266.73327  4565.7655
265.73427  4485.5016
264.73526  4819.0103
263.73626  4972.7643
262.73726  4869.0168
261.73826  4734.8726
260.73926  4879.7428
259.74026  4960.5262
258.74126  4778.1844
257.74226  4738.0115
256.74326  4732.4902
255.74426  4756.5635
254.74525  4791.1495
253.74625  4777.1818
252.74725  4749.1597
251.74825  4829.3529
250.74925  4927.7688
249.75025  4806.5364
248.75125  4803.6099
247.75225  5004.5345
246.75325  4861.4372
245.75425  4783.8723
244.75524  4983.0789
243.75624  4991.8611
242.75724  5041.8218
241.75824  5312.6056
240.75924  5493.5507
239.76024  5645.7159
238.76124  5756.6185
237.76224  5817.3321
236.76324  5554.4006
235.76424  5201.7221
234.76523  4995.6288
233.76623  4602.4205
232.76723  4506.1082
231.76823  4722.0707
230.76923  4903.6607
229.77023  4973.9211
228.77123  4720.5183
227.77223  4700.2909
226.77323  4672.8175
225.77423  4792.8818
224.77522  4831.0532
223.77622  4699.8062
222.77722  4738.7712
221.77822  4877.9651
220.77922  4848.4288
219.78022  4822.1421
218.78122  4713.9191
217.78222  4571.4059
216.78322  4611.042
215.78422  4718.8288
214.78521  4670.9226
213.78621  4688.3182
212.78721  4609.9361
211.78821  4730.6046
210.78921  4789.2333
209.79021  4608.6479
208.79121  4786.0913
207.79221  4832.3687
206.79321  4992.0074
205.79421  5013.9576
204.7952  4754.9459
203.7962  4701.2562
202.7972  4768.0928
201.7982  4814.1231
200.7992  4711.9493
199.8002  5043.7823
198.8012  5119.0487
197.8022  4887.2461
196.8032  4912.2717
195.8042  5064.2076
194.80519  5099.4492
193.80619  5082.573
192.80719  5105.5865
191.80819  4933.4283
190.80919  4988.4812
189.81019  4899.25
188.81119  4807.9761
187.81219  4744.3036
186.81319  4795.063
185.81419  4797.6742
184.81518  4770.4905
183.81618  4822.3762
182.81718  4846.6705
181.81818  5075.4196
180.81918  5097.2472
179.82018  4926.0077
178.82118  5140.638
177.82218  5131.809
176.82318  4758.0632
175.82418  4606.827
174.82517  4745.2781
173.82617  4955.8044
172.82717  4944.1953
171.82817  5165.5182
170.82917  5211.0549
169.83017  5054.0649
168.83117  4802.8777
167.83217  4631.1674
166.83317  4752.5732
165.83417  4959.8441
164.83516  4918.7357
163.83616  4766.8966
162.83716  4926.701
161.83816  4891.5784
160.83916  4884.9963
159.84016  5312.0097
158.84116  5595.1005
157.84216  5722.0124
156.84316  5756.7319
155.84416  5797.3095
154.84515  5698.2713
153.84615  5428.1293
152.84715  5279.2905
151.84815  5316.5332
150.84915  5273.4237
149.85015  5111.547
148.85115  5063.8964
147.85215  5015.8482
146.85315  5240.9086
145.85415  5017.7269
144.85514  4896.7921
143.85614  4983.1205
142.85714  5144.0781
141.85814  5393.4338
140.85914  5509.0081
139.86014  5390.9665
138.86114  5236.9668
137.86214  5149.6668
136.86314  5208.148
135.86414  5163.3974
134.86513  5028.627
133.86613  5174.2639
132.86713  5084.6389
131.86813  5057.0102
130.86913  5066.4834
129.87013  5347.1423
128.87113  5422.1481
127.87213  5391.8929
126.87313  6197.6968
125.87413  6885.2068
124.87512  7131.2387
123.87612  7133.1014
122.87712  6493.9014
121.87812  5936.6156
120.87912  5638.6724
119.88012  5439.3479
118.88112  5154.9671
117.88212  5317.6546
116.88312  5348.5396
115.88412  5324.386
114.88511  5281.5946
113.88611  5252.0974
112.88711  5316.924
111.88811  5345.2502
110.88911  5447.4211
109.89011  5383.6515
108.89111  5184.4419
107.89211  5745.6784
106.89311  6666.0672
105.89411  7713.8234
104.8951  8332.5362
103.8961  8002.458
102.8971  6909.6045
101.8981  5681.2201
100.8991  5173.3666
99.9001  4909.7072
98.901099  4873.9676
97.902098  4970.8568
96.903097  4984.6794
95.904096  4992.3352
94.905095  5874.6839
93.906094  7134.7123
92.907093  8004.9421
91.908092  8404.7819
90.909091  8505.4071
89.91009  9617.3821
88.911089  10543.426
87.912088  9420.8012
86.913087  7184.6052
85.914086  5920.561
84.915085  6199.6499
83.916084  5821.7032
82.917083  4497.7033
81.918082  4180.9571
80.919081  4811.0123
79.92008  5304.7385
78.921079  4930.9019
77.922078  4286.7626
76.923077  3629.0689
75.924076  3437.6009
74.925075  3292.1431
73.926074  3070.3113
72.927073  2971.9844
71.928072  2887.3983
70.929071  3003.8548
69.93007  2951.3232
68.931069  2707.0845
67.932068  2618.4428
66.933067  2893.4777
65.934066  3084.997
64.935065  2893.5781
63.936064  2805.0934
62.937063  2839.5432
61.938062  2710.0894
60.939061  2699.353
59.94006  2657.7619
58.941059  2528.4135
57.942058  2688.3414
56.943057  2777.6543
55.944056  2668.6656
54.945055  2503.5808
53.946054  2638.6179
52.947053  2597.426
51.948052  2432.1546
50.949051  2473.5547
49.95005  2455.0821
48.951049  2289.1738
47.952048  2407.6655
46.953047  2366.3298
45.954046  2424.387
44.955045  2584.1249
43.956044  2459.3619
42.957043  2335.1073
41.958042  2279.1061
40.959041  2320.1037
39.96004  2366.9198
38.961039  2409.9602
37.962038  2276.2119
36.963037  2160.5609
35.964036  2205.9639
34.965035  2220.893
33.966034  2365.0587
32.967033  2308.8514
31.968032  2243.8481
30.969031  2415.834
29.97003  2530.2746
28.971029  2424.8557
27.972028  2462.6324
26.973027  2530.5425
25.974026  2362.5587
24.975025  2126.4303
23.976024  2151.3513
22.977023  2252.9983
21.978022  2276.3696
20.979021  2262.3459
19.98002  2288.6977
18.981019  2310.2023
17.982018  2382.8345
16.983017  2321.0412
15.984016  2300.477
14.985015  2185.0842
13.986014  2197.7611
12.987013  2303.953
11.988012  2519.4161
10.989011  2667.0545
9.99001  2618.4781
8.991009  2739.1869
7.992008  2674.1383
6.993007  2535.0347
5.994006  2496.5331
4.995005  2408.887
3.996004  2286.1953
2.997003  2227.1344
1.998002  1960.2873
0.999001  1753.7001
0  2007.9807

# Region:                       Overall
# Spectrum ID:                  17
# Acquisition Date:             07/23/26 13:47:51 UTC
# Analysis Method:              XPS
# Analyzer:                     PHOIBOS MCD5 Analyzer
# Analyzer Lens:                LargeArea:1.5kV
# Analyzer Slit:                5:7x20\B:open
# Scan Mode:                    FixedAnalyzerTransmission
# Curves/Scan:                  1
# Values/Curve:                 1002
# Dwell Time:                   0.125
# Excitation Energy:            1486.61
# Binding Energy:               1000
# Pass Energy:                  50
# Bias Voltage:                 90
# Detector Voltage:             3000
# Eff. Workfunction:            4.543
# Source:                       X-Ray Dummy
# Comment:                      
#
# Cycle: 0
# Number of Scans: 4
#
# Cycle: 0, Curve: 0
# Acquisition Date:             07/23/26 13:47:51 UTC
#
# ColumnLabels:                 energy counts/s
#
1000  24636.85
999.001  24343.031
998.002  24251.685
997.003  24157.486
996.004  23925.559
995.005  23669.166
994.00599  23344.664
993.00699  23441.896
992.00799  23338.127
991.00899  23429.971
990.00999  23703.364
989.01099  23987.291
988.01199  24551.36
987.01299  25828.061
986.01399  26625.933
985.01499  27838.165
984.01598  28477.85
983.01698  28445.046
982.01798  27925.118
981.01898  27361.773
980.01998  26488.279
979.02098  25567.41
978.02198  24836.032
977.02298  23995.086
976.02398  23661.279
975.02498  23035.792
974.02597  22610.868
973.02697  22320.972
972.02797  21630.209
971.02897  21111.619
970.02997  20668.918
969.03097  20313.734
968.03197  20116.107
967.03297  20070.471
966.03397  20071.151
965.03497  19728.054
964.03596  19477.636
963.03696  19685.068
962.03796  19833.48
961.03896  19829.907
960.03996  19895.521
959.04096  19966.152
958.04196  19871.066
957.04296  19651.598
956.04396  19709.689
955.04496  19566.047
954.04595  19859.776
953.04695  19830.559
952.04795  19606.463
951.04895  19757.904
950.04995  19701.975
949.05095  19624.651
948.05195  19837.384
947.05295  19964.233
946.05395  19899.763
945.05495  19718.443
944.05594  19551.777
943.05694  19670.143
942.05794  19893.531
941.05894  19858.897
940.05994  19906.823
939.06094  19971.702
938.06194  19861.113
937.06294  19667.169
936.06394  19653.768
935.06494  19767.708
934.06593  19969.537
933.06693  19883.644
932.06793  19550.002
931.06893  19692.881
930.06993  19804.373
929.07093  19976.686
928.07193  19793.866
927.07293  19594.958
926.07393  19804.915
925.07493  19658.079
924.07592  19516.965
923.07692  19571.53
922.07792  19788.101
921.07892  19847.962
920.07992  19571.978
919.08092  19685.426
918.08192  19765.029
917.08292  19749.86
916.08392  19872.996
915.08492  19936.832
914.08591  19757.844
913.08691  19645.978
912.08791  19513.994
911.08891  19503.844
910.08991  19812.655
909.09091  19879.203
908.09191  19775.375
907.09291  19802.247
906.09391  19731.464
905.09491  19837.22
904.0959  19806.906
903.0969  19630.716
902.0979  19607.892
901.0989  19813.45
900.0999  19784.68
899.1009  19576.113
898.1019  19621.677
897.1029  19646.562
896.1039  19537.867
895.1049  19603.835
894.10589  19601.237
893.10689  19639.749
892.10789  19643.093
891.10889  19616.492
890.10989  19513.583
889.11089  19509.435
888.11189  19325.645
887.11289  19195.815
886.11389  19307.534
885.11489  19192.472
884.11588  18921.154
883.11688  18755.748
882.11788  18962.642
881.11888  19237.654
880.11988  19232.736
879.12088  19057.567
878.12188  18949.468
877.12288  19023.946
876.12388  18954.999
875.12488  18934.83
874.12587  19077.581
873.12687  19148.294
872.12787  19067.467
871.12887  18982.183
870.12987  18984.161
869.13087  19026.249
868.13187  18970.671
867.13287  18986.307
866.13387  19147.47
865.13487  18952.621
864.13586  18668.021
863.13686  18691.497
862.13786  18934.533
861.13886  19060.54
860.13986  18884.742
859.14086  18850.722
858.14186  19066.109
857.14286  19013.794
856.14386  18860.895
855.14486  18864.854
854.14585  19105.3
853.14685  19164.777
852.14785  19141.978
851.14885  19091.648
850.14985  18918.336
849.15085  18581.022
848.15185  18813.307
847.15285  18978.716
846.15385  19152.712
845.15485  19157.04
844.15584  18955.183
843.15684  18866.924
842.15784  18767.958
841.15884  18986.461
840.15984  19082.825
839.16084  18884.555
838.16184  18759
837.16284  18841.326
836.16384  18833.271
835.16484  18680.745
834.16583  18478.575
833.16683  18223.242
832.16783  18122.013
831.16883  17938.407
830.16983  17805.155
829.17083  17648.556
828.17183  17740.727
827.17283  17903.715
826.17383  17803.961
825.17483  17818.142
824.17582  17988.835
823.17682  17824.964
822.17782  17893.717
821.17882  17872.571
820.17982  17718.798
819.18082  17654.566
818.18182  17545.144
817.18282  17344.887
816.18382  17531.743
815.18482  17745.32
814.18581  17750.889
813.18681  17844.775
812.18781  18065.598
811.18881  17991.537
810.18981  17786.389
809.19081  17832.916
808.19181  17813.818
807.19281  18028.763
806.19381  18066.533
805.19481  17876.142
804.1958  17837.27
803.1968  17891.902
802.1978  17910.914
801.1988  17917.84
800.1998  17790.778
799.2008  18050.288
798.2018  17990.744
797.2028  18078.679
796.2038  17976.633
795.2048  17956.122
794.20579  17868.095
793.20679  17934.008
792.20779  18180.301
791.20879  18312.235
790.20979  18314.258
789.21079  18335.432
788.21179  18531.371
787.21279  18696.183
786.21379  18663.287
785.21479  18577.117
784.21578  18330.375
783.21678  17949.389
782.21778  17949.189
781.21878  17993.134
780.21978  17843.553
779.22078  17891.372
778.22178  17578.262
777.22278  17459.747
776.22378  17548.925
775.22478  17378.155
774.22577  17384.281
773.22677  17422.908
772.22777  17477.192
771.22877  17500.363
770.22977  17546.563
769.23077  17690.222
768.23177  17609.843
767.23277  17398.555
766.23377  17274.324
765.23477  17205.27
764.23576  17365.318
763.23676  17462.494
762.23776  17505.691
761.23876  17442.526
760.23976  17311.083
759.24076  16802.06
758.24176  16553.407
757.24276  16752.192
756.24376  16656.14
755.24476  16438.131
754.24575  16451.923
753.24675  16581.836
752.24775  16516.281
751.24875  16448.781
750.24975  16561.63
749.25075  16663.211
748.25175  17033.191
747.25275  17762.509
746.25375  18572.01
745.25475  18738.7
744.25574  18598.979
743.25674  17855.296
742.25774  17062.325
741.25874  16531.362
740.25974  16351.639
739.26074  16114.342
738.26174  16040.454
737.26274  16145.298
736.26374  16266.049
735.26474  16124.667
734.26573  16116.214
733.26673  16104.916
732.26773  16122.684
731.26873  16226.495
730.26973  16513.076
729.27073  16359.189
728.27173  16099.888
727.27273  16349.14
726.27373  16403.028
725.27473  16385.442
724.27572  16276.807
723.27672  16307.697
722.27772  16088.803
721.27872  15995.413
720.27972  16080.022
719.28072  16061.846
718.28172  15953.799
717.28272  15746.806
716.28372  15731.746
715.28472  15830.253
714.28571  15873.569
713.28671  16026.525
712.28771  16112.483
711.28871  16021.939
710.28971  15879.29
709.29071  15750.74
708.29171  15528.044
707.29271  15355.413
706.29371  14927.057
705.29471  14714.161
704.2957  14583.67
703.2967  14481.284
702.2977  14745.164
701.2987  14634.809
700.2997  14332.82
699.3007  14390.465
698.3017  14512.147
697.3027  14357.244
696.3037  14299.198
695.3047  14244.196
694.30569  14282.587
693.30669  14077.028
692.30769  14238.733
691.30869  14433.531
690.30969  14412.084
689.31069  14245.384
688.31169  14200.704
687.31269  14253.592
686.31369  14221.548
685.31469  14220.78
684.31568  14269.449
683.31668  14263.134
682.31768  14258.62
681.31868  14232.103
680.31968  14165.656
679.32068  14364.468
678.32168  14409.563
677.32268  14466.092
676.32368  14481.086
675.32468  14273.544
674.32567  14340.988
673.32667  14272.98
672.32767  14382.191
671.32867  14410.33
670.32967  14330.964
669.33067  14147.72
668.33167  14223.186
667.33267  14273.6
666.33367  14461.759
665.33467  14329.701
664.33566  14232.031
663.33666  14357.688
662.33766  14461.43
661.33866  14376.827
660.33966  14446.267
659.34066  14584.616
658.34166  14492.763
657.34266  14416.541
656.34366  14450.297
655.34466  14673.416
654.34565  14641.427
653.34665  14588.312
652.34765  14522.41
651.34865  14761.425
650.34965  15005.559
649.35065  14996.232
648.35165  15058.623
647.35265  15221.233
646.35365  15383.676
645.35465  15272.678
644.35564  14972.761
643.35664  14865.622
642.35764  14877.454
641.35864  15084.985
640.35964  14946.706
639.36064  14889.113
638.36164  14614.55
637.36264  14335.22
636.36364  14366.298
635.36464  14395.779
634.36563  14529.098
633.36663  14301.098
632.36763  14145.48
631.36863  14413.781
630.36963  14295.903
629.37063  14141.386
628.37163  14278.246
627.37263  14344.419
626.37363  14195.469
625.37463  14262.722
624.37562  14364.856
623.37662  14335.889
622.37762  14159.056
621.37862  14162.295
620.37962  14339.056
619.38062  14216.253
618.38162  14149.556
617.38262  14203.854
616.38362  14239.094
615.38462  14273.268
614.38561  14011.596
613.38661  13918.323
612.38761  14037.355
611.38861  14035.659
610.38961  14242.017
609.39061  14222.896
608.39161  14165.727
607.39261  14261.718
606.39361  14444.83
605.39461  14464.434
604.3956  14324.272
603.3966  14279.118
602.3976  14351.091
601.3986  14386.369
600.3996  14421.495
599.4006  14302.83
598.4016  14361.122
597.4026  14406.473
596.4036  14411.227
595.4046  14412.128
594.40559  14447.856
593.40659  14408.927
592.40759  14407.441
591.40859  14461.428
590.40959  14616.276
589.41059  14590.523
588.41159  14734.512
587.41259  14623.161
586.41359  14681.516
585.41459  14851.243
584.41558  14794.956
583.41658  14463.254
582.41758  14552.622
581.41858  14812.799
580.41958  14775.01
579.42058  14476.417
578.42158  14355.844
577.42258  14523.973
576.42358  14682.151
575.42458  14598.893
574.42557  14681.92
573.42657  14379.096
572.42757  14239.047
571.42857  14219.133
570.42957  14306.234
569.43057  14341.838
568.43157  14378.683
567.43257  14624.105
566.43357  14740.819
565.43457  14923.091
564.43556  15078.11
563.43656  15331.275
562.43756  15500.756
561.43856  15713.001
560.43956  15609.496
559.44056  15430.492
558.44156  15283.015
557.44256  15211.171
556.44356  15229.896
555.44456  15184.038
554.44555  15087.62
553.44655  15113.7
552.44755  15241.068
551.44855  15111.62
550.44955  15230.082
549.45055  15085.103
548.45155  14940.531
547.45255  14693.425
546.45355  14158.027
545.45455  13676.362
544.45554  13132.546
543.45654  12625.249
542.45754  12381.863
541.45854  12385.408
540.45954  13181.771
539.46054  15212.643
538.46154  19140.089
537.46254  24255.94
536.46354  27030.166
535.46454  25254.622
534.46553  20356.456
533.46653  15732.239
532.46753  13367.024
531.46853  12487.478
530.46953  12262.001
529.47053  11748.014
528.47153  11270.063
527.47253  11224.171
526.47353  11345.691
525.47453  11269.557
524.47552  10810.246
523.47652  10434.192
522.47752  10293.999
521.47852  9925.8836
520.47952  9748.1295
519.48052  9605.1189
518.48152  9617.0573
517.48252  10035.321
516.48352  9887.3817
515.48452  9826.9312
514.48551  9888.2634
513.48651  9716.7147
512.48751  9681.4466
511.48851  9540.7747
510.48951  9566.5669
509.49051  9553.1297
508.49151  9494.248
507.49251  9542.5959
506.49351  9416.2843
505.49451  9319.1644
504.4955  9554.5808
503.4965  9499.85
502.4975  9307.1399
501.4985  9320.1815
500.4995  9286.4932
499.5005  9256.0632
498.5015  9414.1869
497.5025  9506.4525
496.5035  9352.1067
495.5045  9353.1411
494.50549  9526.6775
493.50649  9515.0201
492.50749  9395.2536
491.50849  9276.5544
490.50949  9314.6104
489.51049  9215.929
488.51149  9303.1746
487.51249  9392.4067
486.51349  9403.1014
485.51449  9272.0115
484.51548  9251.6888
483.51648  9418.1092
482.51748  9332.3848
481.51848  9245.8438
480.51948  9220.1152
479.52048  9258.1204
478.52148  9315.92
477.52248  9342.0084
476.52348  9349.282
475.52448  9426.6372
474.52547  9407.4171
473.52647  9502.8398
472.52747  9471.537
471.52847  9469.3539
470.52947  9548.106
469.53047  9432.4264
468.53147  9444.8467
467.53247  9540.7438
466.53347  9531.5057
465.53447  9450.1094
464.53546  9413.6764
463.53646  9588.849
462.53746  9476.4703
461.53846  9425.123
460.53946  9339.319
459.54046  9464.1324
458.54146  9305.094
457.54246  9266.5455
456.54346  9448.8655
455.54446  9307.6229
454.54545  9208.5399
453.54645  9320.5825
452.54745  9339.4118
451.54845  9459.7829
450.54945  9356.0916
449.55045  9233.4194
448.55145  9311.6096
447.55245  9446.6332
446.55345  9476.7726
445.55445  9516.3747
444.55544  9581.2909
443.55644  9477.0631
442.55744  9438.5361
441.55844  9577.0676
440.55944  9493.7665
439.56044  9504.5827
438.56144  9462.1374
437.56244  9558.303
436.56344  9716.2505
435.56444  9528.6921
434.56543  9494.9969
433.56643  9633.5476
432.56743  9782.2294
431.56843  9865.665
430.56943  9781.3725
429.57043  9972.6262
428.57143  9853.5687
427.57243  9740.1529
426.57343  9662.6464
425.57443  9556.9863
424.57542  9670.3907
423.57642  9699.1366
422.57742  9887.4309
421.57842  10031.967
420.57942  10046.675
419.58042  9923.9048
418.58142  9764.934
417.58242  9655.3718
416.58342  9692.5255
415.58442  9812.5602
414.58541  9788.1644
413.58641  9614.3129
412.58741  9513.7999
411.58841  9874.3035
410.58941  9807.1378
409.59041  9806.757
408.59141  9781.8318
407.59241  9922.1732
406.59341  10146.967
405.59441  10327.755
404.5954  10591.741
403.5964  10743.868
402.5974  10639.412
401.5984  10271.485
400.5994  9881.0872
399.6004  9823.0821
398.6014  9939.2163
397.6024  9917.7706
396.6034  9801.8551
395.6044  9804.1225
394.60539  9783.9343
393.60639  9868.6966
392.60739  9910.9084
391.60839  9776.0733
390.60939  9749.99
389.61039  9876.8187
388.61139  9737.5181
387.61239  9677.9313
386.61339  9963.558
385.61439  9969.4055
384.61538  9931.4225
383.61638  9954.5906
382.61738  9989.7953
381.61838  10227.718
380.61938  10181.363
379.62038  10145.363
378.62138  10073.493
377.62238  9986.8601
376.62338  10154.902
375.62438  10234.139
374.62537  10339.293
373.62637  10269.873
372.62737  10248.7
371.62837  10561.22
370.62937  10532.04
369.63037  10726.773
368.63137  10890.133
367.63237  10868.054
366.63337  10629.921
365.63437  10615.09
364.63536  10900.24
363.63636  11108.075
362.63736  11275.856
361.63836  11675.333
360.63936  12353.452
359.64036  12755.467
358.64136  13153.943
357.64236  13381.415
356.64336  13451.881
355.64436  13303.275
354.64535  13248.437
353.64635  13063.223
352.64735  12587.784
351.64835  11940.277
350.64935  11525.596
349.65035  11128.734
348.65135  10797.047
347.65235  10774.875
346.65335  10882.779
345.65435  11067.768
344.65534  11292.374
343.65634  11768.794
342.65734  12366.435
341.65834  13086.988
340.65934  13749.649
339.66034  14083.847
338.66134  13893.597
337.66234  13363.807
336.66334  12886.021
335.66434  12710.984
334.66533  12327.649
333.66633  11150.426
332.66733  10076.707
331.66833  9610.3337
330.66933  9202.0741
329.67033  8948.2465
328.67133  8726.7101
327.67233  8630.8638
326.67333  8431.32
325.67433  8213.1212
324.67532  8110.232
323.67632  7945.7426
322.67732  7895.7601
321.67832  7886.2567
320.67932  7752.2797
319.68032  7580.8665
318.68132  7566.7881
317.68232  7513.3675
316.68332  7268.6136
315.68432  7383.7439
314.68531  7316.4538
313.68631  7402.9256
312.68731  7674.1402
311.68831  7526.8472
310.68931  7339.377
309.69031  7127.9076
308.69131  7201.1587
307.69231  7202.3315
306.69331  7136.449
305.69431  7159.2218
304.6953  7144.0782
303.6963  7084.6391
302.6973  7182.8785
301.6983  7154.7864
300.6993  7029.4168
299.7003  7075.5226
298.7013  7124.8015
297.7023  7248.3549
296.7033  7356.3986
295.7043  7183.5402
294.70529  7342.4944
293.70629  7315.7266
292.70729  7114.9409
291.70829  7249.3418
290.70929  7309.184
289.71029  7514.4462
288.71129  7573.2719
287.71229  7535.4734
286.71329  7442.0871
285.71429  7499.1177
284.71528  7571.2015
283.71628  7447.189
282.71728  7237.1559
281.71828  7007.2325
280.71928  6893.9602
279.72028  7044.3906
278.72128  7155.9407
277.72228  7065.3934
276.72328  7081.9298
275.72428  7091.1394
274.72527  7065.5757
273.72627  7088.6373
272.72727  7081.8285
271.72827  7049.6504
270.72927  7026.1899
269.73027  6884.0394
268.73127  6900.252
267.73227  7035.2639
266.73327  6853.2295
265.73427  6888.414
264.73526  6972.3936
263.73626  7006.3994
262.73726  7059.5264
261.73826  6872.1136
260.73926  6822.7569
259.74026  6799.9642
258.74126  6724.2998
257.74226  6798.1153
256.74326  6812.475
255.74426  6888.8228
254.74525  6765.1316
253.74625  6706.9887
252.74725  6816.8229
251.74825  6804.0666
250.74925  6742.2107
249.75025  6788.2631
248.75125  6773.3217
247.75225  6695.569
246.75325  6637.3638
245.75425  6699.9829
244.75524  6662.3653
243.75624  6916.3446
242.75724  7282.3571
241.75824  7400.0408
240.75924  7651.4203
239.76024  7758.4711
238.76124  7794.3002
237.76224  7715.3225
236.76324  7473.5754
235.76424  6964.5849
234.76523  6583.843
233.76623  6529.0783
232.76723  6511.1878
231.76823  6592.9949
230.76923  6582.4648
229.77023  6524.9511
228.77123  6536.3085
227.77223  6506.314
226.77323  6559.0572
225.77423  6575.5449
224.77522  6476.4158
223.77622  6514.124
222.77722  6421.4711
221.77822  6410.8126
220.77922  6341.7976
219.78022  6332.7701
218.78122  6572.4967
217.78222  6513.4175
216.78322  6370.9186
215.78422  6477.4438
214.78521  6527.4743
213.78621  6365.3945
212.78721  6466.8317
211.78821  6562.1386
210.78921  6473.1404
209.79021  6413.5378
208.79121  6518.2575
207.79221  6489.1195
206.79321  6453.3235
205.79421  6407.4523
204.7952  6474.7522
203.7962  6421.1455
202.7972  6371.291
201.7982  6580.5681
200.7992  6542.6496
199.8002  6580.372
198.8012  6658.5531
197.8022  6597.3646
196.8032  6605.5987
195.8042  6699.538
194.80519  6780.7458
193.80619  6816.8213
192.80719  6757.7991
191.80819  6676.8705
190.80919  6598.0483
189.81019  6603.8688
188.81119  6648.1689
187.81219  6536.9928
186.81319  6648.3838
185.81419  6699.8539
184.81518  6700.8675
183.81618  6786.4666
182.81718  6707.2881
181.81818  6603.399
180.81918  6588.9178
179.82018  6615.4413
178.82118  6601.1015
177.82218  6539.616
176.82318  6609.0838
175.82418  6668.576
174.82517  6567.5496
173.82617  6536.6676
172.82717  6604.6818
171.82817  6663.6018
170.82917  6655.4808
169.83017  6691.4073
168.83117  6626.5308
167.83217  6597.7542
166.83317  6690.358
165.83417  6554.4162
164.83516  6541.6032
163.83616  6540.1074
162.83716  6403.9945
161.83816  6492.0833
160.83916  6707.2534
159.84016  6929.4705
158.84116  7247.1391
157.84216  7532.759
156.84316  7530.6218
155.84416  7416.9006
154.84515  7272.4539
153.84615  7204.5385
152.84715  7087.8869
151.84815  6833.5938
150.84915  6844.4461
149.85015  6880.9046
148.85115  6861.8709
147.85215  6717.2124
146.85315  6724.5244
145.85415  6853.8623
144.85514  6888.7809
143.85614  6861.8174
142.85714  7052.8462
141.85814  7111.7022
140.85914  6892.1812
139.86014  6984.3609
138.86114  6956.6086
137.86214  6960.9311
136.86314  6824.1429
135.86414  6696.9076
134.86513  6734.7711
133.86613  6831.8723
132.86713  6777.0559
131.86813  6706.1198
130.86913  6689.595
129.87013  6976.4883
128.87113  7234.9688
127.87213  7393.7414
126.87313  7834.2659
125.87413  8701.7694
124.87512  9259.8786
123.87612  9001.9605
122.87712  8264.4942
121.87812  7660.0094
120.87912  7272.045
119.88012  6758.0556
118.88112  6563.485
117.88212  6683.3661
116.88312  6625.2232
115.88412  6702.9514
114.88511  6798.3136
113.88611  6792.7793
112.88711  6988.3647
111.88811  7101.3096
110.88911  6927.2877
109.89011  6935.4741
108.89111  7217.5758
107.89211  7757.975
106.89311  8718.6558
105.89411  10089.098
104.8951  10841.558
103.8961  10111.043
102.8971  8555.0229
101.8981  7487.7592
100.8991  7013.6465
99.9001  6575.2704
98.901099  6341.6153
97.902098  6222.8351
96.903097  6318.564
95.904096  6793.6179
94.905095  7636.1066
93.906094  9200.3341
92.907093  10513.871
91.908092  10457.989
90.909091  10539.856
89.91009  12204.074
88.911089  13757.348
87.912088  12608.451
86.913087  9316.1065
85.914086  8054.7178
84.915085  8729.0728
83.916084  8040.0218
82.917083  6349.8989
81.918082  5708.7848
80.919081  6055.2293
79.92008  6450.2347
78.921079  6258.2983
77.922078  5567.1849
76.923077  4806.0119
75.924076  4349.2165
74.925075  4231.7607
73.926074  4106.1608
72.927073  3852.6654
71.928072  3662.0598
70.929071  3647.7932
69.93007  3657.4532
68.931069  3630.5957
67.932068  3743.3019
66.933067  3701.8878
65.934066  3678.0493
64.935065  3596.1339
63.936064  3543.948
62.937063  3570.5424
61.938062  3614.386
60.939061  3635.8493
59.94006  3648.0889
58.941059  3617.0054
57.942058  3628.8864
56.943057  3604.9984
55.944056  3461.9976
54.945055  3318.9165
53.946054  3213.6818
52.947053  3109.9819
51.948052  3049.0346
50.949051  3035.1056
49.95005  3054.7323
48.951049  3038.8494
47.952048  2988.1549
46.953047  3061.0148
45.954046  3094.2204
44.955045  2947.9886
43.956044  2866.3138
42.957043  2971.1557
41.958042  2907.492
40.959041  2717.0977
39.96004  2778.144
38.961039  2800.9248
37.962038  2701.9165
36.963037  2741.0804
35.964036  2815.7341
34.965035  2867.8689
33.966034  2877.4195
32.967033  2863.8838
31.968032  2917.3984
30.969031  3022.9057
29.97003  3233.5058
28.971029  3188.0478
27.972028  3025.7547
26.973027  2992.4093
25.974026  2903.8666
24.975025  2774.9649
23.976024  2663.3695
22.977023  2749.4714
21.978022  2797.9466
20.979021  2796.5088
19.98002  2749.0161
18.981019  2793.21
17.982018  2902.6477
16.983017  2923.6482
15.984016  2869.387
14.985015  2908.1634
13.986014  2965.9756
12.987013  3053.0878
11.988012  3172.2457
10.989011  3317.4024
9.99001  3348.2747
8.991009  3320.373
7.992008  3363.2497
6.993007  3299.365
5.994006  3072.668
4.995005  2998.9857
3.996004  2843.7857
2.997003  2696.6489
1.998002  2507.5397
0.999001  2405.1111
0  2342.5107

# Region:                       Co 2p
# Spectrum ID:                  10
# Acquisition Date:             07/23/26 14:04:47 UTC
# Analysis Method:              XPS
# Analyzer:                     PHOIBOS MCD5 Analyzer
# Analyzer Lens:                LargeArea:1.5kV
# Analyzer Slit:                5:7x20\B:open
# Scan Mode:                    FixedAnalyzerTransmission
# Curves/Scan:                  1
# Values/Curve:                 951
# Dwell Time:                   0.1
# Excitation Energy:            1486.61
# Binding Energy:               825
# Pass Energy:                  50
# Bias Voltage:                 90
# Detector Voltage:             3000
# Eff. Workfunction:            4.543
# Source:                       X-Ray Dummy
# Comment:                      
#
# Cycle: 0
# Number of Scans: 20
#
# Cycle: 0, Curve: 0
# Acquisition Date:             07/23/26 14:04:47 UTC
#
# ColumnLabels:                 energy counts/s
#
825  18515.845
824.9  18570.318
824.8  18426.926
824.7  18413.556
824.6  18692.916
824.5  18570.841
824.4  18522
824.3  18558.209
824.2  18501.728
824.1  18537.178
824  18657.02
823.9  18531.744
823.8  18539.017
823.7  18670.845
823.6  18702.69
823.5  18559.143
823.4  18565.83
823.3  18438.681
823.2  18490.805
823.1  18540.918
823  18416.463
822.9  18330.714
822.8  18298.528
822.7  18409.806
822.6  18472.453
822.5  18489.657
822.4  18508.556
822.3  18635.513
822.2  18566.004
822.1  18555.255
822  18490.117
821.9  18682.516
821.8  18528.137
821.7  18439.981
821.6  18363.879
821.5  18441.344
821.4  18436.437
821.3  18475.97
821.2  18440.937
821.1  18423.139
821  18541.432
820.9  18501.935
820.8  18417.796
820.7  18485.947
820.6  18452.433
820.5  18573.348
820.4  18519.799
820.3  18494.005
820.2  18424.069
820.1  18497.895
820  18690.744
819.9  18418.509
819.8  18449.5
819.7  18329.515
819.6  18417.522
819.5  18452.538
819.4  18378.549
819.3  18455.582
819.2  18577.914
819.1  18470.837
819  18471.325
818.9  18348.529
818.8  18368.734
818.7  18349.162
818.6  18367.389
818.5  18500.127
818.4  18492.736
818.3  18508.022
818.2  18485.629
818.1  18472.11
818  18446.137
817.9  18510.5
817.8  18383.082
817.7  18368.245
817.6  18431.983
817.5  18495.487
817.4  18476.317
817.3  18395.878
817.2  18289.965
817.1  18375.102
817  18341.625
816.9  18397.856
816.8  18512.096
816.7  18407.402
816.6  18508.23
816.5  18486.855
816.4  18268.247
816.3  18398.131
816.2  18422.346
816.1  18414.46
816  18539.585
815.9  18476.535
815.8  18455.411
815.7  18498.817
815.6  18406.408
815.5  18394.009
815.4  18444.967
815.3  18339.043
815.2  18380.764
815.1  18460.932
815  18430.777
814.9  18229.968
814.8  18504.883
814.7  18411.251
814.6  18341.992
814.5  18457.324
814.4  18502.298
814.3  18450.749
814.2  18558.454
814.1  18410.897
814  18475.085
813.9  18404.924
813.8  18416.391
813.7  18370.429
813.6  18461.53
813.5  18450.781
813.4  18413.232
813.3  18501.014
813.2  18465.293
813.1  18358.615
813  18540.372
812.9  18375.946
812.8  18507.007
812.7  18440.257
812.6  18543.187
812.5  18471.86
812.4  18710.989
812.3  18672.51
812.2  18626.903
812.1  18551.688
812  18463.649
811.9  18692.653
811.8  18680.871
811.7  18541.289
811.6  18643.169
811.5  18517.696
811.4  18621.867
811.3  18637.445
811.2  18612.637
811.1  18479.336
811  18565.024
810.9  18567.592
810.8  18557.514
810.7  18472.468
810.6  18391.445
810.5  18682.049
810.4  18619.868
810.3  18678.901
810.2  18608.773
810.1  18584.921
810  18582.834
809.9  18651.334
809.8  18614.622
809.7  18732.267
809.6  18531.866
809.5  18560.403
809.4  18631.344
809.3  18492.41
809.2  18653.492
809.1  18625.413
809  18715.038
808.9  18677.306
808.8  18465.678
808.7  18600.275
808.6  18745.947
808.5  18566.606
808.4  18611.78
808.3  18618.064
808.2  18698.528
808.1  18813.176
808  18698.063
807.9  18634.235
807.8  18657.517
807.7  18582.599
807.6  18613.072
807.5  18649.5
807.4  18616.266
807.3  18564.533
807.2  18764.706
807.1  18652.122
807  18644.942
806.9  18653.074
806.8  18637.823
806.7  18493.925
806.6  18575.017
806.5  18600.764
806.4  18618.978
806.3  18641.386
806.2  18672.132
806.1  18660.024
806  18668.889
805.9  18631.948
805.8  18658.093
805.7  18507.149
805.6  18741.536
805.5  18714.288
805.4  18699.766
805.3  18672.64
805.2  18674.311
805.1  18696.321
805  18672.789
804.9  18574.513
804.8  18473.032
804.7  18474.132
804.6  18663.394
804.5  18512.709
804.4  18612.674
804.3  18670.497
804.2  18432.39
804.1  18638.416
804  18735.611
803.9  18722.773
803.8  18565.869
803.7  18588.304
803.6  18533.599
803.5  18752.257
803.4  18648.802
803.3  18697.737
803.2  18617.161
803.1  18828.022
803  18687.126
802.9  18764.582
802.8  18876.116
802.7  18705.139
802.6  18733.971
802.5  18834.172
802.4  18664.601
802.3  18777.427
802.2  18623.474
802.1  18695.518
802  18752.819
801.9  18795.957
801.8  18743.014
801.7  18849.995
801.6  18759.101
801.5  18823.851
801.4  18679.999
801.3  18615.62
801.2  18646.518
801.1  18530.874
801  18695.753
800.9  18620.68
800.8  18606.754
800.7  18766.812
800.6  18684.373
800.5  18683.654
800.4  18691.066
800.3  18624.476
800.2  18583.581
800.1  18574.433
800  18635.1
799.9  18732.159
799.8  18453.732
799.7  18589.091
799.6  18658.948
799.5  18626.587
799.4  18552.202
799.3  18585.291
799.2  18492.7
799.1  18539.946
799  18555.665
798.9  18582.94
798.8  18627.939
798.7  18681.226
798.6  18572.8
798.5  18692.152
798.4  18526.611
798.3  18452.154
798.2  18482.693
798.1  18553.499
798  18693.798
797.9  18489.893
797.8  18475.177
797.7  18655.834
797.6  18466.909
797.5  18561.152
797.4  18858.679
797.3  18570.064
797.2  18415.61
797.1  18518.798
797  18530.942
796.9  18571.366
796.8  18535.412
796.7  18451.39
796.6  18520.668
796.5  18493.433
796.4  18628.283
796.3  18649.77
796.2  18585.784
796.1  18595.09
796  18737.298
795.9  18609.334
795.8  18690.457
795.7  18590.777
795.6  18543.095
795.5  18624.194
795.4  18528.896
795.3  18482.231
795.2  18594
795.1  18626.907
795  18640.612
794.9  18485.704
794.8  18880.627
794.7  18673.096
794.6  18631.99
794.5  18643.835
794.4  18796.198
794.3  18740.786
794.2  18742.661
794.1  18867.079
794  18894.246
793.9  18779.645
793.8  18713.832
793.7  18482.936
793.6  18662.333
793.5  18791.139
793.4  18801.54
793.3  18786.496
793.2  18695.151
793.1  18552.007
793  18717.016
792.9  18769.869
792.8  19006.148
792.7  18807.85
792.6  18745.244
792.5  18872.105
792.4  18739.364
792.3  18824.86
792.2  18882.588
792.1  18894.019
792  18953.475
791.9  18980.159
791.8  19041.565
791.7  18905.139
791.6  19000.922
791.5  18760.332
791.4  18790.81
791.3  19015.66
791.2  18981.554
791.1  18924.11
791  18922.841
790.9  18913.881
790.8  19024.785
790.7  18895.468
790.6  18910.863
790.5  18973.263
790.4  18888.222
790.3  18924.588
790.2  18942.984
790.1  19063.938
790  19091.313
789.9  18982.771
789.8  18981.225
789.7  19065.646
789.6  18923.787
789.5  19026.819
789.4  19201.782
789.3  18935.704
789.2  19046.719
789.1  19066.029
789  19134.919
788.9  18989.263
788.8  19138.913
788.7  19394.869
788.6  19075.786
788.5  19039.164
788.4  19342.898
788.3  19348.677
788.2  19346.831
788.1  19201.78
788  19234.999
787.9  19186.428
787.8  19224.681
787.7  19370.01
787.6  19292.627
787.5  19452.667
787.4  19389.442
787.3  19232.849
787.2  19398.486
787.1  19223.921
787  19335.228
786.9  19410.631
786.8  19398.421
786.7  19434.746
786.6  19532.929
786.5  19382.492
786.4  19433.575
786.3  19272.139
786.2  19284.48
786.1  19473.645
786  19260.125
785.9  19299.428
785.8  19335.881
785.7  19234.441
785.6  19344.513
785.5  19292.839
785.4  19142.484
785.3  19232.336
785.2  19183.658
785.1  19263.049
785  19324.024
784.9  19297.061
784.8  19236.166
784.7  19137.746
784.6  19055.926
784.5  19221.156
784.4  19091.541
784.3  18882.154
784.2  19155.819
784.1  19175.097
784  19140.588
783.9  19133.949
783.8  19084.062
783.7  19165.321
783.6  18972.988
783.5  18734.927
783.4  19075.2
783.3  18915.583
783.2  19070.014
783.1  19033.796
783  18916.722
782.9  18809.479
782.8  18798.616
782.7  18952.046
782.6  18876.435
782.5  18933.582
782.4  18900.493
782.3  18748.224
782.2  18968.555
782.1  18697.697
782  18734.306
781.9  18701.647
781.8  18738.796
781.7  18824.768
781.6  18746.492
781.5  18826.809
781.4  18815.355
781.3  18502.46
781.2  18559.867
781.1  18650.941
781  18686.036
780.9  18640.94
780.8  18460.86
780.7  18424.15
780.6  18609.052
780.5  18538.242
780.4  18679.812
780.3  18585.442
780.2  18497.704
780.1  18486.457
780  18443.049
779.9  18571.235
779.8  18402.897
779.7  18411.229
779.6  18383.724
779.5  18492.159
779.4  18418.66
779.3  18531.99
779.2  18389.782
779.1  18225.056
779  18562.509
778.9  18466.568
778.8  18393.577
778.7  18279.539
778.6  18344.3
778.5  18182.073
778.4  18264.261
778.3  18291.184
778.2  18311.966
778.1  18158.734
778  18172.382
777.9  18107.884
777.8  18214.679
777.7  18320.745
777.6  18357.869
777.5  18420.643
777.4  18200.63
777.3  18198.673
777.2  18152.428
777.1  18194.526
777  18067.304
776.9  18093.213
776.8  18274.891
776.7  18251.434
776.6  18302.455
776.5  18050.26
776.4  18074.694
776.3  18269.746
776.2  18275.198
776.1  18093.962
776  18062.18
775.9  18114.564
775.8  18254.063
775.7  18120.099
775.6  18181.904
775.5  18243.246
775.4  18082.564
775.3  18135.783
775.2  18068.171
775.1  18149.234
775  18068.499
774.9  18112.579
774.8  18099.548
774.7  18166.907
774.6  18150.567
774.5  18339.241
774.4  18101.533
774.3  18117.938
774.2  18167.668
774.1  18313.087
774  18108.863
773.9  18055.586
773.8  18076.448
773.7  18000.023
773.6  18016.22
773.5  18141.217
773.4  18353.695
773.3  18147.999
773.2  18065.92
773.1  18001.802
773  18162.291
772.9  18068.156
772.8  18104.758
772.7  18175.448
772.6  18229.641
772.5  18200.955
772.4  18178.684
772.3  18186.121
772.2  18300.213
772.1  18109.074
772  18142.39
771.9  18310.771
771.8  18122.958
771.7  18235.149
771.6  18186.999
771.5  18155.381
771.4  18182.157
771.3  18194.238
771.2  18199.864
771.1  18323.916
771  18308.521
770.9  18207.4
770.8  18371.472
770.7  18197.701
770.6  18303.064
770.5  18373.848
770.4  18369.64
770.3  18214.175
770.2  18289.561
770.1  18384.787
770  18590.436
769.9  18282.039
769.8  18271.184
769.7  18205.246
769.6  18377.817
769.5  18328.595
769.4  18423.565
769.3  18277.903
769.2  18353.662
769.1  18321.009
769  18240.237
768.9  18282.621
768.8  18425.602
768.7  18376.792
768.6  18262.341
768.5  18268.875
768.4  18375.897
768.3  18222.299
768.2  18322.276
768.1  18391.671
768  18328.791
767.9  18346.127
767.8  18274.201
767.7  18438.629
767.6  18322.775
767.5  18411.814
767.4  18228.592
767.3  18301.759
767.2  18268.473
767.1  18331.106
767  18374.927
766.9  18445.891
766.8  18305.451
766.7  18288.124
766.6  18226.969
766.5  18221.153
766.4  18194.696
766.3  18226.288
766.2  18277.666
766.1  18050.225
766  18268.682
765.9  18211.11
765.8  18103.104
765.7  18183.169
765.6  18289.768
765.5  18204.503
765.4  18188.454
765.3  18189.956
765.2  18235.203
765.1  18261.881
765  18179.249
764.9  18108.982
764.8  18162.241
764.7  18104.721
764.6  18268.574
764.5  18250.037
764.4  18090.673
764.3  18174.482
764.2  17896.609
764.1  18123.996
764  18050.258
763.9  18166.89
763.8  18102.751
763.7  18105.651
763.6  17963.317
763.5  18065.431
763.4  17955.254
763.3  17945.728
763.2  18174.751
763.1  17942.817
763  17991.502
762.9  17980.773
762.8  17989.83
762.7  18079.644
762.6  18105.395
762.5  18055.061
762.4  17864.88
762.3  17940.889
762.2  17820.528
762.1  17997.897
762  17957.126
761.9  17847.768
761.8  18079.358
761.7  17832.296
761.6  17894.393
761.5  17788.689
761.4  17963.448
761.3  17930.103
761.2  17871.862
761.1  17786.733
761  17691.106
760.9  17760.833
760.8  17699.728
760.7  17676.968
760.6  17868.329
760.5  17795.385
760.4  17726.913
760.3  17815.604
760.2  17660.698
760.1  17624.525
760  17685.631
759.9  17769.925
759.8  17656.284
759.7  17609.334
759.6  17722.051
759.5  17801.512
759.4  17830.41
759.3  17763.725
759.2  17707.617
759.1  17661.799
759  17489.762
758.9  17503.38
758.8  17538.448
758.7  17577.318
758.6  17621.889
758.5  17430.63
758.4  17441.273
758.3  17661.202
758.2  17647.795
758.1  17540.139
758  17519.656
757.9  17416.476
757.8  17497.204
757.7  17413.049
757.6  17293.016
757.5  17389.276
757.4  17514.646
757.3  17372.618
757.2  17586.787
757.1  17486.91
757  17365.214
756.9  17367.836
756.8  17337.609
756.7  17347.328
756.6  17419.935
756.5  17407.075
756.4  17346.544
756.3  17265.219
756.2  17308.566
756.1  17250.371
756  17324.72
755.9  17203.423
755.8  17337.527
755.7  17411.232
755.6  17140.433
755.5  17352.916
755.4  17317.186
755.3  17130.124
755.2  17114.333
755.1  17241.78
755  17247.498
754.9  17150.112
754.8  17280.595
754.7  17145.9
754.6  17221.483
754.5  17308.28
754.4  17214.007
754.3  17212.527
754.2  17214.94
754.1  17178.792
754  17145.525
753.9  17305.119
753.8  17320.296
753.7  17253.278
753.6  17163.686
753.5  17187.975
753.4  17340.541
753.3  17174.608
753.2  17113.896
753.1  17117.61
753  17278.419
752.9  17049.019
752.8  17161.656
752.7  16989.707
752.6  17110.324
752.5  17419.096
752.4  17309.398
752.3  17183.424
752.2  17104.388
752.1  17012.701
752  17136.499
751.9  17171.521
751.8  17285.899
751.7  16931.418
751.6  17154.612
751.5  17162.976
751.4  17152.836
751.3  17234.792
751.2  17283.181
751.1  17191.682
751  16982.91
750.9  17042.85
750.8  17061.614
750.7  17141.429
750.6  17213.367
750.5  17167.505
750.4  17235.262
750.3  16993.486
750.2  17209.224
750.1  17182.112
750  17216.466
749.9  17254.946
749.8  17331.176
749.7  17358.2
749.6  17214.909
749.5  17305.565
749.4  17337.89
749.3  17419.917
749.2  17246.597
749.1  17390.499
749  17354.254
748.9  17355.465
748.8  17328.822
748.7  17414.452
748.6  17592.235
748.5  17593.944
748.4  17634.039
748.3  17718.1
748.2  17697.965
748.1  17689.646
748  17792.22
747.9  17829.586
747.8  18038.078
747.7  18097.83
747.6  18052.888
747.5  18135.153
747.4  18269.279
747.3  18339.066
747.2  18373.707
747.1  18393.042
747  18614.829
746.9  18598.465
746.8  18800.684
746.7  18978.708
746.6  19042.967
746.5  19081.757
746.4  19032.439
746.3  19209.769
746.2  19453.034
746.1  19373.22
746  19432.569
745.9  19395.989
745.8  19502.457
745.7  19508.995
745.6  19516.552
745.5  19582.035
745.4  19752.37
745.3  19828.771
745.2  19605.275
745.1  19659.829
745  19744.572
744.9  19625.642
744.8  19696.323
744.7  19643.083
744.6  19610.155
744.5  19578.76
744.4  19565.245
744.3  19292.913
744.2  19321.278
744.1  19149.726
744  19161.782
743.9  18978.327
743.8  19034.546
743.7  18846.948
743.6  18797.344
743.5  18673.241
743.4  18637.877
743.3  18668.941
743.2  18473.039
743.1  18372.764
743  18364.289
742.9  18271.677
742.8  18138.668
742.7  18041.877
742.6  17968.333
742.5  18019.728
742.4  17802.461
742.3  17755.257
742.2  17815.203
742.1  17651.3
742  17379.936
741.9  17536.924
741.8  17528.876
741.7  17431.421
741.6  17450.916
741.5  17296.976
741.4  17223.937
741.3  17316.94
741.2  17134.589
741.1  17161.529
741  17152.761
740.9  17176.531
740.8  17114.568
740.7  17181.656
740.6  17047.387
740.5  17125.171
740.4  16968.665
740.3  17052.147
740.2  16968.568
740.1  16929.231
740  16907.883
739.9  17063.181
739.8  16963.242
739.7  16913.122
739.6  16940.293
739.5  17040.986
739.4  16778.038
739.3  16826.358
739.2  16864.282
739.1  16911.886
739  16742.939
738.9  16813.942
738.8  16990.928
738.7  16945.58
738.6  16863.857
738.5  16921.366
738.4  16819.051
738.3  16844.061
738.2  16863.256
738.1  16871.789
738  16795.843
737.9  16926.499
737.8  16811.065
737.7  16902.59
737.6  16895.435
737.5  16959.844
737.4  16900.44
737.3  16676.871
737.2  16838.693
737.1  16841.724
737  16886.968
736.9  16690.151
736.8  16694.822
736.7  16885.839
736.6  16894.844
736.5  17054.018
736.4  16770.911
736.3  16753.388
736.2  16767.659
736.1  16850.627
736  16771.759
735.9  16860.914
735.8  16985.871
735.7  16811.666
735.6  16954.465
735.5  16880.762
735.4  16918.888
735.3  16895.211
735.2  16878.357
735.1  16859.808
735  16986.147
734.9  16873.208
734.8  16929.637
734.7  16936.498
734.6  16899.235
734.5  16938.375
734.4  16853.559
734.3  16834.101
734.2  16891.906
734.1  16905.895
734  16811.109
733.9  16778.533
733.8  16887.219
733.7  16896.668
733.6  16940.573
733.5  17008.873
733.4  17015.806
733.3  16870.755
733.2  16882.075
733.1  16882.243
733  16825.734
732.9  16990.39
732.8  16958.888
732.7  16993.508
732.6  17117.37
732.5  17045.206
732.4  16993.485
732.3  16850.683
732.2  16824.113
732.1  17104.397
732  16846.465
731.9  16899.263
731.8  17028.887
731.7  17040.971
731.6  17011.123
731.5  17024.387
731.4  16867.835
731.3  16988.547
731.2  16943.269
731.1  17043.726
731  16918.47
730.9  16811.839
730.8  16984.588
730.7  16974.529
730.6  16984.118
730.5  17039.248
730.4  16971.094
730.3  17013.578
730.2  17018.582
730.1  16985.146
730  17019.613

# Region:                       Al 2p
# Spectrum ID:                  11
# Acquisition Date:             07/23/26 14:27:00 UTC
# Analysis Method:              XPS
# Analyzer:                     PHOIBOS MCD5 Analyzer
# Analyzer Lens:                LargeArea:1.5kV
# Analyzer Slit:                5:7x20\B:open
# Scan Mode:                    FixedAnalyzerTransmission
# Curves/Scan:                  1
# Values/Curve:                 331
# Dwell Time:                   0.1
# Excitation Energy:            1486.61
# Binding Energy:               90
# Pass Energy:                  50
# Bias Voltage:                 90
# Detector Voltage:             3000
# Eff. Workfunction:            4.543
# Source:                       X-Ray Dummy
# Comment:                      
#
# Cycle: 0
# Number of Scans: 2
#
# Cycle: 0, Curve: 0
# Acquisition Date:             07/23/26 14:27:00 UTC
#
# ColumnLabels:                 energy counts/s
#
90  13126.273
89.9  12859.565
89.8  12762.119
89.7  13599.43
89.6  13860.206
89.5  14438.237
89.4  14494.183
89.3  14448.008
89.2  14522.171
89.1  15294.557
89  15192.435
88.9  15250.538
88.8  15458.877
88.7  15277.661
88.6  15820.395
88.5  15023.913
88.4  15227.173
88.3  14978.32
88.2  15198.572
88.1  14752.923
88  14827.425
87.9  13958.419
87.8  13412.159
87.7  13150.047
87.6  12645.177
87.5  12329.474
87.4  11811.989
87.3  11432.936
87.2  11179.426
87.1  10519.203
87  9788.3302
86.9  9593.7105
86.8  9359.5193
86.7  9064.2533
86.6  8997.9055
86.5  8396.7097
86.4  8284.3326
86.3  8422.3971
86.2  8385.8814
86.1  8084.3499
86  8373.4414
85.9  8369.374
85.8  8224.8004
85.7  8569.4214
85.6  8631.5901
85.5  8876.1544
85.4  8956.0966
85.3  9354.4145
85.2  9681.1699
85.1  9517.9058
85  9689.6705
84.9  9984.6236
84.8  9736.5193
84.7  9734.7836
84.6  10213.001
84.5  10007.432
84.4  9792.7604
84.3  9689.6844
84.2  9817.4485
84.1  9663.4357
84  9139.1296
83.9  8853.9957
83.8  9154.9739
83.7  8572.3037
83.6  7920.0275
83.5  7918.2709
83.4  7649.3486
83.3  7432.7671
83.2  7094.8242
83.1  6724.169
83  6318.584
82.9  6751.7927
82.8  6457.0749
82.7  6559.5411
82.6  6274.8952
82.5  6101.66
82.4  6366.7234
82.3  5848.8353
82.2  5709.7652
82.1  5915.58
82  6216.3631
81.9  6198.011
81.8  6091.6765
81.7  5844.9502
81.6  6021.9541
81.5  5901.4612
81.4  6123.9288
81.3  6325.593
81.2  6315.9865
81.1  6454.6665
81  6516.9223
80.9  6586.8409
80.8  6602.5512
80.7  6757.6394
80.6  6878.7115
80.5  7018.7761
80.4  6790.5816
80.3  6855.1363
80.2  6902.7722
80.1  6911.0832
80  7078.2014
79.9  6891.1223
79.8  6861.3057
79.7  6808.4912
79.6  7186.8621
79.5  7211.0571
79.4  7060.5247
79.3  7164.6985
79.2  7127.9987
79.1  7232.6013
79  6786.4635
78.9  6712.6374
78.8  6852.912
78.7  6633.9223
78.6  6551.4039
78.5  6869.0714
78.4  6344.659
78.3  6324.7798
78.2  6075.0051
78.1  6203.1228
78  6103.5585
77.9  6116.8676
77.8  5794.2336
77.7  5773.9533
77.6  5557.5702
77.5  5758.3752
77.4  5500.859
77.3  5512.8934
77.2  5336.1839
77.1  5230.0764
77  5384.141
76.9  5181.029
76.8  5131.6366
76.7  4924.8359
76.6  4885.2973
76.5  4930.4456
76.4  4826.1423
76.3  4689.1211
76.2  4689.0729
76.1  4741.9431
76  4641.6052
75.9  4656.2498
75.8  4756.9519
75.7  4719.2337
75.6  4793.7168
75.5  4511.8502
75.4  4583.1435
75.3  4442.8687
75.2  4522.2717
75.1  4315.7067
75  4681.3623
74.9  4361.2487
74.8  4345.4072
74.7  4255.7129
74.6  4352.1953
74.5  4382.6276
74.4  4444.9193
74.3  4338.6779
74.2  4492.4424
74.1  4382.6373
74  4203.7749
73.9  4295.375
73.8  4176.119
73.7  4372.5412
73.6  4312.1064
73.5  4236.587
73.4  4258.5082
73.3  4428.1774
73.2  4063.342
73.1  4075.3296
73  3998.1513
72.9  4201.5132
72.8  4172.0815
72.7  4089.7654
72.6  4099.1155
72.5  4069.258
72.4  4131.0779
72.3  4046.4475
72.2  4110.213
72.1  4134.6969
72  3836.9441
71.9  3737.792
71.8  4066.7048
71.7  4037.8476
71.6  3970.2167
71.5  4093.2042
71.4  3894.0769
71.3  3973.5908
71.2  4113.3826
71.1  3905.4016
71  3847.4981
70.9  3747.4555
70.8  4047.1764
70.7  4029.8229
70.6  4016.5539
70.5  3806.2038
70.4  4075.5924
70.3  3828.4364
70.2  3817.3567
70.1  3822.3602
70  3916.7133
69.9  3919.802
69.8  3874.472
69.7  3852.4343
69.6  3876.3932
69.5  3879.9016
69.4  4086.7066
69.3  4092.3415
69.2  4275.9022
69.1  3852.6245
69  4133.6539
68.9  4050.0172
68.8  4072.3181
68.7  3852.6087
68.6  3899.2944
68.5  4179.2664
68.4  3968.0997
68.3  3843.7115
68.2  3887.2356
68.1  3963.1689
68  3884.5298
67.9  3741.4743
67.8  4034.8147
67.7  4110.3564
67.6  3871.0919
67.5  4008.9722
67.4  4087.0933
67.3  3884.8475
67.2  3947.671
67.1  3995.9843
67  4059.4932
66.9  3957.3491
66.8  3801.061
66.7  4092.1095
66.6  3940.7074
66.5  4009.3576
66.4  3793.5552
66.3  3891.8763
66.2  4066.1066
66.1  4170.4525
66  3989.4423
65.9  4029.6707
65.8  4026.3412
65.7  4032.3023
65.6  3957.333
65.5  3647.1258
65.4  3624.1128
65.3  3579.319
65.2  3790.284
65.1  4029.4736
65  3884.7216
64.9  3441.4061
64.8  3693.4935
64.7  3907.5434
64.6  3774.4156
64.5  3924.8301
64.4  3626.1847
64.3  3921.2514
64.2  3837.0607
64.1  3950.4633
64  4039.3151
63.9  4308.1891
63.8  3983.7049
63.7  4115.7446
63.6  3874.1036
63.5  3975.0581
63.4  3938.2177
63.3  3830.2303
63.2  3976.7229
63.1  3959.6157
63  3969.1646
62.9  4000.8118
62.8  3966.4595
62.7  3718.4963
62.6  3937.8545
62.5  4036.2875
62.4  3879.3233
62.3  3867.017
62.2  4010.5383
62.1  3744.9493
62  3772.3102
61.9  3962.2597
61.8  4161.9235
61.7  3955.5363
61.6  4066.9164
61.5  3831.0575
61.4  3826.1632
61.3  3908.5574
61.2  3886.9288
61.1  3987.118
61  3894.0243
60.9  3972.7715
60.8  3727.4443
60.7  3694.271
60.6  3922.3747
60.5  3910.8178
60.4  4050.0299
60.3  3751.969
60.2  3841.832
60.1  3572.742
60  3436.254
59.9  3723.8901
59.8  3827.8184
59.7  3953.2037
59.6  3909.0428
59.5  3645.2166
59.4  3933.27
59.3  3861.1186
59.2  3857.8574
59.1  3793.72
59  3871.9775
58.9  3834.7669
58.8  3551.6524
58.7  3822.8359
58.6  3756.2624
58.5  3843.131
58.4  3837.6664
58.3  3773.5324
58.2  3862.4148
58.1  3494.2644
58  3567.6155
57.9  3797.7902
57.8  3722.1982
57.7  3690.3701
57.6  3901.9625
57.5  3892.9091
57.4  3501.6893
57.3  3632.7705
57.2  3650.4028
57.1  3518.3535
57  3760.1926

# Operation:                    Peak Fit
# Range Start:                  90
# Range End:                    70.5317
# Parameter: "Transition" = 
# Parameter: "Label" = 
# Parameter: "Background Method" = Tougaard
# Parameter: "Peak Shape" = Voigt
# Parameter: "Asymmetric Peak" = false
# Parameter: "FWHM-Annotation" = S-B = <Signal-BG:@>\nFWHM = <FWHM:@>\nArea = <Area:@>
# Parameter: "Peak-Annotation" = <Label>\n<Transition>\nE = <Center:@>
#
# Result:
# Number of Results:            2
# Parameter: "Transition" = 
# Parameter: "Label" = 
# Parameter: "Center" = 79.026719482194721 eV +- 0.040839415003358213
# Parameter: "Area" = 15045.202237088839 cps eV +- 367.64471014731163
# Parameter: "FWHM (Lorentzian)" = 3.8290763474223946 eV +- 0.11687550641334572
# Parameter: "FWHM (Gaussian)" = 1.1762290387727517e-10 eV +- 3.3515672473490047e-05
# Parameter: "Asymmetry" = 0 +- 0
# Parameter: "Tougaard B" = 109976.15166984228 eV^2 +- 1494.9314136853325
# Parameter: "Tougaard C" = 1643 eV^2 +- 0
# Parameter: "FWHM" = 3.8290777460960594 eV
# Parameter: "Baseline Offset" = 3867.4498299649199 cps +- 28.489837774660359
# Parameter: "Abbe factor" = 0.040735726994635429
# Parameter: "Reduced Chi Square" = 15.919853221359578
# Parameter: "Q Probability" = 0
# Parameter: "Number of performed iterations" = 78
# Parameter: "Fit termination reason" = ConvergedInChi
# Parameter: "Signal" = 7004.0120244908712 cps
# Parameter: "Signal-BG" = 2501.405653571614 cps
#
# Result Name:                  Background
# Number of Curves:             1
#
# Curve:                        0
# Values/Curve:                 103
#
90  16130.232
89.809804  15689.708
89.619608  15264.003
89.429412  14852.585
89.239216  14454.943
89.04902  14070.582
88.858824  13699.024
88.668627  13339.808
88.478431  12992.489
88.288235  12656.636
88.098039  12331.833
87.907843  12017.681
87.717647  11713.791
87.527451  11419.791
87.337255  11135.319
87.147059  10860.026
86.956863  10593.578
86.766667  10335.649
86.576471  10085.926
86.386275  9844.1077
86.196078  9609.9028
86.005882  9383.0305
85.815686  9163.2202
85.62549  8950.2115
85.435294  8743.7532
85.245098  8543.6041
85.054902  8349.532
84.864706  8161.314
84.67451  7978.7362
84.484314  7801.5937
84.294118  7629.6903
84.103922  7462.8391
83.913725  7300.8616
83.723529  7143.5889
83.533333  6990.8607
83.343137  6842.5265
83.152941  6698.4452
82.962745  6558.4857
82.772549  6422.5276
82.582353  6290.4612
82.392157  6162.1888
82.201961  6037.6251
82.011765  5916.6982
81.821569  5799.3511
81.631373  5685.5422
81.441176  5575.2477
81.25098  5468.462
81.060784  5365.2
80.870588  5265.4979
80.680392  5169.4143
80.490196  5077.0304
80.3  4988.4487
80.109804  4903.79
79.919608  4823.1873
79.729412  4746.7776
79.539216  4674.6883
79.34902  4607.0226
79.158824  4543.8427
78.968627  4485.1558
78.778431  4430.9042
78.588235  4380.9643
78.398039  4335.1522
78.207843  4293.2372
78.017647  4254.9568
77.827451  4220.033
77.637255  4188.1858
77.447059  4159.1434
77.256863  4132.6492
77.066667  4108.4652
76.876471  4086.3742
76.686275  4066.1796
76.496078  4047.7043
76.305882  4030.79
76.115686  4015.2949
75.92549  4001.0926
75.735294  3988.0697
75.545098  3976.1253
75.354902  3965.1687
75.164706  3955.1188
74.97451  3945.9024
74.784314  3937.4539
74.594118  3929.714
74.403922  3922.6293
74.213725  3916.1511
74.023529  3910.2356
73.833333  3904.8428
73.643137  3899.9364
73.452941  3895.4832
73.262745  3891.453
73.072549  3887.8181
72.882353  3884.5533
72.692157  3881.6355
72.501961  3879.0433
72.311765  3876.7575
72.121569  3874.76
71.931373  3873.0345
71.741176  3871.566
71.55098  3870.3406
71.360784  3869.3455
71.170588  3868.5692
70.980392  3868.0009
70.790196  3867.6308
70.6  3867.4498

# Result Name:                  Peak Fit
# Number of Curves:             1
#
# Curve:                        0
# Values/Curve:                 103
#
90  16204.127
89.809804  15766.153
89.619608  15343.129
89.429412  14934.536
89.239216  14539.87
89.04902  14158.649
88.858824  13790.406
88.668627  13434.692
88.478431  13091.078
88.288235  12759.148
88.098039  12438.504
87.907843  12128.764
87.717647  11829.562
87.527451  11540.547
87.337255  11261.384
87.147059  10991.752
86.956863  10731.345
86.766667  10479.875
86.576471  10237.066
86.386275  10002.659
86.196078  9776.4108
86.005882  9558.0937
85.815686  9347.4971
85.62549  9144.4276
85.435294  8948.7098
85.245098  8760.188
85.054902  8578.7264
84.864706  8404.2118
84.67451  8236.5546
84.484314  8075.6916
84.294118  7921.5884
84.103922  7774.2427
83.913725  7633.6879
83.723529  7499.9979
83.533333  7373.2917
83.343137  7253.74
83.152941  7141.5713
82.962745  7037.0801
82.772549  6940.6352
82.582353  6852.6884
82.392157  6773.7832
82.201961  6704.5622
82.011765  6645.7718
81.821569  6598.2604
81.631373  6562.9661
81.441176  6540.8861
81.25098  6533.0172
81.060784  6540.253
80.870588  6563.2181
80.680392  6602.0182
80.490196  6655.8914
80.3  6722.762
80.109804  6798.7449
79.919608  6877.7241
79.729412  6951.221
79.539216  7008.8379
79.34902  7039.4931
79.158824  7033.3955
78.968627  6984.2606
78.778431  6890.9362
78.588235  6757.7003
78.398039  6593.0891
78.207843  6407.8041
78.017647  6212.5599
77.827451  6016.5318
77.637255  5826.6207
77.447059  5647.3945
77.256863  5481.4278
77.066667  5329.7882
76.876471  5192.5106
76.686275  5068.9854
76.496078  4958.2462
76.305882  4859.1648
76.115686  4770.5765
75.92549  4691.3537
75.735294  4620.4467
75.545098  4556.9013
75.354902  4499.864
75.164706  4448.5792
74.97451  4402.3824
74.784314  4360.6915
74.594118  4322.998
74.403922  4288.8578
74.213725  4257.8831
74.023529  4229.7351
73.833333  4204.1175
73.643137  4180.7707
73.452941  4159.4666
73.262745  4140.0048
73.072549  4122.2086
72.882353  4105.9218
72.692157  4091.0062
72.501961  4077.3393
72.311765  4064.8119
72.121569  4053.3268
71.931373  4042.7974
71.741176  4033.146
71.55098  4024.303
71.360784  4016.206
71.170588  4008.7986
70.980392  4002.0303
70.790196  3995.8553
70.6  3990.2324

# Region:                       Al 2p Extended
# Spectrum ID:                  12
# Acquisition Date:             07/23/26 14:39:53 UTC
# Analysis Method:              XPS
# Analyzer:                     PHOIBOS MCD5 Analyzer
# Analyzer Lens:                LargeArea:1.5kV
# Analyzer Slit:                5:7x20\B:open
# Scan Mode:                    FixedAnalyzerTransmission
# Curves/Scan:                  1
# Values/Curve:                 1331
# Dwell Time:                   0.1
# Excitation Energy:            1486.61
# Binding Energy:               190
# Pass Energy:                  50
# Bias Voltage:                 90
# Detector Voltage:             3000
# Eff. Workfunction:            4.543
# Source:                       X-Ray Dummy
# Comment:                      
#
# Cycle: 0
# Number of Scans: 5
#
# Cycle: 0, Curve: 0
# Acquisition Date:             07/23/26 14:39:53 UTC
#
# ColumnLabels:                 energy counts/s
#
190  7157.8926
189.9  7138.688
189.8  6762.9121
189.7  7102.4344
189.6  7073.4716
189.5  7040.1937
189.4  7125.3753
189.3  7022.3576
189.2  7254.2952
189.1  7270.4025
189  7099.9554
188.9  7226.4732
188.8  7343.1892
188.7  7331.5298
188.6  7178.6356
188.5  7012.5764
188.4  7274.7521
188.3  7084.1345
188.2  7117.2094
188.1  7076.1484
188  6906.4612
187.9  7190.1454
187.8  6998.447
187.7  7252.6014
187.6  7229.978
187.5  7056.3846
187.4  7045.4036
187.3  7312.7283
187.2  7200.3186
187.1  7118.5798
187  6957.9907
186.9  7084.8547
186.8  7067.8296
186.7  7187.6445
186.6  7206.8787
186.5  7170.4439
186.4  6945.7939
186.3  7131.7367
186.2  7023.0251
186.1  7105.7183
186  7043.0857
185.9  7183.0007
185.8  6937.9812
185.7  7011.1542
185.6  7056.6944
185.5  6976.0242
185.4  7118.7627
185.3  7284.2421
185.2  7156.4375
185.1  7212.8569
185  7278.4368
184.9  7119.4148
184.8  7029.6463
184.7  7152.4739
184.6  7104.1969
184.5  7209.2555
184.4  7171.051
184.3  7138.6818
184.2  7157.9348
184.1  7183.22
184  6861.9184
183.9  7129.4199
183.8  7143.0299
183.7  7154.7169
183.6  7182.5577
183.5  7108.1511
183.4  7050.372
183.3  7205.6697
183.2  7228.1558
183.1  7012.2867
183  7007.9588
182.9  7223.0891
182.8  7066.8488
182.7  7013.3634
182.6  7306.0256
182.5  7163.4589
182.4  7140.7817
182.3  7216.1308
182.2  7104.7904
182.1  7240.5931
182  7080.8058
181.9  6922.1816
181.8  7224.1154
181.7  7208.9466
181.6  7243.6534
181.5  6943.975
181.4  7238.3971
181.3  7087.7374
181.2  7158.2348
181.1  7194.6054
181  7083.9983
180.9  7221.1967
180.8  7355.4048
180.7  7085.7484
180.6  7183.4698
180.5  6979.267
180.4  7025.187
180.3  7077.5761
180.2  7264.0905
180.1  7016.4661
180  7237.4076
179.9  7103.8071
179.8  7073.046
179.7  7155.3871
179.6  7109.1538
179.5  7292.9976
179.4  6964.3567
179.3  7018.3451
179.2  7125.2641
179.1  7166.0396
179  6999.8483
178.9  7133.5304
178.8  7124.0081
178.7  7060.3693
178.6  7063.788
178.5  7096.9285
178.4  7334.7191
178.3  7077.8727
178.2  6997.9863
178.1  7066.5294
178  7065.2699
177.9  7049.8955
177.8  7085.9993
177.7  7242.9452
177.6  7313.5769
177.5  7198.2039
177.4  7105.5814
177.3  7236.0633
177.2  7083.1886
177.1  7103.0419
177  7108.6497
176.9  7157.9466
176.8  7168.4325
176.7  7025.7936
176.6  7121.9978
176.5  7162.1745
176.4  7236.7878
176.3  7146.138
176.2  7160.8924
176.1  7124.5592
176  7224.5481
175.9  7221.0463
175.8  7002.1558
175.7  6854.1309
175.6  7132.6527
175.5  7020.2496
175.4  6933.1464
175.3  7038.205
175.2  7220.9161
175.1  6943.9484
175  7148.0402
174.9  7063.1271
174.8  7094.2667
174.7  7233.8183
174.6  7139.6959
174.5  7225.1815
174.4  7343.1125
174.3  7022.6278
174.2  7151.9238
174.1  7065.0296
174  7128.3057
173.9  7111.0174
173.8  7166.6491
173.7  7007.3015
173.6  6947.3268
173.5  7125.004
173.4  7030.5983
173.3  6941.2214
173.2  7255.4657
173.1  7076.7662
173  7127.3824
172.9  7197.6183
172.8  7067.1711
172.7  6942.8903
172.6  7281.5327
172.5  7252.3634
172.4  7215.625
172.3  6906.3417
172.2  7117.3905
172.1  7053.4376
172  7011.0477
171.9  7088.83
171.8  7084.9111
171.7  7000.5861
171.6  7268.7765
171.5  7127.9393
171.4  6909.3831
171.3  7018.7296
171.2  7074.1397
171.1  7054.7083
171  7037.6402
170.9  7068.8523
170.8  7058.9566
170.7  7173.6301
170.6  7198.22
170.5  7295.7122
170.4  7336.6392
170.3  7301.4783
170.2  7050.1086
170.1  7335.8791
170  7211.3196
169.9  7108.1094
169.8  6905.2655
169.7  6920.8943
169.6  6988.9694
169.5  6963.7902
169.4  7082.017
169.3  7133.6483
169.2  7018.7781
169.1  7015.8263
169  7076.3387
168.9  6986.3582
168.8  7110.0084
168.7  7180.8501
168.6  7074.4185
168.5  7037.1826
168.4  7027.0734
168.3  6994.571
168.2  7073.8893
168.1  7128.7954
168  6897.5876
167.9  7008.4964
167.8  6958.6864
167.7  7213.4447
167.6  7236.1425
167.5  6845.0798
167.4  7133.0719
167.3  7071.97
167.2  7116.1243
167.1  6935.6273
167  6952.0153
166.9  6929.6384
166.8  7050.309
166.7  7011.3302
166.6  6963.2592
166.5  7128.7576
166.4  7312.5721
166.3  7194.9183
166.2  7088.4799
166.1  7146.8259
166  7012.632
165.9  7144.5262
165.8  7138.3371
165.7  6885.3933
165.6  7098.1895
165.5  7092.1756
165.4  7163.5701
165.3  7012.6851
165.2  7126.2024
165.1  7013.9069
165  7074.0547
164.9  7376.605
164.8  7089.0116
164.7  7234.5695
164.6  7094.3804
164.5  7170.7526
164.4  7225.2541
164.3  7302.4237
164.2  7246.0091
164.1  7004.4663
164  7033.714
163.9  7030.5999
163.8  7084.8963
163.7  7260.4328
163.6  7103.999
163.5  6843.8075
163.4  7078.1829
163.3  7071.3682
163.2  7156.4513
163.1  7008.7142
163  7106.0703
162.9  7154.3873
162.8  7016.9364
162.7  6930.4464
162.6  6989.5399
162.5  7457.7537
162.4  7239.5733
162.3  7152.9091
162.2  7054.9804
162.1  7153.5294
162  7302.5568
161.9  7347.5534
161.8  7332.4437
161.7  7180.302
161.6  7227.4409
161.5  7245.718
161.4  7149.4434
161.3  7325.9226
161.2  7053.0227
161.1  7065.1605
161  7215.4182
160.9  7185.3502
160.8  7323.624
160.7  7287.3182
160.6  7376.8476
160.5  7297.8304
160.4  7306.6118
160.3  7354.6764
160.2  7458.2526
160.1  7389.4639
160  7217.4988
159.9  7368.3025
159.8  7451.0467
159.7  7213.5988
159.6  7488.4362
159.5  7579.2381
159.4  7339.6315
159.3  7348.0227
159.2  7556.2905
159.1  7638.3006
159  7735.0481
158.9  7736.5077
158.8  7796.2059
158.7  7822.3748
158.6  7674.454
158.5  7874.5866
158.4  7642.4845
158.3  7769.5671
158.2  7976.0587
158.1  7934.0728
158  7857.1167
157.9  7870.833
157.8  7993.2925
157.7  8035.0068
157.6  7978.7876
157.5  7963.7915
157.4  7911.5428
157.3  8203.9002
157.2  8161.9605
157.1  8292.8749
157  8120.7541
156.9  8345.4011
156.8  8272.3275
156.7  8302.236
156.6  8190.2615
156.5  8326.3591
156.4  8314.2489
156.3  8190.6534
156.2  8422.0382
156.1  8376.4617
156  8050.6092
155.9  8048.5799
155.8  8228.8122
155.7  8164.8727
155.6  8072.4787
155.5  7946.4797
155.4  7906.7123
155.3  7965.2174
155.2  8101.8464
155.1  8112.0114
155  8060.6715
154.9  7890.9845
154.8  7853.9007
154.7  7849.8543
154.6  7874.2372
154.5  7914.0428
154.4  7902.6372
154.3  7928.0467
154.2  8051.8963
154.1  7800.1771
154  7791.665
153.9  7841.9632
153.8  7688.3639
153.7  7565.438
153.6  7468.4965
153.5  7378.6777
153.4  7547.4556
153.3  7658.2702
153.2  7462.8109
153.1  7387.1382
153  7476.0819
152.9  7364.9877
152.8  7483.3238
152.7  7474.7081
152.6  7449.2025
152.5  7527.2169
152.4  7439.4476
152.3  7501.8175
152.2  7388.3974
152.1  7455.4093
152  7526.3276
151.9  7268.3247
151.8  7395.9128
151.7  7523.8342
151.6  7366.0983
151.5  7478.9132
151.4  7454.1845
151.3  7348.2018
151.2  7243.5895
151.1  7438.6626
151  7308.1743
150.9  7134.2448
150.8  7420.4254
150.7  7525.5112
150.6  7173.7542
150.5  7404.4605
150.4  7448.0026
150.3  7217.3185
150.2  7278.2154
150.1  7431.4773
150  7405.1785
149.9  7387.9917
149.8  7370.7762
149.7  7248.8931
149.6  7264.6631
149.5  7303.4926
149.4  7243.3739
149.3  7287.7843
149.2  7545.406
149.1  7270.6879
149  7360.2051
148.9  7270.3095
148.8  7464.5333
148.7  7189.7134
148.6  7250.8908
148.5  7413.6584
148.4  7254.0696
148.3  7236.6038
148.2  7315.3327
148.1  7298.9025
148  7372.7469
147.9  7145.4475
147.8  7278.7751
147.7  7226.7231
147.6  7386.709
147.5  7459.491
147.4  7250.4591
147.3  7348.237
147.2  7406.4259
147.1  7313.1663
147  7262.3253
146.9  7242.3356
146.8  7178.1045
146.7  7446.3643
146.6  7235.5827
146.5  7239.6876
146.4  7200.1951
146.3  7346.6197
146.2  7299.8945
146.1  7303.4392
146  7290.4885
145.9  7192.2918
145.8  7119.757
145.7  7267.317
145.6  7210.6694
145.5  7294.0486
145.4  7101.191
145.3  7355.197
145.2  7283.7953
145.1  7313.3279
145  7472.3895
144.9  7246.288
144.8  7368.955
144.7  7510.8759
144.6  7450.4383
144.5  7478.5657
144.4  7366.1116
144.3  7165.64
144.2  7142.9419
144.1  7512.2197
144  7499.5373
143.9  7439.7143
143.8  7460.6189
143.7  7444.5797
143.6  7444.741
143.5  7495.4801
143.4  7510.3173
143.3  7101.5591
143.2  7311.488
143.1  7463.032
143  7327.667
142.9  7335.4578
142.8  7332.919
142.7  7311.7888
142.6  7615.846
142.5  7546.1406
142.4  7557.2979
142.3  7530.3412
142.2  7394.7082
142.1  7565.4079
142  7365.4763
141.9  7543.8763
141.8  7521.7556
141.7  7491.8647
141.6  7627.355
141.5  7606.8689
141.4  7708.5466
141.3  7527.352
141.2  7365.3961
141.1  7449.8419
141  7656.1955
140.9  7585.6504
140.8  7697.7051
140.7  7484.074
140.6  7466.5145
140.5  7533.9535
140.4  7578.4023
140.3  7463.8996
140.2  7471.328
140.1  7578.9584
140  7486.9436
139.9  7514.4152
139.8  7449.7417
139.7  7655.0071
139.6  7478.3071
139.5  7325.2677
139.4  7341.2817
139.3  7257.1556
139.2  7220.2459
139.1  7608.7019
139  7531.3227
138.9  7382.8907
138.8  7248.9923
138.7  7477.7119
138.6  7456.7821
138.5  7270.5393
138.4  7291.998
138.3  7370.846
138.2  7307.3492
138.1  7081.0321
138  7157.2751
137.9  7132.2511
137.8  7226.067
137.7  7238.1077
137.6  7308.8161
137.5  7373.5974
137.4  7189.9148
137.3  7302.2374
137.2  7031.7507
137.1  7187.4835
137  7449.4767
136.9  7142.0097
136.8  7215.9896
136.7  7304.5978
136.6  7059.3057
136.5  7238.8758
136.4  7166.6202
136.3  7045.4144
136.2  7167.2415
136.1  7200.0091
136  7200.3948
135.9  7128.2464
135.8  7103.6162
135.7  7130.7445
135.6  7186.2517
135.5  7009.9383
135.4  7156.034
135.3  7406.3315
135.2  7220.1162
135.1  7192.5406
135  7327.0254
134.9  7296.2386
134.8  7209.9566
134.7  7310.866
134.6  7028.3691
134.5  7009.6578
134.4  7253.8314
134.3  7293.1108
134.2  7263.8796
134.1  7362.771
134  7193.2212
133.9  7075.9867
133.8  7182.3469
133.7  7185.1617
133.6  7368.4556
133.5  7315.9683
133.4  7122.9464
133.3  7168.9174
133.2  6956.1881
133.1  7125.6859
133  6844.2344
132.9  7125.7593
132.8  7388.7692
132.7  7124.8019
132.6  7148.031
132.5  6988.2789
132.4  7411.5422
132.3  7423.9733
132.2  7279.903
132.1  7066.801
132  7462.8691
131.9  7380.2647
131.8  7374.7647
131.7  7187.3
131.6  7410.9567
131.5  7236.0369
131.4  7378.8537
131.3  7275.1004
131.2  7458.3401
131.1  7307.5206
131  7359.1626
130.9  7193.6269
130.8  7190.2273
130.7  7355.3906
130.6  7105.4016
130.5  7361.5042
130.4  7466.7417
130.3  7461.8111
130.2  7318.8587
130.1  7428.0818
130  7420.9928
129.9  7467.8927
129.8  7489.4422
129.7  7533.9891
129.6  7568.4078
129.5  7422.5166
129.4  7300.5996
129.3  7637.1234
129.2  7717.3259
129.1  7594.8518
129  7608.6367
128.9  7513.5366
128.8  7666.4377
128.7  7546.7098
128.6  7412.334
128.5  7710.4275
128.4  7640.4988
128.3  7618.7121
128.2  7961.0349
128.1  7903.2972
128  7875.6711
127.9  7729.7011
127.8  7717.5679
127.7  7973.1195
127.6  7979.0109
127.5  8130.9756
127.4  8195.0902
127.3  8198.732
127.2  8144.6099
127.1  8374.4705
127  8419.9918
126.9  8486.6588
126.8  8578.8573
126.7  8591.7422
126.6  8790.8591
126.5  8876.0235
126.4  8982.9319
126.3  8965.403
126.2  9316.1408
126.1  9079.1869
126  9451.8556
125.9  9387.7758
125.8  9401.7176
125.7  9367.7213
125.6  9636.0491
125.5  9632.1245
125.4  9839.3246
125.3  10111.251
125.2  9831.004
125.1  10044.727
125  9924.7737
124.9  9905.4119
124.8  9955.3076
124.7  9961.2243
124.6  10062.243
124.5  10045.177
124.4  9785.1753
124.3  10206.299
124.2  9898.4675
124.1  9915.4068
124  9919.0594
123.9  9765.0471
123.8  9653.0685
123.7  9649.7092
123.6  9550.9807
123.5  9356.1932
123.4  9534.0454
123.3  9395.2314
123.2  9289.2959
123.1  9117.9169
123  9145.5586
122.9  9145.4305
122.8  8768.308
122.7  8727.4574
122.6  8810.9634
122.5  8731.6691
122.4  8414.4467
122.3  8313.7061
122.2  8168.7567
122.1  8266.51
122  8296.6215
121.9  8171.3292
121.8  8100.1253
121.7  8058.2828
121.6  8012.9535
121.5  7821.4672
121.4  7683.087
121.3  7607.9081
121.2  7787.0599
121.1  7631.6117
121  7786.5134
120.9  7453.9517
120.8  7476.2249
120.7  7627.4425
120.6  7695.1862
120.5  7480.6477
120.4  7676.7648
120.3  7426.0998
120.2  7337.2947
120.1  7427.6648
120  7359.6296
119.9  7465.1076
119.8  7441.2796
119.7  7452.7678
119.6  7362.9219
119.5  7282.5249
119.4  7268.3809
119.3  7318.1722
119.2  7090.1484
119.1  7360.9378
119  7284.111
118.9  7221.2245
118.8  7188.2086
118.7  7290.466
118.6  7049.123
118.5  7329.2047
118.4  7181.8919
118.3  7268.1435
118.2  7111.1668
118.1  7247.2754
118  7083.1029
117.9  7028.1594
117.8  7150.6708
117.7  7170.4758
117.6  7408.1896
117.5  7252.832
117.4  7360.5485
117.3  7167.7182
117.2  7243.9698
117.1  7122.0543
117  7183.2383
116.9  7104.4203
116.8  7254.3346
116.7  7227.3286
116.6  7360.3191
116.5  7268.9994
116.4  7285.9194
116.3  7370.2202
116.2  7270.4433
116.1  7214.3075
116  7250.036
115.9  7278.3862
115.8  7152.3368
115.7  7253.132
115.6  7129.8345
115.5  7356.2494
115.4  7096.6057
115.3  7291.0988
115.2  7267.9498
115.1  7211.5797
115  7324.2825
114.9  7504.8638
114.8  7309.5632
114.7  7407.8315
114.6  7403.3421
114.5  7321.4176
114.4  7454.5897
114.3  7288.0168
114.2  7338.7145
114.1  7502.0026
114  7227.9075
113.9  7268.6373
113.8  7330.6011
113.7  7251.3792
113.6  7204.9057
113.5  7347.9855
113.4  7348.1603
113.3  7415.1385
113.2  7412.5686
113.1  7394.9693
113  7476.2935
112.9  7355.3613
112.8  7448.4864
112.7  7413.171
112.6  7464.535
112.5  7327.1392
112.4  7415.1385
112.3  7561.4431
112.2  7567.0965
112.1  7472.5517
112  7519.192
111.9  7805.5661
111.8  7637.3916
111.7  7706.3821
111.6  7625.8394
111.5  7608.997
111.4  7513.4978
111.3  7524.5096
111.2  7466.2894
111.1  7554.5711
111  7602.0177
110.9  7660.6837
110.8  7393.4905
110.7  7697.2964
110.6  7591.6159
110.5  7791.6327
110.4  7652.6933
110.3  7709.9056
110.2  7557.7914
110.1  7561.597
110  7441.251
109.9  7717.2727
109.8  7763.232
109.7  7588.024
109.6  7706.9888
109.5  7722.8367
109.4  7547.2793
109.3  7615.2746
109.2  7521.4514
109.1  7513.604
109  7469.5302
108.9  7566.6685
108.8  7638.3713
108.7  7720.1373
108.6  7706.7081
108.5  7799.0393
108.4  7781.614
108.3  7925.7516
108.2  8005.9931
108.1  8003.9989
108  7939.6058
107.9  7856.7953
107.8  8190.2548
107.7  8606.1022
107.6  8415.8426
107.5  8446.007
107.4  8635.2969
107.3  8735.0796
107.2  8856.0561
107.1  9245.6701
107  9130.8855
106.9  9111.0715
106.8  9377.5822
106.7  9691.0694
106.6  9669.1751
106.5  9874.6316
106.4  10284.084
106.3  10309.905
106.2  10528.544
106.1  10408.437
106  10599.971
105.9  10665.822
105.8  11019.915
105.7  11308.349
105.6  11229.901
105.5  11162.924
105.4  11196.705
105.3  11557.339
105.2  11373.079
105.1  11635.983
105  11615.488
104.9  11554.597
104.8  11281.039
104.7  11528.127
104.6  11578.3
104.5  11580.936
104.4  11609.611
104.3  11130.269
104.2  11285.379
104.1  11160.431
104  10904.18
103.9  11001.162
103.8  10790.345
103.7  10648.118
103.6  10433.314
103.5  10504.325
103.4  10284.207
103.3  9932.2056
103.2  9933.9865
103.1  9765.6231
103  9674.5968
102.9  9607.0134
102.8  9201.9971
102.7  8814.142
102.6  8906.2275
102.5  8892.8836
102.4  8765.5885
102.3  8671.8233
102.2  8298.6639
102.1  8159.1684
102  8049.9723
101.9  7924.3994
101.8  8155.7675
101.7  7920.941
101.6  7757.3026
101.5  7731.0132
101.4  7583.0967
101.3  7504.9417
101.2  7375.2937
101.1  7408.8242
101  7323.5454
100.9  7153.8445
100.8  7277.997
100.7  7330.8714
100.6  7086.4854
100.5  7118.5574
100.4  7113.2917
100.3  7027.5465
100.2  7001.5301
100.1  6908.4004
100  7168.1794
99.9  7027.1715
99.8  7160.9722
99.7  6982.4283
99.6  6980.9157
99.5  7081.77
99.4  7060.805
99.3  7003.4065
99.2  6808.9277
99.1  6889.5165
99  6873.3046
98.9  6742.3503
98.8  6896.7326
98.7  6801.1511
98.6  7000.1599
98.5  6888.9392
98.4  6862.1944
98.3  6890.3751
98.2  6833.2765
98.1  6816.9309
98  6686.5972
97.9  6748.411
97.8  6849.5006
97.7  6957.0456
97.6  6765.9353
97.5  6893.7847
97.4  6721.8964
97.3  6880.8975
97.2  6894.8452
97.1  6762.745
97  6885.7523
96.9  6873.0858
96.8  6785.6136
96.7  7059.1872
96.6  6739.6021
96.5  7049.2607
96.4  6800.5492
96.3  7100.957
96.2  6950.048
96.1  6988.3039
96  7275.4445
95.9  7441.7768
95.8  7285.7922
95.7  7325.2797
95.6  7263.9768
95.5  7346.5921
95.4  7583.6521
95.3  7509.0231
95.2  7577.4973
95.1  7778.7148
95  8114.6664
94.9  8165.7188
94.8  8239.9684
94.7  8419.2929
94.6  8571.1363
94.5  8484.1853
94.4  8906.2671
94.3  9067.1321
94.2  9294.7987
94.1  9649.3334
94  9702.7652
93.9  9872.5463
93.8  10102.451
93.7  10573.003
93.6  10759.476
93.5  10662.272
93.4  11022.643
93.3  11019.461
93.2  11200.142
93.1  11302.764
93  11420.008
92.9  11674.395
92.8  11520.437
92.7  11869.637
92.6  11645.956
92.5  11884.516
92.4  11740.103
92.3  11486.006
92.2  11788.579
92.1  11645.906
92  11255.911
91.9  11322.476
91.8  11472.083
91.7  11479.049
91.6  11391.892
91.5  11416.245
91.4  11213.604
91.3  11237.55
91.2  11178.843
91.1  11150.504
91  11088.695
90.9  11361.389
90.8  11286.634
90.7  11519.406
90.6  11753.887
90.5  11791.103
90.4  11743.984
90.3  11751.667
90.2  12264.626
90.1  12515.935
90  12872.65
89.9  13047.945
89.8  13310.492
89.7  13810.308
89.6  13785.971
89.5  14057.787
89.4  14210.49
89.3  14936.647
89.2  14871.005
89.1  15217.734
89  15500.521
88.9  15490.925
88.8  15426.192
88.7  15515.791
88.6  15492.966
88.5  15511.544
88.4  15423.056
88.3  15430.109
88.2  15087.589
88.1  14721.648
88  14428.917
87.9  14004.607
87.8  13585.005
87.7  13259.949
87.6  12694.943
87.5  12437.601
87.4  11883.582
87.3  11356.863
87.2  11040.298
87.1  10548.127
87  10040.312
86.9  9715.955
86.8  9328.8491
86.7  9091.0351
86.6  9030.3381
86.5  8773.9665
86.4  8566.9934
86.3  8412.4575
86.2  8265.5804
86.1  8289.7543
86  8412.9606
85.9  8363.8063
85.8  8409.7566
85.7  8740.9734
85.6  8907.7522
85.5  8775.0374
85.4  9121.9026
85.3  9362.0607
85.2  9450.5821
85.1  9598.809
85  9730.1317
84.9  9853.6517
84.8  10277.699
84.7  10210.962
84.6  10068.568
84.5  10117.397
84.4  9862.1676
84.3  10056.268
84.2  9882.9335
84.1  9764.928
84  9469.8611
83.9  9135.2654
83.8  8940.5473
83.7  8821.6732
83.6  8393.152
83.5  7958.7788
83.4  7807.7701
83.3  7421.1518
83.2  7352.7128
83.1  7081.1835
83  6742.7694
82.9  6675.4055
82.8  6350.3781
82.7  6195.6169
82.6  6180.5981
82.5  6187.6761
82.4  6070.2185
82.3  5962.9369
82.2  6063.8717
82.1  6007.3323
82  5868.3991
81.9  6183.197
81.8  6021.4536
81.7  6105.0002
81.6  6128.0033
81.5  6209.8773
81.4  6143.9418
81.3  6357.2079
81.2  6355.2753
81.1  6428.2684
81  6609.4681
80.9  6705.0139
80.8  6672.9406
80.7  6582.3188
80.6  6801.731
80.5  6981.9057
80.4  6654.4611
80.3  7066.7548
80.2  6856.387
80.1  7101.6505
80  7085.042
79.9  7072.8994
79.8  7167.0752
79.7  7247.1437
79.6  7218.3601
79.5  7301.147
79.4  7053.9032
79.3  7107.564
79.2  7112.5657
79.1  7115.3727
79  7024.9999
78.9  6873.1337
78.8  6709.2812
78.7  6658.6631
78.6  6752.949
78.5  6437.4007
78.4  6303.2358
78.3  6407.5035
78.2  6325.5674
78.1  6256.7269
78  6109.403
77.9  5812.8899
77.8  5890.8681
77.7  5815.3494
77.6  5638.8491
77.5  5587.5185
77.4  5497.832
77.3  5184.3504
77.2  5488.1196
77.1  5165.1282
77  5168.099
76.9  5288.0399
76.8  5084.6038
76.7  5036.2201
76.6  5033.0859
76.5  5060.439
76.4  4837.5188
76.3  4858.1585
76.2  4752.3824
76.1  4631.9423
76  4750.8807
75.9  4689.7227
75.8  4673.1435
75.7  4609.4033
75.6  4673.6745
75.5  4612.3305
75.4  4517.7384
75.3  4627.2926
75.2  4617.032
75.1  4550.9249
75  4666.9686
74.9  4584.8056
74.8  4555.0258
74.7  4445.7016
74.6  4551.5979
74.5  4353.2772
74.4  4424.9135
74.3  4437.4299
74.2  4574.1038
74.1  4258.0405
74  4235.1987
73.9  4327.4835
73.8  4317.07
73.7  4257.56
73.6  4159.3687
73.5  4163.009
73.4  4344.5415
73.3  4343.3886
73.2  4278.2125
73.1  4210.1142
73  4171.5935
72.9  4288.4052
72.8  4268.6974
72.7  4146.6249
72.6  3986.1076
72.5  3950.6937
72.4  4032.8249
72.3  4063.6647
72.2  4092.7035
72.1  4135.0403
72  4158.0041
71.9  4002.3081
71.8  4111.9618
71.7  3974.0939
71.6  3977.0284
71.5  4101.7328
71.4  3899.765
71.3  4036.5888
71.2  3954.372
71.1  3935.883
71  4023.1662
70.9  4106.2314
70.8  3972.1659
70.7  4113.3945
70.6  4049.1583
70.5  4088.6102
70.4  3982.1416
70.3  4040.0164
70.2  3921.8027
70.1  3880.0068
70  4034.737
69.9  4099.5703
69.8  4149.7344
69.7  3991.6291
69.6  3861.7046
69.5  3915.6848
69.4  3969.2109
69.3  3954.1658
69.2  3882.0252
69.1  4056.3929
69  3946.7496
68.9  3974.5168
68.8  4071.5354
68.7  3996.8121
68.6  4064.2159
68.5  3959.674
68.4  4042.4306
68.3  4074.7508
68.2  3984.7191
68.1  4068.5336
68  3852.5427
67.9  3926.2432
67.8  3997.7481
67.7  4027.3107
67.6  3879.9979
67.5  3953.769
67.4  3973.3998
67.3  3997.0622
67.2  3960.4009
67.1  3828.4735
67  3833.2637
66.9  3997.1546
66.8  3933.6345
66.7  3789.998
66.6  3911.354
66.5  3891.7073
66.4  3908.7367
66.3  3911.3329
66.2  3731.7337
66.1  3834.1852
66  3975.134
65.9  3934.749
65.8  3827.8163
65.7  3943.0629
65.6  3889.3779
65.5  3877.4709
65.4  3920.7565
65.3  3841.1395
65.2  3903.3361
65.1  3852.3047
65  3796.514
64.9  3918.9897
64.8  3822.0602
64.7  3736.7438
64.6  3827.1967
64.5  3893.5578
64.4  3792.542
64.3  3931.7787
64.2  3953.8346
64.1  4055.4235
64  3823.3598
63.9  3947.9083
63.8  3931.4188
63.7  3845.8057
63.6  3899.9497
63.5  3685.3525
63.4  3832.1889
63.3  3844.4731
63.2  3896.5177
63.1  3969.0215
63  3890.961
62.9  3799.3352
62.8  4006.0155
62.7  3963.3414
62.6  3840.9878
62.5  3850.9306
62.4  3923.2742
62.3  3913.6455
62.2  3982.6503
62.1  3967.7197
62  3884.485
61.9  3912.9708
61.8  3861.1289
61.7  3919.7147
61.6  3961.1452
61.5  4006.5107
61.4  3972.7692
61.3  3880.8485
61.2  3934.0529
61.1  3922.3102
61  3929.701
60.9  3996.8641
60.8  3890.9202
60.7  3849.8173
60.6  4041.3829
60.5  4160.5059
60.4  3897.9185
60.3  3828.2125
60.2  4009.8548
60.1  3980.6281
60  3984.9388
59.9  3865.1345
59.8  3715.652
59.7  3762.1704
59.6  3867.9754
59.5  3928.724
59.4  3917.5187
59.3  3803.1959
59.2  3810.7017
59.1  3789.3037
59  3746.6443
58.9  3840.0861
58.8  3885.6051
58.7  3874.4698
58.6  3710.4474
58.5  3818.6697
58.4  3851.0312
58.3  3789.6881
58.2  3793.0603
58.1  3710.7602
58  3823.8752
57.9  3786.8578
57.8  3723.5687
57.7  3683.7115
57.6  3790.2937
57.5  3743.3761
57.4  3804.6175
57.3  3879.635
57.2  3825.1824
57.1  3844.5498
57  3849.2886

# Operation:                    Peak Fit
# Range Start:                  90
# Range End:                    70.5317
# Parameter: "Transition" = 
# Parameter: "Label" = 
# Parameter: "Background Method" = Tougaard
# Parameter: "Peak Shape" = Voigt
# Parameter: "Asymmetric Peak" = false
# Parameter: "FWHM-Annotation" = S-B = <Signal-BG:@>\nFWHM = <FWHM:@>\nArea = <Area:@>
# Parameter: "Peak-Annotation" = <Label>\n<Transition>\nE = <Center:@>
#
# Result:
# Number of Results:            2
# Parameter: "Transition" = 
# Parameter: "Label" = 
# Parameter: "Center" = 79.079809404090838 eV +- 0.025817234464528906
# Parameter: "Area" = 14942.359962556813 cps eV +- 228.7995935992025
# Parameter: "FWHM (Lorentzian)" = 3.7996779378097787 eV +- 0.073760116644509571
# Parameter: "FWHM (Gaussian)" = 2.1213217785362883e-08 eV +- 0.0040907666546152518
# Parameter: "Asymmetry" = 0 +- 0
# Parameter: "Tougaard B" = 111262.45367071056 eV^2 +- 953.16736972871195
# Parameter: "Tougaard C" = 1643 eV^2 +- 0
# Parameter: "FWHM" = 3.7996793257448793 eV
# Parameter: "Baseline Offset" = 3925.9480409277112 cps +- 17.912652705317367
# Parameter: "Abbe factor" = 0.02439456224456157
# Parameter: "Reduced Chi Square" = 40.241246766421931
# Parameter: "Q Probability" = 0
# Parameter: "Number of performed iterations" = 79
# Parameter: "Fit termination reason" = ConvergedInParameter
# Parameter: "Signal" = 7069.8563361208926 cps
# Parameter: "Signal-BG" = 2503.5284446977798 cps
#
# Result Name:                  Background
# Number of Curves:             1
#
# Curve:                        0
# Values/Curve:                 104
#
90  16270.154
89.81165  15828.172
89.623301  15401.02
89.434951  14988.166
89.246602  14589.101
89.058252  14203.331
88.869903  13830.379
88.681553  13469.785
88.493204  13121.105
88.304854  12783.909
88.116505  12457.782
87.928155  12142.325
87.739806  11837.151
87.551456  11541.887
87.363107  11256.173
87.174757  10979.66
86.986408  10712.013
86.798058  10452.908
86.609709  10202.032
86.421359  9959.0832
86.23301  9723.7711
86.04466  9495.8149
85.856311  9274.9441
85.667961  9060.898
85.479612  8853.4256
85.291262  8652.2855
85.102913  8457.2453
84.914563  8268.0818
84.726214  8084.5808
84.537864  7906.5369
84.349515  7733.7535
84.161165  7566.0429
83.972816  7403.2263
83.784466  7245.1335
83.596117  7091.6035
83.407767  6942.4845
83.219417  6797.6342
83.031068  6656.9201
82.842718  6520.2199
82.654369  6387.422
82.466019  6258.4264
82.27767  6133.145
82.08932  6011.5031
81.900971  5893.4401
81.712621  5778.9105
81.524272  5667.8858
81.335922  5560.3555
81.147573  5456.3287
80.959223  5355.8354
80.770874  5258.9277
80.582524  5165.6798
80.394175  5076.1877
80.205825  4990.5662
80.017476  4908.9448
79.829126  4831.4586
79.640777  4758.2379
79.452427  4689.393
79.264078  4624.9981
79.075728  4565.0767
78.887379  4509.5902
78.699029  4458.4339
78.51068  4411.4418
78.32233  4368.3967
78.133981  4329.0457
77.945631  4293.1162
77.757282  4260.3299
77.568932  4230.414
77.380583  4203.1088
77.192233  4178.1726
77.003883  4155.3837
76.815534  4134.5406
76.627184  4115.4621
76.438835  4097.9855
76.250485  4081.9651
76.062136  4067.2708
75.873786  4053.7863
75.685437  4041.4076
75.497087  4030.0415
75.308738  4019.6044
75.120388  4010.0214
74.932039  4001.225
74.743689  3993.1541
74.55534  3985.7539
74.36699  3978.9744
74.178641  3972.7706
73.990291  3967.1015
73.801942  3961.9296
73.613592  3957.2209
73.425243  3952.9445
73.236893  3949.0719
73.048544  3945.5771
72.860194  3942.4364
72.671845  3939.628
72.483495  3937.1318
72.295146  3934.9294
72.106796  3933.004
71.918447  3931.34
71.730097  3929.9232
71.541748  3928.7405
71.353398  3927.7797
71.165049  3927.0299
70.976699  3926.4808
70.78835  3926.123
70.6  3925.948

# Result Name:                  Peak Fit
# Number of Curves:             1
#
# Curve:                        0
# Values/Curve:                 104
#
90  16343.702
89.81165  15904.246
89.623301  15479.75
89.434951  15069.692
89.246602  14673.573
89.058252  14290.909
88.869903  13921.236
88.681553  13564.106
88.493204  13219.089
88.304854  12885.77
88.116505  12563.752
87.928155  12252.654
87.739806  11952.109
87.551456  11661.766
87.363107  11381.289
87.174757  11110.359
86.986408  10848.669
86.798058  10595.929
86.609709  10351.864
86.421359  10116.213
86.23301  9888.7327
86.04466  9669.1929
85.856311  9457.3818
85.667961  9253.104
85.479612  9056.1818
85.291262  8866.4566
85.102913  8683.7895
84.914563  8508.0634
84.726214  8339.1844
84.537864  8177.084
84.349515  8021.7217
84.161165  7873.0881
83.972816  7731.2085
83.784466  7596.147
83.596117  7468.0114
83.407767  7346.959
83.219417  7233.2034
83.031068  7127.0213
82.842718  7028.7612
82.654369  6938.8519
82.466019  6857.8109
82.27767  6786.253
82.08932  6724.8947
81.900971  6674.5552
81.712621  6636.1471
81.524272  6610.6514
81.335922  6599.0675
81.147573  6602.3233
80.959223  6621.1297
80.770874  6655.7563
80.582524  6705.7129
80.394175  6769.3299
80.205825  6843.2729
80.017476  6922.0877
79.829126  6997.9657
79.640777  7061.0002
79.452427  7100.1844
79.264078  7105.1945
79.075728  7068.5936
78.887379  6987.6951
78.699029  6865.2765
78.51068  6708.8036
78.32233  6528.5338
78.133981  6335.3169
77.945631  6138.8413
77.757282  5946.6712
77.568932  5764.0177
77.380583  5593.9876
77.192233  5438.0425
77.003883  5296.4835
76.815534  5168.8656
76.627184  5054.3124
76.438835  4951.7356
76.250485  4859.9784
76.062136  4777.9023
75.873786  4704.4361
75.685437  4638.5998
75.497087  4579.5124
75.308738  4526.3918
75.120388  4478.5487
74.932039  4435.3785
74.743689  4396.3523
74.55534  4361.0083
74.36699  4328.943
74.178641  4299.804
73.990291  4273.2829
73.801942  4249.1098
73.613592  4227.0477
73.425243  4206.8881
73.236893  4188.4475
73.048544  4171.5639
72.860194  4156.0937
72.671845  4141.9097
72.483495  4128.8988
72.295146  4116.9603
72.106796  4106.0043
71.918447  4095.9504
71.730097  4086.7265
71.541748  4078.2679
71.353398  4070.5164
71.165049  4063.4196
70.976699  4056.9302
70.78835  4051.0054
70.6  4045.6066

# Region:                       Mo 3d
# Spectrum ID:                  13
# Acquisition Date:             07/23/26 14:44:28 UTC
# Analysis Method:              XPS
# Analyzer:                     PHOIBOS MCD5 Analyzer
# Analyzer Lens:                LargeArea:1.5kV
# Analyzer Slit:                5:7x20\B:open
# Scan Mode:                    FixedAnalyzerTransmission
# Curves/Scan:                  1
# Values/Curve:                 421
# Dwell Time:                   0.1
# Excitation Energy:            1486.61
# Binding Energy:               257
# Pass Energy:                  50
# Bias Voltage:                 90
# Detector Voltage:             3000
# Eff. Workfunction:            4.543
# Source:                       X-Ray Dummy
# Comment:                      
#
# Cycle: 0
# Number of Scans: 5
#
# Cycle: 0, Curve: 0
# Acquisition Date:             07/23/26 14:44:28 UTC
#
# ColumnLabels:                 energy counts/s
#
257  7334.2677
256.9  7316.9054
256.8  7419.4068
256.7  7214.7887
256.6  7247.8263
256.5  7267.2765
256.4  7499.5889
256.3  7379.9023
256.2  7377.8488
256.1  7405.7893
256  7403.7411
255.9  7312.3406
255.8  7301.4991
255.7  7365.1787
255.6  7389.2538
255.5  7300.5338
255.4  7495.191
255.3  7320.2766
255.2  7407.5382
255.1  7199.0192
255  7300.3038
254.9  7239.2694
254.8  7386.4981
254.7  7222.8637
254.6  7442.197
254.5  7390.2078
254.4  7333.4734
254.3  7143.8363
254.2  7315.7259
254.1  7197.0415
254  7233.3714
253.9  7347.983
253.8  7471.6724
253.7  7444.4616
253.6  7234.9216
253.5  7473.4657
253.4  7390.8846
253.3  7278.1704
253.2  7361.6877
253.1  7274.2078
253  7266.7544
252.9  7257.5642
252.8  7394.7064
252.7  7369.4467
252.6  7411.3221
252.5  7301.6858
252.4  7428.4022
252.3  7332.5355
252.2  7274.0468
252.1  7423.8268
252  7360.6632
251.9  7360.3658
251.8  7369.4622
251.7  7315.5514
251.6  7338.001
251.5  7407.7645
251.4  7376.814
251.3  7283.7823
251.2  7246.3654
251.1  7223.0276
251  7416.6473
250.9  7268.0442
250.8  7366.4147
250.7  7418.9359
250.6  7209.8441
250.5  7159.8811
250.4  7298.615
250.3  7370.0939
250.2  7168.442
250.1  7303.5472
250  7322.9079
249.9  7241.953
249.8  7255.0337
249.7  7262.7265
249.6  7180.8695
249.5  7220.566
249.4  7143.2335
249.3  7255.9314
249.2  7279.6609
249.1  7137.7149
249  6921.1643
248.9  7258.5275
248.8  7195.5041
248.7  7314.4506
248.6  7219.1727
248.5  7311.4103
248.4  7129.5123
248.3  7156.1729
248.2  7190.7034
248.1  7239.8373
248  7151.8919
247.9  7197.641
247.8  7289.8343
247.7  7329.6019
247.6  7228.6925
247.5  7223.4721
247.4  7147.4259
247.3  7181.4957
247.2  7239.1077
247.1  7309.6622
247  7212.4256
246.9  7169.1515
246.8  6930.8791
246.7  7056.7037
246.6  7157.4217
246.5  7213.3208
246.4  7325.1261
246.3  7300.7195
246.2  7343.3081
246.1  7112.8617
246  7250.3531
245.9  7364.418
245.8  7273.9637
245.7  7085.0177
245.6  7203.2767
245.5  7272.171
245.4  7069.107
245.3  7126.44
245.2  7072.7133
245.1  7213.5343
245  7366.8507
244.9  7287.9118
244.8  7245.3899
244.7  7310.5971
244.6  7230.2847
244.5  7395.6953
244.4  7343.3951
244.3  7321.6528
244.2  7534.5638
244.1  7223.632
244  7445.7658
243.9  7485.317
243.8  7504.8321
243.7  7484.5258
243.6  7429.5762
243.5  7330.5318
243.4  7361.4969
243.3  7361.395
243.2  7530.879
243.1  7556.9617
243  7579.2048
242.9  7705.9827
242.8  7733.5116
242.7  7689.8955
242.6  7678.6444
242.5  7795.2686
242.4  7774.0423
242.3  8013.7302
242.2  7826.6208
242.1  8016.4037
242  8032.1377
241.9  8075.6969
241.8  7974.2686
241.7  8056.0148
241.6  8200.6854
241.5  8092.5711
241.4  8118.7453
241.3  8278.6339
241.2  8017.4204
241.1  8199.2299
241  8217.9591
240.9  8126.0737
240.8  8210.8985
240.7  8496.5574
240.6  8404.3281
240.5  8052.7684
240.4  8155.5806
240.3  8286.2149
240.2  8468.5969
240.1  8374.7816
240  8287.747
239.9  8323.6137
239.8  8315.5437
239.7  8349.8344
239.6  8357.2218
239.5  8264.9406
239.4  8408.9818
239.3  8448.3041
239.2  8320.2376
239.1  8509.741
239  8382.3557
238.9  8394.6228
238.8  8484.6895
238.7  8695.2591
238.6  8785.2916
238.5  8540.7781
238.4  8612.7886
238.3  8651.8362
238.2  8437.3293
238.1  8416.8402
238  8373.121
237.9  8587.2017
237.8  8497.182
237.7  8369.4012
237.6  8283.5708
237.5  8303.2612
237.4  8329.3381
237.3  8457.7522
237.2  8221.6449
237.1  8370.7327
237  8213.0554
236.9  8240.6054
236.8  8320.0177
236.7  8268.7162
236.6  7967.8757
236.5  8050.4426
236.4  7886.8625
236.3  7833.7079
236.2  7947.1996
236.1  7891.2149
236  7884.922
235.9  7908.9531
235.8  7673.5671
235.7  7518.3679
235.6  7510.4811
235.5  7593.1709
235.4  7830.357
235.3  7431.5282
235.2  7283.0842
235.1  7293.4109
235  7243.4524
234.9  7320.9801
234.8  7295.0135
234.7  7208.3059
234.6  7279.5332
234.5  7231.7879
234.4  7357.5373
234.3  7173.2347
234.2  7098.4211
234.1  6908.7603
234  7228.7665
233.9  7121.5932
233.8  7279.4511
233.7  7180.7976
233.6  7205.5741
233.5  6964.9392
233.4  7214.9872
233.3  6959.0873
233.2  7193.8404
233.1  7087.0423
233  6891.2957
232.9  7056.4462
232.8  6983.5863
232.7  7112.4938
232.6  6950.4862
232.5  6833.3697
232.4  7092.0193
232.3  7122.1405
232.2  7161.5917
232.1  7099.7632
232  6700.6508
231.9  7148.0333
231.8  7114.9593
231.7  6980.4953
231.6  7028.4091
231.5  6947.6866
231.4  7301.5586
231.3  7075.2074
231.2  7067.7896
231.1  7200.0038
231  7132.0281
230.9  7156.0465
230.8  7209.7211
230.7  7200.9198
230.6  7208.2211
230.5  7056.4264
230.4  7131.7891
230.3  7107.9847
230.2  7231.3438
230.1  7165.9757
230  7102.4712
229.9  7045.9932
229.8  7196.6761
229.7  6745.3809
229.6  7178.8308
229.5  7174.0368
229.4  7229.039
229.3  6992.6393
229.2  6930.8773
229.1  7113.581
229  6991.2514
228.9  7020.1334
228.8  7075.7389
228.7  7097.2218
228.6  7125.9656
228.5  7200.3831
228.4  7316.155
228.3  7081.6315
228.2  7160.2159
228.1  7003.4323
228  7081.9432
227.9  6986.252
227.8  6884.7658
227.7  7054.3947
227.6  7163.8018
227.5  7072.0101
227.4  7248.6005
227.3  6858.6735
227.2  7015.0887
227.1  7091.208
227  7135.7205
226.9  7096.4135
226.8  7273.7175
226.7  7130.6922
226.6  7103.5383
226.5  6982.8771
226.4  7071.2012
226.3  7064.0114
226.2  6860.1629
226.1  7095.4113
226  7063.4011
225.9  7030.4905
225.8  6987.2598
225.7  7181.2709
225.6  6966.7042
225.5  7034.6306
225.4  6944.0973
225.3  7085.7252
225.2  6952.4047
225.1  6910.7699
225  6998.8187
224.9  6910.4753
224.8  6967.0974
224.7  6887.8694
224.6  7043.1261
224.5  6921.463
224.4  7079.4712
224.3  6935.7239
224.2  7069.3629
224.1  7041.7168
224  6944.4129
223.9  6959.435
223.8  6994.9718
223.7  6811.3807
223.6  7002.6861
223.5  6824.1589
223.4  7045.7144
223.3  7047.2195
223.2  7069.6529
223.1  6994.9873
223  6868.4972
222.9  6914.3789
222.8  6910.0689
222.7  6946.553
222.6  6875.8147
222.5  6975.1654
222.4  7049.9827
222.3  6962.2321
222.2  6946.5511
222.1  6919.1013
222  7049.7859
221.9  6961.9237
221.8  7008.2504
221.7  6918.2025
221.6  6966.2217
221.5  6968.4863
221.4  6996.4924
221.3  6949.2707
221.2  6963.5644
221.1  7016.4935
221  6982.2847
220.9  6980.2208
220.8  7034.4962
220.7  6971.8914
220.6  7052.5124
220.5  7223.4359
220.4  7160.5375
220.3  6711.3841
220.2  6927.3741
220.1  7034.8378
220  7028.0873
219.9  7016.1066
219.8  7032.8895
219.7  6967.9146
219.6  7041.8942
219.5  7098.0557
219.4  7089.9473
219.3  6924.5723
219.2  7001.5828
219.1  7047.3975
219  6971.4589
218.9  7039.6661
218.8  6928.2343
218.7  6810.9276
218.6  6967.0545
218.5  7147.2564
218.4  7031.6306
218.3  6916.1574
218.2  6987.1851
218.1  7051.0738
218  7074.9575
217.9  7041.5176
217.8  7062.4799
217.7  7115.1857
217.6  6978.0334
217.5  6838.2113
217.4  6684.8706
217.3  7114.5715
217.2  7141.2153
217.1  6807.3869
217  6847.9254
216.9  7089.3525
216.8  6922.6722
216.7  7035.0209
216.6  7174.3683
216.5  7115.0468
216.4  7096.7414
216.3  7218.9061
216.2  7040.992
216.1  7105.8905
216  6946.4749
215.9  7099.115
215.8  6946.8337
215.7  7056.7024
215.6  7118.4897
215.5  6997.3622
215.4  7038.0068
215.3  7128.653
215.2  6994.9812
215.1  6886.9647
215  6855.7254

# Region:                       Mo 3d Hi Res
# Spectrum ID:                  14
# Acquisition Date:             07/23/26 14:51:44 UTC
# Analysis Method:              XPS
# Analyzer:                     PHOIBOS MCD5 Analyzer
# Analyzer Lens:                LargeArea:1.5kV
# Analyzer Slit:                5:7x20\B:open
# Scan Mode:                    FixedAnalyzerTransmission
# Curves/Scan:                  1
# Values/Curve:                 421
# Dwell Time:                   0.1
# Excitation Energy:            1486.61
# Binding Energy:               257
# Pass Energy:                  10
# Bias Voltage:                 90
# Detector Voltage:             3000
# Eff. Workfunction:            4.543
# Source:                       X-Ray Dummy
# Comment:                      
#
# Cycle: 0
# Number of Scans: 20
#
# Cycle: 0, Curve: 0
# Acquisition Date:             07/23/26 14:51:44 UTC
#
# ColumnLabels:                 energy counts/s
#
257  421.11213
256.9  404.18224
256.8  392.14415
256.7  397.777
256.6  389.54303
256.5  402.10962
256.4  388.35681
256.3  407.75866
256.2  402.98961
256.1  412.72481
256  405.51465
255.9  391.40729
255.8  395.07449
255.7  407.00636
255.6  396.53318
255.5  402.43495
255.4  395.32546
255.3  400.34325
255.2  399.88528
255.1  409.90009
255  400.78709
254.9  406.46769
254.8  433.34135
254.7  405.29318
254.6  427.6209
254.5  381.13099
254.4  415.43216
254.3  407.88929
254.2  407.50445
254.1  395.01804
254  394.61084
253.9  391.93937
253.8  400.6142
253.7  379.56211
253.6  422.74084
253.5  401.26195
253.4  393.05338
253.3  405.57729
253.2  374.9158
253.1  392.25348
253  423.86407
252.9  417.94747
252.8  399.69435
252.7  380.89996
252.6  391.44355
252.5  381.3861
252.4  407.55725
252.3  388.58361
252.2  407.54045
252.1  419.58459
252  409.39801
251.9  388.11604
251.8  404.81577
251.7  387.15095
251.6  369.96006
251.5  412.8819
251.4  424.06051
251.3  404.43051
251.2  410.27964
251.1  389.81964
251  415.72985
250.9  400.75413
250.8  385.336
250.7  412.60419
250.6  407.41468
250.5  392.26608
250.4  373.50343
250.3  396.34536
250.2  394.27631
250.1  404.29666
250  387.26662
249.9  396.63643
249.8  417.50445
249.7  402.62162
249.6  372.61724
249.5  406.99638
249.4  393.2682
249.3  413.77153
249.2  388.6603
249.1  397.34356
249  386.07089
248.9  403.44997
248.8  399.63281
248.7  391.62184
248.6  385.67371
248.5  392.35545
248.4  377.20565
248.3  405.83013
248.2  408.86732
248.1  387.91688
248  378.78994
247.9  387.55349
247.8  389.67387
247.7  375.6921
247.6  387.46061
247.5  395.39961
247.4  400.30578
247.3  376.68063
247.2  397.09947
247.1  390.39178
247  419.75844
246.9  399.87385
246.8  418.49143
246.7  391.59687
246.6  409.02029
246.5  378.28496
246.4  365.13743
246.3  386.64561
246.2  402.41977
246.1  392.94483
246  388.88919
245.9  387.71259
245.8  403.61814
245.7  379.88852
245.6  367.66006
245.5  374.23313
245.4  396.68316
245.3  395.83169
245.2  388.01523
245.1  410.42665
245  395.05962
244.9  387.72891
244.8  375.27682
244.7  386.60061
244.6  397.30902
244.5  406.73042
244.4  386.18334
244.3  396.87623
244.2  419.92565
244.1  409.99722
244  407.33423
243.9  413.62855
243.8  391.02629
243.7  399.31991
243.6  395.08149
243.5  394.66406
243.4  401.24258
243.3  402.25075
243.2  410.86264
243.1  411.63917
243  404.09561
242.9  415.93203
242.8  409.22
242.7  417.34412
242.6  384.31342
242.5  400.39373
242.4  411.79482
242.3  418.57665
242.2  416.90913
242.1  426.08865
242  425.50097
241.9  426.14046
241.8  427.05145
241.7  417.14129
241.6  442.17506
241.5  417.21669
241.4  402.22152
241.3  450.34778
241.2  431.25813
241.1  427.72043
241  446.32047
240.9  431.78045
240.8  460.67399
240.7  432.14485
240.6  421.68831
240.5  450.75608
240.4  433.3249
240.3  439.4539
240.2  431.5918
240.1  440.23646
240  435.24904
239.9  418.14178
239.8  437.43678
239.7  430.06398
239.6  445.1497
239.5  454.02081
239.4  447.13574
239.3  455.75996
239.2  443.35195
239.1  432.81863
239  460.99576
238.9  447.42293
238.8  448.83699
238.7  433.08099
238.6  466.77935
238.5  452.80123
238.4  455.26452
238.3  459.48021
238.2  438.04882
238.1  464.0874
238  448.82031
237.9  466.85579
237.8  441.35779
237.7  445.43113
237.6  458.46465
237.5  454.20352
237.4  465.98404
237.3  455.88352
237.2  448.48143
237.1  447.98858
237  465.13074
236.9  439.36417
236.8  440.01842
236.7  418.26802
236.6  411.85258
236.5  445.55509
236.4  436.36253
236.3  419.16796
236.2  421.46409
236.1  445.9363
236  406.95928
235.9  402.77879
235.8  413.7896
235.7  397.7678
235.6  421.02166
235.5  410.31956
235.4  390.46276
235.3  407.3911
235.2  382.41645
235.1  386.33174
235  386.67094
234.9  382.83175
234.8  410.74033
234.7  382.14386
234.6  376.01422
234.5  386.22262
234.4  402.2716
234.3  368.91758
234.2  375.20162
234.1  379.25749
234  375.91431
233.9  364.244
233.8  391.23854
233.7  397.13778
233.6  395.89704
233.5  387.37344
233.4  363.55821
233.3  354.14436
233.2  393.70064
233.1  372.1612
233  374.78076
232.9  393.54026
232.8  378.18356
232.7  370.90354
232.6  364.11411
232.5  359.35459
232.4  370.10493
232.3  356.44315
232.2  383.168
232.1  370.34822
232  401.60741
231.9  392.60277
231.8  380.24762
231.7  389.88642
231.6  368.37939
231.5  377.78662
231.4  389.60645
231.3  380.02726
231.2  392.13287
231.1  378.64989
231  393.62706
230.9  394.92875
230.8  399.83865
230.7  379.41399
230.6  384.19634
230.5  369.11962
230.4  396.28607
230.3  346.45625
230.2  376.8345
230.1  374.53733
230  383.71789
229.9  382.33153
229.8  386.64916
229.7  386.58261
229.6  369.36691
229.5  376.75338
229.4  404.67851
229.3  387.26453
229.2  401.0895
229.1  416.2777
229  362.66932
228.9  365.32616
228.8  394.84591
228.7  366.5137
228.6  374.63981
228.5  378.66023
228.4  383.97387
228.3  391.18853
228.2  394.8271
228.1  396.07349
228  398.34315
227.9  386.24126
227.8  363.66751
227.7  390.83563
227.6  380.6696
227.5  362.73851
227.4  389.58184
227.3  365.85711
227.2  375.40782
227.1  378.83056
227  389.0862
226.9  385.38797
226.8  374.5316
226.7  369.84416
226.6  383.05716
226.5  354.61857
226.4  363.37272
226.3  390.50007
226.2  379.71024
226.1  383.12232
226  372.14355
225.9  399.90418
225.8  382.78989
225.7  388.39708
225.6  362.42917
225.5  370.49834
225.4  367.07314
225.3  393.17276
225.2  376.2736
225.1  392.59544
225  375.56918
224.9  371.81999
224.8  389.62921
224.7  379.39355
224.6  380.76366
224.5  370.8728
224.4  374.35164
224.3  377.34365
224.2  374.97901
224.1  356.6339
224  382.58486
223.9  349.48555
223.8  369.2509
223.7  404.72221
223.6  361.109
223.5  356.68277
223.4  369.68608
223.3  373.49556
223.2  372.49545
223.1  360.75902
223  364.46927
222.9  381.61531
222.8  365.33978
222.7  371.57784
222.6  394.72421
222.5  384.65854
222.4  367.87489
222.3  384.98498
222.2  371.27432
222.1  380.33166
222  362.7699
221.9  357.16408
221.8  383.48832
221.7  395.05123
221.6  374.38386
221.5  369.54082
221.4  366.63795
221.3  393.3143
221.2  364.27113
221.1  370.75919
221  372.17562
220.9  383.0146
220.8  376.16081
220.7  390.11983
220.6  369.9735
220.5  370.82437
220.4  373.63983
220.3  359.30607
220.2  389.64055
220.1  369.91891
220  372.48496
219.9  366.31933
219.8  382.16674
219.7  374.92688
219.6  372.34336
219.5  374.47377
219.4  376.63515
219.3  371.55093
219.2  362.57359
219.1  349.59573
219  373.37496
218.9  386.83884
218.8  369.00866
218.7  376.89523
218.6  364.89885
218.5  372.35138
218.4  376.33954
218.3  387.95828
218.2  370.03218
218.1  351.56976
218  378.46151
217.9  373.85943
217.8  364.67257
217.7  406.97004
217.6  357.16452
217.5  370.7559
217.4  396.17818
217.3  381.88141
217.2  377.38303
217.1  351.58037
217  345.73927
216.9  381.91374
216.8  365.5952
216.7  364.8826
216.6  374.96483
216.5  379.69769
216.4  377.35877
216.3  376.51754
216.2  366.49203
216.1  355.63042
216  373.99028
215.9  366.89767
215.8  383.4298
215.7  384.83733
215.6  371.65441
215.5  372.39983
215.4  348.49863
215.3  371.35937
215.2  378.77494
215.1  362.36269
215  379.83332

# Operation:                    Multi Peak Fit
# Parameter: "Peak Function" = Voigt
# Parameter: "Background Function" = Tougaard 2
# Parameter: "Baseline" = Constant
# Parameter: "LM Parameters/Max Iterations" = 200
# Parameter: "LM Parameters/Tolerance" = 2.2204459999999999e-16
# Parameter: "Baseline/BL_I/Value" = nan counts
# Parameter: "Peak 1/C/Value" = nan eV
# Parameter: "Peak 1/A/Value" = nan counts eV
# Parameter: "Peak 1/FL/Value" = nan eV
# Parameter: "Peak 1/FG/Value" = nan eV
# Parameter: "Peak 1/a/Value" = 0
# Parameter: "Peak 1/a/Constraint" = Fixed: 0
# Parameter: "Peak 1/TB/Value" = nan eV^2
# Parameter: "Peak 1/TC/Value" = 1643 eV^2
# Parameter: "Peak 1/TC/Constraint" = Fixed: 1643
# Parameter: "Peak 2/C/Value" = nan eV
# Parameter: "Peak 2/A/Value" = nan counts eV
# Parameter: "Peak 2/FL/Value" = nan eV
# Parameter: "Peak 2/FG/Value" = nan eV
# Parameter: "Peak 2/a/Value" = 0
# Parameter: "Peak 2/a/Constraint" = Fixed: 0
# Parameter: "Peak 2/TB/Value" = nan eV^2
# Parameter: "Peak 2/TC/Value" = 1643 eV^2
# Parameter: "Peak 2/TC/Constraint" = Fixed: 1643
#
# Result:
# Number of Results:            5
# Parameter: "Baseline/BL_I/Value" = 748.74618229988539 counts +- 2.4305987876329569
# Parameter: "Peak 1/C/Value" = 1249.0228558293779 eV +- 0.19794277718522466
# Parameter: "Peak 1/C/Constraint" = Restricted: 1229.61 .. 1271.61
# Parameter: "Peak 1/Relative Area/Value" = 34.890881211755762 %
# Parameter: "Peak 1/A/Value" = 403.43315154874017 counts eV +- 96.861146782028882
# Parameter: "Peak 1/FL/Value" = 0 eV +- 0
# Parameter: "Peak 1/FG/Value" = 3.0996909715411802 eV +- 0.46375201414139128
# Parameter: "Peak 1/F/Value" = 3.0996909715411802 eV
# Parameter: "Peak 1/a/Value" = 0 +- 0
# Parameter: "Peak 1/a/Constraint" = Fixed: 0
# Parameter: "Peak 1/TB/Value" = 0 eV^2 +- 0
# Parameter: "Peak 1/TC/Value" = 1643 eV^2 +- 0
# Parameter: "Peak 1/TC/Constraint" = Fixed: 1643
# Parameter: "Peak 2/C/Value" = 1245.945549634514 eV +- 0.4428597910575614
# Parameter: "Peak 2/C/Constraint" = Restricted: 1229.61 .. 1271.61
# Parameter: "Peak 2/Relative Area/Value" = 65.109118788244231 %
# Parameter: "Peak 2/A/Value" = 752.8378784096883 counts eV +- 147.03906973732515
# Parameter: "Peak 2/FL/Value" = 4.3633461302134355 eV +- 0.66325769554597369
# Parameter: "Peak 2/FG/Value" = 0.0010545379558685934 eV +- 733.77013488210764
# Parameter: "Peak 2/F/Value" = 4.3633479978527738 eV
# Parameter: "Peak 2/a/Value" = 0 +- 0
# Parameter: "Peak 2/a/Constraint" = Fixed: 0
# Parameter: "Peak 2/TB/Value" = 14408.816775995982 eV^2 +- 2676.8992284696142
# Parameter: "Peak 2/TC/Value" = 1643 eV^2 +- 0
# Parameter: "Peak 2/TC/Constraint" = Fixed: 1643
# Parameter: "Fit Result/ChiSquare" = 327.20509025663023
# Parameter: "Fit Result/Reduced ChiSquare" = 0.80001244561523288
# Parameter: "Fit Result/Abbe Factor" = 0.96817034067221774
# Parameter: "Fit Result/Q-Probability" = 0.99886605981810117
# Parameter: "Termination State" = ConvergedInParameter
#
# Result Name:                  Background
# Number of Curves:             1
#
# Curve:                        0
# Values/Curve:                 272
#
257  404.38269
256.84502  404.10431
256.69004  403.82645
256.53506  403.54909
256.38007  403.27223
256.22509  402.99583
256.07011  402.71989
255.91513  402.44439
255.76015  402.16931
255.60517  401.89464
255.45018  401.62037
255.2952  401.34647
255.14022  401.07294
254.98524  400.79976
254.83026  400.52692
254.67528  400.2544
254.5203  399.9822
254.36531  399.71029
254.21033  399.43867
254.05535  399.16733
253.90037  398.89626
253.74539  398.62543
253.59041  398.35486
253.43542  398.08451
253.28044  397.8144
253.12546  397.54449
252.97048  397.2748
252.8155  397.00531
252.66052  396.73601
252.50554  396.46689
252.35055  396.19796
252.19557  395.9292
252.04059  395.66061
251.88561  395.39218
251.73063  395.12392
251.57565  394.85581
251.42066  394.58785
251.26568  394.32005
251.1107  394.0524
250.95572  393.7849
250.80074  393.51755
250.64576  393.25035
250.49077  392.9833
250.33579  392.71641
250.18081  392.44967
250.02583  392.18309
249.87085  391.91669
249.71587  391.65045
249.56089  391.38439
249.4059  391.11852
249.25092  390.85284
249.09594  390.58736
248.94096  390.3221
248.78598  390.05707
248.631  389.79227
248.47601  389.52773
248.32103  389.26346
248.16605  388.99947
248.01107  388.73578
247.85609  388.47242
247.70111  388.2094
247.54613  387.94675
247.39114  387.68449
247.23616  387.42265
247.08118  387.16126
246.9262  386.90035
246.77122  386.63995
246.61624  386.38009
246.46125  386.12082
246.30627  385.86218
246.15129  385.60421
245.99631  385.34695
245.84133  385.09046
245.68635  384.8348
245.53137  384.58002
245.37638  384.32618
245.2214  384.07336
245.06642  383.82162
244.91144  383.57105
244.75646  383.32174
244.60148  383.07377
244.44649  382.82724
244.29151  382.58227
244.13653  382.33896
243.98155  382.09746
243.82657  381.85789
243.67159  381.62041
243.51661  381.38518
243.36162  381.15237
243.20664  380.92218
243.05166  380.69481
242.89668  380.4705
242.7417  380.24947
242.58672  380.03199
242.43173  379.81834
242.27675  379.6088
242.12177  379.40369
241.96679  379.20333
241.81181  379.00805
241.65683  378.81817
241.50185  378.63402
241.34686  378.45591
241.19188  378.28411
241.0369  378.11889
240.88192  377.96042
240.72694  377.80884
240.57196  377.66422
240.41697  377.52656
240.26199  377.39579
240.10701  377.27176
239.95203  377.15428
239.79705  377.04311
239.64207  376.93797
239.48708  376.83854
239.3321  376.74453
239.17712  376.65559
239.02214  376.57142
238.86716  376.4917
238.71218  376.41614
238.5572  376.34445
238.40221  376.27637
238.24723  376.21165
238.09225  376.15005
237.93727  376.09137
237.78229  376.03541
237.62731  375.98198
237.47232  375.93092
237.31734  375.88208
237.16236  375.83531
237.00738  375.79048
236.8524  375.74747
236.69742  375.70618
236.54244  375.66651
236.38745  375.62835
236.23247  375.59162
236.07749  375.55624
235.92251  375.52215
235.76753  375.48926
235.61255  375.45752
235.45756  375.42687
235.30258  375.39725
235.1476  375.36862
234.99262  375.34091
234.83764  375.3141
234.68266  375.28814
234.52768  375.26299
234.37269  375.23861
234.21771  375.21497
234.06273  375.19204
233.90775  375.16979
233.75277  375.14818
233.59779  375.1272
233.4428  375.10682
233.28782  375.08702
233.13284  375.06776
232.97786  375.04904
232.82288  375.03083
232.6679  375.01311
232.51292  374.99587
232.35793  374.97908
232.20295  374.96274
232.04797  374.94682
231.89299  374.93132
231.73801  374.91621
231.58303  374.90149
231.42804  374.88714
231.27306  374.87315
231.11808  374.85951
230.9631  374.84621
230.80812  374.83324
230.65314  374.82059
230.49815  374.80824
230.34317  374.7962
230.18819  374.78444
230.03321  374.77297
229.87823  374.76178
229.72325  374.75085
229.56827  374.74018
229.41328  374.72976
229.2583  374.71959
229.10332  374.70966
228.94834  374.69996
228.79336  374.69049
228.63838  374.68124
228.48339  374.67221
228.32841  374.66338
228.17343  374.65477
228.01845  374.64635
227.86347  374.63813
227.70849  374.6301
227.55351  374.62226
227.39852  374.6146
227.24354  374.60712
227.08856  374.59981
226.93358  374.59267
226.7786  374.5857
226.62362  374.57889
226.46863  374.57225
226.31365  374.56575
226.15867  374.55942
226.00369  374.55323
225.84871  374.54718
225.69373  374.54129
225.53875  374.53553
225.38376  374.52991
225.22878  374.52442
225.0738  374.51907
224.91882  374.51385
224.76384  374.50876
224.60886  374.50379
224.45387  374.49894
224.29889  374.49422
224.14391  374.48961
223.98893  374.48512
223.83395  374.48075
223.67897  374.47649
223.52399  374.47233
223.369  374.46829
223.21402  374.46435
223.05904  374.46052
222.90406  374.45679
222.74908  374.45317
222.5941  374.44964
222.43911  374.44621
222.28413  374.44288
222.12915  374.43964
221.97417  374.43649
221.81919  374.43344
221.66421  374.43048
221.50923  374.42761
221.35424  374.42482
221.19926  374.42213
221.04428  374.41951
220.8893  374.41699
220.73432  374.41454
220.57934  374.41218
220.42435  374.40989
220.26937  374.40769
220.11439  374.40556
219.95941  374.40351
219.80443  374.40154
219.64945  374.39964
219.49446  374.39782
219.33948  374.39607
219.1845  374.39439
219.02952  374.39278
218.87454  374.39124
218.71956  374.38977
218.56458  374.38837
218.40959  374.38704
218.25461  374.38577
218.09963  374.38457
217.94465  374.38343
217.78967  374.38236
217.63469  374.38135
217.4797  374.3804
217.32472  374.37951
217.16974  374.37868
217.01476  374.37792
216.85978  374.37721
216.7048  374.37656
216.54982  374.37597
216.39483  374.37544
216.23985  374.37496
216.08487  374.37454
215.92989  374.37417
215.77491  374.37386
215.61993  374.3736
215.46494  374.3734
215.30996  374.37324
215.15498  374.37314
215  374.37309

# Result Name:                  Combined
# Number of Curves:             1
#
# Curve:                        0
# Values/Curve:                 272
#
257  405.34511
256.84502  405.08492
256.69004  404.82578
256.53506  404.56767
256.38007  404.31061
256.22509  404.0546
256.07011  403.79965
255.91513  403.54576
255.76015  403.29295
255.60517  403.04122
255.45018  402.7906
255.2952  402.54108
255.14022  402.2927
254.98524  402.04546
254.83026  401.79939
254.67528  401.55451
254.5203  401.31084
254.36531  401.06842
254.21033  400.82727
254.05535  400.58742
253.90037  400.34891
253.74539  400.11177
253.59041  399.87606
253.43542  399.64181
253.28044  399.40907
253.12546  399.17789
252.97048  398.94834
252.8155  398.72047
252.66052  398.49434
252.50554  398.27004
252.35055  398.04763
252.19557  397.82719
252.04059  397.60882
251.88561  397.39261
251.73063  397.17865
251.57565  396.96707
251.42066  396.75797
251.26568  396.55149
251.1107  396.34775
250.95572  396.14691
250.80074  395.94912
250.64576  395.75454
250.49077  395.56337
250.33579  395.37579
250.18081  395.19202
250.02583  395.01229
249.87085  394.83683
249.71587  394.66591
249.56089  394.49981
249.4059  394.33885
249.25092  394.18336
249.09594  394.0337
248.94096  393.89025
248.78598  393.75344
248.631  393.62373
248.47601  393.50162
248.32103  393.38765
248.16605  393.2824
248.01107  393.18653
247.85609  393.10072
247.70111  393.02575
247.54613  392.96244
247.39114  392.91171
247.23616  392.87457
247.08118  392.85209
246.9262  392.8455
246.77122  392.8561
246.61624  392.88534
246.46125  392.93483
246.30627  393.00633
246.15129  393.10177
245.99631  393.22329
245.84133  393.37327
245.68635  393.55431
245.53137  393.7693
245.37638  394.02143
245.2214  394.31423
245.06642  394.6516
244.91144  395.03783
244.75646  395.47767
244.60148  395.97633
244.44649  396.53952
244.29151  397.1735
244.13653  397.88503
243.98155  398.68143
243.82657  399.57053
243.67159  400.56056
243.51661  401.66007
243.36162  402.8777
243.20664  404.22185
243.05166  405.7003
242.89668  407.31955
242.7417  409.08397
242.58672  410.99479
242.43173  413.04875
242.27675  415.23653
242.12177  417.54107
241.96679  419.9359
241.81181  422.38387
241.65683  424.83671
241.50185  427.23601
241.34686  429.5162
241.19188  431.60988
241.0369  433.45545
240.88192  435.00612
240.72694  436.23878
240.57196  437.16073
240.41697  437.81231
240.26199  438.26429
240.10701  438.61026
239.95203  438.95538
239.79705  439.40339
239.64207  440.04429
239.48708  440.94413
239.3321  442.1379
239.17712  443.6258
239.02214  445.3728
238.86716  447.31094
238.71218  449.34409
238.5572  451.35457
238.40221  453.21118
238.24723  454.7782
238.09225  455.92462
237.93727  456.53308
237.78229  456.50795
237.62731  455.7818
237.47232  454.31986
237.31734  452.1222
237.16236  449.22335
237.00738  445.68951
236.8524  441.61375
236.69742  437.10942
236.54244  432.30273
236.38745  427.32481
236.23247  422.30416
236.07749  417.35993
235.92251  412.59653
235.76753  408.0998
235.61255  403.93491
235.45756  400.14583
235.30258  396.75629
235.1476  393.77183
234.99262  391.18269
234.83764  388.96708
234.68266  387.09457
234.52768  385.5294
234.37269  384.23325
234.21771  383.16769
234.06273  382.29599
233.90775  381.58438
233.75277  381.00282
233.59779  380.52539
233.4428  380.13027
233.28782  379.79951
233.13284  379.51869
232.97786  379.27645
232.82288  379.06397
232.6679  378.87456
232.51292  378.70316
232.35793  378.54603
232.20295  378.40042
232.04797  378.26431
231.89299  378.13622
231.73801  378.01505
231.58303  377.89999
231.42804  377.79041
231.27306  377.68583
231.11808  377.58586
230.9631  377.49016
230.80812  377.39847
230.65314  377.31053
230.49815  377.22614
230.34317  377.1451
230.18819  377.06722
230.03321  376.99234
229.87823  376.92031
229.72325  376.85099
229.56827  376.78423
229.41328  376.71991
229.2583  376.65792
229.10332  376.59815
228.94834  376.54048
228.79336  376.48483
228.63838  376.43109
228.48339  376.37919
228.32841  376.32904
228.17343  376.28056
228.01845  376.23368
227.86347  376.18834
227.70849  376.14446
227.55351  376.10199
227.39852  376.06086
227.24354  376.02102
227.08856  375.98242
226.93358  375.94502
226.7786  375.90875
226.62362  375.87358
226.46863  375.83947
226.31365  375.80637
226.15867  375.77424
226.00369  375.74306
225.84871  375.71278
225.69373  375.68337
225.53875  375.6548
225.38376  375.62705
225.22878  375.60007
225.0738  375.57385
224.91882  375.54836
224.76384  375.52356
224.60886  375.49945
224.45387  375.476
224.29889  375.45318
224.14391  375.43097
223.98893  375.40936
223.83395  375.38832
223.67897  375.36784
223.52399  375.3479
223.369  375.32848
223.21402  375.30956
223.05904  375.29114
222.90406  375.27319
222.74908  375.25571
222.5941  375.23867
222.43911  375.22207
222.28413  375.20588
222.12915  375.19011
221.97417  375.17474
221.81919  375.15976
221.66421  375.14515
221.50923  375.13091
221.35424  375.11702
221.19926  375.10348
221.04428  375.09028
220.8893  375.0774
220.73432  375.06485
220.57934  375.0526
220.42435  375.04066
220.26937  375.02901
220.11439  375.01766
219.95941  375.00658
219.80443  374.99577
219.64945  374.98524
219.49446  374.97496
219.33948  374.96494
219.1845  374.95516
219.02952  374.94563
218.87454  374.93633
218.71956  374.92726
218.56458  374.91842
218.40959  374.9098
218.25461  374.9014
218.09963  374.8932
217.94465  374.88521
217.78967  374.87742
217.63469  374.86983
217.4797  374.86243
217.32472  374.85522
217.16974  374.84819
217.01476  374.84134
216.85978  374.83467
216.7048  374.82817
216.54982  374.82184
216.39483  374.81568
216.23985  374.80968
216.08487  374.80383
215.92989  374.79815
215.77491  374.79261
215.61993  374.78722
215.46494  374.78198
215.30996  374.77689
215.15498  374.77193
215  374.76711

# Result Name:                  Peak 1
# Number of Curves:             1
#
# Curve:                        0
# Values/Curve:                 272
#
257  404.38269
256.84502  404.10431
256.69004  403.82645
256.53506  403.54909
256.38007  403.27223
256.22509  402.99583
256.07011  402.71989
255.91513  402.44439
255.76015  402.16931
255.60517  401.89464
255.45018  401.62037
255.2952  401.34647
255.14022  401.07294
254.98524  400.79976
254.83026  400.52692
254.67528  400.2544
254.5203  399.9822
254.36531  399.71029
254.21033  399.43867
254.05535  399.16733
253.90037  398.89626
253.74539  398.62543
253.59041  398.35486
253.43542  398.08451
253.28044  397.8144
253.12546  397.54449
252.97048  397.2748
252.8155  397.00531
252.66052  396.73601
252.50554  396.46689
252.35055  396.19796
252.19557  395.9292
252.04059  395.66061
251.88561  395.39218
251.73063  395.12392
251.57565  394.85581
251.42066  394.58785
251.26568  394.32005
251.1107  394.0524
250.95572  393.7849
250.80074  393.51755
250.64576  393.25035
250.49077  392.9833
250.33579  392.71641
250.18081  392.44967
250.02583  392.18309
249.87085  391.91669
249.71587  391.65045
249.56089  391.38439
249.4059  391.11852
249.25092  390.85284
249.09594  390.58736
248.94096  390.3221
248.78598  390.05707
248.631  389.79227
248.47601  389.52773
248.32103  389.26346
248.16605  388.99947
248.01107  388.73578
247.85609  388.47242
247.70111  388.2094
247.54613  387.94675
247.39114  387.68449
247.23616  387.42265
247.08118  387.16126
246.9262  386.90035
246.77122  386.63995
246.61624  386.38009
246.46125  386.12082
246.30627  385.86218
246.15129  385.60421
245.99631  385.34695
245.84133  385.09046
245.68635  384.8348
245.53137  384.58002
245.37638  384.32618
245.2214  384.07336
245.06642  383.82163
244.91144  383.57107
244.75646  383.32176
244.60148  383.07381
244.44649  382.82732
244.29151  382.58241
244.13653  382.33922
243.98155  382.09792
243.82657  381.8587
243.67159  381.62181
243.51661  381.38757
243.36162  381.15642
243.20664  380.92892
243.05166  380.70588
242.89668  380.48841
242.7417  380.27808
242.58672  380.07704
242.43173  379.88831
242.27675  379.71598
242.12177  379.5656
241.96679  379.44456
241.81181  379.36249
241.65683  379.33179
241.50185  379.36806
241.34686  379.49052
241.19188  379.72231
241.0369  380.09057
240.88192  380.62626
240.72694  381.36362
240.57196  382.3391
240.41697  383.58984
240.26199  385.15154
240.10701  387.05584
239.95203  389.32723
239.79705  391.97969
239.64207  395.01329
239.48708  398.41106
239.3321  402.13643
239.17712  406.13164
239.02214  410.31746
238.86716  414.59443
238.71218  418.84575
238.5572  422.94183
238.40221  426.74641
238.24723  430.12364
238.09225  432.94593
237.93727  435.10168
237.78229  436.50242
237.62731  437.08868
237.47232  436.83393
237.31734  435.74644
237.16236  433.86864
237.00738  431.2743
236.8524  428.06352
236.69742  424.3562
236.54244  420.28457
236.38745  415.98527
236.23247  411.59183
236.07749  407.22797
235.92251  403.00223
235.76753  399.0042
235.61255  395.30245
235.45756  391.944
235.30258  388.95537
235.1476  386.34461
234.99262  384.10422
234.83764  382.21446
234.68266  380.64678
234.52768  379.36709
234.37269  378.3386
234.21771  377.52428
234.06273  376.88866
233.90775  376.39911
233.75277  376.02665
233.59779  375.74631
233.4428  375.53714
233.28782  375.38199
233.13284  375.26718
232.97786  375.182
232.82288  375.11826
232.6679  375.06981
232.51292  375.03213
232.35793  375.00196
232.20295  374.97697
232.04797  374.95555
231.89299  374.9366
231.73801  374.91936
231.58303  374.90334
231.42804  374.88822
231.27306  374.87377
231.11808  374.85986
230.9631  374.84641
230.80812  374.83335
230.65314  374.82064
230.49815  374.80827
230.34317  374.79621
230.18819  374.78445
230.03321  374.77298
229.87823  374.76178
229.72325  374.75085
229.56827  374.74018
229.41328  374.72976
229.2583  374.71959
229.10332  374.70966
228.94834  374.69996
228.79336  374.69049
228.63838  374.68124
228.48339  374.67221
228.32841  374.66338
228.17343  374.65477
228.01845  374.64635
227.86347  374.63813
227.70849  374.6301
227.55351  374.62226
227.39852  374.6146
227.24354  374.60712
227.08856  374.59981
226.93358  374.59267
226.7786  374.5857
226.62362  374.57889
226.46863  374.57225
226.31365  374.56575
226.15867  374.55942
226.00369  374.55323
225.84871  374.54718
225.69373  374.54129
225.53875  374.53553
225.38376  374.52991
225.22878  374.52442
225.0738  374.51907
224.91882  374.51385
224.76384  374.50876
224.60886  374.50379
224.45387  374.49894
224.29889  374.49422
224.14391  374.48961
223.98893  374.48512
223.83395  374.48075
223.67897  374.47649
223.52399  374.47233
223.369  374.46829
223.21402  374.46435
223.05904  374.46052
222.90406  374.45679
222.74908  374.45317
222.5941  374.44964
222.43911  374.44621
222.28413  374.44288
222.12915  374.43964
221.97417  374.43649
221.81919  374.43344
221.66421  374.43048
221.50923  374.42761
221.35424  374.42482
221.19926  374.42213
221.04428  374.41951
220.8893  374.41699
220.73432  374.41454
220.57934  374.41218
220.42435  374.40989
220.26937  374.40769
220.11439  374.40556
219.95941  374.40351
219.80443  374.40154
219.64945  374.39964
219.49446  374.39782
219.33948  374.39607
219.1845  374.39439
219.02952  374.39278
218.87454  374.39124
218.71956  374.38977
218.56458  374.38837
218.40959  374.38704
218.25461  374.38577
218.09963  374.38457
217.94465  374.38343
217.78967  374.38236
217.63469  374.38135
217.4797  374.3804
217.32472  374.37951
217.16974  374.37868
217.01476  374.37792
216.85978  374.37721
216.7048  374.37656
216.54982  374.37597
216.39483  374.37544
216.23985  374.37496
216.08487  374.37454
215.92989  374.37417
215.77491  374.37386
215.61993  374.3736
215.46494  374.3734
215.30996  374.37324
215.15498  374.37314
215  374.37309

# Result Name:                  Peak 2
# Number of Curves:             1
#
# Curve:                        0
# Values/Curve:                 272
#
257  405.34511
256.84502  405.08492
256.69004  404.82578
256.53506  404.56767
256.38007  404.31061
256.22509  404.0546
256.07011  403.79965
255.91513  403.54576
255.76015  403.29295
255.60517  403.04122
255.45018  402.7906
255.2952  402.54108
255.14022  402.2927
254.98524  402.04546
254.83026  401.79939
254.67528  401.55451
254.5203  401.31084
254.36531  401.06842
254.21033  400.82727
254.05535  400.58742
253.90037  400.34891
253.74539  400.11177
253.59041  399.87606
253.43542  399.64181
253.28044  399.40907
253.12546  399.17789
252.97048  398.94834
252.8155  398.72047
252.66052  398.49434
252.50554  398.27004
252.35055  398.04763
252.19557  397.82719
252.04059  397.60882
251.88561  397.39261
251.73063  397.17865
251.57565  396.96707
251.42066  396.75797
251.26568  396.55149
251.1107  396.34775
250.95572  396.14691
250.80074  395.94912
250.64576  395.75454
250.49077  395.56337
250.33579  395.37579
250.18081  395.19202
250.02583  395.01229
249.87085  394.83683
249.71587  394.66591
249.56089  394.49981
249.4059  394.33885
249.25092  394.18336
249.09594  394.0337
248.94096  393.89025
248.78598  393.75344
248.631  393.62373
248.47601  393.50162
248.32103  393.38765
248.16605  393.2824
248.01107  393.18653
247.85609  393.10072
247.70111  393.02575
247.54613  392.96244
247.39114  392.91171
247.23616  392.87457
247.08118  392.85209
246.9262  392.8455
246.77122  392.8561
246.61624  392.88534
246.46125  392.93483
246.30627  393.00633
246.15129  393.10177
245.99631  393.22329
245.84133  393.37327
245.68635  393.55431
245.53137  393.7693
245.37638  394.02143
245.2214  394.31423
245.06642  394.65159
244.91144  395.03782
244.75646  395.47765
244.60148  395.97629
244.44649  396.53945
244.29151  397.17335
244.13653  397.88477
243.98155  398.68097
243.82657  399.56972
243.67159  400.55916
243.51661  401.65767
243.36162  402.87365
243.20664  404.21511
243.05166  405.68924
242.89668  407.30163
242.7417  409.05536
242.58672  410.94974
242.43173  412.97878
242.27675  415.12935
242.12177  417.37916
241.96679  419.69468
241.81181  422.02943
241.65683  424.32309
241.50185  426.50197
241.34686  428.48158
241.19188  430.17168
241.0369  431.48377
240.88192  432.34027
240.72694  432.684
240.57196  432.48586
240.41697  431.74904
240.26199  430.50854
240.10701  428.82619
239.95203  426.78243
239.79705  424.46681
239.64207  421.96896
239.48708  419.37161
239.3321  416.74599
239.17712  414.14975
239.02214  411.62676
238.86716  409.20821
238.71218  406.91449
238.5572  404.75719
238.40221  402.74114
238.24723  400.86621
238.09225  399.12874
237.93727  397.52278
237.78229  396.04094
237.62731  394.6751
237.47232  393.41684
237.31734  392.25784
237.16236  391.19001
237.00738  390.20569
236.8524  389.29771
236.69742  388.45941
236.54244  387.68467
236.38745  386.96788
236.23247  386.30394
236.07749  385.6882
235.92251  385.11645
235.76753  384.58486
235.61255  384.08999
235.45756  383.6287
235.30258  383.19817
235.1476  382.79584
234.99262  382.41939
234.83764  382.06672
234.68266  381.73593
234.52768  381.4253
234.37269  381.13325
234.21771  380.85838
234.06273  380.59937
233.90775  380.35505
233.75277  380.12435
233.59779  379.90628
233.4428  379.69995
233.28782  379.50453
233.13284  379.31927
232.97786  379.14349
232.82288  378.97654
232.6679  378.81786
232.51292  378.66689
232.35793  378.52315
232.20295  378.38619
232.04797  378.25558
231.89299  378.13094
231.73801  378.0119
231.58303  377.89813
231.42804  377.78934
231.27306  377.68521
231.11808  377.58551
230.9631  377.48997
230.80812  377.39836
230.65314  377.31047
230.49815  377.22611
230.34317  377.14508
230.18819  377.06721
230.03321  376.99234
229.87823  376.92031
229.72325  376.85098
229.56827  376.78423
229.41328  376.71991
229.2583  376.65792
229.10332  376.59815
228.94834  376.54048
228.79336  376.48483
228.63838  376.43109
228.48339  376.37919
228.32841  376.32904
228.17343  376.28056
228.01845  376.23368
227.86347  376.18834
227.70849  376.14446
227.55351  376.10199
227.39852  376.06086
227.24354  376.02102
227.08856  375.98242
226.93358  375.94502
226.7786  375.90875
226.62362  375.87358
226.46863  375.83947
226.31365  375.80637
226.15867  375.77424
226.00369  375.74306
225.84871  375.71278
225.69373  375.68337
225.53875  375.6548
225.38376  375.62705
225.22878  375.60007
225.0738  375.57385
224.91882  375.54836
224.76384  375.52356
224.60886  375.49945
224.45387  375.476
224.29889  375.45318
224.14391  375.43097
223.98893  375.40936
223.83395  375.38832
223.67897  375.36784
223.52399  375.3479
223.369  375.32848
223.21402  375.30956
223.05904  375.29114
222.90406  375.27319
222.74908  375.25571
222.5941  375.23867
222.43911  375.22207
222.28413  375.20588
222.12915  375.19011
221.97417  375.17474
221.81919  375.15976
221.66421  375.14515
221.50923  375.13091
221.35424  375.11702
221.19926  375.10348
221.04428  375.09028
220.8893  375.0774
220.73432  375.06485
220.57934  375.0526
220.42435  375.04066
220.26937  375.02901
220.11439  375.01766
219.95941  375.00658
219.80443  374.99577
219.64945  374.98524
219.49446  374.97496
219.33948  374.96494
219.1845  374.95516
219.02952  374.94563
218.87454  374.93633
218.71956  374.92726
218.56458  374.91842
218.40959  374.9098
218.25461  374.9014
218.09963  374.8932
217.94465  374.88521
217.78967  374.87742
217.63469  374.86983
217.4797  374.86243
217.32472  374.85522
217.16974  374.84819
217.01476  374.84134
216.85978  374.83467
216.7048  374.82817
216.54982  374.82184
216.39483  374.81568
216.23985  374.80968
216.08487  374.80383
215.92989  374.79815
215.77491  374.79261
215.61993  374.78722
215.46494  374.78198
215.30996  374.77689
215.15498  374.77193
215  374.76711

# Result Name:                  Residuum
# Number of Curves:             1
#
# Curve:                        0
# Values/Curve:                 421
#
257  15.769525
256.9  -0.99237815
256.8  -12.862906
256.7  -7.0629281
256.6  -15.130207
256.5  -2.3973538
256.4  -15.984346
256.3  3.5828906
256.2  -1.0212118
256.1  8.8784911
256  1.8323928
255.9  -12.111344
255.8  -8.2809799
255.7  3.813614
255.6  -6.497304
255.5  -0.43372342
255.4  -7.3818641
255.3  -2.2031942
255.2  -2.5007486
255.1  7.6739964
255  -1.2795487
254.9  4.5600259
254.8  31.592169
254.7  3.7019809
254.6  26.187175
254.5  -20.14576
254.4  14.31186
254.3  6.9249162
254.2  6.6954582
254.1  -5.6360989
254  -5.8890115
253.9  -8.4067529
253.8  0.42123891
253.7  -20.478284
253.6  22.852427
253.5  1.524906
253.4  -6.5329149
253.3  6.1411043
253.2  -24.370917
253.1  -6.8844325
253  24.87428
252.9  19.105103
252.8  0.99869785
252.7  -17.649706
252.6  -6.9608718
252.5  -16.873854
252.4  9.4409682
252.3  -9.3898013
252.2  9.7090731
252.1  21.894386
252  11.848092
251.9  -9.2944966
251.8  7.5436781
251.7  -9.9836541
251.6  -27.038065
251.5  16.019232
251.4  27.332238
251.3  7.8355412
251.2  13.816839
251.1  -6.5121521
251  19.527851
250.9  4.6806666
250.8  -10.610214
250.7  16.783887
250.6  11.718895
250.5  -3.3066216
250.4  -21.947687
250.3  1.0142852
250.2  -0.93632946
250.1  9.2007933
250  -7.7142087
249.9  1.7688437
249.8  22.748232
249.7  7.9748308
249.6  -21.922137
249.5  12.562308
249.4  -1.0627635
249.3  19.541399
249.2  -5.471375
249.1  3.3078642
249  -7.8714139
248.9  9.598367
248.8  5.8690943
248.7  -2.0569221
248.6  -7.9231676
248.5  -1.1627462
248.4  -16.237219
248.3  12.459082
248.2  15.564426
248.1  -5.3217006
248  -14.388344
247.9  -5.5687185
247.8  -3.3966714
247.7  -17.331409
247.6  -5.5207222
247.5  2.4553544
247.4  7.393244
247.3  -16.205811
247.2  4.2332169
247.1  -2.4605173
247  26.913562
246.9  7.0295022
246.8  25.64035
246.7  -1.2685825
246.6  16.132407
246.5  -14.633846
246.4  -27.821271
246.3  -6.3624569
246.2  9.3523408
246.1  -0.1925224
246  -4.3292655
245.9  -5.5987726
245.8  10.201358
245.7  -13.646913
245.6  -26.008049
245.5  -19.582501
245.4  2.704268
245.3  1.672835
245.2  -6.3412786
245.1  15.853693
245  0.25029041
244.9  -7.3379562
244.8  -20.070036
244.7  -9.050089
244.6  1.3291545
244.5  10.394515
244.4  -10.537142
244.3  -0.25911535
244.2  22.343327
244.1  11.93387
244  8.7537761
243.9  14.4928
243.8  -8.7051138
243.7  -1.0497762
243.6  -5.9713953
243.5  -7.1192602
243.4  -1.3207422
243.3  -1.1444152
243.2  6.5816093
243.1  6.4162008
243  -2.1271764
242.9  8.6500332
242.8  0.81831817
242.7  7.761718
242.6  -26.510589
242.5  -11.731809
242.4  -1.6901754
242.3  3.6775008
242.2  0.545725
242.1  8.2171021
242  6.0853667
241.9  5.1547451
241.8  4.4813651
241.7  -7.0136754
241.6  16.450178
241.5  -10.046172
241.4  -26.529435
241.3  20.17692
241.2  -0.24665006
241.1  -5.0159138
241  12.46882
240.9  -3.0598899
240.8  24.977462
240.7  -4.2747176
240.6  -15.3262
240.5  13.263896
240.4  -4.5440808
240.3  1.287796
240.2  -6.8167944
240.1  1.6124137
240  -3.5921562
239.9  -20.946617
239.8  -1.955476
239.7  -9.7122985
239.6  4.8899028
239.5  13.163695
239.4  5.5589098
239.3  13.338434
239.2  -0.035596423
239.1  -11.646554
239  15.356907
238.9  0.53532518
238.8  0.65128222
238.7  -16.422437
238.6  15.971515
238.5  0.73746312
238.4  2.0296956
238.3  5.1957983
238.2  -17.12797
238.1  8.2093388
238  -7.5368857
237.9  10.268946
237.8  -15.186417
237.7  -10.780459
237.6  2.8876866
237.5  -0.43071487
237.4  12.600625
237.3  4.0529371
237.2  -1.5062099
237.1  0.11663022
237  19.62495
236.9  -3.551501
236.8  -0.11317751
236.7  -18.918216
236.6  -22.261399
236.5  14.604966
236.4  8.6325684
236.3  -5.3200079
236.2  0.20701694
236.1  27.868306
236  -7.9894303
235.9  -9.1452412
235.8  4.7743153
235.7  -8.4723745
235.6  17.408969
235.5  9.1763724
235.4  -8.3757338
235.3  10.688915
235.2  -12.31836
235.1  -6.6025496
235  -4.625324
234.9  -6.9826908
234.8  22.25929
234.7  -5.1432634
234.6  -10.208733
234.5  0.94431153
234.4  17.828812
234.3  -14.788446
234.2  -7.856294
234.1  -3.2312847
234  -6.0751501
233.9  -17.307454
233.8  10.071619
233.7  16.309006
233.6  15.366436
233.5  7.1066933
233.4  -16.473974
233.3  -25.678192
233.2  14.066559
233.1  -7.3023114
233  -4.527343
232.9  14.374756
232.8  -0.8501992
232.7  -8.0076915
232.6  -14.682454
232.5  -19.334045
232.4  -8.4815785
232.3  -22.046299
232.2  4.7711703
232.1  -7.9599118
232  23.384446
231.9  14.461808
231.8  2.1857664
231.7  11.90102
231.6  -9.5320379
231.5  -0.053134277
231.4  11.836199
231.3  2.3244627
231.2  14.495593
231.1  1.076273
231  16.115352
230.9  17.477241
230.8  22.445734
230.7  2.0781012
230.6  6.9159698
230.5  -8.1066665
230.4  19.11246
230.3  -30.666019
230.2  -0.23772828
230.1  -2.4861093
230  6.7420287
229.9  5.4020657
229.8  9.764971
229.7  9.7425903
229.6  -7.4299931
229.5  -0.0014367867
229.4  27.964782
229.3  10.590927
229.2  24.455086
229.1  39.681577
229  -13.889394
228.9  -11.195997
228.8  18.359485
228.7  -9.937787
228.6  -1.777519
228.5  2.2763043
228.4  7.6226136
228.3  14.869227
228.2  18.539067
228.1  19.816051
228  22.115656
227.9  10.043075
227.8  -12.501983
227.7  14.694231
227.6  4.5557021
227.5  -13.348446
227.4  13.521275
227.3  -10.177605
227.2  -0.6015619
227.1  2.8459908
227  13.12595
226.9  9.4515596
226.8  -1.3814432
226.7  -6.0459753
226.6  7.1894813
226.5  -21.227081
226.4  -12.451334
226.3  14.697194
226.2  3.9281443
226.1  7.3605991
226  -3.5981677
225.9  24.182084
225.8  7.0870427
225.7  12.713124
225.6  -13.236241
225.5  -5.1488739
225.4  -8.5562072
225.3  17.560961
225.2  0.67901608
225.1  17.017768
225  0.0081171666
224.9  -3.724773
224.8  14.100465
224.7  3.8805406
224.6  5.2660976
224.5  -4.6095871
224.4  -1.1158343
224.3  1.8908329
224.2  -0.45941098
224.1  -18.790377
224  7.1744753
223.9  -25.91117
223.8  -6.1323926
223.7  29.352108
223.6  -14.24813
223.5  -18.661608
223.4  -5.645764
223.3  -1.8239661
223.2  -2.811968
223.1  -14.536492
223  -10.814525
222.9  6.3430239
222.8  -9.9211813
222.7  -3.6719938
222.6  19.485329
222.5  9.4304204
222.4  -7.3426405
222.3  9.7778686
222.2  -3.9225455
222.1  5.1448708
222  -12.406981
221.9  -18.00305
221.8  8.3307754
221.7  19.90312
221.6  -0.75496917
221.5  -5.588879
221.4  -8.4827693
221.3  18.202411
221.2  -10.832057
221.1  -4.3354468
221  -2.910609
220.9  7.9366587
220.8  1.0910126
220.7  15.058048
220.6  -5.0803982
220.5  -4.2217711
220.4  -1.3986785
220.3  -15.724926
220.2  14.616954
220.1  -5.0974119
220  -2.5242042
219.9  -8.6827941
219.8  7.1715421
219.7  -0.061500115
219.6  -2.6383121
219.5  -0.50129166
219.4  1.6665785
219.3  -3.4112496
219.2  -12.382299
219.1  -25.353972
219  -1.5686503
218.9  11.901221
218.8  -5.9230646
218.7  1.9693
218.6  -10.021371
218.5  -2.563221
218.4  1.4304567
218.3  13.05463
218.2  -4.8661191
218.1  -23.323287
218  3.5736373
217.9  -1.0233515
217.8  -10.205204
217.7  32.097187
217.6  -17.703488
217.5  -4.1073436
217.4  21.319616
217.3  7.0274529
217.2  2.5336044
217.1  -23.264595
217  -29.101318
216.9  7.0774655
216.8  -9.236847
216.7  -9.9452784
216.6  0.14104796
216.5  4.877934
216.4  2.5429631
216.3  1.7056291
216.2  -8.3160574
216.1  -19.173916
216  -0.81035836
215.9  -7.8993446
215.8  8.6363546
215.7  10.047387
215.6  -3.1321001
215.5  -2.3832967
215.4  -26.281179
215.3  -3.4171807
215.2  4.0015999
215.1  -12.407508
215  5.066209

# Region:                       Al 2p Hi Res
# Spectrum ID:                  15
# Acquisition Date:             07/23/26 15:06:19 UTC
# Analysis Method:              XPS
# Analyzer:                     PHOIBOS MCD5 Analyzer
# Analyzer Lens:                LargeArea:1.5kV
# Analyzer Slit:                5:7x20\B:open
# Scan Mode:                    FixedAnalyzerTransmission
# Curves/Scan:                  1
# Values/Curve:                 331
# Dwell Time:                   0.1
# Excitation Energy:            1486.61
# Binding Energy:               90
# Pass Energy:                  10
# Bias Voltage:                 90
# Detector Voltage:             3000
# Eff. Workfunction:            4.543
# Source:                       X-Ray Dummy
# Comment:                      
#
# Cycle: 0
# Number of Scans: 25
#
# Cycle: 0, Curve: 0
# Acquisition Date:             07/23/26 15:06:19 UTC
#
# ColumnLabels:                 energy counts/s
#
90  541.48616
89.9  567.12588
89.8  598.28094
89.7  622.76211
89.6  640.32072
89.5  658.28913
89.4  654.52978
89.3  649.40392
89.2  664.18778
89.1  692.18732
89  727.26193
88.9  737.64792
88.8  753.05417
88.7  724.60878
88.6  734.08274
88.5  739.1724
88.4  747.29462
88.3  686.37868
88.2  674.0081
88.1  648.18916
88  610.89272
87.9  584.87088
87.8  545.60858
87.7  512.24319
87.6  497.3713
87.5  473.52448
87.4  428.99536
87.3  399.18827
87.2  396.4911
87.1  353.8333
87  371.36581
86.9  347.23076
86.8  350.93535
86.7  346.31192
86.6  327.03085
86.5  309.24087
86.4  315.49615
86.3  313.30786
86.2  315.09354
86.1  306.6979
86  314.36867
85.9  319.2759
85.8  309.2095
85.7  306.97583
85.6  315.00781
85.5  320.23112
85.4  328.14608
85.3  360.55507
85.2  343.21375
85.1  383.33658
85  377.678
84.9  412.49663
84.8  426.29285
84.7  401.95755
84.6  400.96448
84.5  409.20853
84.4  381.65216
84.3  367.52856
84.2  339.68239
84.1  324.48119
84  295.58466
83.9  331.35696
83.8  303.45682
83.7  282.91092
83.6  300.45697
83.5  295.78608
83.4  304.43324
83.3  264.69081
83.2  273.44879
83.1  296.78371
83  286.75679
82.9  288.41676
82.8  289.8851
82.7  289.65134
82.6  292.87178
82.5  295.14202
82.4  279.72922
82.3  282.23955
82.2  277.58714
82.1  278.08924
82  292.04445
81.9  286.73863
81.8  300.08138
81.7  283.49772
81.6  303.84818
81.5  297.23214
81.4  325.77149
81.3  299.94452
81.2  319.66004
81.1  318.54042
81  312.72408
80.9  327.89651
80.8  345.8495
80.7  351.54592
80.6  351.49446
80.5  345.33758
80.4  367.3531
80.3  386.57748
80.2  360.95787
80.1  370.02414
80  394.0743
79.9  390.05484
79.8  394.05431
79.7  377.80395
79.6  394.08417
79.5  380.07335
79.4  381.02407
79.3  368.49249
79.2  376.62778
79.1  376.16819
79  368.73189
78.9  352.69601
78.8  354.4096
78.7  359.45515
78.6  343.82836
78.5  346.9701
78.4  318.47656
78.3  319.40946
78.2  323.29093
78.1  319.56389
78  311.89656
77.9  289.66055
77.8  286.83548
77.7  279.01656
77.6  274.28562
77.5  278.82031
77.4  281.12924
77.3  277.59994
77.2  274.35861
77.1  267.95841
77  264.41366
76.9  260.98149
76.8  249.39434
76.7  239.1781
76.6  256.84014
76.5  246.50682
76.4  259.04339
76.3  262.27606
76.2  255.49752
76.1  235.53424
76  244.67642
75.9  256.48457
75.8  239.36202
75.7  258.11198
75.6  230.31926
75.5  240.45581
75.4  240.69945
75.3  235.43394
75.2  229.90614
75.1  246.08279
75  231.49471
74.9  240.92322
74.8  248.31668
74.7  235.25212
74.6  229.6666
74.5  238.37517
74.4  245.1911
74.3  233.53019
74.2  231.82284
74.1  217.67262
74  224.89612
73.9  221.11474
73.8  224.38012
73.7  221.21879
73.6  224.94968
73.5  226.69489
73.4  232.13351
73.3  233.14338
73.2  227.63951
73.1  220.58972
73  216.06664
72.9  228.86383
72.8  225.66416
72.7  234.97735
72.6  226.03483
72.5  226.71456
72.4  227.56099
72.3  227.00367
72.2  216.20008
72.1  224.06349
72  214.85285
71.9  214.45387
71.8  208.88882
71.7  206.85836
71.6  220.7951
71.5  229.35077
71.4  228.7366
71.3  221.205
71.2  227.94567
71.1  233.96048
71  221.23636
70.9  238.3029
70.8  233.70507
70.7  232.99875
70.6  241.93274
70.5  224.8013
70.4  224.0061
70.3  222.68894
70.2  241.49925
70.1  229.1934
70  225.97345
69.9  225.08114
69.8  222.06407
69.7  222.00355
69.6  223.0401
69.5  238.12342
69.4  222.04582
69.3  239.26124
69.2  219.63574
69.1  245.93627
69  236.23356
68.9  244.32974
68.8  244.08837
68.7  223.18017
68.6  233.9389
68.5  230.62164
68.4  222.90898
68.3  223.2501
68.2  224.33292
68.1  229.26074
68  236.87005
67.9  221.97253
67.8  220.12224
67.7  227.59194
67.6  230.29583
67.5  231.49776
67.4  214.68027
67.3  210.89344
67.2  221.85999
67.1  224.60101
67  217.63338
66.9  215.9191
66.8  213.87252
66.7  211.52837
66.6  231.77913
66.5  218.59791
66.4  213.88073
66.3  218.48233
66.2  218.61425
66.1  243.56674
66  230.01761
65.9  214.10476
65.8  217.26182
65.7  204.6144
65.6  211.45594
65.5  223.43669
65.4  226.6913
65.3  221.84053
65.2  237.92164
65.1  238.51228
65  229.17123
64.9  239.99799
64.8  226.61686
64.7  227.50719
64.6  222.7135
64.5  212.20622
64.4  228.1622
64.3  217.92324
64.2  226.74863
64.1  230.59471
64  224.42435
63.9  212.90092
63.8  223.22459
63.7  237.30953
63.6  219.67225
63.5  234.12701
63.4  225.67914
63.3  233.87721
63.2  243.54344
63.1  230.57377
63  208.7441
62.9  225.28181
62.8  227.43261
62.7  228.91883
62.6  226.46631
62.5  215.62746
62.4  216.57427
62.3  230.3134
62.2  231.25959
62.1  236.24397
62  222.84005
61.9  228.13029
61.8  225.57001
61.7  225.44903
61.6  201.95962
61.5  224.00408
61.4  218.86258
61.3  214.65871
61.2  215.15468
61.1  219.11893
61  243.08589
60.9  239.76079
60.8  226.95056
60.7  211.32549
60.6  242.20369
60.5  213.41518
60.4  213.41539
60.3  222.89776
60.2  216.50598
60.1  230.03786
60  215.57625
59.9  217.12792
59.8  215.6927
59.7  215.22665
59.6  204.99161
59.5  243.73051
59.4  225.62568
59.3  214.13123
59.2  214.27258
59.1  227.08708
59  221.31821
58.9  222.54247
58.8  223.1201
58.7  210.63741
58.6  213.38178
58.5  204.59974
58.4  224.95753
58.3  225.42771
58.2  227.04986
58.1  237.11401
58  222.83683
57.9  221.35348
57.8  213.49424
57.7  217.28158
57.6  212.88554
57.5  220.03635
57.4  233.03612
57.3  224.41452
57.2  202.49576
57.1  220.19937
57  216.78211

# Operation:                    Peak Fit
# Parameter: "Transition" = 
# Parameter: "Label" = 
# Parameter: "Background Method" = Tougaard
# Parameter: "Peak Shape" = Voigt
# Parameter: "Asymmetric Peak" = false
# Parameter: "FWHM-Annotation" = S-B = <Signal-BG:@>\nFWHM = <FWHM:@>\nArea = <Area:@>
# Parameter: "Peak-Annotation" = <Label>\n<Transition>\nE = <Center:@>
#
# Result:
# Number of Results:            2
# Parameter: "Transition" = 
# Parameter: "Label" = 
# Parameter: "Center" = 88.667096180975477 eV +- 0.019702048332060896
# Parameter: "Area" = 820.12532738981986 cps eV +- 62.009594203451272
# Parameter: "FWHM (Lorentzian)" = 1.5834669981456333 eV +- 0.093823429327806906
# Parameter: "FWHM (Gaussian)" = 2.1723953276096214e-13 eV +- 1.0795165276783663e-07
# Parameter: "Asymmetry" = 0 +- 0
# Parameter: "Tougaard B" = 141359.31466584982 eV^2 +- 7949.9071531779964
# Parameter: "Tougaard C" = 1643 eV^2 +- 0
# Parameter: "FWHM" = 1.5834675765497672 eV
# Parameter: "Baseline Offset" = 234.4955791927031 cps +- 0.63632933114576118
# Parameter: "Abbe factor" = 0.059350280823346174
# Parameter: "Reduced Chi Square" = 11.20909407253281
# Parameter: "Q Probability" = 0
# Parameter: "Number of performed iterations" = 51
# Parameter: "Fit termination reason" = ConvergedInParameter
# Parameter: "Signal" = 752.18533992933703 cps
# Parameter: "Signal-BG" = 329.72458525957643 cps
#
# Result Name:                  Background
# Number of Curves:             1
#
# Curve:                        0
# Values/Curve:                 418
#
90  518.0873
89.920863  511.43115
89.841727  504.8854
89.76259  498.45115
89.683453  492.12986
89.604317  485.92346
89.52518  479.83437
89.446043  473.86555
89.366906  468.0205
89.28777  462.3033
89.208633  456.7186
89.129496  451.27148
89.05036  445.96736
88.971223  440.81167
88.892086  435.80958
88.81295  430.96546
88.733813  426.28248
88.654676  421.76206
88.57554  417.40366
88.496403  413.20462
88.417266  409.16036
88.338129  405.26473
88.258993  401.51049
88.179856  397.88978
88.100719  394.39455
88.021583  391.01691
87.942446  387.74931
87.863309  384.58469
87.784173  381.51656
87.705036  378.53897
87.625899  375.64655
87.546763  372.83441
87.467626  370.09814
87.388489  367.43376
87.309353  364.83765
87.230216  362.30654
87.151079  359.83744
87.071942  357.42763
86.992806  355.07462
86.913669  352.77611
86.834532  350.53001
86.755396  348.33435
86.676259  346.18733
86.597122  344.08726
86.517986  342.03258
86.438849  340.02181
86.359712  338.05358
86.280576  336.12658
86.201439  334.23959
86.122302  332.39145
86.043165  330.58108
85.964029  328.80742
85.884892  327.06948
85.805755  325.36633
85.726619  323.69705
85.647482  322.0608
85.568345  320.45674
85.489209  318.88408
85.410072  317.34206
85.330935  315.82996
85.251799  314.34706
85.172662  312.89269
85.093525  311.46619
85.014388  310.06694
84.935252  308.69432
84.856115  307.34775
84.776978  306.02665
84.697842  304.73046
84.618705  303.45865
84.539568  302.21071
84.460432  300.98611
84.381295  299.78438
84.302158  298.60504
84.223022  297.44761
84.143885  296.31166
84.064748  295.19674
83.985612  294.10241
83.906475  293.02828
83.827338  291.97392
83.748201  290.93895
83.669065  289.92297
83.589928  288.92562
83.510791  287.94651
83.431655  286.98531
83.352518  286.04164
83.273381  285.11518
83.194245  284.20559
83.115108  283.31254
83.035971  282.43571
82.956835  281.57479
82.877698  280.72948
82.798561  279.89948
82.719424  279.08449
82.640288  278.28424
82.561151  277.49843
82.482014  276.72681
82.402878  275.9691
82.323741  275.22504
82.244604  274.49437
82.165468  273.77685
82.086331  273.07222
82.007194  272.38026
81.928058  271.70071
81.848921  271.03336
81.769784  270.37797
81.690647  269.73433
81.611511  269.10221
81.532374  268.48141
81.453237  267.87171
81.374101  267.27292
81.294964  266.68483
81.215827  266.10725
81.136691  265.53998
81.057554  264.98283
80.978417  264.43563
80.899281  263.89818
80.820144  263.37032
80.741007  262.85186
80.661871  262.34264
80.582734  261.84248
80.503597  261.35123
80.42446  260.86873
80.345324  260.3948
80.266187  259.92931
80.18705  259.47209
80.107914  259.02301
80.028777  258.5819
79.94964  258.14863
79.870504  257.72305
79.791367  257.30504
79.71223  256.89444
79.633094  256.49114
79.553957  256.09499
79.47482  255.70587
79.395683  255.32366
79.316547  254.94822
79.23741  254.57945
79.158273  254.21721
79.079137  253.86139
79  253.51189
78.920863  253.16858
78.841727  252.83135
78.76259  252.5001
78.683453  252.17472
78.604317  251.8551
78.52518  251.54114
78.446043  251.23275
78.366906  250.92982
78.28777  250.63225
78.208633  250.33996
78.129496  250.05284
78.05036  249.7708
77.971223  249.49376
77.892086  249.22163
77.81295  248.95431
77.733813  248.69173
77.654676  248.43379
77.57554  248.18042
77.496403  247.93154
77.417266  247.68706
77.338129  247.44692
77.258993  247.21102
77.179856  246.9793
77.100719  246.75168
77.021583  246.52809
76.942446  246.30846
76.863309  246.09272
76.784173  245.8808
76.705036  245.67263
76.625899  245.46815
76.546763  245.26729
76.467626  245.06999
76.388489  244.87618
76.309353  244.68581
76.230216  244.4988
76.151079  244.31511
76.071942  244.13468
75.992806  243.95744
75.913669  243.78334
75.834532  243.61232
75.755396  243.44434
75.676259  243.27934
75.597122  243.11726
75.517986  242.95805
75.438849  242.80167
75.359712  242.64806
75.280576  242.49717
75.201439  242.34896
75.122302  242.20338
75.043165  242.06039
74.964029  241.91993
74.884892  241.78196
74.805755  241.64644
74.726619  241.51333
74.647482  241.38259
74.568345  241.25416
74.489209  241.12802
74.410072  241.00412
74.330935  240.88241
74.251799  240.76288
74.172662  240.64546
74.093525  240.53014
74.014388  240.41687
73.935252  240.30561
73.856115  240.19633
73.776978  240.089
73.697842  239.98357
73.618705  239.88003
73.539568  239.77832
73.460432  239.67843
73.381295  239.58032
73.302158  239.48396
73.223022  239.38932
73.143885  239.29636
73.064748  239.20506
72.985612  239.11539
72.906475  239.02733
72.827338  238.94083
72.748201  238.85588
72.669065  238.77244
72.589928  238.6905
72.510791  238.61002
72.431655  238.53098
72.352518  238.45336
72.273381  238.37712
72.194245  238.30225
72.115108  238.22872
72.035971  238.15651
71.956835  238.08559
71.877698  238.01594
71.798561  237.94754
71.719424  237.88037
71.640288  237.8144
71.561151  237.74962
71.482014  237.686
71.402878  237.62352
71.323741  237.56217
71.244604  237.50192
71.165468  237.44275
71.086331  237.38465
71.007194  237.3276
70.928058  237.27157
70.848921  237.21656
70.769784  237.16253
70.690647  237.10949
70.611511  237.05739
70.532374  237.00624
70.453237  236.95602
70.374101  236.9067
70.294964  236.85827
70.215827  236.81073
70.136691  236.76404
70.057554  236.7182
69.978417  236.67319
69.899281  236.62899
69.820144  236.5856
69.741007  236.543
69.661871  236.50117
69.582734  236.4601
69.503597  236.41978
69.42446  236.3802
69.345324  236.34133
69.266187  236.30318
69.18705  236.26572
69.107914  236.22894
69.028777  236.19284
68.94964  236.1574
68.870504  236.12261
68.791367  236.08845
68.71223  236.05492
68.633094  236.02201
68.553957  235.9897
68.47482  235.95798
68.395683  235.92685
68.316547  235.89629
68.23741  235.8663
68.158273  235.83686
68.079137  235.80796
68  235.7796
67.920863  235.75176
67.841727  235.72444
67.76259  235.69762
67.683453  235.6713
67.604317  235.64548
67.52518  235.62013
67.446043  235.59525
67.366906  235.57084
67.28777  235.54688
67.208633  235.52338
67.129496  235.50031
67.05036  235.47767
66.971223  235.45546
66.892086  235.43367
66.81295  235.41228
66.733813  235.3913
66.654676  235.37072
66.57554  235.35052
66.496403  235.33071
66.417266  235.31127
66.338129  235.2922
66.258993  235.27349
66.179856  235.25514
66.100719  235.23715
66.021583  235.21949
65.942446  235.20217
65.863309  235.18519
65.784173  235.16853
65.705036  235.15219
65.625899  235.13617
65.546763  235.12045
65.467626  235.10504
65.388489  235.08993
65.309353  235.07512
65.230216  235.06059
65.151079  235.04635
65.071942  235.03239
64.992806  235.0187
64.913669  235.00528
64.834532  234.99212
64.755396  234.97923
64.676259  234.96659
64.597122  234.9542
64.517986  234.94206
64.438849  234.93016
64.359712  234.9185
64.280576  234.90708
64.201439  234.89588
64.122302  234.88492
64.043165  234.87417
63.964029  234.86365
63.884892  234.85334
63.805755  234.84324
63.726619  234.83335
63.647482  234.82367
63.568345  234.81419
63.489209  234.8049
63.410072  234.79581
63.330935  234.78691
63.251799  234.7782
63.172662  234.76967
63.093525  234.76133
63.014388  234.75316
62.935252  234.74517
62.856115  234.73736
62.776978  234.72971
62.697842  234.72223
62.618705  234.71492
62.539568  234.70777
62.460432  234.70077
62.381295  234.69394
62.302158  234.68725
62.223022  234.68072
62.143885  234.67434
62.064748  234.66811
61.985612  234.66202
61.906475  234.65607
61.827338  234.65026
61.748201  234.64459
61.669065  234.63906
61.589928  234.63366
61.510791  234.62839
61.431655  234.62325
61.352518  234.61824
61.273381  234.61335
61.194245  234.60859
61.115108  234.60395
61.035971  234.59943
60.956835  234.59502
60.877698  234.59074
60.798561  234.58656
60.719424  234.5825
60.640288  234.57855
60.561151  234.57472
60.482014  234.57099
60.402878  234.56736
60.323741  234.56384
60.244604  234.56043
60.165468  234.55711
60.086331  234.5539
60.007194  234.55079
59.928058  234.54777
59.848921  234.54486
59.769784  234.54203
59.690647  234.5393
59.611511  234.53667
59.532374  234.53413
59.453237  234.53167
59.374101  234.52931
59.294964  234.52703
59.215827  234.52485
59.136691  234.52275
59.057554  234.52073
58.978417  234.5188
58.899281  234.51695
58.820144  234.51518
58.741007  234.5135
58.661871  234.5119
58.582734  234.51037
58.503597  234.50893
58.42446  234.50756
58.345324  234.50627
58.266187  234.50506
58.18705  234.50393
58.107914  234.50286
58.028777  234.50188
57.94964  234.50097
57.870504  234.50013
57.791367  234.49936
57.71223  234.49867
57.633094  234.49804
57.553957  234.49749
57.47482  234.49701
57.395683  234.4966
57.316547  234.49626
57.23741  234.49599
57.158273  234.49578
57.079137  234.49565
57  234.49558

# Result Name:                  Peak Fit
# Number of Curves:             1
#
# Curve:                        0
# Values/Curve:                 418
#
90  604.08164
89.920863  605.43135
89.841727  607.88816
89.76259  611.58252
89.683453  616.65224
89.604317  623.23538
89.52518  631.45765
89.446043  641.41187
89.366906  653.12668
89.28777  666.52202
89.208633  681.35099
89.129496  697.13331
89.05036  713.09469
88.971223  728.13979
88.892086  740.89686
88.81295  749.86742
88.733813  753.68224
88.654676  751.40553
88.57554  742.7771
88.496403  728.28402
88.417266  709.02704
88.338129  686.44574
88.258993  662.01934
88.179856  637.04099
88.100719  612.50329
88.021583  589.08049
87.942446  567.16981
87.863309  546.95623
87.784173  528.47745
87.705036  511.67796
87.625899  496.44918
87.546763  482.65714
87.467626  470.16016
87.388489  458.81955
87.309353  448.50538
87.230216  439.0993
87.151079  430.49543
87.071942  422.6001
86.992806  415.33111
86.913669  408.61663
86.834532  402.39409
86.755396  396.60903
86.676259  391.21409
86.597122  386.168
86.517986  381.43483
86.438849  376.98316
86.359712  372.78555
86.280576  368.81791
86.201439  365.05911
86.122302  361.49049
86.043165  358.09561
85.964029  354.8599
85.884892  351.77043
85.805755  348.81568
85.726619  345.98538
85.647482  343.27035
85.568345  340.66235
85.489209  338.15397
85.410072  335.73853
85.330935  333.40999
85.251799  331.1629
85.172662  328.99228
85.093525  326.89363
85.014388  324.86281
84.935252  322.89607
84.856115  320.98996
84.776978  319.14131
84.697842  317.3472
84.618705  315.60495
84.539568  313.91208
84.460432  312.26629
84.381295  310.66545
84.302158  309.10759
84.223022  307.59086
84.143885  306.11354
84.064748  304.67404
83.985612  303.27084
83.906475  301.90256
83.827338  300.56786
83.748201  299.26552
83.669065  297.99435
83.589928  296.75327
83.510791  295.54123
83.431655  294.35726
83.352518  293.20042
83.273381  292.06983
83.194245  290.96466
83.115108  289.88411
83.035971  288.82743
82.956835  287.79389
82.877698  286.78282
82.798561  285.79356
82.719424  284.82548
82.640288  283.87799
82.561151  282.95052
82.482014  282.0425
82.402878  281.15343
82.323741  280.28279
82.244604  279.43011
82.165468  278.59491
82.086331  277.77674
82.007194  276.97519
81.928058  276.18982
81.848921  275.42024
81.769784  274.66607
81.690647  273.92692
81.611511  273.20245
81.532374  272.49229
81.453237  271.79612
81.374101  271.11361
81.294964  270.44444
81.215827  269.78831
81.136691  269.14492
81.057554  268.51398
80.978417  267.89522
80.899281  267.28836
80.820144  266.69315
80.741007  266.10932
80.661871  265.53663
80.582734  264.97485
80.503597  264.42372
80.42446  263.88304
80.345324  263.35257
80.266187  262.83211
80.18705  262.32143
80.107914  261.82034
80.028777  261.32864
79.94964  260.84613
79.870504  260.37263
79.791367  259.90795
79.71223  259.45191
79.633094  259.00433
79.553957  258.56505
79.47482  258.1339
79.395683  257.71071
79.316547  257.29533
79.23741  256.8876
79.158273  256.48736
79.079137  256.09448
79  255.70881
78.920863  255.3302
78.841727  254.95851
78.76259  254.59362
78.683453  254.23539
78.604317  253.88368
78.52518  253.53839
78.446043  253.19937
78.366906  252.86651
78.28777  252.5397
78.208633  252.21881
78.129496  251.90373
78.05036  251.59436
77.971223  251.29058
77.892086  250.99229
77.81295  250.69938
77.733813  250.41176
77.654676  250.12932
77.57554  249.85196
77.496403  249.5796
77.417266  249.31213
77.338129  249.04947
77.258993  248.79152
77.179856  248.5382
77.100719  248.28943
77.021583  248.04511
76.942446  247.80516
76.863309  247.56951
76.784173  247.33807
76.705036  247.11077
76.625899  246.88753
76.546763  246.66827
76.467626  246.45293
76.388489  246.24142
76.309353  246.03369
76.230216  245.82966
76.151079  245.62926
76.071942  245.43242
75.992806  245.23909
75.913669  245.0492
75.834532  244.86268
75.755396  244.67947
75.676259  244.49952
75.597122  244.32276
75.517986  244.14914
75.438849  243.9786
75.359712  243.81108
75.280576  243.64654
75.201439  243.4849
75.122302  243.32613
75.043165  243.17018
74.964029  243.01698
74.884892  242.86649
74.805755  242.71867
74.726619  242.57345
74.647482  242.43081
74.568345  242.29069
74.489209  242.15304
74.410072  242.01783
74.330935  241.885
74.251799  241.75452
74.172662  241.62634
74.093525  241.50042
74.014388  241.37673
73.935252  241.25521
73.856115  241.13584
73.776978  241.01858
73.697842  240.90338
73.618705  240.79021
73.539568  240.67903
73.460432  240.56982
73.381295  240.46253
73.302158  240.35713
73.223022  240.25358
73.143885  240.15186
73.064748  240.05193
72.985612  239.95375
72.906475  239.85731
72.827338  239.76256
72.748201  239.66948
72.669065  239.57803
72.589928  239.4882
72.510791  239.39994
72.431655  239.31324
72.352518  239.22806
72.273381  239.14438
72.194245  239.06217
72.115108  238.98141
72.035971  238.90207
71.956835  238.82412
71.877698  238.74754
71.798561  238.67231
71.719424  238.5984
71.640288  238.52578
71.561151  238.45445
71.482014  238.38437
71.402878  238.31552
71.323741  238.24788
71.244604  238.18142
71.165468  238.11614
71.086331  238.052
71.007194  237.98899
70.928058  237.92709
70.848921  237.86628
70.769784  237.80653
70.690647  237.74784
70.611511  237.69017
70.532374  237.63352
70.453237  237.57787
70.374101  237.52319
70.294964  237.46948
70.215827  237.4167
70.136691  237.36486
70.057554  237.31393
69.978417  237.26389
69.899281  237.21474
69.820144  237.16645
69.741007  237.119
69.661871  237.0724
69.582734  237.02661
69.503597  236.98163
69.42446  236.93744
69.345324  236.89403
69.266187  236.85138
69.18705  236.80948
69.107914  236.76833
69.028777  236.72789
68.94964  236.68817
68.870504  236.64915
68.791367  236.61082
68.71223  236.57316
68.633094  236.53617
68.553957  236.49982
68.47482  236.46413
68.395683  236.42906
68.316547  236.39461
68.23741  236.36076
68.158273  236.32752
68.079137  236.29486
68  236.26278
67.920863  236.23127
67.841727  236.20032
67.76259  236.16991
67.683453  236.14004
67.604317  236.1107
67.52518  236.08188
67.446043  236.05357
67.366906  236.02577
67.28777  235.99845
67.208633  235.97163
67.129496  235.94527
67.05036  235.91939
66.971223  235.89397
66.892086  235.869
66.81295  235.84447
66.733813  235.82038
66.654676  235.79672
66.57554  235.77348
66.496403  235.75066
66.417266  235.72824
66.338129  235.70623
66.258993  235.6846
66.179856  235.66337
66.100719  235.64252
66.021583  235.62203
65.942446  235.60192
65.863309  235.58217
65.784173  235.56277
65.705036  235.54373
65.625899  235.52502
65.546763  235.50665
65.467626  235.48862
65.388489  235.47091
65.309353  235.45352
65.230216  235.43644
65.151079  235.41968
65.071942  235.40322
64.992806  235.38705
64.913669  235.37119
64.834532  235.35561
64.755396  235.34031
64.676259  235.3253
64.597122  235.31056
64.517986  235.29609
64.438849  235.28188
64.359712  235.26794
64.280576  235.25426
64.201439  235.24082
64.122302  235.22764
64.043165  235.2147
63.964029  235.202
63.884892  235.18953
63.805755  235.1773
63.726619  235.1653
63.647482  235.15352
63.568345  235.14196
63.489209  235.13062
63.410072  235.11949
63.330935  235.10858
63.251799  235.09787
63.172662  235.08736
63.093525  235.07706
63.014388  235.06695
62.935252  235.05703
62.856115  235.04731
62.776978  235.03777
62.697842  235.02842
62.618705  235.01925
62.539568  235.01026
62.460432  235.00144
62.381295  234.9928
62.302158  234.98433
62.223022  234.97602
62.143885  234.96788
62.064748  234.95991
61.985612  234.95209
61.906475  234.94443
61.827338  234.93693
61.748201  234.92958
61.669065  234.92238
61.589928  234.91532
61.510791  234.90842
61.431655  234.90165
61.352518  234.89503
61.273381  234.88855
61.194245  234.8822
61.115108  234.876
61.035971  234.86992
60.956835  234.86397
60.877698  234.85816
60.798561  234.85247
60.719424  234.84691
60.640288  234.84147
60.561151  234.83615
60.482014  234.83096
60.402878  234.82588
60.323741  234.82092
60.244604  234.81608
60.165468  234.81135
60.086331  234.80673
60.007194  234.80223
59.928058  234.79783
59.848921  234.79354
59.769784  234.78936
59.690647  234.78528
59.611511  234.78131
59.532374  234.77744
59.453237  234.77367
59.374101  234.77
59.294964  234.76643
59.215827  234.76296
59.136691  234.75959
59.057554  234.75631
58.978417  234.75312
58.899281  234.75003
58.820144  234.74703
58.741007  234.74412
58.661871  234.74131
58.582734  234.73858
58.503597  234.73594
58.42446  234.73339
58.345324  234.73092
58.266187  234.72854
58.18705  234.72625
58.107914  234.72404
58.028777  234.72191
57.94964  234.71987
57.870504  234.71791
57.791367  234.71603
57.71223  234.71423
57.633094  234.71251
57.553957  234.71087
57.47482  234.7093
57.395683  234.70782
57.316547  234.70641
57.23741  234.70509
57.158273  234.70383
57.079137  234.70266
57  234.70156

# Region:                       Au 4d
# Spectrum ID:                  16
# Acquisition Date:             07/23/26 15:20:07 UTC
# Analysis Method:              XPS
# Analyzer:                     PHOIBOS MCD5 Analyzer
# Analyzer Lens:                LargeArea:1.5kV
# Analyzer Slit:                5:7x20\B:open
# Scan Mode:                    FixedAnalyzerTransmission
# Curves/Scan:                  1
# Values/Curve:                 901
# Dwell Time:                   0.1
# Excitation Energy:            1486.61
# Binding Energy:               385
# Pass Energy:                  50
# Bias Voltage:                 90
# Detector Voltage:             3000
# Eff. Workfunction:            4.543
# Source:                       X-Ray Dummy
# Comment:                      
#
# Cycle: 0
# Number of Scans: 2
#
# Cycle: 0, Curve: 0
# Acquisition Date:             07/23/26 15:20:07 UTC
#
# ColumnLabels:                 energy counts/s
#
385  11378.259
384.9  11370.5
384.8  11107.975
384.7  11154.526
384.6  11143.51
384.5  11218.588
384.4  11212.666
384.3  11323.212
384.2  10959.88
384.1  11150.165
384  10884.626
383.9  10894.67
383.8  11107.506
383.7  11133.106
383.6  11232.998
383.5  11417.193
383.4  11281.577
383.3  11326.144
383.2  11239.42
383.1  11276.88
383  11010.379
382.9  11267.888
382.8  11306.357
382.7  11209.172
382.6  11607.609
382.5  11709.836
382.4  11393.171
382.3  11328.584
382.2  11092.493
382.1  10982.842
382  11081.943
381.9  11292.654
381.8  11137.788
381.7  11252.657
381.6  11409.535
381.5  11034.744
381.4  11419.972
381.3  11107.175
381.2  11104.854
381.1  11570.878
381  11337.138
380.9  11206.564
380.8  11449.64
380.7  11120.519
380.6  11470.827
380.5  11457.1
380.4  11159.009
380.3  11248.389
380.2  11285.547
380.1  11138.68
380  11613.131
379.9  11259.13
379.8  11657.974
379.7  11424.354
379.6  11158.387
379.5  11303.662
379.4  11522.249
379.3  11197.035
379.2  11471.042
379.1  11155.935
379  11246.474
378.9  11330.313
378.8  11543.776
378.7  11082.375
378.6  11546.897
378.5  11423.884
378.4  11273.823
378.3  11235.909
378.2  11357.842
378.1  11302.391
378  11535.608
377.9  11434.108
377.8  11734.323
377.7  11299.366
377.6  11167.887
377.5  11344.828
377.4  11644.08
377.3  10816.272
377.2  11122.79
377.1  11065.821
377  11593.242
376.9  11579.786
376.8  11830.208
376.7  10971.772
376.6  11597.395
376.5  12029.179
376.4  11346.329
376.3  11231.694
376.2  11320.682
376.1  11508.427
376  11454.812
375.9  11862.975
375.8  11640.055
375.7  11287.368
375.6  11854.287
375.5  11198.922
375.4  11413.137
375.3  11490.403
375.2  11516.925
375.1  11350.637
375  11403.264
374.9  11429.993
374.8  11607.275
374.7  11388.386
374.6  11341.151
374.5  11352.764
374.4  11308.862
374.3  11587.79
374.2  11735.708
374.1  11294.135
374  11104.592
373.9  11848.048
373.8  11634.048
373.7  11335.149
373.6  11859.045
373.5  11785.204
373.4  11460.884
373.3  11775.792
373.2  11602.531
373.1  11708.784
373  11737.892
372.9  11804.451
372.8  11153.774
372.7  11548.307
372.6  11482.7
372.5  11570.1
372.4  11525.475
372.3  11631.93
372.2  11343.136
372.1  11639.148
372  11418.534
371.9  11613.963
371.8  11679.445
371.7  11829.79
371.6  11958.172
371.5  11710.355
371.4  11469.648
371.3  11564.801
371.2  12039.312
371.1  11354.229
371  11578.22
370.9  11786.675
370.8  11646.717
370.7  11753.02
370.6  11610.424
370.5  11691.827
370.4  12057.345
370.3  11374.343
370.2  11566.156
370.1  11617.627
370  11474.913
369.9  12040.228
369.8  11825.521
369.7  11867.848
369.6  11654.055
369.5  11932.171
369.4  11769.187
369.3  12063.498
369.2  11957.625
369.1  11734.418
369  11524.641
368.9  11823.05
368.8  11508.53
368.7  11776.015
368.6  11570.641
368.5  11777.833
368.4  11703.458
368.3  12161.549
368.2  11699.617
368.1  11942.468
368  11916.306
367.9  12045.44
367.8  12030.514
367.7  11971.915
367.6  12052.199
367.5  11981.553
367.4  12019.238
367.3  11479.352
367.2  11905.847
367.1  11548.337
367  11908.443
366.9  12208.848
366.8  11402.547
366.7  11816.286
366.6  12021.554
366.5  12096.744
366.4  12149.886
366.3  12123.838
366.2  11852.724
366.1  11642.656
366  11859.412
365.9  12198.136
365.8  12211.31
365.7  12297.56
365.6  12318.055
365.5  12385.901
365.4  11967.903
365.3  11944.021
365.2  12517.351
365.1  12178.013
365  12376.769
364.9  12208.082
364.8  11974.311
364.7  11899.747
364.6  12495.969
364.5  11980.248
364.4  12269.569
364.3  12376.078
364.2  12363.86
364.1  12365.635
364  12262.471
363.9  12234.583
363.8  12301.947
363.7  12722.917
363.6  12626.252
363.5  12340.898
363.4  12508.758
363.3  12367.928
363.2  12457.693
363.1  12582.258
363  12470.968
362.9  12520.346
362.8  12341.05
362.7  12952.658
362.6  12398.937
362.5  12300.013
362.4  12635.981
362.3  12837.296
362.2  12761.699
362.1  13051.813
362  12897.565
361.9  12941.842
361.8  13104.844
361.7  12822.295
361.6  13238.217
361.5  12930.64
361.4  13348.401
361.3  13238.509
361.2  13320.303
361.1  13336.177
361  13425.248
360.9  13644.644
360.8  13497.885
360.7  13514.35
360.6  13406.333
360.5  13108.21
360.4  13834.984
360.3  13728.902
360.2  13882.037
360.1  14068.544
360  13717.761
359.9  14037.893
359.8  13854.526
359.7  13727.576
359.6  14394.57
359.5  14510.148
359.4  14547.088
359.3  14079.159
359.2  14585.936
359.1  14589.955
359  14532.427
358.9  14316.559
358.8  14530.625
358.7  14812.912
358.6  15078.677
358.5  14897.747
358.4  15080.891
358.3  14990.349
358.2  14933.871
358.1  15057.42
358  15158.105
357.9  15569.676
357.8  15338.113
357.7  15272.057
357.6  15007
357.5  15133.908
357.4  14889.111
357.3  14904.451
357.2  15160.797
357.1  15277.362
357  15264.547
356.9  14893.956
356.8  14821.077
356.7  15106.971
356.6  15522.597
356.5  15128.925
356.4  15188.504
356.3  14934.218
356.2  14767.923
356.1  14541.8
356  15189.654
355.9  14943.625
355.8  14626.09
355.7  15034.228
355.6  15001.503
355.5  15205.491
355.4  15150.046
355.3  14953.569
355.2  15092.816
355.1  14744.962
355  15229.311
354.9  15152.815
354.8  15363.931
354.7  15156.62
354.6  14780.95
354.5  14721.049
354.4  14865.541
354.3  14945.227
354.2  14885.373
354.1  14715.265
354  14599.859
353.9  15208.643
353.8  15168.9
353.7  14685.167
353.6  14550.128
353.5  14631.06
353.4  14303.939
353.3  14318.546
353.2  14851.568
353.1  14756.601
353  14361.986
352.9  14573.779
352.8  14293.361
352.7  14121.091
352.6  13877.728
352.5  14239.487
352.4  13984.029
352.3  13999.269
352.2  13515.255
352.1  13693.906
352  13764.91
351.9  13747.199
351.8  13098.139
351.7  13040.061
351.6  13126.208
351.5  13002.539
351.4  13080.101
351.3  13270.344
351.2  12905.203
351.1  12994.308
351  13430.688
350.9  13188.953
350.8  12688.769
350.7  12490.052
350.6  12767.228
350.5  12901.557
350.4  12877.719
350.3  12935.012
350.2  12463.585
350.1  12448.873
350  12649.094
349.9  12487.094
349.8  12331.053
349.7  12520.071
349.6  12457.009
349.5  12370.876
349.4  12415.914
349.3  12087.54
349.2  12742.943
349.1  12619.648
349  12421.454
348.9  12296.961
348.8  12354.63
348.7  12345.801
348.6  12238.04
348.5  11896.223
348.4  12500.194
348.3  12189.392
348.2  12131.075
348.1  11897.92
348  11934.793
347.9  11929.658
347.8  11883.799
347.7  11875.164
347.6  12060.433
347.5  11675.037
347.4  12085.942
347.3  12034.386
347.2  12354.375
347.1  12321.734
347  12601.828
346.9  12637.798
346.8  12383.105
346.7  12470.371
346.6  12400.814
346.5  12352.143
346.4  12269.366
346.3  12454.871
346.2  12261.501
346.1  12108.941
346  12384.324
345.9  12326.937
345.8  12222.215
345.7  12682.845
345.6  12275.953
345.5  12375.135
345.4  12272.777
345.3  12294.436
345.2  12069.206
345.1  12029.634
345  12080.463
344.9  12658.659
344.8  12282.524
344.7  12283.715
344.6  12298.771
344.5  12683.815
344.4  12432.387
344.3  12668.28
344.2  12786.461
344.1  12469.113
344  12444.599
343.9  12661.98
343.8  13169.759
343.7  13053.567
343.6  12929.523
343.5  13345.179
343.4  12946.624
343.3  12965.992
343.2  13243.972
343.1  13499.475
343  12753.199
342.9  13581.889
342.8  13578.126
342.7  13768.752
342.6  13905.33
342.5  13808.245
342.4  14079.027
342.3  14042.87
342.2  14065.002
342.1  14176.291
342  14179.725
341.9  14260.594
341.8  14456.371
341.7  14585.034
341.6  14729.794
341.5  14573.054
341.4  14666.331
341.3  15013.053
341.2  14768.058
341.1  15040.826
341  15383.095
340.9  15603.352
340.8  15136.531
340.7  15201.016
340.6  15957.779
340.5  15563.18
340.4  15335.588
340.3  14991.226
340.2  15598.393
340.1  15340.156
340  15361.494
339.9  15544.051
339.8  15639.866
339.7  15680.514
339.6  15735.597
339.5  15722.67
339.4  15615.917
339.3  15565.046
339.2  15745.544
339.1  15422.636
339  15218.351
338.9  15305.388
338.8  15182.771
338.7  15590.789
338.6  15614.98
338.5  15232.574
338.4  15301.486
338.3  15691.967
338.2  15344.406
338.1  15477.613
338  14939.287
337.9  15288.128
337.8  15289.578
337.7  14726.093
337.6  15536.087
337.5  15401.104
337.4  15635.101
337.3  15538.529
337.2  15373.3
337.1  15082.486
337  15267.024
336.9  14912.949
336.8  14881.359
336.7  15209.459
336.6  14922.725
336.5  14668.106
336.4  14849.52
336.3  15214.744
336.2  15121.506
336.1  14658.98
336  14678.638
335.9  14810.557
335.8  14555.865
335.7  14848.953
335.6  14651.915
335.5  14425.838
335.4  14823.475
335.3  14608.371
335.2  14443.128
335.1  14311.605
335  14155.977
334.9  14051.392
334.8  13803.192
334.7  13681.587
334.6  13874.61
334.5  13275.867
334.4  13362.961
334.3  13757.394
334.2  13865.805
334.1  13129.838
334  12740.044
333.9  12926.389
333.8  12787.561
333.7  12476.237
333.6  12523.532
333.5  12316.825
333.4  12528.658
333.3  12113.867
333.2  11513.502
333.1  11782.055
333  12222.376
332.9  11880.176
332.8  11449.301
332.7  11574.407
332.6  11354.484
332.5  11300.71
332.4  11260.012
332.3  11177.282
332.2  10782.875
332.1  10933.705
332  10890.322
331.9  10710.065
331.8  10921.915
331.7  10678.722
331.6  10721.809
331.5  10635.971
331.4  10857.795
331.3  10840.079
331.2  10426.112
331.1  10334.811
331  10516.072
330.9  10135.761
330.8  10435.904
330.7  10416.932
330.6  10469.001
330.5  10533.989
330.4  10329.743
330.3  9950.0003
330.2  9466.5585
330.1  9976.6699
330  10014.949
329.9  9678.296
329.8  10038.711
329.7  9704.5811
329.6  9673.1835
329.5  9751.9414
329.4  9544.1878
329.3  9663.1417
329.2  9685.2248
329.1  9637.6511
329  9745.8858
328.9  9916.5646
328.8  9666.2854
328.7  9906.4843
328.6  9796.9526
328.5  9486.8647
328.4  9679.8141
328.3  9524.0722
328.2  9670.442
328.1  9455.5544
328  9330.3513
327.9  9549.181
327.8  10105.308
327.7  9664.2544
327.6  9108.1137
327.5  9352.0215
327.4  9338.8355
327.3  9564.8568
327.2  9298.9771
327.1  9235.189
327  9000.7655
326.9  9252.7994
326.8  9268.1758
326.7  9342.6806
326.6  9376.6352
326.5  9514.8632
326.4  9546.8501
326.3  9442.2524
326.2  9397.2183
326.1  9251.7974
326  9382.2019
325.9  9072.6299
325.8  8906.8742
325.7  9175.8012
325.6  9088.4635
325.5  9159.8005
325.4  9052.8803
325.3  9386.0551
325.2  9269.6133
325.1  9114.4605
325  8861.8562
324.9  9213.9245
324.8  9235.3389
324.7  8987.5819
324.6  9084.1727
324.5  8618.6251
324.4  8711.2736
324.3  8809.6391
324.2  8837.1241
324.1  8737.3267
324  9042.2024
323.9  8811.1065
323.8  9145.313
323.7  8919.2081
323.6  8879.0063
323.5  8920.3138
323.4  8981.8561
323.3  8864.7541
323.2  8833.048
323.1  8993.4814
323  8823.0042
322.9  8953.739
322.8  8792.2605
322.7  8776.0386
322.6  8835.8749
322.5  8912.4873
322.4  8771.3648
322.3  8342.4729
322.2  8397.7063
322.1  8617.7443
322  8634.2278
321.9  8756.812
321.8  8708.3231
321.7  8737.599
321.6  8874.4562
321.5  8937.6581
321.4  8356.3765
321.3  8630.2561
321.2  8626.9313
321.1  8888.1452
321  8691.7158
320.9  8847.318
320.8  9055.3314
320.7  8802.7421
320.6  8877.8049
320.5  8316.4124
320.4  8272.8414
320.3  8572.7267
320.2  8518.8678
320.1  8718.0122
320  8501.3948
319.9  8599.0934
319.8  8626.9453
319.7  8546.6786
319.6  8389.6444
319.5  8623.2281
319.4  8131.8348
319.3  8294.5587
319.2  8303.3361
319.1  8270.5193
319  8320.7132
318.9  8073.5096
318.8  8351.0962
318.7  8346.5914
318.6  8377.3953
318.5  8124.4465
318.4  8371.0228
318.3  8588.7675
318.2  8282.651
318.1  8437.2158
318  8633.1323
317.9  8774.1472
317.8  8513.2099
317.7  8456.1168
317.6  8497.9407
317.5  8553.466
317.4  8508.4868
317.3  8584.6366
317.2  8459.2696
317.1  8327.0587
317  8392.9924
316.9  8268.7488
316.8  8063.3279
316.7  8267.7445
316.6  8432.3684
316.5  8419.9412
316.4  8212.5902
316.3  8156.8747
316.2  8090.387
316.1  8059.443
316  8182.0553
315.9  8307.8345
315.8  8161.8463
315.7  8250.3396
315.6  8309.1216
315.5  8050.4583
315.4  8162.6191
315.3  8057.1685
315.2  8247.5067
315.1  8797.3204
315  8154.0093
314.9  8201.7866
314.8  7876.6576
314.7  8365.6974
314.6  8503.7954
314.5  8468.2039
314.4  8314.6537
314.3  8133.6925
314.2  8173.0689
314.1  8202.8948
314  7980.8761
313.9  8082.0382
313.8  7917.0482
313.7  8495.2448
313.6  7940.8892
313.5  8452.8318
313.4  8657.4582
313.3  8392.3568
313.2  8332.3709
313.1  8306.1563
313  8073.3921
312.9  8445.8521
312.8  8180.0074
312.7  8074.7152
312.6  8222.9657
312.5  8183.0572
312.4  7819.7995
312.3  7917.6707
312.2  8163.6518
312.1  8086.2169
312  8421.2874
311.9  8269.066
311.8  8061.9754
311.7  8598.3036
311.6  8029.0814
311.5  8105.8457
311.4  8100.0936
311.3  7930.5823
311.2  8165.8093
311.1  8310.9445
311  8356.3165
310.9  8192.5626
310.8  8305.8511
310.7  8196.0251
310.6  8147.1589
310.5  8189.9433
310.4  8272.5518
310.3  8405.8748
310.2  8313.9406
310.1  7866.5027
310  8335.5803
309.9  8174.9461
309.8  7892.9124
309.7  8130.7737
309.6  8179.8855
309.5  8167.0996
309.4  7734.9039
309.3  7838.0226
309.2  8114.3877
309.1  7902.0605
309  7758.9412
308.9  8261.921
308.8  8016.7761
308.7  8207.1456
308.6  8034.7092
308.5  8299.6391
308.4  8419.4996
308.3  8475.6473
308.2  8130.4552
308.1  8091.2007
308  8110.6043
307.9  8290.7883
307.8  8296.899
307.7  8178.665
307.6  7955.6839
307.5  7603.5424
307.4  8026.4694
307.3  7987.4293
307.2  8181.22
307.1  8408.8958
307  8170.6946
306.9  8003.021
306.8  7785.957
306.7  7825.8542
306.6  8102.1468
306.5  8261.8383
306.4  7963.5569
306.3  8237.1121
306.2  7927.68
306.1  7844.4042
306  7850.8399
305.9  8081.1348
305.8  7876.4167
305.7  8064.0534
305.6  8300.7668
305.5  8187.9923
305.4  8279.5974
305.3  8015.4764
305.2  7581.2448
305.1  7811.4365
305  8245.1088
304.9  8199.1624
304.8  8077.2214
304.7  8135.177
304.6  7973.0243
304.5  7952.8953
304.4  8250.5299
304.3  7808.1577
304.2  7823.74
304.1  8242.7605
304  7905.935
303.9  7960.3816
303.8  7945.9489
303.7  8223.4105
303.6  7584.917
303.5  7805.4537
303.4  8087.3128
303.3  7920.0627
303.2  7920.3699
303.1  7857.2542
303  8332.6718
302.9  7773.7883
302.8  7816.7267
302.7  7910.2495
302.6  7919.8805
302.5  8030.1466
302.4  8369.7478
302.3  8224.1116
302.2  7666.1182
302.1  7715.0015
302  8050.2047
301.9  7582.1361
301.8  7862.2551
301.7  7738.5623
301.6  7959.7086
301.5  8109.2027
301.4  8102.7746
301.3  8109.414
301.2  7976.2482
301.1  8090.5561
301  8058.8508
300.9  7783.6584
300.8  7889.9305
300.7  8133.7383
300.6  7824.3434
300.5  8005.2024
300.4  8298.8911
300.3  7976.2643
300.2  8018.38
300.1  7914.4498
300  7947.3713
299.9  7917.2791
299.8  7982.378
299.7  8124.6484
299.6  7980.0468
299.5  7911.5888
299.4  7627.463
299.3  7881.7441
299.2  7744.9989
299.1  7758.2929
299  8096.1694
298.9  7938.874
298.8  7778.8053
298.7  7880.0535
298.6  8064.6097
298.5  8050.8283
298.4  7905.3951
298.3  7744.5576
298.2  8104.2114
298.1  8011.9188
298  7956.1299
297.9  7642.1566
297.8  7741.0483
297.7  7879.1906
297.6  8023.2462
297.5  7795.8821
297.4  7987.1383
297.3  8124.7339
297.2  7932.7588
297.1  7683.8115
297  8055.3511
296.9  7884.1487
296.8  7705.0136
296.7  7918.7211
296.6  7864.347
296.5  7791.966
296.4  7509.5662
296.3  7713.3974
296.2  7786.2016
296.1  8108.2135
296  7871.6748
295.9  8034.0592
295.8  8166.7776
295.7  7879.6721
295.6  7794.9176
295.5  7908.9374
295.4  8016.4294
295.3  7802.2747
295.2  7801.6839
295.1  7885.4093
295  8130.7217

# Region:                       Au 4d
# Spectrum ID:                  18
# Acquisition Date:             07/23/26 15:35:12 UTC
# Analysis Method:              XPS
# Analyzer:                     PHOIBOS MCD5 Analyzer
# Analyzer Lens:                LargeArea:1.5kV
# Analyzer Slit:                5:7x20\B:open
# Scan Mode:                    FixedAnalyzerTransmission
# Curves/Scan:                  1
# Values/Curve:                 901
# Dwell Time:                   0.1
# Excitation Energy:            1486.61
# Binding Energy:               385
# Pass Energy:                  10
# Bias Voltage:                 90
# Detector Voltage:             3000
# Eff. Workfunction:            4.543
# Source:                       X-Ray Dummy
# Comment:                      
#
# Cycle: 0
# Number of Scans: 20
#
# Cycle: 0, Curve: 0
# Acquisition Date:             07/23/26 15:35:12 UTC
#
# ColumnLabels:                 energy counts/s
#
385  522.1793
384.9  562.23986
384.8  550.4341
384.7  534.48802
384.6  547.91082
384.5  528.90109
384.4  543.90868
384.3  561.24468
384.2  529.20413
384.1  547.6137
384  545.75555
383.9  542.7055
383.8  555.2766
383.7  551.71199
383.6  539.38324
383.5  532.76674
383.4  551.1524
383.3  557.05476
383.2  558.59138
383.1  551.71623
383  540.52848
382.9  537.16142
382.8  547.83721
382.7  547.26639
382.6  539.18105
382.5  572.45203
382.4  553.51058
382.3  534.88689
382.2  533.13643
382.1  533.75671
382  520.4904
381.9  553.96704
381.8  552.3323
381.7  544.79126
381.6  523.29537
381.5  553.61162
381.4  535.46979
381.3  543.11236
381.2  548.3449
381.1  542.57578
381  576.63473
380.9  553.91564
380.8  548.24433
380.7  545.0657
380.6  557.49066
380.5  517.72828
380.4  541.64065
380.3  536.82894
380.2  552.47467
380.1  537.66452
380  511.29652
379.9  571.72223
379.8  558.76315
379.7  555.84255
379.6  523.09846
379.5  552.84148
379.4  545.85434
379.3  535.26369
379.2  564.41283
379.1  545.43373
379  545.49381
378.9  524.20662
378.8  567.03553
378.7  542.79684
378.6  553.18958
378.5  552.766
378.4  548.95205
378.3  554.65297
378.2  550.49173
378.1  546.63085
378  571.11789
377.9  564.664
377.8  540.81919
377.7  530.44072
377.6  541.43693
377.5  517.91109
377.4  544.93089
377.3  544.9183
377.2  550.74978
377.1  555.70386
377  554.19208
376.9  550.59125
376.8  544.77258
376.7  575.61163
376.6  541.36254
376.5  554.66089
376.4  526.34668
376.3  542.64981
376.2  545.23993
376.1  562.13139
376  570.30463
375.9  510.315
375.8  554.32323
375.7  559.67189
375.6  532.34483
375.5  543.97833
375.4  574.51997
375.3  550.81462
375.2  572.3617
375.1  524.5546
375  532.29123
374.9  565.35033
374.8  544.79193
374.7  538.75796
374.6  540.10061
374.5  554.2094
374.4  566.90932
374.3  563.362
374.2  543.37635
374.1  576.49366
374  582.22431
373.9  559.14012
373.8  533.48057
373.7  550.13293
373.6  574.51378
373.5  574.08072
373.4  557.21068
373.3  560.45038
373.2  555.98844
373.1  590.44303
373  582.00385
372.9  557.17434
372.8  533.77815
372.7  552.77432
372.6  570.85685
372.5  546.97744
372.4  547.93126
372.3  540.77164
372.2  563.71547
372.1  575.02954
372  560.86709
371.9  584.34838
371.8  571.69191
371.7  568.82934
371.6  569.82439
371.5  549.41533
371.4  579.75622
371.3  533.09204
371.2  562.5897
371.1  554.3484
371  565.12573
370.9  565.53933
370.8  540.43369
370.7  566.57024
370.6  575.57919
370.5  577.37707
370.4  549.05933
370.3  552.85423
370.2  574.56856
370.1  573.0996
370  534.22165
369.9  545.49606
369.8  551.84096
369.7  574.79987
369.6  552.19966
369.5  557.24361
369.4  562.58265
369.3  579.2001
369.2  558.73022
369.1  538.08728
369  575.21071
368.9  551.99661
368.8  578.37226
368.7  544.88763
368.6  558.55051
368.5  574.65413
368.4  580.6374
368.3  547.1974
368.2  563.31715
368.1  535.34955
368  544.43405
367.9  554.42553
367.8  575.42954
367.7  585.76421
367.6  562.43116
367.5  551.57958
367.4  567.97192
367.3  561.50757
367.2  549.82765
367.1  558.45404
367  593.53694
366.9  578.28535
366.8  581.60636
366.7  585.89665
366.6  573.3437
366.5  556.64284
366.4  550.20019
366.3  546.47226
366.2  575.95564
366.1  578.79495
366  575.69708
365.9  572.16363
365.8  575.95546
365.7  557.1101
365.6  569.08413
365.5  549.88669
365.4  572.08209
365.3  556.10487
365.2  583.73867
365.1  572.82001
365  552.37173
364.9  572.22316
364.8  562.24466
364.7  574.07268
364.6  580.42693
364.5  576.3583
364.4  588.80043
364.3  587.87038
364.2  568.90353
364.1  591.02905
364  579.08723
363.9  579.9538
363.8  593.02655
363.7  583.3519
363.6  616.08671
363.5  592.66026
363.4  602.75079
363.3  583.07946
363.2  582.8212
363.1  578.8575
363  571.0656
362.9  597.62762
362.8  635.15621
362.7  622.34352
362.6  608.29733
362.5  600.34443
362.4  610.87309
362.3  621.63319
362.2  591.45907
362.1  590.46679
362  573.29441
361.9  606.24863
361.8  577.02183
361.7  617.67663
361.6  626.91334
361.5  589.85529
361.4  625.57577
361.3  581.48555
361.2  611.75251
361.1  598.26133
361  594.94349
360.9  617.52074
360.8  630.54178
360.7  622.57553
360.6  607.63331
360.5  654.75275
360.4  609.16835
360.3  632.95803
360.2  631.03169
360.1  645.65809
360  647.27847
359.9  630.65262
359.8  658.24111
359.7  647.15034
359.6  632.65933
359.5  648.49992
359.4  665.88667
359.3  660.79741
359.2  644.06786
359.1  700.39831
359  687.3756
358.9  680.69895
358.8  679.93263
358.7  692.52652
358.6  653.46068
358.5  707.30172
358.4  675.41199
358.3  695.66988
358.2  674.1178
358.1  700.1466
358  690.84211
357.9  699.60886
357.8  655.44119
357.7  691.09163
357.6  695.78045
357.5  721.76975
357.4  699.09476
357.3  707.10477
357.2  708.93153
357.1  657.86766
357  683.40811
356.9  672.41708
356.8  670.89724
356.7  705.42947
356.6  687.33257
356.5  666.70811
356.4  668.70603
356.3  681.8774
356.2  692.3387
356.1  676.50222
356  652.68559
355.9  662.32209
355.8  663.69558
355.7  668.02452
355.6  652.5112
355.5  679.49662
355.4  668.20046
355.3  649.08654
355.2  637.56543
355.1  656.26456
355  675.73755
354.9  658.44714
354.8  640.89408
354.7  649.90867
354.6  648.3569
354.5  634.67486
354.4  638.93135
354.3  660.50912
354.2  631.74485
354.1  613.11401
354  647.46159
353.9  620.83685
353.8  638.66873
353.7  656.86034
353.6  616.87875
353.5  603.59135
353.4  625.54163
353.3  616.00298
353.2  623.25547
353.1  613.77231
353  627.4653
352.9  618.46529
352.8  616.33113
352.7  634.23133
352.6  609.04838
352.5  612.23589
352.4  625.1215
352.3  584.91218
352.2  590.00958
352.1  606.24556
352  586.79666
351.9  587.4976
351.8  588.39111
351.7  625.51113
351.6  558.91601
351.5  542.18162
351.4  611.32914
351.3  594.18242
351.2  588.8192
351.1  581.38346
351  600.13028
350.9  580.92068
350.8  581.44016
350.7  577.67607
350.6  585.55206
350.5  557.43423
350.4  582.62458
350.3  544.81224
350.2  560.35221
350.1  566.68391
350  577.99464
349.9  576.76512
349.8  553.35173
349.7  524.33146
349.6  580.33327
349.5  571.88017
349.4  532.01307
349.3  571.14426
349.2  557.59474
349.1  561.33432
349  564.13406
348.9  557.62503
348.8  530.08783
348.7  550.86344
348.6  558.47525
348.5  596.1214
348.4  562.31746
348.3  578.15291
348.2  585.84667
348.1  580.44229
348  558.59996
347.9  546.30769
347.8  540.14086
347.7  571.70141
347.6  575.07256
347.5  590.88437
347.4  569.04878
347.3  590.78945
347.2  598.82495
347.1  588.81903
347  595.08631
346.9  580.69377
346.8  573.27597
346.7  578.00622
346.6  563.34507
346.5  586.24561
346.4  586.61957
346.3  595.55192
346.2  563.50923
346.1  576.06491
346  560.71531
345.9  566.41694
345.8  593.01139
345.7  569.68189
345.6  556.93591
345.5  572.3392
345.4  576.12707
345.3  580.36094
345.2  578.42426
345.1  591.54821
345  588.36223
344.9  583.96079
344.8  576.97214
344.7  602.29214
344.6  595.09026
344.5  588.51853
344.4  574.08866
344.3  582.40072
344.2  594.45957
344.1  586.04415
344  588.14252
343.9  587.27283
343.8  588.87249
343.7  580.16242
343.6  588.37895
343.5  614.52885
343.4  582.05212
343.3  597.7862
343.2  599.88133
343.1  614.01089
343  597.82819
342.9  603.38824
342.8  632.43011
342.7  610.90137
342.6  630.47273
342.5  612.54413
342.4  613.41377
342.3  623.68772
342.2  639.89059
342.1  652.9334
342  689.18843
341.9  638.4308
341.8  651.91516
341.7  684.61612
341.6  690.89598
341.5  696.97262
341.4  663.09439
341.3  681.96794
341.2  669.50711
341.1  697.94516
341  684.2335
340.9  679.69759
340.8  713.94097
340.7  694.28248
340.6  709.72262
340.5  692.47674
340.4  679.72856
340.3  700.87576
340.2  717.69568
340.1  701.78152
340  761.62451
339.9  739.60766
339.8  735.93132
339.7  712.56076
339.6  680.24002
339.5  704.55154
339.4  708.6966
339.3  701.61349
339.2  727.25543
339.1  742.57719
339  702.76333
338.9  696.22993
338.8  708.26913
338.7  679.18058
338.6  686.28816
338.5  696.31277
338.4  703.88574
338.3  666.77287
338.2  678.44717
338.1  635.86982
338  651.30758
337.9  691.23169
337.8  680.67565
337.7  633.65554
337.6  660.28309
337.5  646.64595
337.4  666.71715
337.3  604.43231
337.2  616.19595
337.1  628.63068
337  633.31721
336.9  631.76777
336.8  655.79533
336.7  616.48308
336.6  606.39206
336.5  610.67717
336.4  601.20628
336.3  619.24808
336.2  633.38838
336.1  607.97743
336  628.36448
335.9  621.23237
335.8  608.62693
335.7  591.47713
335.6  595.80286
335.5  605.62692
335.4  600.53598
335.3  591.2705
335.2  583.28576
335.1  609.0943
335  598.32112
334.9  571.85542
334.8  553.93068
334.7  570.65515
334.6  568.05414
334.5  565.16896
334.4  571.51133
334.3  545.87951
334.2  550.14002
334.1  563.02053
334  547.71945
333.9  535.41732
333.8  564.4778
333.7  557.79826
333.6  540.14487
333.5  518.78394
333.4  505.3096
333.3  536.68743
333.2  542.69432
333.1  554.22536
333  544.38858
332.9  515.10464
332.8  513.6791
332.7  518.26622
332.6  497.53574
332.5  485.41936
332.4  505.37003
332.3  519.49541
332.2  514.14991
332.1  507.97461
332  506.15957
331.9  518.18579
331.8  502.55701
331.7  505.53145
331.6  487.22901
331.5  480.50783
331.4  486.59225
331.3  493.25406
331.2  514.44232
331.1  500.75877
331  521.29805
330.9  483.19687
330.8  498.88052
330.7  484.56232
330.6  485.64904
330.5  494.28592
330.4  501.85119
330.3  488.67982
330.2  497.51443
330.1  496.44929
330  515.54903
329.9  496.62573
329.8  475.9771
329.7  517.58007
329.6  495.15424
329.5  463.46055
329.4  482.18463
329.3  493.92695
329.2  493.7526
329.1  496.09755
329  502.82812
328.9  485.33959
328.8  465.41006
328.7  505.88272
328.6  503.37263
328.5  491.13351
328.4  476.99192
328.3  466.93637
328.2  481.24064
328.1  465.90311
328  473.44198
327.9  475.72147
327.8  467.21454
327.7  470.38628
327.6  493.43081
327.5  481.11818
327.4  466.28483
327.3  482.23693
327.2  465.24938
327.1  469.05747
327  475.3943
326.9  431.68159
326.8  449.22592
326.7  460.53704
326.6  460.87973
326.5  444.87008
326.4  458.39843
326.3  466.46133
326.2  464.71128
326.1  483.95519
326  479.95421
325.9  472.15999
325.8  477.175
325.7  476.38913
325.6  465.49454
325.5  465.34618
325.4  452.37264
325.3  447.32943
325.2  459.9511
325.1  467.03249
325  474.87657
324.9  453.54741
324.8  440.96501
324.7  454.62957
324.6  464.75708
324.5  468.38988
324.4  471.76499
324.3  452.40514
324.2  433.25607
324.1  473.95896
324  460.20968
323.9  453.90518
323.8  455.01195
323.7  467.44722
323.6  447.13211
323.5  453.98044
323.4  455.42523
323.3  446.02452
323.2  457.81826
323.1  454.70987
323  455.80998
322.9  456.92057
322.8  470.43637
322.7  437.50083
322.6  442.52781
322.5  419.55001
322.4  451.29975
322.3  460.30009
322.2  450.06287
322.1  470.13338
322  479.48901
321.9  469.22674
321.8  443.9995
321.7  443.74827
321.6  481.00647
321.5  465.41669
321.4  449.89757
321.3  467.37911
321.2  454.53937
321.1  442.32205
321  434.6797
320.9  437.64172
320.8  457.34867
320.7  422.62846
320.6  429.4788
320.5  467.40464
320.4  450.24519
320.3  432.09681
320.2  450.65352
320.1  456.56499
320  446.16696
319.9  464.67612
319.8  438.32917
319.7  431.31813
319.6  438.45445
319.5  422.03983
319.4  453.10996
319.3  433.56361
319.2  439.17007
319.1  447.9219
319  470.38974
318.9  448.87833
318.8  435.114
318.7  440.93502
318.6  450.62957
318.5  459.085
318.4  453.38542
318.3  441.61623
318.2  434.7264
318.1  449.93191
318  425.60798
317.9  422.50188
317.8  454.7165
317.7  450.65402
317.6  460.63848
317.5  450.6612
317.4  431.95797
317.3  428.65039
317.2  427.14732
317.1  450.01615
317  429.53217
316.9  433.31261
316.8  461.22956
316.7  426.3969
316.6  450.02764
316.5  451.07233
316.4  458.55219
316.3  439.01226
316.2  419.15187
316.1  434.49772
316  451.67898
315.9  439.82564
315.8  431.62247
315.7  448.7162
315.6  426.76588
315.5  427.80653
315.4  423.30337
315.3  424.49534
315.2  411.78356
315.1  420.00202
315  435.62116
314.9  420.53323
314.8  454.07553
314.7  447.03973
314.6  420.16813
314.5  424.21337
314.4  439.70613
314.3  432.14787
314.2  431.46367
314.1  413.22015
314  458.74513
313.9  437.93375
313.8  420.57948
313.7  434.81662
313.6  457.18804
313.5  444.19249
313.4  437.80171
313.3  441.86373
313.2  437.09496
313.1  458.29752
313  440.26238
312.9  423.86326
312.8  437.97653
312.7  449.67136
312.6  434.57825
312.5  453.09529
312.4  441.90558
312.3  417.85679
312.2  416.48349
312.1  437.89686
312  432.94147
311.9  444.33662
311.8  437.05522
311.7  457.26849
311.6  446.65651
311.5  435.6225
311.4  428.06958
311.3  439.87716
311.2  426.13592
311.1  435.17661
311  414.90368
310.9  447.25318
310.8  409.71199
310.7  440.23206
310.6  442.99687
310.5  420.14288
310.4  449.33873
310.3  424.46288
310.2  430.92189
310.1  436.46894
310  420.27389
309.9  436.92642
309.8  435.61056
309.7  421.48085
309.6  441.64323
309.5  443.99908
309.4  426.76558
309.3  409.24666
309.2  413.14059
309.1  407.87656
309  404.25431
308.9  442.20223
308.8  432.43925
308.7  413.72577
308.6  402.18682
308.5  431.04192
308.4  431.39973
308.3  420.71619
308.2  437.04157
308.1  432.27548
308  451.45467
307.9  422.75114
307.8  426.64255
307.7  439.30491
307.6  416.2702
307.5  455.89359
307.4  433.07996
307.3  425.49354
307.2  454.40599
307.1  416.76433
307  419.50345
306.9  436.60008
306.8  414.67597
306.7  439.28207
306.6  431.01682
306.5  429.30306
306.4  433.80958
306.3  428.98763
306.2  437.91352
306.1  428.63428
306  423.18684
305.9  400.47629
305.8  437.44957
305.7  431.60979
305.6  424.80272
305.5  428.02484
305.4  434.60841
305.3  432.05884
305.2  415.27347
305.1  416.74884
305  417.76031
304.9  418.83871
304.8  437.54079
304.7  426.33308
304.6  412.35812
304.5  423.62282
304.4  419.2904
304.3  426.65001
304.2  420.77604
304.1  447.7546
304  412.15265
303.9  419.71941
303.8  410.91983
303.7  412.27663
303.6  428.33086
303.5  435.33429
303.4  405.26166
303.3  405.6358
303.2  447.89873
303.1  450.794
303  424.62136
302.9  418.91466
302.8  438.28774
302.7  428.69488
302.6  426.80723
302.5  445.55939
302.4  425.60544
302.3  413.77642
302.2  440.66886
302.1  420.82445
302  449.85283
301.9  421.85876
301.8  450.83444
301.7  414.80103
301.6  412.57432
301.5  429.41699
301.4  421.24506
301.3  428.79406
301.2  428.20578
301.1  429.97475
301  438.67634
300.9  428.85902
300.8  419.84028
300.7  436.92294
300.6  415.81102
300.5  419.21022
300.4  435.03735
300.3  422.72346
300.2  422.06085
300.1  431.14846
300  402.15864
299.9  425.86429
299.8  440.15533
299.7  448.27298
299.6  441.10519
299.5  413.14449
299.4  389.59528
299.3  440.25373
299.2  408.1784
299.1  425.47059
299  456.45508
298.9  427.63518
298.8  424.33925
298.7  430.63094
298.6  431.77119
298.5  439.02352
298.4  443.2449
298.3  448.78995
298.2  441.28464
298.1  439.54247
298  427.99412
297.9  450.20042
297.8  407.98411
297.7  449.95704
297.6  439.75212
297.5  400.70467
297.4  437.66447
297.3  409.93302
297.2  399.68821
297.1  398.28352
297  427.0859
296.9  416.68099
296.8  432.29711
296.7  441.82378
296.6  432.10967
296.5  407.56184
296.4  420.88659
296.3  419.62048
296.2  430.76015
296.1  432.91453
296  409.88399
295.9  412.35926
295.8  416.30022
295.7  420.50459
295.6  424.99751
295.5  403.7443
295.4  414.07504
295.3  423.45467
295.2  446.89243
295.1  435.15443
295  400.06129

# Group:                        Spectrum Group
#
