# Created by:        SpecsLab Prodigy, Version 4.79.1-r98952 
#
# XY-Serializer Export Settings:
#   Comment Prefix:           #
#   Output Meta Data:         yes
#   Energy Axis:              Binding Energy
#   Count Rate:               Counts per Second
#   Separate Scan Data:       no
#   Separate Channel Data:    no
#   External Channel Data:    yes
#   Transmission Function:    no
#   Error Bar:                no
#   Operation Results:        yes
#   Time Zone Format:         UTC
#
# Group:                        Spectrum Group
#
# Region:                       Overall
# Spectrum ID:                  1
# Acquisition Date:             07/07/26 13:41:50 UTC
# Analysis Method:              XPS
# Analyzer:                     PHOIBOS MCD5 Analyzer
# Analyzer Lens:                LargeArea:1.5kV
# Analyzer Slit:                5:7x20\B:open
# Scan Mode:                    FixedAnalyzerTransmission
# Curves/Scan:                  1
# Values/Curve:                 1002
# Dwell Time:                   0.125
# Excitation Energy:            1486.61
# Binding Energy:               1000
# Pass Energy:                  50
# Bias Voltage:                 90
# Detector Voltage:             3000
# Eff. Workfunction:            4.543
# Source:                       X-Ray Dummy
# Comment:                      
#
# Cycle: 0
# Number of Scans: 4
#
# Cycle: 0, Curve: 0
# Acquisition Date:             07/07/26 13:41:50 UTC
#
# ColumnLabels:                 energy counts/s
#
1000  22230.899
999.001  22115.072
998.002  21771.295
997.003  21370.017
996.004  20970.31
995.005  20830.267
994.00599  20775.637
993.00699  20693.109
992.00799  20660.737
991.00899  20801.202
990.00999  21071.889
989.01099  21733.818
988.01199  22540.12
987.01299  23704.592
986.01399  25118.146
985.01499  26046.417
984.01598  26271.686
983.01698  25744.267
982.01798  24891.581
981.01898  23979.008
980.01998  23197.03
979.02098  22347.79
978.02198  21618.875
977.02298  20767.546
976.02398  20045.912
975.02498  19542.931
974.02597  18966.966
973.02697  18409.755
972.02797  18012.911
971.02897  17239.785
970.02997  16923.667
969.03097  16657.454
968.03197  16531.649
967.03297  16360.425
966.03397  16202.27
965.03497  16517.56
964.03596  16526.664
963.03696  16358.973
962.03796  16433.014
961.03896  16242.656
960.03996  16177.166
959.04096  16301.489
958.04196  16314.968
957.04296  16382.881
956.04396  16085.791
955.04496  15822.136
954.04595  16125.369
953.04695  16302.116
952.04795  16224.989
951.04895  16163.366
950.04995  16251.554
949.05095  16224.297
948.05195  16119.288
947.05295  16121.022
946.05395  16245.55
945.05495  16193.769
944.05594  16262.083
943.05694  16003.519
942.05794  15949.381
941.05894  16133.325
940.05994  16297.046
939.06094  16450.249
938.06194  16243.416
937.06294  16223.173
936.06394  16239.407
935.06494  16318.784
934.06593  16131.923
933.06693  16197.05
932.06793  16163.117
931.06893  16278.018
930.06993  16227.697
929.07093  16149.971
928.07193  16308.96
927.07293  16180.064
926.07393  16228.363
925.07493  16438.201
924.07592  16305.99
923.07692  16118.877
922.07792  15929.427
921.07892  16156.528
920.07992  16320.465
919.08092  16126.36
918.08192  15998.75
917.08292  15936.128
916.08392  15917.414
915.08492  16073.295
914.08591  16045.29
913.08691  16175.014
912.08791  16071.089
911.08891  16221.22
910.08991  15993.062
909.09091  15917.238
908.09191  15995.002
907.09291  16111.632
906.09391  16154.12
905.09491  16080.297
904.0959  16288.64
903.0969  16266.259
902.0979  16148.87
901.0989  16000.224
900.0999  15745.545
899.1009  15930.997
898.1019  15979.521
897.1029  16011.07
896.1039  16071.472
895.1049  16159.518
894.10589  16058.44
893.10689  15989.238
892.10789  15927.567
891.10889  15972.466
890.10989  16118.008
889.11089  16050.026
888.11189  15783.593
887.11289  15767.895
886.11389  15785.547
885.11489  15813.083
884.11588  15925.09
883.11688  15905.532
882.11788  15989.138
881.11888  15859.353
880.11988  15841.508
879.12088  16106.935
878.12188  16366.263
877.12288  15978.237
876.12388  15715.669
875.12488  15560.384
874.12587  15607.483
873.12687  15700.456
872.12787  15854.308
871.12887  15927.985
870.12987  15774.433
869.13087  15814.818
868.13187  15782.222
867.13287  15660.626
866.13387  15692.772
865.13487  15888.99
864.13586  16041.816
863.13686  15757.216
862.13786  15616.895
861.13886  15691.078
860.13986  15758.169
859.14086  15844.168
858.14186  15893.97
857.14286  15692.007
856.14386  15787.723
855.14486  15886.894
854.14585  15777.557
853.14685  15740.472
852.14785  15739.678
851.14885  15779.515
850.14985  15812.688
849.15085  15750.426
848.15185  15799.628
847.15285  15769.054
846.15385  15717.612
845.15485  15589.51
844.15584  15586.441
843.15684  15611.338
842.15784  15685.945
841.15884  15748.931
840.15984  15673.78
839.16084  15678.061
838.16184  15632.336
837.16284  15579.179
836.16384  15446.312
835.16484  15444.419
834.16583  15224.985
833.16683  15188.771
832.16783  15248.076
831.16883  15110.042
830.16983  15133.779
829.17083  15090.155
828.17183  15079.531
827.17283  14986.096
826.17383  14953.233
825.17483  15059.365
824.17582  15002.49
823.17682  14958.487
822.17782  15012.079
821.17882  14954.87
820.17982  14753.287
819.18082  15104.041
818.18182  15140.649
817.18282  15075.211
816.18382  14888.206
815.18482  14844.238
814.18581  14891.632
813.18681  14916.55
812.18781  15162.894
811.18881  15295.802
810.18981  15149.779
809.19081  15162.533
808.19181  15098.613
807.19281  15049.001
806.19381  15195.738
805.19481  15270.44
804.1958  15196.356
803.1968  15149.985
802.1978  15320.911
801.1988  15262.029
800.1998  15117.633
799.2008  14978.765
798.2018  14892.621
797.2028  15045.17
796.2038  15247.59
795.2048  14964.919
794.20579  14992.251
793.20679  15245.322
792.20779  15439.412
791.20879  15495.481
790.20979  15640.524
789.21079  15667.304
788.21179  15562.699
787.21279  15605.646
786.21379  15488.648
785.21479  15311.408
784.21578  15045.879
783.21678  14867.081
782.21778  14895.058
781.21878  14870.358
780.21978  14903.973
779.22078  14871.693
778.22178  14904.514
777.22278  14720.227
776.22378  14565.925
775.22478  14678.677
774.22577  14785.955
773.22677  14806.833
772.22777  14765.723
771.22877  14907.054
770.22977  15086.521
769.23077  15059.608
768.23177  14839.804
767.23277  14740.796
766.23377  14750.472
765.23477  14620.385
764.23576  14660.722
763.23676  14565.22
762.23776  14547.736
761.23876  14500.931
760.23976  14243.85
759.24076  14098.549
758.24176  13976.039
757.24276  14168.943
756.24376  14231.199
755.24476  14086.844
754.24575  14053.856
753.24675  14127.26
752.24775  14052.818
751.24875  13820.187
750.24975  14188.103
749.25075  14501.024
748.25175  14967.915
747.25275  16286.768
746.25375  17361.418
745.25475  17307.906
744.25574  16444.317
743.25674  15341.565
742.25774  14567.205
741.25874  14107.705
740.25974  13804.561
739.26074  13849.102
738.26174  13877.141
737.26274  13475.412
736.26374  13674.682
735.26474  13932.92
734.26573  13886.843
733.26673  13724.323
732.26773  13872.4
731.26873  13766.273
730.26973  13535.267
729.27073  13603.601
728.27173  13756.608
727.27273  13764.295
726.27373  13756.975
725.27473  13731.686
724.27572  13702.784
723.27672  13778.594
722.27772  13709.141
721.27872  13590.882
720.27972  13610.807
719.28072  13753.841
718.28172  13668.371
717.28272  13622.132
716.28372  13523.507
715.28472  13479.23
714.28571  13325.431
713.28671  13343.012
712.28771  13630.251
711.28871  13710.83
710.28971  13325.008
709.29071  13271.696
708.29171  13369.899
707.29271  13237.413
706.29371  12964.278
705.29471  12894.305
704.2957  12937.266
703.2967  12919.837
702.2977  13071.434
701.2987  13128.615
700.2997  13158.816
699.3007  13001.135
698.3017  12892.591
697.3027  12847.042
696.3037  12896.469
695.3047  12855.473
694.30569  12848.134
693.30669  12975.365
692.30769  13053.64
691.30869  13067.759
690.30969  12972.734
689.31069  12861.4
688.31169  12897.771
687.31269  13037.007
686.31369  12926.327
685.31469  12738.967
684.31568  12770.101
683.31668  12841.879
682.31768  12930.33
681.31868  12994.663
680.31968  12961.129
679.32068  13016.952
678.32168  13037.92
677.32268  13002.323
676.32368  12979.712
675.32468  13158.218
674.32567  13193.477
673.32667  13017.638
672.32767  12991.172
671.32867  13084.273
670.32967  13240.524
669.33067  13193.725
668.33167  13013.872
667.33267  12972.592
666.33367  12995.134
665.33467  13086.716
664.33566  13183.514
663.33666  13371.637
662.33766  13336.773
661.33866  13406.096
660.33966  13349.811
659.34066  13252.787
658.34166  13382.072
657.34266  13390.142
656.34366  13313.087
655.34466  13235.879
654.34565  13136.288
653.34665  13199.199
652.34765  13098.616
651.34865  13204.873
650.34965  13221.276
649.35065  13402.381
648.35165  13509.932
647.35265  13388.85
646.35365  13304.677
645.35465  13318.935
644.35564  13388.642
643.35664  13561.724
642.35764  13560.485
641.35864  13395.252
640.35964  13350.682
639.36064  13366.959
638.36164  13316.73
637.36264  13300.848
636.36364  13445.465
635.36464  13284.239
634.36563  13288.885
633.36663  13377.423
632.36763  13409.262
631.36863  13345.584
630.36963  13288.385
629.37063  13163.707
628.37163  13037.196
627.37263  13246.76
626.37363  13319.51
625.37463  13265.329
624.37562  13238.258
623.37662  13243.452
622.37762  13154.504
621.37862  13399.051
620.37962  13272.006
619.38062  13295.642
618.38162  13363.782
617.38262  13231.54
616.38362  13060.812
615.38462  13158.045
614.38561  13330.294
613.38661  13237.083
612.38761  13142.796
611.38861  13208.365
610.38961  13423.574
609.39061  13278.245
608.39161  13206.307
607.39261  13422.07
606.39361  13347.867
605.39461  13420.228
604.3956  13453.324
603.3966  13412.971
602.3976  13662.91
601.3986  13559.743
600.3996  13254.632
599.4006  13079.143
598.4016  13244.915
597.4026  13333.534
596.4036  13288.662
595.4046  13465.646
594.40559  13460.57
593.40659  13330.408
592.40759  13563.606
591.40859  13637.667
590.40959  13619.213
589.41059  13693.085
588.41159  13791.538
587.41259  13752.233
586.41359  13714.411
585.41459  13731.783
584.41558  13840.004
583.41658  13706.844
582.41758  13736.525
581.41858  13651.807
580.41958  13532.92
579.42058  13632.667
578.42158  13606.008
577.42258  13409.108
576.42358  13463.162
575.42458  13473.295
574.42557  13458.762
573.42657  13393.866
572.42757  13296.652
571.42857  13215.361
570.42957  13095.439
569.43057  13168.743
568.43157  13384.172
567.43257  13551.034
566.43357  13863.921
565.43457  14120.035
564.43556  14423.301
563.43656  14564.885
562.43756  14924.58
561.43856  15060.963
560.43956  14741.411
559.44056  14310.585
558.44156  14350.21
557.44256  14131.464
556.44356  13660.694
555.44456  13442.38
554.44555  13527.289
553.44655  13429.08
552.44755  13083.704
551.44855  13002.211
550.44955  12797.63
549.45055  12476.43
548.45155  12059.926
547.45255  11741.49
546.45355  11610.828
545.45455  11166.305
544.45554  10660.673
543.45654  10522.679
542.45754  10616.947
541.45854  11006.716
540.45954  12809.108
539.46054  17077.47
538.46154  23608.954
537.46254  29805.515
536.46354  31070.866
535.46454  26252.193
534.46553  18743.219
533.46653  13284.534
532.46753  11007.668
531.46853  10277.242
530.46953  10094.072
529.47053  9787.2604
528.47153  9861.0749
527.47253  10186.399
526.47353  10199.696
525.47453  10239.433
524.47552  9715.292
523.47652  8988.3409
522.47752  8605.5516
521.47852  8310.4462
520.47952  8128.8461
519.48052  8137.6907
518.48152  8265.3605
517.48252  8387.7225
516.48352  8266.0457
515.48452  8227.0109
514.48551  8370.3295
513.48651  8310.3584
512.48751  8173.3458
511.48851  7981.2871
510.48951  8071.2146
509.49051  8095.1836
508.49151  7893.9459
507.49251  7853.436
506.49351  7957.6098
505.49451  7952.1395
504.4955  7914.3968
503.4965  7913.1219
502.4975  7918.9056
501.4985  7802.0426
500.4995  7753.91
499.5005  7860.7101
498.5015  7798.1948
497.5025  7811.4826
496.5035  7855.1875
495.5045  7719.4076
494.50549  7917.1983
493.50649  7845.5579
492.50749  7678.578
491.50849  7777.6558
490.50949  7908.5339
489.51049  7807.2325
488.51149  7772.7087
487.51249  7663.1843
486.51349  7766.6619
485.51449  7804.9466
484.51548  7764.3151
483.51648  7840.9576
482.51748  7883.0684
481.51848  7688.2693
480.51948  7793.2851
479.52048  7722.204
478.52148  7612.9947
477.52248  7745.6493
476.52348  7785.1876
475.52448  7906.7621
474.52547  7928.6293
473.52647  7844.8931
472.52747  7837.6169
471.52847  7896.4637
470.52947  7796.4766
469.53047  7829.361
468.53147  7973.6265
467.53247  7925.1042
466.53347  7880.5552
465.53447  7941.8062
464.53546  7866.1099
463.53646  7672.7042
462.53746  7706.9065
461.53846  7661.8456
460.53946  7541.5695
459.54046  7473.3712
458.54146  7627.2341
457.54246  7754.2823
456.54346  7641.0585
455.54446  7730.4891
454.54545  7743.4941
453.54645  7745.1495
452.54745  7764.8627
451.54845  7824.5285
450.54945  7853.9004
449.55045  7640.5675
448.55145  7686.7633
447.55245  7774.0982
446.55345  7772.883
445.55445  7795.7359
444.55544  7829.9432
443.55644  7736.4291
442.55744  7724.684
441.55844  7757.3348
440.55944  7707.4707
439.56044  7682.6929
438.56144  7801.2539
437.56244  7832.9289
436.56344  7651.3365
435.56444  7741.8726
434.56543  7887.9616
433.56643  7972.4626
432.56743  8052.5376
431.56843  7965.8869
430.56943  8109.3529
429.57043  7988.4368
428.57143  7737.4746
427.57243  7640.2483
426.57343  7807.3001
425.57443  7847.0795
424.57542  7981.7148
423.57642  8098.1353
422.57742  8160.8576
421.57842  8189.1604
420.57942  8172.6581
419.58042  7958.8214
418.58142  7839.7331
417.58242  7815.3029
416.58342  7739.4547
415.58442  7680.4296
414.58541  7642.7557
413.58641  7667.3395
412.58741  7790.8122
411.58841  7717.6209
410.58941  7635.2592
409.59041  7567.5688
408.59141  7846.5518
407.59241  8114.4554
406.59341  8121.1228
405.59441  8337.6604
404.5954  8633.8283
403.5964  8585.7875
402.5974  8334.0511
401.5984  8094.033
400.5994  7876.2279
399.6004  7604.0325
398.6014  7659.9076
397.6024  7730.2877
396.6034  7585.7517
395.6044  7648.7475
394.60539  7622.1855
393.60639  7525.4041
392.60739  7661.1625
391.60839  7609.8342
390.60939  7532.5397
389.61039  7529.9203
388.61139  7611.8158
387.61239  7635.0242
386.61339  7592.7765
385.61439  7531.8359
384.61538  7454.7013
383.61638  7513.5392
382.61738  7535.4506
381.61838  7471.7662
380.61938  7538.9829
379.62038  7555.1284
378.62138  7639.9905
377.62238  7652.3908
376.62338  7622.8516
375.62438  7597.6583
374.62537  7648.8605
373.62637  7642.9823
372.62737  7636.0181
371.62837  7640.5579
370.62937  7586.8886
369.63037  7526.5323
368.63137  7606.0958
367.63237  7756.8271
366.63337  7864.869
365.63437  7873.3934
364.63536  7807.4343
363.63636  8006.7197
362.63736  8085.9034
361.63836  8043.9572
360.63936  8046.4796
359.64036  8433.5497
358.64136  8618.7339
357.64236  8551.0688
356.64336  8612.4436
355.64436  8487.3706
354.64535  8403.8985
353.64635  8357.2903
352.64735  8380.0518
351.64835  8095.8707
350.64935  7790.8766
349.65035  7599.6041
348.65135  7640.1688
347.65235  7743.085
346.65335  7711.0201
345.65435  7803.3858
344.65534  7892.6716
343.65634  7828.7369
342.65734  8036.7251
341.65834  8318.1135
340.65934  8642.8878
339.66034  8676.3782
338.66134  8450.2296
337.66234  8373.3193
336.66334  8291.9094
335.66434  8234.7257
334.66533  8105.7071
333.66633  7853.0908
332.66733  7568.5862
331.66833  7111.4748
330.66933  6965.2928
329.67033  6977.997
328.67133  6910.8998
327.67233  6869.8704
326.67333  6799.8192
325.67433  6703.8958
324.67532  6609.4299
323.67632  6648.3182
322.67732  6571.9294
321.67832  6562.707
320.67932  6701.3392
319.68032  6604.5039
318.68132  6533.5808
317.68232  6478.1388
316.68332  6552.9952
315.68432  6538.552
314.68531  6465.7284
313.68631  6560.9228
312.68731  6578.8465
311.68831  6502.806
310.68931  6409.8538
309.69031  6278.532
308.69131  6420.1257
307.69231  6537.3475
306.69331  6534.0566
305.69431  6438.8259
304.6953  6293.5117
303.6963  6200.9813
302.6973  6264.3424
301.6983  6304.9462
300.6993  6317.7249
299.7003  6256.6242
298.7013  6200.7346
297.7023  6101.6596
296.7033  6256.4207
295.7043  6326.4361
294.70529  6378.8333
293.70629  6458.3204
292.70729  6546.2479
291.70829  6812.0655
290.70929  7142.0906
289.71029  7344.3991
288.71129  6966.0106
287.71229  6601.8329
286.71329  6554.7769
285.71429  6538.018
284.71528  6511.4939
283.71628  6426.8856
282.71728  6143.886
281.71828  6090.1249
280.71928  6328.3935
279.72028  6300.1672
278.72128  6128.2895
277.72228  6046.3841
276.72328  6043.0911
275.72428  6075.4786
274.72527  6062.2037
273.72627  6043.9692
272.72727  6146.3381
271.72827  6151.2827
270.72927  6069.635
269.73027  6063.8821
268.73127  5986.5207
267.73227  6106.9124
266.73327  6188.8512
265.73427  6094.1651
264.73526  6017.2915
263.73626  6099.4644
262.73726  6093.8844
261.73826  6076.6299
260.73926  6075.0858
259.74026  6171.8619
258.74126  6184.8916
257.74226  6111.477
256.74326  6143.365
255.74426  6174.0741
254.74525  6148.4762
253.74625  6118.0151
252.74725  6172.7683
251.74825  6030.9325
250.74925  6019.9835
249.75025  5885.2292
248.75125  5891.1295
247.75225  5893.4992
246.75325  6016.4983
245.75425  6045.3095
244.75524  6059.4012
243.75624  6164.4614
242.75724  6545.0271
241.75824  6999.9547
240.75924  7076.9433
239.76024  7032.6338
238.76124  7256.5329
237.76224  7122.0065
236.76324  6511.8388
235.76424  6136.3235
234.76523  5958.6703
233.76623  5831.7844
232.76723  5764.9201
231.76823  5807.7084
230.76923  5820.9237
229.77023  5803.5161
228.77123  5764.216
227.77223  5773.3486
226.77323  5702.0944
225.77423  5733.4233
224.77522  5754.5194
223.77622  5718.8951
222.77722  5622.2664
221.77822  5569.4595
220.77922  5618.0314
219.78022  5783.121
218.78122  5830.4421
217.78222  5775.84
216.78322  5615.4849
215.78422  5666.4786
214.78521  5790.8622
213.78621  5763.6145
212.78721  5693.1732
211.78821  5687.9933
210.78921  5609.9885
209.79021  5666.8652
208.79121  5760.9212
207.79221  5625.7766
206.79321  5618.7935
205.79421  5619.3122
204.7952  5722.17
203.7962  5748.5963
202.7972  5692.8983
201.7982  5775.9048
200.7992  5736.2554
199.8002  5718.4858
198.8012  5743.2129
197.8022  5657.1494
196.8032  5784.0188
195.8042  5874.3044
194.80519  5908.3324
193.80619  5890.2717
192.80719  5888.2084
191.80819  5778.4764
190.80919  5702.8385
189.81019  5653.5887
188.81119  5590.259
187.81219  5784.7486
186.81319  5847.4331
185.81419  5743.6708
184.81518  5751.4741
183.81618  5741.904
182.81718  5823.7241
181.81818  5901.5317
180.81918  5851.5275
179.82018  5792.6205
178.82118  5703.9875
177.82218  5773.1593
176.82318  5784.9145
175.82418  5768.0447
174.82517  5788.3913
173.82617  5653.7211
172.82717  5758.8818
171.82817  5715.8569
170.82917  5659.8166
169.83017  5559.7731
168.83117  5476.1694
167.83217  5681.1106
166.83317  5800.2201
165.83417  5824.1306
164.83516  5735.0236
163.83616  5654.6527
162.83716  5632.9249
161.83816  5572.5356
160.83916  5764.9023
159.84016  6137.7762
158.84116  6339.4761
157.84216  6599.1345
156.84316  6856.9239
155.84416  6758.6679
154.84515  6505.204
153.84615  6215.2477
152.84715  5992.3121
151.84815  5801.7167
150.84915  5729.7857
149.85015  5768.1036
148.85115  5668.1269
147.85215  5689.7454
146.85315  5653.492
145.85415  5629.8283
144.85514  5655.5713
143.85614  5662.0745
142.85714  5904.6312
141.85814  5935.4879
140.85914  5865.15
139.86014  5855.1526
138.86114  5664.8338
137.86214  5513.5451
136.86314  5485.7931
135.86414  5429.1288
134.86513  5444.0544
133.86613  5605.6535
132.86713  5641.501
131.86813  5530.3005
130.86913  5583.7914
129.87013  5647.3547
128.87113  5967.2105
127.87213  6662.4372
126.87313  7605.4287
125.87413  8506.5565
124.87512  8697.7444
123.87612  8014.7298
122.87712  6903.5583
121.87812  5955.2944
120.87912  5435.4193
119.88012  5126.1495
118.88112  4993.7131
117.88212  4888.0758
116.88312  5008.57
115.88412  5008.986
114.88511  5017.8751
113.88611  5106.8212
112.88711  5202.318
111.88811  5263.8799
110.88911  5398.2537
109.89011  5660.8676
108.89111  5840.8495
107.89211  6700.2858
106.89311  8275.9393
105.89411  9820.2555
104.8951  10074.622
103.8961  8437.6644
102.8971  6494.5146
101.8981  5216.2708
100.8991  4486.3192
99.9001  4142.4234
98.901099  3918.2686
97.902098  3895.2995
96.903097  3851.9525
95.904096  3927.5237
94.905095  4338.4786
93.906094  4830.5139
92.907093  5184.3188
91.908092  5112.8649
90.909091  5079.5361
89.91009  5433.2517
88.911089  5804.05
87.912088  5250.0051
86.913087  4428.5308
85.914086  4109.1558
84.915085  4427.7351
83.916084  4459.8195
82.917083  4258.2275
81.918082  4571.9985
80.919081  5330.0936
79.92008  5480.8027
78.921079  4898.2196
77.922078  3928.4634
76.923077  3187.6489
75.924076  2923.2791
74.925075  2877.5643
73.926074  2925.8358
72.927073  2901.2432
71.928072  2811.1248
70.929071  2785.5568
69.93007  2691.7621
68.931069  2725.167
67.932068  2787.3718
66.933067  2614.9151
65.934066  2622.3624
64.935065  2662.2342
63.936064  2641.5753
62.937063  2573.0602
61.938062  2446.9094
60.939061  2524.721
59.94006  2523.7016
58.941059  2557.5864
57.942058  2612.2857
56.943057  2609.809
55.944056  2608.5376
54.945055  2488.0326
53.946054  2435.4322
52.947053  2379.1861
51.948052  2336.6335
50.949051  2330.1511
49.95005  2351.6563
48.951049  2318.6826
47.952048  2432.6421
46.953047  2419.6047
45.954046  2355.2554
44.955045  2328.3162
43.956044  2317.1655
42.957043  2195.2439
41.958042  2094.5225
40.959041  2121.4785
39.96004  2146.0781
38.961039  2080.909
37.962038  2098.4672
36.963037  2095.0653
35.964036  2164.5366
34.965035  2203.955
33.966034  2190.6112
32.967033  2359.55
31.968032  2463.3423
30.969031  2487.0949
29.97003  2616.324
28.971029  2565.0022
27.972028  2447.5763
26.973027  2245.5152
25.974026  2026.2732
24.975025  2005.1428
23.976024  2015.3132
22.977023  2044.4885
21.978022  2042.0411
20.979021  2052.9288
19.98002  2086.1733
18.981019  2240.6274
17.982018  2281.3206
16.983017  2242.7683
15.984016  2211.6502
14.985015  2161.3436
13.986014  2211.6447
12.987013  2227.1565
11.988012  2219.8078
10.989011  2204.2492
9.99001  2092.7485
8.991009  2097.3383
7.992008  2143.6582
6.993007  2008.7114
5.994006  1866.3144
4.995005  1821.2962
3.996004  1821.9136
2.997003  1801.1729
1.998002  1736.3735
0.999001  1743.984
0  1759.855

# Region:                       Co 2p
# Spectrum ID:                  2
# Acquisition Date:             07/07/26 14:21:04 UTC
# Analysis Method:              XPS
# Analyzer:                     PHOIBOS MCD5 Analyzer
# Analyzer Lens:                LargeArea:1.5kV
# Analyzer Slit:                5:7x20\B:open
# Scan Mode:                    FixedAnalyzerTransmission
# Curves/Scan:                  1
# Values/Curve:                 951
# Dwell Time:                   0.1
# Excitation Energy:            1486.61
# Binding Energy:               825
# Pass Energy:                  50
# Bias Voltage:                 90
# Detector Voltage:             3000
# Eff. Workfunction:            4.543
# Source:                       X-Ray Dummy
# Comment:                      
#
# Cycle: 0
# Number of Scans: 20
#
# Cycle: 0, Curve: 0
# Acquisition Date:             07/07/26 14:21:04 UTC
#
# ColumnLabels:                 energy counts/s
#
825  15466.355
824.9  15526.013
824.8  15546.643
824.7  15416.985
824.6  15574.767
824.5  15505.78
824.4  15283.958
824.3  15487.29
824.2  15597.432
824.1  15515.913
824  15544.807
823.9  15454.956
823.8  15597.602
823.7  15492.958
823.6  15547.238
823.5  15501.87
823.4  15425.236
823.3  15210.063
823.2  15507.156
823.1  15522.075
823  15478.874
822.9  15581.656
822.8  15369.761
822.7  15375.241
822.6  15508.58
822.5  15543.78
822.4  15520.583
822.3  15534.427
822.2  15438.489
822.1  15374.241
822  15445.071
821.9  15323.077
821.8  15512.327
821.7  15562.839
821.6  15395.096
821.5  15358.875
821.4  15391.752
821.3  15379.527
821.2  15524.818
821.1  15440.216
821  15237.247
820.9  15400.908
820.8  15363.281
820.7  15368.942
820.6  15377.401
820.5  15523.627
820.4  15327.408
820.3  15284.664
820.2  15275.097
820.1  15337.017
820  15310.102
819.9  15517.538
819.8  15394.439
819.7  15391.083
819.6  15306.035
819.5  15434.591
819.4  15391.433
819.3  15324.386
819.2  15392.058
819.1  15374.096
819  15315.783
818.9  15421.121
818.8  15377.047
818.7  15356.28
818.6  15401.148
818.5  15433.832
818.4  15454.141
818.3  15428.639
818.2  15294.067
818.1  15356.024
818  15392.891
817.9  15454.141
817.8  15473.146
817.7  15319.579
817.6  15350.79
817.5  15327.355
817.4  15436.023
817.3  15372.609
817.2  15409.511
817.1  15514.699
817  15495.847
816.9  15348.724
816.8  15343.005
816.7  15231.895
816.6  15335.714
816.5  15345.443
816.4  15419.658
816.3  15397.178
816.2  15439.573
816.1  15453.609
816  15602.36
815.9  15483.86
815.8  15525.519
815.7  15399.445
815.6  15599.242
815.5  15476.34
815.4  15572.872
815.3  15329.924
815.2  15480.543
815.1  15452.456
815  15414.695
814.9  15513.108
814.8  15377.086
814.7  15546.155
814.6  15538.752
814.5  15541.404
814.4  15496.271
814.3  15485.797
814.2  15451.189
814.1  15430.498
814  15480.578
813.9  15472.384
813.8  15509.933
813.7  15474.981
813.6  15484.056
813.5  15491.033
813.4  15431.343
813.3  15428.492
813.2  15384.324
813.1  15420.257
813  15451.381
812.9  15557.891
812.8  15604.817
812.7  15489.496
812.6  15424.867
812.5  15567.157
812.4  15601.02
812.3  15611.133
812.2  15480.471
812.1  15466.526
812  15441.1
811.9  15550.118
811.8  15483.419
811.7  15402.19
811.6  15422.338
811.5  15590.106
811.4  15499.092
811.3  15518.731
811.2  15505.143
811.1  15501.894
811  15490.659
810.9  15512.553
810.8  15447.573
810.7  15584.968
810.6  15706.393
810.5  15635.418
810.4  15481.983
810.3  15483.768
810.2  15498.555
810.1  15567.123
810  15482.389
809.9  15596.415
809.8  15636.927
809.7  15678.884
809.6  15535.69
809.5  15638.433
809.4  15591.587
809.3  15720.632
809.2  15663.166
809.1  15796.583
809  15576.111
808.9  15582.142
808.8  15709.16
808.7  15730.699
808.6  15693.869
808.5  15580.196
808.4  15556.84
808.3  15503.813
808.2  15516.854
808.1  15545.775
808  15638.744
807.9  15564.276
807.8  15445.391
807.7  15593.642
807.6  15589.066
807.5  15602.051
807.4  15584.958
807.3  15476.935
807.2  15586.003
807.1  15594.284
807  15572.17
806.9  15527.653
806.8  15559.764
806.7  15641.145
806.6  15541.832
806.5  15545.171
806.4  15574.644
806.3  15577.724
806.2  15710.002
806.1  15587.086
806  15705.534
805.9  15621.36
805.8  15540.44
805.7  15645.747
805.6  15667.135
805.5  15560.29
805.4  15672.145
805.3  15640.639
805.2  15652.41
805.1  15677.321
805  15606.999
804.9  15708.338
804.8  15728.289
804.7  15555.443
804.6  15745.057
804.5  15800.85
804.4  15599.993
804.3  15660.249
804.2  15604.042
804.1  15744.785
804  15660.52
803.9  15800.337
803.8  15689.128
803.7  15732.101
803.6  15671.48
803.5  15689.635
803.4  15700.887
803.3  15745.141
803.2  15723.238
803.1  15706.41
803  15621.384
802.9  15810.229
802.8  15707.741
802.7  15649.048
802.6  15750.493
802.5  15827.246
802.4  15761.565
802.3  15820.652
802.2  15799.635
802.1  15671.573
802  15766.162
801.9  15691.493
801.8  15637.143
801.7  15665.826
801.6  15700.205
801.5  15772.726
801.4  15621.078
801.3  15799.094
801.2  15672.58
801.1  15713.072
801  15701.973
800.9  15628.219
800.8  15703.499
800.7  15511.177
800.6  15514.55
800.5  15616.174
800.4  15680.117
800.3  15701.724
800.2  15615.275
800.1  15606.091
800  15606.461
799.9  15507.149
799.8  15734.996
799.7  15551.691
799.6  15387.469
799.5  15528.586
799.4  15365.122
799.3  15602.946
799.2  15589.558
799.1  15499.267
799  15585.321
798.9  15696.438
798.8  15591.433
798.7  15642.861
798.6  15640.917
798.5  15414.064
798.4  15513.34
798.3  15546.067
798.2  15602.602
798.1  15552.945
798  15491.052
797.9  15476.617
797.8  15450.685
797.7  15548.238
797.6  15708.995
797.5  15680.52
797.4  15491.224
797.3  15431.192
797.2  15670.359
797.1  15725.005
797  15500.521
796.9  15696.813
796.8  15553.883
796.7  15539.761
796.6  15488.063
796.5  15588.009
796.4  15694.859
796.3  15613.14
796.2  15441.429
796.1  15613.114
796  15596.501
795.9  15589.643
795.8  15609.037
795.7  15652.854
795.6  15668.883
795.5  15784.718
795.4  15728.294
795.3  15756.029
795.2  15670.695
795.1  15643.417
795  15712.526
794.9  15660.151
794.8  15715.898
794.7  15661.681
794.6  15545.986
794.5  15618.241
794.4  15716.655
794.3  15733.627
794.2  15800.593
794.1  15775.013
794  15641.779
793.9  15781.365
793.8  15778.421
793.7  15773.008
793.6  15691.491
793.5  15789.452
793.4  15795.483
793.3  15740.518
793.2  15759.43
793.1  15831.984
793  15837.104
792.9  15717.816
792.8  15746.784
792.7  15851.743
792.6  15793.544
792.5  15879.496
792.4  15727.543
792.3  15790.778
792.2  15738.595
792.1  15760.258
792  15904.118
791.9  15676.415
791.8  15739.286
791.7  15758.726
791.6  15819.773
791.5  15795.948
791.4  15731.328
791.3  15860.88
791.2  15804.176
791.1  15772.537
791  15951.639
790.9  15952.668
790.8  15890.644
790.7  15977.42
790.6  15936.423
790.5  15849.759
790.4  15891.746
790.3  15963.615
790.2  15963.087
790.1  15899.698
790  15957.975
789.9  15963.538
789.8  15905.532
789.7  16005.358
789.6  15998.407
789.5  16064.092
789.4  16038.126
789.3  16073.133
789.2  16140.82
789.1  16039.881
789  15899.813
788.9  15965.666
788.8  15996.723
788.7  16185.019
788.6  16175.357
788.5  16036.441
788.4  15973.887
788.3  16039.229
788.2  16063.573
788.1  16161.749
788  16193.449
787.9  16052.372
787.8  16054.794
787.7  16076.707
787.6  15988.197
787.5  16317.861
787.4  16219.303
787.3  16085.02
787.2  16220.534
787.1  16134.175
787  16010.973
786.9  16181.025
786.8  16138.309
786.7  16165.784
786.6  16157.204
786.5  16163.569
786.4  16045.4
786.3  16044.216
786.2  16030.195
786.1  16103.444
786  15896.78
785.9  16045.622
785.8  15878.377
785.7  15968.787
785.6  15731.723
785.5  15797.577
785.4  15909.389
785.3  16090.855
785.2  15901.262
785.1  15869.47
785  15828.071
784.9  15840.063
784.8  15724.533
784.7  15869.565
784.6  15816.443
784.5  15749.476
784.4  15787.942
784.3  15755.768
784.2  15644.106
784.1  15634.921
784  15700.468
783.9  15609.976
783.8  15731.39
783.7  15663.585
783.6  15763.891
783.5  15681.31
783.4  15659.907
783.3  15644.984
783.2  15588.891
783.1  15529.714
783  15524.652
782.9  15630.569
782.8  15650.731
782.7  15567.891
782.6  15566.705
782.5  15721.426
782.4  15433.262
782.3  15501.228
782.2  15551.36
782.1  15581.396
782  15560.32
781.9  15536.31
781.8  15509.691
781.7  15515.816
781.6  15468.656
781.5  15633.868
781.4  15490.748
781.3  15461.748
781.2  15337.14
781.1  15453.663
781  15364.673
780.9  15523.423
780.8  15448.642
780.7  15408.204
780.6  15514.124
780.5  15471.1
780.4  15393.336
780.3  15351.087
780.2  15445.615
780.1  15422.186
780  15454.285
779.9  15421.452
779.8  15470.92
779.7  15553.404
779.6  15396.53
779.5  15393.066
779.4  15458.817
779.3  15391.773
779.2  15272.871
779.1  15270.936
779  15424.939
778.9  15446.525
778.8  15345.327
778.7  15360.243
778.6  15341.639
778.5  15267.502
778.4  15303.679
778.3  15289.684
778.2  15293.955
778.1  15310.787
778  15306.147
777.9  15302.083
777.8  15299.011
777.7  15378.438
777.6  15116.259
777.5  15223.482
777.4  15356.611
777.3  15292.618
777.2  15318.798
777.1  15209.48
777  15347.431
776.9  15308.036
776.8  15354.262
776.7  15249.341
776.6  15286.338
776.5  15106.144
776.4  15215.608
776.3  15250.513
776.2  15221.933
776.1  15194.765
776  15279.055
775.9  15320.837
775.8  15294.365
775.7  15353.557
775.6  15232.491
775.5  15195.592
775.4  15166.914
775.3  15272.985
775.2  15176.435
775.1  15195.872
775  15174.788
774.9  15177.527
774.8  15315.613
774.7  15264.52
774.6  15281.372
774.5  15210.573
774.4  15201.437
774.3  15265.413
774.2  15185.671
774.1  15121.655
774  15137.966
773.9  15133.396
773.8  15198.093
773.7  15093.498
773.6  15207.886
773.5  15247.731
773.4  15137.917
773.3  15198.509
773.2  15145.205
773.1  15255.158
773  15235.721
772.9  15205.525
772.8  15118.053
772.7  15319.011
772.6  15234.493
772.5  15113.989
772.4  15189.005
772.3  15266.766
772.2  15252.523
772.1  15274.481
772  15376.52
771.9  15290.663
771.8  15399.274
771.7  15445.448
771.6  15415.727
771.5  15307.702
771.4  15274.071
771.3  15374.453
771.2  15243.963
771.1  15375.819
771  15344.161
770.9  15394.385
770.8  15350.022
770.7  15415.97
770.6  15458.663
770.5  15314.045
770.4  15133.015
770.3  15294.061
770.2  15514.138
770.1  15585.536
770  15433.223
769.9  15481.118
769.8  15425.601
769.7  15344.84
769.6  15346.688
769.5  15430.594
769.4  15507.76
769.3  15460.175
769.2  15509.496
769.1  15469.802
769  15432.528
768.9  15509.356
768.8  15560.351
768.7  15389.255
768.6  15256.457
768.5  15325.672
768.4  15376.461
768.3  15359.623
768.2  15381.57
768.1  15353.666
768  15447.819
767.9  15427.98
767.8  15433.331
767.7  15342.128
767.6  15331.58
767.5  15295.37
767.4  15421.828
767.3  15331.756
767.2  15325.113
767.1  15213.422
767  15263.765
766.9  15203.852
766.8  15265.864
766.7  15232.967
766.6  15336.305
766.5  15262.201
766.4  15238.357
766.3  15142.028
766.2  15330.705
766.1  15257.229
766  15222.737
765.9  15161.928
765.8  15150.693
765.7  15194.228
765.6  15165.946
765.5  15186.58
765.4  15240.597
765.3  15100.734
765.2  15158.717
765.1  15190.905
765  15007.091
764.9  15115.647
764.8  15274.086
764.7  15144.381
764.6  15244.467
764.5  15098.985
764.4  15245.577
764.3  15094.983
764.2  15155.576
764.1  15065.437
764  14937.668
763.9  15088.073
763.8  15090.513
763.7  15033.126
763.6  15231.401
763.5  15104.779
763.4  14931.909
763.3  14907.635
763.2  15046.352
763.1  15137.916
763  15120.403
762.9  15080.914
762.8  14909.147
762.7  15097.259
762.6  14989.409
762.5  14966.714
762.4  15002.803
762.3  15158.632
762.2  14925.122
762.1  14833.724
762  15009.128
761.9  14972.754
761.8  14931.396
761.7  14814.911
761.6  14841.556
761.5  15011.534
761.4  14990.167
761.3  15030.15
761.2  15039.81
761.1  14918.335
761  14908.929
760.9  14978.802
760.8  14858.088
760.7  14952.468
760.6  14860.535
760.5  14879.329
760.4  14715.531
760.3  14918.034
760.2  14966.87
760.1  14792.385
760  14745.866
759.9  14765.538
759.8  14866.249
759.7  14836.328
759.6  14873.229
759.5  14798.279
759.4  14773.653
759.3  14905.948
759.2  14846.177
759.1  14662.397
759  14799.76
758.9  14675.815
758.8  14723.182
758.7  14831.566
758.6  14847.878
758.5  14686.213
758.4  14752.516
758.3  14611.291
758.2  14647.412
758.1  14620.534
758  14658.013
757.9  14784.142
757.8  14621.042
757.7  14515.012
757.6  14545.792
757.5  14627.81
757.4  14634.148
757.3  14640.596
757.2  14582.215
757.1  14664.79
757  14728.432
756.9  14527.111
756.8  14596.894
756.7  14687.528
756.6  14584.853
756.5  14590.172
756.4  14618.111
756.3  14620.066
756.2  14509.115
756.1  14547.071
756  14561.223
755.9  14487.889
755.8  14545.858
755.7  14383.711
755.6  14443.17
755.5  14394.587
755.4  14354.212
755.3  14461.472
755.2  14534.521
755.1  14390.234
755  14541.672
754.9  14539.589
754.8  14491.099
754.7  14460.899
754.6  14484.284
754.5  14466.522
754.4  14377.683
754.3  14491.643
754.2  14460.964
754.1  14593.447
754  14452.058
753.9  14410.526
753.8  14405.083
753.7  14358.99
753.6  14314.117
753.5  14263.818
753.4  14457.407
753.3  14374.319
753.2  14246.19
753.1  14302.083
753  14347.093
752.9  14484.033
752.8  14290.167
752.7  14257.971
752.6  14357.469
752.5  14353.909
752.4  14380.197
752.3  14308.472
752.2  14503.976
752.1  14476.963
752  14331.528
751.9  14366.803
751.8  14405.432
751.7  14434.362
751.6  14311.792
751.5  14446.862
751.4  14483.443
751.3  14372.916
751.2  14355.946
751.1  14577.471
751  14459.662
750.9  14472.634
750.8  14529.635
750.7  14485.672
750.6  14505.774
750.5  14448.255
750.4  14397.524
750.3  14549.639
750.2  14578.526
750.1  14623.26
750  14579.684
749.9  14719.589
749.8  14579.621
749.7  14620.559
749.6  14701.456
749.5  14845.924
749.4  14709.639
749.3  14796.504
749.2  14829.465
749.1  14917.797
749  15026.351
748.9  15004.425
748.8  15111.715
748.7  15085.501
748.6  15096.085
748.5  15366.517
748.4  15389.343
748.3  15470.457
748.2  15640.414
748.1  15603.633
748  15736.03
747.9  15888.637
747.8  16160.386
747.7  16165.131
747.6  16285.898
747.5  16265.734
747.4  16517.465
747.3  16609.221
747.2  16608.667
747.1  16710.463
747  17002.349
746.9  17230.338
746.8  17269.073
746.7  17342.636
746.6  17305.702
746.5  17567.99
746.4  17494.44
746.3  17785.256
746.2  17774.877
746.1  17911.986
746  17958.685
745.9  17827.616
745.8  17937.106
745.7  18038.574
745.6  18019.316
745.5  18069.098
745.4  17929.991
745.3  17665.978
745.2  17873.203
745.1  17789.201
745  17758.146
744.9  17704.046
744.8  17517.312
744.7  17472.586
744.6  17353.26
744.5  17247.016
744.4  17279.386
744.3  17014.069
744.2  16948.622
744.1  17041.005
744  16858.152
743.9  16641.88
743.8  16618.645
743.7  16397.555
743.6  16221.922
743.5  16043.099
743.4  15897.069
743.3  15784.175
743.2  15690.816
743.1  15638.813
743  15614.995
742.9  15661.628
742.8  15333.193
742.7  15226.813
742.6  15205.801
742.5  15094.952
742.4  15032.616
742.3  14913.502
742.2  14994.042
742.1  14873.131
742  14831.343
741.9  14707.771
741.8  14677.875
741.7  14564.246
741.6  14558.22
741.5  14652.562
741.4  14470.855
741.3  14348.628
741.2  14578.61
741.1  14412.081
741  14340.519
740.9  14565.681
740.8  14430.789
740.7  14312.721
740.6  14287.359
740.5  14286.817
740.4  14237.078
740.3  14247.556
740.2  14285.178
740.1  14262.577
740  14299.022
739.9  14218.084
739.8  14264.915
739.7  14219.487
739.6  14255.966
739.5  14118.057
739.4  14207.014
739.3  14168.81
739.2  14183.082
739.1  14198.758
739  14371.511
738.9  14125.966
738.8  14258.518
738.7  14167.225
738.6  14112.768
738.5  14068.628
738.4  14083.742
738.3  14143.16
738.2  14296.107
738.1  14316.085
738  14103.578
737.9  14261.628
737.8  14186.853
737.7  14163.638
737.6  14142.396
737.5  14172.377
737.4  14086.226
737.3  14145.053
737.2  14269.335
737.1  14189.263
737  14218.302
736.9  14138.846
736.8  14027.176
736.7  14188.981
736.6  14076.528
736.5  14081.749
736.4  14148.112
736.3  14130.879
736.2  14216.449
736.1  14174.789
736  14293.391
735.9  14296.257
735.8  14257.152
735.7  14141.86
735.6  14063.897
735.5  14172.95
735.4  14096.7
735.3  14114.951
735.2  14116.315
735.1  14087.802
735  14192.971
734.9  14124.962
734.8  14319.292
734.7  14305.458
734.6  14250.002
734.5  14215.899
734.4  14164.549
734.3  14215.859
734.2  14282.918
734.1  14112.672
734  14105.985
733.9  14096.347
733.8  14115.647
733.7  14116.071
733.6  14240.907
733.5  14162.919
733.4  14219.402
733.3  14215.194
733.2  14138.708
733.1  14121.29
733  14221.849
732.9  14255.886
732.8  14357.678
732.7  14242.321
732.6  14091.294
732.5  14174.101
732.4  14119.239
732.3  14177.762
732.2  14272.15
732.1  14250.766
732  14161.013
731.9  14203.876
731.8  14398.325
731.7  14250.132
731.6  14267.872
731.5  14166.457
731.4  14161.504
731.3  14242.721
731.2  14196.107
731.1  14424.876
731  14251.062
730.9  14265.113
730.8  14146.536
730.7  14198.671
730.6  14192.727
730.5  14241.275
730.4  14226.712
730.3  14277.529
730.2  14238.36
730.1  14263.545
730  14356.462

# Region:                       Al 2p
# Spectrum ID:                  3
# Acquisition Date:             07/07/26 14:22:38 UTC
# Analysis Method:              XPS
# Analyzer:                     PHOIBOS MCD5 Analyzer
# Analyzer Lens:                LargeArea:1.5kV
# Analyzer Slit:                5:7x20\B:open
# Scan Mode:                    FixedAnalyzerTransmission
# Curves/Scan:                  1
# Values/Curve:                 331
# Dwell Time:                   0.1
# Excitation Energy:            1486.61
# Binding Energy:               90
# Pass Energy:                  50
# Bias Voltage:                 90
# Detector Voltage:             3000
# Eff. Workfunction:            4.543
# Source:                       X-Ray Dummy
# Comment:                      
#
# Cycle: 0
# Number of Scans: 2
#
# Cycle: 0, Curve: 0
# Acquisition Date:             07/07/26 14:22:38 UTC
#
# ColumnLabels:                 energy counts/s
#
90  5798.4525
89.9  5651.949
89.8  6122.1188
89.7  6320.6543
89.6  6248.7129
89.5  6225.3154
89.4  6256.9201
89.3  6299.7271
89.2  6658.0557
89.1  6756.6172
89  6633.3879
88.9  6831.2805
88.8  6519.6978
88.7  6541.915
88.6  6597.9105
88.5  6279.1701
88.4  6179.2178
88.3  5918.744
88.2  6257.4471
88.1  6046.8952
88  6301.7446
87.9  5800.2381
87.8  5604.3528
87.7  5431.4189
87.6  5406.3337
87.5  5458.2448
87.4  5110.9144
87.3  5396.3514
87.2  5057.1648
87.1  4884.5012
87  4542.4146
86.9  4708.0262
86.8  4654.9297
86.7  4326.7526
86.6  4290.9416
86.5  4148.0421
86.4  4243.5074
86.3  4365.6386
86.2  4142.1592
86.1  4279.0484
86  4281.4835
85.9  4116.4949
85.8  4344.0114
85.7  4214.8155
85.6  4503.4703
85.5  4464.6229
85.4  4632.4552
85.3  4329.6935
85.2  4775.9569
85.1  4904.4843
85  4801.8878
84.9  5111.152
84.8  4822.4625
84.7  4803.5981
84.6  4954.1048
84.5  4744.3233
84.4  5024.9295
84.3  5018.0938
84.2  4982.1213
84.1  4928.204
84  4776.1192
83.9  4653.4299
83.8  4944.0531
83.7  4824.2757
83.6  4820.2163
83.5  4666.7751
83.4  4248.9444
83.3  4424.2669
83.2  4535.7976
83.1  4316.6492
83  4489.5007
82.9  4258.3997
82.8  4566.2423
82.7  4309.5311
82.6  4153.4028
82.5  4297.6843
82.4  4476.6451
82.3  4470.738
82.2  4630.7217
82.1  4684.0501
82  4776.2481
81.9  4879.6378
81.8  4887.5042
81.7  4875.9289
81.6  5054.1487
81.5  5203.3014
81.4  5157.8829
81.3  5304.9368
81.2  5572.3214
81.1  5611.8718
81  5882.1349
80.9  5482.6946
80.8  5627.9464
80.7  6104.6815
80.6  5978.2919
80.5  6079.6399
80.4  5971.296
80.3  5991.0062
80.2  6242.112
80.1  6106.6026
80  6242.0298
79.9  6039.9972
79.8  6023.3572
79.7  6062.0517
79.6  5907.8713
79.5  6173.0305
79.4  5525.9282
79.3  5476.0734
79.2  5517.8033
79.1  5523.2087
79  5380.1613
78.9  5158.1546
78.8  5062.9421
78.7  4931.7607
78.6  4810.1319
78.5  4936.3143
78.4  4806.041
78.3  4459.6715
78.2  4028.5371
78.1  4329.4469
78  4009.4583
77.9  4095.9345
77.8  3952.8078
77.7  3909.5215
77.6  3593.2662
77.5  3703.1598
77.4  3818.6821
77.3  3589.1534
77.2  3419.4465
77.1  3495.932
77  3399.134
76.9  3339.4646
76.8  3196.9198
76.7  3291.0317
76.6  3128.3285
76.5  3226.1032
76.4  3243.9964
76.3  3219.3511
76.2  3221.163
76.1  3169.034
76  3068.4441
75.9  3163.5614
75.8  3091.2694
75.7  2991.6587
75.6  2938.7506
75.5  3229.1478
75.4  3015.3655
75.3  2888.3165
75.2  2972.4708
75.1  3066.4776
75  2995.811
74.9  2989.8406
74.8  3008.1727
74.7  3040.4779
74.6  3145.3463
74.5  3055.3552
74.4  2905.9366
74.3  3071.9876
74.2  2736.7954
74.1  2938.7937
74  3041.6693
73.9  2837.985
73.8  2873.0874
73.7  2952.0681
73.6  2996.2938
73.5  2734.478
73.4  2963.0506
73.3  2852.2364
73.2  2762.462
73.1  2864.5625
73  2942.7958
72.9  2758.1552
72.8  2926.5138
72.7  2943.343
72.6  3120.9954
72.5  3067.8559
72.4  2746.8589
72.3  2798.4624
72.2  2974.6051
72.1  3024.5413
72  3025.1358
71.9  2963.0075
71.8  2863.7444
71.7  2912.8393
71.6  2856.1862
71.5  2998.5946
71.4  2934.8236
71.3  2997.2717
71.2  2894.5505
71.1  3079.5983
71  3121.5514
70.9  3065.2932
70.8  3086.628
70.7  2794.9244
70.6  2805.1388
70.5  3022.2751
70.4  2806.666
70.3  2842.1027
70.2  3068.1245
70.1  3155.8336
70  3012.9772
69.9  2787.3876
69.8  2850.8963
69.7  3119.1052
69.6  2945.0514
69.5  2937.9935
69.4  2909.228
69.3  2953.3442
69.2  2794.2481
69.1  2699.8259
69  2811.9589
68.9  2858.6562
68.8  2981.2406
68.7  2830.2207
68.6  2754.8957
68.5  2937.527
68.4  2973.4589
68.3  2989.9999
68.2  2909.2339
68.1  2806.4906
68  2697.4451
67.9  2899.0988
67.8  2870.5151
67.7  2925.4107
67.6  2853.2458
67.5  2784.5359
67.4  2729.5536
67.3  2877.4883
67.2  2656.9228
67.1  2643.2739
67  3024.9949
66.9  2779.0182
66.8  2759.1622
66.7  2824.6978
66.6  2939.2345
66.5  2799.0563
66.4  2673.1121
66.3  2711.0618
66.2  2744.1187
66.1  2672.7376
66  2898.0151
65.9  2886.1779
65.8  2798.3911
65.7  2751.4621
65.6  2729.3184
65.5  2663.2021
65.4  2669.7398
65.3  2736.2684
65.2  2700.1942
65.1  2774.6326
65  2574.6811
64.9  2727.5964
64.8  2657.474
64.7  2657.3524
64.6  2722.816
64.5  2650.5278
64.4  2745.1427
64.3  2531.511
64.2  2757.1343
64.1  2961.5028
64  2751.3512
63.9  2609.9569
63.8  2723.4853
63.7  2678.9851
63.6  2571.7515
63.5  2634.9935
63.4  2665.2386
63.3  2833.1251
63.2  2656.5272
63.1  2635.9483
63  2767.1483
62.9  2630.6388
62.8  2832.8198
62.7  2931.364
62.6  2775.1761
62.5  2601.2487
62.4  2506.7426
62.3  2600.547
62.2  2591.3924
62.1  2723.2975
62  2706.2711
61.9  2879.5142
61.8  2482.5228
61.7  2813.5725
61.6  2815.3009
61.5  2792.454
61.4  2790.2702
61.3  2695.8367
61.2  2664.6087
61.1  2530.6808
61  2515.6002
60.9  2657.127
60.8  2856.7402
60.7  2595.8674
60.6  2740.5732
60.5  2531.7263
60.4  2521.1508
60.3  2737.6055
60.2  2607.7494
60.1  2656.8164
60  2867.0249
59.9  2739.6152
59.8  2689.5056
59.7  2672.3107
59.6  2574.3736
59.5  2596.3562
59.4  2665.5203
59.3  2845.5433
59.2  2715.7255
59.1  2694.7944
59  2710.718
58.9  2742.3751
58.8  2767.6401
58.7  2677.8888
58.6  2540.8918
58.5  2787.0046
58.4  2642.5341
58.3  2745.6644
58.2  2845.6066
58.1  2741.6968
58  2770.7315
57.9  2632.9877
57.8  2572.1087
57.7  2602.4237
57.6  2678.1691
57.5  2751.1555
57.4  2724.7599
57.3  2663.5022
57.2  2640.4915
57.1  2565.4699
57  2815.177

# Operation:                    Peak Fit
# Range Start:                  90
# Range End:                    70.5317
# Parameter: "Transition" = 
# Parameter: "Label" = 
# Parameter: "Background Method" = Tougaard
# Parameter: "Peak Shape" = Voigt
# Parameter: "Asymmetric Peak" = false
# Parameter: "FWHM-Annotation" = S-B = <Signal-BG:@>\nFWHM = <FWHM:@>\nArea = <Area:@>
# Parameter: "Peak-Annotation" = <Label>\n<Transition>\nE = <Center:@>
#
# Result:
# Number of Results:            2
# Parameter: "Transition" = 
# Parameter: "Label" = 
# Parameter: "Center" = 80.034554802541379 eV +- 0.024587463140646276
# Parameter: "Area" = 14498.068550210595 cps eV +- 498.86424758579409
# Parameter: "FWHM (Lorentzian)" = 2.1981842109798189 eV +- 0.25884382067400452
# Parameter: "FWHM (Gaussian)" = 2.0241074197876423 eV +- 0.26111819017069965
# Parameter: "Asymmetry" = 0 +- 0
# Parameter: "Tougaard B" = 56026.29498598256 eV^2 +- 1235.4362381443927
# Parameter: "Tougaard C" = 1643 eV^2 +- 0
# Parameter: "FWHM" = 3.4431027534451082 eV
# Parameter: "Baseline Offset" = 2804.8900362410482 cps +- 27.293994223560691
# Parameter: "Abbe factor" = 0.1847518365138438
# Parameter: "Reduced Chi Square" = 3.8813293663084631
# Parameter: "Q Probability" = 7.7610745278007797e-65
# Parameter: "Number of performed iterations" = 15
# Parameter: "Fit termination reason" = ConvergedInParameter
# Parameter: "Signal" = 6132.9650114914302 cps
# Parameter: "Signal-BG" = 3063.4046287626925 cps
#
# Result Name:                  Background
# Number of Curves:             1
#
# Curve:                        0
# Values/Curve:                 114
#
90  6433.3394
89.828319  6344.4914
89.656637  6257.1884
89.484956  6171.3923
89.313274  6087.0656
89.141593  6004.1718
88.969912  5922.675
88.79823  5842.5404
88.626549  5763.7335
88.454867  5686.2209
88.283186  5609.9699
88.111504  5534.9484
87.939823  5461.1251
87.768142  5388.4695
87.59646  5316.9517
87.424779  5246.5428
87.253097  5177.2143
87.081416  5108.9386
86.909735  5041.6889
86.738053  4975.439
86.566372  4910.1637
86.39469  4845.8384
86.223009  4782.4394
86.051327  4719.9437
85.879646  4658.3292
85.707965  4597.575
85.536283  4537.6608
85.364602  4478.5674
85.19292  4420.2767
85.021239  4362.7719
84.849558  4306.0373
84.677876  4250.0587
84.506195  4194.8234
84.334513  4140.3203
84.162832  4086.5406
83.99115  4033.4774
83.819469  3981.1264
83.647788  3929.4864
83.476106  3878.5595
83.304425  3828.3519
83.132743  3778.8742
82.961062  3730.1429
82.789381  3682.1804
82.617699  3635.0168
82.446018  3588.6903
82.274336  3543.2485
82.102655  3498.7492
81.930973  3455.261
81.759292  3412.8635
81.587611  3371.6466
81.415929  3331.7096
81.244248  3293.159
81.072566  3256.1049
80.900885  3220.6574
80.729204  3186.9215
80.557522  3154.9918
80.385841  3124.947
80.214159  3096.8448
80.042478  3070.7182
79.870796  3046.5728
79.699115  3024.3854
79.527434  3004.1053
79.355752  2985.6566
79.184071  2968.942
79.012389  2953.848
78.840708  2940.2499
78.669027  2928.0175
78.497345  2917.0197
78.325664  2907.1291
78.153982  2898.2251
77.982301  2890.1957
77.810619  2882.9397
77.638938  2876.3662
77.467257  2870.3952
77.295575  2864.957
77.123894  2859.9908
76.952212  2855.4443
76.780531  2851.2723
76.60885  2847.4359
76.437168  2843.9015
76.265487  2840.64
76.093805  2837.6261
75.922124  2834.8378
75.750442  2832.2558
75.578761  2829.8631
75.40708  2827.6446
75.235398  2825.587
75.063717  2823.6783
74.892035  2821.9079
74.720354  2820.2661
74.548673  2818.7443
74.376991  2817.3347
74.20531  2816.03
74.033628  2814.8238
73.861947  2813.7102
73.690265  2812.6837
73.518584  2811.7394
73.346903  2810.8727
73.175221  2810.0792
73.00354  2809.3552
72.831858  2808.6971
72.660177  2808.1014
72.488496  2807.5652
72.316814  2807.0854
72.145133  2806.6595
71.973451  2806.285
71.80177  2805.9595
71.630088  2805.681
71.458407  2805.4473
71.286726  2805.2565
71.115044  2805.1071
70.943363  2804.9972
70.771681  2804.9253
70.6  2804.89

# Result Name:                  Peak Fit
# Number of Curves:             1
#
# Curve:                        0
# Values/Curve:                 114
#
90  6484.9355
89.828319  6397.9316
89.656637  6312.5736
89.484956  6228.8311
89.313274  6146.6748
89.141593  6066.0772
88.969912  5987.0126
88.79823  5909.4569
88.626549  5833.3879
88.454867  5758.7855
88.283186  5685.6319
88.111504  5613.9113
87.939823  5543.611
87.768142  5474.7208
87.59646  5407.2338
87.424779  5341.1466
87.253097  5276.4597
87.081416  5213.178
86.909735  5151.3115
86.738053  5090.8758
86.566372  5031.8932
86.39469  4974.3935
86.223009  4918.4153
86.051327  4864.0073
85.879646  4811.2304
85.707965  4760.1598
85.536283  4710.8874
85.364602  4663.5255
85.19292  4618.2107
85.021239  4575.1089
84.849558  4534.4217
84.677876  4496.3941
84.506195  4461.3244
84.334513  4429.5752
84.162832  4401.5884
83.99115  4377.9012
83.819469  4359.1652
83.647788  4346.167
83.476106  4339.8478
83.304425  4341.3205
83.132743  4351.8775
82.961062  4372.9835
82.789381  4406.2432
82.617699  4453.334
82.446018  4515.8921
82.274336  4595.3451
82.102655  4692.6882
81.930973  4808.213
81.759292  4941.21
81.587611  5089.6824
81.415929  5250.1207
81.244248  5417.3968
81.072566  5584.8305
80.900885  5744.4688
80.729204  5887.5842
80.557522  6005.3619
80.385841  6089.7048
80.214159  6134.049
80.042478  6134.0716
79.870796  6088.1755
79.699115  5997.6717
79.527434  5866.6276
79.355752  5701.4069
79.184071  5509.9783
79.012389  5301.1049
78.840708  5083.5329
78.669027  4865.2907
78.497345  4653.1704
78.325664  4452.4286
78.153982  4266.7013
77.982301  4098.0961
77.810619  3947.4089
77.638938  3814.4068
77.467257  3698.1263
77.295575  3597.1483
77.123894  3509.8264
76.952212  3434.4596
76.780531  3369.4112
76.60885  3313.1797
76.437168  3264.4338
76.265487  3222.0217
76.093805  3184.964
75.922124  3152.4378
75.750442  3123.7565
75.578761  3098.3496
75.40708  3075.7433
75.235398  3055.5441
75.063717  3037.4239
74.892035  3021.1084
74.720354  3006.3672
74.548673  2993.0059
74.376991  2980.8597
74.20531  2969.7879
74.033628  2959.6704
73.861947  2950.4035
73.690265  2941.8978
73.518584  2934.0757
73.346903  2926.8694
73.175221  2920.2197
73.00354  2914.0746
72.831858  2908.3882
72.660177  2903.1198
72.488496  2898.2335
72.316814  2893.6973
72.145133  2889.4825
71.973451  2885.5635
71.80177  2881.9174
71.630088  2878.5234
71.458407  2875.3628
71.286726  2872.4189
71.115044  2869.6763
70.943363  2867.1212
70.771681  2864.741
70.6  2862.5241

# Region:                       Al 2p Extended
# Spectrum ID:                  4
# Acquisition Date:             07/07/26 14:35:59 UTC
# Analysis Method:              XPS
# Analyzer:                     PHOIBOS MCD5 Analyzer
# Analyzer Lens:                LargeArea:1.5kV
# Analyzer Slit:                5:7x20\B:open
# Scan Mode:                    FixedAnalyzerTransmission
# Curves/Scan:                  1
# Values/Curve:                 1331
# Dwell Time:                   0.1
# Excitation Energy:            1486.61
# Binding Energy:               190
# Pass Energy:                  50
# Bias Voltage:                 90
# Detector Voltage:             3000
# Eff. Workfunction:            4.543
# Source:                       X-Ray Dummy
# Comment:                      
#
# Cycle: 0
# Number of Scans: 5
#
# Cycle: 0, Curve: 0
# Acquisition Date:             07/07/26 14:35:59 UTC
#
# ColumnLabels:                 energy counts/s
#
190  6030.1599
189.9  6038.0686
189.8  5944.7973
189.7  6192.2021
189.6  5982.0149
189.5  5995.9331
189.4  5983.4325
189.3  5990.4102
189.2  6079.004
189.1  6028.2061
189  6130.2642
188.9  6166.2461
188.8  5997.4033
188.7  6070.661
188.6  6205.2869
188.5  6220.7731
188.4  6156.8302
188.3  6119.6808
188.2  6073.2667
188.1  6054.5373
188  5957.8638
187.9  6098.7977
187.8  6092.3289
187.7  6074.6446
187.6  6062.3901
187.5  6060.8127
187.4  6083.7329
187.3  6188.2999
187.2  6275.1396
187.1  5964.1956
187  5969.693
186.9  6003.8823
186.8  5985.657
186.7  5910.148
186.6  6096.5762
186.5  5990.0617
186.4  6117.8776
186.3  6099.6172
186.2  5956.8944
186.1  6083.2401
186  6166.2707
185.9  6037.2994
185.8  5884.9244
185.7  6128.2891
185.6  6100.3571
185.5  6072.252
185.4  5892.4395
185.3  6118.3682
185.2  6086.0974
185.1  6001.3482
185  6157.9681
184.9  5977.9628
184.8  5832.9198
184.7  6155.845
184.6  6046.5734
184.5  6150.2298
184.4  6146.7236
184.3  6088.8056
184.2  6138.1457
184.1  6162.2449
184  6132.951
183.9  6083.4313
183.8  6284.4065
183.7  6251.7045
183.6  6101.5167
183.5  5911.5564
183.4  6187.9353
183.3  6135.2339
183.2  5973.6563
183.1  6242.1106
183  6137.2759
182.9  5992.5955
182.8  6081.8091
182.7  6100.9289
182.6  5954.0567
182.5  6156.5984
182.4  6035.9482
182.3  6171.869
182.2  6301.9552
182.1  6065.4357
182  5984.8928
181.9  6188.6298
181.8  6287.1104
181.7  6080.632
181.6  6126.7877
181.5  6113.5372
181.4  6053.7465
181.3  6173.6736
181.2  6007.3684
181.1  6167.8192
181  6169.5467
180.9  6107.5204
180.8  5994.5722
180.7  6005.562
180.6  6224.5207
180.5  6170.8769
180.4  5967.9901
180.3  5972.6467
180.2  5961.1129
180.1  6064.5764
180  6036.0076
179.9  6188.9444
179.8  6059.688
179.7  5968.2163
179.6  5975.1997
179.5  6175.9366
179.4  6048.6255
179.3  5980.7734
179.2  5782.0298
179.1  6135.2998
179  5975.2289
178.9  6012.4696
178.8  5961.1667
178.7  5982.5589
178.6  5912.3653
178.5  5918.9587
178.4  6174.7055
178.3  6208.9703
178.2  6066.1927
178.1  6093.9831
178  6093.7684
177.9  6183.2819
177.8  6119.9687
177.7  6071.0897
177.6  6005.3538
177.5  6026.3004
177.4  6001.87
177.3  5981.8009
177.2  6083.4593
177.1  6106.5959
177  6004.8182
176.9  5916.3589
176.8  6015.1489
176.7  6047.2951
176.6  5967.7677
176.5  5940.5526
176.4  6009.6985
176.3  5813.0012
176.2  6046.4088
176.1  5967.3871
176  6002.1372
175.9  6261.5232
175.8  5977.8839
175.7  6170.4764
175.6  6156.0596
175.5  5887.3266
175.4  6010.2214
175.3  6048.5548
175.2  6103.5403
175.1  6026.7235
175  5951.2992
174.9  6007.2508
174.8  6076.1241
174.7  6029.3046
174.6  6043.705
174.5  6021.3442
174.4  5833.9954
174.3  6141.479
174.2  5896.0988
174.1  6081.6713
174  5996.849
173.9  6139.4444
173.8  5988.4552
173.7  5970.2558
173.6  5947.4891
173.5  5719.9523
173.4  6035.1377
173.3  5982.3663
173.2  5995.9894
173.1  6074.6974
173  5978.7618
172.9  6042.9962
172.8  6037.7223
172.7  6073.0372
172.6  5837.8882
172.5  5846.1855
172.4  5890.6684
172.3  5911.5686
172.2  6070.8517
172.1  6093.5018
172  5990.6925
171.9  5962.099
171.8  6105.6267
171.7  6082.988
171.6  6150.812
171.5  6067.9119
171.4  6186.2597
171.3  6145.8164
171.2  6013.3327
171.1  5967.1616
171  5977.0001
170.9  6033.6233
170.8  6055.0304
170.7  6016.5198
170.6  5945.033
170.5  5894.0208
170.4  6067.4564
170.3  5858.4194
170.2  5955.7911
170.1  5950.572
170  6025.6268
169.9  6006.9459
169.8  6136.0299
169.7  5986.4596
169.6  5955.3343
169.5  5963.6151
169.4  6004.6706
169.3  6138.1163
169.2  5830.7973
169.1  6059.8932
169  6065.3711
168.9  6034.0966
168.8  6056.6935
168.7  6030.1444
168.6  6054.0109
168.5  6016.9407
168.4  5976.6349
168.3  5896.3284
168.2  6062.646
168.1  6104.6379
168  6280.6418
167.9  6162.5835
167.8  6142.7705
167.7  6188.7053
167.6  5864.9498
167.5  5748.4188
167.4  5987.0997
167.3  5880.5499
167.2  5839.1478
167.1  5854.0756
167  6136.4734
166.9  6071.2682
166.8  6038.9254
166.7  6090.1723
166.6  5979.8557
166.5  5951.1145
166.4  6034.9807
166.3  5939.1177
166.2  6116.35
166.1  6060.9027
166  5867.7395
165.9  5892.2484
165.8  5964.5642
165.7  5856.8225
165.6  5929.7764
165.5  6169.7119
165.4  5949.1083
165.3  5796.7086
165.2  5903.6599
165.1  5934.8208
165  5955.328
164.9  6056.5848
164.8  5991.7994
164.7  6086.1123
164.6  6036.8853
164.5  5944.9565
164.4  6045.8344
164.3  5867.5326
164.2  5978.7464
164.1  5925.3672
164  6004.8639
163.9  5971.0529
163.8  5852.1988
163.7  5856.328
163.6  6083.1094
163.5  5830.2869
163.4  5760.8663
163.3  5836.7408
163.2  5895.8552
163.1  6033.3901
163  6004.8906
162.9  6059.2437
162.8  5874.9179
162.7  6141.2476
162.6  6037.9752
162.5  6034.6607
162.4  6137.3704
162.3  5971.0869
162.2  6086.2497
162.1  6056.7648
162  6052.1694
161.9  6083.3445
161.8  6141.9858
161.7  5892.7778
161.6  6128.4585
161.5  6248.3116
161.4  6022.6789
161.3  6035.6258
161.2  6086.5573
161.1  6043.0886
161  6295.2068
160.9  6231.3719
160.8  6198.5177
160.7  6324.086
160.6  6239.8257
160.5  6298.1262
160.4  6274.4349
160.3  6343.6645
160.2  6437.2855
160.1  6216.773
160  6416.954
159.9  6545.2344
159.8  6289.2137
159.7  6559.8612
159.6  6630.613
159.5  6726.943
159.4  6584.4642
159.3  6568.4835
159.2  6886.361
159.1  6721.1055
159  6768.2267
158.9  6815.5087
158.8  6885.7583
158.7  6961.3249
158.6  6768.4638
158.5  6920.4336
158.4  7035.6549
158.3  6918.3604
158.2  6926.2525
158.1  6971.5062
158  7111.2954
157.9  7280.176
157.8  7121.7225
157.7  7330.7765
157.6  7037.4334
157.5  7281.7486
157.4  7291.6115
157.3  7321.3635
157.2  7132.2243
157.1  7248.4592
157  7331.0067
156.9  7482.3857
156.8  7360.4913
156.7  7346.4504
156.6  7579.6245
156.5  7467.902
156.4  7344.159
156.3  7365.7072
156.2  7160.0586
156.1  7045.1227
156  7043.5816
155.9  7237.0517
155.8  7438.9037
155.7  7138.2583
155.6  7030.6946
155.5  7212.6858
155.4  7094.5286
155.3  7114.5763
155.2  7002.103
155.1  6818.3023
155  6842.14
154.9  6855.591
154.8  6727.7482
154.7  6826.6669
154.6  6777.8406
154.5  6807.7436
154.4  6597.1598
154.3  6656.4753
154.2  6663.8753
154.1  6547.1306
154  6614.5485
153.9  6589.8548
153.8  6496.7143
153.7  6489.541
153.6  6412.405
153.5  6352.8371
153.4  6304.9674
153.3  6380.7441
153.2  6214.4003
153.1  6192.9533
153  6485.4356
152.9  6192.8973
152.8  6359.3455
152.7  6484.657
152.6  6249.7105
152.5  6234.328
152.4  6280.1525
152.3  6364.1262
152.2  6244.4706
152.1  6197.9277
152  6223.5383
151.9  6084.4912
151.8  6288.3121
151.7  6263.256
151.6  6140.5367
151.5  6081.4944
151.4  6057.1758
151.3  6254.3731
151.2  6272.4337
151.1  6219.5792
151  6029.1706
150.9  5984.936
150.8  6075.6665
150.7  6226.9931
150.6  6124.7042
150.5  6036.7672
150.4  6305.0864
150.3  6127.1589
150.2  6122.8599
150.1  6063.1043
150  6079.1107
149.9  6179.1033
149.8  6061.3437
149.7  6196.5723
149.6  6045.1565
149.5  6032.2417
149.4  6123.1195
149.3  5971.4606
149.2  5975.2143
149.1  6113.7004
149  6080.9672
148.9  6122.4058
148.8  6151.4685
148.7  6017.1578
148.6  6217.3354
148.5  6237.4413
148.4  6177.5171
148.3  6163.7526
148.2  6116.9811
148.1  6097.3533
148  6127.1557
147.9  6005.0635
147.8  6169.0901
147.7  6242.9394
147.6  6140.3677
147.5  6107.4723
147.4  6221.8933
147.3  6083.029
147.2  6038.3101
147.1  6098.2924
147  6261.6892
146.9  6105.9009
146.8  6188.4099
146.7  6172.047
146.6  5931.7067
146.5  5906.5926
146.4  5939.2837
146.3  6094.586
146.2  6043.6993
146.1  5987.1351
146  5987.9206
145.9  6019.1289
145.8  6068.8354
145.7  6002.5461
145.6  6154.5639
145.5  6017.6069
145.4  5963.0397
145.3  6004.6814
145.2  5916.5365
145.1  5965.6621
145  5902.3404
144.9  6087.5851
144.8  6208.4247
144.7  5980.3824
144.6  6066.045
144.5  6194.844
144.4  6268.2683
144.3  6092.3567
144.2  5951.7562
144.1  6138.7696
144  6014.4024
143.9  6084.018
143.8  6037.95
143.7  6125.1194
143.6  6218.7902
143.5  6341.3265
143.4  6302.2184
143.3  6205.3076
143.2  6207.0344
143.1  6193.3548
143  6333.7853
142.9  6365.8189
142.8  6310.6186
142.7  6242.1324
142.6  6180.6688
142.5  6346.2154
142.4  6368.6994
142.3  6252.3481
142.2  6220.7269
142.1  6285.0185
142  6524.675
141.9  6398.3266
141.8  6184.5541
141.7  6315.0791
141.6  6374.6421
141.5  6275.8977
141.4  6248.912
141.3  6436.8724
141.2  6172.5871
141.1  6292.6458
141  6238.0458
140.9  6254.551
140.8  6315.6083
140.7  6391.0982
140.6  6451.0001
140.5  6320.3801
140.4  6230.7329
140.3  6060.6982
140.2  6332.543
140.1  6356.7119
140  6068.9935
139.9  6100.2666
139.8  6181.4835
139.7  6086.0285
139.6  6300.1157
139.5  6382.4407
139.4  6153.2997
139.3  6178.176
139.2  6124.934
139.1  5873.748
139  6003.2869
138.9  5985.8561
138.8  6112.8572
138.7  5917.7745
138.6  5884.7732
138.5  5983.347
138.4  6061.7124
138.3  6145.9053
138.2  5929.0039
138.1  6041.8041
138  5791.7251
137.9  5881.9605
137.8  5789.1838
137.7  5863.7701
137.6  5916.317
137.5  5804.3758
137.4  5897.5251
137.3  5768.6494
137.2  5638.8319
137.1  5767.4972
137  5853.6969
136.9  5852.8387
136.8  5858.6698
136.7  5751.8194
136.6  5873.5266
136.5  5770.0749
136.4  5736.6082
136.3  5811.6806
136.2  5669.026
136.1  5605.6313
136  5795.0436
135.9  5765.2731
135.8  5803.477
135.7  5677.3969
135.6  5753.7981
135.5  5785.4664
135.4  5757.4292
135.3  5703.585
135.2  5755.2561
135.1  5826.9444
135  5747.9903
134.9  5729.5393
134.8  5817.9209
134.7  5829.1496
134.6  5704.0009
134.5  5667.8728
134.4  5841.267
134.3  5794.0243
134.2  5687.1737
134.1  5640.9381
134  5665.9686
133.9  5697.4506
133.8  5874.7951
133.7  5712.7838
133.6  5657.3613
133.5  5565.8555
133.4  5678.3556
133.3  5719.8026
133.2  5656.4722
133.1  5685.1625
133  5891.8181
132.9  5830.5935
132.8  5990.8899
132.7  5889.563
132.6  5766.0299
132.5  5658.0859
132.4  5679.0063
132.3  5778.0641
132.2  5993.3261
132.1  5855.0417
132  6015.0244
131.9  5954.0542
131.8  5799.0376
131.7  5786.6359
131.6  5804.3212
131.5  5931.8811
131.4  5843.0757
131.3  5807.5326
131.2  5761.7792
131.1  5796.6275
131  6020.4187
130.9  5936.0414
130.8  5833.986
130.7  5799.0965
130.6  5979.8908
130.5  5963.3121
130.4  5983.7187
130.3  5882.7409
130.2  5893.4849
130.1  6006.107
130  5948.8694
129.9  5970.4107
129.8  6047.6093
129.7  5976.6166
129.6  5977.2003
129.5  5970.8489
129.4  6038.1764
129.3  6196.283
129.2  6168.8479
129.1  6068.8093
129  6209.906
128.9  6105.7778
128.8  6206.3011
128.7  6544.2456
128.6  6453.5882
128.5  6476.9584
128.4  6476.4869
128.3  6366.9331
128.2  6455.0565
128.1  6488.0054
128  6591.3542
127.9  6775.0265
127.8  6815.2634
127.7  6881.392
127.6  7083.9667
127.5  7121.3573
127.4  7348.0324
127.3  7405.9052
127.2  7553.586
127.1  7642.7696
127  7798.4635
126.9  7729.4241
126.8  7980.3877
126.7  8036.0468
126.6  8274.1102
126.5  8158.5894
126.4  8333.4538
126.3  8470.2885
126.2  8564.973
126.1  8887.4141
126  8990.0703
125.9  8996.1831
125.8  9043.7189
125.7  9305.972
125.6  9347.8226
125.5  9522.6081
125.4  9418.2208
125.3  9211.5139
125.2  9236.301
125.1  9405.2859
125  9435.0841
124.9  9223.4301
124.8  9311.8798
124.7  9376.9714
124.6  9320.8084
124.5  9017.4259
124.4  8938.3478
124.3  9030.727
124.2  8881.8911
124.1  8780.9072
124  8728.2925
123.9  8450.188
123.8  8436.9073
123.7  8446.0213
123.6  8526.1497
123.5  8106.7203
123.4  7952.5227
123.3  7714.6365
123.2  7787.1818
123.1  7515.2262
123  7354.6871
122.9  7239.9399
122.8  7184.3474
122.7  6941.0457
122.6  7000.307
122.5  6753.7959
122.4  6774.6187
122.3  6591.6055
122.2  6439.5066
122.1  6462.0039
122  6455.7482
121.9  6369.6126
121.8  6094.9113
121.7  6158.5237
121.6  6136.3881
121.5  5837.4822
121.4  5891.5667
121.3  5861.2296
121.2  5857.6705
121.1  5654.1017
121  5786.842
120.9  5586.8765
120.8  5714.4178
120.7  5693.9208
120.6  5624.0471
120.5  5523.8252
120.4  5518.0383
120.3  5513.6095
120.2  5448.078
120.1  5377.2166
120  5551.3965
119.9  5429.3811
119.8  5389.7916
119.7  5353.0767
119.6  5480.894
119.5  5310.3568
119.4  5431.7853
119.3  5298.5226
119.2  5391.1792
119.1  5447.715
119  5377.012
118.9  5395.2493
118.8  5339.1495
118.7  5279.7537
118.6  5250.5606
118.5  5251.4069
118.4  5105.6264
118.3  5191.9342
118.2  5064.5237
118.1  5141.7155
118  5073.9051
117.9  5235.1393
117.8  5214.5111
117.7  5101.9069
117.6  5196.9809
117.5  5239.2891
117.4  5123.3879
117.3  5234.3768
117.2  5204.8647
117.1  5301.6155
117  5248.5261
116.9  5267.1311
116.8  5257.7446
116.7  5187.0148
116.6  5346.8575
116.5  5277.2
116.4  5361.38
116.3  5342.6308
116.2  5159.7151
116.1  5292.9756
116  5229.2568
115.9  5292.5231
115.8  5410.597
115.7  5378.5464
115.6  5353.9375
115.5  5251.0813
115.4  5086.1217
115.3  5197.2435
115.2  5274.5923
115.1  5369.9564
115  5376.9674
114.9  5505.0958
114.8  5291.3935
114.7  5319.6205
114.6  5318.3547
114.5  5434.6478
114.4  5434.5853
114.3  5454.0545
114.2  5537.5275
114.1  5335.8219
114  5524.4195
113.9  5358.2366
113.8  5515.5154
113.7  5512.0774
113.6  5531.281
113.5  5279.2901
113.4  5406.3021
113.3  5561.8765
113.2  5352.5486
113.1  5518.6618
113  5470.91
112.9  5540.1185
112.8  5378.9074
112.7  5555.3109
112.6  5510.6022
112.5  5808.2322
112.4  5620.336
112.3  5680.3747
112.2  5781.634
112.1  5657.6817
112  5603.339
111.9  5655.0944
111.8  5566.3886
111.7  5681.4732
111.6  5733.6123
111.5  5692.081
111.4  5785.0583
111.3  5681.1849
111.2  5683.5428
111.1  5860.8643
111  5679.4596
110.9  5594.1428
110.8  5721.5497
110.7  5774.1965
110.6  5858.6557
110.5  5825.3886
110.4  5843.686
110.3  5611.9791
110.2  5714.005
110.1  5687.7034
110  5598.1658
109.9  5699.4449
109.8  5719.2708
109.7  5613.4028
109.6  5791.9735
109.5  5719.8882
109.4  5843.6445
109.3  5958.5704
109.2  5744.0498
109.1  5723.4232
109  5760.4969
108.9  5812.1262
108.8  5953.48
108.7  6115.2771
108.6  6090.5149
108.5  6254.2737
108.4  6226.5074
108.3  6308.0073
108.2  6417.6138
108.1  6708.5979
108  6765.3511
107.9  6919.5911
107.8  7131.3802
107.7  7267.4859
107.6  7395.117
107.5  7513.5242
107.4  7594.7648
107.3  8146.0312
107.2  8190.8264
107.1  8012.1284
107  8479.4694
106.9  8626.5659
106.8  9015.5219
106.7  9301.1785
106.6  9440.8309
106.5  9576.9236
106.4  9954.8713
106.3  9983.2682
106.2  10109.519
106.1  10315.643
106  10381.099
105.9  10610.387
105.8  10678.604
105.7  10887.217
105.6  10798.153
105.5  10954.739
105.4  10875.032
105.3  10963.416
105.2  10878.397
105.1  10829.427
105  10825.182
104.9  10795.04
104.8  10618.091
104.7  10666.904
104.6  10286.908
104.5  10091.283
104.4  10192.394
104.3  9952.5054
104.2  9751.5203
104.1  9412.5046
104  9201.7488
103.9  9150.8438
103.8  8647.3422
103.7  8491.0786
103.6  8393.774
103.5  8137.9764
103.4  8006.1323
103.3  7737.975
103.2  7547.7906
103.1  7353.7061
103  7091.074
102.9  6929.7034
102.8  6542.6958
102.7  6432.0727
102.6  6303.0291
102.5  6131.3029
102.4  6058.913
102.3  5906.8418
102.2  5804.0688
102.1  5524.7708
102  5559.1831
101.9  5591.6915
101.8  5395.9743
101.7  5356.0613
101.6  5020.1309
101.5  4986.4604
101.4  4934.807
101.3  4900.8594
101.2  4887.8869
101.1  4937.6148
101  4769.454
100.9  4659.5357
100.8  4582.2242
100.7  4639.4901
100.6  4534.4535
100.5  4462.3918
100.4  4378.2677
100.3  4489.4263
100.2  4414.6234
100.1  4392.6222
100  4242.1086
99.9  4450.8553
99.8  4300.2596
99.7  4278.0932
99.6  4344.482
99.5  4228.4751
99.4  4234.5363
99.3  4365.5203
99.2  4405.5611
99.1  4265.0959
99  4280.1355
98.9  4181.3592
98.8  4079.0996
98.7  4247.5394
98.6  4354.8705
98.5  4328.9652
98.4  4126.695
98.3  4129.0655
98.2  4195.8065
98.1  4157.1679
98  3977.6305
97.9  4186.3189
97.8  4109.485
97.7  4193.6056
97.6  4242.2261
97.5  4099.623
97.4  4020.914
97.3  4032.299
97.2  3937.4167
97.1  4074.8254
97  3922.9951
96.9  4037.0845
96.8  4144.851
96.7  4116.5548
96.6  4052.2765
96.5  4053.9066
96.4  4143.2387
96.3  4212.1181
96.2  4178.9133
96.1  4053.1043
96  4178.6238
95.9  4232.345
95.8  4188.6813
95.7  4317.2033
95.6  4144.2164
95.5  4223.6097
95.4  4357.4681
95.3  4341.2577
95.2  4296.503
95.1  4383.7465
95  4634.3484
94.9  4440.381
94.8  4577.3953
94.7  4556.6453
94.6  4704.5759
94.5  4620.9801
94.4  4814.8725
94.3  4747.6062
94.2  4877.0217
94.1  4989.9148
94  5077.2662
93.9  5074.1614
93.8  5265.9427
93.7  5389.6686
93.6  5215.6715
93.5  5136.9333
93.4  5462.8005
93.3  5457.6776
93.2  5325.7409
93.1  5550.1676
93  5622.3108
92.9  5474.4805
92.8  5382.3993
92.7  5482.5406
92.6  5612.2782
92.5  5551.1463
92.4  5544.7664
92.3  5625.8543
92.2  5491.0418
92.1  5394.253
92  5526.3
91.9  5217.8061
91.8  5415.9424
91.7  5417.5163
91.6  5433.1389
91.5  5222.4257
91.4  5151.0425
91.3  5082.1994
91.2  5274.4462
91.1  5271.5323
91  5342.7932
90.9  5360.2316
90.8  5392.9644
90.7  5408.5531
90.6  5501.4527
90.5  5533.0684
90.4  5581.3681
90.3  5470.8792
90.2  5594.8927
90.1  5664.729
90  5790.8647
89.9  5983.8049
89.8  6050.153
89.7  6061.2208
89.6  6150.766
89.5  6226.6271
89.4  6320.5989
89.3  6459.0936
89.2  6471.5824
89.1  6488.9154
89  6490.1903
88.9  6560.7138
88.8  6478.1788
88.7  6401.9865
88.6  6518.7834
88.5  6559.7885
88.4  6487.7621
88.3  6205.8264
88.2  6284.1157
88.1  6144.1152
88  6081.5289
87.9  5942.9078
87.8  5760.1993
87.7  5610.1299
87.6  5432.3009
87.5  5197.5086
87.4  5244.6318
87.3  4974.6674
87.2  4945.261
87.1  4921.5577
87  4732.606
86.9  4664.669
86.8  4675.2786
86.7  4469.5493
86.6  4412.2588
86.5  4351.741
86.4  4356.3987
86.3  4276.6257
86.2  4101.3799
86.1  4244.8484
86  4423.3477
85.9  4291.6425
85.8  4343.2177
85.7  4390.1673
85.6  4498.9033
85.5  4660.8879
85.4  4431.9139
85.3  4744.898
85.2  4760.8421
85.1  4724.317
85  4944.5863
84.9  5024.0319
84.8  4887.2563
84.7  4754.0048
84.6  4876.239
84.5  5011.1647
84.4  4871.4571
84.3  4945.3062
84.2  4884.6834
84.1  4917.744
84  4889.4724
83.9  4695.0963
83.8  4772.4717
83.7  4726.5309
83.6  4449.5839
83.5  4456.9053
83.4  4438.0943
83.3  4492.9024
83.2  4325.4951
83.1  4313.6958
83  4254.7023
82.9  4311.2297
82.8  4406.0533
82.7  4608.1297
82.6  4500.0245
82.5  4449.0498
82.4  4376.8817
82.3  4513.8112
82.2  4515.9042
82.1  4662.1152
82  4656.8251
81.9  4629.7292
81.8  4841.8973
81.7  4889.8381
81.6  5062.4338
81.5  5113.3379
81.4  5449.9415
81.3  5487.3976
81.2  5425.9418
81.1  5514.3737
81  5723.8904
80.9  5686.1304
80.8  5804.9614
80.7  5910.0895
80.6  5893.2614
80.5  5901.8551
80.4  6007.769
80.3  5932.4217
80.2  6140.8505
80.1  5974.4345
80  6074.5826
79.9  5954.0134
79.8  5979.3285
79.7  5971.5577
79.6  5935.186
79.5  5683.9821
79.4  5737.6937
79.3  5656.4012
79.2  5485.2263
79.1  5382.6549
79  5283.6212
78.9  5098.1588
78.8  5233.3441
78.7  5016.6769
78.6  4936.6933
78.5  4970.7025
78.4  4575.367
78.3  4488.6328
78.2  4406.3813
78.1  4225.9407
78  4266.6662
77.9  4108.7094
77.8  3941.8275
77.7  3929.1342
77.6  3800.6352
77.5  3907.4086
77.4  3647.0299
77.3  3515.5432
77.2  3506.6676
77.1  3446.1591
77  3425.3014
76.9  3238.8934
76.8  3216.3505
76.7  3159.0603
76.6  3345.9607
76.5  3093.8652
76.4  3131.2804
76.3  3158.0342
76.2  3077.1583
76.1  3056.6365
76  3170.9962
75.9  3167.3859
75.8  3064.6162
75.7  3148.2214
75.6  2980.8022
75.5  3094.6218
75.4  3149.3129
75.3  2915.0342
75.2  2855.2338
75.1  2949.3679
75  2935.4011
74.9  3079.3088
74.8  3080.1155
74.7  2933.9051
74.6  2979.9857
74.5  3003.6139
74.4  2840.2884
74.3  2869.7462
74.2  2993.4307
74.1  2882.8885
74  2991.7128
73.9  3076.668
73.8  2872.927
73.7  2954.7864
73.6  2942.1935
73.5  2949.4831
73.4  2913.8913
73.3  2891.7093
73.2  2895.0415
73.1  2849.8886
73  2822.7075
72.9  2825.4837
72.8  2873.0334
72.7  2997.0275
72.6  2899.0943
72.5  2934.9581
72.4  2944.776
72.3  2859.0645
72.2  2909.3771
72.1  2913.4544
72  2873.2539
71.9  2911.8208
71.8  2857.876
71.7  2953.0204
71.6  2904.1041
71.5  2854.6441
71.4  2901.5755
71.3  2995.4808
71.2  2999.0329
71.1  2926.5496
71  2981.4103
70.9  3012.4291
70.8  2904.4051
70.7  2962.3775
70.6  3017.1688
70.5  3093.4663
70.4  2866.1914
70.3  3014.5722
70.2  2911.5589
70.1  2914.6939
70  3028.1324
69.9  2890.4246
69.8  3014.3864
69.7  2993.3293
69.6  2911.8156
69.5  3047.7844
69.4  2916.0374
69.3  2920.8151
69.2  2940.0012
69.1  2915.4112
69  2931.9598
68.9  2998.5416
68.8  2791.9704
68.7  2794.4982
68.6  2873.6495
68.5  2898.3654
68.4  2905.3623
68.3  3009.3083
68.2  2873.3377
68.1  2872.6921
68  2958.4769
67.9  2938.1181
67.8  2905.6872
67.7  2819.5987
67.6  2918.6611
67.5  2818.2643
67.4  2931.5178
67.3  2824.894
67.2  2646.9295
67.1  2802.4627
67  2850.6808
66.9  2934.4384
66.8  2837.6303
66.7  2685.6697
66.6  2849.0049
66.5  2887.1314
66.4  2939.7756
66.3  2742.7332
66.2  2796.7503
66.1  2662.9283
66  2805.4653
65.9  2773.5582
65.8  2766.1248
65.7  2790.3977
65.6  2859.8067
65.5  2782.6009
65.4  2808.3373
65.3  2692.892
65.2  2746.8614
65.1  2673.1208
65  2735.3469
64.9  2600.2164
64.8  2631.097
64.7  2772.3205
64.6  2691.8645
64.5  2754.2987
64.4  2725.0527
64.3  2798.5291
64.2  2813.147
64.1  2734.5607
64  2709.6187
63.9  2785.5894
63.8  2812.3682
63.7  2702.1295
63.6  2640.7683
63.5  2768.882
63.4  2819.801
63.3  2737.43
63.2  2772.1209
63.1  2653.2499
63  2693.8194
62.9  2695.3981
62.8  2645.5364
62.7  2730.585
62.6  2735.9525
62.5  2573.9656
62.4  2640.1953
62.3  2647.8084
62.2  2783.3805
62.1  2618.987
62  2695.7329
61.9  2631.3455
61.8  2765.5873
61.7  2754.6925
61.6  2719.0708
61.5  2683.8049
61.4  2660.7096
61.3  2642.0959
61.2  2643.6277
61.1  2695.4441
61  2693.6024
60.9  2684.0009
60.8  2642.6035
60.7  2672.6501
60.6  2682.092
60.5  2667.3216
60.4  2637.9261
60.3  2622.641
60.2  2588.137
60.1  2700.095
60  2776.4551
59.9  2714.4844
59.8  2696.3458
59.7  2658.193
59.6  2734.6856
59.5  2725.7263
59.4  2682.2327
59.3  2725.2264
59.2  2733.5135
59.1  2679.1619
59  2652.4709
58.9  2684.6901
58.8  2657.0809
58.7  2764.4056
58.6  2703.3413
58.5  2671.3955
58.4  2680.2267
58.3  2775.6504
58.2  2702.1857
58.1  2641.0908
58  2746.0783
57.9  2666.3597
57.8  2674.4716
57.7  2720.8835
57.6  2592.4019
57.5  2672.9484
57.4  2682.455
57.3  2717.2018
57.2  2718.5857
57.1  2731.0218
57  2639.9442

# Operation:                    Peak Fit
# Range Start:                  90
# Range End:                    70.5317
# Parameter: "Transition" = 
# Parameter: "Label" = 
# Parameter: "Background Method" = Tougaard
# Parameter: "Peak Shape" = Voigt
# Parameter: "Asymmetric Peak" = false
# Parameter: "FWHM-Annotation" = S-B = <Signal-BG:@>\nFWHM = <FWHM:@>\nArea = <Area:@>
# Parameter: "Peak-Annotation" = <Label>\n<Transition>\nE = <Center:@>
#
# Result:
# Number of Results:            2
# Parameter: "Transition" = 
# Parameter: "Label" = 
# Parameter: "Center" = 80.012918437023245 eV +- 0.016057810653766064
# Parameter: "Area" = 14176.842301829025 cps eV +- 322.35715235058063
# Parameter: "FWHM (Lorentzian)" = 1.9739954858153599 eV +- 0.17770772561189249
# Parameter: "FWHM (Gaussian)" = 2.3481382832233764 eV +- 0.16145831520572634
# Parameter: "Asymmetry" = 0 +- 0
# Parameter: "Tougaard B" = 57055.205944882546 eV^2 +- 823.20763161140371
# Parameter: "Tougaard C" = 1643 eV^2 +- 0
# Parameter: "FWHM" = 3.5767578449840789 eV
# Parameter: "Baseline Offset" = 2807.2506218621606 cps +- 17.665516096597933
# Parameter: "Abbe factor" = 0.085442955638166312
# Parameter: "Reduced Chi Square" = 7.6552216602524794
# Parameter: "Q Probability" = 1.5537632409575156e-191
# Parameter: "Number of performed iterations" = 11
# Parameter: "Fit termination reason" = ConvergedInParameter
# Parameter: "Signal" = 6050.4740340194858 cps
# Parameter: "Signal-BG" = 2983.2155542578425 cps
#
# Result Name:                  Background
# Number of Curves:             1
#
# Curve:                        0
# Values/Curve:                 110
#
90  6476.3301
89.822018  6382.6478
89.644037  6290.6813
89.466055  6200.3861
89.288073  6111.7189
89.110092  6024.637
88.93211  5939.099
88.754128  5855.0641
88.576147  5772.4928
88.398165  5691.346
88.220183  5611.5859
88.042202  5533.1754
87.86422  5456.0784
87.686239  5380.2594
87.508257  5305.6842
87.330275  5232.319
87.152294  5160.1312
86.974312  5089.089
86.79633  5019.1613
86.618349  4950.3183
86.440367  4882.5306
86.262385  4815.7702
86.084404  4750.0098
85.906422  4685.2231
85.72844  4621.385
85.550459  4558.4715
85.372477  4496.4596
85.194495  4435.3277
85.016514  4375.0556
84.838532  4315.6246
84.66055  4257.0176
84.482569  4199.2195
84.304587  4142.2172
84.126606  4086.0002
83.948624  4030.5607
83.770642  3975.8944
83.592661  3922.0007
83.414679  3868.8835
83.236697  3816.5523
83.058716  3765.0227
82.880734  3714.3176
82.702752  3664.4683
82.524771  3615.5156
82.346789  3567.5109
82.168807  3520.5168
81.990826  3474.6078
81.812844  3429.87
81.634862  3386.4007
81.456881  3344.3065
81.278899  3303.7012
81.100917  3264.7016
80.922936  3227.424
80.744954  3191.9785
80.566972  3158.4638
80.388991  3126.9619
80.211009  3097.5332
80.033028  3070.2122
79.855046  3045.0054
79.677064  3021.8897
79.499083  3000.8136
79.321101  2981.699
79.143119  2964.4452
78.965138  2948.9334
78.787156  2935.0323
78.609174  2922.6031
78.431193  2911.5049
78.253211  2901.5996
78.075229  2892.7546
77.897248  2884.8466
77.719266  2877.7627
77.541284  2871.4015
77.363303  2865.6733
77.185321  2860.4996
77.007339  2855.8125
76.829358  2851.5536
76.651376  2847.6729
76.473394  2844.1276
76.295413  2840.8811
76.117431  2837.9024
75.93945  2835.1645
75.761468  2832.6443
75.583486  2830.3218
75.405505  2828.1797
75.227523  2826.2027
75.049541  2824.3773
74.87156  2822.6918
74.693578  2821.1355
74.515596  2819.6992
74.337615  2818.3743
74.159633  2817.1532
73.981651  2816.0291
73.80367  2814.9959
73.625688  2814.0477
73.447706  2813.1795
73.269725  2812.3866
73.091743  2811.6646
72.913761  2811.0096
72.73578  2810.4179
72.557798  2809.8862
72.379817  2809.4114
72.201835  2808.9905
72.023853  2808.621
71.845872  2808.3003
71.66789  2808.0263
71.489908  2807.7966
71.311927  2807.6095
71.133945  2807.4629
70.955963  2807.3553
70.777982  2807.2851
70.6  2807.2506

# Result Name:                  Peak Fit
# Number of Curves:             1
#
# Curve:                        0
# Values/Curve:                 110
#
90  6521.9126
89.822018  6429.9359
89.644037  6339.7732
89.466055  6251.3879
89.288073  6164.7452
89.110092  6079.8119
88.93211  5996.557
88.754128  5914.9514
88.576147  5834.9682
88.398165  5756.583
88.220183  5679.7737
88.042202  5604.5212
87.86422  5530.8095
87.686239  5458.6259
87.508257  5387.9615
87.330275  5318.8117
87.152294  5251.1767
86.974312  5185.0623
86.79633  5120.4807
86.618349  5057.4513
86.440367  4996.0023
86.262385  4936.1718
86.084404  4878.0101
85.906422  4821.5819
85.72844  4766.9689
85.550459  4714.2742
85.372477  4663.626
85.194495  4615.1843
85.016514  4569.1474
84.838532  4525.7615
84.66055  4485.3321
84.482569  4448.2373
84.304587  4414.9442
84.126606  4386.0283
83.948624  4362.1933
83.770642  4344.2925
83.592661  4333.347
83.414679  4330.5569
83.236697  4337.301
83.058716  4355.1147
82.880734  4385.6402
82.702752  4430.5379
82.524771  4491.3538
82.346789  4569.3387
82.168807  4665.2253
81.990826  4778.9751
81.812844  4909.5226
81.634862  5054.5495
81.456881  5210.334
81.278899  5371.7168
81.100917  5532.222
80.922936  5684.3521
80.744954  5820.0527
80.566972  5931.3142
80.388991  6010.8495
80.211009  6052.7654
80.033028  6053.1377
79.855046  6010.4086
79.677064  5925.5467
79.499083  5801.9451
79.321101  5645.0741
79.143119  5461.9392
78.965138  5260.4239
78.787156  5048.6055
78.609174  4834.1302
78.431193  4623.7134
78.253211  4422.8047
78.075229  4235.4292
77.897248  4064.1885
77.719266  3910.3896
77.541284  3774.2566
77.363303  3655.1842
77.185321  3551.9931
77.007339  3463.1616
76.829358  3387.0169
76.651376  3321.8782
76.473394  3266.1546
76.295413  3218.4035
76.117431  3177.3576
75.93945  3141.9296
75.761468  3111.2031
75.583486  3084.4152
75.405505  3060.936
75.227523  3040.2479
75.049541  3021.926
74.87156  3005.6213
74.693578  2991.0464
74.515596  2977.9637
74.337615  2966.1754
74.159633  2955.5166
73.981651  2945.8483
73.80367  2937.053
73.625688  2929.031
73.447706  2921.6968
73.269725  2914.9769
73.091743  2908.8078
72.913761  2903.1344
72.73578  2897.9086
72.557798  2893.0883
72.379817  2888.6365
72.201835  2884.5204
72.023853  2880.7111
71.845872  2877.1829
71.66789  2873.9129
71.489908  2870.8804
71.311927  2868.0672
71.133945  2865.4567
70.955963  2863.034
70.777982  2860.7857
70.6  2858.6995

# Region:                       Mo 3d
# Spectrum ID:                  5
# Acquisition Date:             07/07/26 14:40:47 UTC
# Analysis Method:              XPS
# Analyzer:                     PHOIBOS MCD5 Analyzer
# Analyzer Lens:                LargeArea:1.5kV
# Analyzer Slit:                5:7x20\B:open
# Scan Mode:                    FixedAnalyzerTransmission
# Curves/Scan:                  1
# Values/Curve:                 421
# Dwell Time:                   0.1
# Excitation Energy:            1486.61
# Binding Energy:               257
# Pass Energy:                  50
# Bias Voltage:                 90
# Detector Voltage:             3000
# Eff. Workfunction:            4.543
# Source:                       X-Ray Dummy
# Comment:                      
#
# Cycle: 0
# Number of Scans: 5
#
# Cycle: 0, Curve: 0
# Acquisition Date:             07/07/26 14:40:47 UTC
#
# ColumnLabels:                 energy counts/s
#
257  6573.5808
256.9  6650.3225
256.8  6611.4155
256.7  6489.5076
256.6  6521.6184
256.5  6491.1684
256.4  6596.175
256.3  6509.2288
256.2  6505.648
256.1  6669.0814
256  6458.9944
255.9  6422.9406
255.8  6452.3676
255.7  6566.2846
255.6  6579.3669
255.5  6528.4505
255.4  6471.184
255.3  6447.1491
255.2  6354.9253
255.1  6511.0696
255  6580.5911
254.9  6376.8412
254.8  6452.1997
254.7  6316.933
254.6  6433.7143
254.5  6592.7923
254.4  6570.0577
254.3  6457.5766
254.2  6447.3993
254.1  6236.9106
254  6674.4251
253.9  6441.9273
253.8  6544.6395
253.7  6537.377
253.6  6354.4194
253.5  6352.3379
253.4  6404.9175
253.3  6433.4279
253.2  6636.7692
253.1  6604.2847
253  6692.1819
252.9  6571.7648
252.8  6595.3408
252.7  6511.7334
252.6  6483.9392
252.5  6401.9213
252.4  6538.6431
252.3  6530.1819
252.2  6493.4857
252.1  6390.7033
252  6498.7726
251.9  6502.824
251.8  6421.1216
251.7  6302.0194
251.6  6491.1761
251.5  6369.2296
251.4  6440.5095
251.3  6481.3197
251.2  6445.0809
251.1  6309.0468
251  6442.1945
250.9  6431.0963
250.8  6412.5891
250.7  6458.9176
250.6  6318.5703
250.5  6423.7047
250.4  6494.4391
250.3  6333.1984
250.2  6472.8898
250.1  6376.8492
250  6372.7854
249.9  6506.2255
249.8  6409.1742
249.7  6254.7803
249.6  6395.8682
249.5  6509.2141
249.4  6464.1546
249.3  6393.4929
249.2  6222.6767
249.1  6242.9189
249  6362.8885
248.9  6419.5252
248.8  6414.1998
248.7  6559.5239
248.6  6614.6477
248.5  6346.1121
248.4  6571.4487
248.3  6329.9496
248.2  6257.3446
248.1  6227.8313
248  6368.0917
247.9  6205.9449
247.8  6360.5804
247.7  6270.2398
247.6  6420.0725
247.5  6199.325
247.4  6374.1664
247.3  6233.1535
247.2  6337.3355
247.1  6275.9146
247  6217.9752
246.9  6350.0006
246.8  6266.3274
246.7  6350.1771
246.6  6435.13
246.5  6317.0957
246.4  6279.9785
246.3  6308.7607
246.2  6391.7992
246.1  6514.7367
246  6316.4717
245.9  6410.223
245.8  6434.6949
245.7  6594.2571
245.6  6360.2343
245.5  6418.6547
245.4  6433.2097
245.3  6398.6017
245.2  6616.7975
245.1  6432.8261
245  6298.2617
244.9  6471.7636
244.8  6263.8293
244.7  6523.6294
244.6  6483.6887
244.5  6431.1474
244.4  6423.4596
244.3  6503.1026
244.2  6577.9589
244.1  6582.7332
244  6645.6956
243.9  6639.3016
243.8  6537.6082
243.7  6524.6416
243.6  6677.0863
243.5  6720.9651
243.4  6743.7984
243.3  6857.0201
243.2  6959.017
243.1  6974.7237
243  6737.8343
242.9  6898.2431
242.8  7023.2174
242.7  6900.3209
242.6  7044.5738
242.5  7091.8148
242.4  7019.1474
242.3  7360.5071
242.2  7443.0268
242.1  7289.7403
242  7517.1337
241.9  7435.7695
241.8  7395.8193
241.7  7401.8775
241.6  7415.2232
241.5  7509.0306
241.4  7388.038
241.3  7350.8468
241.2  7518.7352
241.1  7626.2866
241  7694.2336
240.9  7644.9885
240.8  7743.5046
240.7  7609.54
240.6  7563.1917
240.5  7470.8857
240.4  7655.3402
240.3  7607.9974
240.2  7764.1958
240.1  7803.4324
240  7822.36
239.9  7619.8243
239.8  7692.2719
239.7  7770.6628
239.6  7779.1178
239.5  7683.5368
239.4  7865.6789
239.3  7695.8432
239.2  7677.313
239.1  7826.3543
239  7786.4427
238.9  7804.4532
238.8  7766.7331
238.7  7974.3215
238.6  7752.7789
238.5  7726.5413
238.4  7904.9057
238.3  7715.3593
238.2  7748.2374
238.1  7594.7044
238  7524.0711
237.9  7580.8013
237.8  7686.7055
237.7  7593.114
237.6  7470.2545
237.5  7562.7735
237.4  7351.537
237.3  7327.0451
237.2  7264.8864
237.1  7250.6847
237  7208.3605
236.9  7172.3057
236.8  6985.2058
236.7  6969.5245
236.6  7110.964
236.5  6881.7252
236.4  6917.5177
236.3  6624.7668
236.2  6754.2142
236.1  6759.0445
236  6708.3734
235.9  6528.0231
235.8  6587.8359
235.7  6613.9453
235.6  6487.4315
235.5  6524.7034
235.4  6561.7015
235.3  6435.8472
235.2  6197.6918
235.1  6365.22
235  6308.7112
234.9  6381.6938
234.8  6164.8797
234.7  6049.051
234.6  6151.6731
234.5  6245.8591
234.4  6140.1011
234.3  6216.0812
234.2  6263.5584
234.1  6269.7659
234  6192.5345
233.9  6270.0958
233.8  6264.2919
233.7  6117.5592
233.6  6130.3902
233.5  6272.4821
233.4  6255.2799
233.3  6171.2443
233.2  6150.4551
233.1  6223.9884
233  6391.5299
232.9  6255.9598
232.8  6232.6095
232.7  6298.7928
232.6  6202.9931
232.5  6159.4044
232.4  6179.3527
232.3  6191.2031
232.2  6069.9968
232.1  6099.4653
232  6207.5871
231.9  6218.4512
231.8  6247.5795
231.7  6180.729
231.6  6098.5715
231.5  6035.7717
231.4  6183.9229
231.3  6147.2254
231.2  6344.7269
231.1  6094.8475
231  6070.8407
230.9  6144.9356
230.8  6354.1832
230.7  6196.4707
230.6  6290.4799
230.5  6348.7545
230.4  6148.7467
230.3  6259.0994
230.2  6126.9388
230.1  6285.2691
230  6301.2732
229.9  6174.2429
229.8  6117.9272
229.7  6158.7607
229.6  6191.0551
229.5  6187.0067
229.4  6314.885
229.3  6185.9845
229.2  6171.0072
229.1  6265.882
229  6148.9339
228.9  6255.3084
228.8  6321.2127
228.7  6279.5709
228.6  6197.9973
228.5  6199.2798
228.4  6170.4875
228.3  6287.3209
228.2  6141.9655
228.1  6174.1694
228  6188.8576
227.9  6015.1308
227.8  6094.9948
227.7  6158.1504
227.6  6109.1987
227.5  6288.5513
227.4  6071.9191
227.3  6079.2769
227.2  6239.0657
227.1  6318.6442
227  6115.5473
226.9  6131.0096
226.8  6210.1045
226.7  6127.3983
226.6  5999.3209
226.5  6162.8758
226.4  6152.5545
226.3  6178.9826
226.2  6233.3791
226.1  6236.7452
226  6174.2561
225.9  6031.4299
225.8  6085.009
225.7  6097.8033
225.6  6107.8881
225.5  6107.3225
225.4  6086.328
225.3  6171.8359
225.2  6201.3351
225.1  6052.0631
225  6224.0684
224.9  6123.8826
224.8  6101.3582
224.7  6255.366
224.6  6221.5155
224.5  6311.9375
224.4  6109.7187
224.3  6022.4755
224.2  6081.8484
224.1  5855.9284
224  6003.6404
223.9  6069.4623
223.8  5974.2343
223.7  6015.947
223.6  6129.5082
223.5  6146.1605
223.4  6018.2627
223.3  6033.2773
223.2  6083.6701
223.1  6101.7397
223  6142.8695
222.9  6098.7772
222.8  6061.0223
222.7  6100.8364
222.6  5922.6204
222.5  6132.8896
222.4  6052.1505
222.3  6089.7985
222.2  6024.9801
222.1  6198.6941
222  6136.8366
221.9  5990.6061
221.8  6030.5872
221.7  6097.2509
221.6  6029.7278
221.5  5960.8092
221.4  6201.9119
221.3  5926.9555
221.2  6041.869
221.1  6034.9188
221  6272.8845
220.9  6057.1464
220.8  5833.4748
220.7  6152.6954
220.6  5972.985
220.5  5914.3494
220.4  6101.505
220.3  6050.2122
220.2  5885.3205
220.1  6050.3498
220  6005.0224
219.9  6119.4064
219.8  6144.618
219.7  6078.1909
219.6  5995.4172
219.5  6038.27
219.4  6076.9237
219.3  6152.3607
219.2  6191.8523
219.1  5966.7148
219  5848.3563
218.9  6023.4877
218.8  6045.949
218.7  5986.4641
218.6  6084.7659
218.5  6054.5822
218.4  6040.9452
218.3  6116.8195
218.2  5988.7338
218.1  6150.9118
218  5911.4526
217.9  6008.6262
217.8  5943.0561
217.7  6195.4863
217.6  6278.3112
217.5  6088.9792
217.4  5923.0143
217.3  5956.3933
217.2  5913.6156
217.1  5851.0327
217  5950.9925
216.9  6045.1336
216.8  5919.1557
216.7  6117.4798
216.6  6065.3146
216.5  5985.9942
216.4  6113.5303
216.3  5992.4294
216.2  5897.8156
216.1  6105.6866
216  6119.7721
215.9  6030.0203
215.8  6162.2685
215.7  5937.7081
215.6  6028.6073
215.5  6099.9416
215.4  6195.9368
215.3  5998.2514
215.2  6128.1062
215.1  5961.9563
215  5776.0204

# Region:                       Mo 3d Hi Res
# Spectrum ID:                  6
# Acquisition Date:             07/07/26 14:57:29 UTC
# Analysis Method:              XPS
# Analyzer:                     PHOIBOS MCD5 Analyzer
# Analyzer Lens:                LargeArea:1.5kV
# Analyzer Slit:                5:7x20\B:open
# Scan Mode:                    FixedAnalyzerTransmission
# Curves/Scan:                  1
# Values/Curve:                 421
# Dwell Time:                   0.1
# Excitation Energy:            1486.61
# Binding Energy:               257
# Pass Energy:                  10
# Bias Voltage:                 90
# Detector Voltage:             3000
# Eff. Workfunction:            4.543
# Source:                       X-Ray Dummy
# Comment:                      
#
# Cycle: 0
# Number of Scans: 20
#
# Cycle: 0, Curve: 0
# Acquisition Date:             07/07/26 14:57:29 UTC
#
# ColumnLabels:                 energy counts/s
#
257  365.79109
256.9  382.33085
256.8  370.36884
256.7  349.58262
256.6  363.0219
256.5  367.24428
256.4  357.26643
256.3  367.04986
256.2  363.14054
256.1  367.65537
256  370.51427
255.9  363.3383
255.8  368.06379
255.7  360.19573
255.6  347.53146
255.5  369.59031
255.4  362.10766
255.3  358.37431
255.2  355.01193
255.1  360.66197
255  357.71237
254.9  363.09678
254.8  365.47209
254.7  355.11855
254.6  336.8149
254.5  366.83155
254.4  363.73509
254.3  370.1535
254.2  373.24007
254.1  363.76751
254  364.25989
253.9  370.09535
253.8  353.7496
253.7  361.24625
253.6  354.36545
253.5  352.00498
253.4  348.98082
253.3  352.18194
253.2  361.71475
253.1  356.67244
253  345.74612
252.9  335.51398
252.8  348.20366
252.7  359.52345
252.6  355.04176
252.5  378.49857
252.4  355.47745
252.3  355.86009
252.2  358.20942
252.1  363.68214
252  368.87325
251.9  348.43452
251.8  365.91744
251.7  355.59918
251.6  360.70661
251.5  355.54314
251.4  342.677
251.3  350.50105
251.2  368.6745
251.1  347.23217
251  355.48311
250.9  367.25586
250.8  359.21445
250.7  357.67991
250.6  354.55473
250.5  362.06324
250.4  330.77963
250.3  346.60522
250.2  352.2226
250.1  336.06896
250  327.59191
249.9  346.57339
249.8  377.18052
249.7  365.8465
249.6  366.23672
249.5  338.39121
249.4  365.06918
249.3  353.09542
249.2  358.24069
249.1  350.69878
249  334.47857
248.9  343.34165
248.8  368.12576
248.7  355.65001
248.6  354.92552
248.5  364.07309
248.4  365.02627
248.3  339.19909
248.2  351.88978
248.1  351.56154
248  329.34275
247.9  345.6852
247.8  377.48342
247.7  352.51292
247.6  332.21208
247.5  335.93442
247.4  360.41051
247.3  368.37289
247.2  325.02425
247.1  365.95157
247  345.75565
246.9  324.44535
246.8  342.54961
246.7  380.20191
246.6  359.18293
246.5  347.54048
246.4  345.64804
246.3  364.44
246.2  350.94763
246.1  337.80069
246  349.11906
245.9  354.53539
245.8  360.47591
245.7  357.00024
245.6  356.26567
245.5  350.41119
245.4  348.78753
245.3  353.35647
245.2  351.10031
245.1  349.55088
245  368.81759
244.9  331.88598
244.8  355.46017
244.7  353.72815
244.6  362.0131
244.5  346.59849
244.4  358.3535
244.3  362.61541
244.2  361.95781
244.1  347.01806
244  332.492
243.9  353.85448
243.8  347.10825
243.7  335.95435
243.6  373.29008
243.5  344.77834
243.4  370.34519
243.3  372.41122
243.2  378.88987
243.1  364.95211
243  380.06181
242.9  376.29688
242.8  389.17252
242.7  353.8343
242.6  374.55233
242.5  361.55452
242.4  382.23437
242.3  353.29057
242.2  378.47072
242.1  423.43422
242  390.73736
241.9  389.07427
241.8  419.57091
241.7  405.80398
241.6  399.05649
241.5  407.47078
241.4  391.29161
241.3  418.38001
241.2  414.02731
241.1  395.50105
241  377.21853
240.9  423.92135
240.8  427.31861
240.7  411.07372
240.6  394.58605
240.5  384.50923
240.4  388.02673
240.3  405.3559
240.2  421.72149
240.1  380.30586
240  384.90223
239.9  398.83685
239.8  396.65396
239.7  375.27521
239.6  405.54337
239.5  403.89299
239.4  412.42212
239.3  403.09335
239.2  405.60895
239.1  428.92818
239  402.20919
238.9  404.11811
238.8  417.18149
238.7  419.55975
238.6  414.09383
238.5  427.34676
238.4  426.46005
238.3  435.11869
238.2  423.2706
238.1  441.91757
238  421.83793
237.9  415.23299
237.8  406.04101
237.7  413.43461
237.6  404.75802
237.5  401.43431
237.4  421.26885
237.3  371.47053
237.2  376.67736
237.1  379.8131
237  379.54986
236.9  372.86824
236.8  386.73883
236.7  381.95135
236.6  371.93281
236.5  378.63704
236.4  360.54451
236.3  356.09363
236.2  364.33429
236.1  342.64993
236  347.06644
235.9  347.29358
235.8  351.40527
235.7  356.62353
235.6  341.0893
235.5  349.81153
235.4  344.53932
235.3  332.05934
235.2  334.61566
235.1  338.37583
235  351.67882
234.9  353.35607
234.8  364.90194
234.7  333.98894
234.6  334.9533
234.5  336.72898
234.4  340.71092
234.3  323.10789
234.2  339.70945
234.1  334.06742
234  345.1599
233.9  325.31484
233.8  334.1741
233.7  352.61644
233.6  343.17432
233.5  312.16329
233.4  351.14802
233.3  343.40238
233.2  324.41519
233.1  343.4723
233  342.50155
232.9  344.07994
232.8  354.02874
232.7  312.70944
232.6  311.84696
232.5  344.72355
232.4  339.22656
232.3  316.49975
232.2  347.59259
232.1  344.9672
232  323.25808
231.9  335.25885
231.8  341.53674
231.7  339.78587
231.6  344.19805
231.5  326.36454
231.4  356.16777
231.3  343.58047
231.2  329.44629
231.1  338.45311
231  337.8554
230.9  344.98045
230.8  333.20802
230.7  333.06361
230.6  323.75033
230.5  347.10665
230.4  319.50131
230.3  327.82071
230.2  319.81003
230.1  345.42208
230  340.77852
229.9  321.09668
229.8  344.90137
229.7  337.96562
229.6  334.65357
229.5  354.92164
229.4  329.20522
229.3  341.63766
229.2  338.1183
229.1  361.15998
229  350.91926
228.9  342.725
228.8  344.62165
228.7  349.49773
228.6  347.82863
228.5  338.48812
228.4  317.76313
228.3  329.62183
228.2  320.62495
228.1  324.36143
228  309.65408
227.9  342.7984
227.8  317.9502
227.7  333.28603
227.6  344.9751
227.5  345.40671
227.4  319.29281
227.3  325.2577
227.2  329.57759
227.1  335.81621
227  339.9961
226.9  332.32241
226.8  340.14101
226.7  328.26033
226.6  326.68655
226.5  337.24414
226.4  320.14026
226.3  344.28358
226.2  335.98594
226.1  342.9405
226  349.95662
225.9  324.89055
225.8  325.45103
225.7  338.25856
225.6  336.61651
225.5  347.35774
225.4  328.70494
225.3  310.59074
225.2  312.5109
225.1  328.51311
225  351.08325
224.9  332.91284
224.8  323.42615
224.7  341.15599
224.6  336.59529
224.5  332.63878
224.4  331.23614
224.3  333.6034
224.2  308.73851
224.1  337.00231
224  346.67621
223.9  326.86024
223.8  318.57328
223.7  319.81595
223.6  346.83869
223.5  339.82421
223.4  329.71203
223.3  338.19708
223.2  339.50888
223.1  324.62893
223  311.02961
222.9  345.04515
222.8  332.64763
222.7  343.79816
222.6  314.10075
222.5  339.01446
222.4  318.17101
222.3  325.21889
222.2  331.0328
222.1  337.17196
222  338.54097
221.9  331.04192
221.8  347.0231
221.7  328.78835
221.6  344.80672
221.5  342.12869
221.4  313.81681
221.3  325.41756
221.2  321.08271
221.1  340.58919
221  310.2493
220.9  321.23043
220.8  316.75325
220.7  328.61293
220.6  326.69842
220.5  307.41128
220.4  320.41016
220.3  351.07845
220.2  353.67351
220.1  351.62701
220  335.43203
219.9  321.65892
219.8  334.55308
219.7  331.22053
219.6  322.39263
219.5  331.4447
219.4  311.16295
219.3  319.39011
219.2  334.06474
219.1  335.48026
219  328.75549
218.9  350.63888
218.8  339.82014
218.7  330.49874
218.6  340.53275
218.5  322.97983
218.4  323.41471
218.3  340.39677
218.2  325.24229
218.1  331.38667
218  329.90562
217.9  325.72163
217.8  319.92817
217.7  322.47614
217.6  325.97084
217.5  343.18599
217.4  338.47061
217.3  336.08736
217.2  348.34156
217.1  340.95194
217  324.22911
216.9  344.50176
216.8  337.66504
216.7  340.88213
216.6  340.44412
216.5  347.87018
216.4  362.2385
216.3  323.61397
216.2  343.4377
216.1  340.95181
216  337.04229
215.9  319.23569
215.8  305.92038
215.7  318.00462
215.6  330.30154
215.5  306.73518
215.4  310.65903
215.3  313.56401
215.2  357.79991
215.1  329.03369
215  318.03552

# Operation:                    Multi Peak Fit
# Parameter: "Peak Function" = Voigt
# Parameter: "Background Function" = Tougaard 2
# Parameter: "Baseline" = Constant
# Parameter: "LM Parameters/Max Iterations" = 200
# Parameter: "LM Parameters/Tolerance" = 2.2204459999999999e-16
# Parameter: "Baseline/BL_I/Value" = nan counts
# Parameter: "Peak 1/C/Value" = nan eV
# Parameter: "Peak 1/A/Value" = nan counts eV
# Parameter: "Peak 1/FL/Value" = nan eV
# Parameter: "Peak 1/FG/Value" = nan eV
# Parameter: "Peak 1/a/Value" = 0
# Parameter: "Peak 1/a/Constraint" = Fixed: 0
# Parameter: "Peak 1/TB/Value" = nan eV^2
# Parameter: "Peak 1/TC/Value" = 1643 eV^2
# Parameter: "Peak 1/TC/Constraint" = Fixed: 1643
# Parameter: "Peak 2/C/Value" = nan eV
# Parameter: "Peak 2/A/Value" = nan counts eV
# Parameter: "Peak 2/FL/Value" = nan eV
# Parameter: "Peak 2/FG/Value" = nan eV
# Parameter: "Peak 2/a/Value" = 0
# Parameter: "Peak 2/a/Constraint" = Fixed: 0
# Parameter: "Peak 2/TB/Value" = nan eV^2
# Parameter: "Peak 2/TC/Value" = 1643 eV^2
# Parameter: "Peak 2/TC/Constraint" = Fixed: 1643
#
# Result:
# Number of Results:            5
# Parameter: "Baseline/BL_I/Value" = 661.91106933512185 counts +- 2.2319400037204637
# Parameter: "Peak 1/C/Value" = 1248.3524076811284 eV +- 0.092920947871734397
# Parameter: "Peak 1/C/Constraint" = Restricted: 1229.61 .. 1271.61
# Parameter: "Peak 1/Relative Area/Value" = 56.482075023842128 %
# Parameter: "Peak 1/A/Value" = 629.92403823512041 counts eV +- 101.64254209257251
# Parameter: "Peak 1/FL/Value" = 2.0108375748031833 eV +- 0.7051968831751303
# Parameter: "Peak 1/FG/Value" = 1.1892891782189057 eV +- 0.84560234614625873
# Parameter: "Peak 1/F/Value" = 2.5883389878193928 eV
# Parameter: "Peak 1/a/Value" = 0 +- 0
# Parameter: "Peak 1/a/Constraint" = Fixed: 0
# Parameter: "Peak 1/TB/Value" = 15574.318349107931 eV^2 +- 1763.7450525764125
# Parameter: "Peak 1/TC/Value" = 1643 eV^2 +- 0
# Parameter: "Peak 1/TC/Constraint" = Fixed: 1643
# Parameter: "Peak 2/C/Value" = 1245.3182712814933 eV +- 0.13589935217111301
# Parameter: "Peak 2/C/Constraint" = Restricted: 1229.61 .. 1271.61
# Parameter: "Peak 2/Relative Area/Value" = 43.517924976157879 %
# Parameter: "Peak 2/A/Value" = 485.33958826800978 counts eV +- 110.98818289877637
# Parameter: "Peak 2/FL/Value" = 2.4401395742739638 eV +- 1.0157669854725035
# Parameter: "Peak 2/FG/Value" = 0.70788460563911682 eV +- 1.9430024289574006
# Parameter: "Peak 2/F/Value" = 2.6427000304480162 eV
# Parameter: "Peak 2/a/Value" = 0 +- 0
# Parameter: "Peak 2/a/Constraint" = Fixed: 0
# Parameter: "Peak 2/TB/Value" = 0 eV^2 +- 0
# Parameter: "Peak 2/TC/Value" = 1643 eV^2 +- 0
# Parameter: "Peak 2/TC/Constraint" = Fixed: 1643
# Parameter: "Fit Result/ChiSquare" = 333.08597658045596
# Parameter: "Fit Result/Reduced ChiSquare" = 0.81439114078351094
# Parameter: "Fit Result/Abbe Factor" = 0.91880689761127987
# Parameter: "Fit Result/Q-Probability" = 0.99756303699634319
# Parameter: "Termination State" = ConvergedInParameter
#
# Result Name:                  Background
# Number of Curves:             1
#
# Curve:                        0
# Values/Curve:                 326
#
257  363.52348
256.87077  363.28693
256.74154  363.05106
256.61231  362.81586
256.48308  362.58131
256.35385  362.34741
256.22462  362.11413
256.09538  361.88147
255.96615  361.64941
255.83692  361.41793
255.70769  361.18703
255.57846  360.95669
255.44923  360.7269
255.32  360.49765
255.19077  360.26892
255.06154  360.04069
254.93231  359.81297
254.80308  359.58573
254.67385  359.35896
254.54462  359.13265
254.41538  358.90678
254.28615  358.68136
254.15692  358.45635
254.02769  358.23176
253.89846  358.00757
253.76923  357.78376
253.64  357.56034
253.51077  357.33727
253.38154  357.11456
253.25231  356.8922
253.12308  356.67016
252.99385  356.44845
252.86462  356.22704
252.73538  356.00594
252.60615  355.78512
252.47692  355.56459
252.34769  355.34432
252.21846  355.12431
252.08923  354.90455
251.96  354.68503
251.83077  354.46574
251.70154  354.24667
251.57231  354.02781
251.44308  353.80915
251.31385  353.59069
251.18462  353.37241
251.05538  353.15431
250.92615  352.93638
250.79692  352.71861
250.66769  352.50099
250.53846  352.28351
250.40923  352.06618
250.28  351.84897
250.15077  351.63189
250.02154  351.41493
249.89231  351.19807
249.76308  350.98132
249.63385  350.76466
249.50462  350.5481
249.37538  350.33162
249.24615  350.11523
249.11692  349.89891
248.98769  349.68265
248.85846  349.46647
248.72923  349.25034
248.6  349.03428
248.47077  348.81826
248.34154  348.6023
248.21231  348.38638
248.08308  348.1705
247.95385  347.95467
247.82462  347.73887
247.69538  347.5231
247.56615  347.30737
247.43692  347.09167
247.30769  346.876
247.17846  346.66036
247.04923  346.44475
246.92  346.22917
246.79077  346.01361
246.66154  345.79808
246.53231  345.58258
246.40308  345.36712
246.27385  345.15168
246.14462  344.93628
246.01538  344.72091
245.88615  344.50558
245.75692  344.2903
245.62769  344.07506
245.49846  343.85987
245.36923  343.64473
245.24  343.42966
245.11077  343.21464
244.98154  342.99971
244.85231  342.78484
244.72308  342.57007
244.59385  342.35539
244.46462  342.14081
244.33538  341.92635
244.20615  341.71201
244.07692  341.49781
243.94769  341.28375
243.81846  341.06985
243.68923  340.85613
243.56  340.6426
243.43077  340.42927
243.30154  340.21617
243.17231  340.00332
243.04308  339.79073
242.91385  339.57843
242.78462  339.36645
242.65538  339.1548
242.52615  338.94353
242.39692  338.73265
242.26769  338.52221
242.13846  338.31225
242.00923  338.1028
241.88  337.89392
241.75077  337.68564
241.62154  337.47803
241.49231  337.27116
241.36308  337.06507
241.23385  336.85987
241.10462  336.65562
240.97538  336.45242
240.84615  336.25039
240.71692  336.04965
240.58769  335.85033
240.45846  335.65259
240.32923  335.45662
240.2  335.26263
240.07077  335.07084
239.94154  334.88154
239.81231  334.69503
239.68308  334.51167
239.55385  334.33185
239.42462  334.15602
239.29538  333.98465
239.16615  333.81825
239.03692  333.65737
238.90769  333.50254
238.77846  333.35428
238.64923  333.21308
238.52  333.07935
238.39077  332.95341
238.26154  332.83545
238.13231  332.72555
238.00308  332.62366
237.87385  332.52958
237.74462  332.443
237.61538  332.36352
237.48615  332.29067
237.35692  332.22393
237.22769  332.16277
237.09846  332.10665
236.96923  332.05506
236.84  332.00753
236.71077  331.96361
236.58154  331.92292
236.45231  331.88509
236.32308  331.84983
236.19385  331.81685
236.06462  331.78593
235.93538  331.75686
235.80615  331.72946
235.67692  331.70357
235.54769  331.67905
235.41846  331.65579
235.28923  331.63369
235.16  331.61263
235.03077  331.59256
234.90154  331.57338
234.77231  331.55503
234.64308  331.53747
234.51385  331.52062
234.38462  331.50445
234.25538  331.48891
234.12615  331.47396
233.99692  331.45956
233.86769  331.44569
233.73846  331.43231
233.60923  331.4194
233.48  331.40692
233.35077  331.39487
233.22154  331.3832
233.09231  331.37192
232.96308  331.36099
232.83385  331.3504
232.70462  331.34013
232.57538  331.33018
232.44615  331.32052
232.31692  331.31114
232.18769  331.30203
232.05846  331.29318
231.92923  331.28458
231.8  331.27621
231.67077  331.26808
231.54154  331.26016
231.41231  331.25246
231.28308  331.24496
231.15385  331.23765
231.02462  331.23054
230.89538  331.2236
230.76615  331.21684
230.63692  331.21025
230.50769  331.20383
230.37846  331.19756
230.24923  331.19145
230.12  331.18549
229.99077  331.17966
229.86154  331.17398
229.73231  331.16844
229.60308  331.16302
229.47385  331.15773
229.34462  331.15257
229.21538  331.14752
229.08615  331.14259
228.95692  331.13777
228.82769  331.13307
228.69846  331.12846
228.56923  331.12397
228.44  331.11957
228.31077  331.11528
228.18154  331.11107
228.05231  331.10697
227.92308  331.10295
227.79385  331.09902
227.66462  331.09518
227.53538  331.09143
227.40615  331.08775
227.27692  331.08416
227.14769  331.08064
227.01846  331.0772
226.88923  331.07384
226.76  331.07055
226.63077  331.06733
226.50154  331.06418
226.37231  331.0611
226.24308  331.05809
226.11385  331.05514
225.98462  331.05226
225.85538  331.04944
225.72615  331.04668
225.59692  331.04398
225.46769  331.04134
225.33846  331.03876
225.20923  331.03624
225.08  331.03377
224.95077  331.03136
224.82154  331.02899
224.69231  331.02669
224.56308  331.02443
224.43385  331.02222
224.30462  331.02007
224.17538  331.01796
224.04615  331.0159
223.91692  331.01388
223.78769  331.01192
223.65846  331.00999
223.52923  331.00812
223.4  331.00628
223.27077  331.00449
223.14154  331.00274
223.01231  331.00103
222.88308  330.99937
222.75385  330.99774
222.62462  330.99616
222.49538  330.99461
222.36615  330.9931
222.23692  330.99163
222.10769  330.99019
221.97846  330.98879
221.84923  330.98743
221.72  330.9861
221.59077  330.98481
221.46154  330.98355
221.33231  330.98233
221.20308  330.98114
221.07385  330.97998
220.94462  330.97885
220.81538  330.97776
220.68615  330.9767
220.55692  330.97567
220.42769  330.97467
220.29846  330.97369
220.16923  330.97275
220.04  330.97184
219.91077  330.97096
219.78154  330.9701
219.65231  330.96928
219.52308  330.96848
219.39385  330.96771
219.26462  330.96696
219.13538  330.96625
219.00615  330.96555
218.87692  330.96489
218.74769  330.96425
218.61846  330.96363
218.48923  330.96304
218.36  330.96248
218.23077  330.96194
218.10154  330.96142
217.97231  330.96093
217.84308  330.96046
217.71385  330.96001
217.58462  330.95959
217.45538  330.95919
217.32615  330.95881
217.19692  330.95845
217.06769  330.95812
216.93846  330.95781
216.80923  330.95751
216.68  330.95724
216.55077  330.95699
216.42154  330.95676
216.29231  330.95656
216.16308  330.95637
216.03385  330.9562
215.90462  330.95605
215.77538  330.95592
215.64615  330.95581
215.51692  330.95572
215.38769  330.95564
215.25846  330.95559
215.12923  330.95555
215  330.95553

# Result Name:                  Combined
# Number of Curves:             1
#
# Curve:                        0
# Values/Curve:                 326
#
257  364.19029
256.87077  363.96403
256.74154  363.73869
256.61231  363.51428
256.48308  363.29077
256.35385  363.06817
256.22462  362.84648
256.09538  362.62568
255.96615  362.40577
255.83692  362.18675
255.70769  361.96863
255.57846  361.75138
255.44923  361.53502
255.32  361.31954
255.19077  361.10494
255.06154  360.89122
254.93231  360.67838
254.80308  360.46642
254.67385  360.25534
254.54462  360.04515
254.41538  359.83585
254.28615  359.62745
254.15692  359.41994
254.02769  359.21334
253.89846  359.00765
253.76923  358.80289
253.64  358.59905
253.51077  358.39615
253.38154  358.19421
253.25231  357.99323
253.12308  357.79322
252.99385  357.59422
252.86462  357.39623
252.73538  357.19926
252.60615  357.00335
252.47692  356.80852
252.34769  356.61478
252.21846  356.42217
252.08923  356.23071
251.96  356.04044
251.83077  355.85139
251.70154  355.66359
251.57231  355.47709
251.44308  355.29192
251.31385  355.10814
251.18462  354.92578
251.05538  354.74491
250.92615  354.56557
250.79692  354.38784
250.66769  354.21177
250.53846  354.03744
250.40923  353.86492
250.28  353.69429
250.15077  353.52564
250.02154  353.35906
249.89231  353.19467
249.76308  353.03255
249.63385  352.87284
249.50462  352.71567
249.37538  352.56115
249.24615  352.40946
249.11692  352.26074
248.98769  352.11517
248.85846  351.97294
248.72923  351.83424
248.6  351.6993
248.47077  351.56836
248.34154  351.44168
248.21231  351.31953
248.08308  351.20223
247.95385  351.09011
247.82462  350.98354
247.69538  350.8829
247.56615  350.78865
247.43692  350.70126
247.30769  350.62125
247.17846  350.5492
247.04923  350.48576
246.92  350.43161
246.79077  350.38754
246.66154  350.35441
246.53231  350.33317
246.40308  350.32488
246.27385  350.33072
246.14462  350.35201
246.01538  350.39022
245.88615  350.44702
245.75692  350.52425
245.62769  350.62402
245.49846  350.74869
245.36923  350.90095
245.24  351.08384
245.11077  351.30081
244.98154  351.55584
244.85231  351.85343
244.72308  352.19877
244.59385  352.59783
244.46462  353.05747
244.33538  353.58561
244.20615  354.19138
244.07692  354.88538
243.94769  355.67981
243.81846  356.58877
243.68923  357.62846
243.56  358.81744
243.43077  360.17671
243.30154  361.72973
243.17231  363.50217
243.04308  365.52115
242.91385  367.81382
242.78462  370.40487
242.65538  373.31272
242.52615  376.5439
242.39692  380.08571
242.26769  383.89769
242.13846  387.90296
242.00923  391.98215
241.88  395.97272
241.75077  399.67725
241.62154  402.88213
241.49231  405.38579
241.36308  407.03149
241.23385  407.73688
241.10462  407.51226
240.97538  406.46191
240.84615  404.76831
240.71692  402.66421
240.58769  400.40042
240.45846  398.21736
240.32923  396.32519
240.2  394.894
240.07077  394.05199
239.94154  393.88824
239.81231  394.45632
239.68308  395.77625
239.55385  397.83332
239.42462  400.57388
239.29538  403.89955
239.16615  407.66201
239.03692  411.66136
238.90769  415.65085
238.77846  419.34972
238.64923  422.46473
238.52  424.71817
238.39077  425.87869
238.26154  425.78923
238.13231  424.38676
238.00308  421.70951
237.87385  417.89018
237.74462  413.13651
237.61538  407.70321
237.48615  401.86096
237.35692  395.86777
237.22769  389.94696
237.09846  384.27399
236.96923  378.97199
236.84  374.11457
236.71077  369.73334
236.58154  365.82773
236.45231  362.37498
236.32308  359.33894
236.19385  356.67704
236.06462  354.34519
235.93538  352.30102
235.80615  350.50567
235.67692  348.92456
235.54769  347.52758
235.41846  346.28883
235.28923  345.18626
235.16  344.20118
235.03077  343.31774
234.90154  342.52256
234.77231  341.80428
234.64308  341.15327
234.51385  340.5613
234.38462  340.02137
234.25538  339.52747
234.12615  339.0744
233.99692  338.65771
233.86769  338.27351
233.73846  337.91844
233.60923  337.58955
233.48  337.28427
233.35077  337.00032
233.22154  336.7357
233.09231  336.48866
232.96308  336.25762
232.83385  336.0412
232.70462  335.83813
232.57538  335.64733
232.44615  335.46777
232.31692  335.29858
232.18769  335.13895
232.05846  334.98814
231.92923  334.84549
231.8  334.71041
231.67077  334.58236
231.54154  334.46083
231.41231  334.34539
231.28308  334.23561
231.15385  334.13113
231.02462  334.03159
230.89538  333.93668
230.76615  333.84611
230.63692  333.7596
230.50769  333.67692
230.37846  333.59783
230.24923  333.52212
230.12  333.4496
229.99077  333.38008
229.86154  333.31339
229.73231  333.24939
229.60308  333.18792
229.47385  333.12885
229.34462  333.07205
229.21538  333.0174
229.08615  332.9648
228.95692  332.91413
228.82769  332.86531
228.69846  332.81825
228.56923  332.77285
228.44  332.72904
228.31077  332.68675
228.18154  332.6459
228.05231  332.60642
227.92308  332.56827
227.79385  332.53136
227.66462  332.49566
227.53538  332.46111
227.40615  332.42766
227.27692  332.39526
227.14769  332.36387
227.01846  332.33344
226.88923  332.30395
226.76  332.27534
226.63077  332.24758
226.50154  332.22065
226.37231  332.1945
226.24308  332.16911
226.11385  332.14445
225.98462  332.12049
225.85538  332.0972
225.72615  332.07457
225.59692  332.05256
225.46769  332.03115
225.33846  332.01033
225.20923  331.99006
225.08  331.97034
224.95077  331.95114
224.82154  331.93245
224.69231  331.91424
224.56308  331.8965
224.43385  331.87922
224.30462  331.86238
224.17538  331.84596
224.04615  331.82996
223.91692  331.81435
223.78769  331.79914
223.65846  331.78429
223.52923  331.76981
223.4  331.75568
223.27077  331.74189
223.14154  331.72843
223.01231  331.71529
222.88308  331.70246
222.75385  331.68993
222.62462  331.6777
222.49538  331.66575
222.36615  331.65408
222.23692  331.64267
222.10769  331.63153
221.97846  331.62063
221.84923  331.60999
221.72  331.59958
221.59077  331.58941
221.46154  331.57947
221.33231  331.56974
221.20308  331.56023
221.07385  331.55093
220.94462  331.54183
220.81538  331.53294
220.68615  331.52423
220.55692  331.51572
220.42769  331.50738
220.29846  331.49923
220.16923  331.49125
220.04  331.48344
219.91077  331.4758
219.78154  331.46832
219.65231  331.461
219.52308  331.45384
219.39385  331.44682
219.26462  331.43995
219.13538  331.43323
219.00615  331.42664
218.87692  331.4202
218.74769  331.41388
218.61846  331.4077
218.48923  331.40165
218.36  331.39572
218.23077  331.38991
218.10154  331.38423
217.97231  331.37866
217.84308  331.37321
217.71385  331.36786
217.58462  331.36263
217.45538  331.35751
217.32615  331.35249
217.19692  331.34757
217.06769  331.34276
216.93846  331.33804
216.80923  331.33342
216.68  331.3289
216.55077  331.32447
216.42154  331.32012
216.29231  331.31587
216.16308  331.31171
216.03385  331.30763
215.90462  331.30364
215.77538  331.29972
215.64615  331.29589
215.51692  331.29214
215.38769  331.28847
215.25846  331.28487
215.12923  331.28134
215  331.27789

# Result Name:                  Peak 1
# Number of Curves:             1
#
# Curve:                        0
# Values/Curve:                 326
#
257  363.81023
256.87077  363.57767
256.74154  363.34588
256.61231  363.11484
256.48308  362.88454
256.35385  362.65498
256.22462  362.42614
256.09538  362.19801
255.96615  361.97058
255.83692  361.74385
255.70769  361.51779
255.57846  361.2924
255.44923  361.06767
255.32  360.84359
255.19077  360.62015
255.06154  360.39735
254.93231  360.17517
254.80308  359.9536
254.67385  359.73264
254.54462  359.51228
254.41538  359.29251
254.28615  359.07332
254.15692  358.85471
254.02769  358.63667
253.89846  358.41918
253.76923  358.20226
253.64  357.98589
253.51077  357.77006
253.38154  357.55477
253.25231  357.34001
253.12308  357.12579
252.99385  356.91209
252.86462  356.69892
252.73538  356.48626
252.60615  356.27413
252.47692  356.06251
252.34769  355.85141
252.21846  355.64082
252.08923  355.43074
251.96  355.22118
251.83077  355.01213
251.70154  354.8036
251.57231  354.59559
251.44308  354.3881
251.31385  354.18114
251.18462  353.97471
251.05538  353.76881
250.92615  353.56346
250.79692  353.35866
250.66769  353.15442
250.53846  352.95075
250.40923  352.74766
250.28  352.54515
250.15077  352.34325
250.02154  352.14198
249.89231  351.94133
249.76308  351.74134
249.63385  351.54201
249.50462  351.34338
249.37538  351.14546
249.24615  350.94828
249.11692  350.75186
248.98769  350.55623
248.85846  350.36143
248.72923  350.16747
248.6  349.97441
248.47077  349.78228
248.34154  349.59112
248.21231  349.40098
248.08308  349.21189
247.95385  349.02392
247.82462  348.83712
247.69538  348.65155
247.56615  348.46728
247.43692  348.28437
247.30769  348.10289
247.17846  347.92294
247.04923  347.74459
246.92  347.56794
246.79077  347.3931
246.66154  347.22016
246.53231  347.04926
246.40308  346.88051
246.27385  346.71406
246.14462  346.55006
246.01538  346.38866
245.88615  346.23006
245.75692  346.07443
245.62769  345.922
245.49846  345.77298
245.36923  345.62763
245.24  345.48622
245.11077  345.34904
244.98154  345.21644
244.85231  345.08875
244.72308  344.96638
244.59385  344.84977
244.46462  344.73938
244.33538  344.63575
244.20615  344.53947
244.07692  344.45117
243.94769  344.3716
243.81846  344.30154
243.68923  344.2419
243.56  344.19368
243.43077  344.15802
243.30154  344.13619
243.17231  344.1296
243.04308  344.1399
242.91385  344.16891
242.78462  344.21874
242.65538  344.29176
242.52615  344.39072
242.39692  344.51875
242.26769  344.6795
242.13846  344.87715
242.00923  345.11657
241.88  345.40344
241.75077  345.74441
241.62154  346.14727
241.49231  346.6212
241.36308  347.17701
241.23385  347.82753
241.10462  348.58793
240.97538  349.47617
240.84615  350.51348
240.71692  351.72483
240.58769  353.13931
240.45846  354.7904
240.32923  356.71578
240.2  358.9566
240.07077  361.55575
239.94154  364.5547
239.81231  367.98869
239.68308  371.87986
239.55385  376.22852
239.42462  381.00318
239.29538  386.1306
239.16615  391.48802
239.03692  396.89998
238.90769  402.14212
238.77846  406.95384
238.64923  411.05965
238.52  414.19739
238.39077  416.14919
238.26154  416.76966
238.13231  416.00586
238.00308  413.9047
237.87385  410.6064
237.74462  406.32516
237.61538  401.32133
237.48615  395.87043
237.35692  390.2347
237.22769  384.64114
237.09846  379.26842
236.96923  374.24249
236.84  369.63941
236.71077  365.49296
236.58154  361.80449
236.45231  358.55292
236.32308  355.70361
236.19385  353.21529
236.06462  351.04508
235.93538  349.15166
235.80615  347.4971
235.67692  346.04767
235.54769  344.77401
235.41846  343.65093
235.28923  342.65697
235.16  341.774
235.03077  340.98668
234.90154  340.28208
234.77231  339.64925
234.64308  339.07893
234.51385  338.56325
234.38462  338.09552
234.25538  337.66999
234.12615  337.28176
233.99692  336.92659
233.86769  336.60083
233.73846  336.3013
233.60923  336.02526
233.48  335.77028
233.35077  335.53427
233.22154  335.31537
233.09231  335.11195
232.96308  334.92256
232.83385  334.74593
232.70462  334.58093
232.57538  334.42653
232.44615  334.28184
232.31692  334.14605
232.18769  334.01843
232.05846  333.89832
231.92923  333.78514
231.8  333.67835
231.67077  333.57748
231.54154  333.48208
231.41231  333.39175
231.28308  333.30615
231.15385  333.22493
231.02462  333.1478
230.89538  333.07448
230.76615  333.00472
230.63692  332.93828
230.50769  332.87496
230.37846  332.81456
230.24923  332.7569
230.12  332.7018
229.99077  332.64913
229.86154  332.59873
229.73231  332.55047
229.60308  332.50423
229.47385  332.4599
229.34462  332.41737
229.21538  332.37655
229.08615  332.33733
228.95692  332.29964
228.82769  332.2634
228.69846  332.22853
228.56923  332.19496
228.44  332.16263
228.31077  332.13148
228.18154  332.10144
228.05231  332.07248
227.92308  332.04452
227.79385  332.01753
227.66462  331.99147
227.53538  331.96629
227.40615  331.94194
227.27692  331.9184
227.14769  331.89563
227.01846  331.8736
226.88923  331.85227
226.76  331.83161
226.63077  331.8116
226.50154  331.79221
226.37231  331.77341
226.24308  331.75518
226.11385  331.7375
225.98462  331.72035
225.85538  331.7037
225.72615  331.68754
225.59692  331.67185
225.46769  331.6566
225.33846  331.64179
225.20923  331.6274
225.08  331.61341
224.95077  331.59981
224.82154  331.58658
224.69231  331.57371
224.56308  331.5612
224.43385  331.54901
224.30462  331.53716
224.17538  331.52561
224.04615  331.51437
223.91692  331.50343
223.78769  331.49276
223.65846  331.48238
223.52923  331.47226
223.4  331.46239
223.27077  331.45278
223.14154  331.4434
223.01231  331.43427
222.88308  331.42535
222.75385  331.41666
222.62462  331.40819
222.49538  331.39992
222.36615  331.39185
222.23692  331.38398
222.10769  331.37629
221.97846  331.3688
221.84923  331.36148
221.72  331.35433
221.59077  331.34736
221.46154  331.34055
221.33231  331.3339
221.20308  331.3274
221.07385  331.32106
220.94462  331.31486
220.81538  331.30881
220.68615  331.3029
220.55692  331.29713
220.42769  331.29149
220.29846  331.28598
220.16923  331.2806
220.04  331.27534
219.91077  331.27019
219.78154  331.26517
219.65231  331.26026
219.52308  331.25547
219.39385  331.25078
219.26462  331.2462
219.13538  331.24172
219.00615  331.23735
218.87692  331.23307
218.74769  331.22889
218.61846  331.22481
218.48923  331.22082
218.36  331.21692
218.23077  331.21311
218.10154  331.20938
217.97231  331.20574
217.84308  331.20218
217.71385  331.19871
217.58462  331.19531
217.45538  331.19199
217.32615  331.18875
217.19692  331.18558
217.06769  331.18249
216.93846  331.17946
216.80923  331.17651
216.68  331.17362
216.55077  331.17081
216.42154  331.16806
216.29231  331.16537
216.16308  331.16275
216.03385  331.16019
215.90462  331.15769
215.77538  331.15525
215.64615  331.15286
215.51692  331.15054
215.38769  331.14827
215.25846  331.14606
215.12923  331.1439
215  331.1418

# Result Name:                  Peak 2
# Number of Curves:             1
#
# Curve:                        0
# Values/Curve:                 326
#
257  363.90354
256.87077  363.67329
256.74154  363.44388
256.61231  363.2153
256.48308  362.98754
256.35385  362.7606
256.22462  362.53446
256.09538  362.30913
255.96615  362.08459
255.83692  361.86084
255.70769  361.63787
255.57846  361.41568
255.44923  361.19425
255.32  360.97359
255.19077  360.7537
255.06154  360.53456
254.93231  360.31617
254.80308  360.09854
254.67385  359.88166
254.54462  359.66552
254.41538  359.45013
254.28615  359.23548
254.15692  359.02159
254.02769  358.80844
253.89846  358.59604
253.76923  358.38439
253.64  358.1735
253.51077  357.96337
253.38154  357.754
253.25231  357.54541
253.12308  357.3376
252.99385  357.13058
252.86462  356.92435
252.73538  356.71894
252.60615  356.51435
252.47692  356.31059
252.34769  356.10769
252.21846  355.90566
252.08923  355.70452
251.96  355.50429
251.83077  355.305
251.70154  355.10666
251.57231  354.90931
251.44308  354.71297
251.31385  354.51769
251.18462  354.32348
251.05538  354.1304
250.92615  353.93849
250.79692  353.74778
250.66769  353.55834
250.53846  353.3702
250.40923  353.18344
250.28  352.99811
250.15077  352.81427
250.02154  352.63201
249.89231  352.45141
249.76308  352.27253
249.63385  352.09549
249.50462  351.92039
249.37538  351.74732
249.24615  351.57641
249.11692  351.40779
248.98769  351.24159
248.85846  351.07798
248.72923  350.91711
248.6  350.75917
248.47077  350.60434
248.34154  350.45286
248.21231  350.30494
248.08308  350.16084
247.95385  350.02086
247.82462  349.88528
247.69538  349.75445
247.56615  349.62874
247.43692  349.50856
247.30769  349.39436
247.17846  349.28663
247.04923  349.18591
246.92  349.09283
246.79077  349.00805
246.66154  348.93233
246.53231  348.86649
246.40308  348.81148
246.27385  348.76834
246.14462  348.73823
246.01538  348.72247
245.88615  348.72254
245.75692  348.74012
245.62769  348.77708
245.49846  348.83559
245.36923  348.91806
245.24  349.02728
245.11077  349.16641
244.98154  349.33911
244.85231  349.54952
244.72308  349.80246
244.59385  350.10346
244.46462  350.4589
244.33538  350.8762
244.20615  351.36393
244.07692  351.93201
243.94769  352.59196
243.81846  353.35708
243.68923  354.24269
243.56  355.26635
243.43077  356.44796
243.30154  357.80972
243.17231  359.37589
243.04308  361.17198
242.91385  363.22333
242.78462  365.55258
242.65538  368.17577
242.52615  371.09671
242.39692  374.29961
242.26769  377.7404
242.13846  381.33807
242.00923  384.96838
241.88  388.4632
241.75077  391.61848
241.62154  394.21289
241.49231  396.03575
241.36308  396.91955
241.23385  396.76922
241.10462  395.57995
240.97538  393.43816
240.84615  390.50522
240.71692  386.98902
240.58769  383.11144
240.45846  379.07955
240.32923  375.06603
240.2  371.20002
240.07077  367.56709
239.94154  364.21508
239.81231  361.16266
239.68308  358.40806
239.55385  355.93665
239.42462  353.72673
239.29538  351.7536
239.16615  349.99223
239.03692  348.41875
238.90769  347.01126
238.77846  345.75016
238.64923  344.61816
238.52  343.60013
238.39077  342.68291
238.26154  341.85502
238.13231  341.10646
238.00308  340.42847
237.87385  339.81336
237.74462  339.25434
237.61538  338.7454
237.48615  338.2812
237.35692  337.857
237.22769  337.46859
237.09846  337.11222
236.96923  336.78457
236.84  336.48269
236.71077  336.20399
236.58154  335.94616
236.45231  335.70715
236.32308  335.48516
236.19385  335.2786
236.06462  335.08604
235.93538  334.90622
235.80615  334.73803
235.67692  334.58046
235.54769  334.43262
235.41846  334.29369
235.28923  334.16298
235.16  334.03981
235.03077  333.92362
234.90154  333.81386
234.77231  333.71007
234.64308  333.6118
234.51385  333.51867
234.38462  333.4303
234.25538  333.34638
234.12615  333.2666
233.99692  333.19068
233.86769  333.11837
233.73846  333.04945
233.60923  332.98369
233.48  332.92091
233.35077  332.86091
233.22154  332.80354
233.09231  332.74863
232.96308  332.69605
232.83385  332.64566
232.70462  332.59734
232.57538  332.55097
232.44615  332.50645
232.31692  332.46367
232.18769  332.42255
232.05846  332.383
231.92923  332.34493
231.8  332.30827
231.67077  332.27296
231.54154  332.23892
231.41231  332.20609
231.28308  332.17442
231.15385  332.14385
231.02462  332.11432
230.89538  332.0858
230.76615  332.05823
230.63692  332.03157
230.50769  332.00578
230.37846  331.98083
230.24923  331.95667
230.12  331.93328
229.99077  331.91061
229.86154  331.88865
229.73231  331.86736
229.60308  331.84671
229.47385  331.82668
229.34462  331.80724
229.21538  331.78837
229.08615  331.77005
228.95692  331.75226
228.82769  331.73498
228.69846  331.71818
228.56923  331.70186
228.44  331.68598
228.31077  331.67054
228.18154  331.65553
228.05231  331.64092
227.92308  331.6267
227.79385  331.61285
227.66462  331.59938
227.53538  331.58625
227.40615  331.57347
227.27692  331.56101
227.14769  331.54888
227.01846  331.53705
226.88923  331.52552
226.76  331.51428
226.63077  331.50331
226.50154  331.49262
226.37231  331.48219
226.24308  331.47202
226.11385  331.46209
225.98462  331.4524
225.85538  331.44294
225.72615  331.43371
225.59692  331.42469
225.46769  331.41589
225.33846  331.4073
225.20923  331.3989
225.08  331.3907
224.95077  331.38269
224.82154  331.37486
224.69231  331.36721
224.56308  331.35973
224.43385  331.35243
224.30462  331.34529
224.17538  331.33831
224.04615  331.33148
223.91692  331.32481
223.78769  331.31829
223.65846  331.31191
223.52923  331.30567
223.4  331.29957
223.27077  331.2936
223.14154  331.28777
223.01231  331.28206
222.88308  331.27647
222.75385  331.27101
222.62462  331.26567
222.49538  331.26044
222.36615  331.25532
222.23692  331.25032
222.10769  331.24542
221.97846  331.24063
221.84923  331.23594
221.72  331.23136
221.59077  331.22687
221.46154  331.22247
221.33231  331.21817
221.20308  331.21397
221.07385  331.20985
220.94462  331.20582
220.81538  331.20188
220.68615  331.19803
220.55692  331.19425
220.42769  331.19056
220.29846  331.18695
220.16923  331.18341
220.04  331.17995
219.91077  331.17657
219.78154  331.17326
219.65231  331.17002
219.52308  331.16685
219.39385  331.16375
219.26462  331.16071
219.13538  331.15775
219.00615  331.15485
218.87692  331.15201
218.74769  331.14924
218.61846  331.14653
218.48923  331.14387
218.36  331.14128
218.23077  331.13875
218.10154  331.13627
217.97231  331.13385
217.84308  331.13148
217.71385  331.12917
217.58462  331.12691
217.45538  331.1247
217.32615  331.12255
217.19692  331.12045
217.06769  331.11839
216.93846  331.11638
216.80923  331.11443
216.68  331.11252
216.55077  331.11065
216.42154  331.10883
216.29231  331.10706
216.16308  331.10533
216.03385  331.10364
215.90462  331.102
215.77538  331.1004
215.64615  331.09884
215.51692  331.09732
215.38769  331.09584
215.25846  331.0944
215.12923  331.09299
215  331.09163

# Result Name:                  Residuum
# Number of Curves:             1
#
# Curve:                        0
# Values/Curve:                 421
#
257  1.6014314
256.9  18.316359
256.8  6.5289547
256.7  -14.083212
256.6  -0.47042965
256.5  3.9249158
256.4  -5.8805147
256.3  4.0747922
256.2  0.33680867
256.1  5.0224382
256  8.0516067
255.9  1.0453658
255.8  5.9400495
255.7  -1.7593394
255.6  -14.255467
255.5  7.9709935
255.4  0.65542687
255.3  -2.9113605
255.2  -6.1077164
255.1  -0.29216762
255  -3.0767974
254.9  2.4720573
254.8  5.0112934
254.7  -5.1788566
254.6  -23.319651
254.5  6.8593342
254.4  3.9246696
254.3  10.50434
254.2  13.751635
254.1  4.4392518
254  5.0912644
253.9  11.085818
253.8  -5.1013913
253.7  2.5532383
253.6  -4.1701326
253.5  -6.3737532
253.4  -9.2416249
253.3  -5.8847933
253.2  3.8031427
253.1  -1.0846303
253  -11.857005
252.9  -21.935817
252.8  -9.0934095
252.7  2.3784782
252.6  -1.951752
252.5  21.655876
252.4  -1.2150773
252.3  -0.68294913
252.2  1.8151965
252.1  7.4360405
252  12.774565
251.9  -7.5174699
251.8  10.1114
251.7  -0.061660648
251.6  5.1901835
251.5  0.17034285
251.4  -12.552992
251.3  -4.5869654
251.2  13.727603
251.1  -7.5745007
251  0.81576267
250.9  12.726897
250.8  4.8229046
250.7  3.4247869
250.6  0.43499937
250.5  8.0778383
250.4  -23.072539
250.3  -7.1148527
250.2  -1.3665514
250.1  -17.390498
250  -25.739108
249.9  -6.6305059
249.8  24.102372
249.7  12.892693
249.6  13.40577
249.5  -14.318405
249.4  12.479289
249.3  0.62358165
249.2  5.8851749
249.1  -1.5422374
249  -17.649851
248.9  -8.6761519
248.8  16.216489
248.7  3.8470996
248.6  3.2266864
248.5  12.475939
248.4  13.528289
248.3  -12.202355
248.2  0.58208883
248.1  0.34468796
248  -21.786331
247.9  -5.3593523
247.8  26.519975
247.7  1.6269852
247.6  -18.600158
247.5  -14.808154
247.4  9.7333428
247.3  17.756604
247.2  -25.535938
247.1  15.442402
247  -4.7079023
246.9  -25.978314
246.8  -7.840288
246.7  29.839277
246.6  8.8406196
246.5  -2.7889233
246.4  -4.6763748
246.3  14.112098
246.2  0.60715826
246.1  -12.562092
246  -1.2764886
245.9  4.0958241
245.8  9.9802254
245.7  6.4353727
245.6  5.6175401
245.5  -0.33544579
245.4  -2.0740954
245.3  2.3619832
245.2  -0.046457473
245.1  -1.7692621
245  17.301093
244.9  -19.85194
244.8  3.473437
244.7  1.4626478
244.6  9.4359968
244.5  -6.3262633
244.4  5.0414703
244.3  8.872481
244.2  7.7358724
244.1  -7.7359978
244  -22.852893
243.9  -2.1462273
243.8  -9.6202404
243.7  -21.581648
243.6  14.85822
243.5  -14.647249
243.4  9.8176118
243.3  10.662126
243.2  15.787709
243.1  0.35280401
243  13.808534
242.9  8.2204969
242.8  19.092828
242.7  -18.437603
242.6  -0.10542666
242.5  -15.681572
242.4  2.2367262
242.3  -29.631936
242.2  -7.5070154
242.1  34.318754
242  -1.5345705
241.9  -6.2939277
241.8  21.25801
241.7  4.7966656
241.6  -4.2962276
241.5  2.2115942
241.4  -15.363317
241.3  10.885466
241.2  6.2623618
241.1  -11.986692
241  -29.499172
240.9  18.383698
240.8  23.267925
240.7  8.7025675
240.6  -6.0297774
240.5  -14.387136
240.4  -9.2871226
240.3  9.400316
240.2  26.827787
240.1  -13.879548
240  -8.9715906
239.9  4.847731
239.8  2.1046287
239.7  -20.285319
239.6  8.5270917
239.5  4.9964878
239.4  11.256268
239.3  -0.67868295
239.2  -1.0355492
239.1  19.234102
239  -10.60467
238.9  -11.763796
238.8  -1.5842885
238.7  -1.7691875
238.6  -9.3447344
238.5  2.3726528
238.4  0.62424189
238.3  9.1665853
238.2  -2.0144709
238.1  18.084372
238  0.20687042
237.9  -3.513076
237.8  -9.2314652
237.7  2.1108662
237.6  -2.2657428
237.5  -1.0640225
237.4  23.401407
237.3  -21.768611
237.2  -12.027935
237.1  -4.5262549
237  -0.64599139
236.9  -3.4431919
236.8  14.031972
236.7  12.561667
236.6  5.5758057
236.5  15.038711
236.4  -0.55347614
236.3  -2.743557
236.2  7.5385796
236.1  -12.303147
236  -6.2229658
235.9  -4.4923957
235.8  0.97975095
235.7  7.4312049
235.6  -6.9830228
235.5  2.7585517
235.4  -1.5838594
235.3  -13.213804
235.2  -9.8786005
235.1  -5.4031295
235  8.5582245
234.9  10.842767
234.8  22.949984
234.7  -7.4430789
234.6  -5.9961838
234.5  -3.7718233
234.4  0.62806435
234.3  -16.58496
234.2  0.38114814
234.1  -4.9195782
234  6.4929277
233.9  -13.051601
233.8  -3.9097203
233.7  14.798765
233.6  5.6075937
233.5  -25.166506
233.4  14.042175
233.3  6.5084889
233.2  -12.2779
233.1  6.9696599
233  6.1797203
232.9  7.9299595
232.8  18.042232
232.7  -23.121422
232.6  -23.835558
232.5  9.182527
232.4  3.8206063
232.3  -18.777146
232.2  12.439076
232.1  9.9317567
232  -11.664302
231.9  0.444804
231.8  6.8265778
231.7  5.1753814
231.6  9.683261
231.5  -8.0583015
231.4  21.833314
231.3  9.3310292
231.2  -4.7213296
231.1  4.3642709
231  3.842472
230.9  11.04069
230.8  -0.66116921
230.7  -0.73748662
230.6  -9.9850371
230.5  13.43477
230.4  -14.109228
230.3  -5.7305316
230.2  -13.683875
230.1  11.983655
230  7.393797
229.9  -12.236055
229.8  11.618998
229.7  4.7320531
229.6  1.4672982
229.5  21.781245
229.4  -3.8906834
229.3  8.5849312
229.2  5.1074752
229.1  28.18985
229  17.988658
228.9  9.832803
228.8  11.766774
228.7  16.679139
228.6  15.04532
228.5  5.7391295
228.4  -14.952458
228.3  -3.0612555
228.2  -12.026496
228.1  -8.2592085
228  -22.936554
227.9  10.237008
227.8  -14.582704
227.7  0.78090012
227.6  12.497046
227.5  12.955055
227.4  -13.133092
227.3  -7.143085
227.2  -2.7986857
227.1  3.4638619
227  7.6671087
226.9  0.016223282
226.8  7.857089
226.7  -4.0018364
226.6  -5.554369
226.5  5.0239806
226.4  -12.059609
226.3  12.103551
226.2  3.8252983
226.1  10.79882
226  17.833485
225.9  -7.2144482
225.8  -6.6362321
225.7  6.1886591
225.6  4.5635933
225.5  15.321452
225.4  -3.3150747
225.3  -21.413341
225.2  -19.477582
225.1  -3.4600961
225  19.125011
224.9  0.96925624
224.8  -8.5030782
224.7  9.2408327
224.6  4.6939101
224.5  0.75091362
224.4  -0.63847949
224.3  1.7417601
224.2  -23.110411
224.1  5.1658701
224  14.852008
223.9  -4.9519625
223.8  -13.227151
223.7  -11.972936
223.6  15.061123
223.5  8.0577557
223.4  -2.0435237
223.3  6.4522249
223.2  7.7745245
223.1  -7.0951154
223  -20.684328
222.9  13.341144
222.8  0.953377
222.7  12.113472
222.6  -17.574532
222.5  7.3483991
222.4  -13.48598
222.3  -6.4292012
222.2  -0.60654762
222.1  5.5412021
222  6.9186408
221.9  -0.57211323
221.8  15.417209
221.7  -2.8095435
221.6  13.216693
221.5  10.546385
221.4  -17.757897
221.3  -6.1496905
221.2  -10.477199
221.1  9.0364866
221  -21.296317
220.9  -10.308221
220.8  -14.778548
220.7  -2.9121389
220.6  -4.8200239
220.5  -24.100663
220.4  -11.095378
220.3  19.579204
220.2  22.180459
220.1  20.140037
220  3.9510445
219.9  -9.8161812
219.8  3.0837697
219.7  -0.24307807
219.6  -9.0653797
219.5  -0.0078008847
219.4  -20.284128
219.3  -12.051636
219.2  2.6282333
219.1  4.0489126
219  -2.6707813
218.9  19.2176
218.8  8.4037724
218.7  -0.91278349
218.6  9.1259742
218.5  -8.4222621
218.4  -7.982778
218.3  9.0038156
218.2  -6.1462074
218.1  0.0025572736
218  -1.4741778
217.9  -5.6539163
217.8  -11.443197
217.7  -8.8911162
217.6  -5.3923664
217.5  11.82676
217.4  7.1152987
217.3  4.7359061
217.2  16.993903
217.1  9.608023
217  -7.1111329
216.9  13.165134
216.8  6.3319761
216.7  9.5525643
216.6  9.1180033
216.5  16.547454
216.4  30.919112
216.3  -7.7021295
216.2  12.124831
216.1  9.6421221
216  5.7357289
215.9  -12.067789
215.8  -25.380072
215.7  -13.292845
215.6  -0.99299065
215.5  -24.556468
215.4  -20.629774
215.3  -17.721999
215.2  26.51665
215.1  -2.2468678
215  -13.242372

# Region:                       Al 2p Hi Res
# Spectrum ID:                  7
# Acquisition Date:             07/07/26 15:14:04 UTC
# Analysis Method:              XPS
# Analyzer:                     PHOIBOS MCD5 Analyzer
# Analyzer Lens:                LargeArea:1.5kV
# Analyzer Slit:                5:7x20\B:open
# Scan Mode:                    FixedAnalyzerTransmission
# Curves/Scan:                  1
# Values/Curve:                 331
# Dwell Time:                   0.1
# Excitation Energy:            1486.61
# Binding Energy:               90
# Pass Energy:                  10
# Bias Voltage:                 90
# Detector Voltage:             3000
# Eff. Workfunction:            4.543
# Source:                       X-Ray Dummy
# Comment:                      
#
# Cycle: 0
# Number of Scans: 25
#
# Cycle: 0, Curve: 0
# Acquisition Date:             07/07/26 15:14:04 UTC
#
# ColumnLabels:                 energy counts/s
#
90  303.22335
89.9  282.75583
89.8  301.23259
89.7  333.47281
89.6  320.63507
89.5  327.48696
89.4  329.14531
89.3  314.61667
89.2  341.92844
89.1  347.51379
89  352.18994
88.9  340.20084
88.8  325.63429
88.7  331.31403
88.6  313.96647
88.5  304.57301
88.4  329.42224
88.3  312.98145
88.2  292.42803
88.1  281.91353
88  287.41279
87.9  266.83346
87.8  243.05348
87.7  267.66355
87.6  255.86841
87.5  230.46411
87.4  219.84184
87.3  227.22625
87.2  219.94661
87.1  208.14605
87  213.65757
86.9  203.29705
86.8  212.4995
86.7  214.70845
86.6  209.07698
86.5  211.40151
86.4  201.47091
86.3  198.54448
86.2  197.98202
86.1  211.2229
86  204.15172
85.9  210.03876
85.8  202.81052
85.7  189.84371
85.6  200.27454
85.5  208.55696
85.4  217.58439
85.3  201.78353
85.2  213.83458
85.1  210.26317
85  205.09359
84.9  213.72462
84.8  228.46531
84.7  220.85533
84.6  237.25586
84.5  225.82379
84.4  214.69227
84.3  217.15511
84.2  226.18451
84.1  202.60399
84  190.58638
83.9  202.96355
83.8  200.09751
83.7  209.60723
83.6  210.29249
83.5  219.59709
83.4  212.78505
83.3  202.25057
83.2  219.7431
83.1  213.18769
83  212.60096
82.9  222.52837
82.8  208.8337
82.7  220.0199
82.6  215.5951
82.5  223.45001
82.4  221.05971
82.3  208.62166
82.2  244.66226
82.1  242.68473
82  256.14904
81.9  248.56691
81.8  244.64718
81.7  259.48911
81.6  280.76834
81.5  264.7521
81.4  286.1358
81.3  302.92605
81.2  298.4837
81.1  312.33229
81  306.50463
80.9  319.27551
80.8  334.13723
80.7  340.54813
80.6  342.54375
80.5  358.5392
80.4  362.01148
80.3  363.83215
80.2  369.8555
80.1  352.83725
80  365.35344
79.9  353.97549
79.8  344.7791
79.7  357.99328
79.6  352.60702
79.5  345.36212
79.4  329.29602
79.3  329.26682
79.2  309.8244
79.1  312.73831
79  289.41004
78.9  289.77449
78.8  268.7046
78.7  294.70678
78.6  270.7172
78.5  264.48182
78.4  270.08716
78.3  246.57024
78.2  237.00903
78.1  240.36581
78  227.85642
77.9  232.64641
77.8  213.12488
77.7  225.23626
77.6  222.94267
77.5  203.80746
77.4  197.71863
77.3  212.50113
77.2  222.1683
77.1  203.6924
77  200.17649
76.9  210.78676
76.8  196.86736
76.7  179.91275
76.6  182.08771
76.5  184.38525
76.4  199.41112
76.3  206.6829
76.2  199.79178
76.1  194.22302
76  181.56003
75.9  182.89432
75.8  179.78917
75.7  174.2257
75.6  201.26195
75.5  192.55066
75.4  183.3386
75.3  191.74674
75.2  180.76451
75.1  192.84737
75  194.08601
74.9  183.19344
74.8  183.0489
74.7  184.46053
74.6  179.81555
74.5  181.5074
74.4  174.22799
74.3  186.85412
74.2  175.80005
74.1  194.94421
74  176.77751
73.9  178.71197
73.8  190.63195
73.7  173.53151
73.6  171.29668
73.5  194.14418
73.4  177.71904
73.3  188.92438
73.2  184.66974
73.1  187.49834
73  185.5938
72.9  176.25031
72.8  179.37763
72.7  170.76826
72.6  175.23813
72.5  190.17663
72.4  180.1999
72.3  188.31532
72.2  194.33784
72.1  183.0813
72  192.64225
71.9  199.45427
71.8  190.52104
71.7  201.7297
71.6  195.08153
71.5  190.64357
71.4  188.60159
71.3  192.7813
71.2  183.17912
71.1  181.98504
71  186.61739
70.9  191.321
70.8  187.78722
70.7  193.90978
70.6  196.49416
70.5  188.28347
70.4  197.54969
70.3  187.12965
70.2  197.89685
70.1  188.49529
70  198.68462
69.9  195.92513
69.8  202.35967
69.7  188.95891
69.6  185.8635
69.5  191.78981
69.4  197.08756
69.3  195.17788
69.2  182.27062
69.1  201.7929
69  194.29494
68.9  188.48453
68.8  176.10587
68.7  187.59647
68.6  185.35338
68.5  189.59529
68.4  194.28179
68.3  186.50898
68.2  190.6974
68.1  184.70183
68  200.86269
67.9  184.3597
67.8  178.75826
67.7  171.67391
67.6  187.26756
67.5  181.24331
67.4  172.93796
67.3  198.28839
67.2  190.43046
67.1  189.90815
67  179.81307
66.9  182.08042
66.8  180.81051
66.7  183.48183
66.6  179.33202
66.5  184.31962
66.4  191.53391
66.3  171.98398
66.2  185.61814
66.1  177.16373
66  187.49082
65.9  188.1489
65.8  179.16197
65.7  175.10929
65.6  181.69747
65.5  171.32663
65.4  177.79889
65.3  189.52766
65.2  177.07073
65.1  173.94322
65  189.26148
64.9  183.34283
64.8  187.05255
64.7  175.24153
64.6  181.39272
64.5  182.27109
64.4  186.6743
64.3  186.26904
64.2  191.48233
64.1  185.01505
64  191.88572
63.9  188.58681
63.8  195.65163
63.7  181.86921
63.6  186.16871
63.5  172.75676
63.4  175.02782
63.3  190.89922
63.2  187.45164
63.1  183.18345
63  166.86902
62.9  178.14732
62.8  185.44423
62.7  178.29224
62.6  169.70945
62.5  178.85564
62.4  166.2729
62.3  170.07396
62.2  193.04532
62.1  184.26027
62  187.94777
61.9  173.85511
61.8  174.22439
61.7  183.60328
61.6  168.67421
61.5  174.58853
61.4  183.75281
61.3  187.97881
61.2  187.07902
61.1  180.85322
61  178.37032
60.9  180.84998
60.8  178.58733
60.7  177.93642
60.6  177.95558
60.5  186.97587
60.4  177.49801
60.3  174.35849
60.2  176.72844
60.1  177.94941
60  183.76078
59.9  175.71094
59.8  181.45163
59.7  184.46082
59.6  179.54951
59.5  166.38904
59.4  160.88473
59.3  170.38145
59.2  180.2918
59.1  174.50301
59  196.30838
58.9  181.06815
58.8  185.2292
58.7  188.05941
58.6  171.80138
58.5  166.54514
58.4  184.48882
58.3  176.7466
58.2  178.74904
58.1  173.12081
58  182.89111
57.9  170.83224
57.8  172.90024
57.7  176.14187
57.6  172.06745
57.5  173.35851
57.4  168.50619
57.3  169.80723
57.2  178.19954
57.1  182.72577
57  180.89801

# Operation:                    Peak Fit
# Parameter: "Transition" = 
# Parameter: "Label" = 
# Parameter: "Background Method" = Tougaard
# Parameter: "Peak Shape" = Voigt
# Parameter: "Asymmetric Peak" = false
# Parameter: "FWHM-Annotation" = S-B = <Signal-BG:@>\nFWHM = <FWHM:@>\nArea = <Area:@>
# Parameter: "Peak-Annotation" = <Label>\n<Transition>\nE = <Center:@>
#
# Result:
# Number of Results:            2
# Parameter: "Transition" = 
# Parameter: "Label" = 
# Parameter: "Center" = 80.00298797366213 eV +- 0.023950157353699417
# Parameter: "Area" = 522.57359125853463 cps eV +- 8.9978963618888095
# Parameter: "FWHM (Lorentzian)" = 0 eV +- 0
# Parameter: "FWHM (Gaussian)" = 2.8817092465618095 eV +- 0.053639328674537627
# Parameter: "Asymmetry" = 0 +- 0
# Parameter: "Tougaard B" = 46324.460216580665 eV^2 +- 986.88388068846177
# Parameter: "Tougaard C" = 1643 eV^2 +- 0
# Parameter: "FWHM" = 2.8817092465618095 eV
# Parameter: "Baseline Offset" = 181.83429279834934 cps +- 0.60073990917657083
# Parameter: "Abbe factor" = 0.19024915430267567
# Parameter: "Reduced Chi Square" = 3.1541516561304586
# Parameter: "Q Probability" = 2.648256867069983e-73
# Parameter: "Number of performed iterations" = 12
# Parameter: "Fit termination reason" = ConvergedInChi
# Parameter: "Signal" = 356.58777182714209 cps
# Parameter: "Signal-BG" = 170.35900241426106 cps
#
# Result Name:                  Background
# Number of Curves:             1
#
# Curve:                        0
# Values/Curve:                 231
#
90  288.37857
89.856522  286.35749
89.713043  284.35979
89.569565  282.38497
89.426087  280.43255
89.282609  278.50206
89.13913  276.59302
88.995652  274.70498
88.852174  272.83747
88.708696  270.99004
88.565217  269.16225
88.421739  267.35366
88.278261  265.56384
88.134783  263.79235
87.991304  262.03878
87.847826  260.30271
87.704348  258.58373
87.56087  256.88142
87.417391  255.1954
87.273913  253.52527
87.130435  251.87063
86.986957  250.23109
86.843478  248.60629
86.7  246.99584
86.556522  245.39937
86.413043  243.81651
86.269565  242.2469
86.126087  240.69019
85.982609  239.14601
85.83913  237.61402
85.695652  236.09387
85.552174  234.58522
85.408696  233.08774
85.265217  231.60108
85.121739  230.12493
84.978261  228.65895
84.834783  227.20284
84.691304  225.75627
84.547826  224.31894
84.404348  222.89057
84.26087  221.47087
84.117391  220.05958
83.973913  218.65647
83.830435  217.26133
83.686957  215.87401
83.543478  214.4944
83.4  213.12248
83.256522  211.75832
83.113043  210.4021
82.969565  209.05417
82.826087  207.71504
82.682609  206.38545
82.53913  205.0664
82.395652  203.75915
82.252174  202.46531
82.108696  201.18682
81.965217  199.926
81.821739  198.68553
81.678261  197.46846
81.534783  196.27817
81.391304  195.11833
81.247826  193.99283
81.104348  192.90569
80.96087  191.86095
80.817391  190.86256
80.673913  189.91423
80.530435  189.01935
80.386957  188.18077
80.243478  187.40077
80.1  186.68094
79.956522  186.02209
79.813043  185.42423
79.669565  184.88656
79.526087  184.4075
79.382609  183.98475
79.23913  183.61536
79.095652  183.29586
78.952174  183.02238
78.808696  182.79076
78.665217  182.59671
78.521739  182.43594
78.378261  182.30421
78.234783  182.1975
78.091304  182.11206
77.947826  182.04444
77.804348  181.99156
77.66087  181.95068
77.517391  181.91947
77.373913  181.89593
77.230435  181.87839
77.086957  181.86547
76.943478  181.85609
76.8  181.84935
76.656522  181.84457
76.513043  181.84122
76.369565  181.83891
76.226087  181.83733
76.082609  181.83627
75.93913  181.83556
75.795652  181.8351
75.652174  181.8348
75.508696  181.83461
75.365217  181.83448
75.221739  181.83441
75.078261  181.83436
74.934783  181.83433
74.791304  181.83432
74.647826  181.83431
74.504348  181.8343
74.36087  181.8343
74.217391  181.8343
74.073913  181.83429
73.930435  181.83429
73.786957  181.83429
73.643478  181.83429
73.5  181.83429
73.356522  181.83429
73.213043  181.83429
73.069565  181.83429
72.926087  181.83429
72.782609  181.83429
72.63913  181.83429
72.495652  181.83429
72.352174  181.83429
72.208696  181.83429
72.065217  181.83429
71.921739  181.83429
71.778261  181.83429
71.634783  181.83429
71.491304  181.83429
71.347826  181.83429
71.204348  181.83429
71.06087  181.83429
70.917391  181.83429
70.773913  181.83429
70.630435  181.83429
70.486957  181.83429
70.343478  181.83429
70.2  181.83429
70.056522  181.83429
69.913043  181.83429
69.769565  181.83429
69.626087  181.83429
69.482609  181.83429
69.33913  181.83429
69.195652  181.83429
69.052174  181.83429
68.908696  181.83429
68.765217  181.83429
68.621739  181.83429
68.478261  181.83429
68.334783  181.83429
68.191304  181.83429
68.047826  181.83429
67.904348  181.83429
67.76087  181.83429
67.617391  181.83429
67.473913  181.83429
67.330435  181.83429
67.186957  181.83429
67.043478  181.83429
66.9  181.83429
66.756522  181.83429
66.613043  181.83429
66.469565  181.83429
66.326087  181.83429
66.182609  181.83429
66.03913  181.83429
65.895652  181.83429
65.752174  181.83429
65.608696  181.83429
65.465217  181.83429
65.321739  181.83429
65.178261  181.83429
65.034783  181.83429
64.891304  181.83429
64.747826  181.83429
64.604348  181.83429
64.46087  181.83429
64.317391  181.83429
64.173913  181.83429
64.030435  181.83429
63.886957  181.83429
63.743478  181.83429
63.6  181.83429
63.456522  181.83429
63.313043  181.83429
63.169565  181.83429
63.026087  181.83429
62.882609  181.83429
62.73913  181.83429
62.595652  181.83429
62.452174  181.83429
62.308696  181.83429
62.165217  181.83429
62.021739  181.83429
61.878261  181.83429
61.734783  181.83429
61.591304  181.83429
61.447826  181.83429
61.304348  181.83429
61.16087  181.83429
61.017391  181.83429
60.873913  181.83429
60.730435  181.83429
60.586957  181.83429
60.443478  181.83429
60.3  181.83429
60.156522  181.83429
60.013043  181.83429
59.869565  181.83429
59.726087  181.83429
59.582609  181.83429
59.43913  181.83429
59.295652  181.83429
59.152174  181.83429
59.008696  181.83429
58.865217  181.83429
58.721739  181.83429
58.578261  181.83429
58.434783  181.83429
58.291304  181.83429
58.147826  181.83429
58.004348  181.83429
57.86087  181.83429
57.717391  181.83429
57.573913  181.83429
57.430435  181.83429
57.286957  181.83429
57.143478  181.83429
57  181.83429

# Result Name:                  Peak Fit
# Number of Curves:             1
#
# Curve:                        0
# Values/Curve:                 231
#
90  288.37857
89.856522  286.35749
89.713043  284.35979
89.569565  282.38497
89.426087  280.43255
89.282609  278.50206
89.13913  276.59302
88.995652  274.70498
88.852174  272.83747
88.708696  270.99004
88.565217  269.16225
88.421739  267.35366
88.278261  265.56384
88.134783  263.79235
87.991304  262.03878
87.847826  260.30271
87.704348  258.58373
87.56087  256.88143
87.417391  255.19541
87.273913  253.52527
87.130435  251.87063
86.986957  250.23111
86.843478  248.60632
86.7  246.99589
86.556522  245.39947
86.413043  243.8167
86.269565  242.24725
86.126087  240.69081
85.982609  239.14712
85.83913  237.61598
85.695652  236.09728
85.552174  234.59106
85.408696  233.09761
85.265217  231.61753
85.121739  230.15198
84.978261  228.70282
84.834783  227.27301
84.691304  225.86698
84.547826  224.49125
84.404348  223.15506
84.26087  221.87134
84.117391  220.65765
83.973913  219.53744
83.830435  218.54131
83.686957  217.70832
83.543478  217.08723
83.4  216.73745
83.256522  216.72956
83.113043  217.14514
82.969565  218.07562
82.826087  219.61999
82.682609  221.88105
82.53913  224.96027
82.395652  228.95101
82.252174  233.93056
82.108696  239.95115
81.965217  247.0306
81.821739  255.14339
81.678261  264.21297
81.534783  274.10632
81.391304  284.6317
81.247826  295.54031
81.104348  306.5324
80.96087  317.26794
80.817391  327.38156
80.673913  336.50091
80.530435  344.26732
80.386957  350.35707
80.243478  354.50171
80.1  356.50548
79.956522  356.25833
79.813043  353.74342
79.669565  349.03822
79.526087  342.30926
79.382609  333.80092
79.23913  323.81937
79.095652  312.71313
78.952174  300.85189
78.808696  288.60544
78.665217  276.32439
78.521739  264.32385
78.378261  252.87123
78.234783  242.17852
78.091304  232.39908
77.947826  223.6286
77.804348  215.90954
77.66087  209.23809
77.517391  203.57279
77.373913  198.84386
77.230435  194.96234
77.086957  191.8285
76.943478  189.33905
76.8  187.39287
76.656522  185.89525
76.513043  184.76067
76.369565  183.91432
76.226087  183.29258
76.082609  182.84274
75.93913  182.52214
75.795652  182.29707
75.652174  182.14139
75.508696  182.03531
75.365217  181.96407
75.221739  181.91694
75.078261  181.8862
74.934783  181.86645
74.791304  181.85395
74.647826  181.84614
74.504348  181.84134
74.36087  181.83842
74.217391  181.83668
74.073913  181.83566
73.930435  181.83506
73.786957  181.83472
73.643478  181.83453
73.5  181.83442
73.356522  181.83436
73.213043  181.83433
73.069565  181.83431
72.926087  181.8343
72.782609  181.8343
72.63913  181.8343
72.495652  181.83429
72.352174  181.83429
72.208696  181.83429
72.065217  181.83429
71.921739  181.83429
71.778261  181.83429
71.634783  181.83429
71.491304  181.83429
71.347826  181.83429
71.204348  181.83429
71.06087  181.83429
70.917391  181.83429
70.773913  181.83429
70.630435  181.83429
70.486957  181.83429
70.343478  181.83429
70.2  181.83429
70.056522  181.83429
69.913043  181.83429
69.769565  181.83429
69.626087  181.83429
69.482609  181.83429
69.33913  181.83429
69.195652  181.83429
69.052174  181.83429
68.908696  181.83429
68.765217  181.83429
68.621739  181.83429
68.478261  181.83429
68.334783  181.83429
68.191304  181.83429
68.047826  181.83429
67.904348  181.83429
67.76087  181.83429
67.617391  181.83429
67.473913  181.83429
67.330435  181.83429
67.186957  181.83429
67.043478  181.83429
66.9  181.83429
66.756522  181.83429
66.613043  181.83429
66.469565  181.83429
66.326087  181.83429
66.182609  181.83429
66.03913  181.83429
65.895652  181.83429
65.752174  181.83429
65.608696  181.83429
65.465217  181.83429
65.321739  181.83429
65.178261  181.83429
65.034783  181.83429
64.891304  181.83429
64.747826  181.83429
64.604348  181.83429
64.46087  181.83429
64.317391  181.83429
64.173913  181.83429
64.030435  181.83429
63.886957  181.83429
63.743478  181.83429
63.6  181.83429
63.456522  181.83429
63.313043  181.83429
63.169565  181.83429
63.026087  181.83429
62.882609  181.83429
62.73913  181.83429
62.595652  181.83429
62.452174  181.83429
62.308696  181.83429
62.165217  181.83429
62.021739  181.83429
61.878261  181.83429
61.734783  181.83429
61.591304  181.83429
61.447826  181.83429
61.304348  181.83429
61.16087  181.83429
61.017391  181.83429
60.873913  181.83429
60.730435  181.83429
60.586957  181.83429
60.443478  181.83429
60.3  181.83429
60.156522  181.83429
60.013043  181.83429
59.869565  181.83429
59.726087  181.83429
59.582609  181.83429
59.43913  181.83429
59.295652  181.83429
59.152174  181.83429
59.008696  181.83429
58.865217  181.83429
58.721739  181.83429
58.578261  181.83429
58.434783  181.83429
58.291304  181.83429
58.147826  181.83429
58.004348  181.83429
57.86087  181.83429
57.717391  181.83429
57.573913  181.83429
57.430435  181.83429
57.286957  181.83429
57.143478  181.83429
57  181.83429

# Region:                       Au 4d
# Spectrum ID:                  11
# Acquisition Date:             07/07/26 15:17:49 UTC
# Analysis Method:              XPS
# Analyzer:                     PHOIBOS MCD5 Analyzer
# Analyzer Lens:                LargeArea:1.5kV
# Analyzer Slit:                5:7x20\B:open
# Scan Mode:                    FixedAnalyzerTransmission
# Curves/Scan:                  1
# Values/Curve:                 901
# Dwell Time:                   0.1
# Excitation Energy:            1486.61
# Binding Energy:               385
# Pass Energy:                  50
# Bias Voltage:                 90
# Detector Voltage:             3000
# Eff. Workfunction:            4.543
# Source:                       X-Ray Dummy
# Comment:                      
#
# Cycle: 0
# Number of Scans: 2
#
# Cycle: 0, Curve: 0
# Acquisition Date:             07/07/26 15:17:49 UTC
#
# ColumnLabels:                 energy counts/s
#
385  8348.926
384.9  8218.3172
384.8  8535.0369
384.7  8458.6549
384.6  8380.2111
384.5  8064.5065
384.4  8287.9843
384.3  8322.1502
384.2  8175.8255
384.1  8209.6855
384  8236.6398
383.9  8242.2087
383.8  7971.1816
383.7  8088.9837
383.6  7719.9145
383.5  7932.6458
383.4  7750.3068
383.3  8169.1745
383.2  8403.6167
383.1  8644.0209
383  8267.1609
382.9  8145.3738
382.8  7962.7058
382.7  8206.5712
382.6  8232.2077
382.5  8179.3144
382.4  7968.9468
382.3  8082.4483
382.2  7911.5841
382.1  8505.1294
382  8202.2925
381.9  8029.5658
381.8  8363.2461
381.7  8406.1764
381.6  8184.131
381.5  7897.5802
381.4  8113.5686
381.3  8256.1509
381.2  8266.2122
381.1  8115.7155
381  8133.6811
380.9  8324.3098
380.8  8153.5818
380.7  8167.2627
380.6  8481.3714
380.5  8203.2164
380.4  7899.4345
380.3  8298.0596
380.2  8041.94
380.1  7871.1415
380  7834.3195
379.9  8237.1449
379.8  7988.4332
379.7  8390.3097
379.6  8431.8072
379.5  8285.5665
379.4  8420.7693
379.3  8576.9621
379.2  8713.2933
379.1  8511.4723
379  8154.9732
378.9  8441.2794
378.8  8299.1295
378.7  8359.2512
378.6  8444.2317
378.5  8428.7615
378.4  8290.363
378.3  8171.5494
378.2  8584.919
378.1  8589.5646
378  8169.4558
377.9  8129.5379
377.8  8196.7715
377.7  8355.8707
377.6  8508.4736
377.5  8059.6041
377.4  8376.5281
377.3  8360.2265
377.2  8386.1505
377.1  8489.3041
377  8656.7292
376.9  8341.7404
376.8  8297.6257
376.7  8285.7212
376.6  8146.6426
376.5  8292.6049
376.4  8327.7021
376.3  8728.5985
376.2  8220.5126
376.1  8107.1653
376  8335.5427
375.9  7966.8776
375.8  8378.5806
375.7  8366.8044
375.6  8453.9774
375.5  8522.3801
375.4  8112.6033
375.3  8466.192
375.2  8435.5197
375.1  8378.7165
375  8358.4564
374.9  8381.4077
374.8  8245.1426
374.7  8125.7094
374.6  8365.6829
374.5  8563.3919
374.4  8133.6031
374.3  8410.3523
374.2  8341.4755
374.1  8368.6351
374  8763.0067
373.9  8536.5009
373.8  8119.2555
373.7  8327.5014
373.6  8442.6269
373.5  8452.5634
373.4  8240.6273
373.3  8518.2769
373.2  8554.0464
373.1  8515.3016
373  8051.6701
372.9  8336.3404
372.8  8283.3138
372.7  8442.1488
372.6  8229.5166
372.5  8451.0858
372.4  8258.0634
372.3  8449.9172
372.2  8364.2239
372.1  8137.0779
372  8107.7619
371.9  8366.4818
371.8  8161.818
371.7  8582.8138
371.6  8487.2447
371.5  8251.3316
371.4  8323.0517
371.3  8638.4128
371.2  8588.471
371.1  8274.7329
371  8246.7269
370.9  8233.0658
370.8  8331.3127
370.7  8406.5404
370.6  8395.0154
370.5  8486.8446
370.4  8426.9633
370.3  8298.6377
370.2  8322.1833
370.1  8393.678
370  8343.1617
369.9  8471.6844
369.8  8358.0667
369.7  8486.4933
369.6  8280.0228
369.5  8418.0374
369.4  8656.4731
369.3  8478.271
369.2  8272.3843
369.1  8590.6373
369  8516.0128
368.9  8099.1662
368.8  8276.399
368.7  8370.2861
368.6  8478.9709
368.5  8385.2226
368.4  8292.9704
368.3  8421.6777
368.2  8414.3679
368.1  8718.3179
368  8255.4113
367.9  8125.6623
367.8  8012.675
367.7  8469.8238
367.6  8879.4213
367.5  8709.5633
367.4  8613.8611
367.3  8896.4889
367.2  8507.0316
367.1  8327.9028
367  8458.6101
366.9  8522.4911
366.8  8469.692
366.7  8689.8838
366.6  8510.9616
366.5  8165.5044
366.4  8399.8224
366.3  8486.4219
366.2  8451.8408
366.1  8066.84
366  8123.0881
365.9  8217.5219
365.8  8771.7287
365.7  8556.8844
365.6  8235.8884
365.5  8554.6044
365.4  8426.1067
365.3  8413.9468
365.2  8369.9145
365.1  8275.7729
365  8445.1942
364.9  8495.0298
364.8  8416.9215
364.7  8233.4419
364.6  8669.8675
364.5  8359.5681
364.4  8566.6197
364.3  8237.5445
364.2  8650.033
364.1  8560.6296
364  8882.5583
363.9  8546.9762
363.8  8616.6976
363.7  8245.9195
363.6  8625.6514
363.5  8483.3298
363.4  8354.0741
363.3  8072.5025
363.2  8478.5298
363.1  8394.9063
363  8946.1219
362.9  8778.5484
362.8  8565.2375
362.7  8853.8988
362.6  8596.5749
362.5  8577.1262
362.4  8482.7463
362.3  8422.5494
362.2  8331.1428
362.1  8599.9077
362  8504.6003
361.9  8354.3603
361.8  8761.415
361.7  8755.3803
361.6  8697.6439
361.5  8979.2208
361.4  8679.6592
361.3  8572.8944
361.2  8880.5466
361.1  8790.4292
361  8754.402
360.9  9022.6069
360.8  8874.4167
360.7  8768.2549
360.6  8581.861
360.5  8807.0592
360.4  8938.0538
360.3  8866.647
360.2  8953.7861
360.1  8970.8203
360  9231.4663
359.9  9242.1949
359.8  9009.6103
359.7  9010.0603
359.6  9018.3575
359.5  8926.8116
359.4  9192.6592
359.3  9412.2606
359.2  9279.9945
359.1  9197.9755
359  9341.6861
358.9  9506.9331
358.8  9500.6359
358.7  9525.3861
358.6  9479.0753
358.5  9362.6404
358.4  9175.4719
358.3  9730.1844
358.2  9380.4979
358.1  9671.6302
358  9329.7189
357.9  9245.6956
357.8  9633.7322
357.7  9596.136
357.6  9589.8027
357.5  9357.0891
357.4  9574.818
357.3  9408.0242
357.2  9322.661
357.1  9615.5833
357  9709.5089
356.9  9579.8133
356.8  9399.7268
356.7  9450.3144
356.6  9743.1018
356.5  9270.4043
356.4  9158.7398
356.3  9564.1325
356.2  9248.2135
356.1  9208.8957
356  9448.528
355.9  9359.6425
355.8  9403.0199
355.7  9294.5562
355.6  9017.7901
355.5  9299.2818
355.4  9528.8259
355.3  9035.3286
355.2  9340.2346
355.1  9309.08
355  9299.2979
354.9  9113.0832
354.8  9571.0481
354.7  9274.9567
354.6  9592.0485
354.5  9274.608
354.4  9368.1782
354.3  9248.7847
354.2  9482.771
354.1  9266.0486
354  9565.7262
353.9  9107.6429
353.8  9040.4512
353.7  9196.1705
353.6  9472.363
353.5  9575.8047
353.4  9578.9439
353.3  9547.7932
353.2  9391.2155
353.1  9340.571
353  9094.3059
352.9  8809.9303
352.8  8985.3147
352.7  9168.9475
352.6  9107.3105
352.5  9050.4767
352.4  8764.7278
352.3  9139.2694
352.2  9169.5262
352.1  9071.179
352  8806.7891
351.9  9183.8145
351.8  8955.7775
351.7  8888.1172
351.6  8692.3151
351.5  8549.5507
351.4  8845.4674
351.3  8607.5137
351.2  8451.1681
351.1  8764.3017
351  8474.8848
350.9  8633.3659
350.8  8744.8616
350.7  8570.4782
350.6  8667.0925
350.5  8412.0254
350.4  8395.6897
350.3  8480.7541
350.2  8366.9922
350.1  8572.8042
350  8361.6725
349.9  8428.3738
349.8  8191.1685
349.7  8154.1021
349.6  8253.5104
349.5  8657.5233
349.4  8397.4869
349.3  8621.1187
349.2  8545.8049
349.1  8281.0405
349  8537.3681
348.9  8317.2508
348.8  8510.3323
348.7  8724.994
348.6  8501.5629
348.5  8380.9647
348.4  8426.088
348.3  8303.5509
348.2  8647.4426
348.1  8513.6758
348  8408.0014
347.9  8356.2469
347.8  8329.1193
347.7  8820.5775
347.6  8551.8311
347.5  8116.0583
347.4  8321.5051
347.3  8484.6852
347.2  8281.7198
347.1  8391.1891
347  8238.672
346.9  7942.6457
346.8  8169.9346
346.7  8218.3011
346.6  8285.149
346.5  8292.877
346.4  7877.278
346.3  8150.671
346.2  8146.4005
346.1  8430.47
346  8253.5315
345.9  8576.7328
345.8  8567.096
345.7  8261.012
345.6  8860.2176
345.5  8401.3119
345.4  8245.8366
345.3  8065.3987
345.2  8266.3243
345.1  8445.9476
345  8211.9244
344.9  8622.4883
344.8  8277.7739
344.7  8389.8642
344.6  8263.456
344.5  8188.5561
344.4  8622.276
344.3  8444.4167
344.2  8392.304
344.1  8537.5818
344  8536.0388
343.9  8514.494
343.8  8810.4552
343.7  8518.7656
343.6  8092.9236
343.5  8406.8296
343.4  8247.3707
343.3  8440.2984
343.2  8595.0594
343.1  8553.8691
343  8703.7384
342.9  8591.1706
342.8  8554.6142
342.7  8770.3789
342.6  8934.9038
342.5  8800.829
342.4  8663.5896
342.3  8979.0856
342.2  9001.0779
342.1  8986.8101
342  8752.9261
341.9  8746.8128
341.8  8548.3721
341.7  9015.8525
341.6  8903.794
341.5  8960.0841
341.4  8927.5061
341.3  9333.9485
341.2  9076.6578
341.1  9060.9987
341  9005.6262
340.9  9361.3263
340.8  9107.956
340.7  9084.2555
340.6  9539.6961
340.5  9717.0647
340.4  9466.3834
340.3  9262.4262
340.2  9310.8017
340.1  9703.1207
340  9380.1448
339.9  9458.3779
339.8  9597.1315
339.7  9214.4657
339.6  9425.838
339.5  9216.5048
339.4  9559.8194
339.3  9379.7752
339.2  9492.7833
339.1  9335.21
339  9180.7715
338.9  9725.8235
338.8  9295.2238
338.7  9457.8735
338.6  9145.6103
338.5  9399.8033
338.4  9171.6625
338.3  8909.2697
338.2  9257.4026
338.1  9316.7858
338  8862.502
337.9  9070.5858
337.8  9377.2967
337.7  9255.2006
337.6  9369.1712
337.5  8936.6731
337.4  8974.249
337.3  9294.8943
337.2  9146.1567
337.1  8982.4533
337  9018.3574
336.9  8895.8735
336.8  9015.8186
336.7  9239.4456
336.6  9183.4183
336.5  9251.4173
336.4  8689.9011
336.3  9065.9308
336.2  9016.9904
336.1  9422.4074
336  9313.7653
335.9  9028.8592
335.8  9134.6028
335.7  9098.2323
335.6  9031.0143
335.5  8926.0965
335.4  9431.2318
335.3  8917.7141
335.2  9131.9921
335.1  9203.2901
335  9104.4925
334.9  8685.1638
334.8  8749.9134
334.7  8735.8607
334.6  8791.0645
334.5  9062.359
334.4  8973.0561
334.3  8727.7493
334.2  8792.2503
334.1  8563.515
334  8245.9972
333.9  8511.4879
333.8  8599.2
333.7  8403.9185
333.6  8344.7056
333.5  8666.8569
333.4  8546.3313
333.3  7971.1866
333.2  8136.3782
333.1  8072.0682
333  8334.4403
332.9  7924.8562
332.8  7898.9835
332.7  8132.5225
332.6  7876.5005
332.5  8099.7358
332.4  7600.0478
332.3  7973.489
332.2  7784.2826
332.1  8013.7155
332  7772.8091
331.9  7642.5801
331.8  8017.9495
331.7  7874.5612
331.6  7755.4461
331.5  8000.7728
331.4  7796.1752
331.3  7498.7143
331.2  7465.7653
331.1  7584.5606
331  7487.3027
330.9  7468.7903
330.8  7578.807
330.7  7589.8469
330.6  7652.0027
330.5  7357.7024
330.4  7433.9394
330.3  7772.2443
330.2  7786.9199
330.1  7959.6742
330  7622.6637
329.9  7512.9567
329.8  7690.3818
329.7  7631.8426
329.6  7366.507
329.5  7393.8024
329.4  7391.85
329.3  7645.734
329.2  7781.2608
329.1  7747.2985
329  7793.1862
328.9  7488.4716
328.8  7333.5035
328.7  7320.0945
328.6  7465.2551
328.5  7147.8058
328.4  7046.1769
328.3  7372.3804
328.2  7555.7537
328.1  7299.4536
328  7324.5638
327.9  7199.3636
327.8  7381.5181
327.7  7224.0965
327.6  7325.6488
327.5  7419.2673
327.4  7372.6699
327.3  7192.6605
327.2  7181.7952
327.1  7409.9046
327  7257.0114
326.9  7372.6775
326.8  7268.0389
326.7  7144.3397
326.6  7160.2869
326.5  7396.8138
326.4  7372.0903
326.3  7578.0125
326.2  7503.3047
326.1  7545.9974
326  7190.009
325.9  7158.2984
325.8  7471.9728
325.7  7404.4699
325.6  7259.1771
325.5  7241.5464
325.4  7284.5478
325.3  7307.9616
325.2  7533.7724
325.1  7049.3418
325  7307.2255
324.9  7295.5432
324.8  7486.2101
324.7  7124.7759
324.6  7220.567
324.5  7434.0649
324.4  7279.4348
324.3  7435.4369
324.2  7446.954
324.1  7241.2212
324  7287.716
323.9  7462.4596
323.8  7517.2319
323.7  7159.1935
323.6  7016.2607
323.5  7140.2672
323.4  7227.5677
323.3  7232.0039
323.2  7019.1086
323.1  7257.2037
323  7144.1642
322.9  7163.1971
322.8  6833.9295
322.7  7030.8113
322.6  7116.8059
322.5  7388.6825
322.4  7198.3158
322.3  7219.609
322.2  7258.6102
322.1  7173.5818
322  7149.5828
321.9  7043.5965
321.8  6982.4585
321.7  7161.1539
321.6  7053.2049
321.5  6990.5634
321.4  6974.3764
321.3  7129.8768
321.2  7205.8796
321.1  7162.0191
321  7141.8513
320.9  7306.8485
320.8  7141.3302
320.7  7160.807
320.6  6908.2563
320.5  7264.923
320.4  6989.4979
320.3  6962.4806
320.2  7066.2812
320.1  6987.9788
320  6876.3678
319.9  7290.1291
319.8  7367.1848
319.7  7032.1198
319.6  7084.9678
319.5  7157.5639
319.4  7095.6206
319.3  7091.6198
319.2  6928.2777
319.1  6847.8657
319  7003.9722
318.9  6917.2035
318.8  6977.4334
318.7  6925.7332
318.6  7143.1975
318.5  7283.8191
318.4  7165.0861
318.3  7156.9626
318.2  6836.6426
318.1  7100.2553
318  7312.7778
317.9  7100.2584
317.8  7199.7628
317.7  7404.0437
317.6  7171.015
317.5  6949.7841
317.4  7040.915
317.3  7140.6519
317.2  7057.373
317.1  6999.4961
317  7101.8692
316.9  7004.2533
316.8  7262.5642
316.7  7116.2298
316.6  6819.6635
316.5  6880.6971
316.4  6924.2495
316.3  6621.0324
316.2  6946.3366
316.1  7354.6384
316  7392.6169
315.9  7168.7363
315.8  7290.9118
315.7  7027.809
315.6  6800.6199
315.5  6830.4167
315.4  7081.3248
315.3  6914.1413
315.2  7104.526
315.1  7068.4746
315  6945.5891
314.9  7173.8488
314.8  6829.1319
314.7  6767.77
314.6  6873.9594
314.5  7285.0558
314.4  7108.0986
314.3  6823.8271
314.2  6994.9886
314.1  6931.9304
314  6959.043
313.9  6555.957
313.8  6857.8062
313.7  6760.2304
313.6  7092.5936
313.5  7211.484
313.4  6471.6457
313.3  7095.0151
313.2  6863.6449
313.1  6861.1069
313  7015.482
312.9  7127.9541
312.8  6933.9859
312.7  6904.3154
312.6  6896.9829
312.5  6923.5322
312.4  6967.2522
312.3  6749.4164
312.2  7062.0963
312.1  6915.3772
312  6987.8946
311.9  7099.903
311.8  6950.0878
311.7  6885.2653
311.6  7096.5227
311.5  6736.5734
311.4  6895.9805
311.3  7223.3236
311.2  6835.6599
311.1  6762.4701
311  6797.5198
310.9  6861.5649
310.8  7048.1783
310.7  6817.4306
310.6  7452.9297
310.5  7091.6232
310.4  7021.9862
310.3  7039.3711
310.2  7055.1496
310.1  6711.6482
310  6760.6559
309.9  7126.7224
309.8  7017.3648
309.7  6754.976
309.6  7173.496
309.5  6948.5809
309.4  6901.3217
309.3  7202.5518
309.2  7179.3827
309.1  6899.1899
309  6705.8426
308.9  7081.5179
308.8  6966.6387
308.7  6959.3549
308.6  7155.0779
308.5  6915.1045
308.4  7091.1846
308.3  7017.6779
308.2  6748.0095
308.1  7057.2785
308  6986.4188
307.9  7101.9187
307.8  7251.6691
307.7  7282.249
307.6  6792.3874
307.5  6850.1413
307.4  6822.8353
307.3  7003.3593
307.2  6951.7864
307.1  6792.8195
307  7172.1972
306.9  7079.6204
306.8  7079.0002
306.7  6966.4131
306.6  6863.6527
306.5  6955.9225
306.4  6931.2218
306.3  7166.0703
306.2  6861.9539
306.1  6860.3787
306  6828.6336
305.9  6930.3852
305.8  6987.9242
305.7  6684.7365
305.6  7122.755
305.5  6668.6918
305.4  6939.4537
305.3  6952.9652
305.2  6985.7684
305.1  6811.51
305  6995.1444
304.9  7231.6467
304.8  7194.4904
304.7  7041.4023
304.6  6660.9001
304.5  6912.4657
304.4  7082.0736
304.3  6972.5205
304.2  6972.6638
304.1  6846.1321
304  6893.4575
303.9  6828.7737
303.8  7046.873
303.7  7165.7451
303.6  6821.5333
303.5  6889.3272
303.4  6902.2448
303.3  6990.1368
303.2  6725.6086
303.1  6757.2471
303  7026.0847
302.9  6797.6642
302.8  6731.9461
302.7  6729.1175
302.6  6606.2519
302.5  6901.0553
302.4  6964.9677
302.3  6904.3897
302.2  6687.9187
302.1  6818.2105
302  6648.8588
301.9  6900.2194
301.8  6787.0652
301.7  6893.5612
301.6  6905.1307
301.5  6565.3072
301.4  6753.6631
301.3  6810.2345
301.2  6820.093
301.1  6676.6747
301  6692.8005
300.9  6705.3305
300.8  6967.6123
300.7  6788.1642
300.6  6950.0497
300.5  6824.0862
300.4  7038.4406
300.3  7080.3341
300.2  7128.9155
300.1  6831.1877
300  6731.9556
299.9  6500.8988
299.8  7057.6846
299.7  6639.2256
299.6  6775.2692
299.5  6781.8237
299.4  6837.7858
299.3  6894.9774
299.2  6683.8879
299.1  7142.2086
299  6946.5926
298.9  6586.4414
298.8  7029.0248
298.7  6838.11
298.6  6657.3682
298.5  6666.3711
298.4  6770.4664
298.3  7027.7122
298.2  6497.9875
298.1  6636.1727
298  6974.2054
297.9  6681.3941
297.8  6721.0226
297.7  6797.4991
297.6  6843.0168
297.5  6771.4071
297.4  6601.2548
297.3  6912.5509
297.2  6766.9451
297.1  6928.26
297  6865.7514
296.9  6874.64
296.8  6660.8595
296.7  6852.0381
296.6  7011.9694
296.5  6985.8321
296.4  6762.4835
296.3  6657.7996
296.2  6931.2464
296.1  6720.1871
296  6721.0396
295.9  7166.1811
295.8  6984.9421
295.7  6970.3945
295.6  6898.9233
295.5  6755.8532
295.4  6996.6052
295.3  6913.4163
295.2  6759.4815
295.1  6767.361
295  7164.6844

# Group:                        Spectrum Group
#
# Region:                       Overall
# Spectrum ID:                  12
# Acquisition Date:             07/07/26 15:29:21 UTC
# Analysis Method:              XPS
# Analyzer:                     PHOIBOS MCD5 Analyzer
# Analyzer Lens:                LargeArea:3.5kV
# Analyzer Slit:                5:7x20\B:open
# Scan Mode:                    FixedAnalyzerTransmission
# Curves/Scan:                  1
# Values/Curve:                 1203
# Dwell Time:                   0.125
# Excitation Energy:            1486.61
# Binding Energy:               1000
# Pass Energy:                  50
# Bias Voltage:                 90
# Detector Voltage:             3000
# Eff. Workfunction:            4.543
# Source:                       X-Ray Dummy
# Comment:                      
#
# Cycle: 0
# Number of Scans: 4
#
# Cycle: 0, Curve: 0
# Acquisition Date:             07/07/26 15:29:21 UTC
#
# ColumnLabels:                 energy counts/s
#
1000  23806.939
999.00166  23680.92
998.00333  23392.821
997.00499  22957.766
996.00666  22499.941
995.00832  22451.785
994.00998  22285.848
993.01165  22286.655
992.01331  22192.027
991.01498  21985.162
990.01664  22099.585
989.0183  23001.257
988.01997  24056.057
987.02163  25373.588
986.02329  26931.88
985.02496  28002.636
984.02662  28541.929
983.02829  28373.539
982.02995  27500.08
981.03161  26236.61
980.03328  25012.947
979.03494  24239.742
978.03661  23534.39
977.03827  22348.689
976.03993  21717.148
975.0416  21424.111
974.04326  20802.287
973.04493  19959.077
972.04659  19150.844
971.04825  18732.404
970.04992  18244.743
969.05158  18074.648
968.05324  17976.248
967.05491  17893.174
966.05657  17882.218
965.05824  17821.797
964.0599  17840.273
963.06156  17691.343
962.06323  17342.562
961.06489  17304.278
960.06656  17395.854
959.06822  17468.354
958.06988  17337.434
957.07155  17201.782
956.07321  17352.044
955.07488  17509.209
954.07654  17526.34
953.0782  17343.269
952.07987  17297.905
951.08153  17455.687
950.08319  17492.189
949.08486  17423.392
948.08652  17334.906
947.08819  17235.083
946.08985  17060.525
945.09151  17232.346
944.09318  17643.351
943.09484  17733.263
942.09651  17615.099
941.09817  17636.571
940.09983  17544.976
939.1015  17506.449
938.10316  17716.611
937.10483  17597.713
936.10649  17693.432
935.10815  17544.232
934.10982  17290.822
933.11148  17497.797
932.11314  17668.416
931.11481  17490.508
930.11647  17460.565
929.11814  17533.864
928.1198  17512.692
927.12146  17499.496
926.12313  17273.972
925.12479  17410.807
924.12646  17962.099
923.12812  17780.423
922.12978  17596.393
921.13145  17379.636
920.13311  17386.975
919.13478  17569.911
918.13644  17502.901
917.1381  17369.436
916.13977  17405.588
915.14143  17694.037
914.14309  17573.839
913.14476  17566.043
912.14642  17392.446
911.14809  17181.614
910.14975  17123.171
909.15141  17353.768
908.15308  17495.46
907.15474  17495.1
906.15641  17554.042
905.15807  17430.361
904.15973  17401.883
903.1614  17451.948
902.16306  17452.189
901.16473  17400.592
900.16639  17359.834
899.16805  17400.559
898.16972  17504.855
897.17138  17480.673
896.17304  17332.014
895.17471  17429.794
894.17637  17415.623
893.17804  17342.19
892.1797  17256.148
891.18136  17356.742
890.18303  17332.988
889.18469  17380.035
888.18636  17337.469
887.18802  17239.22
886.18968  17211.314
885.19135  17296.41
884.19301  17273.731
883.19468  17223.322
882.19634  17027.972
881.198  16916.935
880.19967  17065.12
879.20133  17339.288
878.203  17517.633
877.20466  17183.668
876.20632  16971.018
875.20799  17199.77
874.20965  17134.901
873.21131  17197.874
872.21298  17219.803
871.21464  17098.569
870.21631  17140.973
869.21797  17304.261
868.21963  17263.914
867.2213  17019.033
866.22296  17029.542
865.22463  17050.187
864.22629  17212.191
863.22795  17347.6
862.22962  17082.156
861.23128  17057.466
860.23295  17220.563
859.23461  17229.298
858.23627  17046.086
857.23794  17195.89
856.2396  17144.551
855.24126  17092.608
854.24293  17184.014
853.24459  17212.457
852.24626  16951.458
851.24792  16846.634
850.24958  17097.328
849.25125  16964.218
848.25291  16764.241
847.25458  16620.95
846.25624  16680.923
845.2579  17086.347
844.25957  17003.004
843.26123  16906.063
842.2629  16981.273
841.26456  17171.941
840.26622  17309.777
839.26789  17264.643
838.26955  17025.471
837.27121  17030.115
836.27288  17110.66
835.27454  16911.179
834.27621  16651.464
833.27787  16595.457
832.27953  16453.367
831.2812  16380.423
830.28286  16354.045
829.28453  16186.424
828.28619  16560.424
827.28785  16553.701
826.28952  16303.617
825.29118  16183.092
824.29285  16238.377
823.29451  16326.637
822.29617  16306.819
821.29784  16312.576
820.2995  16367.091
819.30116  16298.269
818.30283  16233.445
817.30449  16305.746
816.30616  16427.32
815.30782  16354.209
814.30948  16288.463
813.31115  16272.657
812.31281  16184.244
811.31448  16337.183
810.31614  16621.576
809.3178  16534.086
808.31947  16242.015
807.32113  16431.858
806.3228  16603.738
805.32446  16470.512
804.32612  16570.377
803.32779  16602.435
802.32945  16418.359
801.33111  16296.909
800.33278  16303.06
799.33444  16520.541
798.33611  16460.8
797.33777  16357.652
796.33943  16329.398
795.3411  16444.673
794.34276  16624.398
793.34443  16510.397
792.34609  16611.774
791.34775  16619.452
790.34942  16756.799
789.35108  16738.169
788.35275  16762.139
787.35441  16743.369
786.35607  16885.549
785.35774  16821.061
784.3594  16462.361
783.36106  16189.015
782.36273  16355.464
781.36439  16302.4
780.36606  16357.232
779.36772  16276.787
778.36938  15964.741
777.37105  15876.157
776.37271  15838.895
775.37438  15897.108
774.37604  16007.238
773.3777  16016.747
772.37937  15994.774
771.38103  16170.546
770.3827  16255.242
769.38436  16196.784
768.38602  16150.532
767.38769  16079.686
766.38935  15901.279
765.39101  15957.595
764.39268  15926.955
763.39434  15869.939
762.39601  15850.798
761.39767  15792.459
760.39933  15606.403
759.401  15579.73
758.40266  15618.258
757.40433  15321.453
756.40599  15222.999
755.40765  15186.952
754.40932  15049.894
753.41098  15106.142
752.41265  15169.047
751.41431  15244.82
750.41597  15210.536
749.41764  15422.975
748.4193  16116.54
747.42097  17154.238
746.42263  18208.447
745.42429  18415.408
744.42596  17984.495
743.42762  17131.327
742.42928  16049.419
741.43095  15447.68
740.43261  15100.222
739.43428  15086.534
738.43594  15008.504
737.4376  14996.193
736.43927  14946.034
735.44093  14720.662
734.4426  14868.144
733.44426  15003.325
732.44592  15066.836
731.44759  15054.77
730.44925  14835.914
729.45092  14756.704
728.45258  14751.098
727.45424  14883.591
726.45591  15033.077
725.45757  15175.893
724.45923  15122.394
723.4609  14989.799
722.46256  15126.952
721.46423  15096.341
720.46589  14867.477
719.46755  14722.472
718.46922  14526.804
717.47088  14460.998
716.47255  14627.874
715.47421  14629.475
714.47587  14639.789
713.47754  14792.171
712.4792  14902.468
711.48087  14920.552
710.48253  14946.032
709.48419  14670.771
708.48586  14384.044
707.48752  14280.234
706.48918  14046.784
705.49085  14045.59
704.49251  14084.369
703.49418  14088.903
702.49584  14052.736
701.4975  13940.683
700.49917  13950.823
699.50083  13947.468
698.5025  13850.683
697.50416  13878.243
696.50582  14073.515
695.50749  14053.433
694.50915  14108.13
693.51082  14228.567
692.51248  14234.264
691.51414  14174.523
690.51581  14158.767
689.51747  14074.234
688.51913  14242.353
687.5208  14258.416
686.52246  13973.26
685.52413  14003.366
684.52579  14133.631
683.52745  14077.093
682.52912  14225.016
681.53078  14261.651
680.53245  14072.821
679.53411  14087.631
678.53577  14026.216
677.53744  14133.862
676.5391  13943.615
675.54077  13824.702
674.54243  13856.252
673.54409  14196.846
672.54576  14283.1
671.54742  14276.341
670.54908  14329.197
669.55075  14304.517
668.55241  14376.878
667.55408  14393.716
666.55574  14378.993
665.5574  14382.967
664.55907  14275.962
663.56073  14146.558
662.5624  14132.599
661.56406  14182.908
660.56572  14398.475
659.56739  14454.314
658.56905  14502.619
657.57072  14387.878
656.57238  14253.131
655.57404  14270.815
654.57571  14482.495
653.57737  14423.048
652.57903  14351.269
651.5807  14424.958
650.58236  14275.31
649.58403  14490.259
648.58569  14414.335
647.58735  14324.384
646.58902  14585.645
645.59068  14664.801
644.59235  14653.135
643.59401  14549.813
642.59567  14488.102
641.59734  14428.196
640.599  14536.907
639.60067  14512.109
638.60233  14406.896
637.60399  14329.89
636.60566  14346.763
635.60732  14417.047
634.60899  14396.422
633.61065  14415.46
632.61231  14693.594
631.61398  14515.149
630.61564  14419.9
629.6173  14368.351
628.61897  14213.824
627.62063  14214.13
626.6223  14273.62
625.62396  14418.963
624.62562  14488.979
623.62729  14381.868
622.62895  14205.195
621.63062  14170.39
620.63228  14265.537
619.63394  14328.483
618.63561  14531.389
617.63727  14524.141
616.63894  14281.16
615.6406  14310.225
614.64226  14360.134
613.64393  14291.868
612.64559  14360.848
611.64725  14187.114
610.64892  14392.998
609.65058  14558.035
608.65225  14524.586
607.65391  14404.904
606.65557  14481.861
605.65724  14689.81
604.6589  14518.426
603.66057  14448.086
602.66223  14436.002
601.66389  14497.306
600.66556  14401.697
599.66722  14439.805
598.66889  14516.581
597.67055  14617.191
596.67221  14472.047
595.67388  14495.297
594.67554  14569.807
593.6772  14519.45
592.67887  14541.997
591.68053  14759.345
590.6822  14525.241
589.68386  14735.527
588.68552  14932.351
587.68719  14799.566
586.68885  14803.397
585.69052  14770.553
584.69218  14921.044
583.69384  14935.055
582.69551  14846.063
581.69717  14642.907
580.69884  14535.716
579.7005  14748.28
578.70216  14815.95
577.70383  14918.699
576.70549  14792.101
575.70715  14638.168
574.70882  14735.054
573.71048  14634.898
572.71215  14528.106
571.71381  14418.186
570.71547  14392.942
569.71714  14365.524
568.7188  14451.57
567.72047  14725.458
566.72213  14980.708
565.72379  15289.507
564.72546  15345.68
563.72712  15742.017
562.72879  16218.442
561.73045  16461.804
560.73211  16369.656
559.73378  16047.089
558.73544  15825.404
557.7371  15394.665
556.73877  15026.399
555.74043  14745.367
554.7421  14270.265
553.74376  14232.753
552.74542  14370.444
551.74709  14110.05
550.74875  13732.637
549.75042  13344.97
548.75208  13320.19
547.75374  13276.797
546.75541  12691.504
545.75707  12104.858
544.75874  11766.253
543.7604  11460.071
542.76206  11145.131
541.76373  11413.185
540.76539  12619.06
539.76705  16004.29
538.76872  22144.472
537.77038  29860.882
536.77205  34545.842
535.77371  32036.541
534.77537  24423.412
533.77704  17240.079
532.7787  13037.415
531.78037  11406.95
530.78203  10830.001
529.78369  10629.102
528.78536  10756.754
527.78702  11201.651
526.78869  11577.386
525.79035  11235.166
524.79201  10605.473
523.79368  10198.475
522.79534  9595.2338
521.797  9273.0833
520.79867  9011.1456
519.80033  8860.9831
518.802  8968.1121
517.80366  9005.7921
516.80532  8936.2084
515.80699  9004.3449
514.80865  8918.8326
513.81032  8898.9527
512.81198  9061.768
511.81364  8896.2933
510.81531  8795.6825
509.81697  8819.279
508.81864  8760.261
507.8203  8631.2008
506.82196  8563.9278
505.82363  8543.1678
504.82529  8598.4112
503.82696  8585.1182
502.82862  8585.1513
501.83028  8489.7834
500.83195  8622.3169
499.83361  8670.2124
498.83527  8653.3692
497.83694  8606.2078
496.8386  8524.1708
495.84027  8479.2611
494.84193  8473.692
493.84359  8481.1673
492.84526  8500.4389
491.84692  8512.0561
490.84859  8509.7187
489.85025  8438.0691
488.85191  8565.3064
487.85358  8553.1805
486.85524  8392.4643
485.85691  8280.5185
484.85857  8517.1364
483.86023  8572.3827
482.8619  8488.8454
481.86356  8481.5718
480.86522  8491.4632
479.86689  8470.8661
478.86855  8530.7313
477.87022  8467.8018
476.87188  8381.0085
475.87354  8432.4608
474.87521  8551.7729
473.87687  8516.4909
472.87854  8458.5151
471.8802  8666.2068
470.88186  8713.6518
469.88353  8648.8377
468.88519  8618.1022
467.88686  8692.9388
466.88852  8735.3892
465.89018  8612.3422
464.89185  8569.3566
463.89351  8572.6364
462.89517  8507.6756
461.89684  8428.224
460.8985  8283.6901
459.90017  8366.3165
458.90183  8393.3259
457.90349  8363.801
456.90516  8370.334
455.90682  8257.2796
454.90849  8197.635
453.91015  8412.1652
452.91181  8455.0288
451.91348  8341.1795
450.91514  8427.3169
449.91681  8357.1455
448.91847  8364.4386
447.92013  8450.5034
446.9218  8536.2276
445.92346  8504.4712
444.92512  8416.7002
443.92679  8304.8821
442.92845  8373.0595
441.93012  8400.0921
440.93178  8377.7465
439.93344  8407.8468
438.93511  8422.2713
437.93677  8434.0688
436.93844  8538.9651
435.9401  8443.7676
434.94176  8335.853
433.94343  8496.8074
432.94509  8737.1787
431.94676  8622.9692
430.94842  8623.1026
429.95008  8626.525
428.95175  8589.8816
427.95341  8383.5279
426.95507  8440.7588
425.95674  8455.3261
424.9584  8437.9561
423.96007  8683.2938
422.96173  8838.7754
421.96339  8955.7265
420.96506  8975.1232
419.96672  8833.7229
418.96839  8578.7564
417.97005  8524.9157
416.97171  8428.2799
415.97338  8336.8144
414.97504  8358.0733
413.97671  8432.8603
412.97837  8309.8834
411.98003  8143.9286
410.9817  8165.0029
409.98336  8318.4035
408.98502  8522.5581
407.98669  8567.2599
406.98835  8680.127
405.99002  8796.0429
404.99168  8958.2265
403.99334  9131.8202
402.99501  9014.4095
401.99667  8799.363
400.99834  8684.9376
400  8556.2538
399.00166  8404.1301
398.00333  8167.5924
397.00499  8245.3323
396.00666  8173.6578
395.00832  8079.0978
394.00998  8240.8288
393.01165  8399.2577
392.01331  8270.7121
391.01498  8244.5689
390.01664  8255.3629
389.0183  8372.5677
388.01997  8313.9128
387.02163  8099.551
386.02329  8268.4871
385.02496  8365.1241
384.02662  8344.2507
383.02829  8360.4772
382.02995  8266.7553
381.03161  8179.8122
380.03328  8241.1636
379.03494  8328.1797
378.03661  8379.945
377.03827  8389.2802
376.03993  8235.2486
375.0416  8349.7158
374.04326  8553.4849
373.04493  8553.317
372.04659  8398.9935
371.04825  8352.2936
370.04992  8604.3315
369.05158  8522.1007
368.05324  8420.3173
367.05491  8481.5727
366.05657  8519.3612
365.05824  8545.2026
364.0599  8480.0347
363.06156  8631.1166
362.06323  8795.4552
361.06489  8824.6455
360.06656  8986.3046
359.06822  9353.9447
358.06988  9516.3829
357.07155  9463.2599
356.07321  9350.2173
355.07488  9277.0099
354.07654  9371.3128
353.0782  9231.7363
352.07987  8910.093
351.08153  8705.6012
350.08319  8532.7615
349.08486  8331.3491
348.08652  8389.1336
347.08819  8391.0168
346.08985  8301.1694
345.09151  8336.2162
344.09318  8448.2363
343.09484  8494.5142
342.09651  8870.8286
341.09817  9247.3572
340.09983  9324.5475
339.1015  9431.0288
338.10316  9646.3349
337.10483  9445.8694
336.10649  9214.5724
335.10815  9051.1811
334.10982  8617.7041
333.11148  8201.2112
332.11314  7963.5807
331.11481  7781.1949
330.11647  7717.369
329.11814  7696.6059
328.1198  7529.2622
327.12146  7475.9625
326.12313  7392.163
325.12479  7326.6067
324.12646  7177.4839
323.12812  7257.0886
322.12978  7221.2168
321.13145  7145.7337
320.13311  7124.8898
319.13478  7110.0475
318.13644  7117.3334
317.1381  7009.0758
316.13977  7036.8798
315.14143  7106.9489
314.14309  7065.4633
313.14476  7004.1149
312.14642  6921.1821
311.14809  7003.4605
310.14975  6950.2717
309.15141  6815.4629
308.15308  6803.4383
307.15474  6959.8629
306.15641  7120.5732
305.15807  7119.6711
304.15973  7044.9129
303.1614  6905.943
302.16306  6849.3572
301.16473  6942.7623
300.16639  7024.0052
299.16805  7006.9487
298.16972  6917.6911
297.17138  6860.1265
296.17304  6865.7427
295.17471  7045.9305
294.17637  7054.1537
293.17804  7163.1493
292.1797  7418.5155
291.18136  7813.384
290.18303  8152.0671
289.18469  7987.7615
288.18636  7646.1906
287.18802  7363.8841
286.18968  7293.0869
285.19135  7317.1215
284.19301  6984.8695
283.19468  6795.8631
282.19634  6797.9946
281.198  6691.0354
280.19967  6876.0995
279.20133  6844.1092
278.203  6751.0234
277.20466  6734.8991
276.20632  6580.3797
275.20799  6605.3741
274.20965  6667.4941
273.21131  6730.2252
272.21298  6751.8385
271.21464  6717.3658
270.21631  6609.4217
269.21797  6427.5795
268.21963  6688.4334
267.2213  6780.0172
266.22296  6683.9387
265.22463  6660.4145
264.22629  6631.5623
263.22795  6633.1174
262.22962  6643.1601
261.23128  6711.4743
260.23295  6769.7429
259.23461  6553.9066
258.23627  6554.1823
257.23794  6590.3697
256.2396  6641.0727
255.24126  6672.4582
254.24293  6715.7057
253.24459  6564.4892
252.24626  6407.2844
251.24792  6457.9832
250.24958  6557.7154
249.25125  6591.5066
248.25291  6587.2344
247.25458  6469.2382
246.25624  6451.276
245.2579  6469.5787
244.25957  6690.4096
243.26123  6871.962
242.2629  7286.857
241.26456  7590.6224
240.26622  7808.8025
239.26789  7863.8668
238.26955  7901.5655
237.27121  7513.5597
236.27288  6971.5306
235.27454  6595.3834
234.27621  6455.6551
233.27787  6212.8468
232.27953  6291.6983
231.2812  6332.4731
230.28286  6265.6921
229.28453  6429.301
228.28619  6354.2988
227.28785  6334.2765
226.28952  6305.3847
225.29118  6232.5168
224.29285  6057.1496
223.29451  6130.2966
222.29617  6217.4172
221.29784  6209.749
220.2995  6170.928
219.30116  6261.0173
218.30283  6227.3869
217.30449  6139.0663
216.30616  6085.4634
215.30782  6070.7784
214.30948  6032.3977
213.31115  6173.0884
212.31281  6240.8353
211.31448  6195.1184
210.31614  6236.5881
209.3178  6184.6384
208.31947  6175.2182
207.32113  6090.8966
206.3228  6062.5001
205.32446  6160.0733
204.32612  6176.8379
203.32779  6200.788
202.32945  6192.4467
201.33111  6132.2899
200.33278  6116.9348
199.33444  6157.66
198.33611  6255.0743
197.33777  6325.4413
196.33943  6466.7881
195.3411  6608.1627
194.34276  6448.1162
193.34443  6363.5333
192.34609  6449.5681
191.34775  6418.7156
190.34942  6407.8988
189.35108  6255.7573
188.35275  6259.6479
187.35441  6202.3474
186.35607  6164.1023
185.35774  6244.7211
184.3594  6174.5929
183.36106  6130.6573
182.36273  6257.4685
181.36439  6240.0903
180.36606  6148.9593
179.36772  6273.878
178.36938  6262.7776
177.37105  6226.7528
176.37271  6218.1298
175.37438  6301.7109
174.37604  6224.0992
173.3777  6040.3001
172.37937  6050.8505
171.38103  6114.1187
170.3827  6122.4993
169.38436  6133.5959
168.38602  6206.1947
167.38769  6255.8403
166.38935  6159.9929
165.39101  6148.3469
164.39268  6147.3552
163.39434  6317.3484
162.39601  6447.0024
161.39767  6473.2026
160.39933  6404.6176
159.401  6697.4846
158.40266  7146.1742
157.40433  7364.1837
156.40599  7621.5995
155.40765  7361.2681
154.40932  6910.5967
153.41098  6667.3977
152.41265  6387.9001
151.41431  6180.8869
150.41597  6242.5077
149.41764  6251.9242
148.4193  6214.0734
147.42097  6317.3524
146.42263  6502.1297
145.42429  6242.6446
144.42596  6124.8512
143.42762  6411.272
142.42928  6528.1249
141.43095  6482.7314
140.43261  6412.0141
139.43428  6339.7159
138.43594  6166.0727
137.4376  6026.6452
136.43927  5951.4178
135.44093  5911.1829
134.4426  5950.6125
133.44426  6008.3275
132.44592  6051.991
131.44759  6104.3636
130.44925  6179.7504
129.45092  6292.198
128.45258  6649.3715
127.45424  7194.3747
126.45591  8274.7357
125.45757  9451.1408
124.45923  9413.5869
123.4609  8388.5178
122.46256  7226.6998
121.46423  6325.3856
120.46589  5912.5014
119.46755  5587.9594
118.46922  5496.6974
117.47088  5437.973
116.47255  5361.2595
115.47421  5490.4972
114.47587  5512.2462
113.47754  5480.8713
112.4792  5624.2465
111.48087  5817.422
110.48253  5901.592
109.48419  5876.2146
108.48586  6334.4599
107.48752  7566.9695
106.48918  9370.5717
105.49085  10727.37
104.49251  10454.147
103.49418  8798.2123
102.49584  6913.8942
101.4975  5602.6689
100.49917  4887.5356
99.500832  4628.9474
98.502496  4375.7367
97.50416  4242.3971
96.505824  4211.3874
95.507488  4384.5101
94.509151  4765.2497
93.510815  5329.7932
92.512479  5658.4967
91.514143  5496.8655
90.515807  5548.5166
89.517471  6165.6072
88.519135  6469.3443
87.520799  5730.8532
86.522463  4699.3694
85.524126  4786.1271
84.52579  5213.629
83.527454  4775.6735
82.529118  4467.8551
81.530782  5183.8105
80.532446  5933.9014
79.53411  5809.4441
78.535774  5051.4176
77.537438  4079.5404
76.539101  3406.2735
75.540765  3166.8598
74.542429  3004.7105
73.544093  2966.5448
72.545757  2986.6275
71.547421  2970.3789
70.549085  3060.3549
69.550749  3036.577
68.552413  2988.0513
67.554077  2943.5035
66.55574  2927.2811
65.557404  2833.3271
64.559068  2801.8407
63.560732  2794.4086
62.562396  2824.8252
61.56406  2793.6756
60.565724  2755.3559
59.567388  2816.4123
58.569052  2719.1315
57.570715  2681.4634
56.572379  2732.2674
55.574043  2669.465
54.575707  2627.8614
53.577371  2629.7219
52.579035  2554.7061
51.580699  2561.3466
50.582363  2533.0578
49.584027  2456.239
48.585691  2529.0637
47.587354  2604.8198
46.589018  2548.1751
45.590682  2494.861
44.592346  2473.7912
43.59401  2430.9584
42.595674  2389.6332
41.597338  2381.3639
40.599002  2336.1476
39.600666  2318.2223
38.602329  2338.3481
37.603993  2343.0715
36.605657  2332.6005
35.607321  2301.9522
34.608985  2383.5534
33.610649  2467.2325
32.612313  2488.8053
31.613977  2621.8686
30.615641  2889.9888
29.617304  3032.1212
28.618968  2942.0745
27.620632  2789.0514
26.622296  2585.5348
25.62396  2377.7636
24.625624  2181.9046
23.627288  2129.7793
22.628952  2161.541
21.630616  2213.1489
20.63228  2267.7979
19.633943  2300.5507
18.635607  2380.8047
17.637271  2491.7608
16.638935  2399.5879
15.640599  2376.7573
14.642263  2441.7958
13.643927  2459.2154
12.645591  2432.2654
11.647255  2482.3026
10.648918  2395.2432
9.6505824  2307.2059
8.6522463  2316.0121
7.6539101  2228.698
6.655574  2119.2234
5.6572379  2131.5449
4.6589018  2132.2089
3.6605657  2066.683
2.6622296  2020.8828
1.6638935  1956.8124
0.6655574  1780.8568
-0.3327787  1735.8771
-1.3311148  1819.2716
-2.3294509  1825.2817
-3.327787  1846.8442
-4.3261231  1819.2603
-5.3244592  1775.1068
-6.3227953  1771.3694
-7.3211314  1738.377
-8.3194676  1729.07
-9.3178037  1758.4093
-10.31614  1778.4639
-11.314476  1739.5509
-12.312812  1667.8154
-13.311148  1664.887
-14.309484  1740.1737
-15.30782  1744.0361
-16.306156  1729.4685
-17.304493  1715.2524
-18.302829  1703.1859
-19.301165  1683.0465
-20.299501  1699.815
-21.297837  1673.8529
-22.296173  1618.4115
-23.294509  1610.1286
-24.292845  1626.2884
-25.291181  1614.4209
-26.289517  1665.6836
-27.287854  1674.2771
-28.28619  1621.6926
-29.284526  1599.8063
-30.282862  1622.4776
-31.281198  1546.637
-32.279534  1609.147
-33.27787  1667.1126
-34.276206  1586.6619
-35.274542  1568.1662
-36.272879  1550.0216
-37.271215  1562.5438
-38.269551  1583.5124
-39.267887  1556.4042
-40.266223  1570.5542
-41.264559  1561.3035
-42.262895  1547.622
-43.261231  1593.7781
-44.259567  1682.6113
-45.257903  1596.3265
-46.25624  1558.403
-47.254576  1547.3487
-48.252912  1572.6247
-49.251248  1626.0979
-50.249584  1617.4509
-51.24792  1590.1756
-52.246256  1543.2478
-53.244592  1565.2994
-54.242928  1611.9614
-55.241265  1585.5391
-56.239601  1555.5339
-57.237937  1604.3568
-58.236273  1627.218
-59.234609  1559.4014
-60.232945  1558.5189
-61.231281  1564.476
-62.229617  1494.6929
-63.227953  1547.7525
-64.22629  1563.6857
-65.224626  1554.6124
-66.222962  1553.1323
-67.221298  1518.4923
-68.219634  1482.8806
-69.21797  1479.0716
-70.216306  1522.0468
-71.214642  1499.5427
-72.212978  1513.4646
-73.211314  1511.7282
-74.209651  1412.3669
-75.207987  1438.474
-76.206323  1481.2396
-77.204659  1452.2143
-78.202995  1494.8508
-79.201331  1556.1796
-80.199667  1562.2847
-81.198003  1493.1611
-82.196339  1463.7716
-83.194676  1519.3859
-84.193012  1532.6083
-85.191348  1500.2128
-86.189684  1531.2046
-87.18802  1548.9303
-88.186356  1524.8509
-89.184692  1508.2367
-90.183028  1470.9781
-91.181364  1471.6191
-92.1797  1511.8826
-93.178037  1444.0882
-94.176373  1464.6021
-95.174709  1496.958
-96.173045  1532.6315
-97.171381  1514.314
-98.169717  1513.7203
-99.168053  1485.158
-100.16639  1406.9296
-101.16473  1488.5122
-102.16306  1555.1069
-103.1614  1475.6737
-104.15973  1433.7862
-105.15807  1434.7961
-106.15641  1444.8078
-107.15474  1462.7375
-108.15308  1427.0122
-109.15141  1429.9396
-110.14975  1432.9543
-111.14809  1424.1356
-112.14642  1455.8113
-113.14476  1450.8497
-114.14309  1447.4038
-115.14143  1449.5503
-116.13977  1453.4717
-117.1381  1410.3332
-118.13644  1399.5366
-119.13478  1442.8733
-120.13311  1405.1636
-121.13145  1410.3985
-122.12978  1458.4848
-123.12812  1383.9372
-124.12646  1389.3757
-125.12479  1462.8505
-126.12313  1406.384
-127.12146  1442.5853
-128.1198  1476.9924
-129.11814  1400.4525
-130.11647  1399.7176
-131.11481  1412.6408
-132.11314  1421.1422
-133.11148  1411.7495
-134.10982  1389.8952
-135.10815  1388.992
-136.10649  1440.5645
-137.10483  1386.8245
-138.10316  1350.5537
-139.1015  1399.4714
-140.09983  1394.3437
-141.09817  1411.3889
-142.09651  1367.3494
-143.09484  1374.4848
-144.09318  1450.2799
-145.09151  1403.7276
-146.08985  1426.4761
-147.08819  1429.3025
-148.08652  1379.9839
-149.08486  1373.4381
-150.08319  1329.7649
-151.08153  1327.7474
-152.07987  1440.2627
-153.0782  1444.4612
-154.07654  1383.5258
-155.07488  1348.5873
-156.07321  1346.409
-157.07155  1382.9348
-158.06988  1381.2445
-159.06822  1403.6173
-160.06656  1414.8818
-161.06489  1379.0628
-162.06323  1381.6012
-163.06156  1361.4587
-164.0599  1322.5277
-165.05824  1366.4209
-166.05657  1394.3063
-167.05491  1377.9202
-168.05324  1411.54
-169.05158  1434.5297
-170.04992  1396.883
-171.04825  1383.508
-172.04659  1406.6639
-173.04493  1470.6425
-174.04326  1420.7988
-175.0416  1352.6424
-176.03993  1353.1277
-177.03827  1411.326
-178.03661  1443.5227
-179.03494  1434.4475
-180.03328  1354.9647
-181.03161  1363.705
-182.02995  1439.0988
-183.02829  1448.174
-184.02662  1418.8369
-185.02496  1421.3162
-186.02329  1394.5595
-187.02163  1361.8217
-188.01997  1387.4045
-189.0183  1379.1583
-190.01664  1374.132
-191.01498  1415.8223
-192.01331  1339.5125
-193.01165  1319.8616
-194.00998  1415.2341
-195.00832  1494.7488
-196.00666  1465.5916
-197.00499  1409.1456
-198.00333  1402.8466
-199.00166  1424.4816
-200  1400.0096

# Group:                        Spectrum Group
#
# Region:                       Overall
# Spectrum ID:                  13
# Acquisition Date:             07/07/26 15:41:51 UTC
# Analysis Method:              XPS
# Analyzer:                     PHOIBOS MCD5 Analyzer
# Analyzer Lens:                LargeArea:3.5kV
# Analyzer Slit:                5:7x20\B:open
# Scan Mode:                    FixedAnalyzerTransmission
# Curves/Scan:                  1
# Values/Curve:                 1203
# Dwell Time:                   0.125
# Excitation Energy:            1253.64
# Binding Energy:               1000
# Pass Energy:                  50
# Bias Voltage:                 90
# Detector Voltage:             3000
# Eff. Workfunction:            4.543
# Source:                       X-Ray Dummy
# Comment:                      Mg source
#
# Cycle: 0
# Number of Scans: 4
#
# Cycle: 0, Curve: 0
# Acquisition Date:             07/07/26 15:41:51 UTC
#
# ColumnLabels:                 energy counts/s
#
1000  25392.905
999.00166  25375.389
998.00333  25396.655
997.00499  25160.744
996.00666  25164.067
995.00832  25443.21
994.00998  25360.024
993.01165  25422.075
992.01331  25367.191
991.01498  25303.741
990.01664  24862.484
989.0183  24733.03
988.01997  24831.344
987.02163  24699.805
986.02329  24772.54
985.02496  24658.797
984.02662  24767.164
983.02829  24617.303
982.02995  24407.855
981.03161  24272.21
980.03328  24290.952
979.03494  24274.299
978.03661  24397.968
977.03827  24192.973
976.03993  24160.93
975.0416  24384.298
974.04326  24365.514
973.04493  24175.322
972.04659  24324.93
971.04825  24590.882
970.04992  24334.785
969.05158  24558.238
968.05324  24710.668
967.05491  24713.546
966.05657  24383.255
965.05824  24220.689
964.0599  24660.336
963.06156  24816.351
962.06323  24603.042
961.06489  24730.285
960.06656  24656.093
959.06822  24833.956
958.06988  24930.983
957.07155  24776.149
956.07321  24896.811
955.07488  24788.002
954.07654  24680.25
953.0782  24829.027
952.07987  24810.387
951.08153  24851.563
950.08319  24793.586
949.08486  24880.438
948.08652  25202.296
947.08819  25083.844
946.08985  25062.402
945.09151  25044.678
944.09318  25111.685
943.09484  25140.65
942.09651  25167.431
941.09817  25251.708
940.09983  25122.307
939.1015  25195.214
938.10316  25333.97
937.10483  25603.074
936.10649  25453.594
935.10815  25208.418
934.10982  25778.983
933.11148  25982.758
932.11314  25567.662
931.11481  25334.917
930.11647  25726.816
929.11814  25918.711
928.1198  26030.274
927.12146  25726.359
926.12313  25881.177
925.12479  25951.41
924.12646  25884.306
923.12812  25708.898
922.12978  25639.939
921.13145  25453.096
920.13311  25782.494
919.13478  26092.478
918.13644  25934.35
917.1381  25874.647
916.13977  26105.516
915.14143  26188.651
914.14309  26228.278
913.14476  26199.516
912.14642  26125.587
911.14809  26048.32
910.14975  25983.807
909.15141  25944.959
908.15308  26141.678
907.15474  26707.999
906.15641  26665.54
905.15807  26563.366
904.15973  26709.448
903.1614  26388.867
902.16306  26671.206
901.16473  26697.937
900.16639  26774.799
899.16805  27050.658
898.16972  27056.224
897.17138  26855.549
896.17304  26774.081
895.17471  26782.974
894.17637  26547.188
893.17804  26694.682
892.1797  26661.411
891.18136  26515.319
890.18303  26868.803
889.18469  27107.652
888.18636  27022.17
887.18802  27235.384
886.18968  27238.364
885.19135  27213.257
884.19301  27231.681
883.19468  27160.377
882.19634  27352.547
881.198  27366.569
880.19967  27265.4
879.20133  27278.027
878.203  27359.526
877.20466  27565.469
876.20632  27377.755
875.20799  27466.626
874.20965  27287.21
873.21131  27499.435
872.21298  27441.433
871.21464  27554.635
870.21631  27717.977
869.21797  27736.364
868.21963  27750.359
867.2213  27766.959
866.22296  27724.548
865.22463  27781.65
864.22629  27863.829
863.22795  27956.381
862.22962  27907.846
861.23128  27792.423
860.23295  27814.201
859.23461  27997.69
858.23627  28312.452
857.23794  28309.084
856.2396  28048.631
855.24126  27973.485
854.24293  28344.885
853.24459  28410.319
852.24626  28407.803
851.24792  28167.636
850.24958  28306.733
849.25125  28379.494
848.25291  28426.189
847.25458  28344.141
846.25624  28353.616
845.2579  28535.427
844.25957  28534.481
843.26123  28423.435
842.2629  28421.731
841.26456  28704.606
840.26622  28826.607
839.26789  28645.344
838.26955  28619.867
837.27121  28581.301
836.27288  28839.772
835.27454  28841.063
834.27621  28512.076
833.27787  28517.731
832.27953  28809.228
831.2812  28713.996
830.28286  28445.85
829.28453  28724.9
828.28619  28757.527
827.28785  28791.204
826.28952  28817.084
825.29118  28893.153
824.29285  28938.864
823.29451  29121.282
822.29617  29162.736
821.29784  28931
820.2995  28931.572
819.30116  29030.733
818.30283  29052.017
817.30449  29262.488
816.30616  29270.514
815.30782  29057.338
814.30948  29232.188
813.31115  29571.517
812.31281  29668.439
811.31448  29465.29
810.31614  29515.19
809.3178  29951.189
808.31947  30090.907
807.32113  30017.051
806.3228  29740.856
805.32446  29954.741
804.32612  30115.239
803.32779  30192.301
802.32945  30253.336
801.33111  30145.069
800.33278  29904.264
799.33444  29940.081
798.33611  30144.771
797.33777  30326.788
796.33943  30466.428
795.3411  30532.861
794.34276  30365.997
793.34443  30493.677
792.34609  30618.694
791.34775  30888.69
790.34942  31050.572
789.35108  31040.65
788.35275  31555.442
787.35441  31994.644
786.35607  31839.636
785.35774  31522.639
784.3594  31186.854
783.36106  30790.055
782.36273  30230.001
781.36439  30213.829
780.36606  30274.663
779.36772  30484.757
778.36938  30642.299
777.37105  30861
776.37271  31311.342
775.37438  31648.669
774.37604  32014.609
773.3777  32271.682
772.37937  32495.87
771.38103  32815.399
770.3827  32981.083
769.38436  32591.949
768.38602  32077.145
767.38769  31649.354
766.38935  31220.833
765.39101  30357.678
764.39268  29752.821
763.39434  29454.387
762.39601  29370.629
761.39767  28993.976
760.39933  28447.556
759.401  28344.518
758.40266  28592.158
757.40433  28886.836
756.40599  29524.354
755.40765  30999.309
754.40932  32922.781
753.41098  34650.356
752.41265  36488.562
751.41431  37800.474
750.41597  37958.183
749.41764  36813.273
748.4193  35189.111
747.42097  33548
746.42263  32040.952
745.42429  30771.112
744.42596  29403.182
743.42762  28508.293
742.42928  27562.429
741.43095  26530.907
740.43261  25677.848
739.43428  24821.328
738.43594  23809.928
737.4376  22939.013
736.43927  22682.74
735.44093  22136.619
734.4426  21760.064
733.44426  21952.07
732.44592  22054.634
731.44759  22006.308
730.44925  21706.859
729.45092  21742.708
728.45258  21809.559
727.45424  21632.879
726.45591  21630.369
725.45757  21859.471
724.45923  21868.144
723.4609  21736.373
722.46256  21470.348
721.46423  21455.722
720.46589  21574.28
719.46755  21637.966
718.46922  21325.709
717.47088  21322.896
716.47255  21290.262
715.47421  21422.95
714.47587  21600.681
713.47754  21536.103
712.4792  21415.103
711.48087  21543.467
710.48253  21272.725
709.48419  21096.1
708.48586  21124.853
707.48752  21146.06
706.48918  21179.34
705.49085  20881.654
704.49251  21027.377
703.49418  21074.569
702.49584  20987.121
701.4975  20951.526
700.49917  21111.107
699.50083  21150.837
698.5025  21051.59
697.50416  21006.241
696.50582  21055.482
695.50749  21040.787
694.50915  21053.765
693.51082  21127.276
692.51248  21084.371
691.51414  21157.674
690.51581  21256.604
689.51747  20970.321
688.51913  20937.318
687.5208  21045.886
686.52246  20944.555
685.52413  20969.494
684.52579  21235.287
683.52745  21424.175
682.52912  21264.754
681.53078  21043.981
680.53245  21048.898
679.53411  21016.095
678.53577  21135.295
677.53744  21115.602
676.5391  21112.022
675.54077  21027.306
674.54243  20906.273
673.54409  21087.202
672.54576  21093.957
671.54742  21153.86
670.54908  21324.745
669.55075  21136.012
668.55241  21040.311
667.55408  21174.089
666.55574  21251.797
665.5574  21054.138
664.55907  20889.794
663.56073  21036.605
662.5624  21119.846
661.56406  21301.183
660.56572  21356.227
659.56739  21206.426
658.56905  21115.851
657.57072  20989.491
656.57238  21077.033
655.57404  21069.382
654.57571  21025.204
653.57737  21004.035
652.57903  21044.004
651.5807  21143.704
650.58236  20857.133
649.58403  20868.317
648.58569  20973.139
647.58735  20957.284
646.58902  20950.905
645.59068  21032.546
644.59235  21125.134
643.59401  21306.123
642.59567  21145.754
641.59734  21225.342
640.599  21128.905
639.60067  20867.004
638.60233  20982.229
637.60399  20868.154
636.60566  21013.407
635.60732  21129.825
634.60899  21076.968
633.61065  21160.668
632.61231  21192.02
631.61398  21134.557
630.61564  20966.011
629.6173  20659.314
628.61897  20730.006
627.62063  20701.003
626.6223  20769.92
625.62396  20741.291
624.62562  20807.766
623.62729  20960.132
622.62895  20944.687
621.63062  20816.993
620.63228  20826.381
619.63394  20866.67
618.63561  20962.426
617.63727  21068.949
616.63894  20834.04
615.6406  21084.77
614.64226  21087.56
613.64393  21009.117
612.64559  20913.512
611.64725  20884.615
610.64892  20973.804
609.65058  20918.717
608.65225  21109.508
607.65391  21164.552
606.65557  20946.018
605.65724  20814.865
604.6589  20759.46
603.66057  20842.268
602.66223  20835.43
601.66389  20582.725
600.66556  20585.869
599.66722  20672.204
598.66889  20542.314
597.67055  20457.309
596.67221  20219.919
595.67388  20329.727
594.67554  20739.743
593.6772  20756.434
592.67887  20598.169
591.68053  20468.965
590.6822  20469.752
589.68386  20720.643
588.68552  20826.995
587.68719  20813.718
586.68885  20790.649
585.69052  20619.283
584.69218  20497.703
583.69384  20562.213
582.69551  20478.756
581.69717  20581.94
580.69884  20658.555
579.7005  20501.737
578.70216  20593.357
577.70383  20597.615
576.70549  20598.064
575.70715  20586.854
574.70882  20361.003
573.71048  20230.541
572.71215  20374.111
571.71381  20164.302
570.71547  20027.178
569.71714  20106.348
568.7188  20129.67
567.72047  20321.245
566.72213  20718.914
565.72379  21059.292
564.72546  21609.925
563.72712  21878.496
562.72879  22228.537
561.73045  22526.549
560.73211  22683.216
559.73378  22589.329
558.73544  22115.277
557.7371  21708.687
556.73877  21329.84
555.74043  20899.514
554.7421  20489.165
553.74376  20238.526
552.74542  20265.097
551.74709  20173.586
550.74875  19793.884
549.75042  19365.683
548.75208  18961.269
547.75374  18278.085
546.75541  17585.456
545.75707  17009.951
544.75874  16487.005
543.7604  16224.658
542.76206  15803.254
541.76373  15876.376
540.76539  16915.807
539.76705  20039.846
538.76872  26787.27
537.77038  37734.584
536.77205  45702.615
535.77371  44734.238
534.77537  35833.67
533.77704  25108.131
532.7787  18631.991
531.78037  16225.546
530.78203  15698.193
529.78369  15744.791
528.78536  16151.555
527.78702  16741.205
526.78869  16695.047
525.79035  15706.993
524.79201  14377.154
523.79368  13181.023
522.79534  12347.567
521.797  12234.431
520.79867  12154.504
519.80033  12132.154
518.802  12222.58
517.80366  12282.888
516.80532  12366.896
515.80699  12527.273
514.80865  13186.736
513.81032  14272.885
512.81198  15164.976
511.81364  14807.121
510.81531  13740.638
509.81697  12730.993
508.81864  12015.162
507.8203  11740.099
506.82196  11540.068
505.82363  11285.15
504.82529  11217.822
503.82696  11278.293
502.82862  11322.83
501.83028  11302.089
500.83195  11249.108
499.83361  11116.648
498.83527  11346.196
497.83694  11350.254
496.8386  11269.783
495.84027  11260.018
494.84193  11310.515
493.84359  11567.862
492.84526  11642.409
491.84692  11521.789
490.84859  11547.186
489.85025  11565.02
488.85191  11566.415
487.85358  11507.675
486.85524  11417.202
485.85691  11332.067
484.85857  11247.75
483.86023  11079.426
482.8619  10978.483
481.86356  10950.486
480.86522  11044.078
479.86689  11018.922
478.86855  10855.682
477.87022  10875.372
476.87188  10946.86
475.87354  10872.813
474.87521  10894.679
473.87687  10892.598
472.87854  10789.162
471.8802  10861.149
470.88186  10799.649
469.88353  10841.203
468.88519  11001.171
467.88686  10877.801
466.88852  10967.741
465.89018  10854.236
464.89185  10642.39
463.89351  10553.479
462.89517  10679.215
461.89684  10857.826
460.8985  10788.841
459.90017  10761.016
458.90183  10644.905
457.90349  10647.877
456.90516  10584.595
455.90682  10501.149
454.90849  10670.056
453.91015  10776.826
452.91181  10765.601
451.91348  10786.693
450.91514  10887.835
449.91681  10803.527
448.91847  10707.206
447.92013  10784.218
446.9218  10879.062
445.92346  10865.317
444.92512  10783.809
443.92679  10910.628
442.92845  10962.482
441.93012  11069.814
440.93178  11025.488
439.93344  10974.289
438.93511  10993.191
437.93677  10776.184
436.93844  10705.802
435.9401  10812.884
434.94176  10767.72
433.94343  10868.845
432.94509  10873.545
431.94676  10814.814
430.94842  10850.131
429.95008  10908.949
428.95175  11101.499
427.95341  10905.395
426.95507  10830.128
425.95674  10963.248
424.9584  11073.804
423.96007  11252.754
422.96173  11463.027
421.96339  11537.281
420.96506  11566.419
419.96672  11400.065
418.96839  11249.348
417.97005  11099.155
416.97171  10957.256
415.97338  10848.913
414.97504  10841.108
413.97671  10760.221
412.97837  10815.692
411.98003  10956.105
410.9817  10976.827
409.98336  10693.137
408.98502  10695.247
407.98669  10793.914
406.98835  11145.926
405.99002  11572.374
404.99168  11786.11
403.99334  12046.947
402.99501  12015.739
401.99667  11602.507
400.99834  11261.217
400  11054.004
399.00166  10820.217
398.00333  10761.767
397.00499  10819.781
396.00666  10938.491
395.00832  10729.846
394.00998  10781.349
393.01165  10791.694
392.01331  10700.462
391.01498  10850.19
390.01664  11013.042
389.0183  10902.965
388.01997  10742.76
387.02163  10700.95
386.02329  10632.824
385.02496  10724.424
384.02662  10795.501
383.02829  10753.443
382.02995  10850.046
381.03161  10971.923
380.03328  10920.028
379.03494  10980.97
378.03661  10812.589
377.03827  10806.074
376.03993  10740.209
375.0416  10796.961
374.04326  10918.138
373.04493  11037.339
372.04659  11086.642
371.04825  10947.126
370.04992  11056.265
369.05158  10951.324
368.05324  10864.021
367.05491  10911.013
366.05657  11146.79
365.05824  11109.844
364.0599  10803.641
363.06156  11160.031
362.06323  11369.197
361.06489  11542.685
360.06656  11865.196
359.06822  12129.145
358.06988  12212.551
357.07155  11935.854
356.07321  12058.613
355.07488  11985.474
354.07654  11843.986
353.0782  11686.347
352.07987  11487.714
351.08153  11484.211
350.08319  11205.935
349.08486  10991.88
348.08652  10930.809
347.08819  10861.538
346.08985  10868.675
345.09151  10877.874
344.09318  11011.583
343.09484  11389.015
342.09651  11565.85
341.09817  12016.575
340.09983  12341.439
339.1015  12421.711
338.10316  12071.31
337.10483  11652.606
336.10649  11505.462
335.10815  11574.988
334.10982  11099.114
333.11148  10738.049
332.11314  10366.272
331.11481  10186.819
330.11647  10341.467
329.11814  10182.603
328.1198  9958.743
327.12146  9818.7084
326.12313  9847.8935
325.12479  9724.6793
324.12646  9629.1715
323.12812  9607.7985
322.12978  9511.2052
321.13145  9523.6293
320.13311  9712.7925
319.13478  9754.0847
318.13644  9646.8235
317.1381  9519.6056
316.13977  9475.3331
315.14143  9540.5141
314.14309  9401.0476
313.14476  9405.4747
312.14642  9445.7734
311.14809  9421.9478
310.14975  9251.1168
309.15141  9329.0308
308.15308  9188.1023
307.15474  9267.5401
306.15641  9281.0454
305.15807  9323.4575
304.15973  9447.9437
303.1614  9432.3829
302.16306  9314.8696
301.16473  9381.1714
300.16639  9197.2499
299.16805  9075.1884
298.16972  9032.9881
297.17138  9088.0819
296.17304  9288.7053
295.17471  9222.2249
294.17637  9315.7576
293.17804  9507.3767
292.1797  9704.0074
291.18136  10467.424
290.18303  10976.734
289.18469  11081.883
288.18636  10540.4
287.18802  9726.6939
286.18968  9544.7161
285.19135  9741.1057
284.19301  9373.0945
283.19468  9168.8241
282.19634  9129.5966
281.198  9087.7807
280.19967  9229.5221
279.20133  9116.7334
278.203  8981.8756
277.20466  8874.8299
276.20632  8802.6593
275.20799  8812.0597
274.20965  8760.1403
273.21131  8836.8989
272.21298  8846.5432
271.21464  8818.948
270.21631  8809.0607
269.21797  8897.7841
268.21963  8931.1487
267.2213  8791.4265
266.22296  8919.4206
265.22463  8948.1604
264.22629  9006.462
263.22795  9038.0694
262.22962  8902.5818
261.23128  8869.5816
260.23295  8881.68
259.23461  8781.3327
258.23627  8931.9541
257.23794  8938.0974
256.2396  8960.944
255.24126  8875.9753
254.24293  8867.894
253.24459  8750.9185
252.24626  8834.2139
251.24792  8849.1098
250.24958  8655.5272
249.25125  8561.5052
248.25291  8671.3621
247.25458  8762.2828
246.25624  8706.5846
245.2579  8720.6199
244.25957  8966.3602
243.26123  9075.4938
242.2629  9640.9996
241.26456  10291.924
240.26622  10626.058
239.26789  10742.526
238.26955  10796.119
237.27121  10406.008
236.27288  9647.1075
235.27454  9047.9014
234.27621  8538.4801
233.27787  8341.2299
232.27953  8382.727
231.2812  8411.888
230.28286  8470.4189
229.28453  8474.297
228.28619  8439.773
227.28785  8219.5126
226.28952  8064.6383
225.29118  8129.2409
224.29285  8079.8082
223.29451  7971.9802
222.29617  8008.1035
221.29784  8070.9092
220.2995  8025.4679
219.30116  7988.724
218.30283  8096.7025
217.30449  8113.2583
216.30616  8014.7435
215.30782  8023.3271
214.30948  8068.868
213.31115  7993.3899
212.31281  7963.7677
211.31448  7956.2013
210.31614  8006.7099
209.3178  7842.8498
208.31947  7864.4721
207.32113  8162.0722
206.3228  8136.1862
205.32446  7955.3406
204.32612  7974.1085
203.32779  7984.4632
202.32945  8028.6556
201.33111  8106.7678
200.33278  8118.531
199.33444  8045.1132
198.33611  8095.5696
197.33777  8309.6175
196.33943  8339.8687
195.3411  8040.7914
194.34276  7995.9696
193.34443  8177.0445
192.34609  8246.8055
191.34775  8134.3535
190.34942  8077.9577
189.35108  8261.8499
188.35275  8224.1585
187.35441  8102.4679
186.35607  7997.0923
185.35774  7969.21
184.3594  7833.5827
183.36106  8018.3219
182.36273  8193.8381
181.36439  8169.1304
180.36606  8037.5641
179.36772  7947.911
178.36938  8039.8334
177.37105  8041.5244
176.37271  7892.7565
175.37438  8037.6338
174.37604  8250.7686
173.3777  8197.9439
172.37937  8197.732
171.38103  8191.2703
170.3827  8164.7177
169.38436  8208.3083
168.38602  8215.4863
167.38769  8216.413
166.38935  8211.995
165.39101  8149.7473
164.39268  8141.0027
163.39434  8206.7828
162.39601  8224.9602
161.39767  8186.5644
160.39933  8162.6412
159.401  8260.4738
158.40266  8184.8026
157.40433  8034.6475
156.40599  8127.932
155.40765  8250.9758
154.40932  8340.0505
153.41098  8343.57
152.41265  8276.3644
151.41431  8497.4093
150.41597  8545.0785
149.41764  8521.956
148.4193  8578.3665
147.42097  8522.4138
146.42263  8439.701
145.42429  8419.6822
144.42596  8281.7756
143.42762  8334.3124
142.42928  8404.9485
141.43095  8316.6515
140.43261  8385.2126
139.43428  8280.3571
138.43594  8068.4351
137.4376  7957.1591
136.43927  8003.9947
135.44093  8082.7212
134.4426  7939.7282
133.44426  7777.4708
132.44592  7778.6418
131.44759  7845.6549
130.44925  7861.0448
129.45092  7926.2626
128.45258  8478.8104
127.45424  9414.9145
126.45591  10923.317
125.45757  12578.693
124.45923  13004.873
123.4609  12002.96
122.46256  10278.861
121.46423  9022.9875
120.46589  8601.1715
119.46755  8203.6184
118.46922  8210.3151
117.47088  8319.7649
116.47255  8471.6444
115.47421  8618.3065
114.47587  8470.9648
113.47754  8290.321
112.4792  8195.2575
111.48087  8008.3756
110.48253  7972.5407
109.48419  7959.0229
108.48586  7983.124
107.48752  8094.7723
106.48918  8205.6053
105.49085  8223.0439
104.49251  8118.3024
103.49418  8245.0095
102.49584  8132.874
101.4975  7918.5156
100.49917  7897.1398
99.500832  7776.6353
98.502496  7720.2327
97.50416  7780.4649
96.505824  7839.713
95.507488  7996.88
94.509151  8818.4847
93.510815  9863.1866
92.512479  10484.392
91.514143  10078.824
90.515807  10057.967
89.517471  11292.017
88.519135  11920.443
87.520799  10411.945
86.522463  8551.0277
85.524126  8076.4588
84.52579  8610.5083
83.527454  8448.4981
82.529118  8190.2111
81.530782  9584.3075
80.532446  11228.149
79.53411  11470.331
78.535774  9958.764
77.537438  7890.2837
76.539101  6685.4969
75.540765  6290.5475
74.542429  6024.0588
73.544093  5897.0316
72.545757  6002.4827
71.547421  6168.9653
70.549085  6311.3495
69.550749  6013.5106
68.552413  5740.8449
67.554077  5683.3279
66.55574  5498.8469
65.557404  5388.8504
64.559068  5494.219
63.560732  5643.7097
62.562396  5477.6514
61.56406  5396.3972
60.565724  5454.0599
59.567388  5472.2986
58.569052  5482.3697
57.570715  5435.6708
56.572379  5419.9444
55.574043  5447.0021
54.575707  5324.6442
53.577371  5305.7581
52.579035  5328.2113
51.580699  5362.7778
50.582363  5244.776
49.584027  5114.3669
48.585691  5211.7326
47.587354  5208.3546
46.589018  5262.4219
45.590682  5250.9476
44.592346  5202.3402
43.59401  5186.8225
42.595674  5012.6694
41.597338  4968.5324
40.599002  4910.4263
39.600666  4756.2026
38.602329  4785.7611
37.603993  4853.1261
36.605657  4836.403
35.607321  4904.3321
34.608985  4852.2334
33.610649  4945.7706
32.612313  5065.6042
31.613977  5282.1305
30.615641  5532.6197
29.617304  5688.8888
28.618968  5763.9479
27.620632  5491.6247
26.622296  5172.3728
25.62396  5007.2857
24.625624  4760.5995
23.627288  4681.3918
22.628952  4743.5639
21.630616  4688.3067
20.63228  4575.0795
19.633943  4610.5273
18.635607  4717.4032
17.637271  4703.3271
16.638935  4714.6621
15.640599  4842.4113
14.642263  4883.6075
13.643927  4962.7308
12.645591  5145.2317
11.647255  5215.9075
10.648918  5059.1994
9.6505824  4973.7293
8.6522463  4855.607
7.6539101  4680.3325
6.655574  4695.3757
5.6572379  4589.036
4.6589018  4520.3429
3.6605657  4425.9919
2.6622296  4388.7767
1.6638935  4378.2493
0.6655574  4413.2194
-0.3327787  4345.2375
-1.3311148  4158.4312
-2.3294509  4186.1936
-3.327787  4243.7937
-4.3261231  4222.6754
-5.3244592  4105.2689
-6.3227953  4089.0328
-7.3211314  4152.8386
-8.3194676  4157.4452
-9.3178037  4141.2605
-10.31614  4117.9323
-11.314476  4233.1658
-12.312812  4211.5872
-13.311148  4175.5996
-14.309484  4129.9015
-15.30782  4164.3541
-16.306156  4195.9204
-17.304493  4074.9403
-18.302829  4166.9097
-19.301165  4195.6894
-20.299501  4197.0302
-21.297837  4098.8385
-22.296173  4064.4993
-23.294509  4151.5941
-24.292845  4131.8455
-25.291181  4110.4093
-26.289517  4159.0185
-27.287854  4175.37
-28.28619  4096.4337
-29.284526  4093.8891
-30.282862  4105.1829
-31.281198  4048.3536
-32.279534  4076.7262
-33.27787  4125.5315
-34.276206  4256.7007
-35.274542  4340.1689
-36.272879  4378.8588
-37.271215  4521.9079
-38.269551  4551.1758
-39.267887  4457.9111
-40.266223  4287.3364
-41.264559  4169.278
-42.262895  4144.4307
-43.261231  4132.2422
-44.259567  4253.374
-45.257903  4227.2797
-46.25624  4143.6959
-47.254576  4160.5956
-48.252912  4194.4673
-49.251248  4111.5476
-50.249584  4138.8874
-51.24792  4183.6875
-52.246256  4120.7022
-53.244592  4143.0282
-54.242928  4100.8768
-55.241265  4063.1901
-56.239601  4055.3699
-57.237937  4078.3845
-58.236273  4027.4148
-59.234609  4056.228
-60.232945  4033.4724
-61.231281  3944.6647
-62.229617  3994.6415
-63.227953  3878.5788
-64.22629  3933.73
-65.224626  4054.8493
-66.222962  4061.2636
-67.221298  3971.6794
-68.219634  3824.7792
-69.21797  3872.5843
-70.216306  3914.5085
-71.214642  3980.0334
-72.212978  4060.8526
-73.211314  4359.1659
-74.209651  4690.2822
-75.207987  5135.6108
-76.206323  5489.2146
-77.204659  5355.7585
-78.202995  4893.6257
-79.201331  4477.6293
-80.199667  4180.5523
-81.198003  3986.7327
-82.196339  3763.0422
-83.194676  3704.6131
-84.193012  3735.7902
-85.191348  3766.2657
-86.189684  3812.5306
-87.18802  3745.4912
-88.186356  3823.9165
-89.184692  3916.2859
-90.183028  4074.5394
-91.181364  4184.9219
-92.1797  4178.7048
-93.178037  4102.5323
-94.176373  4009.1756
-95.174709  3891.4624
-96.173045  3873.3827
-97.171381  3813.7427
-98.169717  3775.7275
-99.168053  3785.995
-100.16639  3835.1716
-101.16473  3912.9273
-102.16306  4010.0817
-103.1614  3989.6643
-104.15973  4008.9581
-105.15807  4078.4491
-106.15641  3854.01
-107.15474  3754.9124
-108.15308  3727.8504
-109.15141  3586.9138
-110.14975  3560.2762
-111.14809  3507.0012
-112.14642  3352.6337
-113.14476  3259.9011
-114.14309  3194.1224
-115.14143  3140.5073
-116.13977  3092.1614
-117.1381  3040.8351
-118.13644  2987.5832
-119.13478  3081.6304
-120.13311  3336.6045
-121.13145  3540.3942
-122.12978  3666.5106
-123.12812  3811.5237
-124.12646  3963.7063
-125.12479  4774.9646
-126.12313  6462.4878
-127.12146  8213.2531
-128.1198  8988.8429
-129.11814  7780.2667
-130.11647  5597.6012
-131.11481  3936.2999
-132.11314  3003.0913
-133.11148  2522.4432
-134.10982  2261.7716
-135.10815  2151.0972
-136.10649  2060.2087
-137.10483  2034.3916
-138.10316  2059.6061
-139.1015  2042.8112
-140.09983  2125.9798
-141.09817  2095.7978
-142.09651  2000.4023
-143.09484  2033.6554
-144.09318  2049.6386
-145.09151  1972.7657
-146.08985  1981.4145
-147.08819  1988.6098
-148.08652  2062.8775
-149.08486  2040.4993
-150.08319  2075.2027
-151.08153  2040.8218
-152.07987  2011.7639
-153.0782  2039.3451
-154.07654  2018.8296
-155.07488  2018.061
-156.07321  2043.7742
-157.07155  2007.5665
-158.06988  1998.3436
-159.06822  1912.5501
-160.06656  1926.3358
-161.06489  1953.6442
-162.06323  1917.9186
-163.06156  1969.037
-164.0599  1951.321
-165.05824  1890.8692
-166.05657  1905.527
-167.05491  1958.1846
-168.05324  2008.2197
-169.05158  2036.625
-170.04992  1981.1883
-171.04825  1977.1789
-172.04659  1976.5877
-173.04493  1960.8459
-174.04326  1952.1271
-175.0416  1892.8008
-176.03993  1938.5648
-177.03827  1943.9346
-178.03661  1880.8531
-179.03494  1944.0283
-180.03328  1901.8146
-181.03161  1885.7152
-182.02995  1922.8529
-183.02829  1895.1984
-184.02662  1879.6052
-185.02496  1903.178
-186.02329  1849.5431
-187.02163  1860.8034
-188.01997  1850.4409
-189.0183  1900.6427
-190.01664  1925.8924
-191.01498  1968.3327
-192.01331  1920.7831
-193.01165  1923.8461
-194.00998  1854.9745
-195.00832  1810.2557
-196.00666  1891.3706
-197.00499  1960.4656
-198.00333  1857.9889
-199.00166  1807.8246
-200  1824.5256

# Region:                       High Energy Auger
# Spectrum ID:                  14
# Acquisition Date:             07/07/26 16:20:03 UTC
# Analysis Method:              XPS
# Analyzer:                     PHOIBOS MCD5 Analyzer
# Analyzer Lens:                LargeArea:3.5kV
# Analyzer Slit:                5:7x20\B:open
# Scan Mode:                    FixedAnalyzerTransmission
# Curves/Scan:                  1
# Values/Curve:                 3701
# Dwell Time:                   0.125
# Excitation Energy:            1253.64
# Binding Energy:               220
# Pass Energy:                  50
# Bias Voltage:                 90
# Detector Voltage:             3000
# Eff. Workfunction:            4.543
# Source:                       X-Ray Dummy
# Comment:                      
#
# Cycle: 0
# Number of Scans: 4
#
# Cycle: 0, Curve: 0
# Acquisition Date:             07/07/26 16:20:03 UTC
#
# ColumnLabels:                 energy counts/s
#
220  7941.6617
219.9  8054.3118
219.8  8059.4023
219.7  8266.1678
219.6  8146.9779
219.5  8066.9786
219.4  8043.8886
219.3  7832.0887
219.2  8022.3968
219.1  8005.6689
219  8021.1696
218.9  7816.0012
218.8  7915.1871
218.7  8115.9232
218.6  8124.1922
218.5  8218.8869
218.4  7956.7374
218.3  8162.3689
218.2  7916.2018
218.1  7966.7031
218  8116.7086
217.9  7989.0839
217.8  8192.1556
217.7  7984.0634
217.6  8071.0829
217.5  7957.4394
217.4  8257.9786
217.3  8050.2638
217.2  8034.9035
217.1  7869.8071
217  8069.5946
216.9  7941.1958
216.8  7753.7683
216.7  7846.1345
216.6  7867.1239
216.5  7997.2342
216.4  7967.4329
216.3  8355.9786
216.2  8133.0461
216.1  8010.422
216  7910.6873
215.9  7922.2398
215.8  8098.7728
215.7  8158.4731
215.6  7922.6089
215.5  7973.2656
215.4  8082.6188
215.3  8098.6315
215.2  7939.5307
215.1  8179.6357
215  8148.1209
214.9  8031.2265
214.8  7770.0181
214.7  7983.2743
214.6  8110.2696
214.5  7900.6725
214.4  7958.3653
214.3  7926.8076
214.2  8168.9485
214.1  7862.3203
214  7960.4966
213.9  8093.7161
213.8  8086.1908
213.7  8119.3762
213.6  8078.8971
213.5  7955.1983
213.4  7848.2362
213.3  7816.0032
213.2  7760.6422
213.1  8116.9538
213  7983.9628
212.9  8123.0455
212.8  7951.1875
212.7  8115.8653
212.6  7984.085
212.5  8043.2941
212.4  7691.2887
212.3  7863.2956
212.2  7974.0314
212.1  7797.2398
212  7741.8016
211.9  8012.7149
211.8  7903.6481
211.7  7882.4718
211.6  7991.4807
211.5  7970.3556
211.4  8001.3001
211.3  8026.3603
211.2  7852.7851
211.1  7873.916
211  8018.6485
210.9  7919.5882
210.8  7973.6029
210.7  7961.0471
210.6  8076.6432
210.5  7896.9501
210.4  7826.6641
210.3  7830.6197
210.2  8113.9594
210.1  7951.0562
210  7956.5436
209.9  8294.2044
209.8  7976.9505
209.7  8043.5057
209.6  7974.2348
209.5  7946.72
209.4  8003.4673
209.3  7991.0336
209.2  8102.8962
209.1  7933.485
209  7995.088
208.9  8067.4663
208.8  8221.7351
208.7  8140.2697
208.6  7955.0957
208.5  7849.104
208.4  7900.1191
208.3  8027.5533
208.2  8029.544
208.1  7959.6803
208  7988.8648
207.9  7886.1307
207.8  7897.765
207.7  7831.5563
207.6  7763.1449
207.5  7809.4935
207.4  7989.0916
207.3  7983.2627
207.2  8024.2423
207.1  8093.9279
207  7920.2625
206.9  7961.8709
206.8  7867.7112
206.7  7990.4418
206.6  7970.1452
206.5  7839.5511
206.4  7759.812
206.3  7793.8012
206.2  7861.7492
206.1  8017.3491
206  8102.0782
205.9  7975.3334
205.8  8113.0027
205.7  7911.7305
205.6  8074.9009
205.5  8290.3988
205.4  8011.6788
205.3  8081.3891
205.2  7913.1346
205.1  7833.8752
205  8158.5727
204.9  8086.4273
204.8  7957.0154
204.7  7847.7012
204.6  7905.349
204.5  7971.6355
204.4  8163.8193
204.3  8153.0386
204.2  7897.4204
204.1  7986.432
204  7991.9079
203.9  8110.0192
203.8  8000.9541
203.7  7979.9302
203.6  8159.0052
203.5  7995.6799
203.4  8073.3187
203.3  7863.5303
203.2  8101.1411
203.1  8139.576
203  7958.0371
202.9  8197.5069
202.8  8100.1799
202.7  8236.2033
202.6  7998.5606
202.5  8149.3645
202.4  8061.8551
202.3  8176.4067
202.2  8158.6797
202.1  8275.2499
202  8124.7623
201.9  8033.8623
201.8  8134.1025
201.7  7993.2994
201.6  8187.7646
201.5  8013.4842
201.4  7988.1528
201.3  7970.7111
201.2  8140.3046
201.1  8110.5103
201  8039.8184
200.9  8087.2571
200.8  8050.256
200.7  7946.5151
200.6  7997.4706
200.5  7999.6708
200.4  7946.7667
200.3  8092.5702
200.2  8097.2482
200.1  7924.5496
200  7879.5961
199.9  8036.291
199.8  8243.647
199.7  8072.3849
199.6  8298.5602
199.5  8175.9515
199.4  8197.1296
199.3  8271.5035
199.2  8055.7573
199.1  8037.5269
199  8302.0697
198.9  8178.7169
198.8  8234.8844
198.7  8188.1353
198.6  8106.3109
198.5  8299.9542
198.4  8359.7945
198.3  8194.4101
198.2  8054.4069
198.1  8098.5134
198  7994.3625
197.9  8217.6205
197.8  8203.5106
197.7  8028.0485
197.6  8234.107
197.5  8162.0656
197.4  8150.4071
197.3  8254.8763
197.2  8215.0734
197.1  8098.8302
197  8308.0862
196.9  8234.9279
196.8  8210.6966
196.7  8169.2249
196.6  8257.3858
196.5  8457.7054
196.4  8284.3174
196.3  8035.1616
196.2  7924.2435
196.1  8105.0548
196  7897.2654
195.9  8037.8794
195.8  8076.8589
195.7  8115.7766
195.6  8152.1121
195.5  8056.2171
195.4  8046.0456
195.3  8036.7317
195.2  8170.3406
195.1  8085.8604
195  8129.351
194.9  8115.7432
194.8  8072.9743
194.7  8145.3264
194.6  8188.1982
194.5  7836.3254
194.4  7726.517
194.3  7877.0146
194.2  8013.2481
194.1  7997.0806
194  7892.3162
193.9  8041.4389
193.8  8178.161
193.7  8099.42
193.6  8134.6337
193.5  8048.3954
193.4  7971.2969
193.3  7964.3317
193.2  8034.99
193.1  8123.3811
193  7893.3946
192.9  8016.8866
192.8  8022.8017
192.7  8069.1755
192.6  7930.2014
192.5  7929.8407
192.4  7890.5089
192.3  7825.2107
192.2  8125.0733
192.1  8000.5722
192  7922.9688
191.9  7810.4787
191.8  7839.2028
191.7  7955.7906
191.6  8206.1654
191.5  8137.7115
191.4  8047.6399
191.3  8014.3486
191.2  8106.0027
191.1  8070.1183
191  8147.4
190.9  8059.3332
190.8  8165.5485
190.7  8135.9118
190.6  8225.7247
190.5  8149.8252
190.4  8001.1598
190.3  7888.6196
190.2  8115.933
190.1  8050.6211
190  8218.1595
189.9  7951.4418
189.8  8100.9702
189.7  8098.6158
189.6  7792.6516
189.5  8029.4837
189.4  8153.5178
189.3  8018.2063
189.2  8124.732
189.1  8263.0208
189  7875.309
188.9  7970.9205
188.8  8038.9774
188.7  8129.6354
188.6  7985.9556
188.5  8063.6273
188.4  8024.1692
188.3  7949.3354
188.2  7873.3487
188.1  8087.4531
188  8139.7343
187.9  7957.6513
187.8  7931.6986
187.7  8152.4248
187.6  8121.1716
187.5  8129.4558
187.4  8134.4353
187.3  8207.8158
187.2  8124.7144
187.1  8055.4658
187  8003.2298
186.9  7925.1415
186.8  8068.2095
186.7  8125.6608
186.6  8168.2422
186.5  7836.8438
186.4  7882.8691
186.3  8069.9601
186.2  7893.1979
186.1  7989.7841
186  8079.7551
185.9  8136.671
185.8  8240.0575
185.7  7877.1287
185.6  7935.1596
185.5  7945.0161
185.4  8007.03
185.3  8011.1917
185.2  8035.2869
185.1  8006.6001
185  8207.8479
184.9  8158.9312
184.8  8083.4045
184.7  7804.3604
184.6  7757.3094
184.5  7940.3098
184.4  7994.68
184.3  8085.7517
184.2  7964.0395
184.1  8022.4669
184  8119.6812
183.9  8039.9236
183.8  8062.6733
183.7  8013.2588
183.6  8056.9468
183.5  8039.9807
183.4  8010.303
183.3  7725.0765
183.2  7920.246
183.1  8057.0219
183  8100.5566
182.9  7977.0956
182.8  7859.1165
182.7  7936.4814
182.6  8216.7529
182.5  8079.835
182.4  8110.3462
182.3  8032.858
182.2  8046.5057
182.1  8024.7367
182  7983.9627
181.9  8242.119
181.8  8072.2803
181.7  7976.4296
181.6  8045.1621
181.5  8196.8333
181.4  8093.911
181.3  8072.7311
181.2  7974.0716
181.1  7900.0069
181  8148.5021
180.9  7923.0121
180.8  8015.7047
180.7  8095.6642
180.6  8157.1246
180.5  8094.8047
180.4  7867.9247
180.3  7937.3
180.2  7999.6694
180.1  8012.3871
180  7899.448
179.9  7918.1525
179.8  8118.9857
179.7  8147.28
179.6  8140.6188
179.5  7999.7504
179.4  8088.5306
179.3  8118.1769
179.2  8235.4921
179.1  8153.69
179  8131.5831
178.9  8001.6181
178.8  8185.8521
178.7  8064.8169
178.6  7963.589
178.5  8004.377
178.4  8193.6467
178.3  7875.5362
178.2  8190.5042
178.1  8235.099
178  8048.8789
177.9  8013.9789
177.8  8076.147
177.7  8113.8597
177.6  8130.4312
177.5  8032.1834
177.4  8011.0587
177.3  8078.9739
177.2  7937.6794
177.1  8143.4662
177  7841.9871
176.9  8111.3373
176.8  7888.4777
176.7  7924.1483
176.6  7999.9434
176.5  8217.5671
176.4  8116.3125
176.3  8021.0109
176.2  8113.7385
176.1  8205.1215
176  7985.5954
175.9  8111.0669
175.8  8262.2812
175.7  8169.1485
175.6  8063.2812
175.5  8231.2571
175.4  8198.504
175.3  8341.7835
175.2  8191.0941
175.1  8140.6787
175  7966.2037
174.9  8123.132
174.8  7931.9116
174.7  8219.6819
174.6  8064.663
174.5  7937.0089
174.4  8183.2065
174.3  8005.7928
174.2  8032.5508
174.1  8109.6097
174  8268.5489
173.9  8269.6028
173.8  8056.889
173.7  8183.1327
173.6  8226.5717
173.5  8066.3138
173.4  7971.6559
173.3  8338.5556
173.2  8246.4051
173.1  8246.5572
173  8051.9612
172.9  8164.7225
172.8  8066.6001
172.7  8081.8379
172.6  8077.5215
172.5  8393.2521
172.4  8018.562
172.3  7836.9989
172.2  7921.6139
172.1  7940.4778
172  8053.3694
171.9  8287.8228
171.8  8196.4415
171.7  8095.4635
171.6  8090.1144
171.5  8182.2701
171.4  8032.9077
171.3  8061.2208
171.2  8264.8815
171.1  8097.7252
171  7987.7407
170.9  8130.4739
170.8  8072.3653
170.7  8124.1531
170.6  8259.6672
170.5  8062.6593
170.4  8107.8222
170.3  8279.4081
170.2  8074.5437
170.1  8066.2454
170  7941.9625
169.9  8096.2038
169.8  8352.1764
169.7  8152.5191
169.6  7970.0015
169.5  8364.6755
169.4  8100.4725
169.3  8036.8986
169.2  7994.3434
169.1  7803.7003
169  8115.1402
168.9  8116.5036
168.8  8053.3065
168.7  8097.7379
168.6  8238.4073
168.5  8328.3637
168.4  8204.2812
168.3  7993.0719
168.2  8023.6402
168.1  8166.4868
168  8238.4587
167.9  8335.6885
167.8  8475.9347
167.7  8164.7525
167.6  8018.8101
167.5  8009.1429
167.4  8273.0908
167.3  8151.6684
167.2  8281.3669
167.1  8185.0987
167  8138.5685
166.9  8284.2875
166.8  8253.1989
166.7  8063.0556
166.6  8200.3486
166.5  8122.48
166.4  7979.979
166.3  8270.2532
166.2  8003.0977
166.1  8153.4348
166  8223.2672
165.9  8269.0993
165.8  8250.9858
165.7  8073.3873
165.6  8217.1304
165.5  8032.7141
165.4  8121.886
165.3  8155.9759
165.2  8158.4847
165.1  8097.7321
165  8039.0031
164.9  7968.193
164.8  8268.4707
164.7  8331.9982
164.6  8133.2647
164.5  8045.0707
164.4  8099.6872
164.3  8242.586
164.2  8405.4644
164.1  8294.6065
164  8089.7181
163.9  8131.0635
163.8  7963.9259
163.7  8150.6484
163.6  8181.3731
163.5  8170.5724
163.4  8144.1349
163.3  8106.157
163.2  8248.4569
163.1  8049.0066
163  8181.3291
162.9  8046.0086
162.8  8132.4627
162.7  8126.0718
162.6  8144.8994
162.5  8164.1189
162.4  8134.8436
162.3  8052.0743
162.2  8313.6682
162.1  8228.5529
162  8200.937
161.9  8197.9511
161.8  8245.147
161.7  8199.9904
161.6  8291.0714
161.5  8113.1148
161.4  8109.198
161.3  8137.0016
161.2  8196.5853
161.1  8259.2779
161  8231.6524
160.9  8105.4956
160.8  8217.2768
160.7  8090.4384
160.6  8101.9776
160.5  8074.7576
160.4  8316.6476
160.3  8299.061
160.2  8339.2029
160.1  8339.3164
160  8149.647
159.9  7954.4496
159.8  7970.6619
159.7  8178.4047
159.6  8038.3659
159.5  8246.1179
159.4  8121.9542
159.3  8251.7972
159.2  8106.0099
159.1  8213.7251
159  8269.7974
158.9  8142.362
158.8  8208.8848
158.7  8212.3819
158.6  8171.2142
158.5  8233.6133
158.4  8363.0086
158.3  8135.2869
158.2  8153.097
158.1  8250.808
158  8160.2895
157.9  8070.2437
157.8  8115.9181
157.7  8166.9917
157.6  8294.2302
157.5  8100.4926
157.4  8228.0102
157.3  8074.1711
157.2  8299.7553
157.1  8371.72
157  8435.5415
156.9  8246.9204
156.8  8270.9565
156.7  8295.1145
156.6  8277.9911
156.5  8300.8386
156.4  8033.5902
156.3  8075.7709
156.2  8125.6572
156.1  8209.7679
156  8230.1766
155.9  8378.4672
155.8  8274.7905
155.7  8461.3317
155.6  8370.4633
155.5  8409.3744
155.4  8339.4438
155.3  8262.0837
155.2  8181.6278
155.1  8237.1829
155  8276.3829
154.9  8300.4742
154.8  8175.962
154.7  8202.1156
154.6  8127.39
154.5  8253.3613
154.4  8375.6981
154.3  8275.3306
154.2  8210.492
154.1  8364.5069
154  8459.6918
153.9  8170.8337
153.8  8113.1549
153.7  8012.8452
153.6  8302.7279
153.5  8449.3766
153.4  8405.067
153.3  8567.4818
153.2  8515.3907
153.1  8212.374
153  8360.9221
152.9  8373.8729
152.8  8312.439
152.7  8318.4573
152.6  8408.4926
152.5  8280.2083
152.4  8290.9794
152.3  8184.91
152.2  8281.5823
152.1  8485.5884
152  8515.6717
151.9  8451.9205
151.8  8351.4752
151.7  8559.8048
151.6  8394.0821
151.5  8433.8694
151.4  8456.4806
151.3  8365.5356
151.2  8450.0748
151.1  8369.6144
151  8488.6413
150.9  8312.0528
150.8  8322.4375
150.7  8407.1056
150.6  8565.4139
150.5  8488.8231
150.4  8688.8034
150.3  8538.763
150.2  8479.5946
150.1  8549.1577
150  8426.529
149.9  8534.8664
149.8  8559.5155
149.7  8590.8686
149.6  8660.9302
149.5  8582.8532
149.4  8395.4186
149.3  8483.9291
149.2  8433.519
149.1  8459.6319
149  8515.7452
148.9  8551.8973
148.8  8443.8439
148.7  8502.451
148.6  8364.4046
148.5  8698.4275
148.4  8572.9785
148.3  8596.8126
148.2  8757.8623
148.1  8631.3376
148  8697.8629
147.9  8608.867
147.8  8716.3209
147.7  8458.045
147.6  8445.5812
147.5  8434.938
147.4  8537.0785
147.3  8332.167
147.2  8306.0305
147.1  8760.3534
147  8540.0028
146.9  8399.5122
146.8  8441.9566
146.7  8548.36
146.6  8448.3125
146.5  8303.1325
146.4  8437.9197
146.3  8576.8965
146.2  8461.5076
146.1  8513.9953
146  8619.0931
145.9  8660.8642
145.8  8675.8922
145.7  8642.8944
145.6  8486.9647
145.5  8442.4215
145.4  8447.7649
145.3  8532.5369
145.2  8472.8895
145.1  8405.2267
145  8309.0255
144.9  8244.9319
144.8  8455.4939
144.7  8518.1526
144.6  8644.905
144.5  8399.2039
144.4  8361.4208
144.3  8148.9415
144.2  8401.8554
144.1  8460.7271
144  8421.9187
143.9  8495.7914
143.8  8340.1077
143.7  8329.7737
143.6  8250.5721
143.5  8347.0119
143.4  8372.8281
143.3  8443.411
143.2  8115.5586
143.1  8259.2783
143  8225.8083
142.9  8246.5706
142.8  8431.7493
142.7  8407.7395
142.6  8402.5264
142.5  8143.9142
142.4  8488.0878
142.3  8504.9654
142.2  8340.2856
142.1  8415.1465
142  8432.8498
141.9  8348.0215
141.8  8457.9356
141.7  8312.4602
141.6  8383.6563
141.5  8306.5891
141.4  8234.1693
141.3  8225.3707
141.2  8247.2873
141.1  8284.9657
141  8214.808
140.9  8368.5076
140.8  8418.406
140.7  8189.0628
140.6  8236.0209
140.5  8353.7808
140.4  8438.4591
140.3  8305.5971
140.2  8238.9284
140.1  8519.2831
140  8254.3975
139.9  8078.6846
139.8  8158.733
139.7  8103.9258
139.6  8115.3699
139.5  8159.8003
139.4  8278.8924
139.3  8173.8195
139.2  8055.8279
139.1  8076.5928
139  8213.5157
138.9  8059.5459
138.8  8189.3158
138.7  8230.8384
138.6  8180.6223
138.5  8165.5829
138.4  8303.5611
138.3  8141.0516
138.2  8269.8733
138.1  8311.2355
138  8139.1681
137.9  7955.0045
137.8  8073.388
137.7  7988.6355
137.6  8199.552
137.5  7986.9569
137.4  8311.4628
137.3  8034.8154
137.2  8090.9358
137.1  8241.7948
137  8137.2068
136.9  8089.4319
136.8  8059.9608
136.7  7954.587
136.6  7862.4327
136.5  8367.0666
136.4  8015.3515
136.3  8188.2804
136.2  8125.152
136.1  7784.9736
136  7833.432
135.9  7981.1601
135.8  7913.3602
135.7  7965.163
135.6  8109.0225
135.5  8030.3365
135.4  7925.4458
135.3  8078.5547
135.2  8027.6811
135.1  7984.8049
135  8043.3438
134.9  7990.9502
134.8  8024.5145
134.7  7942.2719
134.6  8051.1849
134.5  8076.2508
134.4  7736.557
134.3  7912.176
134.2  7950.5077
134.1  7999.4243
134  8124.027
133.9  7810.124
133.8  7968.2109
133.7  7804.6975
133.6  7932.061
133.5  7982.0527
133.4  7878.567
133.3  7941.9498
133.2  7961.9097
133.1  7921.5593
133  7969.4874
132.9  7864.2475
132.8  7832.5023
132.7  7901.9286
132.6  7816.7907
132.5  7952.5926
132.4  7858.7709
132.3  8038.7705
132.2  7801.6599
132.1  8071.9279
132  7995.1741
131.9  8017.8703
131.8  7793.9764
131.7  7902.5843
131.6  7993.1172
131.5  7939.3008
131.4  7936.2606
131.3  8013.8616
131.2  7984.4779
131.1  7822.5256
131  7758.0877
130.9  7871.4067
130.8  7682.8589
130.7  7845.3891
130.6  7962.0319
130.5  7910.4427
130.4  7844.5735
130.3  7905.6227
130.2  7870.8254
130.1  8051.5968
130  8121.9941
129.9  7979.4738
129.8  8233.5532
129.7  8055.3265
129.6  8009.4648
129.5  7932.834
129.4  8094.9027
129.3  7938.4365
129.2  8142.5876
129.1  8085.2156
129  8158.8305
128.9  8138.5094
128.8  8213.4058
128.7  8323.3291
128.6  8412.5112
128.5  8469.5753
128.4  8570.5683
128.3  8665.1667
128.2  8669.2162
128.1  8493.2056
128  8676.0427
127.9  8917.7261
127.8  8881.0454
127.7  9127.6229
127.6  9026.8931
127.5  9041.1784
127.4  9287.8088
127.3  9424.0206
127.2  9485.4997
127.1  9807.4847
127  9932.0395
126.9  10035.772
126.8  10341.417
126.7  10255.565
126.6  10365.247
126.5  10811.941
126.4  10744.354
126.3  10993.525
126.2  11201.755
126.1  11575.958
126  11672.217
125.9  12019.864
125.8  12195.162
125.7  12154.366
125.6  12220.432
125.5  12572.893
125.4  12937.525
125.3  13016.341
125.2  12753.527
125.1  13228.157
125  13521.292
124.9  13582.974
124.8  13305.343
124.7  13388.102
124.6  13301.642
124.5  13458.148
124.4  13121.47
124.3  13350.229
124.2  13230.805
124.1  13199.318
124  13225.288
123.9  13208.924
123.8  12827.848
123.7  12790.854
123.6  12632.491
123.5  12315.128
123.4  11911.658
123.3  11945.234
123.2  11829.091
123.1  11688.067
123  11404.699
122.9  11167.307
122.8  10946.339
122.7  10834.599
122.6  10465.531
122.5  10500.535
122.4  10322.7
122.3  10162.567
122.2  10028.936
122.1  9875.8912
122  9382.2094
121.9  9510.7438
121.8  9620.6533
121.7  9262.3871
121.6  9017.4143
121.5  8900.4809
121.4  8730.7439
121.3  8732.8112
121.2  8857.4717
121.1  8957.8688
121  8926.4116
120.9  8419.4073
120.8  8664.863
120.7  8487.6467
120.6  8562.6115
120.5  8487.378
120.4  8210.1456
120.3  8343.3938
120.2  8321.4282
120.1  8327.9274
120  8395.2335
119.9  8471.2064
119.8  8254.1783
119.7  8254.9381
119.6  8299.7441
119.5  8285.7278
119.4  8242.7727
119.3  8123.5519
119.2  8217.0341
119.1  8135.7543
119  8199.1729
118.9  8269.2054
118.8  8295.769
118.7  8279.6425
118.6  8225.0883
118.5  8071.5607
118.4  8284.5067
118.3  8280.2005
118.2  8171.4309
118.1  8341.6047
118  8367.7869
117.9  8236.7231
117.8  8210.4562
117.7  8681.274
117.6  8416.6708
117.5  8452.3862
117.4  8349.576
117.3  8309.3998
117.2  8313.659
117.1  8403.2516
117  8444.8704
116.9  8422.1101
116.8  8516.4815
116.7  8506.2718
116.6  8430.4268
116.5  8598.611
116.4  8467.5129
116.3  8558.0924
116.2  8659.7802
116.1  8730.0277
116  8524.7784
115.9  8387.3353
115.8  8756.4536
115.7  8752.9618
115.6  8579.4995
115.5  8562.6856
115.4  8710.5386
115.3  8393.4849
115.2  8412.1923
115.1  8420.5892
115  8433.3206
114.9  8493.2944
114.8  8458.4755
114.7  8543.1937
114.6  8491.5821
114.5  8390.7314
114.4  8456.9071
114.3  8481.8618
114.2  8532.1929
114.1  8397.9262
114  8411.1723
113.9  8349.096
113.8  8331.0521
113.7  8292.8098
113.6  8242.7312
113.5  8523.9382
113.4  8511.2641
113.3  8366.8539
113.2  8144.4793
113.1  8348.3016
113  8393.94
112.9  8177.2917
112.8  8352.2808
112.7  8211.3808
112.6  8150.0264
112.5  8127.1832
112.4  8067.821
112.3  8176.2621
112.2  8092.7345
112.1  8069.5571
112  8108.3695
111.9  8066.3632
111.8  7899.3043
111.7  8175.8573
111.6  8105.0524
111.5  7976.3952
111.4  7851.2558
111.3  7908.4628
111.2  7790.4719
111.1  8019.4399
111  7979.4703
110.9  7906.6061
110.8  8047.178
110.7  8014.4063
110.6  8066.1039
110.5  8071.2963
110.4  7940.1714
110.3  7899.7995
110.2  7755.3783
110.1  7749.577
110  7991.4513
109.9  8050.5158
109.8  7884.2464
109.7  8057.8065
109.6  7883.3992
109.5  7809.2589
109.4  7967.1539
109.3  7964.1154
109.2  8108.848
109.1  8059.0739
109  8027.5324
108.9  7925.1954
108.8  8114.0736
108.7  7929.0787
108.6  7964.1927
108.5  8024.0834
108.4  7912.2724
108.3  7895.708
108.2  8178.5865
108.1  7912.9929
108  7815.6567
107.9  7962.3779
107.8  8069.5516
107.7  7945.459
107.6  8106.0998
107.5  8002.4303
107.4  8064.6499
107.3  8270.8107
107.2  8284.4404
107.1  8338.7258
107  8290.7621
106.9  8202.5873
106.8  8167.4611
106.7  8271.7777
106.6  8197.4183
106.5  8300.4636
106.4  8382.1424
106.3  8265.9589
106.2  8219.6515
106.1  8229.9359
106  8254.1256
105.9  8082.3042
105.8  8021.9994
105.7  8272.1487
105.6  8189.1404
105.5  8164.3285
105.4  8183.9054
105.3  8160.2026
105.2  8336.723
105.1  8410.8414
105  8146.4761
104.9  8260.1606
104.8  8419.6672
104.7  8297.0472
104.6  8072.6695
104.5  8373.2172
104.4  8266.1493
104.3  8309.9472
104.2  8155.945
104.1  8221.9728
104  8263.0579
103.9  8121.6444
103.8  8150.4837
103.7  8209.2256
103.6  8116.787
103.5  8075.2138
103.4  8049.3131
103.3  8172.1765
103.2  8303.5752
103.1  8222.8112
103  8030.9309
102.9  8075.6162
102.8  8244.2029
102.7  7879.132
102.6  8147.9481
102.5  8026.1923
102.4  7926.5777
102.3  8065.0487
102.2  8161.9589
102.1  8039.7994
102  8097.5201
101.9  7885.1708
101.8  8089.4908
101.7  8258.2413
101.6  7773.1507
101.5  7932.1741
101.4  8052.001
101.3  8079.1021
101.2  8056.3969
101.1  8032.4759
101  8006.0544
100.9  7862.1788
100.8  8082.7945
100.7  7983.2697
100.6  7663.0308
100.5  7876.9114
100.4  7908.5351
100.3  7867.1909
100.2  7967.4452
100.1  7982.99
100  7866.6615
99.9  7834.5581
99.8  7832.8983
99.7  7995.3109
99.6  7966.9703
99.5  7877.8611
99.4  7563.1345
99.3  7721.6638
99.2  7845.1996
99.1  7857.4328
99  7931.2334
98.9  7863.5879
98.8  7853.6288
98.7  7744.4375
98.6  7847.7127
98.5  7876.8763
98.4  7980.6248
98.3  7969.1672
98.2  7787.3846
98.1  7893.1735
98  7780.8729
97.9  7631.3865
97.8  7708.3643
97.7  7816.6597
97.6  7974.0625
97.5  7654.2894
97.4  7686.3009
97.3  7795.5115
97.2  7765.519
97.1  7782.8135
97  7668.65
96.9  7817.2078
96.8  7591.1723
96.7  7777.0016
96.6  7698.7904
96.5  7904.4093
96.4  7874.287
96.3  7679.1936
96.2  7884.4768
96.1  7915.0157
96  7652.6743
95.9  7892.2272
95.8  7956.8282
95.7  7981.7558
95.6  8006.0809
95.5  8255.925
95.4  8234.6318
95.3  8187.4683
95.2  8089.6435
95.1  8264.6731
95  8328.4989
94.9  8320.163
94.8  8540.6282
94.7  8555.3903
94.6  8527.6664
94.5  8788.6833
94.4  8750.2743
94.3  8828.3387
94.2  9117.1469
94.1  9050.0647
94  9233.0286
93.9  9243.5578
93.8  9403.6984
93.7  9820.0669
93.6  9753.3978
93.5  9874.5615
93.4  10014.944
93.3  9969.6292
93.2  10323.363
93.1  10586.287
93  10548.763
92.9  10702.05
92.8  10813.842
92.7  10893.76
92.6  10748.596
92.5  10836.106
92.4  11070.713
92.3  10886.043
92.2  10879.288
92.1  10598.601
92  10568.346
91.9  10554.382
91.8  10510.374
91.7  10040.348
91.6  10185.254
91.5  10417.147
91.4  10169.29
91.3  9996.2571
91.2  9956.3475
91.1  9893.0703
91  10123.596
90.9  10159.092
90.8  10163.675
90.7  10122.227
90.6  10193.367
90.5  10166.162
90.4  10156.175
90.3  10409.283
90.2  10431.279
90.1  10760.141
90  10751.387
89.9  11032.443
89.8  11060.953
89.7  11279.967
89.6  11206.742
89.5  11618.408
89.4  11439.739
89.3  11777.735
89.2  11772.024
89.1  12028.207
89  12020.551
88.9  12175.254
88.8  12333.704
88.7  12260.924
88.6  12452.843
88.5  12148.008
88.4  12086.937
88.3  11852.784
88.2  11935.503
88.1  11690.042
88  11673.882
87.9  11464.619
87.8  11095.977
87.7  11014.05
87.6  10825.589
87.5  10563.269
87.4  10024.657
87.3  9860.5091
87.2  9631.6346
87.1  9509.4294
87  9323.6209
86.9  9096.061
86.8  8601.4433
86.7  8607.3983
86.6  8466.242
86.5  8347.0341
86.4  8259.8188
86.3  7952.6879
86.2  7835.4785
86.1  7964.0916
86  7946.744
85.9  7888.6473
85.8  7911.4127
85.7  8061.7327
85.6  7948.7475
85.5  8114.5855
85.4  8228.6855
85.3  8257.924
85.2  8334.53
85.1  8284.8821
85  8340.689
84.9  8503.4841
84.8  8851.2395
84.7  8854.4557
84.6  8629.339
84.5  8681.0129
84.4  8613.149
84.3  8572.8713
84.2  8591.7739
84.1  8751.6
84  8844.8283
83.9  8499.5251
83.8  8539.2783
83.7  8475.7387
83.6  8374.6818
83.5  8250.5526
83.4  8236.2478
83.3  8337.2669
83.2  7850.6282
83.1  8124.8095
83  8023.5969
82.9  8026.5014
82.8  8205.4199
82.7  8082.6172
82.6  7934.534
82.5  8058.3392
82.4  8318.7769
82.3  8269.4499
82.2  8164.5561
82.1  8227.9769
82  8533.2524
81.9  8572.4162
81.8  8854.0027
81.7  8873.1436
81.6  9415.8889
81.5  9526.6507
81.4  9474.5058
81.3  9919.2656
81.2  10188.449
81.1  10042.092
81  10325.011
80.9  10929.509
80.8  10715.161
80.7  11072.979
80.6  11408.762
80.5  11517.787
80.4  11481.742
80.3  11785.259
80.2  11865.691
80.1  12133.452
80  11907.665
79.9  11879.095
79.8  12025.409
79.7  12115.949
79.6  11782.112
79.5  11676.133
79.4  11648.171
79.3  11605.484
79.2  11539.512
79.1  11381.453
79  11545.863
78.9  10878.025
78.8  10716.218
78.7  10418.934
78.6  10254.623
78.5  9980.7412
78.4  9770.3572
78.3  9599.9461
78.2  9200.8541
78.1  9192.2678
78  8929.1851
77.9  8716.0492
77.8  8192.3776
77.7  8197.3858
77.6  8250.0336
77.5  7919.8684
77.4  7587.9093
77.3  7567.3707
77.2  7391.0077
77.1  7099.8648
77  7030.0236
76.9  6959.8791
76.8  6866.2369
76.7  6687.3903
76.6  6716.5222
76.5  6645.2935
76.4  6549.9168
76.3  6570.8851
76.2  6224.9715
76.1  6301.2378
76  6389.3647
75.9  6192.1549
75.8  6203.7288
75.7  6224.4065
75.6  6365.5937
75.5  6084.5014
75.4  6059.9201
75.3  6089.2677
75.2  6054.5274
75.1  6137.3305
75  5938.6934
74.9  6010.8826
74.8  6059.0519
74.7  5787.9023
74.6  5880.0797
74.5  5764.0977
74.4  6121.0409
74.3  6147.2346
74.2  6014.1609
74.1  5894.7965
74  5986.6599
73.9  6052.3168
73.8  5910.886
73.7  5873.2403
73.6  5876.507
73.5  5848.3308
73.4  5908.9733
73.3  6054.0321
73.2  6139.283
73.1  6111.2123
73  6029.6731
72.9  6118.2944
72.8  5976.6658
72.7  6075.4754
72.6  6058.1007
72.5  6004.9592
72.4  6018.4515
72.3  6093.4098
72.2  6101.2466
72.1  5975.7049
72  6098.376
71.9  5935.2061
71.8  6286.2106
71.7  6207.7525
71.6  6371.705
71.5  6338.6738
71.4  6225.7965
71.3  6153.1093
71.2  6270.1853
71.1  6198.5134
71  6130.3772
70.9  6174.641
70.8  6134.2793
70.7  6170.907
70.6  6197.2369
70.5  6149.1777
70.4  6222.6532
70.3  6001.2939
70.2  6092.2815
70.1  6037.2958
70  6057.7426
69.9  6021.25
69.8  6007.6302
69.7  6088.2376
69.6  6074.687
69.5  6084.2113
69.4  6089.7727
69.3  6072.5647
69.2  6042.6536
69.1  6011.2862
69  6175.5266
68.9  5842.3534
68.8  5765.5892
68.7  5728.1734
68.6  5695.3133
68.5  5721.8822
68.4  5757.773
68.3  5793.1486
68.2  5732.6955
68.1  5813.6489
68  5823.8276
67.9  5643.3516
67.8  5724.8521
67.7  5571.4574
67.6  5773.2737
67.5  5637.7803
67.4  5518.9781
67.3  5638.2635
67.2  5569.181
67.1  5607.2938
67  5575.4435
66.9  5428.6934
66.8  5595.5043
66.7  5682.9023
66.6  5623.7607
66.5  5616.5514
66.4  5562.7499
66.3  5401.978
66.2  5401.9333
66.1  5494.8434
66  5622.5796
65.9  5555.8544
65.8  5451.5167
65.7  5494.6893
65.6  5571.0983
65.5  5501.6202
65.4  5604.0654
65.3  5460.0005
65.2  5562.209
65.1  5593.9604
65  5395.0081
64.9  5520.1494
64.8  5398.8818
64.7  5413.006
64.6  5365.8706
64.5  5414.6975
64.4  5440.2763
64.3  5401.1936
64.2  5435.5235
64.1  5459.9209
64  5365.0568
63.9  5558.7583
63.8  5557.4024
63.7  5489.2848
63.6  5467.2841
63.5  5301.7379
63.4  5427.3348
63.3  5421.0512
63.2  5397.4382
63.1  5583.0634
63  5415.6587
62.9  5419.86
62.8  5539.5702
62.7  5589.937
62.6  5328.0177
62.5  5554.3202
62.4  5454.9561
62.3  5495.858
62.2  5467.6552
62.1  5469.7337
62  5336.3626
61.9  5493.9618
61.8  5467.1527
61.7  5426.3103
61.6  5436.5446
61.5  5315.6247
61.4  5470.0368
61.3  5453.8927
61.2  5499.2207
61.1  5488.2891
61  5476.1684
60.9  5421.57
60.8  5384.509
60.7  5487.0231
60.6  5420.6838
60.5  5586.748
60.4  5367.1373
60.3  5259.3548
60.2  5635.5815
60.1  5471.4535
60  5430.2213
59.9  5618.842
59.8  5434.3065
59.7  5391.8518
59.6  5405.9063
59.5  5461.4028
59.4  5452.8017
59.3  5404.2059
59.2  5439.3211
59.1  5414.9715
59  5313.5388
58.9  5349.1963
58.8  5454.7423
58.7  5334.4491
58.6  5535.2054
58.5  5347.0809
58.4  5193.9163
58.3  5298.6895
58.2  5424.5423
58.1  5196.7982
58  5354.7095
57.9  5257.3129
57.8  5259.3987
57.7  5370.2457
57.6  5440.563
57.5  5332.4476
57.4  5346.3362
57.3  5383.0797
57.2  5477.8139
57.1  5534.7413
57  5367.3876
56.9  5556.5621
56.8  5230.5934
56.7  5485.7801
56.6  5387.3976
56.5  5330.2289
56.4  5369.9522
56.3  5426.2759
56.2  5343.0876
56.1  5454.9281
56  5354.855
55.9  5328.5447
55.8  5465.0768
55.7  5199.3777
55.6  5365.1376
55.5  5286.9285
55.4  5492.8003
55.3  5131.4571
55.2  5299.9506
55.1  5343.141
55  5415.3222
54.9  5267.2835
54.8  5352.4516
54.7  5408.4872
54.6  5326.0623
54.5  5320.8387
54.4  5278.0376
54.3  5273.649
54.2  5237.6287
54.1  5075.579
54  5166.5322
53.9  5394.3638
53.8  5340.0072
53.7  5337.8189
53.6  5339.9248
53.5  5328.7006
53.4  5275.0984
53.3  5253.5882
53.2  5366.592
53.1  5170.9248
53  5201.0101
52.9  5098.2237
52.8  5240.3232
52.7  5297.1479
52.6  5342.2455
52.5  5299.1448
52.4  5142.7664
52.3  5302.1821
52.2  5218.0154
52.1  5123.1234
52  5152.1097
51.9  5192.4616
51.8  5324.1071
51.7  5293.6218
51.6  5158.9347
51.5  5300.8634
51.4  5132.5826
51.3  5273.223
51.2  5304.4093
51.1  5162.5294
51  5229.3863
50.9  5312.0923
50.8  5137.9903
50.7  5161.653
50.6  5114.0581
50.5  5069.5544
50.4  5197.8933
50.3  5118.5494
50.2  5249.4597
50.1  5352.0666
50  5331.4453
49.9  5147.0497
49.8  5147.1672
49.7  5345.892
49.6  5334.1947
49.5  5224.9743
49.4  5076.538
49.3  5238.0882
49.2  5191.6448
49.1  5285.2132
49  5239.9742
48.9  5251.5557
48.8  5289.6658
48.7  5290.9328
48.6  5250.1351
48.5  5335.8507
48.4  5167.2212
48.3  5254.8497
48.2  5348.9011
48.1  5353.6056
48  5344.2324
47.9  5392.7479
47.8  5251.7862
47.7  5130.0573
47.6  5317.0432
47.5  5150.6007
47.4  5178.6115
47.3  5238.5355
47.2  5163.3447
47.1  5193.0179
47  5229.697
46.9  5250.7525
46.8  5362.7442
46.7  5208.2798
46.6  5281.7869
46.5  5223.7308
46.4  5258.4577
46.3  5253.7098
46.2  5217.2189
46.1  5244.2044
46  5245.3029
45.9  5377.0911
45.8  5369.712
45.7  5254.8417
45.6  5149.3187
45.5  5450.269
45.4  5326.176
45.3  5215.4248
45.2  5198.5001
45.1  5258.5098
45  5221.4839
44.9  5278.6361
44.8  5236.8745
44.7  5210.7761
44.6  5092.0316
44.5  5209.2098
44.4  5159.3092
44.3  5197.437
44.2  5092.0562
44.1  5132.5023
44  4968.1881
43.9  5125.488
43.8  4992.3107
43.7  5170.0104
43.6  5251.9031
43.5  5078.4257
43.4  4907.5058
43.3  5145.6427
43.2  5036.4987
43.1  5044.1293
43  5078.3724
42.9  4965.7547
42.8  5073.3582
42.7  4841.3955
42.6  4940.0311
42.5  4957.6705
42.4  4933.5773
42.3  5070.8709
42.2  4959.4023
42.1  5064.3154
42  5057.031
41.9  5163.9982
41.8  5044.7838
41.7  5114.223
41.6  4981.6305
41.5  5029.7168
41.4  4949.1023
41.3  4887.2747
41.2  4948.8631
41.1  4955.3041
41  5029.1787
40.9  4932.3064
40.8  4857.1321
40.7  5035.7021
40.6  5053.1691
40.5  5037.0377
40.4  4988.2823
40.3  4872.6343
40.2  4756.1151
40.1  4949.8644
40  4769.9262
39.9  5054.1023
39.8  4929.7624
39.7  4834.8794
39.6  4828.9582
39.5  4883.0875
39.4  5128.5348
39.3  4926.8075
39.2  4984.3218
39.1  4742.1942
39  4864.9037
38.9  4744.0032
38.8  4845.2056
38.7  4790.7419
38.6  4838.052
38.5  4702.2353
38.4  4768.9573
38.3  4908.1439
38.2  4863.9292
38.1  4824.8756
38  4871.272
37.9  4920.768
37.8  4924.1449
37.7  4979.663
37.6  4861.5707
37.5  4861.5193
37.4  4956.7396
37.3  4822.6863
37.2  4850.9833
37.1  4940.3838
37  4846.7849
36.9  4900.2091
36.8  5017.9018
36.7  5009.4329
36.6  4956.2366
36.5  4895.1438
36.4  4925.6786
36.3  4887.193
36.2  4851.446
36.1  4943.5287
36  4830.7227
35.9  4892.3759
35.8  4931.5991
35.7  4873.6108
35.6  4912.5221
35.5  4778.1048
35.4  4894.5788
35.3  5041.9044
35.2  4959.8643
35.1  4857.1347
35  5033.0876
34.9  4824.1684
34.8  5009.2374
34.7  4993.1376
34.6  4737.7969
34.5  4805.6442
34.4  4859.7153
34.3  5037.5457
34.2  5036.1119
34.1  4898.0356
34  4789.294
33.9  4843.3962
33.8  5027.68
33.7  5071.7577
33.6  4988.1791
33.5  5010.7895
33.4  5010.6644
33.3  5076.0693
33.2  4896.1321
33.1  4983.3953
33  5063.694
32.9  5029.0075
32.8  5142.4455
32.7  4998.755
32.6  4988.122
32.5  5124.9041
32.4  5189.1716
32.3  5126.3049
32.2  5159.201
32.1  5208.9164
32  4997.4802
31.9  5016.2023
31.8  5379.4441
31.7  5187.1647
31.6  5233.7407
31.5  5209.2716
31.4  5250.3856
31.3  5502.7973
31.2  5302.0133
31.1  5459.5558
31  5374.3903
30.9  5386.0989
30.8  5382.6314
30.7  5318.0762
30.6  5535.0996
30.5  5474.4204
30.4  5469.8888
30.3  5625.5512
30.2  5413.9093
30.1  5560.0514
30  5698.9317
29.9  5591.242
29.8  5672.2226
29.7  5654.8198
29.6  5718.1093
29.5  5815.3096
29.4  5589.5612
29.3  5758.7153
29.2  5780.6638
29.1  5795.0156
29  5713.8024
28.9  5872.7317
28.8  5962.8134
28.7  5816.7205
28.6  5823.8065
28.5  5777.9122
28.4  5735.0626
28.3  5691.546
28.2  5727.7729
28.1  5887.0618
28  5640.6166
27.9  5756.8974
27.8  5693.7882
27.7  5667.485
27.6  5542.9622
27.5  5643.3428
27.4  5629.9852
27.3  5573.1803
27.2  5226.7862
27.1  5596.8351
27  5227.6523
26.9  5435.077
26.8  5162.7409
26.7  5033.6137
26.6  5243.2072
26.5  5313.8656
26.4  5309.8588
26.3  5162.6901
26.2  5108.9662
26.1  5031.1387
26  5004.1926
25.9  5060.0747
25.8  5052.8421
25.7  4982.9679
25.6  4787.2631
25.5  4933.6086
25.4  5035.5894
25.3  4816.4006
25.2  4775.943
25.1  4766.3292
25  4754.9504
24.9  4570.885
24.8  4740.4155
24.7  4600.2238
24.6  4772.0862
24.5  4663.0988
24.4  4703.0242
24.3  4708.7025
24.2  4511.3644
24.1  4581.3833
24  4640.724
23.9  4702.7034
23.8  4523.1968
23.7  4784.5198
23.6  4531.6705
23.5  4537.6051
23.4  4437.5235
23.3  4649.8671
23.2  4609.4259
23.1  4531.1959
23  4667.0848
22.9  4644.9343
22.8  4594.2766
22.7  4597.2063
22.6  4780.1007
22.5  4508.4929
22.4  4456.8085
22.3  4656.6385
22.2  4726.0436
22.1  4472.9277
22  4590.5098
21.9  4636.2027
21.8  4508.7466
21.7  4608.5622
21.6  4547.6779
21.5  4553.0852
21.4  4444.2626
21.3  4477.7438
21.2  4512.5119
21.1  4661.182
21  4525.6808
20.9  4708.1863
20.8  4717.8612
20.7  4724.7367
20.6  4578.869
20.5  4597.329
20.4  4634.0025
20.3  4523.8862
20.2  4794.9608
20.1  4575.2379
20  4652.2596
19.9  4662.941
19.8  4648.2795
19.7  4790.3425
19.6  4612.6671
19.5  4672.634
19.4  4507.3549
19.3  4791.5401
19.2  4656.1107
19.1  4454.3552
19  4612.3973
18.9  4602.4884
18.8  4448.8266
18.7  4528.1866
18.6  4565.1276
18.5  4587.4454
18.4  4568.844
18.3  4595.5742
18.2  4643.359
18.1  4639.6902
18  4697.2935
17.9  4795.6241
17.8  4844.8678
17.7  4642.585
17.6  4641.7002
17.5  4698.1519
17.4  4985.3502
17.3  4659.9355
17.2  4770.0183
17.1  4593.4071
17  4769.8739
16.9  4655.2169
16.8  4680.6666
16.7  4451.5357
16.6  4842.4731
16.5  4658.7218
16.4  4651.4911
16.3  4668.3141
16.2  4759.163
16.1  4954.9911
16  4708.0317
15.9  4748.0504
15.8  4578.3647
15.7  4740.8696
15.6  4845.9856
15.5  4816.5183
15.4  4817.3886
15.3  4836.5583
15.2  4865.6167
15.1  4839.5728
15  4835.6615
14.9  4852.046
14.8  4777.8628
14.7  4772.1813
14.6  4848.5182
14.5  4862.1656
14.4  4782.0022
14.3  4894.787
14.2  4855.6986
14.1  4911.0491
14  4770.8617
13.9  4899.7837
13.8  4791.7173
13.7  4894.626
13.6  4917.1587
13.5  4793.7849
13.4  4787.4984
13.3  4885.461
13.2  5043.1724
13.1  4886.8132
13  5237.9242
12.9  5142.6061
12.8  5074.007
12.7  5131.4483
12.6  5092.2746
12.5  4999.985
12.4  4868.0735
12.3  5088.1694
12.2  5248.7088
12.1  5015.2548
12  5250.529
11.9  5144.985
11.8  4984.8747
11.7  5221.5905
11.6  5173.1818
11.5  5265.2333
11.4  5306.6511
11.3  5300.5029
11.2  5088.4213
11.1  4975.6446
11  5334.6576
10.9  5163.0664
10.8  5188.9933
10.7  5013.6097
10.6  5208.5023
10.5  5080.9141
10.4  5092.1169
10.3  5070.8234
10.2  5150.9322
10.1  4935.3401
10  4889.6489
9.9  5001.9936
9.8  5149.8871
9.7  5005.2305
9.6  4967.0423
9.5  5089.9431
9.4  5176.6215
9.3  5147.6575
9.2  5106.8594
9.1  4905.7249
9  4926.9356
8.9  4895.7842
8.8  4973.1754
8.7  4956.8372
8.6  5065.4166
8.5  5026.0249
8.4  4874.0588
8.3  5009.2407
8.2  4962.7444
8.1  4899.6813
8  4942.4466
7.9  4834.6846
7.8  4758.0763
7.7  4869.8114
7.6  4897.7992
7.5  4703.3355
7.4  4855.2094
7.3  4649.6659
7.2  4649.0769
7.1  4824.6126
7  4716.5621
6.9  4798.1888
6.8  4723.4244
6.7  4699.2089
6.6  4736.2168
6.5  4685.9771
6.4  4620.5865
6.3  4611.7733
6.2  4593.5092
6.1  4493.2349
6  4645.4476
5.9  4581.1758
5.8  4480.0734
5.7  4433.399
5.6  4388.446
5.5  4463.9655
5.4  4709.3993
5.3  4665.2176
5.2  4656.735
5.1  4684.7433
5  4640.9357
4.9  4554.3329
4.8  4526.5827
4.7  4493.0655
4.6  4585.4225
4.5  4423.2611
4.4  4345.4601
4.3  4458.5533
4.2  4413.1799
4.1  4601.9042
4  4495.5865
3.9  4535.432
3.8  4452.7021
3.7  4514.0069
3.6  4470.8305
3.5  4503.1968
3.4  4452.6271
3.3  4475.6094
3.2  4447.3456
3.1  4471.3957
3  4491.3882
2.9  4267.136
2.8  4391.9798
2.7  4457.184
2.6  4464.2216
2.5  4542.6248
2.4  4425.4466
2.3  4473.3423
2.2  4409.9752
2.1  4394.3032
2  4282.9301
1.9  4425.3273
1.8  4252.0422
1.7  4363.8818
1.6  4370.1546
1.5  4334.7401
1.4  4285.2597
1.3  4106.4067
1.2  4234.1405
1.1  4288.2032
1  4263.6418
0.9  4319.1491
0.8  4155.0014
0.7  4281.6185
0.6  4377.9961
0.5  4134.0103
0.4  4195.9566
0.3  4266.6166
0.2  4283.8786
0.1  4280.0271
0  4131.6146
-0.1  4201.5106
-0.2  4252.0963
-0.3  4264.7155
-0.4  4282.198
-0.5  4185.5952
-0.6  4193.8856
-0.7  4198.7567
-0.8  4321.064
-0.9  4245.2599
-1  4302.7129
-1.1  4262.927
-1.2  4132.3902
-1.3  4163.6441
-1.4  4308.0079
-1.5  4192.2811
-1.6  4077.9015
-1.7  4254.8941
-1.8  4434.8666
-1.9  4195.0208
-2  4190.8827
-2.1  4187.4138
-2.2  4166.6494
-2.3  4224.3705
-2.4  4176.275
-2.5  4093.0246
-2.6  4294.4186
-2.7  4120.9809
-2.8  4120.8011
-2.9  4086.0571
-3  4149.7501
-3.1  4190.48
-3.2  4222.2678
-3.3  4112.4172
-3.4  4168.6651
-3.5  4204.4681
-3.6  4258.0971
-3.7  4238.2716
-3.8  4293.1165
-3.9  4242.6405
-4  4260.6956
-4.1  4373.9376
-4.2  4225.4066
-4.3  4206.1883
-4.4  4360.2161
-4.5  4342.9043
-4.6  4225.414
-4.7  4264.9469
-4.8  4242.1807
-4.9  4191.3285
-5  4187.1529
-5.1  4177.2931
-5.2  4181.7472
-5.3  4138.3842
-5.4  3975.3276
-5.5  4164.3511
-5.6  3933.9017
-5.7  4136.726
-5.8  4178.2494
-5.9  4034.744
-6  4135.2337
-6.1  4237.3046
-6.2  4080.7382
-6.3  4066.2577
-6.4  4235.7135
-6.5  4224.7523
-6.6  4124.3811
-6.7  4119.8701
-6.8  4129.4177
-6.9  4079.7368
-7  4097.1305
-7.1  4172.3608
-7.2  4095.643
-7.3  4148.6675
-7.4  4166.1869
-7.5  4329.4539
-7.6  4285.6096
-7.7  4249.4359
-7.8  4117.5538
-7.9  4263.9769
-8  4328.8364
-8.1  4120.2366
-8.2  3994.4635
-8.3  4204.8844
-8.4  4098.0917
-8.5  4157.7901
-8.6  4063.6275
-8.7  4119.6584
-8.8  4085.4545
-8.9  4111.7566
-9  4183.3431
-9.1  4166.885
-9.2  4201.115
-9.3  4178.9003
-9.4  4133.9829
-9.5  4109.8027
-9.6  3983.9399
-9.7  4109.8232
-9.8  4139.3702
-9.9  4098.5431
-10  4176.1938
-10.1  4112.339
-10.2  4087.1829
-10.3  4104.3287
-10.4  4104.2789
-10.5  4156.4766
-10.6  4103.0719
-10.7  4080.4936
-10.8  4245.1837
-10.9  4283.9919
-11  4127.7612
-11.1  4150.0472
-11.2  4141.3506
-11.3  4139.7468
-11.4  4083.7197
-11.5  4197.1541
-11.6  4251.9412
-11.7  4166.2167
-11.8  4247.6569
-11.9  4177.0547
-12  4119.6817
-12.1  3981.0149
-12.2  4131.7382
-12.3  4125.5289
-12.4  4183.048
-12.5  4169.6681
-12.6  4172.6977
-12.7  4272.2765
-12.8  4143.4085
-12.9  4209.7406
-13  4186.1363
-13.1  4175.8198
-13.2  3988.3143
-13.3  4152.6219
-13.4  4062.3603
-13.5  4090.867
-13.6  4101.292
-13.7  4178.3756
-13.8  4146.8107
-13.9  4046.2683
-14  4152.1454
-14.1  4087.8983
-14.2  4297.6202
-14.3  4187.8829
-14.4  3955.7662
-14.5  4147.2849
-14.6  3986.0712
-14.7  4060.8036
-14.8  4108.3757
-14.9  4167.7132
-15  4171.9873
-15.1  4111.1763
-15.2  4048.5554
-15.3  4049.8637
-15.4  4101.8002
-15.5  4181.1595
-15.6  4251.3557
-15.7  4107.385
-15.8  4111.3753
-15.9  4133.4606
-16  4005.3366
-16.1  4110.291
-16.2  4034.5755
-16.3  3992.9503
-16.4  4073.1441
-16.5  4033.4955
-16.6  4053.399
-16.7  4143.9248
-16.8  4103.4095
-16.9  4096.9796
-17  3992.5038
-17.1  4033.549
-17.2  4087.2796
-17.3  4177.9433
-17.4  4004.5697
-17.5  4034.9322
-17.6  4287.4638
-17.7  4137.8043
-17.8  4159.9487
-17.9  4123.5147
-18  4122.7307
-18.1  4089.5589
-18.2  4143.4044
-18.3  4217.9104
-18.4  3909.7618
-18.5  4094.2145
-18.6  4262.8627
-18.7  4204.5689
-18.8  4187.861
-18.9  4080.3374
-19  4251.0164
-19.1  4218.3355
-19.2  4111.7915
-19.3  4032.931
-19.4  4042.9111
-19.5  4111.4212
-19.6  4092.0893
-19.7  4217.9062
-19.8  4194.0353
-19.9  4133.9068
-20  4075.1702
-20.1  4107.8367
-20.2  4197.0807
-20.3  4164.186
-20.4  4188.4471
-20.5  4129.2637
-20.6  3834.3546
-20.7  4136.4798
-20.8  4173.756
-20.9  4012.3798
-21  4069.1011
-21.1  4075.4452
-21.2  3993.2253
-21.3  4096.4753
-21.4  4100.9792
-21.5  4199.3636
-21.6  4101.3978
-21.7  4138.3893
-21.8  4119.972
-21.9  4088.7
-22  4053.1411
-22.1  4085.3226
-22.2  4137.372
-22.3  4156.6022
-22.4  4168.0139
-22.5  4217.6148
-22.6  4203.7797
-22.7  4009.3541
-22.8  4233.5072
-22.9  4060.3378
-23  4079.7865
-23.1  4062.3562
-23.2  4170.302
-23.3  4063.1924
-23.4  4147.4056
-23.5  4206.7567
-23.6  4180.5938
-23.7  4171.5739
-23.8  4184.2838
-23.9  4178.2694
-24  4079.7747
-24.1  4029.9858
-24.2  4106.5244
-24.3  4054.5483
-24.4  4097.9968
-24.5  4129.5982
-24.6  3987.0673
-24.7  3958.6237
-24.8  4075.2856
-24.9  4074.5319
-25  4162.1591
-25.1  4169.0787
-25.2  3958.52
-25.3  4116.6305
-25.4  4085.5684
-25.5  4178.4168
-25.6  3991.613
-25.7  3976.678
-25.8  4040.0995
-25.9  4040.3772
-26  4152.1302
-26.1  4029.8105
-26.2  3986.7775
-26.3  3995.3501
-26.4  4031.5987
-26.5  4197.4894
-26.6  4212.007
-26.7  4047.5488
-26.8  4072.8222
-26.9  4023.9527
-27  4241.1796
-27.1  4061.781
-27.2  3920.5622
-27.3  4042.6493
-27.4  4000.8359
-27.5  4193.4038
-27.6  4110.4279
-27.7  4091.5267
-27.8  4085.3514
-27.9  4154.1159
-28  4250.6552
-28.1  4242.6907
-28.2  4258.0525
-28.3  4025.6549
-28.4  4018.8026
-28.5  4105.3083
-28.6  4054.6743
-28.7  4079.3386
-28.8  4148.8576
-28.9  4151.7478
-29  4058.0966
-29.1  4011.741
-29.2  4087.7384
-29.3  3990.9964
-29.4  4082.9673
-29.5  4221.1591
-29.6  4143.4321
-29.7  4019.4855
-29.8  4076.3312
-29.9  4066.5093
-30  4101.348
-30.1  4008.1798
-30.2  4085.1418
-30.3  3971.7283
-30.4  4127.4666
-30.5  4162.8105
-30.6  4184.0752
-30.7  4186.336
-30.8  4111.4016
-30.9  4222.1603
-31  4093.4203
-31.1  4101.4066
-31.2  4214.3055
-31.3  4179.015
-31.4  4105.735
-31.5  4066.418
-31.6  4079.4327
-31.7  4032.7001
-31.8  4104.2428
-31.9  4171.0262
-32  4071.0099
-32.1  4022.7732
-32.2  4038.1198
-32.3  4225.6155
-32.4  4209.5065
-32.5  4086.5691
-32.6  4076.2972
-32.7  4133.6378
-32.8  4157.0737
-32.9  4114.2389
-33  4025.2238
-33.1  4131.7569
-33.2  4098.0984
-33.3  4273.3613
-33.4  4179.6549
-33.5  4276.9035
-33.6  4239.099
-33.7  4191.7736
-33.8  4224.1306
-33.9  4182.8423
-34  4248.9208
-34.1  4300.6026
-34.2  4244.5191
-34.3  4158.2368
-34.4  4273.8925
-34.5  4406.8034
-34.6  4347.2209
-34.7  4239.4782
-34.8  4314.8543
-34.9  4352.474
-35  4257.8909
-35.1  4261.0079
-35.2  4256.0356
-35.3  4315.7035
-35.4  4321.1861
-35.5  4447.2428
-35.6  4401.8209
-35.7  4295.0383
-35.8  4190.0314
-35.9  4344.7737
-36  4313.3122
-36.1  4263.526
-36.2  4149.511
-36.3  4334.9584
-36.4  4440.6279
-36.5  4409.9612
-36.6  4399.8927
-36.7  4490.7431
-36.8  4602.6783
-36.9  4446.4798
-37  4468.6667
-37.1  4483.9256
-37.2  4496.869
-37.3  4376.8497
-37.4  4321.1818
-37.5  4293.2933
-37.6  4354.8774
-37.7  4402.056
-37.8  4524.4129
-37.9  4412.1599
-38  4391.3981
-38.1  4340.7298
-38.2  4431.4611
-38.3  4502.8139
-38.4  4365.2661
-38.5  4271.9853
-38.6  4419.2144
-38.7  4378.7305
-38.8  4469.1183
-38.9  4351.4991
-39  4395.3636
-39.1  4394.3589
-39.2  4346.4157
-39.3  4405.2255
-39.4  4388.959
-39.5  4316.7068
-39.6  4292.7097
-39.7  4374.5313
-39.8  4436.4936
-39.9  4232.0315
-40  4315.001
-40.1  4175.814
-40.2  4211.7443
-40.3  4197.2459
-40.4  4197.7782
-40.5  4124.6857
-40.6  4251.957
-40.7  4194.5219
-40.8  4278.5582
-40.9  4286.4672
-41  4173.1762
-41.1  4278.4954
-41.2  4162.0368
-41.3  4213.3406
-41.4  4221.135
-41.5  4253.6059
-41.6  4369.4129
-41.7  4220.7324
-41.8  4135.1326
-41.9  4158.3558
-42  4123.5187
-42.1  4262.6736
-42.2  4281.3075
-42.3  4163.3575
-42.4  4105.9665
-42.5  4143.2672
-42.6  4291.1894
-42.7  4241.3583
-42.8  4088.2377
-42.9  4123.8169
-43  4130.0047
-43.1  4249.2235
-43.2  4097.8653
-43.3  4157.7394
-43.4  4129.1677
-43.5  4045.0668
-43.6  4075.2415
-43.7  4112.1225
-43.8  4168.675
-43.9  3951.5122
-44  4065.8452
-44.1  4201.2527
-44.2  4121.375
-44.3  4085.1087
-44.4  4049.1548
-44.5  4139.2777
-44.6  4006.3275
-44.7  3991.0961
-44.8  4194.0834
-44.9  4186.0167
-45  4219.6332
-45.1  3998.3341
-45.2  4123.4201
-45.3  4112.0121
-45.4  4087.0993
-45.5  4069.4036
-45.6  4012.0751
-45.7  4244.1504
-45.8  4208.7316
-45.9  4033.6306
-46  4045.334
-46.1  4074.2561
-46.2  4175.2016
-46.3  4011.1862
-46.4  4124.8457
-46.5  4174.7585
-46.6  4059.5102
-46.7  4099.661
-46.8  4025.9306
-46.9  3997.2646
-47  4039.1027
-47.1  3998.5031
-47.2  4138.0172
-47.3  4126.3856
-47.4  4159.86
-47.5  4113.8106
-47.6  4059.2667
-47.7  4154.2681
-47.8  4130.8257
-47.9  4194.1523
-48  4141.4865
-48.1  4064.4892
-48.2  4020.8573
-48.3  4247.911
-48.4  4085.3262
-48.5  4198.5846
-48.6  4116.1324
-48.7  4038.5306
-48.8  4169.7211
-48.9  4119.3529
-49  3998.3246
-49.1  4056.7489
-49.2  4249.5892
-49.3  4137.8265
-49.4  4207.6488
-49.5  4161.0285
-49.6  4159.4215
-49.7  4066.2566
-49.8  4200.8572
-49.9  4210.3533
-50  4139.8206
-50.1  4138.2053
-50.2  4206.0483
-50.3  4079.1593
-50.4  4020.6463
-50.5  4093.4602
-50.6  4192.4056
-50.7  4143.6821
-50.8  4190.7077
-50.9  4230.7587
-51  4213.1743
-51.1  4197.6792
-51.2  4217.5696
-51.3  4193.458
-51.4  4222.3721
-51.5  4108.2739
-51.6  4240.1751
-51.7  4061.5982
-51.8  4050.6685
-51.9  4110.759
-52  4202.4309
-52.1  3999.8029
-52.2  4046.1549
-52.3  4111.1222
-52.4  4117.9144
-52.5  4138.6723
-52.6  4221.9899
-52.7  4170.497
-52.8  4084.3232
-52.9  4125.5107
-53  4124.0392
-53.1  4060.6781
-53.2  4122.9165
-53.3  4055.6606
-53.4  4035.3598
-53.5  4122.0559
-53.6  4126.9327
-53.7  3997.1659
-53.8  4131.3712
-53.9  4110.8328
-54  4099.3767
-54.1  4217.0125
-54.2  4030.7442
-54.3  4025.0644
-54.4  4062.2499
-54.5  4033.8548
-54.6  4077.3895
-54.7  4154.0599
-54.8  4204.6016
-54.9  4134.0321
-55  4140.4335
-55.1  4073.9293
-55.2  4036.0592
-55.3  4122.3024
-55.4  4093.0132
-55.5  4141.555
-55.6  4152.617
-55.7  3993.8638
-55.8  4064.2555
-55.9  4126.4012
-56  4055.1816
-56.1  3805.8164
-56.2  4014.7392
-56.3  3974.671
-56.4  4013.9271
-56.5  4082.4324
-56.6  4071.2788
-56.7  4086.3136
-56.8  4035.6668
-56.9  4077.6352
-57  4153.8392
-57.1  4216.8449
-57.2  4101.586
-57.3  4183.7395
-57.4  4092.1124
-57.5  3985.1824
-57.6  4114.7343
-57.7  4117.7533
-57.8  4024.0004
-57.9  3922.6848
-58  4003.6865
-58.1  3917.5525
-58.2  3976.0702
-58.3  4020.8147
-58.4  3992.3453
-58.5  4061.6069
-58.6  3902.6282
-58.7  3981.0216
-58.8  3924.782
-58.9  4018.6577
-59  3921.9889
-59.1  3986.8958
-59.2  4024.0674
-59.3  3991.2884
-59.4  3995.3856
-59.5  3989.6242
-59.6  3986.8433
-59.7  3924.9662
-59.8  3997.1041
-59.9  3962.8569
-60  4108.4423
-60.1  4111.9786
-60.2  4097.2611
-60.3  3945.0717
-60.4  3997.659
-60.5  4075.4941
-60.6  3950.567
-60.7  4001.007
-60.8  3973.9896
-60.9  3808.8733
-61  3926.8953
-61.1  3996.7242
-61.2  3982.0102
-61.3  3932.8592
-61.4  4021.9076
-61.5  4055.2716
-61.6  3952.2226
-61.7  3954.9767
-61.8  3792.1785
-61.9  3878.7616
-62  3825.5765
-62.1  3784.9202
-62.2  3843.8078
-62.3  3883.8803
-62.4  3910.6231
-62.5  4034.3031
-62.6  3940.9286
-62.7  3817.3503
-62.8  3935.96
-62.9  3935.2904
-63  3980.0113
-63.1  4074.8473
-63.2  3846.9049
-63.3  3824.7947
-63.4  3883.1896
-63.5  3870.3649
-63.6  3869.7353
-63.7  3955.0645
-63.8  3810.2507
-63.9  3805.221
-64  3855.3149
-64.1  4025.7855
-64.2  4056.2889
-64.3  3961.0092
-64.4  3955.8656
-64.5  3996.8712
-64.6  3980.209
-64.7  3896.4945
-64.8  3906.1688
-64.9  3874.6418
-65  3902.0654
-65.1  3949.8335
-65.2  3910.515
-65.3  4014.1776
-65.4  4019.2895
-65.5  3834.0527
-65.6  3996.9858
-65.7  4025.1195
-65.8  3830.5133
-65.9  3972.9489
-66  3974.5645
-66.1  3902.1941
-66.2  3954.8285
-66.3  3947.666
-66.4  3946.6474
-66.5  4035.1005
-66.6  3943.7519
-66.7  3943.2357
-66.8  3961.8008
-66.9  4037.9243
-67  3883.5026
-67.1  3854.2784
-67.2  3884.3045
-67.3  3971.0228
-67.4  3983.6031
-67.5  3851.0688
-67.6  3891.7899
-67.7  3872.9419
-67.8  3948.8654
-67.9  3923.4587
-68  3831.0413
-68.1  3727.5793
-68.2  3903.7099
-68.3  3834.3853
-68.4  3946.7305
-68.5  3942.2394
-68.6  3782.2114
-68.7  3901.4848
-68.8  3894.3269
-68.9  3976.5175
-69  3903.8753
-69.1  3877.2972
-69.2  3845.7662
-69.3  3888.5739
-69.4  4002.2454
-69.5  4022.8697
-69.6  4065.1558
-69.7  3954.0307
-69.8  3880.7844
-69.9  3945.0496
-70  3890.4072
-70.1  3845.347
-70.2  3948.8715
-70.3  3938.1327
-70.4  3856.9983
-70.5  3938.6033
-70.6  3951.0174
-70.7  3824.8711
-70.8  3958.071
-70.9  3975.6722
-71  3929.8631
-71.1  4035.6443
-71.2  4060.1142
-71.3  4026.4028
-71.4  4234.4055
-71.5  4137.5103
-71.6  4070.8795
-71.7  4105.0594
-71.8  4124.6187
-71.9  4019.5894
-72  4041.1281
-72.1  4090.276
-72.2  4043.1046
-72.3  3975.4621
-72.4  4153.3695
-72.5  4127.5624
-72.6  4017.1027
-72.7  4219.6885
-72.8  4203.9188
-72.9  4151.2965
-73  4362.7172
-73.1  4375.5774
-73.2  4366.8075
-73.3  4300.0494
-73.4  4355.2914
-73.5  4374.1737
-73.6  4348.4774
-73.7  4551.1505
-73.8  4567.1842
-73.9  4524.6671
-74  4770.2761
-74.1  4699.5336
-74.2  4770.9917
-74.3  4741.2132
-74.4  4885.0662
-74.5  4867.3056
-74.6  4864.6789
-74.7  4899.8305
-74.8  4837.3762
-74.9  4891.3888
-75  5025.982
-75.1  5295.1335
-75.2  5151.4718
-75.3  5306.419
-75.4  5279.5135
-75.5  5118.7819
-75.6  5312.197
-75.7  5371.9442
-75.8  5495.7823
-75.9  5538.6392
-76  5496.5206
-76.1  5329.3265
-76.2  5447.4383
-76.3  5384.9594
-76.4  5334.2853
-76.5  5264.6938
-76.6  5355.8133
-76.7  5404.9252
-76.8  5343.1416
-76.9  5335.7296
-77  5084.7085
-77.1  5383.1972
-77.2  5296.1064
-77.3  5216.3063
-77.4  5262.0803
-77.5  5039.9796
-77.6  5164.5397
-77.7  5064.0671
-77.8  5026.0862
-77.9  4841.9979
-78  5014.7352
-78.1  4922.8059
-78.2  4915.9495
-78.3  4875.6024
-78.4  4855.6184
-78.5  4799.5786
-78.6  4673.068
-78.7  4553.1346
-78.8  4642.7907
-78.9  4566.6431
-79  4496.4368
-79.1  4685.041
-79.2  4420.1185
-79.3  4333.0058
-79.4  4305.1246
-79.5  4383.5768
-79.6  4248.1967
-79.7  4141.8917
-79.8  4228.1382
-79.9  4229.6771
-80  4172.8999
-80.1  4210.3518
-80.2  4084.3331
-80.3  4122.0868
-80.4  4079.4861
-80.5  4055.1219
-80.6  4068.921
-80.7  4004.0622
-80.8  3934.601
-80.9  4035.3329
-81  3948.8375
-81.1  3955.969
-81.2  3985.0242
-81.3  3825.3361
-81.4  3961.859
-81.5  3870.7438
-81.6  3926.7924
-81.7  3855.0034
-81.8  3892.6702
-81.9  3956.3266
-82  3755.1148
-82.1  3978.9127
-82.2  3721.7939
-82.3  3939.8407
-82.4  3750.8264
-82.5  3853.8543
-82.6  3848.3221
-82.7  3771.3718
-82.8  3905.0559
-82.9  3808.6847
-83  3756.5053
-83.1  3724.6699
-83.2  3572.4204
-83.3  3829.6566
-83.4  3800.2013
-83.5  3887.8622
-83.6  3617.9363
-83.7  3760.6247
-83.8  3740.3279
-83.9  3717.9881
-84  3728.7871
-84.1  3726.3199
-84.2  3682.0335
-84.3  3848.341
-84.4  3827.8451
-84.5  3642.8438
-84.6  3775.2358
-84.7  3640.0151
-84.8  3705.5345
-84.9  3739.8631
-85  3789.5582
-85.1  3745.1305
-85.2  3646.2192
-85.3  3779.2526
-85.4  3756.4042
-85.5  3704.0528
-85.6  3790.3741
-85.7  3789.6684
-85.8  3685.2107
-85.9  3681.4766
-86  3752.6553
-86.1  3782.8128
-86.2  3719.8952
-86.3  3646.2938
-86.4  3653.5533
-86.5  3723.8154
-86.6  3672.3551
-86.7  3764.6953
-86.8  3813.037
-86.9  3721.1531
-87  3723.0102
-87.1  3618.6392
-87.2  3713.8907
-87.3  3762.1287
-87.4  3701.235
-87.5  3730.274
-87.6  3826.1248
-87.7  3703.5309
-87.8  3726.6121
-87.9  3782.2177
-88  3867.2056
-88.1  3722.5325
-88.2  3795.7208
-88.3  3837.3756
-88.4  3734.1145
-88.5  3785.5977
-88.6  3809.1096
-88.7  3863.9953
-88.8  3859.101
-88.9  3940.5652
-89  3879.7608
-89.1  3865.889
-89.2  3911.2953
-89.3  3954.798
-89.4  4006.9975
-89.5  3857.6937
-89.6  3851.7736
-89.7  3945.4061
-89.8  3814.1334
-89.9  3916.0615
-90  3941.4848
-90.1  4071.0889
-90.2  4063.1489
-90.3  3932.4204
-90.4  4122.3846
-90.5  4113.8883
-90.6  3955.6703
-90.7  4155.2288
-90.8  4077.4805
-90.9  4209.6519
-91  4172.0377
-91.1  4102.6748
-91.2  4032.8099
-91.3  4163.5966
-91.4  3982.3984
-91.5  4191.6102
-91.6  4160.0164
-91.7  4182.5148
-91.8  4228.8751
-91.9  4077.5257
-92  4137.4384
-92.1  4283.1975
-92.2  4155.3399
-92.3  4157.7422
-92.4  4141.994
-92.5  4184.9548
-92.6  4220.0205
-92.7  4132.1731
-92.8  4180.2623
-92.9  4161.0833
-93  4193.9824
-93.1  4157.1041
-93.2  4267.3425
-93.3  4141.7952
-93.4  4062.6026
-93.5  4078.2769
-93.6  4103.4019
-93.7  4053.8289
-93.8  3985.9105
-93.9  3925.8763
-94  4049.1008
-94.1  4031.4729
-94.2  4039.9014
-94.3  3958.8367
-94.4  4062.0991
-94.5  3936.7463
-94.6  3827.423
-94.7  3791.6587
-94.8  4030.254
-94.9  3773.0075
-95  3935.7505
-95.1  3837.5889
-95.2  3920.3611
-95.3  3777.7511
-95.4  3792.651
-95.5  3804.2836
-95.6  3743.0932
-95.7  3769.5426
-95.8  3760.8446
-95.9  3732.7115
-96  3760.4874
-96.1  3894.2898
-96.2  3683.2583
-96.3  3709.2557
-96.4  3650.2786
-96.5  3883.8704
-96.6  3883.5784
-96.7  3722.0728
-96.8  3655.8488
-96.9  3737.1129
-97  3802.9153
-97.1  3770.3702
-97.2  3717.1741
-97.3  3666.0782
-97.4  3809.412
-97.5  3786.9217
-97.6  3782.3563
-97.7  3783.8882
-97.8  3816.3141
-97.9  3858.7905
-98  3789.7885
-98.1  3752.091
-98.2  3654.703
-98.3  3840.269
-98.4  3676.2442
-98.5  3781.8794
-98.6  3880.2321
-98.7  3812.0849
-98.8  3800.8478
-98.9  3779.5969
-99  3861.5347
-99.1  3831.7902
-99.2  3779.4472
-99.3  3843.8942
-99.4  3870.9937
-99.5  3770.8414
-99.6  3777.0159
-99.7  3805.2881
-99.8  3876.5698
-99.9  3959.4338
-100  3884.8557
-100.1  3826.6392
-100.2  3855.5424
-100.3  3829.1143
-100.4  3899.44
-100.5  3889.2411
-100.6  3930.0713
-100.7  3891.1946
-100.8  3916.268
-100.9  3977.1653
-101  4055.1283
-101.1  3903.7131
-101.2  3887.9474
-101.3  4123.0108
-101.4  4016.0393
-101.5  3953.705
-101.6  4013.1442
-101.7  4079.1991
-101.8  4050.9765
-101.9  4011.3617
-102  4118.3847
-102.1  4050.8801
-102.2  3949.4616
-102.3  4063.2747
-102.4  4049.5924
-102.5  4043.26
-102.6  3938.204
-102.7  3832.5066
-102.8  3928.5965
-102.9  3953.2958
-103  3967.0878
-103.1  3914.7887
-103.2  4065.6698
-103.3  3992.3972
-103.4  3987.175
-103.5  4064.3905
-103.6  4010.9164
-103.7  3904.8249
-103.8  3938.2854
-103.9  3771.3308
-104  4031.0197
-104.1  3959.4032
-104.2  3972.2429
-104.3  3956.4059
-104.4  3854.9184
-104.5  3958.7438
-104.6  3871.0213
-104.7  4006.4555
-104.8  3943.4524
-104.9  3738.3451
-105  3818.0382
-105.1  3747.5467
-105.2  3907.56
-105.3  3903.6672
-105.4  3746.9961
-105.5  3798.8466
-105.6  3805.9878
-105.7  3846.4277
-105.8  3887.7112
-105.9  3903.3964
-106  3771.8415
-106.1  3873.9238
-106.2  3771.487
-106.3  3810.6601
-106.4  3865.8006
-106.5  4001.3886
-106.6  3775.6604
-106.7  3682.4108
-106.8  3948.6803
-106.9  3822.69
-107  3807.8038
-107.1  3806.0221
-107.2  3869.3773
-107.3  3714.4646
-107.4  3657.8545
-107.5  3757.3878
-107.6  3794.0111
-107.7  3671.8706
-107.8  3564.4137
-107.9  3783.3183
-108  3780.5583
-108.1  3834.828
-108.2  3621.9625
-108.3  3660.223
-108.4  3651.2081
-108.5  3573.6236
-108.6  3658.6154
-108.7  3666.7532
-108.8  3619.3177
-108.9  3665.0287
-109  3510.6519
-109.1  3452.1116
-109.2  3517.7288
-109.3  3673.2037
-109.4  3596.4292
-109.5  3749.0014
-109.6  3716.1573
-109.7  3615.2768
-109.8  3543.5124
-109.9  3595.4689
-110  3492.4354
-110.1  3548.7322
-110.2  3599.963
-110.3  3452.9342
-110.4  3507.7786
-110.5  3630.6333
-110.6  3550.8534
-110.7  3441.6485
-110.8  3505.1997
-110.9  3559.5544
-111  3414.1838
-111.1  3400.1262
-111.2  3422.6546
-111.3  3223.5852
-111.4  3387.7425
-111.5  3417.6678
-111.6  3468.654
-111.7  3315.6804
-111.8  3264.8601
-111.9  3353.8662
-112  3394.7182
-112.1  3480.4553
-112.2  3227.4716
-112.3  3363.8482
-112.4  3391.6094
-112.5  3455.4002
-112.6  3291.3542
-112.7  3359.9516
-112.8  3278.8395
-112.9  3252.1499
-113  3333.6971
-113.1  3396.7721
-113.2  3463.1399
-113.3  3321.663
-113.4  3373.6978
-113.5  3224.3274
-113.6  3339.5928
-113.7  3206.217
-113.8  3207.5936
-113.9  3341.6809
-114  3363.9692
-114.1  3128.7944
-114.2  3129.9806
-114.3  3166.0599
-114.4  3213.3747
-114.5  3231.2948
-114.6  3153.5037
-114.7  3172.8571
-114.8  3295.6255
-114.9  3262.0434
-115  3115.066
-115.1  3176.566
-115.2  3137.9256
-115.3  3057.0328
-115.4  3114.1855
-115.5  3191.8435
-115.6  3139.4864
-115.7  3122.5538
-115.8  3046.1509
-115.9  3016.5737
-116  3148.8252
-116.1  3008.126
-116.2  3091.9893
-116.3  3018.1148
-116.4  2980.9703
-116.5  3237.4668
-116.6  3208.489
-116.7  3033.3192
-116.8  3065.9679
-116.9  3099.586
-117  3064.3369
-117.1  3021.7239
-117.2  3072.2447
-117.3  3022.0217
-117.4  3022.9758
-117.5  3028.5732
-117.6  3030.0215
-117.7  3144.3709
-117.8  2930.0505
-117.9  2999.9953
-118  2916.0668
-118.1  3180.5529
-118.2  3091.1522
-118.3  3023.2135
-118.4  3034.2193
-118.5  2976.73
-118.6  2977.6993
-118.7  3011.3827
-118.8  3048.9811
-118.9  3116.5283
-119  3063.8649
-119.1  3159.7007
-119.2  3090.5492
-119.3  2986.5296
-119.4  3046.0187
-119.5  3067.6345
-119.6  3217.1398
-119.7  3243.225
-119.8  3127.4637
-119.9  3084.8996
-120  3267.1176
-120.1  3263.4584
-120.2  3297.6509
-120.3  3292.7791
-120.4  3274.9625
-120.5  3290.0225
-120.6  3403.0249
-120.7  3446.9696
-120.8  3503.3902
-120.9  3494.6782
-121  3342.8698
-121.1  3586.388
-121.2  3398.7261
-121.3  3443.6442
-121.4  3457.521
-121.5  3603.6906
-121.6  3566.8748
-121.7  3682.2969
-121.8  3618.0216
-121.9  3719.8049
-122  3674.0925
-122.1  3695.44
-122.2  3598.0844
-122.3  3574.4602
-122.4  3648.9146
-122.5  3594.9843
-122.6  3656.5754
-122.7  3756.3838
-122.8  3662.2973
-122.9  3623.0152
-123  3569.4444
-123.1  3694.8043
-123.2  3680.99
-123.3  3700.1398
-123.4  3733.008
-123.5  3700.1603
-123.6  3768.1513
-123.7  3710.714
-123.8  3774.9047
-123.9  3681.916
-124  3767.2607
-124.1  4066.6576
-124.2  3992.0558
-124.3  4015.236
-124.4  4028.4308
-124.5  4046.9922
-124.6  4060.9753
-124.7  4272.4073
-124.8  4326.9751
-124.9  4385.2161
-125  4517.8369
-125.1  4684.9196
-125.2  4747.3076
-125.3  4946.3358
-125.4  4892.5005
-125.5  5132.5302
-125.6  5292.9698
-125.7  5597.6411
-125.8  5771.4861
-125.9  6059.7868
-126  6120.3415
-126.1  6432.1907
-126.2  6611.7941
-126.3  6808.4967
-126.4  6999.1313
-126.5  7434.0801
-126.6  7536.7482
-126.7  7665.3976
-126.8  7794.523
-126.9  8221.9266
-127  8466.749
-127.1  8659.0148
-127.2  8769.7106
-127.3  8829.6634
-127.4  9090.6617
-127.5  9217.0184
-127.6  9273.9064
-127.7  9573.4019
-127.8  9346.5881
-127.9  9423.3268
-128  9497.6383
-128.1  9605.742
-128.2  9339.9216
-128.3  9041.3697
-128.4  9189.8207
-128.5  9034.064
-128.6  8934.5474
-128.7  8689.6584
-128.8  8517.9302
-128.9  8389.5451
-129  8140.5291
-129.1  7994.963
-129.2  7750.9017
-129.3  7796.8451
-129.4  7508.9754
-129.5  6848.7566
-129.6  6932.9991
-129.7  6644.8128
-129.8  6356.5142
-129.9  6132.8417
-130  5984.9427
-130.1  5484.9747
-130.2  5415.9313
-130.3  5199.3733
-130.4  5023.0799
-130.5  4798.923
-130.6  4682.4689
-130.7  4617.8412
-130.8  4322.3837
-130.9  4181.9691
-131  4103.6641
-131.1  3999.3249
-131.2  3769.301
-131.3  3511.2935
-131.4  3424.4692
-131.5  3375.0767
-131.6  3283.5498
-131.7  3263.1877
-131.8  3175.9011
-131.9  2902.2015
-132  2974.6774
-132.1  2913.2378
-132.2  2946.111
-132.3  2883.4143
-132.4  2720.621
-132.5  2668.9106
-132.6  2642.6786
-132.7  2596.9688
-132.8  2640.7375
-132.9  2621.0693
-133  2406.4655
-133.1  2535.5831
-133.2  2499.9091
-133.3  2517.7566
-133.4  2334.0246
-133.5  2329.0589
-133.6  2388.6332
-133.7  2428.0055
-133.8  2365.8673
-133.9  2253.1092
-134  2267.5212
-134.1  2221.9705
-134.2  2176.8608
-134.3  2296.0338
-134.4  2227.6541
-134.5  2291.9519
-134.6  2216.3438
-134.7  2086.9937
-134.8  2192.4005
-134.9  2175.9624
-135  2241.384
-135.1  2185.0006
-135.2  2203.6069
-135.3  2054.681
-135.4  2189.7735
-135.5  2242.7901
-135.6  2268.4127
-135.7  2174.091
-135.8  1973.1426
-135.9  2025.4546
-136  1993.1021
-136.1  2133.9429
-136.2  2166.5324
-136.3  2051.0227
-136.4  2017.1838
-136.5  2125.5941
-136.6  2069.6333
-136.7  2060.9792
-136.8  2035.0667
-136.9  2031.3701
-137  2051.1623
-137.1  2050.3065
-137.2  2072.8547
-137.3  2014.0771
-137.4  1956.036
-137.5  2066.0778
-137.6  2044.6898
-137.7  2117.6471
-137.8  1959.6784
-137.9  2090.9683
-138  2044.0409
-138.1  2085.6631
-138.2  2086.3218
-138.3  2117.6449
-138.4  2083.895
-138.5  2049.7409
-138.6  2002.8176
-138.7  2026.3729
-138.8  1957.3955
-138.9  2018.7066
-139  1976.1214
-139.1  2072.5709
-139.2  1989.4249
-139.3  2014.2714
-139.4  2076.5836
-139.5  2086.0016
-139.6  2095.4923
-139.7  2015.0894
-139.8  1944.6212
-139.9  1907.2192
-140  1932.665
-140.1  2031.3604
-140.2  2001.8605
-140.3  2078.1866
-140.4  1919.781
-140.5  1990.5264
-140.6  2109.2406
-140.7  2009.5726
-140.8  2000.0261
-140.9  2030.8881
-141  2051.4204
-141.1  1953.9875
-141.2  2038.5915
-141.3  2039.2017
-141.4  1926.5163
-141.5  1940.5508
-141.6  1985.5599
-141.7  2003.587
-141.8  1910.798
-141.9  1984.6737
-142  1912.4741
-142.1  2035.8318
-142.2  2063.4473
-142.3  2105.4468
-142.4  2055.7885
-142.5  2027.1324
-142.6  2048.3451
-142.7  1928.9481
-142.8  1932.4105
-142.9  1959.1077
-143  2061.6192
-143.1  1994.1488
-143.2  2007.2525
-143.3  2069.3213
-143.4  1985.2316
-143.5  2009.7329
-143.6  2016.7471
-143.7  1936.4564
-143.8  1991.6227
-143.9  1976.4598
-144  2040.0263
-144.1  1973.7786
-144.2  2026.7198
-144.3  2089.75
-144.4  2044.0306
-144.5  2043.0987
-144.6  2090.1959
-144.7  2077.6484
-144.8  1988.8986
-144.9  2071.2769
-145  2002.3342
-145.1  1996.1454
-145.2  2025.0136
-145.3  1969.1676
-145.4  1970.9415
-145.5  2048.6428
-145.6  2049.5831
-145.7  2054.2547
-145.8  2041.8298
-145.9  2005.2724
-146  2050.7933
-146.1  2005.6396
-146.2  2009.8884
-146.3  2017.0036
-146.4  1963.4315
-146.5  2000.2871
-146.6  2030.7224
-146.7  1940.7432
-146.8  1998.7776
-146.9  1924.6407
-147  2012.9704
-147.1  1938.9637
-147.2  1955.3356
-147.3  1992.7688
-147.4  2053.6423
-147.5  2019.1389
-147.6  2040.9464
-147.7  1927.4053
-147.8  1871.7942
-147.9  1876.3055
-148  1947.9987
-148.1  1963.1306
-148.2  2030.2491
-148.3  1910.834
-148.4  1943.32
-148.5  2051.4287
-148.6  1968.5601
-148.7  2103.748
-148.8  2030.8024
-148.9  1935.2852
-149  1939.1279
-149.1  1992.7457
-149.2  1970.3778
-149.3  2008.9773
-149.4  1949.7765
-149.5  1970.5605
-149.6  2004.0739
-149.7  1986.8069
-149.8  1962.0268
-149.9  1974.3872
-150  1864.7643

