# Created by:        SpecsLab Prodigy, Version 4.79.1-r98952 
#
# XY-Serializer Export Settings:
#   Comment Prefix:           #
#   Output Meta Data:         yes
#   Energy Axis:              Binding Energy
#   Count Rate:               Counts per Second
#   Separate Scan Data:       no
#   Separate Channel Data:    no
#   External Channel Data:    yes
#   Transmission Function:    no
#   Error Bar:                no
#   Operation Results:        yes
#   Time Zone Format:         UTC
#
# Group:                        Spectrum Group
#
# Region:                       Overall
# Spectrum ID:                  2
# Acquisition Date:             07/08/26 15:20:14 UTC
# Analysis Method:              XPS
# Analyzer:                     PHOIBOS MCD5 Analyzer
# Analyzer Lens:                LargeArea:1.5kV
# Analyzer Slit:                5:7x20\B:open
# Scan Mode:                    FixedAnalyzerTransmission
# Curves/Scan:                  1
# Values/Curve:                 1002
# Dwell Time:                   0.125
# Excitation Energy:            1486.61
# Binding Energy:               1000
# Pass Energy:                  50
# Bias Voltage:                 90
# Detector Voltage:             3000
# Eff. Workfunction:            4.543
# Source:                       X-Ray Dummy
# Comment:                      
#
# Cycle: 0
# Number of Scans: 4
#
# Cycle: 0, Curve: 0
# Acquisition Date:             07/08/26 15:20:14 UTC
#
# ColumnLabels:                 energy counts/s
#
1000  20487.552
999.001  20077.217
998.002  19729.869
997.003  19157.232
996.004  18934.488
995.005  18917.253
994.00599  18911.178
993.00699  19062.321
992.00799  19537.79
991.00899  20407.829
990.00999  21925.38
989.01099  24078.011
988.01199  26174.657
987.01299  28302.425
986.01399  29816.951
985.01499  29469.352
984.01598  28159.113
983.01698  26101.426
982.01798  23963.283
981.01898  22167.391
980.01998  20704.807
979.02098  19768.967
978.02198  18772.502
977.02298  17945.085
976.02398  17100.86
975.02498  16183.821
974.02597  15516.794
973.02697  14824.499
972.02797  14306.398
971.02897  13857.059
970.02997  13501.597
969.03097  13440.047
968.03197  13404.828
967.03297  13235.913
966.03397  13187.611
965.03497  13106.892
964.03596  13174.312
963.03696  13281.513
962.03796  13190.422
961.03896  12961.665
960.03996  12954.893
959.04096  12873.957
958.04196  12980.145
957.04296  13291.281
956.04396  13290.99
955.04496  13254.429
954.04595  13175.606
953.04695  13102.699
952.04795  13157.774
951.04895  13112.706
950.04995  13037.797
949.05095  13097.954
948.05195  13095.132
947.05295  13121.411
946.05395  12996.462
945.05495  13023.52
944.05594  13025.941
943.05694  13046.73
942.05794  13144.791
941.05894  13259.945
940.05994  13308.979
939.06094  13149.957
938.06194  12991.604
937.06294  13045.616
936.06394  13303.851
935.06494  13131.708
934.06593  13046.049
933.06693  13046.414
932.06793  13115.817
931.06893  13041.28
930.06993  12927.418
929.07093  13063.296
928.07193  13016.622
927.07293  13178.151
926.07393  13003.097
925.07493  13161.159
924.07592  13295.26
923.07692  13166.592
922.07792  13158.539
921.07892  12970.04
920.07992  12975.741
919.08092  13154.52
918.08192  13109.778
917.08292  13019.033
916.08392  13110.481
915.08492  13303.545
914.08591  13209.246
913.08691  13265.596
912.08791  13208.864
911.08891  13103.105
910.08991  13025.851
909.09091  12953.852
908.09191  13145.924
907.09291  13190.722
906.09391  13173.691
905.09491  13161.518
904.0959  12795.603
903.0969  12902.697
902.0979  13207.426
901.0989  13237.388
900.0999  13167.298
899.1009  13183.472
898.1019  13195.367
897.1029  13123.176
896.1039  12993.532
895.1049  13056.551
894.10589  13179.092
893.10689  13009.064
892.10789  13141.168
891.10889  13164.574
890.10989  13148.861
889.11089  13215.942
888.11189  13039.369
887.11289  12979.759
886.11389  13042.814
885.11489  13012.917
884.11588  13189.485
883.11688  13040.934
882.11788  13020.484
881.11888  13096.39
880.11988  13044.31
879.12088  12863.752
878.12188  12886.692
877.12288  12980.374
876.12388  12960.799
875.12488  13015.113
874.12587  13095.837
873.12687  12975.279
872.12787  12973.09
871.12887  13196.115
870.12987  13218.185
869.13087  12990.265
868.13187  13084.301
867.13287  13133.4
866.13387  12961.709
865.13487  13174.706
864.13586  13219.75
863.13686  12985.672
862.13786  12924.856
861.13886  13070.924
860.13986  13105.871
859.14086  13068.986
858.14186  13087.523
857.14286  13146.364
856.14386  13090.815
855.14486  13201.837
854.14585  13051.844
853.14685  12746.79
852.14785  12709.375
851.14885  12902.245
850.14985  13058.967
849.15085  13140.097
848.15185  13028.155
847.15285  12884.466
846.15385  12968.84
845.15485  13202.104
844.15584  13064.976
843.15684  12855.097
842.15784  12691.047
841.15884  12792.152
840.15984  12765.097
839.16084  12844.857
838.16184  13099.306
837.16284  13022.317
836.16384  12994.621
835.16484  12824.983
834.16583  12878.158
833.16683  12858.943
832.16783  12763.313
831.16883  12966.88
830.16983  13033.339
829.17083  12919.773
828.17183  12861.944
827.17283  12780.187
826.17383  12962.123
825.17483  12926.948
824.17582  12931.76
823.17682  12860.894
822.17782  12878.085
821.17882  12939.379
820.17982  13021.643
819.18082  13119.416
818.18182  13113.897
817.18282  12792.073
816.18382  12940.283
815.18482  12939.455
814.18581  12790.718
813.18681  12697.814
812.18781  12754.862
811.18881  12905.178
810.18981  13030.847
809.19081  13118.822
808.19181  12902.507
807.19281  12899.722
806.19381  12950.254
805.19481  12841.654
804.1958  12760.25
803.1968  12791.191
802.1978  12892.904
801.1988  12831.315
800.1998  12865.725
799.2008  12748.319
798.2018  12825.177
797.2028  13098.286
796.2038  13036.084
795.2048  13013.107
794.20579  13117.96
793.20679  12968.284
792.20779  12833.045
791.20879  12973.705
790.20979  13110.467
789.21079  12994.407
788.21179  12930.269
787.21279  12896.281
786.21379  13022.04
785.21479  13025.787
784.21578  12956.987
783.21678  12961.764
782.21778  12875.455
781.21878  12861.588
780.21978  12974.575
779.22078  13142.926
778.22178  13423.566
777.22278  13086.201
776.22378  13021.467
775.22478  13270.56
774.22577  13234.1
773.22677  13385.067
772.22777  13553.964
771.22877  13681.278
770.22977  13682.31
769.23077  13526.751
768.23177  13338.931
767.23277  13084.744
766.23377  13047.482
765.23477  13108.79
764.23576  13187.309
763.23676  13199.283
762.23776  12998.645
761.23876  12881.101
760.23976  12917.521
759.24076  12906.104
758.24176  12680.529
757.24276  12464.998
756.24376  12444.576
755.24476  12332.644
754.24575  12410.148
753.24675  12328.337
752.24775  12252.328
751.24875  12439.793
750.24975  13054
749.25075  14209.367
748.25175  15906.923
747.25275  17037.142
746.25375  17041.437
745.25475  15829.855
744.25574  14395.871
743.25674  13241.458
742.25774  12645.313
741.25874  12563.063
740.25974  12350.061
739.26074  12186.155
738.26174  12167.137
737.26274  12332.753
736.26374  12245.674
735.26474  12101.805
734.26573  12318.013
733.26673  12429.212
732.26773  12247.854
731.26873  12141.735
730.26973  12232.415
729.27073  12143.954
728.27173  12151.165
727.27273  12209.322
726.27373  12225.348
725.27473  12170.163
724.27572  12199.922
723.27672  12255.441
722.27772  12235.291
721.27872  12188.404
720.27972  12148.828
719.28072  12108.159
718.28172  12151.987
717.28272  12264.188
716.28372  12244.967
715.28472  12261.89
714.28571  12112.565
713.28671  12199.304
712.28771  12242.79
711.28871  11931.422
710.28971  11847.171
709.29071  11985.472
708.29171  12134.312
707.29271  12112.566
706.29371  12122.51
705.29471  12205.57
704.2957  12160.22
703.2967  12066.053
702.2977  12010.105
701.2987  12079.942
700.2997  12225.304
699.3007  12024.522
698.3017  12019.019
697.3027  12166.732
696.3037  12037.823
695.3047  12081.221
694.30569  12090.219
693.30669  12102.464
692.30769  12131.202
691.30869  12118.57
690.30969  12058.948
689.31069  12223.006
688.31169  12150.944
687.31269  12006.584
686.31369  11985.149
685.31469  11902.396
684.31568  12021.85
683.31668  12232.83
682.31768  12308.199
681.31868  12148.565
680.31968  12020.156
679.32068  12127.561
678.32168  12187.728
677.32268  12232.946
676.32368  12126.949
675.32468  12165.983
674.32567  12288.405
673.32667  12170.806
672.32767  12055.596
671.32867  12087.427
670.32967  11980.357
669.33067  11987.552
668.33167  12244.181
667.33267  12096.728
666.33367  12148.632
665.33467  12156.159
664.33566  12160.62
663.33666  12398.604
662.33766  12161.788
661.33866  12089.077
660.33966  12225.745
659.34066  12103.433
658.34166  12089.052
657.34266  12192.307
656.34366  12373.195
655.34466  12340.183
654.34565  12400.545
653.34665  12335.934
652.34765  12245.89
651.34865  12269.343
650.34965  11988.9
649.35065  12095.039
648.35165  12063.368
647.35265  12037.855
646.35365  12237.317
645.35465  12209.975
644.35564  12216.041
643.35664  12275.221
642.35764  12278.518
641.35864  12284.872
640.35964  12238.333
639.36064  12154.115
638.36164  12400.407
637.36264  12365.609
636.36364  12284.831
635.36464  12337.434
634.36563  12358.147
633.36663  12282.466
632.36763  12129.026
631.36863  12015.909
630.36963  12008.429
629.37063  12032.659
628.37163  12237.135
627.37263  12203.35
626.37363  12121.39
625.37463  12128.498
624.37562  12228.931
623.37662  12391.326
622.37762  12353.325
621.37862  12316.507
620.37962  12385.205
619.38062  12316.46
618.38162  12192.541
617.38262  12361.124
616.38362  12423.603
615.38462  12218.595
614.38561  12478.835
613.38661  12454.783
612.38761  12327.497
611.38861  12322.817
610.38961  12264.098
609.39061  12446.126
608.39161  12469.507
607.39261  12313.067
606.39361  12319.637
605.39461  12233.007
604.3956  12326.853
603.3966  12393.6
602.3976  12348.834
601.3986  12364.563
600.3996  12449.52
599.4006  12519.247
598.4016  12457.911
597.4026  12483.066
596.4036  12389.494
595.4046  12467.127
594.40559  12642.826
593.40659  12854.559
592.40759  12825.072
591.40859  12696.584
590.40959  12826.509
589.41059  12891.571
588.41159  13043.306
587.41259  12967.371
586.41359  12927.195
585.41459  12846.199
584.41558  12562.771
583.41658  12565.639
582.41758  12690.291
581.41858  12666.885
580.41958  12820.837
579.42058  12720.929
578.42158  12591.849
577.42258  12505.422
576.42358  12387.379
575.42458  12314.783
574.42557  12114.691
573.42657  12094.065
572.42757  12085.953
571.42857  12043.933
570.42957  12028.069
569.43057  12307.151
568.43157  12694.722
567.43257  12980.819
566.43357  13376.329
565.43457  14010.776
564.43556  14574.851
563.43656  14576.281
562.43756  14512.636
561.43856  14650.938
560.43956  14442.831
559.44056  13900.288
558.44156  13218.592
557.44256  12542.864
556.44356  12180.249
555.44456  11798.522
554.44555  11302.876
553.44655  11020.079
552.44755  10781.535
551.44855  10435.827
550.44955  10078.149
549.45055  9704.9486
548.45155  9379.9035
547.45255  9029.9068
546.45355  8520.2795
545.45455  8250.5482
544.45554  8180.045
543.45654  8241.8482
542.45754  9129.4305
541.45854  12046.854
540.45954  18425.023
539.46054  28591.795
538.46154  37461.466
537.46254  37660.673
536.46354  29090.141
535.46454  18820.401
534.46553  12336.188
533.46653  9408.8812
532.46753  8402.1347
531.46853  7924.861
530.46953  8104.8654
529.47053  8864.2523
528.47153  9319.951
527.47253  9608.9691
526.47353  9230.0826
525.47453  8311.0784
524.47552  7432.7235
523.47652  6921.3986
522.47752  6712.6794
521.47852  6470.9921
520.47952  6376.0571
519.48052  6366.0112
518.48152  6338.5278
517.48252  6382.6332
516.48352  6436.6367
515.48452  6290.4478
514.48551  6253.6613
513.48651  6371.4433
512.48751  6304.8851
511.48851  6226.8613
510.48951  6244.5093
509.49051  6213.5124
508.49151  6109.7001
507.49251  6166.7742
506.49351  6235.923
505.49451  6117.2987
504.4955  6202.9528
503.4965  6230.5635
502.4975  6140.2307
501.4985  6077.6572
500.4995  6229.4239
499.5005  6287.686
498.5015  6227.4606
497.5025  6381.9288
496.5035  6253.0992
495.5045  6148.3185
494.50549  6075.2646
493.50649  6188.2819
492.50749  6297.9661
491.50849  6246.8101
490.50949  6130.771
489.51049  6099.9409
488.51149  6126.9874
487.51249  6049.3524
486.51349  5954.774
485.51449  6041.9699
484.51548  6138.5078
483.51648  5987.4736
482.51748  5850.4874
481.51848  5871.9817
480.51948  6006.5396
479.52048  6157.5073
478.52148  5820.619
477.52248  5787.6207
476.52348  5961.8894
475.52448  5989.9002
474.52547  5984.3425
473.52647  6063.2934
472.52747  6098.2422
471.52847  6089.2546
470.52947  6153.0332
469.53047  6081.6083
468.53147  5999.7642
467.53247  6194.1608
466.53347  6204.8723
465.53447  6082.4508
464.53546  6026.0163
463.53646  5938.6887
462.53746  5852.9885
461.53846  5807.5566
460.53946  5760.9173
459.54046  5867.6415
458.54146  5794.1751
457.54246  5854.535
456.54346  5949.1165
455.54446  5886.8005
454.54545  5899.7885
453.54645  5900.5199
452.54745  5943.9392
451.54845  5986.3486
450.54945  5835.1057
449.55045  5715.7665
448.55145  5766.2647
447.55245  5850.7287
446.55345  5844.8117
445.55445  5762.9817
444.55544  5776.2882
443.55644  5852.6857
442.55744  5821.2585
441.55844  5830.9582
440.55944  5811.5754
439.56044  5841.5885
438.56144  5845.7966
437.56244  5785.4055
436.56344  5859.2199
435.56444  5865.4655
434.56543  6030.949
433.56643  6235.6049
432.56743  6254.1021
431.56843  6324.7662
430.56943  6225.9224
429.57043  5978.0294
428.57143  5823.0382
427.57243  5713.7724
426.57343  5773.2348
425.57443  5717.1541
424.57542  5700.3907
423.57642  5773.3024
422.57742  5707.445
421.57842  5727.3478
420.57942  5806.3342
419.58042  5789.792
418.58142  5758.6274
417.58242  5848.797
416.58342  5825.0606
415.58442  5746.576
414.58541  5718.7611
413.58641  5705.1722
412.58741  5758.0171
411.58841  5788.9888
410.58941  5740.0748
409.59041  5804.8269
408.59141  5859.1007
407.59241  5815.4749
406.59341  5690.9773
405.59441  5759.6021
404.5954  5844.9476
403.5964  5808.7323
402.5974  5773.9945
401.5984  5783.6528
400.5994  5731.0894
399.6004  5733.5169
398.6014  5665.9777
397.6024  5723.3541
396.6034  5804.3048
395.6044  5751.3325
394.60539  5803.3022
393.60639  5775.2415
392.60739  5694.9558
391.60839  5712.2094
390.60939  5745.4982
389.61039  5763.866
388.61139  5708.6414
387.61239  5726.7866
386.61339  5757.2527
385.61439  5739.5299
384.61538  5804.0451
383.61638  5812.2949
382.61738  5733.793
381.61838  5635.1412
380.61938  5710.7966
379.62038  5778.537
378.62138  5783.3183
377.62238  5807.4869
376.62338  5845.8955
375.62438  5732.5863
374.62537  5769.5677
373.62637  5814.5448
372.62737  5783.551
371.62837  5884.3342
370.62937  5857.1599
369.63037  5885.008
368.63137  5770.5945
367.63237  5771.8844
366.63337  5682.6803
365.63437  5750.7438
364.63536  5881.4319
363.63636  5976.8708
362.63736  5928.1531
361.63836  5888.7542
360.63936  5923.3662
359.64036  5908.2937
358.64136  5974.826
357.64236  5939.6513
356.64336  6116.9505
355.64436  6255.846
354.64535  6146.6999
353.64635  6021.2651
352.64735  5906.5026
351.64835  5772.6158
350.64935  5846.4522
349.65035  5875.2516
348.65135  5717.6548
347.65235  5660.8119
346.65335  5560.0816
345.65435  5656.9984
344.65534  5720.1292
343.65634  5756.8325
342.65734  5723.6373
341.65834  5752.9591
340.65934  5889.0417
339.66034  5816.6737
338.66134  5961.2223
337.66234  5960.5169
336.66334  5760.5985
335.66434  5843.5148
334.66533  5769.8544
333.66633  5599.917
332.66733  5557.5792
331.66833  5524.2092
330.66933  5535.3912
329.67033  5542.1922
328.67133  5460.7736
327.67233  5443.9958
326.67333  5467.7568
325.67433  5575.6788
324.67532  5523.2253
323.67632  5533.9012
322.67732  5580.3878
321.67832  5489.1121
320.67932  5447.9823
319.68032  5445.7499
318.68132  5373.6904
317.68232  5350.3608
316.68332  5541.8925
315.68432  5535.7668
314.68531  5391.7766
313.68631  5306.3204
312.68731  5266.9763
311.68831  5309.8881
310.68931  5335.601
309.69031  5315.9182
308.69131  5318.9778
307.69231  5431.3909
306.69331  5406.3875
305.69431  5242.219
304.6953  5280.1408
303.6963  5323.627
302.6973  5354.1257
301.6983  5312.2758
300.6993  5262.8425
299.7003  5322.8939
298.7013  5343.0129
297.7023  5251.6514
296.7033  5246.9643
295.7043  5268.5779
294.70529  5165.7714
293.70629  5240.2952
292.70729  5310.6403
291.70829  5340.802
290.70929  5339.3587
289.71029  5435.3707
288.71129  5452.8029
287.71229  5356.0183
286.71329  5480.4527
285.71429  5483.2252
284.71528  5410.5872
283.71628  5365.7332
282.71728  5294.4797
281.71828  5117.9197
280.71928  5139.4452
279.72028  5102.0346
278.72128  5069.9789
277.72228  5264.0593
276.72328  5347.0525
275.72428  5233.3561
274.72527  5188.0179
273.72627  5203.8682
272.72727  5173.4003
271.72827  5191.1315
270.72927  5175.8568
269.73027  5146.0209
268.73127  5256.7823
267.73227  5183.3089
266.73327  5057.6086
265.73427  5168.3028
264.73526  5234.1262
263.73626  5129.4314
262.73726  5145.3788
261.73826  5073.3308
260.73926  5023.4011
259.74026  5107.7144
258.74126  5231.5786
257.74226  5238.0848
256.74326  5209.6063
255.74426  5164.8699
254.74525  5182.8092
253.74625  5022.2373
252.74725  5083.6399
251.74825  5103.3694
250.74925  5110.4686
249.75025  5122.8567
248.75125  5120.1711
247.75225  5218.2562
246.75325  5100.5389
245.75425  4965.5765
244.75524  5023.9294
243.75624  5152.2573
242.75724  5302.1691
241.75824  5165.3228
240.75924  5045.4431
239.76024  5230.6054
238.76124  5228.4211
237.76224  5142.3266
236.76324  5195.9625
235.76424  5154.4356
234.76523  5097.9147
233.76623  5202.3477
232.76723  5173.5628
231.76823  5045.6589
230.76923  5167.9459
229.77023  5217.2906
228.77123  5123.515
227.77223  5072.8934
226.77323  5070.2296
225.77423  5201.131
224.77522  5288.6461
223.77622  5201.7328
222.77722  5238.8296
221.77822  5282.2141
220.77922  5214.8905
219.78022  5277.8462
218.78122  5213.699
217.78222  5198.0955
216.78322  5116.87
215.78422  5115.3363
214.78521  5267.841
213.78621  5340.4313
212.78721  5191.134
211.78821  5136.2034
210.78921  5138.1186
209.79021  5149.6138
208.79121  5181.2299
207.79221  5207.0506
206.79321  5317.9537
205.79421  5252.4532
204.7952  5335.3912
203.7962  5310.8402
202.7972  5105.6239
201.7982  5185.4987
200.7992  5306.4857
199.8002  5454.025
198.8012  5654.9564
197.8022  5789.9091
196.8032  5764.4192
195.8042  5693.6064
194.80519  5548.3821
193.80619  5384.2523
192.80719  5341.6605
191.80819  5324.8649
190.80919  5325.5093
189.81019  5249.0082
188.81119  5124.295
187.81219  5134.5251
186.81319  5256.1011
185.81419  5366.6137
184.81518  5320.3505
183.81618  5266.7626
182.81718  5306.6282
181.81818  5342.1466
180.81918  5376.3087
179.82018  5366.9791
178.82118  5173.799
177.82218  5170.0968
176.82318  5124.9388
175.82418  5184.9199
174.82517  5256.7437
173.82617  5167.1801
172.82717  5176.91
171.82817  5127.8351
170.82917  5034.1424
169.83017  5018.4698
168.83117  5173.161
167.83217  5146.8926
166.83317  5084.6531
165.83417  5194.1813
164.83516  5350.3716
163.83616  5343.5147
162.83716  5487.4336
161.83816  5688.5102
160.83916  5999.1833
159.84016  6615.1976
158.84116  6985.1261
157.84216  6998.3373
156.84316  6641.0646
155.84416  6273.7738
154.84515  5849.0736
153.84615  5512.2182
152.84715  5473.1699
151.84815  5477.8446
150.84915  5371.5347
149.85015  5419.2288
148.85115  5347.5502
147.85215  5351.9732
146.85315  5428.5905
145.85415  5519.668
144.85514  5619.4045
143.85614  5629.892
142.85714  5646.036
141.85814  5649.9679
140.85914  5374.3914
139.86014  5105.5439
138.86114  4828.761
137.86214  4715.1507
136.86314  4811.2258
135.86414  4864.4363
134.86513  4803.0938
133.86613  4827.2991
132.86713  4878.3716
131.86813  4992.7772
130.86913  5124.2643
129.87013  5557.944
128.87113  6367.8744
127.87213  7993.0726
126.87313  9639.3903
125.87413  9898.2646
124.87512  8559.797
123.87612  6673.6607
122.87712  5326.0643
121.87812  4554.5513
120.87912  4209.9552
119.88012  4133.5439
118.88112  4092.8127
117.88212  3846.346
116.88312  3938.6064
115.88412  4066.2277
114.88511  4192.3733
113.88611  4439.5901
112.88711  4598.9849
111.88811  4596.1534
110.88911  4614.2117
109.89011  5321.1154
108.89111  7109.3375
107.89211  10044.135
106.89311  11657.935
105.89411  10588.357
104.8951  7854.6866
103.8961  5453.2359
102.8971  4170.6467
101.8981  3358.9254
100.8991  2908.8698
99.9001  2749.9395
98.901099  2623.5137
97.902098  2589.7096
96.903097  2541.8959
95.904096  2503.7735
94.905095  2529.109
93.906094  2621.9698
92.907093  2535.6074
91.908092  2378.6649
90.909091  2491.01
89.91009  2479.8827
88.911089  2423.5302
87.912088  2365.1321
86.913087  2240.2151
85.914086  2253.8241
84.915085  2593.2779
83.916084  3313.4909
82.917083  4505.3574
81.918082  5717.3775
80.919081  5670.5463
79.92008  4368.4885
78.921079  3084.9125
77.922078  2274.3724
76.923077  1948.8841
75.924076  1902.3242
74.925075  1912.6718
73.926074  1896.1286
72.927073  1987.3335
71.928072  2003.6208
70.929071  1988.7115
69.93007  1966.9999
68.931069  1919.2522
67.932068  1821.8435
66.933067  1759.6331
65.934066  1726.8464
64.935065  1717.3613
63.936064  1708.439
62.937063  1734.3924
61.938062  1757.8825
60.939061  1726.3701
59.94006  1777.7033
58.941059  1796.7949
57.942058  1800.0815
56.943057  1769.9982
55.944056  1740.0972
54.945055  1758.6454
53.946054  1698.1833
52.947053  1637.5206
51.948052  1656.8689
50.949051  1593.8585
49.95005  1565.0893
48.951049  1579.3608
47.952048  1528.9274
46.953047  1537.6094
45.954046  1551.8198
44.955045  1501.3116
43.956044  1499.556
42.957043  1484.5917
41.958042  1457.5525
40.959041  1493.9472
39.96004  1473.6151
38.961039  1472.842
37.962038  1459.8362
36.963037  1484.5344
35.964036  1559.9102
34.965035  1605.407
33.966034  1775.6872
32.967033  1948.0565
31.968032  2089.4774
30.969031  2225.1743
29.97003  2245.6664
28.971029  1951.814
27.972028  1712.4474
26.973027  1578.6331
25.974026  1421.0066
24.975025  1353.8061
23.976024  1326.4054
22.977023  1334.6962
21.978022  1456.7654
20.979021  1595.4497
19.98002  1651.3076
18.981019  1664.029
17.982018  1715.8321
16.983017  1722.5355
15.984016  1597.9154
14.985015  1485.8234
13.986014  1457.3954
12.987013  1425.2297
11.988012  1360.5045
10.989011  1322.3433
9.99001  1273.0334
8.991009  1235.0808
7.992008  1189.7201
6.993007  1174.7869
5.994006  1176.063
4.995005  1163.7017
3.996004  1134.2603
2.997003  1132.7624
1.998002  1141.6123
0.999001  1073.2904
0  1011.5949

# Region:                       Al 2p
# Spectrum ID:                  3
# Acquisition Date:             07/08/26 15:21:47 UTC
# Analysis Method:              XPS
# Analyzer:                     PHOIBOS MCD5 Analyzer
# Analyzer Lens:                LargeArea:1.5kV
# Analyzer Slit:                5:7x20\B:open
# Scan Mode:                    FixedAnalyzerTransmission
# Curves/Scan:                  1
# Values/Curve:                 331
# Dwell Time:                   0.1
# Excitation Energy:            1486.61
# Binding Energy:               90
# Pass Energy:                  50
# Bias Voltage:                 90
# Detector Voltage:             3000
# Eff. Workfunction:            4.543
# Source:                       X-Ray Dummy
# Comment:                      
#
# Cycle: 0
# Number of Scans: 2
#
# Cycle: 0, Curve: 0
# Acquisition Date:             07/08/26 15:21:47 UTC
#
# ColumnLabels:                 energy counts/s
#
90  2511.6613
89.9  2422.7611
89.8  2446.5884
89.7  2451.1121
89.6  2404.9086
89.5  2487.741
89.4  2518.4453
89.3  2370.8959
89.2  2353.2375
89.1  2366.4916
89  2293.3028
88.9  2560.5272
88.8  2489.3581
88.7  2348.301
88.6  2412.2705
88.5  2260.7404
88.4  2342.3467
88.3  2595.1976
88.2  2349.6491
88.1  2229.6765
88  2162.7465
87.9  2096.9398
87.8  2322.6112
87.7  2154.6392
87.6  2319.5516
87.5  2219.4169
87.4  2225.2815
87.3  2062.5602
87.2  2342.5345
87.1  2321.7817
87  2211.4799
86.9  2282.0912
86.8  2279.076
86.7  2287.8791
86.6  2176.513
86.5  2406.4497
86.4  2335.0118
86.3  2057.911
86.2  2387.5675
86.1  2150.0837
86  2293.996
85.9  2267.7964
85.8  2339.0626
85.7  2230.3627
85.6  2291.5074
85.5  2321.0797
85.4  2389.8796
85.3  2386.9376
85.2  2553.1788
85.1  2599.7863
85  2573.7297
84.9  2443.2216
84.8  2583.9037
84.7  2563.1373
84.6  2634.5491
84.5  2855.6961
84.4  3065.3394
84.3  2811.762
84.2  2805.8988
84.1  3190.3956
84  3296.7885
83.9  3312.248
83.8  3237.5761
83.7  3519.5943
83.6  3438.5204
83.5  3419.4567
83.4  3674.7278
83.3  3932.1344
83.2  4053.224
83.1  4050.2213
83  4212.5717
82.9  4218.2266
82.8  4657.2472
82.7  4773.5112
82.6  4800.9819
82.5  5257.2698
82.4  5272.6209
82.3  5339.6235
82.2  5361.6656
82.1  5730.8712
82  6029.6754
81.9  5962.7046
81.8  5900.5277
81.7  6023.6165
81.6  6352.6745
81.5  6336.2312
81.4  5963.5945
81.3  5865.0655
81.2  5841.2144
81.1  5920.5978
81  5751.7936
80.9  5561.2017
80.8  5806.4255
80.7  5618.4194
80.6  5606.6169
80.5  5317.4739
80.4  5168.9845
80.3  5006.5122
80.2  4786.869
80.1  4461.6163
80  4360.6483
79.9  4375.0783
79.8  4423.2334
79.7  4059.9106
79.6  3935.4006
79.5  3648.7368
79.4  3676.931
79.3  3521.7862
79.2  3171.3925
79.1  3235.4321
79  3059.0869
78.9  2784.9159
78.8  2734.3836
78.7  2736.1293
78.6  2546.1161
78.5  2576.7988
78.4  2194.7883
78.3  2278.2867
78.2  2334.8783
78.1  2257.8945
78  2184.405
77.9  2316.6438
77.8  2222.5208
77.7  1917.5074
77.6  2003.5345
77.5  2006.8385
77.4  2120.0413
77.3  2103.7807
77.2  1851.9476
77.1  2006.2971
77  1974.1832
76.9  1992.3115
76.8  1832.7833
76.7  1957.1535
76.6  2108.9276
76.5  1865.0948
76.4  1851.6755
76.3  1864.8222
76.2  1943.6674
76.1  1916.3935
76  1907.6299
75.9  1892.07
75.8  1852.6771
75.7  1762.9388
75.6  1827.3768
75.5  1848.6322
75.4  1765.1724
75.3  1778.7898
75.2  1740.0431
75.1  1785.6175
75  1857.0774
74.9  1687.786
74.8  1807.2135
74.7  1900.4636
74.6  1826.7933
74.5  1775.6198
74.4  1891.6961
74.3  1880.5498
74.2  1832.3033
74.1  1945.3184
74  1819.6603
73.9  1938.6433
73.8  1757.6336
73.7  1716.7576
73.6  1770.4847
73.5  1797.4386
73.4  1834.319
73.3  2048.78
73.2  1924.6739
73.1  1993.1416
73  2050.1867
72.9  1895.728
72.8  1952.6543
72.7  1885.6452
72.6  1911.5553
72.5  1989.6908
72.4  1835.7267
72.3  1919.2824
72.2  1843.6461
72.1  1956.8697
72  2030.4962
71.9  2029.2728
71.8  2101.718
71.7  2059.2916
71.6  2062.7578
71.5  2098.3082
71.4  1905.4632
71.3  2264.8535
71.2  1973.2862
71.1  2042.7616
71  1971.7575
70.9  1990.5257
70.8  1906.9313
70.7  1847.8851
70.6  1930.6109
70.5  1944.4643
70.4  1953.899
70.3  1872.6009
70.2  2077.8603
70.1  2058.1142
70  1875.9187
69.9  2057.8086
69.8  1972.6723
69.7  1979.7336
69.6  2021.6008
69.5  1988.651
69.4  1731.6434
69.3  1900.9281
69.2  2056.9017
69.1  1997.9596
69  2108.6228
68.9  1972.4946
68.8  1873.4368
68.7  1840.6729
68.6  1866.0441
68.5  1753.1251
68.4  1954.1942
68.3  1833.9092
68.2  1971.4467
68.1  1792.8822
68  1777.4069
67.9  1869.8182
67.8  1860.5587
67.7  1719.6417
67.6  1870.7255
67.5  1812.2585
67.4  1796.4867
67.3  1872.9063
67.2  1862.5418
67.1  1767.4955
67  1732.6427
66.9  1678.4166
66.8  1784.0966
66.7  1819.9448
66.6  1581.0251
66.5  1527.6933
66.4  1831.5778
66.3  1889.8892
66.2  1762.2412
66.1  1610.6147
66  1658.7353
65.9  1700.7322
65.8  1687.3346
65.7  1725.8142
65.6  1687.4847
65.5  1674.3371
65.4  1899.8741
65.3  1858.7409
65.2  1729.4429
65.1  1862.0627
65  1753.0184
64.9  1735.6774
64.8  1658.9224
64.7  1774.5873
64.6  1723.6455
64.5  1706.9646
64.4  1620.5426
64.3  1872.0703
64.2  1907.9406
64.1  1881.2082
64  1751.7878
63.9  1673.9104
63.8  1682.0729
63.7  1791.2875
63.6  1728.3538
63.5  1667.4474
63.4  1530.7162
63.3  1720.4895
63.2  1763.6823
63.1  1691.0076
63  1815.2255
62.9  1643.7761
62.8  1806.442
62.7  1883.8005
62.6  1794.7513
62.5  1743.3407
62.4  1799.4494
62.3  1606.8958
62.2  1647.256
62.1  1620.5466
62  1716.5429
61.9  1684.527
61.8  1632.4393
61.7  1804.8146
61.6  1720.804
61.5  1799.5994
61.4  1903.3538
61.3  1856.3911
61.2  1819.9417
61.1  1900.7745
61  1719.6705
60.9  1730.0151
60.8  1607.0383
60.7  1633.1445
60.6  1790.6505
60.5  1686.0364
60.4  1740.3589
60.3  1789.7162
60.2  1798.0129
60.1  1671.0285
60  1707.6189
59.9  1822.376
59.8  1770.9524
59.7  1746.596
59.6  1639.6098
59.5  1768.1413
59.4  1719.4011
59.3  1795.6108
59.2  1659.1672
59.1  1649.8359
59  1786.4096
58.9  1783.9043
58.8  1837.528
58.7  1794.4582
58.6  1859.2331
58.5  1603.4619
58.4  1678.6071
58.3  1644.4503
58.2  1751.9663
58.1  1885.5853
58  1708.0284
57.9  1761.1482
57.8  1914.898
57.7  1926.2226
57.6  1818.2566
57.5  1770.5248
57.4  1884.239
57.3  1784.1806
57.2  1683.1672
57.1  1785.7955
57  1651.1862

# Operation:                    Peak Fit
# Range Start:                  90
# Range End:                    70.5317
# Parameter: "Transition" = 
# Parameter: "Label" = 
# Parameter: "Background Method" = Tougaard
# Parameter: "Peak Shape" = Voigt
# Parameter: "Asymmetric Peak" = false
# Parameter: "FWHM-Annotation" = S-B = <Signal-BG:@>\nFWHM = <FWHM:@>\nArea = <Area:@>
# Parameter: "Peak-Annotation" = <Label>\n<Transition>\nE = <Center:@>
#
# Result:
# Number of Results:            2
# Parameter: "Transition" = 
# Parameter: "Label" = 
# Parameter: "Center" = 81.436647769372939 eV +- 0.014839404544085329
# Parameter: "Area" = 15534.689459632575 cps eV +- 151.5743992462904
# Parameter: "FWHM (Lorentzian)" = 0 eV +- 0
# Parameter: "FWHM (Gaussian)" = 3.5983103328959944 eV +- 0.034538988851609227
# Parameter: "Asymmetry" = 0 +- 0
# Parameter: "Tougaard B" = 11834.092509422177 eV^2 +- 501.26809672431523
# Parameter: "Tougaard C" = 1643 eV^2 +- 0
# Parameter: "FWHM" = 3.5983103328959944 eV
# Parameter: "Baseline Offset" = 1895.6633244322427 cps +- 11.718136542748381
# Parameter: "Abbe factor" = 0.62182888119882485
# Parameter: "Reduced Chi Square" = 1.1417899810838816
# Parameter: "Q Probability" = 0.088728282666579728
# Parameter: "Number of performed iterations" = 13
# Parameter: "Fit termination reason" = ConvergedInParameter
# Parameter: "Signal" = 5992.7926412411916 cps
# Parameter: "Signal-BG" = 4055.7553521671757 cps
#
# Result Name:                  Background
# Number of Curves:             1
#
# Curve:                        0
# Values/Curve:                 109
#
90  2458.8618
89.82037  2447.7044
89.640741  2436.5111
89.461111  2425.2821
89.281481  2414.0176
89.101852  2402.7178
88.922222  2391.3831
88.742593  2380.0137
88.562963  2368.61
88.383333  2357.1724
88.203704  2345.7013
88.024074  2334.1971
87.844444  2322.6603
87.664815  2311.0914
87.485185  2299.4911
87.305556  2287.8599
87.125926  2276.1986
86.946296  2264.5081
86.766667  2252.7891
86.587037  2241.0429
86.407407  2229.2707
86.227778  2217.4743
86.048148  2205.6557
85.868519  2193.8175
85.688889  2181.963
85.509259  2170.0964
85.32963  2158.223
85.15  2146.3496
84.97037  2134.4847
84.790741  2122.6388
84.611111  2110.8248
84.431481  2099.0583
84.251852  2087.358
84.072222  2075.746
83.892593  2064.2477
83.712963  2052.8921
83.533333  2041.7115
83.353704  2030.7417
83.174074  2020.0209
82.994444  2009.5895
82.814815  1999.4889
82.635185  1989.7609
82.455556  1980.4461
82.275926  1971.5829
82.096296  1963.2062
81.916667  1955.3458
81.737037  1948.0261
81.557407  1941.2642
81.377778  1935.0701
81.198148  1929.4455
81.018519  1924.3846
80.838889  1919.8736
80.659259  1915.8918
80.47963  1912.4122
80.3  1909.4025
80.12037  1906.8266
79.940741  1904.6455
79.761111  1902.8188
79.581481  1901.306
79.401852  1900.0671
79.222222  1899.0643
79.042593  1898.2618
78.862963  1897.6273
78.683333  1897.1314
78.503704  1896.7486
78.324074  1896.4566
78.144444  1896.2366
77.964815  1896.0729
77.785185  1895.9525
77.605556  1895.8651
77.425926  1895.8025
77.246296  1895.7582
77.066667  1895.7272
76.887037  1895.7058
76.707407  1895.6912
76.527778  1895.6814
76.348148  1895.6749
76.168519  1895.6707
75.988889  1895.6679
75.809259  1895.6662
75.62963  1895.6651
75.45  1895.6644
75.27037  1895.6639
75.090741  1895.6637
74.911111  1895.6635
74.731481  1895.6634
74.551852  1895.6634
74.372222  1895.6634
74.192593  1895.6633
74.012963  1895.6633
73.833333  1895.6633
73.653704  1895.6633
73.474074  1895.6633
73.294444  1895.6633
73.114815  1895.6633
72.935185  1895.6633
72.755556  1895.6633
72.575926  1895.6633
72.396296  1895.6633
72.216667  1895.6633
72.037037  1895.6633
71.857407  1895.6633
71.677778  1895.6633
71.498148  1895.6633
71.318519  1895.6633
71.138889  1895.6633
70.959259  1895.6633
70.77963  1895.6633
70.6  1895.6633

# Result Name:                  Peak Fit
# Number of Curves:             1
#
# Curve:                        0
# Values/Curve:                 109
#
90  2458.8624
89.82037  2447.7056
89.640741  2436.5133
89.461111  2425.2863
89.281481  2414.0253
89.101852  2402.7318
88.922222  2391.4081
88.742593  2380.0578
88.562963  2368.6868
88.383333  2357.3043
88.203704  2345.9248
88.024074  2334.5707
87.844444  2323.2763
87.664815  2312.093
87.485185  2301.0972
87.305556  2290.4
87.125926  2280.1608
86.946296  2270.6036
86.766667  2262.038
86.587037  2254.8838
86.407407  2249.6995
86.227778  2247.2126
86.048148  2248.3517
85.868519  2254.2761
85.688889  2266.399
85.509259  2286.4006
85.32963  2316.2248
85.15  2358.0526
84.97037  2414.2478
84.790741  2487.2688
84.611111  2579.5442
84.431481  2693.3122
84.251852  2830.4279
84.072222  2992.1474
83.892593  3178.9024
83.712963  3390.0832
83.533333  3623.8524
83.353704  3877.0122
83.174074  4144.948
82.994444  4421.6668
82.814815  4699.944
82.635185  4971.5794
82.455556  5227.7578
82.275926  5459.4928
82.096296  5658.1263
81.916667  5815.8442
81.737037  5926.1675
81.557407  5984.3744
81.377778  5987.8167
81.198148  5936.0996
81.018519  5831.1088
80.838889  5676.8822
80.659259  5479.3375
80.47963  5245.8826
80.3  4984.944
80.12037  4705.4541
79.940741  4416.3418
79.761111  4126.0656
79.581481  3842.2219
79.401852  3571.2513
79.222222  3318.2538
79.042593  3086.9146
78.862963  2879.5293
78.683333  2697.1127
78.503704  2539.5695
78.324074  2405.9032
78.144444  2294.4408
77.964815  2203.0539
77.785185  2129.3606
77.605556  2070.8976
77.425926  2025.2578
77.246296  1990.1903
77.066667  1963.666
76.887037  1943.9133
76.707407  1929.4285
76.527778  1918.9679
76.348148  1911.5274
76.168519  1906.3143
75.988889  1902.7161
75.809259  1900.2694
75.62963  1898.6302
75.45  1897.5482
75.27037  1896.8443
75.090741  1896.3931
74.911111  1896.1081
74.731481  1895.9307
74.551852  1895.8219
74.372222  1895.756
74.192593  1895.7168
74.012963  1895.6937
73.833333  1895.6804
73.653704  1895.6728
73.474074  1895.6685
73.294444  1895.6661
73.114815  1895.6648
72.935185  1895.6641
72.755556  1895.6637
72.575926  1895.6635
72.396296  1895.6634
72.216667  1895.6634
72.037037  1895.6633
71.857407  1895.6633
71.677778  1895.6633
71.498148  1895.6633
71.318519  1895.6633
71.138889  1895.6633
70.959259  1895.6633
70.77963  1895.6633
70.6  1895.6633

# Region:                       Al 2p Extended
# Spectrum ID:                  4
# Acquisition Date:             07/08/26 15:35:13 UTC
# Analysis Method:              XPS
# Analyzer:                     PHOIBOS MCD5 Analyzer
# Analyzer Lens:                LargeArea:1.5kV
# Analyzer Slit:                5:7x20\B:open
# Scan Mode:                    FixedAnalyzerTransmission
# Curves/Scan:                  1
# Values/Curve:                 1331
# Dwell Time:                   0.1
# Excitation Energy:            1486.61
# Binding Energy:               190
# Pass Energy:                  50
# Bias Voltage:                 90
# Detector Voltage:             3000
# Eff. Workfunction:            4.543
# Source:                       X-Ray Dummy
# Comment:                      
#
# Cycle: 0
# Number of Scans: 5
#
# Cycle: 0, Curve: 0
# Acquisition Date:             07/08/26 15:35:13 UTC
#
# ColumnLabels:                 energy counts/s
#
190  5235.2664
189.9  5187.238
189.8  5307.6093
189.7  5236.8005
189.6  5316.8191
189.5  5259.9061
189.4  5349.459
189.3  5374.3669
189.2  5227.9915
189.1  5234.9698
189  5302.3302
188.9  5304.4671
188.8  5223.0211
188.7  5394.1803
188.6  5388.5182
188.5  5403.8396
188.4  5280.6979
188.3  5230.5028
188.2  5081.8025
188.1  5264.7726
188  5230.2556
187.9  5139.9083
187.8  5304.9788
187.7  5190.8433
187.6  5225.1051
187.5  5277.5964
187.4  5291.8762
187.3  5225.9132
187.2  5398.0793
187.1  5509.916
187  5255.1563
186.9  5358.8416
186.8  5375.891
186.7  5237.5706
186.6  5277.984
186.5  5254.71
186.4  5256.4106
186.3  5353.2663
186.2  5292.1858
186.1  5302.063
186  5250.136
185.9  5182.5195
185.8  5290.2207
185.7  5299.4315
185.6  5224.1761
185.5  5220.647
185.4  5402.3459
185.3  5382.9918
185.2  5201.6815
185.1  5314.4801
185  5239.7761
184.9  5336.9262
184.8  5209.8178
184.7  5236.5065
184.6  5207.2185
184.5  5413.7389
184.4  5402.2558
184.3  5357.8867
184.2  5284.089
184.1  5337.8414
184  5339.4791
183.9  5258.4774
183.8  5412.1224
183.7  5363.9167
183.6  5471.2791
183.5  5407.0219
183.4  5286.8929
183.3  5311.4902
183.2  5460.2103
183.1  5388.0397
183  5312.0032
182.9  5364.5003
182.8  5327.8081
182.7  5421.8549
182.6  5412.8703
182.5  5478.3917
182.4  5343.6942
182.3  5173.0931
182.2  5352.8684
182.1  5285.1862
182  5267.7595
181.9  5358.1212
181.8  5306.1197
181.7  5111.77
181.6  5298.6409
181.5  5367.7753
181.4  5242.9005
181.3  5278.1535
181.2  5325.3719
181.1  5221.1587
181  5313.4758
180.9  5323.3449
180.8  5340.0048
180.7  5252.3418
180.6  5253.3699
180.5  5346.5943
180.4  5431.12
180.3  5272.0666
180.2  5182.544
180.1  5212.4915
180  5398.3817
179.9  5284.7983
179.8  5300.8999
179.7  5459.8814
179.6  5317.6498
179.5  5382.4866
179.4  5158.6848
179.3  5222.0029
179.2  5215.3409
179.1  5294.3039
179  5223.6606
178.9  5099.4973
178.8  5264.4265
178.7  5358.0435
178.6  5259.7825
178.5  5237.904
178.4  5200.8683
178.3  5269.0189
178.2  5206.5249
178.1  5309.7512
178  5260.7281
177.9  5404.1929
177.8  5355.6431
177.7  5276.3632
177.6  5211.6885
177.5  5227.2111
177.4  5172.2355
177.3  5122.931
177.2  5131.7463
177.1  5164.1216
177  5292.3365
176.9  5179.7132
176.8  5235.2893
176.7  5257.4368
176.6  5360.2639
176.5  5319.4457
176.4  5252.1179
176.3  5294.0655
176.2  5226.4532
176.1  5284.3561
176  5158.8264
175.9  5210.4948
175.8  5206.52
175.7  5053.7743
175.6  5143.556
175.5  5249.7039
175.4  5243.8723
175.3  5348.2464
175.2  5288.9678
175.1  5099.5546
175  5143.3629
174.9  5122.6732
174.8  5170.5204
174.7  5079.0338
174.6  5185.3583
174.5  5198.9768
174.4  5210.6809
174.3  5239.4788
174.2  5308.8918
174.1  5205.365
174  5355.4984
173.9  5336.2311
173.8  5339.6984
173.7  5118.104
173.6  5193.0981
173.5  5148.8571
173.4  5241.4707
173.3  5356.4405
173.2  5189.8636
173.1  5266.7944
173  5220.2876
172.9  5177.749
172.8  5268.9148
172.7  5104.7933
172.6  5048.5105
172.5  5240.0303
172.4  5216.0962
172.3  5199.6069
172.2  5331.5101
172.1  5277.982
172  5163.9637
171.9  5430.247
171.8  5117.6109
171.7  5162.44
171.6  5187.0162
171.5  5214.6443
171.4  5334.5158
171.3  5156.5361
171.2  5250.3514
171.1  5157.9754
171  5185.8907
170.9  5274.8081
170.8  5105.0048
170.7  5248.8313
170.6  5126.4112
170.5  5098.3727
170.4  5200.2345
170.3  5325.9711
170.2  5016.3112
170.1  5071.1444
170  5205.3289
169.9  5319.5519
169.8  5196.3737
169.7  5193.0708
169.6  5284.4559
169.5  5311.2197
169.4  5107.166
169.3  5032.5738
169.2  5195.7825
169.1  5129.9817
169  5064.1246
168.9  5160.1025
168.8  5228.8123
168.7  5271.2029
168.6  5270.3226
168.5  5201.7024
168.4  5275.7316
168.3  5078.1688
168.2  5078.7281
168.1  5022.5167
168  5250.6734
167.9  5269.2987
167.8  5168.1601
167.7  5037.2017
167.6  5070.5575
167.5  5055.5684
167.4  5206.3719
167.3  5134.8609
167.2  5165.1148
167.1  5180.0864
167  5102.1741
166.9  5212.6126
166.8  5162.2723
166.7  5125.0261
166.6  5054.1446
166.5  5151.5001
166.4  5042.2418
166.3  5232.5072
166.2  5367.9929
166.1  5147.6538
166  5253.7349
165.9  5241.0094
165.8  5062.3802
165.7  4974.3566
165.6  5164.6769
165.5  5370.8594
165.4  5095.9919
165.3  5223.326
165.2  5048.1727
165.1  5206.4601
165  5248.3965
164.9  5162.7513
164.8  5218.2809
164.7  5299.5184
164.6  5270.4222
164.5  5362.2972
164.4  5262.5147
164.3  5249.7814
164.2  5260.2893
164.1  5114.1641
164  5255.7246
163.9  5401.6676
163.8  5179.2593
163.7  5325.3563
163.6  5228.1157
163.5  5312.2775
163.4  5342.133
163.3  5208.2465
163.2  5303.9579
163.1  5522.2205
163  5576.8532
162.9  5435.5792
162.8  5293.7882
162.7  5323.2559
162.6  5331.4141
162.5  5379.9237
162.4  5409.5087
162.3  5540.5925
162.2  5568.3848
162.1  5733.6583
162  5566.2378
161.9  5574.8609
161.8  5693.5946
161.7  5674.6118
161.6  5685.0782
161.5  5696.2928
161.4  5663.9728
161.3  5801.7148
161.2  5748.4107
161.1  5939.4951
161  5867.1242
160.9  6105.8964
160.8  6137.9514
160.7  5994.5028
160.6  6052.9703
160.5  6041.1761
160.4  6286.0611
160.3  6418.6589
160.2  6249.8881
160.1  6384.3029
160  6448.2234
159.9  6578.0255
159.8  6508.3261
159.7  6515.7616
159.6  6776.37
159.5  6662.9398
159.4  6819.4624
159.3  6707.1148
159.2  6968.7697
159.1  6969.7699
159  7139.861
158.9  6997.0365
158.8  7033.9225
158.7  6991.1948
158.6  7167.2131
158.5  7000.078
158.4  6978.1791
158.3  6847.7446
158.2  7006.0389
158.1  7159.1415
158  7035.6025
157.9  7046.7459
157.8  7019.8729
157.7  6937.6823
157.6  6846.2459
157.5  6796.4716
157.4  6903.6156
157.3  7010.1382
157.2  6942.8963
157.1  6848.1275
157  6606.198
156.9  6699.1307
156.8  6582.8909
156.7  6492.3453
156.6  6443.3787
156.5  6412.7407
156.4  6396.1853
156.3  6259.4299
156.2  6469.2854
156.1  6406.7671
156  6278.6207
155.9  6185.7763
155.8  6060.8092
155.7  6034.7449
155.6  5985.9384
155.5  5960.0422
155.4  5997.6513
155.3  6000.3012
155.2  5777.848
155.1  5808.0192
155  5911.8069
154.9  5753.7325
154.8  5592.2525
154.7  5585.816
154.6  5663.6574
154.5  5753.8175
154.4  5585.149
154.3  5534.3155
154.2  5616.8489
154.1  5649.6388
154  5711.6656
153.9  5792.6718
153.8  5525.048
153.7  5529.3982
153.6  5457.902
153.5  5530.8823
153.4  5531.9641
153.3  5547.1964
153.2  5614.1377
153.1  5549.3991
153  5494.8441
152.9  5482.15
152.8  5505.3143
152.7  5523.782
152.6  5377.1054
152.5  5539.7099
152.4  5265.7156
152.3  5275.4688
152.2  5501.0817
152.1  5417.3241
152  5387.4783
151.9  5467.6668
151.8  5363.5826
151.7  5247.2286
151.6  5376.3929
151.5  5313.3866
151.4  5343.7246
151.3  5394.5546
151.2  5359.5385
151.1  5409.6912
151  5322.7524
150.9  5440.62
150.8  5525.3866
150.7  5349.1253
150.6  5421.0136
150.5  5239.6749
150.4  5418.2606
150.3  5420.0078
150.2  5314.5521
150.1  5456.3874
150  5490.615
149.9  5409.3254
149.8  5442.6211
149.7  5602.4528
149.6  5289.4471
149.5  5296.3065
149.4  5330.496
149.3  5385.6213
149.2  5466.29
149.1  5406.2159
149  5388.2679
148.9  5262.3758
148.8  5437.6392
148.7  5479.5856
148.6  5412.0174
148.5  5276.4561
148.4  5319.9766
148.3  5220.4891
148.2  5528.4567
148.1  5282.7443
148  5373.2872
147.9  5278.9824
147.8  5506.0146
147.7  5304.3431
147.6  5483.9092
147.5  5415.5767
147.4  5281.7528
147.3  5191.6827
147.2  5464.9798
147.1  5273.8886
147  5145.7285
146.9  5262.214
146.8  5226.3935
146.7  5467.2214
146.6  5208.7816
146.5  5350.0533
146.4  5312.0088
146.3  5256.5413
146.2  5379.4455
146.1  5389.7585
146  5359.4054
145.9  5476.8843
145.8  5521.9516
145.7  5456.1526
145.6  5560.5215
145.5  5376.2745
145.4  5347.765
145.3  5347.8035
145.2  5331.2111
145.1  5456.646
145  5440.6133
144.9  5484.5268
144.8  5453.4444
144.7  5422.0411
144.6  5560.8139
144.5  5479.1754
144.4  5560.3113
144.3  5479.7023
144.2  5546.2127
144.1  5553.5196
144  5516.8935
143.9  5579.9135
143.8  5615.2224
143.7  5479.7146
143.6  5614.5164
143.5  5599.0206
143.4  5674.7738
143.3  5547.0997
143.2  5728.6227
143.1  5795.2947
143  5808.9906
142.9  5733.21
142.8  5521.496
142.7  5628.5358
142.6  5643.4388
142.5  5595.9272
142.4  5574.0708
142.3  5708.3469
142.2  5554.7277
142.1  5590.5928
142  5721.2574
141.9  5484.1845
141.8  5621.3414
141.7  5609.6363
141.6  5551.4072
141.5  5473.6773
141.4  5361.9894
141.3  5359.1389
141.2  5449.8543
141.1  5525.573
141  5411.0608
140.9  5480.3436
140.8  5467.5796
140.7  5506.7774
140.6  5334.2017
140.5  5245.6078
140.4  5463.6817
140.3  5306.9123
140.2  5134.2589
140.1  5108.0618
140  5225.0483
139.9  5239.3252
139.8  5104.5618
139.7  5075.7604
139.6  5044.735
139.5  5152.4985
139.4  5005.1889
139.3  5002.9
139.2  4934.6539
139.1  5080.2605
139  4863.1632
138.9  4896.6822
138.8  4914.4959
138.7  5021.7691
138.6  5167.3799
138.5  4954.8967
138.4  4917.9081
138.3  5019.2622
138.2  4881.6218
138.1  4857.5582
138  4959.3529
137.9  4808.9193
137.8  4830.5696
137.7  4929.5905
137.6  4872.8395
137.5  4949.0281
137.4  4758.7303
137.3  4666.8639
137.2  4740.5403
137.1  4890.1394
137  4925.8558
136.9  4840.6501
136.8  4795.6913
136.7  4706.3156
136.6  4747.7627
136.5  4783.7118
136.4  4769.6223
136.3  4952.1468
136.2  4807.9586
136.1  4777.6116
136  4660.0125
135.9  4762.0149
135.8  4898.0663
135.7  4886.3317
135.6  4805.8842
135.5  4742.3798
135.4  4828.4615
135.3  4836.8607
135.2  4914.0518
135.1  4755.1561
135  4733.6696
134.9  4846.1475
134.8  4769.3872
134.7  4841.5165
134.6  4703.288
134.5  4598.7043
134.4  4680.1535
134.3  4774.3487
134.2  4909.7868
134.1  4649.7906
134  4726.2447
133.9  4834.8218
133.8  4826.4442
133.7  4813.9437
133.6  4921.4568
133.5  4822.33
133.4  4769.0767
133.3  4853.6418
133.2  4978.8684
133.1  4972.9942
133  5056.9179
132.9  4990.1568
132.8  4899.1348
132.7  4834.3192
132.6  5062.6818
132.5  5025.0236
132.4  4957.1958
132.3  4934.3757
132.2  4888.2135
132.1  4979.5609
132  4927.7227
131.9  4865.8669
131.8  4820.6458
131.7  5047.1623
131.6  4926.1314
131.5  5001.4966
131.4  5072.5412
131.3  5208.3062
131.2  5079.2096
131.1  4990.8502
131  4982.1755
130.9  5019.9028
130.8  5187.219
130.7  5013.7464
130.6  5044.1584
130.5  5315.9155
130.4  5289.6019
130.3  5337.9447
130.2  5463.5647
130.1  5091.7173
130  5295.7755
129.9  5348.6588
129.8  5415.8005
129.7  5604.5122
129.6  5754.0341
129.5  5531.1895
129.4  5809.9622
129.3  5981.8766
129.2  5906.8415
129.1  6173.906
129  5999.9176
128.9  6198.1707
128.8  6582.5049
128.7  6486.3283
128.6  6737.6415
128.5  6912.4534
128.4  6956.5483
128.3  7183.8165
128.2  7340.9805
128.1  7446.4666
128  7694.1845
127.9  7918.2713
127.8  8259.7654
127.7  8229.3835
127.6  8616.633
127.5  8654.9385
127.4  8758.6568
127.3  8979.9567
127.2  9080.6002
127.1  9410.0133
127  9625.903
126.9  9640.0885
126.8  9716.2333
126.7  9935.4204
126.6  10241.003
126.5  10047.455
126.4  9954.2521
126.3  10061.061
126.2  10053.352
126.1  10182.06
126  10081.871
125.9  10053.806
125.8  9969.4271
125.7  9974.2734
125.6  9533.7521
125.5  9373.5601
125.4  9455.4784
125.3  9050.3459
125.2  8782.5338
125.1  9093.7942
125  8734.1022
124.9  8529.6036
124.8  8225.8913
124.7  8040.6418
124.6  7906.8852
124.5  7661.218
124.4  7578.4768
124.3  7232.1427
124.2  7139.8556
124.1  6982.645
124  6789.4975
123.9  6668.0099
123.8  6492.0977
123.7  6373.962
123.6  6155.3249
123.5  5902.978
123.4  5820.7744
123.3  5562.5514
123.2  5456.827
123.1  5394.8385
123  5321.8318
122.9  5369.5537
122.8  5165.6363
122.7  4937.1415
122.6  4910.6075
122.5  5002.7546
122.4  4817.6568
122.3  4721.5368
122.2  4710.7388
122.1  4688.4019
122  4651.7945
121.9  4553.3532
121.8  4637.5479
121.7  4531.3082
121.6  4442.8252
121.5  4509.4975
121.4  4424.5442
121.3  4377.7123
121.2  4284.6114
121.1  4249.1886
121  4286.2108
120.9  4346.7088
120.8  4154.4896
120.7  4136.0008
120.6  4099.1995
120.5  4102.2731
120.4  4134.9323
120.3  4199.1774
120.2  4275.0629
120.1  4230.8919
120  4092.903
119.9  4161.806
119.8  4063.5243
119.7  4033.4894
119.6  4068.8426
119.5  3949.2269
119.4  4054.5387
119.3  4083.3146
119.2  3933.1609
119.1  3894.1621
119  3964.8664
118.9  4065.44
118.8  3935.4615
118.7  4075.9132
118.6  3943.9877
118.5  4118.4601
118.4  3960.8482
118.3  3995.3208
118.2  3920.2391
118.1  3893.9037
118  3991.6172
117.9  4017.4327
117.8  3925.8804
117.7  4085.9013
117.6  4054.979
117.5  4056.5442
117.4  4021.8597
117.3  3971.055
117.2  4031.8344
117.1  4084.9187
117  4076.5883
116.9  4061.5663
116.8  4028.3171
116.7  4189.145
116.6  4022.4275
116.5  4076.3816
116.4  4075.5634
116.3  4191.095
116.2  4134.5623
116.1  4156.2747
116  4207.7059
115.9  4228.3554
115.8  4244.9548
115.7  4267.2358
115.6  3967.3597
115.5  4167.0826
115.4  4218.6664
115.3  4094.4334
115.2  4208.002
115.1  4235.8702
115  4223.1223
114.9  4209.8967
114.8  4307.7424
114.7  4213.6489
114.6  4233.2028
114.5  4354.7419
114.4  4523.7493
114.3  4325.2471
114.2  4306.9183
114.1  4426.888
114  4592.8477
113.9  4511.047
113.8  4347.7397
113.7  4543.1145
113.6  4553.1653
113.5  4609.869
113.4  4483.1306
113.3  4593.5314
113.2  4626.8993
113.1  4541.7315
113  4762.9666
112.9  4650.6662
112.8  4552.9941
112.7  4566.6934
112.6  4695.9491
112.5  4576.2101
112.4  4588.4418
112.3  4635.715
112.2  4542.393
112.1  4678.2636
112  4710.3077
111.9  4730.3275
111.8  4487.5563
111.7  4604.1759
111.6  4564.0965
111.5  4518.4966
111.4  4561.4969
111.3  4464.5173
111.2  4778.859
111.1  4434.7522
111  4533.6762
110.9  4538.9786
110.8  4582.3605
110.7  4645.9148
110.6  4692.7593
110.5  4657.5136
110.4  4927.4341
110.3  4907.7077
110.2  4931.6628
110.1  5032.4715
110  4956.8867
109.9  5187.5901
109.8  5159.6151
109.7  5417.1625
109.6  5452.0801
109.5  5641.138
109.4  5968.5578
109.3  6292.4617
109.2  6442.7879
109.1  6568.2413
109  6806.8419
108.9  7015.6964
108.8  7166.3548
108.7  7483.8166
108.6  7815.6446
108.5  8131.085
108.4  8412.4963
108.3  8560.5216
108.2  8800.5745
108.1  9482.4223
108  9579.5795
107.9  10050.71
107.8  10027.38
107.7  10405.416
107.6  10666.994
107.5  10928.274
107.4  11318.286
107.3  11415.116
107.2  11509.692
107.1  11675.265
107  11786.449
106.9  11974.621
106.8  12153.209
106.7  12180.223
106.6  11881.771
106.5  11871.733
106.4  11666.694
106.3  11735.09
106.2  11182.502
106.1  11257.952
106  10933.866
105.9  11003.386
105.8  10635.723
105.7  10306.654
105.6  9973.1907
105.5  9692.1097
105.4  9428.1195
105.3  9189.5043
105.2  8967.8183
105.1  8524.2754
105  8242.8424
104.9  7796.6012
104.8  7682.1951
104.7  7341.5967
104.6  7183.3066
104.5  6873.8857
104.4  6345.0721
104.3  6233.2737
104.2  6034.5484
104.1  5738.7151
104  5516.2511
103.9  5533.7698
103.8  5269.5447
103.7  5178.3683
103.6  4927.7117
103.5  4724.8758
103.4  4587.9049
103.3  4323.3173
103.2  4378.254
103.1  4297.3941
103  3974.9254
102.9  3936.8358
102.8  3964.9483
102.7  3802.3348
102.6  3889.442
102.5  3774.4282
102.4  3691.5748
102.3  3630.3181
102.2  3459.4862
102.1  3464.8728
102  3315.1144
101.9  3338.5453
101.8  3333.9084
101.7  3236.6098
101.6  3156.1166
101.5  3154.942
101.4  3094.6847
101.3  3019.5537
101.2  3040.065
101.1  3079.5149
101  2928.9069
100.9  2928.878
100.8  2884.3008
100.7  2914.5982
100.6  2960.7357
100.5  2791.0939
100.4  2866.5773
100.3  2767.7528
100.2  2701.659
100.1  2831.3747
100  2788.9481
99.9  2856.9572
99.8  2704.7109
99.7  2628.2756
99.6  2835.2192
99.5  2783.1487
99.4  2646.6097
99.3  2747.9409
99.2  2733.9336
99.1  2636.3849
99  2595.2813
98.9  2619.5527
98.8  2616.4615
98.7  2569.4372
98.6  2566.6567
98.5  2639.1811
98.4  2579.0403
98.3  2543.6738
98.2  2627.5203
98.1  2534.7179
98  2527.5211
97.9  2553.9643
97.8  2588.8063
97.7  2564.9474
97.6  2535.0867
97.5  2510.48
97.4  2542.666
97.3  2556.1241
97.2  2536.098
97.1  2535.8735
97  2410.5273
96.9  2431.2825
96.8  2426.8848
96.7  2497.0578
96.6  2381.1862
96.5  2477.39
96.4  2392.8566
96.3  2479.3982
96.2  2481.1394
96.1  2527.8297
96  2449.369
95.9  2478.7049
95.8  2451.994
95.7  2462.4521
95.6  2426.533
95.5  2357.4533
95.4  2414.2177
95.3  2457.2087
95.2  2394.4545
95.1  2539.3172
95  2502.4528
94.9  2447.2928
94.8  2386.5299
94.7  2544.4951
94.6  2517.6528
94.5  2510.0513
94.4  2557.4655
94.3  2400.4048
94.2  2473.8363
94.1  2592.1154
94  2537.1876
93.9  2393.2595
93.8  2526.4814
93.7  2516.0662
93.6  2491.5845
93.5  2471.1618
93.4  2498.4641
93.3  2540.8543
93.2  2519.5503
93.1  2402.0518
93  2414.3121
92.9  2485.6778
92.8  2415.1408
92.7  2473.3995
92.6  2415.8445
92.5  2447.7195
92.4  2349.927
92.3  2466.3107
92.2  2460.0238
92.1  2386.6865
92  2409.7956
91.9  2373.7444
91.8  2393.6807
91.7  2450.8579
91.6  2388.5461
91.5  2427.4103
91.4  2344.7794
91.3  2363.4136
91.2  2389.5719
91.1  2517.135
91  2508.4293
90.9  2359.2623
90.8  2486.6831
90.7  2501.698
90.6  2368.2698
90.5  2442.0299
90.4  2541.3534
90.3  2451.8015
90.2  2381.5483
90.1  2402.4795
90  2394.4075
89.9  2488.2278
89.8  2406.3165
89.7  2530.2084
89.6  2621.9245
89.5  2486.969
89.4  2521.0738
89.3  2656.1501
89.2  2597.212
89.1  2517.4807
89  2616.555
88.9  2517.058
88.8  2377.0898
88.7  2441.893
88.6  2518.0836
88.5  2518.1321
88.4  2436.0103
88.3  2346.0697
88.2  2423.4989
88.1  2430.6701
88  2389.9065
87.9  2328.8914
87.8  2357.4868
87.7  2272.2675
87.6  2136.6534
87.5  2273.1445
87.4  2181.1191
87.3  2331.6791
87.2  2252.1677
87.1  2230.9329
87  2210.2236
86.9  2214.414
86.8  2264.2816
86.7  2130.8877
86.6  2194.858
86.5  2199.7041
86.4  2192.9329
86.3  2151.5686
86.2  2225.3303
86.1  2265.8381
86  2263.7893
85.9  2320.246
85.8  2369.8778
85.7  2281.5818
85.6  2399.8436
85.5  2235.7336
85.4  2354.8738
85.3  2418.1831
85.2  2470.4042
85.1  2403.1191
85  2421.4365
84.9  2591.179
84.8  2650.3824
84.7  2602.7695
84.6  2675.0546
84.5  2702.7664
84.4  2763.8591
84.3  2849.7947
84.2  2870.1502
84.1  2966.8862
84  3216.3999
83.9  3221.4852
83.8  3384.4513
83.7  3301.5627
83.6  3417.3991
83.5  3636.0395
83.4  3758.0822
83.3  3898.4777
83.2  3951.5732
83.1  4157.4205
83  4326.4184
82.9  4225.0366
82.8  4485.1036
82.7  4931.011
82.6  4965.6131
82.5  5103.9741
82.4  5114.9585
82.3  5243.649
82.2  5690.3738
82.1  5731.9716
82  5814.3034
81.9  5881.4778
81.8  6045.6854
81.7  5915.0755
81.6  6075.6706
81.5  6055.925
81.4  6092.5267
81.3  6065.5004
81.2  6029.1002
81.1  5921.2862
81  5999.7325
80.9  5851.2231
80.8  5700.1792
80.7  5591.2932
80.6  5384.1148
80.5  5325.5023
80.4  5214.8781
80.3  4982.4326
80.2  4888.1066
80.1  4753.657
80  4525.8802
79.9  4312.3935
79.8  4389.7894
79.7  4136.9206
79.6  3836.2766
79.5  3731.0566
79.4  3624.7465
79.3  3497.6552
79.2  3317.3701
79.1  3085.6543
79  2966.9687
78.9  2914.0632
78.8  2825.1462
78.7  2685.5073
78.6  2740.6283
78.5  2634.4296
78.4  2471.641
78.3  2433.0078
78.2  2262.5027
78.1  2396.7875
78  2245.3454
77.9  2177.0786
77.8  2185.0353
77.7  2122.7002
77.6  2086.7412
77.5  2141.0113
77.4  2085.1791
77.3  2012.4
77.2  1989.133
77.1  1953.9679
77  1898.1354
76.9  1857.8732
76.8  1822.835
76.7  1888.1223
76.6  2065.4501
76.5  1928.7947
76.4  1832.8149
76.3  1901.6983
76.2  1823.0718
76.1  1867.6267
76  1862.4245
75.9  1816.0436
75.8  1887.4926
75.7  1884.1022
75.6  1852.855
75.5  1784.0499
75.4  1783.1659
75.3  1691.0835
75.2  1833.0153
75.1  1833.1015
75  1891.4403
74.9  1810.7434
74.8  1850.6029
74.7  1828.8707
74.6  1823.9828
74.5  1836.1943
74.4  1863.7593
74.3  1773.8506
74.2  1881.9016
74.1  1838.5139
74  1898.0913
73.9  1842.5252
73.8  1870.0996
73.7  1883.0145
73.6  1815.995
73.5  1748.3137
73.4  1839.8569
73.3  1897.1533
73.2  1931.1385
73.1  2076.6072
73  2015.1892
72.9  1891.1048
72.8  1920.0553
72.7  2005.7829
72.6  2022.7087
72.5  1860.3517
72.4  1953.6485
72.3  2005.4347
72.2  1913.9092
72.1  2017.2536
72  2012.6835
71.9  2034.0287
71.8  1877.1289
71.7  2046.3265
71.6  2047.4588
71.5  1998.6152
71.4  2033.0798
71.3  2115.4911
71.2  2063.4619
71.1  1994.3641
71  2077.2289
70.9  2004.5902
70.8  2053.0697
70.7  2045.7506
70.6  2015.7419
70.5  2031.5232
70.4  2033.1047
70.3  2067.5167
70.2  2098.9916
70.1  2049.1499
70  1949.1772
69.9  1931.2576
69.8  1975.9918
69.7  1970.7854
69.6  1886.151
69.5  1950.8067
69.4  1921.3434
69.3  1965.5069
69.2  1920.564
69.1  1870.9898
69  1881.0554
68.9  1890.7617
68.8  1879.4974
68.7  1833.39
68.6  1895.4822
68.5  1967.6756
68.4  1793.4723
68.3  1854.193
68.2  1740.7094
68.1  1826.0101
68  1844.4577
67.9  1818.0266
67.8  1786.2058
67.7  1855.0937
67.6  1912.7627
67.5  1811.8893
67.4  1838.9442
67.3  1903.5175
67.2  1734.9933
67.1  1685.8347
67  1708.5939
66.9  1732.6417
66.8  1722.1982
66.7  1803.3973
66.6  1701.6656
66.5  1722.8697
66.4  1684.662
66.3  1770.0502
66.2  1811.7852
66.1  1712.5751
66  1753.2935
65.9  1790.9702
65.8  1827.1162
65.7  1765.8541
65.6  1806.2242
65.5  1758.6971
65.4  1690.0163
65.3  1773.5287
65.2  1702.4084
65.1  1744.748
65  1684.5249
64.9  1686.7233
64.8  1726.5917
64.7  1766.4266
64.6  1738.9244
64.5  1718.5035
64.4  1667.1964
64.3  1798.8841
64.2  1806.6074
64.1  1729.3923
64  1741.7859
63.9  1720.8137
63.8  1708.7808
63.7  1735.0347
63.6  1788.2258
63.5  1697.9387
63.4  1665.8288
63.3  1709.3143
63.2  1701.2276
63.1  1690.34
63  1715.3314
62.9  1773.3382
62.8  1759.9308
62.7  1752.4377
62.6  1728.8417
62.5  1655.5151
62.4  1658.8362
62.3  1735.9709
62.2  1769.7823
62.1  1675.2927
62  1713.6414
61.9  1743.0435
61.8  1783.1646
61.7  1625.652
61.6  1590.2572
61.5  1744.5199
61.4  1652.5923
61.3  1863.8955
61.2  1712.1317
61.1  1671.8556
61  1695.5449
60.9  1729.9835
60.8  1769.0131
60.7  1701.0485
60.6  1678.067
60.5  1694.8826
60.4  1723.1715
60.3  1712.1214
60.2  1585.6702
60.1  1783.487
60  1733.2459
59.9  1737.2764
59.8  1813.1403
59.7  1808.8801
59.6  1701.7103
59.5  1706.5887
59.4  1654.0032
59.3  1662.6245
59.2  1768.02
59.1  1732.5483
59  1692.8821
58.9  1719.6073
58.8  1853.6095
58.7  1736.3692
58.6  1700.2507
58.5  1765.5895
58.4  1697.0008
58.3  1689.0342
58.2  1746.8181
58.1  1745.9494
58  1726.5854
57.9  1754.4291
57.8  1764.0101
57.7  1771.1713
57.6  1772.1988
57.5  1794.9573
57.4  1838.6334
57.3  1835.2037
57.2  1808.7596
57.1  1828.068
57  1801.1704

# Operation:                    Peak Fit
# Range Start:                  90
# Range End:                    70.5317
# Parameter: "Transition" = 
# Parameter: "Label" = 
# Parameter: "Background Method" = Tougaard
# Parameter: "Peak Shape" = Voigt
# Parameter: "Asymmetric Peak" = false
# Parameter: "FWHM-Annotation" = S-B = <Signal-BG:@>\nFWHM = <FWHM:@>\nArea = <Area:@>
# Parameter: "Peak-Annotation" = <Label>\n<Transition>\nE = <Center:@>
#
# Result:
# Number of Results:            2
# Parameter: "Transition" = 
# Parameter: "Label" = 
# Parameter: "Center" = 81.406773687436953 eV +- 0.0093706166995264507
# Parameter: "Area" = 15522.773963590427 cps eV +- 95.871988527478564
# Parameter: "FWHM (Lorentzian)" = 0 eV +- 0
# Parameter: "FWHM (Gaussian)" = 3.5841391945370242 eV +- 0.021786060743880099
# Parameter: "Asymmetry" = 0 +- 0
# Parameter: "Tougaard B" = 12664.711972246474 eV^2 +- 317.02027386983622
# Parameter: "Tougaard C" = 1643 eV^2 +- 0
# Parameter: "FWHM" = 3.5841391945370242 eV
# Parameter: "Baseline Offset" = 1904.0382364495088 cps +- 7.4353860468361592
# Parameter: "Abbe factor" = 0.46162548873145165
# Parameter: "Reduced Chi Square" = 1.7338441029307885
# Parameter: "Q Probability" = 1.7504115259367111e-09
# Parameter: "Number of performed iterations" = 7
# Parameter: "Fit termination reason" = ConvergedInChi
# Parameter: "Signal" = 6016.7877282787067 cps
# Parameter: "Signal-BG" = 4068.6680228413629 cps
#
# Result Name:                  Background
# Number of Curves:             1
#
# Curve:                        0
# Values/Curve:                 110
#
90  2510.8286
89.822018  2498.8695
89.644037  2486.8784
89.466055  2474.8552
89.288073  2462.8
89.110092  2450.7131
88.93211  2438.5945
88.754128  2426.4445
88.576147  2414.2634
88.398165  2402.0514
88.220183  2389.8088
88.042202  2377.5359
87.86422  2365.2333
87.686239  2352.9011
87.508257  2340.5401
87.330275  2328.1506
87.152294  2315.7333
86.974312  2303.2888
86.79633  2290.818
86.618349  2278.3218
86.440367  2265.8014
86.262385  2253.2582
86.084404  2240.6941
85.906422  2228.1114
85.72844  2215.513
85.550459  2202.9028
85.372477  2190.2856
85.194495  2177.6677
85.016514  2165.0567
84.838532  2152.4626
84.66055  2139.8974
84.482569  2127.3759
84.304587  2114.9159
84.126606  2102.5385
83.948624  2090.2683
83.770642  2078.1336
83.592661  2066.1664
83.414679  2054.4021
83.236697  2042.8794
83.058716  2031.6392
82.880734  2020.7245
82.702752  2010.1789
82.524771  2000.0456
82.346789  1990.3663
82.168807  1981.1799
81.990826  1972.5207
81.812844  1964.4177
81.634862  1956.8933
81.456881  1949.9626
81.278899  1943.6326
81.100917  1937.9018
80.922936  1932.7609
80.744954  1928.1925
80.566972  1924.1722
80.388991  1920.6696
80.211009  1917.6491
80.033028  1915.0716
79.855046  1912.8956
79.677064  1911.0785
79.499083  1909.5777
79.321101  1908.3522
79.143119  1907.3628
78.965138  1906.5732
78.787156  1905.9504
78.609174  1905.4649
78.431193  1905.091
78.253211  1904.8064
78.075229  1904.5924
77.897248  1904.4335
77.719266  1904.3169
77.541284  1904.2325
77.363303  1904.172
77.185321  1904.1293
77.007339  1904.0995
76.829358  1904.0789
76.651376  1904.065
76.473394  1904.0556
76.295413  1904.0493
76.117431  1904.0453
75.93945  1904.0426
75.761468  1904.041
75.583486  1904.0399
75.405505  1904.0392
75.227523  1904.0388
75.049541  1904.0386
74.87156  1904.0384
74.693578  1904.0384
74.515596  1904.0383
74.337615  1904.0383
74.159633  1904.0383
73.981651  1904.0382
73.80367  1904.0382
73.625688  1904.0382
73.447706  1904.0382
73.269725  1904.0382
73.091743  1904.0382
72.913761  1904.0382
72.73578  1904.0382
72.557798  1904.0382
72.379817  1904.0382
72.201835  1904.0382
72.023853  1904.0382
71.845872  1904.0382
71.66789  1904.0382
71.489908  1904.0382
71.311927  1904.0382
71.133945  1904.0382
70.955963  1904.0382
70.777982  1904.0382
70.6  1904.0382

# Result Name:                  Peak Fit
# Number of Curves:             1
#
# Curve:                        0
# Values/Curve:                 110
#
90  2510.8291
89.822018  2498.8705
89.644037  2486.8801
89.466055  2474.8585
89.288073  2462.8061
89.110092  2450.7242
88.93211  2438.6145
88.754128  2426.4799
88.576147  2414.3253
88.398165  2402.158
88.220183  2389.9899
88.042202  2377.8396
87.86422  2365.7354
87.686239  2353.7203
87.508257  2341.858
87.330275  2330.2423
87.152294  2319.008
86.974312  2308.346
86.79633  2298.5219
86.618349  2289.8981
86.440367  2282.9604
86.262385  2278.3467
86.084404  2276.8782
85.906422  2279.5895
85.72844  2287.7549
85.550459  2302.9067
85.372477  2326.8402
85.194495  2361.5995
85.016514  2409.4387
84.838532  2472.7522
84.66055  2553.9714
84.482569  2655.4252
84.304587  2779.1672
84.126606  2926.7749
83.948624  3099.1323
83.770642  3296.2112
83.592661  3516.8701
83.414679  3758.6939
83.236697  4017.8953
83.058716  4289.3001
82.880734  4566.4307
82.702752  4841.6966
82.524771  5106.6914
82.346789  5352.5826
82.168807  5570.5728
81.990826  5752.3989
81.812844  5890.8314
81.634862  5980.1317
81.456881  6016.4265
81.278899  5997.9665
81.100917  5925.2445
80.922936  5800.9621
80.744954  5629.8481
80.566972  5418.3452
80.388991  5174.1954
80.211009  4905.9584
80.033028  4622.5082
79.855046  4332.5453
79.677064  4044.1633
79.499083  3764.4979
79.321101  3499.4752
79.143119  3253.6687
78.965138  3030.2598
78.787156  2831.0917
78.609174  2656.7978
78.431193  2506.9825
78.253211  2380.4322
78.075229  2275.3364
77.897248  2189.4987
77.719266  2120.527
77.541284  2065.9916
77.363303  2023.5497
77.185321  1991.0332
77.007339  1966.5041
76.829358  1948.2823
76.651376  1934.9505
76.473394  1925.3427
76.295413  1918.5217
76.117431  1913.7509
75.93945  1910.4632
75.761468  1908.2306
75.583486  1906.7367
75.405505  1905.7515
75.227523  1905.1113
75.049541  1904.7011
74.87156  1904.4422
74.693578  1904.2811
74.515596  1904.1822
74.337615  1904.1225
74.159633  1904.0868
73.981651  1904.0659
73.80367  1904.0538
73.625688  1904.0468
73.447706  1904.0429
73.269725  1904.0408
73.091743  1904.0396
72.913761  1904.0389
72.73578  1904.0386
72.557798  1904.0384
72.379817  1904.0383
72.201835  1904.0383
72.023853  1904.0383
71.845872  1904.0382
71.66789  1904.0382
71.489908  1904.0382
71.311927  1904.0382
71.133945  1904.0382
70.955963  1904.0382
70.777982  1904.0382
70.6  1904.0382

# Region:                       Al 2p Hi Res
# Spectrum ID:                  5
# Acquisition Date:             07/08/26 15:51:49 UTC
# Analysis Method:              XPS
# Analyzer:                     PHOIBOS MCD5 Analyzer
# Analyzer Lens:                LargeArea:1.5kV
# Analyzer Slit:                5:7x20\B:open
# Scan Mode:                    FixedAnalyzerTransmission
# Curves/Scan:                  1
# Values/Curve:                 331
# Dwell Time:                   0.1
# Excitation Energy:            1486.61
# Binding Energy:               90
# Pass Energy:                  10
# Bias Voltage:                 90
# Detector Voltage:             3000
# Eff. Workfunction:            4.543
# Source:                       X-Ray Dummy
# Comment:                      
#
# Cycle: 0
# Number of Scans: 25
#
# Cycle: 0, Curve: 0
# Acquisition Date:             07/08/26 15:51:49 UTC
#
# ColumnLabels:                 energy counts/s
#
90  148.05918
89.9  136.07256
89.8  143.01296
89.7  163.56653
89.6  163.19952
89.5  143.49508
89.4  151.4878
89.3  140.80423
89.2  141.9883
89.1  149.52037
89  135.40859
88.9  140.73918
88.8  133.34179
88.7  143.03644
88.6  141.68359
88.5  145.83835
88.4  152.34156
88.3  140.1676
88.2  139.40291
88.1  129.8589
88  126.61195
87.9  129.98951
87.8  125.9795
87.7  129.71576
87.6  127.83713
87.5  134.39294
87.4  132.21158
87.3  130.86156
87.2  128.76755
87.1  127.46208
87  136.01242
86.9  125.00031
86.8  130.58388
86.7  127.59441
86.6  123.57231
86.5  127.74946
86.4  135.65961
86.3  127.99485
86.2  139.36927
86.1  132.76995
86  123.29112
85.9  122.80252
85.8  133.13525
85.7  136.75678
85.6  141.27838
85.5  140.54412
85.4  148.03561
85.3  136.87658
85.2  129.30278
85.1  139.60483
85  142.89226
84.9  121.23345
84.8  138.43312
84.7  132.22
84.6  145.22528
84.5  143.1211
84.4  135.96676
84.3  149.65681
84.2  152.05181
84.1  157.25805
84  146.87003
83.9  151.02633
83.8  142.94412
83.7  154.83647
83.6  167.75047
83.5  168.75632
83.4  180.01227
83.3  196.99416
83.2  199.73436
83.1  224.02625
83  230.15518
82.9  235.17144
82.8  240.03413
82.7  241.32282
82.6  261.48806
82.5  291.54122
82.4  297.99189
82.3  308.56162
82.2  316.74707
82.1  312.24765
82  316.98351
81.9  351.59467
81.8  344.09933
81.7  338.14025
81.6  351.66784
81.5  365.22347
81.4  366.27618
81.3  342.40117
81.2  348.45492
81.1  336.02685
81  336.26373
80.9  332.60993
80.8  318.23054
80.7  331.27143
80.6  314.46579
80.5  295.18921
80.4  275.08584
80.3  252.62944
80.2  259.95333
80.1  236.90485
80  231.44519
79.9  210.9812
79.8  202.98558
79.7  191.29149
79.6  190.33334
79.5  186.07739
79.4  184.73547
79.3  159.43161
79.2  184.16197
79.1  164.80334
79  165.10606
78.9  151.80168
78.8  153.70193
78.7  160.20335
78.6  137.17524
78.5  134.23422
78.4  137.92959
78.3  148.18181
78.2  142.33013
78.1  142.95343
78  128.60629
77.9  140.58545
77.8  132.40256
77.7  138.08816
77.6  138.62054
77.5  128.4768
77.4  141.19011
77.3  130.62625
77.2  126.1501
77.1  120.44517
77  123.53639
76.9  134.66838
76.8  124.70896
76.7  125.86256
76.6  131.9049
76.5  122.95497
76.4  110.26328
76.3  130.64185
76.2  131.50241
76.1  121.08579
76  131.68884
75.9  125.55643
75.8  130.10606
75.7  131.87441
75.6  121.61563
75.5  134.14137
75.4  128.01594
75.3  127.18528
75.2  118.64929
75.1  132.15392
75  132.48139
74.9  121.58912
74.8  124.93635
74.7  118.64933
74.6  117.08593
74.5  122.54374
74.4  127.83521
74.3  124.51099
74.2  124.62321
74.1  112.89064
74  116.36481
73.9  118.49994
73.8  123.77461
73.7  127.67809
73.6  131.61422
73.5  124.58414
73.4  131.20953
73.3  121.08475
73.2  130.56341
73.1  134.28193
73  135.23485
72.9  122.81026
72.8  151.49286
72.7  137.04971
72.6  137.29699
72.5  146.47609
72.4  126.35794
72.3  118.31229
72.2  129.75134
72.1  137.53901
72  146.71467
71.9  133.93022
71.8  145.79966
71.7  143.22859
71.6  146.81971
71.5  138.85957
71.4  145.28309
71.3  149.28435
71.2  134.54223
71.1  136.34065
71  133.00614
70.9  140.55181
70.8  137.52943
70.7  130.06521
70.6  146.58408
70.5  136.65485
70.4  127.53458
70.3  140.85665
70.2  124.50145
70.1  127.64184
70  118.68348
69.9  122.52455
69.8  133.48808
69.7  137.93971
69.6  131.15647
69.5  134.0165
69.4  123.26831
69.3  136.53834
69.2  127.84705
69.1  128.29096
69  136.85858
68.9  130.21158
68.8  130.38105
68.7  137.36946
68.6  136.63301
68.5  134.47281
68.4  136.08405
68.3  128.51615
68.2  118.58799
68.1  120.14929
68  127.72946
67.9  123.22581
67.8  129.06704
67.7  124.19313
67.6  121.0746
67.5  133.27738
67.4  131.13282
67.3  138.83136
67.2  130.33774
67.1  131.15457
67  118.30523
66.9  136.24835
66.8  132.35348
66.7  136.62912
66.6  124.87332
66.5  132.49444
66.4  112.05355
66.3  116.1221
66.2  123.386
66.1  117.30385
66  113.82685
65.9  106.89229
65.8  131.16811
65.7  121.51294
65.6  124.38665
65.5  125.9896
65.4  119.02367
65.3  118.72614
65.2  123.83332
65.1  123.64415
65  119.97072
64.9  123.17451
64.8  136.12508
64.7  131.90658
64.6  126.2443
64.5  118.58119
64.4  129.0487
64.3  131.95721
64.2  136.58272
64.1  124.9392
64  115.9902
63.9  120.56433
63.8  125.88222
63.7  132.35662
63.6  125.61377
63.5  123.13723
63.4  116.41542
63.3  126.0692
63.2  124.22045
63.1  115.79641
63  114.38019
62.9  126.23372
62.8  119.15041
62.7  121.1843
62.6  121.66913
62.5  130.91904
62.4  135.81918
62.3  108.53655
62.2  131.51782
62.1  118.61916
62  126.63664
61.9  132.55444
61.8  128.44609
61.7  128.69848
61.6  136.05264
61.5  130.10077
61.4  121.13889
61.3  117.92404
61.2  130.73461
61.1  131.69146
61  125.58021
60.9  127.67307
60.8  121.4814
60.7  129.01132
60.6  119.92301
60.5  114.01488
60.4  105.4958
60.3  117.90743
60.2  118.54671
60.1  121.84095
60  113.8751
59.9  126.09981
59.8  131.06573
59.7  130.99932
59.6  121.776
59.5  121.34956
59.4  130.38481
59.3  124.11022
59.2  133.7364
59.1  133.8219
59  126.95907
58.9  122.98583
58.8  127.99055
58.7  139.73025
58.6  121.7247
58.5  130.6612
58.4  119.87726
58.3  125.99797
58.2  128.32588
58.1  121.11928
58  136.01593
57.9  127.328
57.8  126.81467
57.7  130.56447
57.6  120.53685
57.5  120.93097
57.4  115.02667
57.3  129.96278
57.2  127.77974
57.1  136.17353
57  131.26302

# Operation:                    Peak Fit
# Parameter: "Transition" = 
# Parameter: "Label" = 
# Parameter: "Background Method" = Tougaard
# Parameter: "Peak Shape" = Voigt
# Parameter: "Asymmetric Peak" = false
# Parameter: "FWHM-Annotation" = S-B = <Signal-BG:@>\nFWHM = <FWHM:@>\nArea = <Area:@>
# Parameter: "Peak-Annotation" = <Label>\n<Transition>\nE = <Center:@>
#
# Result:
# Number of Results:            2
# Parameter: "Transition" = 
# Parameter: "Label" = 
# Parameter: "Center" = 81.434056499798317 eV +- 0.015964969463982168
# Parameter: "Area" = 689.80174200360295 cps eV +- 15.772410636338339
# Parameter: "FWHM (Lorentzian)" = 0.3195539645950965 eV +- 0.14302452389116344
# Parameter: "FWHM (Gaussian)" = 2.532517258693852 eV +- 0.10716856734113296
# Parameter: "Asymmetry" = 0 +- 0
# Parameter: "Tougaard B" = 5652.0619807344065 eV^2 +- 793.76173380387741
# Parameter: "Tougaard C" = 1643 eV^2 +- 0
# Parameter: "FWHM" = 2.7077138111670984 eV
# Parameter: "Baseline Offset" = 126.69933673262645 cps +- 0.56050984992292152
# Parameter: "Abbe factor" = 0.61529439665781382
# Parameter: "Reduced Chi Square" = 1.2376788727984009
# Parameter: "Q Probability" = 0.0022573204974133494
# Parameter: "Number of performed iterations" = 8
# Parameter: "Fit termination reason" = ConvergedInChi
# Parameter: "Signal" = 355.66333142497433 cps
# Parameter: "Signal-BG" = 228.16546939797595 cps
#
# Result Name:                  Background
# Number of Curves:             1
#
# Curve:                        0
# Values/Curve:                 245
#
90  138.24065
89.864754  138.07997
89.729508  137.91842
89.594262  137.75601
89.459016  137.59274
89.32377  137.42864
89.188525  137.2637
89.053279  137.09794
88.918033  136.93136
88.782787  136.76398
88.647541  136.59581
88.512295  136.42685
88.377049  136.25712
88.241803  136.08663
88.106557  135.9154
87.971311  135.74343
87.836066  135.57073
87.70082  135.39732
87.565574  135.22322
87.430328  135.04843
87.295082  134.87297
87.159836  134.69686
87.02459  134.5201
86.889344  134.34272
86.754098  134.16473
86.618852  133.98615
86.483607  133.80699
86.348361  133.62727
86.213115  133.44701
86.077869  133.26623
85.942623  133.08494
85.807377  132.90318
85.672131  132.72095
85.536885  132.53829
85.401639  132.35523
85.266393  132.17178
85.131148  131.98799
84.995902  131.80389
84.860656  131.61953
84.72541  131.43495
84.590164  131.25023
84.454918  131.06543
84.319672  130.88066
84.184426  130.69602
84.04918  130.51165
83.913934  130.32772
83.778689  130.14443
83.643443  129.96203
83.508197  129.78082
83.372951  129.60112
83.237705  129.42332
83.102459  129.24788
82.967213  129.07528
82.831967  128.90608
82.696721  128.74084
82.561475  128.5802
82.42623  128.42477
82.290984  128.27518
82.155738  128.13205
82.020492  127.99594
81.885246  127.86738
81.75  127.74679
81.614754  127.63451
81.479508  127.53078
81.344262  127.43571
81.209016  127.34927
81.07377  127.27135
80.938525  127.2017
80.803279  127.13995
80.668033  127.08566
80.532787  127.03832
80.397541  126.99736
80.262295  126.96217
80.127049  126.93215
79.991803  126.90669
79.856557  126.88519
79.721311  126.86711
79.586066  126.85194
79.45082  126.8392
79.315574  126.82851
79.180328  126.81949
79.045082  126.81184
78.909836  126.80531
78.77459  126.79968
78.639344  126.79478
78.504098  126.79047
78.368852  126.78663
78.233607  126.78317
78.098361  126.78002
77.963115  126.77714
77.827869  126.77447
77.692623  126.77198
77.557377  126.76964
77.422131  126.76744
77.286885  126.76535
77.151639  126.76337
77.016393  126.76149
76.881148  126.75969
76.745902  126.75797
76.610656  126.75631
76.47541  126.75473
76.340164  126.7532
76.204918  126.75174
76.069672  126.75032
75.934426  126.74896
75.79918  126.74764
75.663934  126.74637
75.528689  126.74514
75.393443  126.74395
75.258197  126.7428
75.122951  126.74168
74.987705  126.7406
74.852459  126.73955
74.717213  126.73853
74.581967  126.73754
74.446721  126.73658
74.311475  126.73565
74.17623  126.73474
74.040984  126.73385
73.905738  126.73299
73.770492  126.73216
73.635246  126.73134
73.5  126.73055
73.364754  126.72977
73.229508  126.72902
73.094262  126.72828
72.959016  126.72756
72.82377  126.72686
72.688525  126.72618
72.553279  126.72551
72.418033  126.72486
72.282787  126.72422
72.147541  126.7236
72.012295  126.723
71.877049  126.7224
71.741803  126.72182
71.606557  126.72126
71.471311  126.7207
71.336066  126.72016
71.20082  126.71963
71.065574  126.71911
70.930328  126.71861
70.795082  126.71811
70.659836  126.71763
70.52459  126.71715
70.389344  126.71669
70.254098  126.71624
70.118852  126.71579
69.983607  126.71536
69.848361  126.71493
69.713115  126.71452
69.577869  126.71411
69.442623  126.71371
69.307377  126.71332
69.172131  126.71294
69.036885  126.71256
68.901639  126.71219
68.766393  126.71184
68.631148  126.71148
68.495902  126.71114
68.360656  126.7108
68.22541  126.71047
68.090164  126.71015
67.954918  126.70984
67.819672  126.70953
67.684426  126.70922
67.54918  126.70893
67.413934  126.70864
67.278689  126.70835
67.143443  126.70807
67.008197  126.7078
66.872951  126.70754
66.737705  126.70728
66.602459  126.70702
66.467213  126.70677
66.331967  126.70653
66.196721  126.70629
66.061475  126.70606
65.92623  126.70583
65.790984  126.70561
65.655738  126.70539
65.520492  126.70518
65.385246  126.70497
65.25  126.70476
65.114754  126.70457
64.979508  126.70437
64.844262  126.70418
64.709016  126.704
64.57377  126.70382
64.438525  126.70364
64.303279  126.70347
64.168033  126.7033
64.032787  126.70314
63.897541  126.70298
63.762295  126.70283
63.627049  126.70267
63.491803  126.70253
63.356557  126.70239
63.221311  126.70225
63.086066  126.70211
62.95082  126.70198
62.815574  126.70185
62.680328  126.70173
62.545082  126.70161
62.409836  126.70149
62.27459  126.70138
62.139344  126.70127
62.004098  126.70116
61.868852  126.70106
61.733607  126.70096
61.598361  126.70086
61.463115  126.70077
61.327869  126.70068
61.192623  126.70059
61.057377  126.70051
60.922131  126.70043
60.786885  126.70035
60.651639  126.70028
60.516393  126.70021
60.381148  126.70014
60.245902  126.70008
60.110656  126.70002
59.97541  126.69996
59.840164  126.6999
59.704918  126.69985
59.569672  126.6998
59.434426  126.69975
59.29918  126.6997
59.163934  126.69966
59.028689  126.69962
58.893443  126.69959
58.758197  126.69955
58.622951  126.69952
58.487705  126.69949
58.352459  126.69947
58.217213  126.69944
58.081967  126.69942
57.946721  126.6994
57.811475  126.69939
57.67623  126.69937
57.540984  126.69936
57.405738  126.69935
57.270492  126.69934
57.135246  126.69934
57  126.69934

# Result Name:                  Peak Fit
# Number of Curves:             1
#
# Curve:                        0
# Values/Curve:                 245
#
90  138.7432
89.864754  138.59966
89.729508  138.45617
89.594262  138.31279
89.459016  138.16962
89.32377  138.02674
89.188525  137.88425
89.053279  137.74226
88.918033  137.60089
88.782787  137.46027
88.647541  137.32054
88.512295  137.18186
88.377049  137.04443
88.241803  136.90843
88.106557  136.77409
87.971311  136.64166
87.836066  136.51144
87.70082  136.38375
87.565574  136.25896
87.430328  136.13752
87.295082  136.01992
87.159836  135.90677
87.02459  135.79879
86.889344  135.69683
86.754098  135.60197
86.618852  135.51554
86.483607  135.43925
86.348361  135.37531
86.213115  135.32659
86.077869  135.29697
85.942623  135.29158
85.807377  135.3174
85.672131  135.38379
85.536885  135.50338
85.401639  135.69307
85.266393  135.97528
85.131148  136.37942
84.995902  136.94356
84.860656  137.71621
84.72541  138.75801
84.590164  140.14328
84.454918  141.96106
84.319672  144.31523
84.184426  147.32361
84.04918  151.11527
83.913934  155.82603
83.778689  161.59173
83.643443  168.53914
83.508197  176.77485
83.372951  186.37239
83.237705  197.35859
83.102459  209.70007
82.967213  223.29144
82.831967  237.94668
82.696721  253.39513
82.561475  269.28363
82.42623  285.18535
82.290984  300.61592
82.155738  315.05611
82.020492  327.97995
81.885246  338.88613
81.75  347.33029
81.614754  352.95504
81.479508  355.51515
81.344262  354.89519
81.209016  351.11799
81.07377  344.34297
80.938525  334.8545
80.803279  323.04157
80.668033  309.37072
80.532787  294.35492
80.397541  278.52131
80.262295  262.38056
80.127049  246.4004
79.991803  230.98494
79.856557  216.46096
79.721311  203.07128
79.586066  190.97483
79.45082  180.25224
79.315574  170.91577
79.180328  162.92179
79.045082  156.18443
78.909836  150.58918
78.77459  146.00516
78.639344  142.29569
78.504098  139.32654
78.368852  136.97194
78.233607  135.11846
78.098361  133.66705
77.963115  132.53359
77.827869  131.64841
77.692623  130.95503
77.557377  130.40859
77.422131  129.97405
77.286885  129.6245
77.151639  129.33948
77.016393  129.10364
76.881148  128.90555
76.745902  128.7367
76.610656  128.59082
76.47541  128.46322
76.340164  128.35044
76.204918  128.24982
76.069672  128.15938
75.934426  128.07754
75.79918  128.00309
75.663934  127.93504
75.528689  127.87259
75.393443  127.81508
75.258197  127.76195
75.122951  127.71274
74.987705  127.66705
74.852459  127.62451
74.717213  127.58485
74.581967  127.54777
74.446721  127.51307
74.311475  127.48052
74.17623  127.44995
74.040984  127.42119
73.905738  127.39409
73.770492  127.36854
73.635246  127.34439
73.5  127.32156
73.364754  127.29994
73.229508  127.27945
73.094262  127.26001
72.959016  127.24154
72.82377  127.22397
72.688525  127.20726
72.553279  127.19134
72.418033  127.17616
72.282787  127.16168
72.147541  127.14785
72.012295  127.13463
71.877049  127.12199
71.741803  127.10989
71.606557  127.0983
71.471311  127.08719
71.336066  127.07654
71.20082  127.06632
71.065574  127.05651
70.930328  127.04707
70.795082  127.03801
70.659836  127.02929
70.52459  127.0209
70.389344  127.01281
70.254098  127.00503
70.118852  126.99753
69.983607  126.99029
69.848361  126.98331
69.713115  126.97657
69.577869  126.97006
69.442623  126.96378
69.307377  126.9577
69.172131  126.95183
69.036885  126.94615
68.901639  126.94065
68.766393  126.93533
68.631148  126.93018
68.495902  126.92519
68.360656  126.92035
68.22541  126.91566
68.090164  126.91112
67.954918  126.90671
67.819672  126.90243
67.684426  126.89828
67.54918  126.89425
67.413934  126.89034
67.278689  126.88654
67.143443  126.88284
67.008197  126.87925
66.872951  126.87576
66.737705  126.87237
66.602459  126.86907
66.467213  126.86586
66.331967  126.86273
66.196721  126.85969
66.061475  126.85673
65.92623  126.85385
65.790984  126.85104
65.655738  126.8483
65.520492  126.84564
65.385246  126.84304
65.25  126.84051
65.114754  126.83804
64.979508  126.83563
64.844262  126.83328
64.709016  126.83099
64.57377  126.82876
64.438525  126.82658
64.303279  126.82445
64.168033  126.82237
64.032787  126.82034
63.897541  126.81836
63.762295  126.81643
63.627049  126.81454
63.491803  126.81269
63.356557  126.81089
63.221311  126.80913
63.086066  126.80741
62.95082  126.80572
62.815574  126.80408
62.680328  126.80247
62.545082  126.8009
62.409836  126.79936
62.27459  126.79786
62.139344  126.79639
62.004098  126.79495
61.868852  126.79354
61.733607  126.79217
61.598361  126.79082
61.463115  126.7895
61.327869  126.78821
61.192623  126.78695
61.057377  126.78571
60.922131  126.78451
60.786885  126.78332
60.651639  126.78216
60.516393  126.78103
60.381148  126.77992
60.245902  126.77883
60.110656  126.77776
59.97541  126.77672
59.840164  126.7757
59.704918  126.7747
59.569672  126.77372
59.434426  126.77276
59.29918  126.77182
59.163934  126.7709
59.028689  126.76999
58.893443  126.76911
58.758197  126.76824
58.622951  126.76739
58.487705  126.76656
58.352459  126.76575
58.217213  126.76495
58.081967  126.76416
57.946721  126.7634
57.811475  126.76265
57.67623  126.76191
57.540984  126.76119
57.405738  126.76048
57.270492  126.75979
57.135246  126.75911
57  126.75844

# Region:                       Au 4d
# Spectrum ID:                  6
# Acquisition Date:             07/08/26 15:56:29 UTC
# Analysis Method:              XPS
# Analyzer:                     PHOIBOS MCD5 Analyzer
# Analyzer Lens:                LargeArea:1.5kV
# Analyzer Slit:                5:7x20\B:open
# Scan Mode:                    FixedAnalyzerTransmission
# Curves/Scan:                  1
# Values/Curve:                 1151
# Dwell Time:                   0.1
# Excitation Energy:            1486.61
# Binding Energy:               410
# Pass Energy:                  50
# Bias Voltage:                 90
# Detector Voltage:             3000
# Eff. Workfunction:            4.543
# Source:                       X-Ray Dummy
# Comment:                      
#
# Cycle: 0
# Number of Scans: 2
#
# Cycle: 0, Curve: 0
# Acquisition Date:             07/08/26 15:56:29 UTC
#
# ColumnLabels:                 energy counts/s
#
410  5738.8778
409.9  5774.7274
409.8  5772.3892
409.7  5935.1141
409.6  5855.9194
409.5  5565.7857
409.4  5481.4575
409.3  5760.9497
409.2  5836.8101
409.1  5685.3514
409  5862.9241
408.9  5935.8604
408.8  5915.4286
408.7  5558.0399
408.6  5817.3596
408.5  6005.2226
408.4  5714.6392
408.3  5838.2897
408.2  5951.8008
408.1  5793.2516
408  5542.0634
407.9  5933.6908
407.8  5534.0843
407.7  5964.068
407.6  5681.9833
407.5  5519.5777
407.4  5618.9011
407.3  5747.3432
407.2  5789.1817
407.1  5835.2277
407  5792.9697
406.9  5795.9759
406.8  5763.1885
406.7  5384.6151
406.6  5832.554
406.5  5789.107
406.4  5872.3827
406.3  5746.3885
406.2  5674.7889
406.1  5716.6965
406  5711.8368
405.9  5710.8977
405.8  5863.9291
405.7  5735.9981
405.6  5655.4668
405.5  5803.9011
405.4  5745.921
405.3  5631.1787
405.2  5796.8396
405.1  5688.6451
405  5840.726
404.9  5758.8371
404.8  5542.5868
404.7  5733.0476
404.6  5692.7328
404.5  5714.0214
404.4  5791.0942
404.3  5862.8886
404.2  5890.1676
404.1  5973.8433
404  5708.7682
403.9  5754.784
403.8  5858.0688
403.7  5530.1432
403.6  5518.6363
403.5  5943.3835
403.4  6040.5307
403.3  5714.3542
403.2  5937.1738
403.1  5758.9589
403  5747.0075
402.9  5958.8819
402.8  5967.7175
402.7  5648.682
402.6  5886.5431
402.5  5548.0878
402.4  5796.9118
402.3  5858.0472
402.2  5726.3962
402.1  5911.3146
402  5834.2642
401.9  6063.3885
401.8  5689.8463
401.7  5900.3468
401.6  5908.9744
401.5  5947.3305
401.4  6029.1905
401.3  5786.8636
401.2  5659.0178
401.1  5668.3398
401  5651.0801
400.9  5803.2453
400.8  5955.8316
400.7  5883.3612
400.6  5995.9515
400.5  5758.9212
400.4  5811.6716
400.3  5775.7189
400.2  5718.7459
400.1  5673.3502
400  5536.4747
399.9  5537.2147
399.8  5796.7293
399.7  5641.5923
399.6  5671.392
399.5  6042.29
399.4  5827.8955
399.3  5872.2042
399.2  5621.9365
399.1  5764.3318
399  5676.9851
398.9  5753.6937
398.8  5700.314
398.7  5812.7038
398.6  5958.3458
398.5  5773.3356
398.4  5827.9716
398.3  5914.5272
398.2  5537.0215
398.1  5750.438
398  5788.1446
397.9  5779.4092
397.8  5999.3226
397.7  5921.99
397.6  5863.7842
397.5  5883.4304
397.4  5826.3247
397.3  5814.84
397.2  5961.0285
397.1  5815.1631
397  5785.9783
396.9  5471.6152
396.8  5847.3938
396.7  5697.4583
396.6  5524.9853
396.5  5885.0423
396.4  5455.763
396.3  5918.4469
396.2  5645.599
396.1  5677.2384
396  5687.833
395.9  5689.5158
395.8  5486.2758
395.7  5838.0172
395.6  5966.5284
395.5  5758.0736
395.4  5621.0214
395.3  5933.2136
395.2  5786.8594
395.1  5972.1577
395  5760.7133
394.9  5510.6779
394.8  5623.9789
394.7  5753.0441
394.6  5809.3739
394.5  5869.9132
394.4  5811.6547
394.3  5905.6114
394.2  5809.4203
394.1  5797.1174
394  5689.8763
393.9  5615.7244
393.8  5607.3933
393.7  5634.9739
393.6  5513.1362
393.5  5684.9114
393.4  5684.4798
393.3  5892.6927
393.2  5711.7411
393.1  5855.8792
393  5901.4327
392.9  5909.1872
392.8  5920.1973
392.7  5685.7889
392.6  6014.5159
392.5  5928.175
392.4  5726.1468
392.3  5971.6402
392.2  5639.0682
392.1  5612.1445
392  5715.6258
391.9  5660.4198
391.8  5701.3787
391.7  5604.554
391.6  5572.0631
391.5  5472.699
391.4  5929.4931
391.3  5711.0463
391.2  5717.2145
391.1  6190.6002
391  5715.6429
390.9  5610.2461
390.8  5385.681
390.7  5713.9745
390.6  5730.4582
390.5  5704.2405
390.4  5772.5415
390.3  5704.2118
390.2  5812.4031
390.1  5585.2248
390  6024.0399
389.9  6060.5946
389.8  5584.7079
389.7  5728.4741
389.6  6089.2923
389.5  5982.1172
389.4  5702.7369
389.3  5710.1296
389.2  5606.2093
389.1  5710.1035
389  5527.9332
388.9  5959.3992
388.8  5819.9168
388.7  5842.9136
388.6  5982.9647
388.5  5832.2141
388.4  5847.7696
388.3  5627.8673
388.2  5556.935
388.1  5634.2483
388  5625.6492
387.9  5650.2556
387.8  5733.8855
387.7  5883.3435
387.6  5660.881
387.5  5812.2173
387.4  5857.3886
387.3  5849.2248
387.2  5851.8498
387.1  5794.9726
387  5724.582
386.9  5730.0021
386.8  5821.0635
386.7  5781.054
386.6  5870.9513
386.5  5706.8124
386.4  6033.4229
386.3  5841.4814
386.2  5762.4784
386.1  6041.4652
386  5934.3203
385.9  5828.3723
385.8  5748.9967
385.7  5589.8915
385.6  5851.1392
385.5  5800.0809
385.4  5761.554
385.3  5921.1187
385.2  5852.3439
385.1  5686.7851
385  5871.6229
384.9  5929.0091
384.8  5613.169
384.7  5414.4708
384.6  5703.7409
384.5  5723.9169
384.4  5638.8693
384.3  5749.0894
384.2  5593.9973
384.1  5668.513
384  5907.3251
383.9  5890.7929
383.8  5821.6311
383.7  5772.5071
383.6  5647.2985
383.5  5925.1362
383.4  5627.6935
383.3  6030.6653
383.2  5984.3179
383.1  5516.7175
383  6020.5565
382.9  5812.9529
382.8  5588.2079
382.7  5953.8195
382.6  5857.464
382.5  5801.3079
382.4  5946.9497
382.3  5385.778
382.2  6009.2784
382.1  5828.0869
382  5595.6709
381.9  5797.5659
381.8  5745.0609
381.7  5855.3356
381.6  5877.5113
381.5  5557.6562
381.4  5663.1783
381.3  5532.8419
381.2  5870.9284
381.1  5606.0807
381  5640.263
380.9  5817.3154
380.8  5821.7647
380.7  5820.005
380.6  5818.2986
380.5  6029.9054
380.4  5654.7327
380.3  5752.3468
380.2  5641.8895
380.1  5514.7579
380  5677.3756
379.9  5828.227
379.8  5842.1033
379.7  5595.7111
379.6  5837.374
379.5  5743.2418
379.4  5789.4888
379.3  5910.724
379.2  5486.7919
379.1  6043.6357
379  6072.3813
378.9  5872.9837
378.8  5779.1131
378.7  5646.4402
378.6  5650.7015
378.5  5717.5651
378.4  5690.8191
378.3  5760.6859
378.2  5949.5386
378.1  6113.3001
378  5687.9585
377.9  5755.5044
377.8  5699.7239
377.7  5681.2805
377.6  5707.1108
377.5  5672.8576
377.4  5679.9298
377.3  5776.5745
377.2  5704.9288
377.1  5939.0466
377  5627.0971
376.9  5539.1811
376.8  5760.1579
376.7  5706.5975
376.6  5654.6375
376.5  5776.1599
376.4  5907.0515
376.3  5624.1138
376.2  5671.0831
376.1  5791.5101
376  5752.7502
375.9  5718.6161
375.8  5857.7794
375.7  5700.149
375.6  5765.039
375.5  5874.3534
375.4  5602.1224
375.3  5796.289
375.2  5810.0451
375.1  6007.2418
375  5701.8436
374.9  5713.413
374.8  5822.2768
374.7  5513.1453
374.6  5961.3734
374.5  5827.5527
374.4  5585.1569
374.3  5910.9794
374.2  6026.2798
374.1  5747.0743
374  5997.3189
373.9  5797.0361
373.8  5552.9041
373.7  5987.3131
373.6  5575.1585
373.5  5908.1884
373.4  5786.7869
373.3  5749.8344
373.2  5902.6828
373.1  5883.3033
373  5716.5132
372.9  5782.1052
372.8  5814.5238
372.7  5879.5016
372.6  5929.9577
372.5  5906.7909
372.4  5542.0945
372.3  5774.5623
372.2  5811.1779
372.1  5757.3278
372  5958.6917
371.9  5737.8057
371.8  5938.27
371.7  5739.7052
371.6  5817.6552
371.5  5638.8645
371.4  5657.0254
371.3  5897.8521
371.2  5746.6359
371.1  5834.1302
371  5994.037
370.9  5768.211
370.8  6227.0419
370.7  5387.5636
370.6  5977.942
370.5  5638.0783
370.4  5431.4394
370.3  5759.6021
370.2  5650.2342
370.1  5622.0815
370  5653.1334
369.9  5712.1784
369.8  5840.721
369.7  5773.8508
369.6  5701.8483
369.5  5654.3671
369.4  5558.5259
369.3  5521.7009
369.2  5550.237
369.1  5629.7762
369  5921.0074
368.9  5951.6038
368.8  5600.7924
368.7  5793.799
368.6  6051.1842
368.5  5680.2831
368.4  5688.1288
368.3  5815.8465
368.2  5518.3863
368.1  5816.7269
368  5910.7121
367.9  5735.4067
367.8  5943.534
367.7  5850.2896
367.6  5798.1985
367.5  5730.986
367.4  5864.0193
367.3  5901.1207
367.2  5816.2057
367.1  5992.109
367  5790.2905
366.9  5729.661
366.8  5776.6548
366.7  5825.0987
366.6  5943.551
366.5  6065.5169
366.4  5743.8847
366.3  5686.8568
366.2  5746.3498
366.1  5916.2866
366  5833.9301
365.9  5877.0685
365.8  5930.1416
365.7  5754.186
365.6  5752.7125
365.5  5905.7963
365.4  5646.7022
365.3  5678.1606
365.2  5733.4784
365.1  5639.8841
365  5814.9891
364.9  5650.9527
364.8  5255.4557
364.7  6059.2359
364.6  5898.505
364.5  5689.1742
364.4  5812.3406
364.3  5691.3721
364.2  5735.4379
364.1  5623.2877
364  5837.0293
363.9  5637.8866
363.8  5648.7401
363.7  5751.0254
363.6  5914.3389
363.5  5736.6704
363.4  5872.9476
363.3  6207.7342
363.2  5842.2441
363.1  5707.9357
363  5646.7539
362.9  5774.0455
362.8  5806.3369
362.7  5906.839
362.6  5729.1301
362.5  5832.0234
362.4  5695.0257
362.3  5866.9075
362.2  5543.334
362.1  5776.5648
362  5799.2968
361.9  5682.6537
361.8  5833.7829
361.7  5796.1269
361.6  5806.6261
361.5  5934.7184
361.4  5941.3761
361.3  5847.6366
361.2  6023.0651
361.1  5937.5817
361  5820.8722
360.9  5513.1778
360.8  5580.7612
360.7  5767.5475
360.6  6097.6893
360.5  5908.0074
360.4  5886.1818
360.3  5932.4871
360.2  5964.9973
360.1  5965.2453
360  5899.115
359.9  5986.0572
359.8  5825.4287
359.7  5723.9094
359.6  5772.9667
359.5  5988.5602
359.4  5854.8572
359.3  5852.597
359.2  6017.9734
359.1  6254.5845
359  6100.9192
358.9  5731.4249
358.8  6103.1071
358.7  6001.7193
358.6  5695.447
358.5  5943.2874
358.4  6188.1887
358.3  5904.749
358.2  5949.4218
358.1  5935.9732
358  6055.1257
357.9  5869.1181
357.8  5969.3267
357.7  5979.0407
357.6  6220.192
357.5  5916.2501
357.4  5738.5508
357.3  5908.8251
357.2  5684.9053
357.1  5700.1066
357  5867.851
356.9  5621.9001
356.8  5857.6392
356.7  5909.0163
356.6  5754.7928
356.5  5965.8307
356.4  6012.8611
356.3  5978.4259
356.2  5785.681
356.1  5800.2945
356  5879.494
355.9  5995.6414
355.8  6448.2086
355.7  6132.5546
355.6  6225.8293
355.5  6068.4607
355.4  6174.0484
355.3  5949.1052
355.2  5947.1999
355.1  5917.8607
355  6125.8869
354.9  5996.6706
354.8  5869.7544
354.7  5943.0629
354.6  5973.3656
354.5  6138.9696
354.4  6006.3467
354.3  6108.9994
354.2  6145.8668
354.1  5963.109
354  5914.6656
353.9  5844.1357
353.8  5847.1891
353.7  5853.5491
353.6  6044.674
353.5  6019.5056
353.4  5960.0188
353.3  5833.633
353.2  6187.7031
353.1  5795.9786
353  5931.8276
352.9  5934.2875
352.8  6228.0454
352.7  6044.3816
352.6  5937.0737
352.5  6063.8529
352.4  6096.0042
352.3  6063.6054
352.2  5861.3981
352.1  6015.4248
352  5907.9569
351.9  5811.0559
351.8  5913.073
351.7  5677.6929
351.6  5900.9012
351.5  5863.6737
351.4  5903.5638
351.3  5815.0759
351.2  5867.8546
351.1  5775.8826
351  5884.3699
350.9  5749.0603
350.8  5799.3566
350.7  5765.0636
350.6  5540.5822
350.5  5580.387
350.4  5564.7165
350.3  5725.5238
350.2  5816.3643
350.1  5886.2288
350  5820.3538
349.9  5932.7624
349.8  5791.8946
349.7  5801.4742
349.6  5663.1855
349.5  6115.4097
349.4  5986.6891
349.3  5992.4349
349.2  5819.6074
349.1  5718.061
349  5892.1185
348.9  5842.4099
348.8  5972.5954
348.7  5738.478
348.6  5694.2572
348.5  5697.7257
348.4  5851.1995
348.3  5784.5678
348.2  5904.452
348.1  5681.3768
348  5768.3134
347.9  5581.4943
347.8  5994.879
347.7  5738.1048
347.6  5701.0021
347.5  5910.8902
347.4  5819.5109
347.3  6003.171
347.2  5694.983
347.1  5606.6782
347  5588.8627
346.9  6046.8374
346.8  5812.3
346.7  5552.4674
346.6  5513.5474
346.5  5608.7671
346.4  5518.5152
346.3  5521.1958
346.2  5488.9272
346.1  5786.0696
346  5729.0621
345.9  5755.5849
345.8  5957.8491
345.7  5806.6863
345.6  5832.9574
345.5  5609.3257
345.4  5814.3314
345.3  5508.1797
345.2  5676.0076
345.1  5808.3552
345  5549.496
344.9  5768.7173
344.8  5930.5735
344.7  5765.8776
344.6  5738.7083
344.5  5855.4099
344.4  5863.2084
344.3  5902.0565
344.2  5695.1757
344.1  5843.6978
344  5717.0957
343.9  5688.0023
343.8  5648.949
343.7  5811.8364
343.6  5853.6186
343.5  5986.0422
343.4  5541.686
343.3  5966.6537
343.2  5839.0945
343.1  5799.8278
343  5630.5522
342.9  5855.0733
342.8  5992.0109
342.7  5895.2054
342.6  5773.3763
342.5  5694.5877
342.4  5493.8329
342.3  5843.2795
342.2  5948.7733
342.1  6098.7501
342  5940.9603
341.9  5842.6421
341.8  5897.1008
341.7  6136.9485
341.6  6084.2743
341.5  5841.0803
341.4  5882.1488
341.3  5823.6215
341.2  5711.7282
341.1  5787.5583
341  5905.9907
340.9  5752.3025
340.8  5865.6809
340.7  6039.3034
340.6  5825.6576
340.5  5854.5719
340.4  5904.6545
340.3  6104.6233
340.2  5896.753
340.1  5805.0571
340  5883.1907
339.9  5899.2807
339.8  5735.8427
339.7  5839.5792
339.6  5600.586
339.5  5846.7812
339.4  5918.9816
339.3  5933.0304
339.2  5783.8834
339.1  6005.4676
339  6151.2412
338.9  5822.6191
338.8  5919.2257
338.7  5677.9439
338.6  5748.9986
338.5  6042.2858
338.4  5944.8323
338.3  6101.8014
338.2  5954.9061
338.1  5997.3417
338  5944.2843
337.9  6239.9193
337.8  6063.1933
337.7  5934.6659
337.6  5943.0378
337.5  5898.5291
337.4  5794.7679
337.3  5671.1567
337.2  5928.4115
337.1  5726.9227
337  6089.9393
336.9  5976.065
336.8  5959.4789
336.7  5959.0607
336.6  5881.8578
336.5  5882.9598
336.4  6014.199
336.3  5870.1889
336.2  5733.0437
336.1  6145.7271
336  6029.9498
335.9  6007.0243
335.8  5981.6743
335.7  5888.0523
335.6  6105.0901
335.5  5790.5324
335.4  5763.3974
335.3  5796.3528
335.2  5882.6878
335.1  6107.5738
335  5696.2149
334.9  5738.0021
334.8  5849.1396
334.7  5757.7467
334.6  5954.0474
334.5  6012.7542
334.4  5950.0854
334.3  5948.2875
334.2  5780.5726
334.1  5814.9874
334  5654.8894
333.9  5938.5004
333.8  5834.2199
333.7  5778.8624
333.6  5668.1792
333.5  5553.9826
333.4  5666.5422
333.3  5616.6904
333.2  5646.7479
333.1  5868.7081
333  5818.186
332.9  5520.7301
332.8  5530.5789
332.7  5420.5549
332.6  5453.2202
332.5  5524.31
332.4  5719.235
332.3  5747.6551
332.2  5678.8643
332.1  5399.6533
332  5680.4973
331.9  5606.6654
331.8  5521.4886
331.7  5636.2695
331.6  5423.6576
331.5  5203.7964
331.4  5390.1353
331.3  5852.5509
331.2  5632.0929
331.1  5252.9473
331  5486.0286
330.9  5700.2114
330.8  5363.7637
330.7  5394.4814
330.6  5339.8188
330.5  5537.485
330.4  5456.4766
330.3  5476.3299
330.2  5488.6307
330.1  5535.0131
330  5798.5495
329.9  5355.6395
329.8  5438.3945
329.7  5395.2054
329.6  5391.2727
329.5  5694.7035
329.4  5645.9002
329.3  5556.3961
329.2  5667.0911
329.1  5662.2177
329  5465.6085
328.9  5687.424
328.8  5576.1954
328.7  5476.644
328.6  5569.0427
328.5  5452.3467
328.4  5209.9258
328.3  5368.7774
328.2  5399.6239
328.1  5605.0509
328  5485.1237
327.9  5436.8286
327.8  5504.6104
327.7  5405.4179
327.6  5371.7709
327.5  5518.6277
327.4  5486.2862
327.3  5378.1081
327.2  5373.8148
327.1  5511.5474
327  5522.8227
326.9  5406.1854
326.8  5485.4071
326.7  5525.7213
326.6  5597.659
326.5  5564.112
326.4  5327.688
326.3  5611.967
326.2  5544.4031
326.1  5588.4917
326  5377.2689
325.9  5416.047
325.8  5357.0073
325.7  5376.3263
325.6  5513.2686
325.5  5299.9427
325.4  5654.0426
325.3  5208.258
325.2  5627.163
325.1  5577.2422
325  5200.666
324.9  5733.3718
324.8  5589.6178
324.7  5377.5641
324.6  5552.3119
324.5  5405.7387
324.4  5275.2791
324.3  5450.7637
324.2  5597.4472
324.1  5443.0166
324  5288.6844
323.9  5153.7784
323.8  5484.8134
323.7  5491.3237
323.6  5406.7524
323.5  5532.7301
323.4  5210.4426
323.3  5255.9719
323.2  5620.8026
323.1  5395.8006
323  5591.2596
322.9  5444.968
322.8  5397.6281
322.7  5340.2494
322.6  5527.1034
322.5  5635.324
322.4  5829.7412
322.3  5291.5922
322.2  5596.8119
322.1  5370.3163
322  5425.3579
321.9  5441.2789
321.8  5366.6744
321.7  5379.8923
321.6  5307.1205
321.5  5445.9221
321.4  5293.1776
321.3  5772.9321
321.2  5416.5147
321.1  5320.2704
321  5106.4263
320.9  5188.3591
320.8  5195.6035
320.7  5346.9944
320.6  5426.1497
320.5  5258.7096
320.4  5238.9435
320.3  5292.854
320.2  5540.4656
320.1  5419.4822
320  5359.0086
319.9  5482.8466
319.8  5378.9594
319.7  5296.3876
319.6  5407.0249
319.5  5356.6238
319.4  5473.9639
319.3  5391.7255
319.2  5627.5071
319.1  5434.2461
319  5599.2821
318.9  5488.3947
318.8  5381.0453
318.7  5258.5729
318.6  5382.3822
318.5  5672.243
318.4  5486.4727
318.3  5203.21
318.2  5395.1184
318.1  5315.9579
318  5332.2429
317.9  5376.0889
317.8  5337.0375
317.7  5330.9696
317.6  5493.9379
317.5  5271.5914
317.4  5639.6474
317.3  5281.1333
317.2  5443.1197
317.1  5094.2884
317  5337.7415
316.9  5533.2554
316.8  5498.4509
316.7  5294.9193
316.6  5301.446
316.5  5268.4409
316.4  5580.4338
316.3  5386.094
316.2  5398.3849
316.1  5423.5849
316  5391.8719
315.9  5446.0415
315.8  5388.8524
315.7  5538.7005
315.6  5379.48
315.5  5488.1902
315.4  5391.3402
315.3  5589.1997
315.2  5397.9944
315.1  5342.5764
315  5480.9792
314.9  5378.8821
314.8  5608.7769
314.7  5124.0222
314.6  5362.2743
314.5  5376.2664
314.4  5793.444
314.3  5448.2617
314.2  5189.1478
314.1  5398.1256
314  5396.9146
313.9  5423.5294
313.8  5472.2743
313.7  5453.3422
313.6  5318.0501
313.5  5415.9592
313.4  5458.4107
313.3  5695.8817
313.2  5500.7616
313.1  5469.7263
313  5301.1527
312.9  5296.0856
312.8  5412.9796
312.7  5381.0972
312.6  5328.9407
312.5  5388.0547
312.4  5389.9187
312.3  5349.3053
312.2  5126.0367
312.1  5452.2237
312  5394.5468
311.9  5449.3775
311.8  5286.7409
311.7  5169.1604
311.6  5305.8775
311.5  5282.5004
311.4  5269.931
311.3  5043.6467
311.2  5029.4971
311.1  5173.3501
311  5440.8683
310.9  5393.8209
310.8  5681.4665
310.7  5516.9263
310.6  5266.6581
310.5  5471.8643
310.4  5288.0591
310.3  5374.6862
310.2  5227.7777
310.1  5350.1931
310  5339.7182
309.9  5561.4614
309.8  5444.6293
309.7  5395.8782
309.6  5288.7653
309.5  5301.8924
309.4  5441.3699
309.3  5259.1113
309.2  5126.8905
309.1  5469.7732
309  5251.1962
308.9  5300.8307
308.8  5333.428
308.7  5322.413
308.6  5518.7758
308.5  5177.9065
308.4  5466.2034
308.3  5493.9343
308.2  5513.5642
308.1  5339.5443
308  5281.3987
307.9  5232.2949
307.8  5559.9188
307.7  5391.2593
307.6  5483.0192
307.5  6007.5037
307.4  5697.6761
307.3  5192.5323
307.2  5314.6038
307.1  5489.1822
307  5361.2915
306.9  5476.7983
306.8  5399.1915
306.7  5470.1674
306.6  5262.138
306.5  5152.422
306.4  5473.742
306.3  5299.7303
306.2  5485.0961
306.1  5595.6291
306  5158.613
305.9  5279.6782
305.8  5517.8716
305.7  5549.9907
305.6  5259.2022
305.5  5581.4484
305.4  5236.8894
305.3  5199.0208
305.2  5482.8078
305.1  5445.8335
305  5374.1137
304.9  5166.3581
304.8  5258.7077
304.7  5252.7217
304.6  5593.0485
304.5  5468.0814
304.4  5161.3282
304.3  5271.3413
304.2  5358.12
304.1  5235.7557
304  5172.4421
303.9  5621.2686
303.8  5573.307
303.7  5443.9792
303.6  5126.9664
303.5  5485.37
303.4  5342.9673
303.3  5183.9268
303.2  5355.0673
303.1  5348.4079
303  5515.2515
302.9  5389.3022
302.8  5449.4285
302.7  5293.809
302.6  5208.6363
302.5  5386.6993
302.4  5468.0797
302.3  5578.0254
302.2  5423.7986
302.1  5500.0163
302  5011.2939
301.9  5190.7336
301.8  5266.5016
301.7  5354.3453
301.6  5341.7528
301.5  5278.4396
301.4  5193.6663
301.3  5444.9948
301.2  5338.3571
301.1  5327.4508
301  5372.8193
300.9  5325.4592
300.8  5330.7143
300.7  5311.2098
300.6  5203.2252
300.5  5220.5086
300.4  5380.2814
300.3  5244.0324
300.2  5304.5037
300.1  5332.3135
300  5210.2413
299.9  5380.7771
299.8  5505.4043
299.7  5080.2378
299.6  5177.3835
299.5  5368.0238
299.4  5384.2899
299.3  5485.7231
299.2  5295.2234
299.1  5302.0905
299  5501.5382
298.9  5214.8715
298.8  5426.3316
298.7  5385.9069
298.6  5239.1219
298.5  5108.9981
298.4  5170.6683
298.3  5232.7775
298.2  5291.3161
298.1  5455.4281
298  5577.7514
297.9  5190.7791
297.8  5336.4991
297.7  5204.1524
297.6  5312.4599
297.5  5334.2188
297.4  5430.1693
297.3  5245.6776
297.2  5303.2584
297.1  5314.079
297  5129.7932
296.9  5227.8724
296.8  5178.7136
296.7  5351.3615
296.6  5382.8474
296.5  5372.6874
296.4  5331.5546
296.3  4967.156
296.2  5145.6979
296.1  5274.0833
296  5250.4164
295.9  5462.3433
295.8  5754.4452
295.7  5248.21
295.6  5441.861
295.5  5411.0851
295.4  5095.0602
295.3  5441.2082
295.2  5030.5939
295.1  5318.8502
295  5108.6729

# Group:                        Spectrum Group
#
# Region:                       Overall
# Spectrum ID:                  1
# Acquisition Date:             07/08/26 15:08:51 UTC
# Analysis Method:              XPS
# Analyzer:                     PHOIBOS MCD5 Analyzer
# Analyzer Lens:                LargeArea:3.5kV
# Analyzer Slit:                5:7x20\B:open
# Scan Mode:                    FixedAnalyzerTransmission
# Curves/Scan:                  1
# Values/Curve:                 1203
# Dwell Time:                   0.125
# Excitation Energy:            1253.64
# Binding Energy:               1000
# Pass Energy:                  50
# Bias Voltage:                 90
# Detector Voltage:             3000
# Eff. Workfunction:            4.543
# Source:                       X-Ray Dummy
# Comment:                      Mg source
#
# Cycle: 0
# Number of Scans: 4
#
# Cycle: 0, Curve: 0
# Acquisition Date:             07/08/26 15:08:51 UTC
#
# ColumnLabels:                 energy counts/s
#
1000  21058.336
999.00166  20780.938
998.00333  20999.266
997.00499  21021.293
996.00666  20880.354
995.00832  20844.138
994.00998  20843.794
993.01165  21086.833
992.01331  21025.89
991.01498  20888.153
990.01664  20764.532
989.0183  20881.318
988.01997  20843.522
987.02163  20925.712
986.02329  21006.935
985.02496  20794.247
984.02662  20640.759
983.02829  20669.198
982.02995  20686.978
981.03161  20718.037
980.03328  20778.698
979.03494  20737.939
978.03661  20605.29
977.03827  20792.709
976.03993  20846.492
975.0416  20904.049
974.04326  20940.138
973.04493  20683.385
972.04659  20598.464
971.04825  20870.709
970.04992  21042.299
969.05158  21156.874
968.05324  21299.069
967.05491  21224.12
966.05657  21058.998
965.05824  21020.278
964.0599  21138.215
963.06156  21148.451
962.06323  20942.89
961.06489  21137.427
960.06656  21266.135
959.06822  21261.4
958.06988  21282.954
957.07155  21352.959
956.07321  21100.091
955.07488  20986.048
954.07654  21203.775
953.0782  21247.971
952.07987  21250.975
951.08153  21388.601
950.08319  21599.301
949.08486  21500.244
948.08652  21414.421
947.08819  21584.962
946.08985  21718.924
945.09151  21681.855
944.09318  21477.882
943.09484  21634.345
942.09651  21535.013
941.09817  21342.781
940.09983  21654.053
939.1015  21756.132
938.10316  21560.751
937.10483  21788.165
936.10649  21986.369
935.10815  22036.962
934.10982  22154.346
933.11148  21894.484
932.11314  21903.619
931.11481  22074.433
930.11647  21829.105
929.11814  22081.728
928.1198  22190.663
927.12146  21944.776
926.12313  21788.12
925.12479  22046.745
924.12646  22360.637
923.12812  22351.879
922.12978  22469.268
921.13145  22325.065
920.13311  22137.008
919.13478  22283.12
918.13644  22321.283
917.1381  22297.968
916.13977  22500.516
915.14143  22723.287
914.14309  22464.44
913.14476  22222.813
912.14642  22382.408
911.14809  22584.094
910.14975  22635.089
909.15141  22862.58
908.15308  22574.68
907.15474  22442.515
906.15641  22669.712
905.15807  22758.406
904.15973  22655.145
903.1614  22689.451
902.16306  22912.485
901.16473  22851.165
900.16639  22751.934
899.16805  22952.85
898.16972  22833.778
897.17138  22658.037
896.17304  22885.215
895.17471  23110.302
894.17637  23046.769
893.17804  22909.281
892.1797  23007.963
891.18136  23159.023
890.18303  23057.057
889.18469  22845.386
888.18636  22820.768
887.18802  23095.481
886.18968  23381.201
885.19135  23407.863
884.19301  23409.924
883.19468  23149.519
882.19634  23371.259
881.198  23772.401
880.19967  23402.553
879.20133  23661.213
878.203  23779.393
877.20466  23808.527
876.20632  23785.459
875.20799  23582.314
874.20965  23626.953
873.21131  23482.38
872.21298  23509.011
871.21464  23564.415
870.21631  23592.189
869.21797  23655.752
868.21963  23979.45
867.2213  24066.878
866.22296  24181.633
865.22463  24228.046
864.22629  23903.268
863.22795  23907.475
862.22962  24265.254
861.23128  24319.89
860.23295  24284.322
859.23461  24122.832
858.23627  23931.889
857.23794  23903.776
856.2396  23947.061
855.24126  24109.257
854.24293  24291.934
853.24459  24256.207
852.24626  24280.926
851.24792  24231.337
850.24958  24369.362
849.25125  24408.318
848.25291  24413.335
847.25458  24460.568
846.25624  24428.928
845.2579  24624.428
844.25957  24455.541
843.26123  24368.372
842.2629  24656.623
841.26456  24519.883
840.26622  24509.387
839.26789  24772.283
838.26955  25013.433
837.27121  24944.488
836.27288  24844.488
835.27454  24865.551
834.27621  24955.873
833.27787  25088.01
832.27953  24981.469
831.2812  24971.665
830.28286  25009.853
829.28453  25178.065
828.28619  25237.462
827.28785  25111.892
826.28952  25152.913
825.29118  25316.686
824.29285  25392.903
823.29451  25279.237
822.29617  25173.978
821.29784  25314.872
820.2995  25476.855
819.30116  25405.218
818.30283  25506.402
817.30449  25509.125
816.30616  25643.12
815.30782  25667.549
814.30948  25567.345
813.31115  25754.923
812.31281  25693.838
811.31448  25643.591
810.31614  26018.82
809.3178  26479.699
808.31947  26255.983
807.32113  26055.831
806.3228  26023.489
805.32446  26118.224
804.32612  25994.148
803.32779  26089.196
802.32945  26518.529
801.33111  26526.1
800.33278  26612.238
799.33444  26754.09
798.33611  26900.703
797.33777  26943.098
796.33943  26876.543
795.3411  26970.156
794.34276  27160.172
793.34443  27332.178
792.34609  27809.69
791.34775  27714.877
790.34942  27619.854
789.35108  27807.785
788.35275  28225.231
787.35441  28413.811
786.35607  28330.088
785.35774  27823.254
784.3594  27307.86
783.36106  27200.25
782.36273  27364.922
781.36439  27565.645
780.36606  28132.443
779.36772  28498.128
778.36938  28874.106
777.37105  29428.823
776.37271  29564.817
775.37438  30228.755
774.37604  31538.153
773.3777  32054.22
772.37937  31766.08
771.38103  31251.915
770.3827  30157.971
769.38436  28876.056
768.38602  28264.798
767.38769  27720.344
766.38935  27080.408
765.39101  26739.491
764.39268  26326.453
763.39434  26050.489
762.39601  25684.692
761.39767  25282.04
760.39933  25308.131
759.401  25708.836
758.40266  26747.977
757.40433  28534.291
756.40599  30937.925
755.40765  33952.929
754.40932  37279.058
753.41098  39459.167
752.41265  40268.422
751.41431  39309.985
750.41597  36724.677
749.41764  33495.197
748.4193  30921.33
747.42097  28702.367
746.42263  27106.538
745.42429  25947.987
744.42596  24770.425
743.42762  23417.457
742.42928  22127.584
741.43095  20800.082
740.43261  19622.756
739.43428  18679.527
738.43594  18018.722
737.4376  17503.884
736.43927  17371.194
735.44093  17353.668
734.4426  16998.549
733.44426  16882.833
732.44592  17124.467
731.44759  17225.862
730.44925  17088.429
729.45092  17018.557
728.45258  16961.579
727.45424  17069.036
726.45591  17032.105
725.45757  16993.509
724.45923  17040.642
723.4609  17081.887
722.46256  16933.38
721.46423  17007.082
720.46589  17013.575
719.46755  16746.62
718.46922  16578.171
717.47088  16652.571
716.47255  16823.889
715.47421  16688.636
714.47587  16469.125
713.47754  16515.109
712.4792  16724.649
711.48087  16840.679
710.48253  16893.959
709.48419  16993.009
708.48586  17129.589
707.48752  17046.773
706.48918  16838.58
705.49085  16784.077
704.49251  16856.004
703.49418  16927.415
702.49584  16871.178
701.4975  16973.844
700.49917  16961.623
699.50083  16903.313
698.5025  16905.82
697.50416  17006.281
696.50582  16737.637
695.50749  16704.659
694.50915  16803.715
693.51082  16791.167
692.51248  16899.509
691.51414  16793.518
690.51581  16823.445
689.51747  16967.442
688.51913  16939.887
687.5208  16931.703
686.52246  16817.713
685.52413  17004.786
684.52579  17052.215
683.52745  16727.466
682.52912  16850.872
681.53078  17108.875
680.53245  17081.828
679.53411  16868.304
678.53577  16802.154
677.53744  16900.681
676.5391  16838.258
675.54077  16884.407
674.54243  16969.739
673.54409  16788.92
672.54576  16785.415
671.54742  16838.116
670.54908  16799.007
669.55075  17007.213
668.55241  17176.976
667.55408  17086.386
666.55574  16849.977
665.5574  16807.715
664.55907  16930.021
663.56073  16970.299
662.5624  17105.655
661.56406  16969.931
660.56572  16785.226
659.56739  16985.474
658.56905  16984.632
657.57072  16799.445
656.57238  16807.306
655.57404  16796.431
654.57571  16810.05
653.57737  17022.928
652.57903  16993.366
651.5807  17113.243
650.58236  16989.668
649.58403  17060.909
648.58569  17052.181
647.58735  17037.149
646.58902  17196.69
645.59068  17108.085
644.59235  16986.482
643.59401  16907.851
642.59567  16979.225
641.59734  16941.17
640.599  17112.972
639.60067  17187.756
638.60233  17184.066
637.60399  17040.141
636.60566  16969.725
635.60732  17061.755
634.60899  17117.686
633.61065  17238.755
632.61231  17308.364
631.61398  17191.125
630.61564  17310.384
629.6173  17503.638
628.61897  17279.56
627.62063  17134.507
626.6223  17070.346
625.62396  17029.42
624.62562  17114.678
623.62729  16917.595
622.62895  16948.273
621.63062  17068.709
620.63228  17220.463
619.63394  17393.541
618.63561  17399.344
617.63727  17360.406
616.63894  17141.327
615.6406  17137.403
614.64226  17233.643
613.64393  17296.169
612.64559  17276.386
611.64725  17202.699
610.64892  17396.508
609.65058  17465.887
608.65225  17402.142
607.65391  17213.223
606.65557  17237.223
605.65724  17255.204
604.6589  17318.804
603.66057  17236.292
602.66223  17078.182
601.66389  16996.113
600.66556  16954.772
599.66722  17136.165
598.66889  17339.993
597.67055  17408.01
596.67221  17256.436
595.67388  17223.207
594.67554  17195.935
593.6772  17402.628
592.67887  17288.582
591.68053  17371.15
590.6822  17414.834
589.68386  17523.305
588.68552  17493.002
587.68719  17580.982
586.68885  17602.976
585.69052  17560.895
584.69218  17641.138
583.69384  17592.048
582.69551  17407.868
581.69717  17281.953
580.69884  17424.848
579.7005  17366.91
578.70216  17397.286
577.70383  17682.261
576.70549  17757.708
575.70715  17423.209
574.70882  17194.783
573.71048  17179.854
572.71215  16751.094
571.71381  16984.319
570.71547  16951.829
569.71714  16797.318
568.7188  16922.298
567.72047  17676.431
566.72213  18392.782
565.72379  18869.105
564.72546  19614.908
563.72712  20124.453
562.72879  20384.214
561.73045  20203.777
560.73211  20147.168
559.73378  19592.543
558.73544  18771.991
557.7371  18026.963
556.73877  17237.444
555.74043  16875.253
554.7421  16501.838
553.74376  15899.869
552.74542  15568.535
551.74709  15186.621
550.74875  14671.296
549.75042  14161.687
548.75208  13529.379
547.75374  13091.325
546.75541  12552.165
545.75707  12056.156
544.75874  11640.91
543.7604  11513.113
542.76206  12048.596
541.76373  13759.957
540.76539  18833.466
539.76705  28976.533
538.76872  42477.898
537.77038  51147.474
536.77205  47448.861
535.77371  34102.065
534.77537  21799.176
533.77704  15266.088
532.7787  12880.782
531.78037  12260.66
530.78203  12697.405
529.78369  13860.351
528.78536  14689.082
527.78702  14288.235
526.78869  12916.087
525.79035  11362.305
524.79201  10112.569
523.79368  9353.6985
522.79534  8932.8805
521.797  8741.939
520.79867  8857.4802
519.80033  8988.2438
518.802  8940.8302
517.80366  9227.382
516.80532  9659.8548
515.80699  10324.47
514.80865  11644.277
513.81032  12542.078
512.81198  12078.088
511.81364  10836.886
510.81531  9631.7693
509.81697  9077.576
508.81864  8625.915
507.8203  8318.675
506.82196  8257.5173
505.82363  8119.3406
504.82529  8178.4057
503.82696  8215.3963
502.82862  8169.5304
501.83028  8119.5297
500.83195  8073.2053
499.83361  8198.2842
498.83527  8192.1627
497.83694  8095.2799
496.8386  8241.3812
495.84027  8125.1165
494.84193  8145.2549
493.84359  8290.6709
492.84526  8169.3235
491.84692  8307.9517
490.84859  8330.8444
489.85025  8404.3219
488.85191  8414.4779
487.85358  8037.5654
486.85524  7875.8936
485.85691  8040.5265
484.85857  7937.5504
483.86023  7826.4677
482.8619  7822.8848
481.86356  7784.7121
480.86522  7784.4552
479.86689  7790.2275
478.86855  7780.7197
477.87022  7720.3525
476.87188  7734.0056
475.87354  7607.8848
474.87521  7744.4059
473.87687  7822.6208
472.87854  7791.9916
471.8802  7766.7612
470.88186  7757.2745
469.88353  7644.0443
468.88519  7755.1484
467.88686  7726.2988
466.88852  7684.2789
465.89018  7771.5183
464.89185  7689.4363
463.89351  7686.4988
462.89517  7727.5538
461.89684  7705.2362
460.8985  7685.0949
459.90017  7546.9835
458.90183  7669.4303
457.90349  7617.7162
456.90516  7624.3043
455.90682  7643.2438
454.90849  7655.3825
453.91015  7615.9457
452.91181  7563.3041
451.91348  7640.6482
450.91514  7634.8697
449.91681  7639.0925
448.91847  7542.3399
447.92013  7465.6167
446.9218  7468.0945
445.92346  7573.3139
444.92512  7694.8169
443.92679  7682.4389
442.92845  7753.9384
441.93012  7680.4943
440.93178  7671.8219
439.93344  7752.8171
438.93511  7642.9377
437.93677  7495.826
436.93844  7478.6321
435.9401  7612.3947
434.94176  7549.9091
433.94343  7546.3926
432.94509  7500.1768
431.94676  7462.1447
430.94842  7503.9551
429.95008  7725.8536
428.95175  7645.7376
427.95341  7542.0026
426.95507  7566.8504
425.95674  7488.8012
424.9584  7431.25
423.96007  7507.6022
422.96173  7562.9908
421.96339  7578.0512
420.96506  7621.5236
419.96672  7531.4737
418.96839  7547.9061
417.97005  7648.0466
416.97171  7646.9958
415.97338  7586.6512
414.97504  7530.8816
413.97671  7470.5333
412.97837  7546.5292
411.98003  7609.1461
410.9817  7637.6646
409.98336  7570.9856
408.98502  7538.7541
407.98669  7609.2667
406.98835  7616.3451
405.99002  7636.37
404.99168  7629.3064
403.99334  7548.8015
402.99501  7475.3341
401.99667  7300.1293
400.99834  7345.2887
400  7430.5634
399.00166  7547.4187
398.00333  7613.7945
397.00499  7510.347
396.00666  7451.3219
395.00832  7414.0941
394.00998  7521.3941
393.01165  7524.464
392.01331  7609.1312
391.01498  7515.1572
390.01664  7542.5221
389.0183  7587.752
388.01997  7656.0369
387.02163  7565.6457
386.02329  7462.0456
385.02496  7359.1556
384.02662  7597.1893
383.02829  7682.982
382.02995  7551.5989
381.03161  7550.1386
380.03328  7373.9194
379.03494  7445.1892
378.03661  7468.1482
377.03827  7422.6736
376.03993  7513.1765
375.0416  7612.7453
374.04326  7410.9499
373.04493  7567.6212
372.04659  7591.8448
371.04825  7541.4915
370.04992  7502.9607
369.05158  7515.949
368.05324  7531.5672
367.05491  7455.8675
366.05657  7515.2031
365.05824  7574.5632
364.0599  7657.5236
363.06156  7589.9
362.06323  7622.2336
361.06489  7690.1385
360.06656  7650.5981
359.06822  7780.5254
358.06988  7766.3672
357.07155  7722.5238
356.07321  7621.334
355.07488  7795.2055
354.07654  7907.1607
353.0782  7948.8236
352.07987  7954.0128
351.08153  7644.7675
350.08319  7599.0826
349.08486  7694.9824
348.08652  7647.2912
347.08819  7460.3745
346.08985  7348.666
345.09151  7228.8414
344.09318  7197.9183
343.09484  7439.2444
342.09651  7535.8244
341.09817  7500.7804
340.09983  7419.5017
339.1015  7491.0163
338.10316  7474.1739
337.10483  7615.2084
336.10649  7628.8764
335.10815  7531.2503
334.10982  7489.9871
333.11148  7345.8084
332.11314  7169.1685
331.11481  7174.465
330.11647  7141.3351
329.11814  7028.358
328.1198  6995.0026
327.12146  6962.4555
326.12313  7051.0677
325.12479  6927.534
324.12646  6883.129
323.12812  7124.068
322.12978  7183.9364
321.13145  7115.3302
320.13311  7075.6063
319.13478  6946.2786
318.13644  6906.2232
317.1381  7051.1855
316.13977  7075.175
315.14143  6930.8487
314.14309  6845.4099
313.14476  6922.4405
312.14642  6798.4709
311.14809  6820.7272
310.14975  7086.7947
309.15141  7066.7391
308.15308  6913.1668
307.15474  6970.7745
306.15641  6973.8201
305.15807  7088.2828
304.15973  7180.0962
303.1614  7193.4169
302.16306  7001.3896
301.16473  6874.6615
300.16639  6931.0937
299.16805  6781.7038
298.16972  6954.8475
297.17138  7108.0483
296.17304  6966.7863
295.17471  6889.4938
294.17637  6776.2526
293.17804  6854.398
292.1797  6947.4604
291.18136  7000.8204
290.18303  7098.0496
289.18469  7110.1631
288.18636  7028.8591
287.18802  6949.2914
286.18968  6963.3849
285.19135  7001.9305
284.19301  6987.3079
283.19468  6726.2884
282.19634  6676.8298
281.198  6711.3073
280.19967  6733.5672
279.20133  6780.5266
278.203  6858.4659
277.20466  6835.3685
276.20632  6613.9244
275.20799  6661.8511
274.20965  6795.7358
273.21131  6789.8555
272.21298  6762.9069
271.21464  6743.0257
270.21631  6835.4286
269.21797  6688.9126
268.21963  6749.5854
267.2213  6807.5693
266.22296  6672.4153
265.22463  6781.3243
264.22629  6891.3626
263.22795  6657.5218
262.22962  6613.809
261.23128  6596.8476
260.23295  6604.9267
259.23461  6453.9444
258.23627  6491.7691
257.23794  6528.6475
256.2396  6477.3337
255.24126  6513.1001
254.24293  6460.8643
253.24459  6402.6007
252.24626  6433.9101
251.24792  6578.5188
250.24958  6628.9069
249.25125  6576.5327
248.25291  6607.0169
247.25458  6662.8842
246.25624  6583.2408
245.2579  6673.0087
244.25957  6646.5293
243.26123  6561.1378
242.2629  6708.8165
241.26456  6541.3309
240.26622  6637.2009
239.26789  6707.9144
238.26955  6561.5768
237.27121  6549.819
236.27288  6545.3162
235.27454  6410.4845
234.27621  6529.5641
233.27787  6650.4845
232.27953  6583.2765
231.2812  6545.9905
230.28286  6463.8448
229.28453  6478.6153
228.28619  6408.5105
227.28785  6423.7083
226.28952  6592.7705
225.29118  6628.8633
224.29285  6445.2099
223.29451  6400.5738
222.29617  6522.5708
221.29784  6472.2451
220.2995  6466.0236
219.30116  6463.7707
218.30283  6546.3179
217.30449  6684.2328
216.30616  6602.3309
215.30782  6509.0685
214.30948  6380.9426
213.31115  6331.7535
212.31281  6522.2979
211.31448  6557.3262
210.31614  6494.1103
209.3178  6426.1211
208.31947  6434.4305
207.32113  6414.909
206.3228  6419.0913
205.32446  6483.8012
204.32612  6390.4224
203.32779  6364.1687
202.32945  6462.4842
201.33111  6513.5371
200.33278  6636.0149
199.33444  6748.3296
198.33611  6782.1442
197.33777  6763.3975
196.33943  6664.8069
195.3411  6606.4127
194.34276  6523.2266
193.34443  6499.9488
192.34609  6363.7862
191.34775  6412.841
190.34942  6524.4651
189.35108  6539.8579
188.35275  6593.3011
187.35441  6485.2325
186.35607  6376.4594
185.35774  6426.9465
184.3594  6517.0535
183.36106  6505.5626
182.36273  6422.2178
181.36439  6442.2469
180.36606  6492.1182
179.36772  6580.2342
178.36938  6569.0618
177.37105  6539.1266
176.37271  6640.7996
175.37438  6668.9689
174.37604  6677.3529
173.3777  6599.4498
172.37937  6545.9557
171.38103  6520.6827
170.3827  6507.2721
169.38436  6480.7403
168.38602  6548.7082
167.38769  6562.8654
166.38935  6523.0118
165.39101  6451.3903
164.39268  6454.8296
163.39434  6612.9689
162.39601  6658.956
161.39767  6513.3956
160.39933  6646.8547
159.401  6679.0345
158.40266  6468.0295
157.40433  6669.1007
156.40599  6928.5063
155.40765  6855.6894
154.40932  6726.2661
153.41098  6739.6535
152.41265  6771.9428
151.41431  6868.0165
150.41597  6917.6022
149.41764  7016.0772
148.4193  7015.8302
147.42097  7106.0245
146.42263  7174.0744
145.42429  6902.2063
144.42596  6682.9336
143.42762  6617.666
142.42928  6647.7437
141.43095  6751.3088
140.43261  6551.8203
139.43428  6466.9929
138.43594  6412.4901
137.4376  6292.4358
136.43927  6327.0027
135.44093  6161.4581
134.4426  6054.639
133.44426  6069.7446
132.44592  5979.6266
131.44759  6014.8165
130.44925  6264.7985
129.45092  6744.9116
128.45258  8040.2556
127.45424  10272.716
126.45591  12396.119
125.45757  12692.807
124.45923  10966.477
123.4609  8852.1913
122.46256  7420.3005
121.46423  6604.6277
120.46589  6296.0276
119.46755  6269.5653
118.46922  6361.3639
117.47088  6487.6501
116.47255  6549.3503
115.47421  6445.7421
114.47587  6165.5355
113.47754  5882.3042
112.4792  5797.0188
111.48087  5771.6639
110.48253  5751.5912
109.48419  5857.6293
108.48586  5985.5277
107.48752  5963.0906
106.48918  5961.088
105.49085  6055.0255
104.49251  6043.8508
103.49418  6000.3781
102.49584  5921.4247
101.4975  5848.7884
100.49917  5757.6389
99.500832  5693.778
98.502496  5552.5178
97.50416  5542.208
96.505824  5633.0293
95.507488  5525.3867
94.509151  5524.8427
93.510815  5566.826
92.512479  5443.1041
91.514143  5242.507
90.515807  5232.148
89.517471  5449.4817
88.519135  5508.5055
87.520799  5231.4492
86.522463  5082.8937
85.524126  5445.1585
84.52579  5763.991
83.527454  6652.2802
82.529118  9017.1377
81.530782  11436.894
80.532446  11233.928
79.53411  8974.6929
78.535774  6608.752
77.537438  5200.3978
76.539101  4809.1568
75.540765  4761.9323
74.542429  4774.3165
73.544093  4955.2501
72.545757  5216.889
71.547421  5108.9446
70.549085  4776.1585
69.550749  4731.542
68.552413  4611.091
67.554077  4324.4278
66.55574  4238.1658
65.557404  4208.9274
64.559068  4234.5887
63.560732  4281.5242
62.562396  4308.0106
61.56406  4254.1539
60.565724  4262.4686
59.567388  4320.6511
58.569052  4277.8602
57.570715  4329.0377
56.572379  4325.7646
55.574043  4296.7017
54.575707  4296.0394
53.577371  4217.0258
52.579035  4240.1474
51.580699  4109.9126
50.582363  4155.9636
49.584027  4249.397
48.585691  4162.6454
47.587354  4048.087
46.589018  3971.497
45.590682  3982.1027
44.592346  4084.229
43.59401  4016.6431
42.595674  3989.0558
41.597338  4033.6119
40.599002  3979.6049
39.600666  3925.2017
38.602329  3939.2465
37.603993  4097.7406
36.605657  4197.0872
35.607321  4239.8204
34.608985  4227.0709
33.610649  4395.3203
32.612313  4625.369
31.613977  4817.7243
30.615641  5010.7718
29.617304  5052.2719
28.618968  4813.8284
27.620632  4553.4168
26.622296  4229.246
25.62396  3861.5844
24.625624  3724.4471
23.627288  3795.651
22.628952  3774.5542
21.630616  3735.298
20.63228  3795.6203
19.633943  3964.5446
18.635607  3991.1818
17.637271  3969.5698
16.638935  4034.8102
15.640599  4028.9134
14.642263  4095.2468
13.643927  4165.3514
12.645591  4110.7958
11.647255  4014.6335
10.648918  3905.4475
9.6505824  3749.6626
8.6522463  3750.8768
7.6539101  3833.7571
6.655574  3704.1797
5.6572379  3593.1711
4.6589018  3644.1636
3.6605657  3600.3993
2.6622296  3560.8136
1.6638935  3593.2558
0.6655574  3529.3647
-0.3327787  3527.0905
-1.3311148  3550.6038
-2.3294509  3633.117
-3.327787  3543.8644
-4.3261231  3529.5872
-5.3244592  3538.8003
-6.3227953  3526.742
-7.3211314  3633.9501
-8.3194676  3626.1896
-9.3178037  3596.5965
-10.31614  3626.7001
-11.314476  3621.2268
-12.312812  3812.9494
-13.311148  3682.0412
-14.309484  3597.3488
-15.30782  3684.1283
-16.306156  3701.7485
-17.304493  3659.7173
-18.302829  3559.7592
-19.301165  3507.396
-20.299501  3522.7302
-21.297837  3553.6237
-22.296173  3568.0206
-23.294509  3632.1239
-24.292845  3500.0255
-25.291181  3514.6367
-26.289517  3664.9178
-27.287854  3571.8645
-28.28619  3530.5225
-29.284526  3640.6219
-30.282862  3632.406
-31.281198  3647.7234
-32.279534  3707.4039
-33.27787  3860.3575
-34.276206  3893.4556
-35.274542  3997.6902
-36.272879  4195.8703
-37.271215  4105.1173
-38.269551  3987.8274
-39.267887  3701.1569
-40.266223  3628.3535
-41.264559  3574.1205
-42.262895  3560.1578
-43.261231  3573.1189
-44.259567  3576.2305
-45.257903  3633.7645
-46.25624  3565.526
-47.254576  3617.9764
-48.252912  3680.0419
-49.251248  3657.9825
-50.249584  3715.9976
-51.24792  3726.8794
-52.246256  3684.741
-53.244592  3653.1076
-54.242928  3577.3084
-55.241265  3508.1538
-56.239601  3539.3693
-57.237937  3554.4858
-58.236273  3477.1169
-59.234609  3517.3978
-60.232945  3487.8578
-61.231281  3421.7286
-62.229617  3326.0877
-63.227953  3386.8351
-64.22629  3502.2254
-65.224626  3368.8627
-66.222962  3295.6026
-67.221298  3385.0251
-68.219634  3319.1819
-69.21797  3293.2208
-70.216306  3545.9134
-71.214642  3826.2582
-72.212978  4247.3961
-73.211314  4788.3521
-74.209651  5146.8906
-75.207987  5159.9601
-76.206323  5015.6958
-77.204659  4557.4582
-78.202995  4034.9042
-79.201331  3734.0565
-80.199667  3539.6401
-81.198003  3401.4297
-82.196339  3255.2571
-83.194676  3191.1145
-84.193012  3297.5548
-85.191348  3294.3024
-86.189684  3343.0429
-87.18802  3347.939
-88.186356  3441.7281
-89.184692  3693.924
-90.183028  3821.6424
-91.181364  3911.0333
-92.1797  3692.9059
-93.178037  3413.2413
-94.176373  3329.2471
-95.174709  3306.4707
-96.173045  3401.2597
-97.171381  3463.8384
-98.169717  3511.3673
-99.168053  3486.5887
-100.16639  3562.6582
-101.16473  3603.9876
-102.16306  3633.6217
-103.1614  3564.6893
-104.15973  3530.2627
-105.15807  3457.3274
-106.15641  3310.9638
-107.15474  3237.9908
-108.15308  3230.5683
-109.15141  3128.3297
-110.14975  3076.7197
-111.14809  2961.3324
-112.14642  2773.8091
-113.14476  2596.9846
-114.14309  2551.4074
-115.14143  2517.9798
-116.13977  2477.6948
-117.1381  2444.3329
-118.13644  2591.5829
-119.13478  2886.1929
-120.13311  3175.3639
-121.13145  3278.6162
-122.12978  3417.7349
-123.12812  3935.7004
-124.12646  5438.8706
-125.12479  8014.1953
-126.12313  10294.198
-127.12146  10137.123
-128.1198  7638.8694
-129.11814  4983.1261
-130.11647  3263.7262
-131.11481  2393.5863
-132.11314  1909.993
-133.11148  1621.0782
-134.10982  1468.1784
-135.10815  1453.9661
-136.10649  1471.4195
-137.10483  1436.3962
-138.10316  1433.7584
-139.1015  1430.921
-140.09983  1413.7757
-141.09817  1352.3204
-142.09651  1364.1215
-143.09484  1385.3039
-144.09318  1326.4366
-145.09151  1334.6564
-146.08985  1320.8996
-147.08819  1326.4096
-148.08652  1310.3107
-149.08486  1372.9871
-150.08319  1401.4439
-151.08153  1261.7182
-152.07987  1239.5799
-153.0782  1260.9195
-154.07654  1281.0985
-155.07488  1312.758
-156.07321  1305.7561
-157.07155  1268.4667
-158.06988  1252.0417
-159.06822  1236.6561
-160.06656  1295.5381
-161.06489  1328.1131
-162.06323  1333.3596
-163.06156  1311.8146
-164.0599  1295.4137
-165.05824  1316.902
-166.05657  1320.5931
-167.05491  1362.7554
-168.05324  1383.2696
-169.05158  1442.3592
-170.04992  1367.1395
-171.04825  1277.4884
-172.04659  1300.6343
-173.04493  1378.2343
-174.04326  1383.3798
-175.0416  1303.353
-176.03993  1261.2213
-177.03827  1220.6182
-178.03661  1261.6723
-179.03494  1253.9071
-180.03328  1239.9433
-181.03161  1215.749
-182.02995  1232.4793
-183.02829  1266.4096
-184.02662  1249.1064
-185.02496  1225.0191
-186.02329  1198.1264
-187.02163  1217.49
-188.01997  1232.0106
-189.0183  1237.9304
-190.01664  1200.857
-191.01498  1145.5664
-192.01331  1238.0951
-193.01165  1240.6774
-194.00998  1169.1871
-195.00832  1211.992
-196.00666  1256.2771
-197.00499  1196.4415
-198.00333  1209.5248
-199.00166  1212.7068
-200  1155.2583

